Trial: ,51
Threshold: ,0.0
Maximum EMG: ,0.0
Success: ,True

EMG Time,Raw EMG,Filtered EMG,Force Time,Raw Force (V),Filtered Force (N)
0.0,samples,0.0,0.467,0.47600001096725464,-2.5632585534738417
0.46551699999999996,time,0.0,0.932,0.47200000286102295,-2.5720675856669453
0.9310339999999999,value,0.0,1.398,0.503000020980835,-2.5046114939421047
1.396552,,0.0,1.862,0.46799999475479126,-2.580930744895314
1.862069,,0.0,2.328,0.4880000054836273,-2.5374066391066044
2.327586,,0.0,2.795,0.4790000021457672,-2.55704415003213
2.793103,,0.0,3.26,0.4779999852180481,-2.559232115147781
3.258621,,0.0,3.721,0.4749999940395355,-2.5657567502030374
3.724138,,0.0,4.191,0.4860000014305115,-2.5417598722638624
4.189654999999999,,0.0,4.654,0.46000000834465027,-2.5983536149080075
4.655172,,0.0,5.117,0.46799999475479126,-2.5808560759924815
5.12069,,0.0,5.58,0.47200000286102295,-2.572058038432376
5.586207,,0.0,6.05,0.5,-2.5109591527538075
6.051723999999999,,0.0,6.515,0.492000013589859,-2.5282803793988027
6.517241,,0.0,6.979,0.44999998807907104,-2.6196685569303098
6.982759,,0.0,7.445,0.47600001096725464,-2.5629062363210986
7.448276,,0.0,7.91,0.46399998664855957,-2.5889342963539144
7.913793000000001,,0.0,8.376,0.46399998664855957,-2.5888238509258783
8.379309999999998,,0.0,8.839,0.47999998927116394,-2.5538638796419724
8.844828000000001,,0.0,9.305,0.4699999988079071,-2.5755605573413045
9.310345,,0.0,9.773,0.4690000116825104,-2.5776642273116215
9.775862,,0.0,10.231,0.46399998664855957,-2.5885002381864375
10.241379,,0.0,10.699,0.47200000286102295,-2.5710333720008633
10.706897,,0.0,11.161,0.5180000066757202,-2.470797753305407
11.172414,,0.0,11.625,0.48399999737739563,-2.544873450987427
11.637931,,0.0,12.094,0.4650000035762787,-2.5862896136684745
12.103447999999998,,0.0,12.56,0.47099998593330383,-2.5732605697009494
12.568966000000001,,0.0,13.024,0.4729999899864197,-2.56896596034839
13.034483,,0.0,13.49,0.43799999356269836,-2.6452998852520175
13.5,,0.0,13.955,0.453000009059906,-2.6127183484490035
13.965517,,0.0,14.42,0.4749999940395355,-2.5648999502033556
14.431034,,0.0,14.88,0.4790000021457672,-2.5563060351154916
14.896552,,0.0,15.346,0.4830000102519989,-2.5477164232246254
15.362069,,0.0,15.814,0.4790000021457672,-2.5565561342835075
15.827586000000002,,0.0,16.28,0.47699999809265137,-2.5610346737234244
16.293103,,0.0,16.743,0.46399998664855957,-2.589470943581955
16.758621,,0.0,17.205,0.47200000286102295,-2.5721447300926648
17.224138,,0.0,17.673,0.46000000834465027,-2.5983774875980257
17.689655,,0.0,18.135,0.4869999885559082,-2.5396257429961016
18.155172,,0.0,18.606,0.47600001096725464,-2.563642301561832
18.62069,,0.0,19.069,0.45500001311302185,-2.60942361039692
19.086207,,0.0,19.534,0.46799999475479126,-2.581108737320938
19.551724,,0.0,19.998,0.4650000035762787,-2.5876295822859174
20.017241000000002,,0.0,20.464,0.46399998664855957,-2.5897707539180694
20.482758999999998,,0.0,20.929,0.4869999885559082,-2.5396025431455156
20.948276,,0.0,21.394,0.4480000138282776,-2.6244903790919336
21.413793000000002,,0.0,21.861,0.47600001096725464,-2.563391509059236
21.87931,,0.0,22.32,0.4699999988079071,-2.5763522080400185
22.344828,,0.0,22.792,0.4309999942779541,-2.6611976542816618
22.810344999999998,,0.0,23.25,0.47200000286102295,-2.5717450643685122
23.275862,,0.0,23.718,0.4699999988079071,-2.5759715652599584
23.741379,,0.0,24.18,0.4860000014305115,-2.54098261389256
24.206897,,0.0,24.65,0.46399998664855957,-2.5887866058832407
24.672414,,0.0,25.113,0.47600001096725464,-2.5625250292235933
25.137931,,0.0,25.576,0.46700000762939453,-2.582027700486249
25.603448,,0.0,26.046,0.47099998593330383,-2.573224037602067
26.068966,,0.0,26.512,0.46399998664855957,-2.5884046835435766
26.534483,,0.0,26.977,0.46700000762939453,-2.581820557093702
27.0,,0.0,27.435,0.38499999046325684,-2.760446754067028
27.465517,,0.0,27.903,0.4690000116825104,-2.5774444977203688
27.931034,,0.0,28.368,0.47200000286102295,-2.5709385998714125
28.396552,,0.0,28.835,0.45899999141693115,-2.5993144723923054
28.862069,,0.0,29.301,0.4880000054836273,-2.5362086556961208
29.327586,,0.0,29.762,0.46700000762939453,-2.582054201588618
29.793103000000002,,0.0,30.231,0.4690000116825104,-2.5778069955933094
30.258620999999998,,0.0,30.692,0.49900001287460327,-2.512570158168452
30.724138,,0.0,31.162,0.47999998927116394,-2.5540951389107986
31.189655000000002,,0.0,31.624,0.48500001430511475,-2.543336431145435
31.655172000000004,,0.0,32.087,0.47200000286102295,-2.5717937891779736
32.12069,,0.0,32.553,0.47099998593330383,-2.5741039684387284
32.586207,,0.0,33.016,0.48399999737739563,-2.545905623018614
33.051724,,0.0,33.482,0.46399998664855957,-2.5895914920229504
33.517241000000006,,0.0,33.947,0.4790000021457672,-2.557010094024068
33.982759,,0.0,34.413,0.43799999356269836,-2.6464161777177684
34.448276,,0.0,34.881,0.48899999260902405,-2.535367354945829
34.913793,,0.0,35.346,0.4830000102519989,-2.548479332111525
35.37931,,0.0,35.806,0.47999998927116394,-2.555031302955268
35.844828,,0.0,36.272,0.46299999952316284,-2.5920601460993087
36.310345,,0.0,36.739,0.4740000069141388,-2.5680633497452536
36.775862,,0.0,37.202,0.49399998784065247,-2.5244357418801378
37.241378999999995,,0.0,37.665,0.48399999737739563,-2.546145378220875
37.706897000000005,,0.0,38.135,0.4909999966621399,-2.530798030257683
38.172414,,0.0,38.599,0.46399998664855957,-2.5895082163407888
38.637931,,0.0,39.061,0.4650000035762787,-2.58720397395146
39.103448,,0.0,39.526,0.47200000286102295,-2.571819900406007
39.568965999999996,,0.0,39.99,0.4779999852180481,-2.558610258049973
40.034483,,0.0,40.456,0.4749999940395355,-2.565008085639139
40.5,,0.0,40.92,0.4729999899864197,-2.5692312665192794
40.965517,,0.0,41.386,0.4269999861717224,-2.6693241105151344
41.431034,,0.0,41.851,0.47200000286102295,-2.5711736685284428
41.896552,,0.0,42.317,0.47600001096725464,-2.5623641579085437
42.362069000000005,,0.0,42.784,0.45100000500679016,-2.616754102191725
42.827586000000004,,0.0,43.25,0.46399998664855957,-2.588376861562554
43.293103,,0.0,43.71,0.47600001096725464,-2.562200960870432
43.758621,,0.0,44.18,0.47699999809265137,-2.560013214815247
44.224138,,0.0,44.643,0.47200000286102295,-2.5709202575991315
44.689655,,0.0,45.106,0.46799999475479126,-2.579671340578625
45.155172,,0.0,45.576,0.4869999885559082,-2.5383348467984175
45.620689999999996,,0.0,46.039,0.4690000116825104,-2.5776275514698845
46.086206999999995,,0.0,46.504,0.460999995470047,-2.595151179241175
46.551724,,0.0,46.969,0.492000013589859,-2.5277219096254346
47.017241,,0.0,47.434,0.460999995470047,-2.5953797262079292
47.482759,,0.0,47.898,0.46700000762939453,-2.582435061923324
47.948276,,0.0,48.364,0.46299999952316284,-2.5912811372133913
48.413793,,0.0,48.831,0.4950000047683716,-2.521695492063472
48.879310000000004,,0.0,49.29,0.46399998664855957,-2.589360001373344
49.344828,,0.0,49.758,0.4650000035762787,-2.587299636861152
49.810345,,0.0,50.221,0.47600001096725464,-2.5634416039904466
50.275862,,0.0,50.691,0.4620000123977661,-2.5940352769795307
50.741379,,0.0,51.154,0.47600001096725464,-2.5636095628869087
51.206897,,0.0,51.617,0.46399998664855957,-2.5898093123385886
51.672414,,0.0,52.08,0.4699999988079071,-2.5767722746943043
52.137931,,0.0,52.546,0.5289999842643738,-2.448243762856033
52.603448,,0.0,53.016,0.46399998664855957,-2.5898432193367027
53.068966,,0.0,53.481,0.47600001096725464,-2.563663756213313
53.534483,,0.0,53.947,0.47999998927116394,-2.5548926263251555
54.0,,0.0,54.405,0.4729999899864197,-2.5700672415900767
54.465517,,0.0,54.877,0.4959999918937683,-2.519865222862439
54.931034,,0.0,55.335,0.4790000021457672,-2.5567945438177526
55.396552,,0.0,55.802,0.46799999475479126,-2.5806412077810577
55.862069,,0.0,56.268,0.4729999899864197,-2.569623029890836
56.327586,,0.0,56.736,0.47600001096725464,-2.5629594875352555
56.793102999999995,,0.0,57.198,0.4749999940395355,-2.5650117531947036
57.258621000000005,,0.0,57.661,0.4659999907016754,-2.5844983164437334
57.724138,,0.0,58.132,0.4830000102519989,-2.5473487832594697
58.189655,,0.0,58.595,0.4729999899864197,-2.569034777815891
58.655172,,0.0,59.057,0.4399999976158142,-2.64084519604663
59.120689999999996,,0.0,59.523,0.48500001430511475,-2.5427395362295906
59.586207,,0.0,59.987,0.4749999940395355,-2.5644792005398576
60.051724,,0.0,60.453,0.4749999940395355,-2.5644526086389114
60.517241,,0.0,60.917,0.46399998664855957,-2.5884124368539196
60.982758999999994,,0.0,61.382,0.46399998664855957,-2.5884287150805245
61.448276,,0.0,61.847,0.4830000102519989,-2.5470713285918896
61.913793,,0.0,62.312,0.46000000834465027,-2.5972363393151188
62.379310000000004,,0.0,62.777,0.4970000088214874,-2.5166993426564876
62.84482800000001,,0.0,63.243,0.4659999907016754,-2.5843246898269285
63.310345000000005,,0.0,63.706,0.49799999594688416,-2.514706298697502
63.775862000000004,,0.0,64.176,0.4690000116825104,-2.5779935303396355
64.241379,,0.0,64.639,0.46700000762939453,-2.5824625561325454
64.706897,,0.0,65.102,0.46399998664855957,-2.5891128192691077
65.172414,,0.0,65.573,0.49000000953674316,-2.53258091978504
65.637931,,0.0,66.035,0.47099998593330383,-2.574083154435735
66.103448,,0.0,66.501,0.47200000286102295,-2.5720041597248473
66.56896599999999,,0.0,66.966,0.46700000762939453,-2.5829864489232124
67.03448300000001,,0.0,67.432,0.47600001096725464,-2.5634544671112702
67.5,,0.0,67.891,0.5009999871253967,-2.5090481340988253
67.965517,,0.0,68.356,0.47200000286102295,-2.5722705824173393
68.431034,,0.0,68.822,0.4950000047683716,-2.5221842829841936
68.896552,,0.0,69.287,0.47600001096725464,-2.5635818573942757
69.362069,,0.0,69.75,0.4699999988079071,-2.5766382432049584
69.827586,,0.0,70.22,0.46700000762939453,-2.5831412553406112
70.293103,,0.0,70.684,0.4650000035762787,-2.5874497992773193
70.75862099999999,,0.0,71.146,0.46700000762939453,-2.5830296817886724
71.22413800000001,,0.0,71.61,0.47200000286102295,-2.572061535690104
71.689655,,0.0,72.08,0.47099998593330383,-2.574155393461369
72.15517200000001,,0.0,72.545,0.46399998664855957,-2.5893138985106523
72.62069,,0.0,73.008,0.4659999907016754,-2.5848603799394034
73.086207,,0.0,73.474,0.44699999690055847,-2.626157582524354
73.551724,,0.0,73.939,0.46799999475479126,-2.5803110112811996
74.017241,,0.0,74.405,0.4909999966621399,-2.530111111986805
74.482759,,0.0,74.869,0.4749999940395355,-2.56488406285879
74.94827599999999,,0.0,75.335,0.46299999952316284,-2.5909506256045947
75.41379300000001,,0.0,75.799,0.4830000102519989,-2.547311053522629
75.87931,,0.0,76.265,0.492000013589859,-2.527648316317652
76.344828,,0.0,76.728,0.47600001096725464,-2.562464466498026
76.810345,,0.0,77.19,0.4729999899864197,-2.5689723753295945
77.275862,,0.0,77.659,0.45899999141693115,-2.5994608383807223
77.741379,,0.0,78.122,0.46299999952316284,-2.590749744465442
78.206897,,0.0,78.592,0.47200000286102295,-2.5711611992793126
78.67241399999999,,0.0,79.054,0.47200000286102295,-2.5711951117667846
79.137931,,0.0,79.52,0.4749999940395355,-2.5647063025079926
79.603448,,0.0,79.98,0.4699999988079071,-2.575658313158868
80.068966,,0.0,80.446,0.49000000953674316,-2.532153655785502
80.53448300000001,,0.0,80.911,0.48500001430511475,-2.543122188959157
81.0,,0.0,81.376,0.4699999988079071,-2.575882092776135
81.465517,,0.0,81.843,0.46399998664855957,-2.5890374618613556
81.931034,,0.0,82.308,0.4650000035762787,-2.5869436811056365
82.396552,,0.0,82.773,0.4880000054836273,-2.53691838756349
82.86206899999999,,0.0,83.239,0.46799999475479126,-2.5805709696765944
83.327586,,0.0,83.706,0.46399998664855957,-2.5893593334236336
83.79310299999999,,0.0,84.168,0.5009999871253967,-2.5088151088109405
84.258621,,0.0,84.636,0.47600001096725464,-2.5633365878214596
84.72413800000001,,0.0,85.098,0.47699999809265137,-2.5612016279836003
85.189655,,0.0,85.564,0.4659999907016754,-2.5851984400956365
85.65517200000001,,0.0,86.03,0.47200000286102295,-2.5721457866157973
86.12069,,0.0,86.496,0.46399998664855957,-2.5895817070339304
86.586207,,0.0,86.961,0.47600001096725464,-2.56343194853139
87.051724,,0.0,87.427,0.5149999856948853,-2.478445472018243
87.517241,,0.0,87.891,0.46799999475479126,-2.5808093652892907
87.98275899999999,,0.0,88.357,0.45500001311302185,-2.609088148142791
88.448276,,0.0,88.821,0.4659999907016754,-2.5850709666610303
88.913793,,0.0,89.286,0.4880000054836273,-2.537081069649806
89.37931,,0.0,89.747,0.4650000035762787,-2.58712404842073
89.844828,,0.0,90.21,0.46700000762939453,-2.582696674634694
90.310345,,0.0,90.68,0.4740000069141388,-2.5673741049847063
90.775862,,0.0,91.142,0.47699999809265137,-2.5607657621015516
91.241379,,0.0,91.61,0.48100000619888306,-2.551979927740541
91.706897,,0.0,92.073,0.46299999952316284,-2.5911275774785563
92.17241399999999,,0.0,92.538,0.4699999988079071,-2.5758143516886904
92.63793100000001,,0.0,93.001,0.4519999921321869,-2.6149747013037126
93.103448,,0.0,93.467,0.4830000102519989,-2.547389789328156
93.568966,,0.0,93.932,0.503000020980835,-2.5037784898641817
94.03448300000001,,0.0,94.398,0.46299999952316284,-2.5908949197612006
94.5,,0.0,94.861,0.4740000069141388,-2.5669104282791113
94.965517,,0.0,95.327,0.46399998664855957,-2.588688778690994
95.431034,,0.0,95.792,0.4779999852180481,-2.558190636148641
95.896552,,0.0,96.258,0.49000000953674316,-2.532060092904514
96.36206899999999,,0.0,96.721,0.4790000021457672,-2.556047946937032
96.827586,,0.0,97.191,0.4790000021457672,-2.5560795697548264
97.293103,,0.0,97.654,0.47200000286102295,-2.571370151690523
97.758621,,0.0,98.117,0.4659999907016754,-2.584489866360509
98.224138,,0.0,98.58,0.4729999899864197,-2.569293872686202
98.689655,,0.0,99.05,0.4740000069141388,-2.5671749340594823
99.155172,,0.0,99.515,0.4690000116825104,-2.5781315243375715
99.62069,,0.0,99.98,0.47200000286102295,-2.571661068308063
100.086207,,0.0,100.445,0.44999998807907104,-2.619657712098652
100.551724,,0.0,100.91,0.46799999475479126,-2.5805079337327252
101.017241,,0.0,101.376,0.48500001430511475,-2.5435340800670385
101.482759,,0.0,101.836,0.46399998664855957,-2.589344069528888
101.948276,,0.0,102.301,0.47200000286102295,-2.571966999185278
102.413793,,0.0,102.773,0.48100000619888306,-2.5524037271016455
102.87931,,0.0,103.231,0.47699999809265137,-2.5611537520532868
103.344828,,0.0,103.695,0.49000000953674316,-2.5328563388269303
103.810345,,0.0,104.165,0.4860000014305115,-2.5415846689805313
104.275862,,0.0,104.628,0.46399998664855957,-2.5895173622823324
104.741379,,0.0,105.091,0.47200000286102295,-2.572079911566011
105.206897,,0.0,105.556,0.49900001287460327,-2.5132374040118197
105.672414,,0.0,106.02,0.48500001430511475,-2.5437084397314575
106.13793100000001,,0.0,106.485,0.46399998664855957,-2.5894202543280764
106.603448,,0.0,106.954,0.4650000035762787,-2.5871940096895027
107.068966,,0.0,107.42,0.47600001096725464,-2.563175064379798
107.534483,,0.0,107.884,0.47200000286102295,-2.5718307403396476
108.0,,0.0,108.349,0.46299999952316284,-2.591376161211017
108.46551699999999,,0.0,108.814,0.4690000116825104,-2.5782402352411244
108.931034,,0.0,109.28,0.4790000021457672,-2.5563895718612906
109.396552,,0.0,109.743,0.45899999141693115,-2.599899704029701
109.862069,,0.0,110.205,0.4729999899864197,-2.5693389258956847
110.32758600000001,,0.0,110.673,0.46399998664855957,-2.5888917561350047
110.793103,,0.0,111.135,0.47099998593330383,-2.573592141906011
111.258621,,0.0,111.606,0.4650000035762787,-2.5866220662911714
111.724138,,0.0,112.068,0.4519999921321869,-2.614911054512381
112.189655,,0.0,112.534,0.47600001096725464,-2.5625993112234315
112.655172,,0.0,112.998,0.492000013589859,-2.5277256998602335
113.12069,,0.0,113.463,0.45899999141693115,-2.599614722787967
113.586207,,0.0,113.928,0.4620000123977661,-2.593082035792078
114.051724,,0.0,114.393,0.4659999907016754,-2.5843808552986283
114.51724100000001,,0.0,114.858,0.4740000069141388,-2.5669743237876266
114.982759,,0.0,115.324,0.47600001096725464,-2.5626480276116674
115.448276,,0.0,115.788,0.4729999899864197,-2.5692223888006267
115.913793,,0.0,116.254,0.48100000619888306,-2.5518378658757057
116.37931,,0.0,116.717,0.47600001096725464,-2.562780925598293
116.84482799999999,,0.0,117.186,0.4699999988079071,-2.5759067709833157
117.310345,,0.0,117.647,0.46299999952316284,-2.591214537332035
117.77586199999999,,0.0,118.117,0.45500001311302185,-2.608703417700859
118.241379,,0.0,118.58,0.46799999475479126,-2.580441997825325
118.70689700000001,,0.0,119.043,0.46399998664855957,-2.5892171135876447
119.172414,,0.0,119.508,0.47600001096725464,-2.563131475099774
119.63793100000001,,0.0,119.972,0.4860000014305115,-2.541398890797279
120.103448,,0.0,120.439,0.4650000035762787,-2.587198527403608
120.568966,,0.0,120.906,0.47200000286102295,-2.5719893718958207
121.034483,,0.0,121.371,0.47999998927116394,-2.554593902386224
121.5,,0.0,121.836,0.4699999988079071,-2.57640525723818
121.96551699999999,,0.0,122.302,0.4729999899864197,-2.5698849068715885
122.431034,,0.0,122.761,0.4749999940395355,-2.565533470298554
122.896552,,0.0,123.231,0.4790000021457672,-2.5568146062400907
123.362069,,0.0,123.694,0.45899999141693115,-2.6003734750578738
123.827586,,0.0,124.157,0.4749999940395355,-2.5654917106184256
124.293103,,0.0,124.625,0.47200000286102295,-2.5719953686159016
124.758621,,0.0,125.088,0.46399998664855957,-2.589384106402648
125.22413800000001,,0.0,125.553,0.47600001096725464,-2.5631926014795914
125.68965500000002,,0.0,126.016,0.46700000762939453,-2.582746589971137
126.15517200000001,,0.0,126.482,0.4659999907016754,-2.5848666071832773
126.62069000000001,,0.0,126.95,0.4830000102519989,-2.547767332425585
127.086207,,0.0,127.416,0.5400000214576721,-2.4235184009820063
127.55172400000001,,0.0,127.88,0.4740000069141388,-2.5672401390804414
128.017241,,0.0,128.346,0.4580000042915344,-2.6020297267724293
128.48275900000002,,0.0,128.806,0.46299999952316284,-2.5910716949745773
128.948276,,0.0,129.272,0.49000000953674316,-2.532188799112657
129.413793,,0.0,129.736,0.4819999933242798,-2.5495648843013408
129.87931,,0.0,130.205,0.4860000014305115,-2.5408046235468276
130.344828,,0.0,130.669,0.48899999260902405,-2.5342319152286694
130.81034499999998,,0.0,131.132,0.46700000762939453,-2.5821357067711053
131.275862,,0.0,131.595,0.4490000009536743,-2.6213373520851504
131.741379,,0.0,132.066,0.4650000035762787,-2.586478721155782
132.206897,,0.0,132.531,0.46700000762939453,-2.5821349032872822
132.67241399999997,,0.0,132.99,0.4429999887943268,-2.63444960508219
133.13793099999998,,0.0,133.455,0.4740000069141388,-2.566951752624789
133.60344800000001,,0.0,133.924,0.4429999887943268,-2.6345422738702586
134.06896600000002,,0.0,134.389,0.47600001096725464,-2.56270970736899
134.53448300000002,,0.0,134.854,0.49000000953674316,-2.532279362518098
135.0,,0.0,135.319,0.46399998664855957,-2.5890001709731503
135.465517,,0.0,135.784,0.4690000116825104,-2.5781863124734152
135.931034,,0.0,136.249,0.4659999907016754,-2.584803359475817
136.396552,,0.0,136.71,0.460999995470047,-2.59577699209282
136.862069,,0.0,137.18,0.4749999940395355,-2.56535323680497
137.327586,,0.0,137.643,0.4690000116825104,-2.57849671294323
137.793103,,0.0,138.105,0.46399998664855957,-2.5894537990445072
138.258621,,0.0,138.576,0.46399998664855957,-2.5895080847182856
138.724138,,0.0,139.039,0.4690000116825104,-2.5786578616186224
139.189655,,0.0,139.505,0.46000000834465027,-2.598296164137818
139.655172,,0.0,139.969,0.45899999141693115,-2.600491894905848
140.12069,,0.0,140.435,0.46799999475479126,-2.5808870512301363
140.586207,,0.0,140.895,0.45500001311302185,-2.6091980756392537
141.05172399999998,,0.0,141.36,0.46399998664855957,-2.5895648273934007
141.51724099999998,,0.0,141.832,0.4449999928474426,-2.6309204154648866
141.982759,,0.0,142.29,0.47999998927116394,-2.5546165205778606
142.44827600000002,,0.0,142.758,0.47600001096725464,-2.5632678754002263
142.913793,,0.0,143.221,0.47699999809265137,-2.5610152184084605
143.37931,,0.0,143.692,0.4830000102519989,-2.5478604196312187
143.844828,,0.0,144.155,0.4830000102519989,-2.547770858826977
144.310345,,0.0,144.618,0.503000020980835,-2.504103791489075
144.77586200000002,,0.0,145.08,0.4650000035762787,-2.586796796820503
145.241379,,0.0,145.546,0.46000000834465027,-2.5975968476414484
145.706897,,0.0,146.016,0.46299999952316284,-2.590974086830263
146.172414,,0.0,146.481,0.45899999141693115,-2.599611094623787
146.637931,,0.0,146.947,0.4729999899864197,-2.5690440035373747
147.103448,,0.0,147.405,0.45899999141693115,-2.5994926992102565
147.568966,,0.0,147.876,0.4950000047683716,-2.5210239034103643
148.034483,,0.0,148.342,0.4749999940395355,-2.5645751554101768
148.5,,0.0,148.806,0.4560000002384186,-2.605964691935482
148.965517,,0.0,149.265,0.4749999940395355,-2.564583678451865
149.43103399999998,,0.0,149.735,0.4699999988079071,-2.5755078801507274
149.89655199999999,,0.0,150.198,0.46000000834465027,-2.59734226029299
150.362069,,0.0,150.661,0.46399998664855957,-2.588691676836412
150.82758600000003,,0.0,151.131,0.46399998664855957,-2.5887699276463247
151.293103,,0.0,151.595,0.4659999907016754,-2.5845027480771607
151.758621,,0.0,152.057,0.47999998927116394,-2.5541006237411272
152.224138,,0.0,152.523,0.46399998664855957,-2.5890635354003675
152.68965500000002,,0.0,152.987,0.4830000102519989,-2.547775985615862
153.155172,,0.0,153.453,0.49000000953674316,-2.532630737836432
153.62069,,0.0,153.921,0.46700000762939453,-2.5828399559755253
154.086207,,0.0,154.386,0.4830000102519989,-2.5480741218766667
154.551724,,0.0,154.851,0.4729999899864197,-2.5699425974512664
155.017241,,0.0,155.31,0.4729999899864197,-2.5700113845830237
155.482759,,0.0,155.777,0.4690000116825104,-2.5787796132537926
155.948276,,0.0,156.243,0.46700000762939453,-2.583173904727221
156.413793,,0.0,156.706,0.47999998927116394,-2.5548704185697995
156.87931,,0.0,157.176,0.4650000035762787,-2.587550060131786
157.34482799999998,,0.0,157.639,0.4819999933242798,-2.550493836520188
157.81034499999998,,0.0,158.102,0.46399998664855957,-2.589671591945983
158.275862,,0.0,158.568,0.4620000123977661,-2.5939735508609347
158.741379,,0.0,159.031,0.4880000054836273,-2.537257528232844
159.20689700000003,,0.0,159.497,0.5370000004768372,-2.4304168819030885
159.672414,,0.0,159.962,0.593999981880188,-2.3061305921567308
160.137931,,0.0,160.427,0.45899999141693115,-2.6001311559487825
160.60344800000001,,0.0,160.892,0.45399999618530273,-2.610901526167599
161.06896600000002,,0.0,161.357,0.4699999988079071,-2.5759209731517196
161.534483,,0.0,161.824,0.4880000054836273,-2.53658703325454
162.0,,0.0,162.29,0.32199999690055847,-2.898134551828128
162.465517,,0.0,162.754,0.4659999907016754,-2.5843174632598593
162.931034,,0.0,163.216,0.46799999475479126,-2.5798857192967195
163.396552,,0.0,163.684,0.47600001096725464,-2.562398498656984
163.862069,,0.0,164.146,0.46299999952316284,-2.590680970509072
164.327586,,0.0,164.614,0.46700000762939453,-2.5819456956516484
164.793103,,0.0,165.076,0.3889999985694885,-2.7518810327822836
165.258621,,0.0,165.541,0.4779999852180481,-2.55800420475047
165.72413799999998,,0.0,166.012,0.5540000200271606,-2.392467638775426
166.189655,,0.0,166.47,0.47200000286102295,-2.5711711549319602
166.655172,,0.0,166.936,0.45899999141693115,-2.5995612668557864
167.12069,,0.0,167.402,0.4869999885559082,-2.5386394264627214
167.58620699999997,,0.0,167.869,0.46299999952316284,-2.5910170705064877
168.051724,,0.0,168.334,0.4729999899864197,-2.569327788356839
168.517241,,0.0,168.799,0.4620000123977661,-2.593394433063682
168.98275900000002,,0.0,169.264,0.4729999899864197,-2.569532146589804
169.44827600000002,,0.0,169.725,0.46399998664855957,-2.5892408823506283
169.913793,,0.0,170.194,0.4650000035762787,-2.5871582210281665
170.37931,,0.0,170.658,0.49300000071525574,-2.5262439418489877
170.844828,,0.0,171.12,0.46700000762939453,-2.5829653933849746
171.310345,,0.0,171.591,0.47999998927116394,-2.554706274804222
171.775862,,0.0,172.054,0.4180000126361847,-2.6898318504573617
172.241379,,0.0,172.519,0.4830000102519989,-2.5482546422442214
172.706897,,0.0,172.987,0.46000000834465027,-2.598382408280093
173.172414,,0.0,173.445,0.47999998927116394,-2.5548109583834493
173.637931,,0.0,173.911,0.4830000102519989,-2.548258832866211
174.103448,,0.0,174.377,0.48500001430511475,-2.5438678810670883
174.568966,,0.0,174.844,0.4729999899864197,-2.5699618558661603
175.034483,,0.0,175.309,0.4749999940395355,-2.5655405348327553
175.5,,0.0,175.776,0.46700000762939453,-2.5828939776766204
175.96551699999998,,0.0,176.235,0.4740000069141388,-2.5675586170655165
176.43103399999998,,0.0,176.703,0.4880000054836273,-2.536965979175929
176.896552,,0.0,177.165,0.47200000286102295,-2.571728655918655
177.36206900000002,,0.0,177.636,0.4740000069141388,-2.567274805500346
177.827586,,0.0,178.098,0.4620000123977661,-2.5933247053372726
178.293103,,0.0,178.564,0.46299999952316284,-2.591058182879425
178.758621,,0.0,179.029,0.4740000069141388,-2.5670137697159556
179.224138,,0.0,179.494,0.4790000021457672,-2.5560517725016045
179.68965500000002,,0.0,179.961,0.4659999907016754,-2.5843178360068966
180.155172,,0.0,180.42,0.46700000762939453,-2.5820970912502963
180.62069,,0.0,180.885,0.4009999930858612,-2.725862828990596
181.086207,,0.0,181.35,0.4650000035762787,-2.586422820404136
181.551724,,0.0,181.817,0.46399998664855957,-2.5886125108905027
182.01724099999998,,0.0,182.283,0.4569999873638153,-2.603889744903025
182.482759,,0.0,182.751,0.4729999899864197,-2.5690724863248735
182.948276,,0.0,183.213,0.47200000286102295,-2.57130456951728
183.413793,,0.0,183.68,0.48100000619888306,-2.551760055360151
183.87931,,0.0,184.142,0.4690000116825104,-2.577974673158943
184.34482799999998,,0.0,184.61,0.46399998664855957,-2.588944241394225
184.81034499999998,,0.0,185.072,0.47699999809265137,-2.5607010854387036
185.27586200000002,,0.0,185.538,0.4690000116825104,-2.578209769819052
185.74137900000002,,0.0,186.001,0.4880000054836273,-2.5368923580755585
186.206897,,0.0,186.466,0.46399998664855957,-2.58925181060261
186.672414,,0.0,186.932,0.4880000054836273,-2.5370289145200973
187.137931,,0.0,187.398,0.46700000762939453,-2.5828362948713086
187.60344800000001,,0.0,187.865,0.46799999475479126,-2.580703302700201
188.06896600000002,,0.0,188.331,0.4740000069141388,-2.567666037811292
188.534483,,0.0,188.795,0.460999995470047,-2.5960114756926997
189.0,,0.0,189.261,0.46399998664855957,-2.5894868317865805
189.465517,,0.0,189.721,0.47999998927116394,-2.5546279155182834
189.931034,,0.0,190.191,0.47600001096725464,-2.5633299723011125
190.39655199999999,,0.0,190.654,0.46399998664855957,-2.5894502196224876
190.862069,,0.0,191.117,0.4650000035762787,-2.587238464126694
191.327586,,0.0,191.58,0.4749999940395355,-2.5654108352742253
191.793103,,0.0,192.05,0.46399998664855957,-2.5893281501664145
192.25862099999998,,0.0,192.516,0.49000000953674316,-2.532630175941441
192.72413799999998,,0.0,192.981,0.47699999809265137,-2.5608957291067664
193.189655,,0.0,193.446,0.46799999475479126,-2.580444902066194
193.655172,,0.0,193.906,0.4869999885559082,-2.5389922982768143
194.12069000000002,,0.0,194.371,0.453000009059906,-2.6130103982558994
194.586207,,0.0,194.836,0.4740000069141388,-2.5672074380960614
195.051724,,0.0,195.302,0.48500001430511475,-2.5431966937837487
195.517241,,0.0,195.769,0.492000013589859,-2.527906629822943
195.98275900000002,,0.0,196.235,0.40299999713897705,-2.7217752163210545
196.448276,,0.0,196.699,0.5289999842643738,-2.4472440455376527
196.913793,,0.0,197.161,0.4659999907016754,-2.5844858314776507
197.37931,,0.0,197.632,0.48100000619888306,-2.5518010181613717
197.844828,,0.0,198.094,0.4399999976158142,-2.641129856620704
198.310345,,0.0,198.56,0.47699999809265137,-2.5605333236497985
198.775862,,0.0,199.024,0.4729999899864197,-2.5692693431026106
199.241379,,0.0,199.49,0.4749999940395355,-2.564939695339039
199.706897,,0.0,199.95,0.4620000123977661,-2.5932950022135137
200.172414,,0.0,200.415,0.4869999885559082,-2.5388655771647004
200.63793099999998,,0.0,200.88,0.44600000977516174,-2.628229367189228
201.103448,,0.0,201.346,0.48100000619888306,-2.552017258279618
201.568966,,0.0,201.81,0.47600001096725464,-2.5629505603138916
202.034483,,0.0,202.275,0.47999998927116394,-2.554273596510691
202.5,,0.0,202.743,0.4690000116825104,-2.578272708592434
202.965517,,0.0,203.205,0.4749999940395355,-2.565230487904363
203.431034,,0.0,203.673,0.503000020980835,-2.504252136409214
203.896552,,0.0,204.135,0.460999995470047,-2.5957726649618627
204.36206900000002,,0.0,204.603,0.4790000021457672,-2.5565679429778845
204.827586,,0.0,205.065,0.4690000116825104,-2.578359471516053
205.293103,,0.0,205.531,0.47699999809265137,-2.5609295670777485
205.758621,,0.0,205.997,0.4620000123977661,-2.5936033598879913
206.224138,,0.0,206.462,0.46299999952316284,-2.591414676693887
206.689655,,0.0,206.929,0.42800000309944153,-2.6676548363163475
207.155172,,0.0,207.394,0.4779999852180481,-2.558708507661419
207.62069,,0.0,207.861,0.4659999907016754,-2.5848368055576234
208.086207,,0.0,208.327,0.46700000762939453,-2.582641322114663
208.551724,,0.0,208.791,0.47699999809265137,-2.5608374975486923
209.01724099999998,,0.0,209.257,0.46799999475479126,-2.5804279438678326
209.482759,,0.0,209.717,0.46399998664855957,-2.58912600812698
209.948276,,0.0,210.187,0.46299999952316284,-2.5912898632095382
210.413793,,0.0,210.65,0.47200000286102295,-2.571669442245208
210.87930999999998,,0.0,211.113,0.46399998664855957,-2.5890884568693187
211.344828,,0.0,211.576,0.5249999761581421,-2.456182202100161
211.810345,,0.0,212.046,0.47999998927116394,-2.5542130831064638
212.27586200000002,,0.0,212.505,0.47699999809265137,-2.5607417867764646
212.741379,,0.0,212.97,0.4880000054836273,-2.5367713148417614
213.206897,,0.0,213.435,0.4659999907016754,-2.5846982890382515
213.672414,,0.0,213.903,0.46399998664855957,-2.589054811011572
214.137931,,0.0,214.368,0.4650000035762787,-2.5868781833090475
214.60344800000001,,0.0,214.832,0.47699999809265137,-2.560738779084057
215.068966,,0.0,215.297,0.4830000102519989,-2.5476725712997808
215.534483,,0.0,215.769,0.4869999885559082,-2.538964115044907
216.0,,0.0,216.228,0.4699999988079071,-2.5760072345014766
216.465517,,0.0,216.691,0.46399998664855957,-2.5890855508539214
216.93103399999998,,0.0,217.161,0.46399998664855957,-2.5890923911220733
217.39655199999999,,0.0,217.621,0.47200000286102295,-2.5716700189206705
217.862069,,0.0,218.091,0.4749999940395355,-2.5651402307663753
218.327586,,0.0,218.556,0.4779999852180481,-2.558609080910778
218.793103,,0.0,219.02,0.46799999475479126,-2.5803987449185124
219.25862099999998,,0.0,219.486,0.4740000069141388,-2.5673284852974536
219.724138,,0.0,219.95,0.46299999952316284,-2.591293881782982
220.18965500000002,,0.0,220.416,0.48899999260902405,-2.5346476639677373
220.65517200000002,,0.0,220.881,0.4749999940395355,-2.565145410872935
221.12069,,0.0,221.347,0.46299999952316284,-2.591284348339308
221.586207,,0.0,221.806,0.4650000035762787,-2.5869216807243283
222.051724,,0.0,222.272,0.4749999940395355,-2.5651296376839112
222.517241,,0.0,222.74,0.46700000762939453,-2.5825531224635387
222.98275900000002,,0.0,223.203,0.47699999809265137,-2.5607611707166003
223.448276,,0.0,223.665,0.4659999907016754,-2.584721415436651
223.913793,,0.0,224.135,0.4429999887943268,-2.6348270321252083
224.37931,,0.0,224.598,0.46000000834465027,-2.5977892734012302
224.844828,,0.0,225.061,0.45899999141693115,-2.599969904382363
225.31034499999998,,0.0,225.527,0.46399998664855957,-2.5890809032264137
225.775862,,0.0,225.99,0.4699999988079071,-2.576015152563099
226.241379,,0.0,226.456,0.45899999141693115,-2.59998813823927
226.706897,,0.0,226.92,0.4650000035762787,-2.586925636218869
227.172414,,0.0,227.386,0.46000000834465027,-2.5978296206683535
227.63793099999998,,0.0,227.85,0.4779999852180481,-2.558625384174692
228.103448,,0.0,228.316,0.4690000116825104,-2.5782443448646823
228.56896600000002,,0.0,228.78,0.4819999933242798,-2.5499321838229454
229.03448300000002,,0.0,229.246,0.46299999952316284,-2.5913354047304327
229.5,,0.0,229.71,0.46700000762939453,-2.5826283425806236
229.965517,,0.0,230.179,0.47699999809265137,-2.560847733370377
230.431034,,0.0,230.643,0.4690000116825104,-2.5782804589009847
230.896552,,0.0,231.106,0.48100000619888306,-2.5521375968897226
231.362069,,0.0,231.577,0.46399998664855957,-2.589172835535566
231.827586,,0.0,232.039,0.4779999852180481,-2.558667272713495
232.293103,,0.0,232.505,0.4699999988079071,-2.5760893414631743
232.758621,,0.0,232.969,0.45500001311302185,-2.608759826635427
233.224138,,0.0,233.435,0.46000000834465027,-2.5978561116256325
233.689655,,0.0,233.895,0.4749999940395355,-2.5651647706094383
234.155172,,0.0,234.36,0.4779999852180481,-2.558615672766035
234.62069,,0.0,234.825,0.4580000042915344,-2.6021742917683572
235.086207,,0.0,235.291,0.4729999899864197,-2.5694799764884
235.55172399999998,,0.0,235.761,0.46799999475479126,-2.5803587100669163
236.01724099999998,,0.0,236.224,0.46000000834465027,-2.5977740276946406
236.482759,,0.0,236.692,0.46000000834465027,-2.597761713350816
236.94827600000002,,0.0,237.154,0.4729999899864197,-2.5694288738671602
237.413793,,0.0,237.617,0.4620000123977661,-2.5933854995555015
237.87931,,0.0,238.08,0.46799999475479126,-2.5803075256662855
238.344828,,0.0,238.546,0.4749999940395355,-2.56505331848773
238.810345,,0.0,239.016,0.4659999907016754,-2.584659933619484
239.27586200000002,,0.0,239.481,0.4690000116825104,-2.5781253980731806
239.741379,,0.0,239.94,0.45500001311302185,-2.608630986568742
240.206897,,0.0,240.406,0.44999998807907104,-2.619532323774281
240.672414,,0.0,240.873,0.4749999940395355,-2.565077424257188
241.137931,,0.0,241.338,0.45399999618530273,-2.6108429190389493
241.603448,,0.0,241.803,0.46399998664855957,-2.589072530777899
242.068966,,0.0,242.269,0.46799999475479126,-2.5803756390631127
242.534483,,0.0,242.732,0.4690000116825104,-2.578215370466987
243.0,,0.0,243.201,0.46000000834465027,-2.5978417711477686
243.465517,,0.0,243.665,0.4880000054836273,-2.536857448961181
243.93103399999998,,0.0,244.127,0.4620000123977661,-2.5935184687495463
244.39655199999999,,0.0,244.595,0.4560000002384186,-2.606604872993564
244.862069,,0.0,245.058,0.4690000116825104,-2.5782951992600567
245.327586,,0.0,245.524,0.45899999141693115,-2.6000922036700147
245.793103,,0.0,245.987,0.4699999988079071,-2.5761347354773982
246.258621,,0.0,246.453,0.4819999933242798,-2.54999512355337
246.724138,,0.0,246.92,0.46299999952316284,-2.591389617003144
247.18965500000002,,0.0,247.386,0.4699999988079071,-2.576135576442828
247.655172,,0.0,247.85,0.5789999961853027,-2.3386538095770946
248.12069,,0.0,248.316,0.46700000762939453,-2.5826462214057146
248.586207,,0.0,248.781,0.46399998664855957,-2.5891615672166544
249.051724,,0.0,249.247,0.4729999899864197,-2.569531631172188
249.517241,,0.0,249.71,0.47200000286102295,-2.5716874041283613
249.982759,,0.0,250.172,0.46399998664855957,-2.589093993539828
250.44827600000002,,0.0,250.64,0.4729999899864197,-2.569464791156228
250.913793,,0.0,251.102,0.48899999260902405,-2.534586712081103
251.37931000000003,,0.0,251.573,0.4779999852180481,-2.5585340845435716
251.844828,,0.0,252.035,0.47999998927116394,-2.5541616941148875
252.31034499999998,,0.0,252.501,0.4749999940395355,-2.5650434015213275
252.77586200000002,,0.0,252.966,0.46399998664855957,-2.589001432195257
253.241379,,0.0,253.432,0.47699999809265137,-2.5606768173132117
253.706897,,0.0,253.891,0.46299999952316284,-2.5911808208168168
254.172414,,0.0,254.357,0.4659999907016754,-2.5846529993793794
254.63793099999998,,0.0,254.822,0.4410000145435333,-2.639132769265255
255.10344800000001,,0.0,255.287,0.4830000102519989,-2.547648111762366
255.56896600000002,,0.0,255.75,0.46000000834465027,-2.5977791923566778
256.03448299999997,,0.0,256.22,0.4779999852180481,-2.5585880291441123
256.5,,0.0,256.682,0.4740000069141388,-2.5673281560194616
256.965517,,0.0,257.152,0.46700000762939453,-2.5826042173434014
257.431034,,0.0,257.613,0.46399998664855957,-2.5891649500773903
257.896552,,0.0,258.076,0.503000020980835,-2.50421993560993
258.362069,,0.0,258.541,0.46000000834465027,-2.597920300512031
258.827586,,0.0,259.012,0.47699999809265137,-2.5608974668054763
259.29310300000003,,0.0,259.47,0.4560000002384186,-2.606658926134666
259.758621,,0.0,259.938,0.4620000123977661,-2.593592326790235
260.224138,,0.0,260.404,0.4740000069141388,-2.5674489571612096
260.689655,,0.0,260.869,0.46399998664855957,-2.5892304475380556
261.155172,,0.0,261.334,0.4790000021457672,-2.5565400873983077
261.62068999999997,,0.0,261.799,0.4779999852180481,-2.558702557694751
262.086207,,0.0,262.264,0.46799999475479126,-2.580467636290642
262.551724,,0.0,262.725,0.46000000834465027,-2.597871504277052
263.017241,,0.0,263.195,0.4129999876022339,-2.700241126607903
263.482759,,0.0,263.659,0.48399999737739563,-2.5455299647575265
263.94827599999996,,0.0,264.121,0.48100000619888306,-2.552037965682589
264.413793,,0.0,264.591,0.4819999933242798,-2.5498303013487273
264.87931,,0.0,265.054,0.48399999737739563,-2.545443912799447
265.34482799999995,,0.0,265.52,0.4690000116825104,-2.5780958431053604
265.810345,,0.0,265.984,0.48899999260902405,-2.5344977366760064
266.27586199999996,,0.0,266.449,0.4950000047683716,-2.5214037985797932
266.741379,,0.0,266.914,0.3659999966621399,-2.8024335596061563
267.206897,,0.0,267.38,0.47600001096725464,-2.5627755983073888
267.672414,,0.0,267.847,0.46000000834465027,-2.5976360007826704
268.137931,,0.0,268.305,0.4650000035762787,-2.5867518299130867
268.603448,,0.0,268.773,0.47200000286102295,-2.5715172109271482
269.06896600000005,,0.0,269.239,0.46299999952316284,-2.591147225228675
269.53448299999997,,0.0,269.706,0.4690000116825104,-2.5781031353368493
270.0,,0.0,270.168,0.46399998664855957,-2.5890290909853158
270.465517,,0.0,270.636,0.46399998664855957,-2.589065568821688
270.931034,,0.0,271.098,0.4620000123977661,-2.59346200644995
271.396552,,0.0,271.564,0.46399998664855957,-2.589145350048517
271.86206899999996,,0.0,272.029,0.4779999852180481,-2.5586844947927965
272.327586,,0.0,272.495,0.4519999921321869,-2.6153676991842154
272.793103,,0.0,272.955,0.46399998664855957,-2.5892594322831646
273.258621,,0.0,273.42,0.4399999976158142,-2.6415788022651863
273.724138,,0.0,273.887,0.46399998664855957,-2.5893183064065117
274.18965499999996,,0.0,274.353,0.4440000057220459,-2.6329123302530757
274.655172,,0.0,274.818,0.47600001096725464,-2.5632093554812285
275.12069,,0.0,275.283,0.453000009059906,-2.6133236824584474
275.586207,,0.0,275.746,0.46299999952316284,-2.5915337764848307
276.051724,,0.0,276.216,0.4779999852180481,-2.558841413135674
276.517241,,0.0,276.677,0.47600001096725464,-2.563176228338185
276.98275900000004,,0.0,277.146,0.49000000953674316,-2.5326430140148473
277.448276,,0.0,277.61,0.48500001430511475,-2.5434949600411874
277.913793,,0.0,278.072,0.4699999988079071,-2.5761258084009815
278.37931,,0.0,278.538,0.46000000834465027,-2.597858219935673
278.844828,,0.0,279.001,0.46799999475479126,-2.5803722516065766
279.31034500000004,,0.0,279.467,0.4869999885559082,-2.538919938044906
279.77586199999996,,0.0,279.932,0.4620000123977661,-2.593328660719629
280.241379,,0.0,280.398,0.45100000500679016,-2.617239835201306
280.706897,,0.0,280.865,0.460999995470047,-2.595405612583102
281.172414,,0.0,281.331,0.48100000619888306,-2.551792410419228
281.637931,,0.0,281.796,0.49000000953674316,-2.532152448176494
282.10344799999996,,0.0,282.261,0.46399998664855957,-2.5887745153675774
282.568966,,0.0,282.724,0.46799999475479126,-2.5800481284467334
283.034483,,0.0,283.187,0.4659999907016754,-2.5844058738747098
283.5,,0.0,283.65,0.4650000035762787,-2.5865974841901096
283.965517,,0.0,284.121,0.46399998664855957,-2.5888016791161124
284.431034,,0.0,284.584,0.4699999988079071,-2.5757671484367064
284.89655200000004,,0.0,285.046,0.46299999952316284,-2.5910658675664138
285.362069,,0.0,285.512,0.4699999988079071,-2.575872871220145
285.827586,,0.0,285.977,0.47699999809265137,-2.560687183663114
286.293103,,0.0,286.442,0.4729999899864197,-2.5694715487916064
286.758621,,0.0,286.91,0.48500001430511475,-2.543399839550937
287.22413800000004,,0.0,287.376,0.4729999899864197,-2.569615626506264
287.689655,,0.0,287.84,0.46299999952316284,-2.591471802985848
288.155172,,0.0,288.306,0.49300000071525574,-2.5261773976008857
288.62069,,0.0,288.773,0.4699999988079071,-2.576343953522512
289.086207,,0.0,289.231,0.4699999988079071,-2.576392315361999
289.55172400000004,,0.0,289.695,0.4729999899864197,-2.569894040143132
290.01724099999996,,0.0,290.164,0.4620000123977661,-2.5938846671452995
290.482759,,0.0,290.625,0.47999998927116394,-2.5546813326664464
290.948276,,0.0,291.095,0.47600001096725464,-2.563393842699136
291.413793,,0.0,291.561,0.44999998807907104,-2.620022445576819
291.87931,,0.0,292.024,0.5709999799728394,-2.356374305097813
292.344828,,0.0,292.49,0.4740000069141388,-2.567654903054396
292.81034500000004,,0.0,292.954,0.47600001096725464,-2.5632353188368224
293.275862,,0.0,293.419,0.46299999952316284,-2.591485504606644
293.74137900000005,,0.0,293.884,0.46299999952316284,-2.5914060067630866
294.206897,,0.0,294.35,0.48399999737739563,-2.5455701026603044
294.672414,,0.0,294.817,0.4659999907016754,-2.584699074648099
295.13793100000004,,0.0,295.275,0.45100000500679016,-2.6172930451511913
295.603448,,0.0,295.743,0.4819999933242798,-2.5496733895798425
296.068966,,0.0,296.205,0.4519999921321869,-2.614957925009888
296.534483,,0.0,296.673,0.45100000500679016,-2.6170713160989143
297.0,,0.0,297.136,0.46700000762939453,-2.5821599291668833
297.46551700000003,,0.0,297.606,0.4620000123977661,-2.5930137340750337
297.931034,,0.0,298.068,0.4790000021457672,-2.5559517876915248
298.396552,,0.0,298.534,0.4830000102519989,-2.5472270254752476
298.862069,,0.0,298.998,0.47999998927116394,-2.553767685937587
299.327586,,0.0,299.464,0.4860000014305115,-2.5407151601724696
299.79310300000003,,0.0,299.929,0.4749999940395355,-2.564714018655525
300.258621,,0.0,300.394,0.45899999141693115,-2.59962010926553
300.724138,,0.0,300.862,0.4779999852180481,-2.5582865673348367
301.189655,,0.0,301.32,0.4860000014305115,-2.540928836311985
301.65517200000005,,0.0,301.787,0.4729999899864197,-2.5693309449310626
302.12069,,0.0,302.253,0.4690000116825104,-2.5781312646380994
302.586207,,0.0,302.717,0.4620000123977661,-2.593471579393437
303.05172400000004,,0.0,303.187,0.43799999356269836,-2.6458509434427366
303.517241,,0.0,303.647,0.515999972820282,-2.4760066873228164
303.982759,,0.0,304.117,0.46399998664855957,-2.589380912690148
304.448276,,0.0,304.58,0.4690000116825104,-2.578563883783253
304.913793,,0.0,305.043,0.4819999933242798,-2.5503075483214888
305.37931000000003,,0.0,305.509,0.4620000123977661,-2.593933915520108
305.844828,,0.0,305.973,0.46399998664855957,-2.5896160773701626
306.310345,,0.0,306.439,0.47999998927116394,-2.5547816405650523
306.775862,,0.0,306.906,0.46700000762939453,-2.5831111985678614
307.241379,,0.0,307.371,0.4620000123977661,-2.5939946416151
307.70689699999997,,0.0,307.836,0.46799999475479126,-2.5808964575122646
308.172414,,0.0,308.295,0.4569999873638153,-2.6048194422642013
308.637931,,0.0,308.769,0.4309999942779541,-2.661408182592842
309.103448,,0.0,309.228,0.47600001096725464,-2.563300721187316
309.568966,,0.0,309.691,0.47600001096725464,-2.563221124798131
310.034483,,0.0,310.161,0.46399998664855957,-2.589275641119491
310.5,,0.0,310.625,0.47600001096725464,-2.5630355873509405
310.96551700000003,,0.0,311.087,0.47200000286102295,-2.5716498487401296
311.431034,,0.0,311.553,0.4650000035762787,-2.5867990254184474
311.896552,,0.0,312.015,0.4830000102519989,-2.54748410750315
312.362069,,0.0,312.481,0.43799999356269836,-2.645429742422269
312.827586,,0.0,312.947,0.46799999475479126,-2.5799860524472233
313.29310300000003,,0.0,313.412,0.45899999141693115,-2.5995217377338986
313.758621,,0.0,313.876,0.4659999907016754,-2.5842131141729032
314.224138,,0.0,314.342,0.46700000762939453,-2.581992300624497
314.689655,,0.0,314.809,0.46399998664855957,-2.588503514567476
315.155172,,0.0,315.275,0.4650000035762787,-2.586318458931795
315.62068999999997,,0.0,315.736,0.4690000116825104,-2.5776162551134636
316.086207,,0.0,316.205,0.46399998664855957,-2.5885405207543757
316.551724,,0.0,316.669,0.49399998784065247,-2.523229385322871
317.017241,,0.0,317.131,0.46399998664855957,-2.5886528625173844
317.482759,,0.0,317.599,0.46299999952316284,-2.5909099796723836
317.94827599999996,,0.0,318.061,0.4580000042915344,-2.6018947051647587
318.413793,,0.0,318.527,0.47099998593330383,-2.5736741130924603
318.87931000000003,,0.0,318.991,0.4749999940395355,-2.565068154999781
319.344828,,0.0,319.456,0.4650000035762787,-2.5869666740977006
319.810345,,0.0,319.92,0.45899999141693115,-2.6001510532535312
320.275862,,0.0,320.386,0.4819999933242798,-2.5501515120352134
320.741379,,0.0,320.851,0.46399998664855957,-2.58946972882435
321.20689699999997,,0.0,321.316,0.4950000047683716,-2.522023633163495
321.672414,,0.0,321.784,0.47699999809265137,-2.561317541778362
322.137931,,0.0,322.249,0.4749999940395355,-2.5657368149117574
322.603448,,0.0,322.71,0.4830000102519989,-2.5483515545958637
323.068966,,0.0,323.179,0.4569999873638153,-2.60502120780526
323.53448299999997,,0.0,323.64,0.47600001096725464,-2.563631870448812
324.0,,0.0,324.109,0.4819999933242798,-2.550544741556988
324.465517,,0.0,324.577,0.4869999885559082,-2.539615545503527
324.931034,,0.0,325.039,0.46399998664855957,-2.5896689217663966
325.396552,,0.0,325.504,0.460999995470047,-2.5961320884324177
325.86206899999996,,0.0,325.969,0.4950000047683716,-2.5219700417576707
326.327586,,0.0,326.435,0.46799999475479126,-2.5806923168665716
326.793103,,0.0,326.895,0.4830000102519989,-2.5479010523143892
327.258621,,0.0,327.361,0.4880000054836273,-2.536889317589713
327.724138,,0.0,327.825,0.4790000021457672,-2.5563749748758413
328.189655,,0.0,328.291,0.45500001311302185,-2.608541106520921
328.655172,,0.0,328.761,0.46299999952316284,-2.5909959699085694
329.12068999999997,,0.0,329.224,0.46399998664855957,-2.58871056296837
329.586207,,0.0,329.691,0.4729999899864197,-2.569008070451028
330.051724,,0.0,330.154,0.46399998664855957,-2.5885361754736627
330.517241,,0.0,330.622,0.4659999907016754,-2.584116637977233
330.982759,,0.0,331.084,0.4650000035762787,-2.586252606955979
331.44827599999996,,0.0,331.55,0.47200000286102295,-2.5709802050816113
331.913793,,0.0,332.013,0.47200000286102295,-2.5709796039873356
332.37931,,0.0,332.479,0.4729999899864197,-2.568821549579092
332.844828,,0.0,332.944,0.4690000116825104,-2.577577289364714
333.310345,,0.0,333.41,0.46299999952316284,-2.590710058079578
333.77586199999996,,0.0,333.876,0.46000000834465027,-2.59732502863496
334.241379,,0.0,334.342,0.45100000500679016,-2.61702811788128
334.706897,,0.0,334.806,0.46299999952316284,-2.5909930261865948
335.17241399999995,,0.0,335.265,0.4749999940395355,-2.564967516031149
335.637931,,0.0,335.735,0.46399998664855957,-2.589056382036891
336.103448,,0.0,336.197,0.4620000123977661,-2.5935391502825134
336.56896600000005,,0.0,336.665,0.46399998664855957,-2.5893055839804204
337.034483,,0.0,337.128,0.4690000116825104,-2.57853011201459
337.5,,0.0,337.591,0.46299999952316284,-2.591710207948949
337.965517,,0.0,338.061,0.4699999988079071,-2.576554782589521
338.431034,,0.0,338.527,0.47699999809265137,-2.5613830206394583
338.89655200000004,,0.0,338.99,0.4819999933242798,-2.5505492565376677
339.36206899999996,,0.0,339.456,0.46399998664855957,-2.589803270773076
339.827586,,0.0,339.92,0.4309999942779541,-2.6617158378488965
340.293103,,0.0,340.387,0.4729999899864197,-2.5702088188642778
340.758621,,0.0,340.847,0.46399998664855957,-2.5897912702027264
341.224138,,0.0,341.312,0.5019999742507935,-2.5069551548994164
341.68965499999996,,0.0,341.777,0.4690000116825104,-2.5787817525472088
342.155172,,0.0,342.242,0.4650000035762787,-2.587409080614408
342.62069,,0.0,342.706,0.46299999952316284,-2.591664101219013
343.086207,,0.0,343.176,0.47999998927116394,-2.554512838230312
343.551724,,0.0,343.639,0.45500001311302185,-2.608856260336976
344.01724099999996,,0.0,344.102,0.460999995470047,-2.5956574975831237
344.48275900000004,,0.0,344.569,0.47600001096725464,-2.562850610770865
344.948276,,0.0,345.031,0.46700000762939453,-2.582334610950986
345.413793,,0.0,345.497,0.4699999988079071,-2.575681978352537
345.87931,,0.0,345.962,0.47699999809265137,-2.5603254686394616
346.344828,,0.0,346.428,0.4909999966621399,-2.529731915040469
346.81034500000004,,0.0,346.895,0.46299999952316284,-2.590657932501633
347.275862,,0.0,347.361,0.43799999356269836,-2.64506804521734
347.741379,,0.0,347.824,0.46299999952316284,-2.5905685067358464
348.206897,,0.0,348.29,0.47600001096725464,-2.5622359431182593
348.672414,,0.0,348.751,0.4650000035762787,-2.5862137723932888
349.13793100000004,,0.0,349.221,0.4779999852180481,-2.557926347169528
349.60344799999996,,0.0,349.684,0.4880000054836273,-2.5361955350511787
350.068966,,0.0,350.146,0.4749999940395355,-2.564592380429933
350.534483,,0.0,350.61,0.4650000035762787,-2.586470095206964
351.0,,0.0,351.08,0.4690000116825104,-2.577861332244454
351.465517,,0.0,351.545,0.4880000054836273,-2.536583893657308
351.93103399999995,,0.0,352.008,0.4749999940395355,-2.5650301283834103
352.396552,,0.0,352.473,0.4569999873638153,-2.6043731455288257
352.862069,,0.0,352.94,0.5339999794960022,-2.436743594094323
353.32758600000005,,0.0,353.405,0.4560000002384186,-2.6067987589787815
353.793103,,0.0,353.865,0.47600001096725464,-2.563337913977757
354.258621,,0.0,354.331,0.4650000035762787,-2.5874043568858056
354.72413800000004,,0.0,354.798,0.45500001311302185,-2.609278388600834
355.189655,,0.0,355.264,0.4699999988079071,-2.5766701370057263
355.655172,,0.0,355.732,0.47600001096725464,-2.563650861189043
356.12069,,0.0,356.194,0.46399998664855957,-2.5898265965920966
356.586207,,0.0,356.662,0.47699999809265137,-2.561514321869381
357.05172400000004,,0.0,357.124,0.44699999690055847,-2.626862202208939
357.517241,,0.0,357.588,0.4569999873638153,-2.605043293715493
357.982759,,0.0,358.05,0.4560000002384186,-2.6071697095423634
358.448276,,0.0,358.516,0.47999998927116394,-2.5548110118987792
358.913793,,0.0,358.981,0.4749999940395355,-2.565615385548576
359.37931000000003,,0.0,359.446,0.4650000035762787,-2.5872977505383203
359.844828,,0.0,359.913,0.4860000014305115,-2.541429886156077
360.310345,,0.0,360.379,0.4790000021457672,-2.556555037034113
360.775862,,0.0,360.844,0.45899999141693115,-2.5999974986266445
361.241379,,0.0,361.309,0.4390000104904175,-2.6434399461800155
361.706897,,0.0,361.773,0.46299999952316284,-2.5910265701790154
362.172414,,0.0,362.238,0.47200000286102295,-2.5713006830367915
362.63793100000004,,0.0,362.706,0.4699999988079071,-2.5755505496020934
363.103448,,0.0,363.169,0.4779999852180481,-2.5580275634285248
363.568966,,0.0,363.632,0.4830000102519989,-2.5470565914777143
364.034483,,0.0,364.095,0.4779999852180481,-2.5578905691497917
364.5,,0.0,364.56,0.4779999852180481,-2.5578516195439858
364.96551700000003,,0.0,365.031,0.4659999907016754,-2.5839784951120235
365.431034,,0.0,365.49,0.4620000123977661,-2.5926994234805503
365.896552,,0.0,365.962,0.45500001311302185,-2.6079801423365883
366.362069,,0.0,366.42,0.46700000762939453,-2.58188972010311
366.827586,,0.0,366.887,0.46299999952316284,-2.5906791715992457
367.29310300000003,,0.0,367.354,0.4729999899864197,-2.5689866214793575
367.758621,,0.0,367.818,0.49000000953674316,-2.5320591983020297
368.224138,,0.0,368.284,0.4620000123977661,-2.593183246692304
368.689655,,0.0,368.747,0.4620000123977661,-2.593314481666614
369.155172,,0.0,369.216,0.45899999141693115,-2.5999877496804027
369.62068999999997,,0.0,369.676,0.5049999952316284,-2.4999083179596844
370.086207,,0.0,370.146,0.39800000190734863,-2.7331595286985615
370.55172400000004,,0.0,370.61,0.48500001430511475,-2.5437474588938627
371.017241,,0.0,371.072,0.4569999873638153,-2.6048700319552816
371.482759,,0.0,371.538,0.47600001096725464,-2.5635811316011288
371.948276,,0.0,372.001,0.46399998664855957,-2.589812266228475
372.413793,,0.0,372.467,0.45100000500679016,-2.618201246870406
372.87931000000003,,0.0,372.932,0.47999998927116394,-2.5550642472863796
373.344828,,0.0,373.398,0.45899999141693115,-2.6008348632392733
373.810345,,0.0,373.861,0.44699999690055847,-2.626972467376732
374.275862,,0.0,374.327,0.46799999475479126,-2.581189886424509
374.741379,,0.0,374.795,0.4650000035762787,-2.587670259622459
375.20689699999997,,0.0,375.261,0.4790000021457672,-2.5570899083920784
375.672414,,0.0,375.724,0.4699999988079071,-2.5765966758578855
376.137931,,0.0,376.187,0.460999995470047,-2.5960847719921425
376.603448,,0.0,376.65,0.46399998664855957,-2.589414385889376
377.068966,,0.0,377.12,0.48100000619888306,-2.5522318906314037
377.53448299999997,,0.0,377.58,0.4749999940395355,-2.5651512499189355
378.0,,0.0,378.05,0.47200000286102295,-2.5715321062377554
378.465517,,0.0,378.516,0.4620000123977661,-2.593166226004951
378.931034,,0.0,378.981,0.4869999885559082,-2.5385551682467575
379.396552,,0.0,379.446,0.45899999141693115,-2.599424323431271
379.862069,,0.0,379.906,0.4830000102519989,-2.5470199770644024
380.327586,,0.0,380.372,0.46299999952316284,-2.590496399509291
380.79310300000003,,0.0,380.836,0.45399999618530273,-2.6100315294560805
381.258621,,0.0,381.302,0.4860000014305115,-2.5402685393877116
381.724138,,0.0,381.769,0.45899999141693115,-2.5990736082777133
382.189655,,0.0,382.235,0.4620000123977661,-2.592548087274097
382.655172,,0.0,382.695,0.46399998664855957,-2.588230602395024
383.12068999999997,,0.0,383.165,0.46299999952316284,-2.5904771965376665
383.586207,,0.0,383.625,0.4560000002384186,-2.6058221950301563
384.051724,,0.0,384.094,0.46399998664855957,-2.588511372062629
384.517241,,0.0,384.56,0.4699999988079071,-2.575577877617613
384.982759,,0.0,385.024,0.47099998593330383,-2.573553186880309
385.44827599999996,,0.0,385.49,0.4740000069141388,-2.5671817094144256
385.913793,,0.0,385.95,0.4790000021457672,-2.5564582749329223
386.37931,,0.0,386.416,0.47999998927116394,-2.5544492091734696
386.84482799999995,,0.0,386.88,0.46299999952316284,-2.5916504351545817
387.310345,,0.0,387.346,0.46399998664855957,-2.589626131591151
387.775862,,0.0,387.81,0.46799999475479126,-2.5810512630026468
388.241379,,0.0,388.275,0.46399998664855957,-2.589886480471611
388.70689699999997,,0.0,388.743,0.4869999885559082,-2.539874724501791
389.172414,,0.0,389.206,0.46000000834465027,-2.598768467202031
389.637931,,0.0,389.676,0.4569999873638153,-2.6053460299703772
390.103448,,0.0,390.139,0.5130000114440918,-2.483352544843474
390.56896600000005,,0.0,390.607,0.48399999737739563,-2.5465116117811397
391.03448299999997,,0.0,391.069,0.453000009059906,-2.6139963054793887
391.5,,0.0,391.534,0.4749999940395355,-2.565983822465804
391.965517,,0.0,391.998,0.460999995470047,-2.5963762711891607
392.431034,,0.0,392.464,0.44600000977516174,-2.6289245559249412
392.896552,,0.0,392.928,0.46299999952316284,-2.59173777190791
393.36206899999996,,0.0,393.394,0.47200000286102295,-2.5719657771039612
393.827586,,0.0,393.859,0.47999998927116394,-2.5543622411018436
394.293103,,0.0,394.324,0.47600001096725464,-2.562897105667438
394.75862099999995,,0.0,394.791,0.46700000762939453,-2.5823256495591775
395.224138,,0.0,395.257,0.46399998664855957,-2.5886887442283264
395.68965499999996,,0.0,395.717,0.5099999904632568,-2.48830920311524
396.155172,,0.0,396.187,0.46799999475479126,-2.5796662544594553
396.62069,,0.0,396.647,0.45399999618530273,-2.610042266959736
397.086207,,0.0,397.117,0.4399999976158142,-2.6404450698782194
397.551724,,0.0,397.58,0.4690000116825104,-2.577196209755232
398.017241,,0.0,398.043,0.4429999887943268,-2.6338053696505344
398.48275900000004,,0.0,398.508,0.4740000069141388,-2.566264782081498
398.94827599999996,,0.0,398.972,0.47200000286102295,-2.57065259432749
399.413793,,0.0,399.438,0.47600001096725464,-2.562000019672145
399.87931,,0.0,399.903,0.4690000116825104,-2.5773423734545795
400.344828,,0.0,400.369,0.46700000762939453,-2.5818187835497732
400.810345,,0.0,400.836,0.460999995470047,-2.5950338611405575
401.27586199999996,,0.0,401.302,0.46399998664855957,-2.588661022812545
401.741379,,0.0,401.766,0.48100000619888306,-2.5518016779513077
402.206897,,0.0,402.232,0.46299999952316284,-2.5912039523687267
402.672414,,0.0,402.695,0.47699999809265137,-2.5608926303936004
403.137931,,0.0,403.158,0.4749999940395355,-2.5654368829663508
403.60344799999996,,0.0,403.621,0.47200000286102295,-2.5721510176845745
404.068966,,0.0,404.09,0.46700000762939453,-2.5832084314079107
404.534483,,0.0,404.556,0.3869999945163727,-2.757647165276141
405.0,,0.0,405.019,0.46700000762939453,-2.5834814873388456
405.465517,,0.0,405.485,0.46399998664855957,-2.590117725818916
405.931034,,0.0,405.946,0.4749999940395355,-2.566221791394127
406.39655200000004,,0.0,406.412,0.46299999952316284,-2.592401199549596
406.862069,,0.0,406.876,0.4690000116825104,-2.5793300450705
407.327586,,0.0,407.341,0.4620000123977661,-2.5945463137503983
407.793103,,0.0,407.806,0.46299999952316284,-2.592299294300014
408.258621,,0.0,408.272,0.4860000014305115,-2.542089361605542
408.72413800000004,,0.0,408.74,0.4830000102519989,-2.5484937824341367
409.18965499999996,,0.0,409.202,0.46399998664855957,-2.5897301059623485
409.655172,,0.0,409.665,0.46399998664855957,-2.589551062978774
410.12069,,0.0,410.135,0.4740000069141388,-2.5675701835715947
410.586207,,0.0,410.595,0.4779999852180481,-2.558651575859886
411.05172400000004,,0.0,411.065,0.45899999141693115,-2.5998385361935483
411.51724099999996,,0.0,411.53,0.46399998664855957,-2.588741728133564
411.982759,,0.0,411.997,0.47600001096725464,-2.5624045176848362
412.448276,,0.0,412.455,0.4620000123977661,-2.592728353280768
412.913793,,0.0,412.921,0.47600001096725464,-2.5620718971165477
413.37931,,0.0,413.387,0.4620000123977661,-2.5924445720612272
413.844828,,0.0,413.854,0.46799999475479126,-2.5792756751439287
414.31034500000004,,0.0,414.32,0.46399998664855957,-2.5879280322016394
414.775862,,0.0,414.78,0.4300000071525574,-2.6619774745263802
415.241379,,0.0,415.246,0.47999998927116394,-2.5530595613213545
415.706897,,0.0,415.714,0.4519999921321869,-2.614114382869433
416.172414,,0.0,416.176,0.45399999618530273,-2.609846469612429
416.63793100000004,,0.0,416.644,0.460999995470047,-2.5947197291676685
417.103448,,0.0,417.105,0.460999995470047,-2.5948738639127504
417.568966,,0.0,417.573,0.45899999141693115,-2.5994107750277626
418.034483,,0.0,418.035,0.46399998664855957,-2.588716985254776
418.5,,0.0,418.501,0.4690000116825104,-2.578036459853591
418.96551700000003,,0.0,418.965,0.46399998664855957,-2.5891489575659
419.43103399999995,,0.0,419.43,0.4790000021457672,-2.55668766896465
419.896552,,0.0,419.895,0.45399999618530273,-2.6113647388399364
420.362069,,0.0,420.361,0.4620000123977661,-2.5941324608571814
420.827586,,0.0,420.828,0.46000000834465027,-2.59866673651402
421.293103,,0.0,421.294,0.4519999921321869,-2.6162473087868148
421.758621,,0.0,421.762,0.460999995470047,-2.5967604026470665
422.22413800000004,,0.0,422.224,0.46299999952316284,-2.5924894018896802
422.689655,,0.0,422.687,0.47200000286102295,-2.572929867132071
423.15517200000005,,0.0,423.15,0.46399998664855957,-2.590367450994953
423.62069,,0.0,423.618,0.46399998664855957,-2.590335500733829
424.086207,,0.0,424.08,0.46299999952316284,-2.592442845409596
424.55172400000004,,0.0,424.546,0.47600001096725464,-2.564011638762385
425.017241,,0.0,425.016,0.46299999952316284,-2.5921909478363543
425.482759,,0.0,425.481,0.47999998927116394,-2.554980686389346
425.948276,,0.0,425.94,0.4519999921321869,-2.6157850430350233
426.413793,,0.0,426.405,0.48100000619888306,-2.5523881950272655
426.87931000000003,,0.0,426.876,0.49000000953674316,-2.532552274907782
427.344828,,0.0,427.335,0.47200000286102295,-2.571534546918416
427.810345,,0.0,427.802,0.47600001096725464,-2.5625890786765586
428.275862,,0.0,428.267,0.4740000069141388,-2.566725813584927
428.741379,,0.0,428.736,0.4779999852180481,-2.5578081020316255
429.20689699999997,,0.0,429.198,0.4749999940395355,-2.5641649189846483
429.672414,,0.0,429.666,0.44200000166893005,-2.6359118900514305
430.137931,,0.0,430.128,0.46399998664855957,-2.5878697626938556
430.603448,,0.0,430.591,0.4790000021457672,-2.555118015638566
431.068966,,0.0,431.061,0.4690000116825104,-2.576874175353351
431.534483,,0.0,431.527,0.4050000011920929,-2.716321607276663
432.0,,0.0,431.991,0.45100000500679016,-2.616163248942884
432.46551700000003,,0.0,432.457,0.47600001096725464,-2.561799408380107
432.931034,,0.0,432.921,0.4560000002384186,-2.6055130720340407
433.396552,,0.0,433.386,0.47999998927116394,-2.553399783742516
433.862069,,0.0,433.851,0.47999998927116394,-2.5536015760487727
434.327586,,0.0,434.31,0.47200000286102295,-2.5712532987141503
434.79310300000003,,0.0,434.777,0.46299999952316284,-2.591097816386217
435.258621,,0.0,435.242,0.4970000088214874,-2.5172667598519918
435.724138,,0.0,435.71,0.46399998664855957,-2.589403353259357
436.189655,,0.0,436.172,0.492000013589859,-2.5286326552461866
436.655172,,0.0,436.635,0.4740000069141388,-2.568062791742812
437.12068999999997,,0.0,437.105,0.4699999988079071,-2.576968084452918
437.586207,,0.0,437.565,0.46700000762939453,-2.583665354564264
438.051724,,0.0,438.03,0.46000000834465027,-2.599043020943241
438.517241,,0.0,438.496,0.47200000286102295,-2.5729881096680525
438.982759,,0.0,438.961,0.45899999141693115,-2.6013581777930668
439.448276,,0.0,439.427,0.4740000069141388,-2.5686830882040237
439.913793,,0.0,439.891,0.45899999141693115,-2.60132430226722
440.37931000000003,,0.0,440.356,0.4560000002384186,-2.6077798528366
440.844828,,0.0,440.821,0.45899999141693115,-2.601124466330883
441.310345,,0.0,441.287,0.4650000035762787,-2.58789746842768
441.775862,,0.0,441.755,0.46299999952316284,-2.5920685953222256
442.241379,,0.0,442.217,0.45100000500679016,-2.6180010268977765
442.70689699999997,,0.0,442.68,0.47699999809265137,-2.5611262049314654
443.172414,,0.0,443.15,0.45899999141693115,-2.600100089724617
443.637931,,0.0,443.61,0.47699999809265137,-2.5606381306432717
444.103448,,0.0,444.08,0.4749999940395355,-2.564752183600086
444.568966,,0.0,444.545,0.46399998664855957,-2.5884847328876535
445.03448299999997,,0.0,445.008,0.48100000619888306,-2.551233232985817
445.5,,0.0,445.473,0.46000000834465027,-2.5967954748254782
445.965517,,0.0,445.94,0.4729999899864197,-2.568315077921655
446.431034,,0.0,446.406,0.47200000286102295,-2.5703721930968633
446.896552,,0.0,446.866,0.47600001096725464,-2.5615763348232847
447.36206899999996,,0.0,447.331,0.4359999895095825,-2.6486847956481907
447.827586,,0.0,447.798,0.46299999952316284,-2.589869727228606
448.29310300000003,,0.0,448.264,0.46399998664855957,-2.5877453009648326
448.758621,,0.0,448.725,0.47600001096725464,-2.561699082357196
449.224138,,0.0,449.195,0.4390000104904175,-2.642447484856553
449.689655,,0.0,449.658,0.46399998664855957,-2.5881569203191255
450.155172,,0.0,450.12,0.47200000286102295,-2.5709347151237814
450.62068999999997,,0.0,450.591,0.5669999718666077,-2.364192537327259
451.086207,,0.0,451.054,0.4699999988079071,-2.57576427125059
451.551724,,0.0,451.52,0.4880000054836273,-2.536798802931168
452.017241,,0.0,451.98,0.47600001096725464,-2.5631939126689147
452.482759,,0.0,452.445,0.4569999873638153,-2.60483346816027
452.94827599999996,,0.0,452.91,0.4909999966621399,-2.530991112134694
453.413793,,0.0,453.376,0.46399998664855957,-2.5900253704097578
453.87931,,0.0,453.843,0.43700000643730164,-2.6490328411622093
454.344828,,0.0,454.309,0.453000009059906,-2.6143271277513995
454.810345,,0.0,454.774,0.460999995470047,-2.597014185141286
455.27586199999996,,0.0,455.239,0.47600001096725464,-2.5644094423373276
455.741379,,0.0,455.702,0.46399998664855957,-2.5905840164177008
456.206897,,0.0,456.172,0.45500001311302185,-2.6101773011464076
456.672414,,0.0,456.635,0.4650000035762787,-2.5883315867139327
457.137931,,0.0,457.098,0.5170000195503235,-2.4749381153289995
457.603448,,0.0,457.564,0.460999995470047,-2.596796221339066
458.06896600000005,,0.0,458.03,0.47200000286102295,-2.5726473238502963
458.53448299999997,,0.0,458.495,0.4620000123977661,-2.594218928160498
459.0,,0.0,458.955,0.4650000035762787,-2.5874436012317372
459.465517,,0.0,459.42,0.46799999475479126,-2.580651040268513
459.931034,,0.0,459.887,0.4830000102519989,-2.5477048043054453
460.39655200000004,,0.0,460.353,0.5009999871253967,-2.5082201325570703
460.86206899999996,,0.0,460.818,0.4519999921321869,-2.614710663733401
461.327586,,0.0,461.284,0.47699999809265137,-2.559996221724581
461.793103,,0.0,461.746,0.47999998927116394,-2.5532349588947
462.258621,,0.0,462.216,0.46299999952316284,-2.5900764476573945
462.724138,,0.0,462.677,0.46299999952316284,-2.5899176396270507
463.18965499999996,,0.0,463.146,0.46700000762939453,-2.5810863950722553
463.655172,,0.0,463.61,0.4650000035762787,-2.585373057299464
464.12069,,0.0,464.072,0.4560000002384186,-2.6049589110010336
464.58620699999994,,0.0,464.538,0.4950000047683716,-2.520018854279048
465.051724,,0.0,465.001,0.46399998664855957,-2.587632293985498
465.517241,,0.0,465.466,0.460999995470047,-2.5942899352347744
465.98275900000004,,0.0,465.932,0.46399998664855957,-2.5879192858108158
466.448276,,0.0,466.397,0.46399998664855957,-2.5881231702668086
466.913793,,0.0,466.863,0.46299999952316284,-2.590538089052907
467.37931,,0.0,467.329,0.46799999475479126,-2.579906290979699
467.844828,,0.0,467.795,0.46799999475479126,-2.5801846454501267
468.31034500000004,,0.0,468.261,0.4569999873638153,-2.604436550346865
468.77586199999996,,0.0,468.721,0.4790000021457672,-2.5567924193914564
469.241379,,0.0,469.191,0.47600001096725464,-2.563604414751862
469.706897,,0.0,469.654,0.46399998664855957,-2.5900054140588638
470.172414,,0.0,470.117,0.45500001311302185,-2.609843951400051
470.63793100000004,,0.0,470.58,0.4790000021457672,-2.5577534636432606
471.10344799999996,,0.0,471.05,0.4950000047683716,-2.5230510454667012
471.568966,,0.0,471.516,0.3880000114440918,-2.756277214741578
472.034483,,0.0,471.981,0.4620000123977661,-2.5951212004340873
472.5,,0.0,472.446,0.48500001430511475,-2.5450260455076994
472.965517,,0.0,472.906,0.46299999952316284,-2.5929172152928164
473.43103399999995,,0.0,473.371,0.4650000035762787,-2.5884690115595754
473.89655200000004,,0.0,473.836,0.45899999141693115,-2.6014011938763635
474.362069,,0.0,474.301,0.4729999899864197,-2.570715455633256
474.827586,,0.0,474.773,0.46399998664855957,-2.590098940126846
475.293103,,0.0,475.231,0.44200000166893005,-2.637772327047073
475.758621,,0.0,475.695,0.45100000500679016,-2.617883726411803
476.22413800000004,,0.0,476.164,0.453000009059906,-2.6132303831882027
476.689655,,0.0,476.625,0.4749999940395355,-2.564997231973646
477.155172,,0.0,477.094,0.46000000834465027,-2.597375941293109
477.62069,,0.0,477.56,0.4000000059604645,-2.727806437708571
478.086207,,0.0,478.024,0.4790000021457672,-2.5554272875996054
478.55172400000004,,0.0,478.49,0.4779999852180481,-2.557369211689711
479.01724099999996,,0.0,478.95,0.46399998664855957,-2.587668944732518
479.482759,,0.0,479.415,0.4749999940395355,-2.563544647515251
479.948276,,0.0,479.881,0.45399999618530273,-2.6091848273361555
480.413793,,0.0,480.346,0.4729999899864197,-2.567730782211541
480.87931000000003,,0.0,480.811,0.46799999475479126,-2.5786180461967394
481.344828,,0.0,481.276,0.46299999952316284,-2.589559603536373
481.810345,,0.0,481.746,0.4519999921321869,-2.6136268177800743
482.275862,,0.0,482.208,0.4620000123977661,-2.591993675641072
482.74137900000005,,0.0,482.676,0.4620000123977661,-2.5921939059632395
483.206897,,0.0,483.139,0.46299999952316284,-2.5902563233988016
483.672414,,0.0,483.606,0.47999998927116394,-2.5534936716008616
484.13793100000004,,0.0,484.068,0.45899999141693115,-2.5995445221188147
484.603448,,0.0,484.534,0.4650000035762787,-2.5867880146852102
485.068966,,0.0,484.998,0.4490000009536743,-2.6219688982577622
485.534483,,0.0,485.464,0.46299999952316284,-2.5917877153372033
486.0,,0.0,485.929,0.46700000762939453,-2.583380219603343
486.46551700000003,,0.0,486.395,0.47600001096725464,-2.5640565373730664
486.931034,,0.0,486.862,0.453000009059906,-2.6144177671394573
487.396552,,0.0,487.32,0.45899999141693115,-2.6015588884458443
487.862069,,0.0,487.787,0.46799999475479126,-2.582117865050379
488.327586,,0.0,488.253,0.45899999141693115,-2.601840600679926
488.79310300000003,,0.0,488.721,0.4650000035762787,-2.5888277281852754
489.258621,,0.0,489.183,0.3970000147819519,-2.7369780189774966
489.724138,,0.0,489.647,0.46299999952316284,-2.5931331222262104
490.189655,,0.0,490.117,0.460999995470047,-2.5973800471150037
490.655172,,0.0,490.577,0.453000009059906,-2.6146443348721227
491.12069,,0.0,491.04,0.46399998664855957,-2.5904645232716788
491.586207,,0.0,491.505,0.4090000092983246,-2.710032483219389
492.05172400000004,,0.0,491.972,0.4860000014305115,-2.5419836964045275
492.517241,,0.0,492.438,0.47200000286102295,-2.5721638455172555
492.982759,,0.0,492.903,0.5149999856948853,-2.4781407284130297
493.448276,,0.0,493.368,0.4749999940395355,-2.56493487264838
493.913793,,0.0,493.835,0.45399999618530273,-2.6103360454492472
494.37931000000003,,0.0,494.301,0.4699999988079071,-2.5751407277188503
494.844828,,0.0,494.766,0.45899999141693115,-2.5987931397965305
495.310345,,0.0,495.232,0.46700000762939453,-2.581085311648397
495.775862,,0.0,495.695,0.39399999380111694,-2.7398925991038
496.241379,,0.0,496.157,0.46399998664855957,-2.587206479839639
496.70689699999997,,0.0,496.625,0.46299999952316284,-2.589262691215986
497.172414,,0.0,497.087,0.46700000762939453,-2.5804868776894216
497.637931,,0.0,497.553,0.4790000021457672,-2.55434518141912
498.103448,,0.0,498.016,0.45100000500679016,-2.615413223623914
498.568966,,0.0,498.482,0.4560000002384186,-2.6046489251483296
499.03448299999997,,0.0,498.946,0.45899999141693115,-2.59830186425202
499.5,,0.0,499.412,0.47200000286102295,-2.5702224335383734
499.96551700000003,,0.0,499.876,0.41100001335144043,-2.7034107719518827
500.431034,,0.0,500.342,0.46399998664855957,-2.5882733486576623
500.89655200000004,,0.0,500.81,0.46700000762939453,-2.5820975939003294
501.362069,,0.0,501.276,0.44200000166893005,-2.636941774887762
501.827586,,0.0,501.739,0.46399998664855957,-2.5893960073095483
502.293103,,0.0,502.201,0.46399998664855957,-2.589774751225205
502.758621,,0.0,502.669,0.4659999907016754,-2.585778150193636
503.224138,,0.0,503.132,0.46399998664855957,-2.590466714836714
503.68965499999996,,0.0,503.595,0.4650000035762787,-2.5885793192977617
504.15517200000005,,0.0,504.065,0.46399998664855957,-2.590999982201627
504.62068999999997,,0.0,504.53,0.4880000054836273,-2.538896697895134
505.08620699999994,,0.0,504.99,0.47200000286102295,-2.5738750704677633
505.55172400000004,,0.0,505.455,0.46299999952316284,-2.5935347058059723
506.017241,,0.0,505.92,0.4690000116825104,-2.580444858685253
506.48275899999993,,0.0,506.386,0.4659999907016754,-2.5868933367194686
506.948276,,0.0,506.851,0.46399998664855957,-2.591095863163133
507.413793,,0.0,507.317,0.46000000834465027,-2.5995929663105617
507.87931,,0.0,507.784,0.46399998664855957,-2.5906047819459035
508.344828,,0.0,508.25,0.46399998664855957,-2.590283028605378
508.810345,,0.0,508.71,0.460999995470047,-2.5964587516210185
509.27586199999996,,0.0,509.179,0.4650000035762787,-2.5873564530079034
509.74137900000005,,0.0,509.643,0.45899999141693115,-2.6000250846228385
510.20689699999997,,0.0,510.105,0.4830000102519989,-2.547330674701511
510.67241399999995,,0.0,510.576,0.47699999809265137,-2.5600042402204575
511.13793100000004,,0.0,511.039,0.45899999141693115,-2.598842568622551
511.603448,,0.0,511.504,0.47999998927116394,-2.5527468313454693
512.0689659999999,,0.0,511.969,0.45399999618530273,-2.6090918289097265
512.534483,,0.0,512.434,0.46299999952316284,-2.5892384006073796
513.0,,0.0,512.898,0.4749999940395355,-2.562911264351734
513.465517,,0.0,513.364,0.46799999475479126,-2.578046302497104
513.931034,,0.0,513.829,0.4620000123977661,-2.5910747108814576
514.396552,,0.0,514.295,0.4699999988079071,-2.5736762033708027
514.862069,,0.0,514.758,0.4970000088214874,-2.5149562728536163
515.327586,,0.0,515.221,0.46399998664855957,-2.587025083794114
515.793103,,0.0,515.691,0.45100000500679016,-2.615586648966355
516.258621,,0.0,516.154,0.4779999852180481,-2.5570618147270148
516.724138,,0.0,516.617,0.4620000123977661,-2.5922689654181794
517.189655,,0.0,517.08,0.45399999618530273,-2.6100869544675347
517.655172,,0.0,517.545,0.47600001096725464,-2.562573723693962
518.1206900000001,,0.0,518.015,0.46399998664855957,-2.58914975187265
518.5862070000001,,0.0,518.48,0.45899999141693115,-2.6004770645375777
519.051724,,0.0,518.94,0.46399998664855957,-2.5900066205783707
519.517241,,0.0,519.406,0.4819999933242798,-2.5511887461036262
519.982759,,0.0,519.873,0.45500001311302185,-2.610372264372453
520.448276,,0.0,520.338,0.46399998664855957,-2.5910757480737883
520.9137929999999,,0.0,520.802,0.46700000762939453,-2.584792331070201
521.37931,,0.0,521.268,0.47200000286102295,-2.5740843101944715
521.844828,,0.0,521.731,0.46399998664855957,-2.5916250436208914
522.310345,,0.0,522.201,0.47699999809265137,-2.5633363337729094
522.7758620000001,,0.0,522.662,0.48100000619888306,-2.5545757118849823
523.241379,,0.0,523.132,0.4580000042915344,-2.6045598022826644
523.7068969999999,,0.0,523.595,0.460999995470047,-2.5978242781124967
524.172414,,0.0,524.057,0.4659999907016754,-2.5866626262751575
524.637931,,0.0,524.523,0.4740000069141388,-2.5689036417894937
525.103448,,0.0,524.987,0.45899999141693115,-2.6012020415292665
525.568966,,0.0,525.453,0.4740000069141388,-2.5681009189060218
526.034483,,0.0,525.918,0.46700000762939453,-2.582902814508946
526.5,,0.0,526.384,0.47200000286102295,-2.571547291305325
526.9655170000001,,0.0,526.851,0.4860000014305115,-2.540584254293035
527.4310340000001,,0.0,527.316,0.492000013589859,-2.527064386853503
527.8965519999999,,0.0,527.776,0.47099998593330383,-2.5723961422566193
528.362069,,0.0,528.242,0.48500001430511475,-2.54151682556906
528.827586,,0.0,528.71,0.49799999594688416,-2.5128698296797767
529.293103,,0.0,529.172,0.4909999966621399,-2.5278593461829217
529.7586210000001,,0.0,529.635,0.49000000953674316,-2.529849299492241
530.224138,,0.0,530.106,0.49000000953674316,-2.529739754571593
530.689655,,0.0,530.576,0.47600001096725464,-2.5602149018007108
531.155172,,0.0,531.031,0.46799999475479126,-2.577704107428416
531.62069,,0.0,531.497,0.492000013589859,-2.525561444317681
532.086207,,0.0,531.962,0.49000000953674316,-2.530144260330958
532.5517239999999,,0.0,532.428,0.5099999904632568,-2.4868703572640385
533.017241,,0.0,532.895,0.4909999966621399,-2.5286282964922737
533.482759,,0.0,533.361,0.492000013589859,-2.5268674609625434
533.9482760000001,,0.0,533.821,0.515999972820282,-2.4750394924200423
534.413793,,0.0,534.286,0.49000000953674316,-2.532171241207269
534.87931,,0.0,534.754,0.5080000162124634,-2.493455328715146
535.344828,,0.0,535.217,0.5249999761581421,-2.4569152184856473
535.810345,,0.0,535.68,0.5070000290870667,-2.4966087448511525
536.275862,,0.0,536.15,0.5019999742507935,-2.5079468209300253
536.7413789999999,,0.0,536.613,0.5120000243186951,-2.4865581363028673
537.206897,,0.0,537.076,0.5080000162124634,-2.495611121290037
537.672414,,0.0,537.542,0.5460000038146973,-2.4130897516871936
538.137931,,0.0,538.005,0.5440000295639038,-2.417633197587915
538.6034480000001,,0.0,538.471,0.515999972820282,-2.478734344792323
539.0689659999999,,0.0,538.935,0.5339999794960022,-2.4395274046526194
539.5344829999999,,0.0,539.401,0.5270000100135803,-2.454695847905474
540.0,,0.0,539.866,0.5540000200271606,-2.395701009588799
540.465517,,0.0,540.332,0.6060000061988831,-2.2821538125997556
540.931034,,0.0,540.799,0.5669999718666077,-2.3667835338757355
541.396552,,0.0,541.264,0.5400000214576721,-2.425200396066318
541.862069,,0.0,541.725,0.5389999747276306,-2.426918057824859
542.327586,,0.0,542.195,0.5199999809265137,-2.467812029731518
542.7931030000001,,0.0,542.658,0.5180000066757202,-2.4716460690217636
543.258621,,0.0,543.12,0.550000011920929,-2.4013994353304824
543.7241379999999,,0.0,543.588,0.5669999718666077,-2.363841131872118
544.189655,,0.0,544.05,0.5509999990463257,-2.3982020795413996
544.655172,,0.0,544.515,0.5320000052452087,-2.439139383181082
545.12069,,0.0,544.987,0.5460000038146973,-2.408236949816023
545.5862070000001,,0.0,545.445,0.5419999957084656,-2.4166186565438936
546.051724,,0.0,545.917,0.5669999718666077,-2.361898185318722
546.517241,,0.0,546.375,0.5509999990463257,-2.396588614617351
546.982759,,0.0,546.847,0.5389999747276306,-2.4226569875274846
547.448276,,0.0,547.305,0.546999990940094,-2.4052481260249685
547.9137929999999,,0.0,547.776,0.515999972820282,-2.472902809606662
548.3793099999999,,0.0,548.242,0.5849999785423279,-2.3227851519251064
548.844828,,0.0,548.702,0.550000011920929,-2.3993320728262617
549.310345,,0.0,549.165,0.5540000200271606,-2.3909879427109306
549.775862,,0.0,549.636,0.5699999928474426,-2.356565264943865
550.241379,,0.0,550.098,0.5540000200271606,-2.391910708790418
550.706897,,0.0,550.564,0.5360000133514404,-2.4316506482125266
551.172414,,0.0,551.03,0.5350000262260437,-2.434375419484884
551.637931,,0.0,551.495,0.5699999928474426,-2.358673565374702
552.103448,,0.0,551.955,0.5540000200271606,-2.3940691225529003
552.568966,,0.0,552.42,0.5669999718666077,-2.3662532814175954
553.034483,,0.0,552.888,0.5419999957084656,-2.4211795360980974
553.5,,0.0,553.353,0.5540000200271606,-2.395435242360893
553.965517,,0.0,553.821,0.5419999957084656,-2.4219056019360012
554.4310340000001,,0.0,554.286,0.5289999842643738,-2.450471476538128
554.896552,,0.0,554.748,0.5320000052452087,-2.444088424721022
555.3620689999999,,0.0,555.21,0.5419999957084656,-2.4223591024783655
555.827586,,0.0,555.681,0.5270000100135803,-2.4549976780384855
556.293103,,0.0,556.143,0.550000011920929,-2.4047499601116265
556.758621,,0.0,556.606,0.6100000143051147,-2.2737965886180533
557.224138,,0.0,557.076,0.5419999957084656,-2.4216200859966612
557.689655,,0.0,557.541,0.5419999957084656,-2.421216209003768
558.155172,,0.0,558.004,0.5329999923706055,-2.4403546612060136
558.6206900000001,,0.0,558.469,0.5210000276565552,-2.465978338472253
559.0862070000001,,0.0,558.936,0.49000000953674316,-2.5329629690982673
559.5517239999999,,0.0,559.401,0.49000000953674316,-2.5323943235205526
560.017241,,0.0,559.861,0.48100000619888306,-2.5514366272624653
560.482759,,0.0,560.327,0.5130000114440918,-2.481174468532577
560.948276,,0.0,560.791,0.492000013589859,-2.5264169629004734
561.413793,,0.0,561.257,0.49799999594688416,-2.512887864873848
561.87931,,0.0,561.721,0.4819999933242798,-2.5473553658762684
562.344828,,0.0,562.19,0.49399998784065247,-2.5208992424627534
562.8103450000001,,0.0,562.651,0.48899999260902405,-2.5315681339888574
563.275862,,0.0,563.12,0.48899999260902405,-2.5314385448509142
563.7413789999999,,0.0,563.584,0.46799999475479126,-2.577159697967684
564.206897,,0.0,564.046,0.4880000054836273,-2.533656545473933
564.672414,,0.0,564.511,0.49000000953674316,-2.529466732468371
565.137931,,0.0,564.977,0.5040000081062317,-2.499224758175767
565.603448,,0.0,565.443,0.4830000102519989,-2.545318837252509
566.068966,,0.0,565.909,0.47200000286102295,-2.569699862195095
566.534483,,0.0,566.375,0.46700000762939453,-2.5810703806453135
567.0,,0.0,566.839,0.46299999952316284,-2.590309357633065
567.465517,,0.0,567.305,0.47200000286102295,-2.571256747129991
567.931034,,0.0,567.769,0.4699999988079071,-2.5761826964458336
568.396552,,0.0,568.235,0.47999998927116394,-2.5549603117626294
568.862069,,0.0,568.698,0.4860000014305115,-2.5424299368846577
569.327586,,0.0,569.161,0.4779999852180481,-2.560361087139137
569.793103,,0.0,569.632,0.47200000286102295,-2.573879962640307
570.2586210000001,,0.0,570.095,0.49000000953674316,-2.535042555078022
570.724138,,0.0,570.561,0.46299999952316284,-2.594163900058091
571.189655,,0.0,571.024,0.5630000233650208,-2.3765058149379783
571.655172,,0.0,571.49,0.45500001311302185,-2.6119083855240253
572.12069,,0.0,571.955,0.4519999921321869,-2.618453357196546
572.586207,,0.0,572.421,0.46299999952316284,-2.5943995276483345
573.051724,,0.0,572.88,0.46399998664855957,-2.5920370676481315
573.517241,,0.0,573.345,0.4440000057220459,-2.6353368964500588
573.982759,,0.0,573.817,0.45899999141693115,-2.602303724074591
574.4482760000001,,0.0,574.275,0.5049999952316284,-2.5016618953165257
574.913793,,0.0,574.743,0.47200000286102295,-2.573074536448909
575.37931,,0.0,575.205,0.4490000009536743,-2.6226575919235793
575.844828,,0.0,575.676,0.46399998664855957,-2.5894263074056103
576.310345,,0.0,576.139,0.47200000286102295,-2.5714365062781717
576.775862,,0.0,576.602,0.46299999952316284,-2.590491611484608
577.241379,,0.0,577.065,0.4129999876022339,-2.6988972778059956
577.706897,,0.0,577.531,0.45500001311302185,-2.606910441108965
578.172414,,0.0,577.997,0.46000000834465027,-2.5955909960981782
578.6379310000001,,0.0,578.463,0.47099998593330383,-2.5712687299507313
579.1034480000001,,0.0,578.928,0.45399999618530273,-2.608028192655244
579.5689659999999,,0.0,579.393,0.453000009059906,-2.610017655188318
580.034483,,0.0,579.858,0.46299999952316284,-2.588136186553071
580.5,,0.0,580.323,0.4519999921321869,-2.6121030604448774
580.965517,,0.0,580.787,0.46299999952316284,-2.5882360846948274
581.431034,,0.0,581.253,0.4790000021457672,-2.553568616313589
581.896552,,0.0,581.721,0.48399999737739563,-2.5429521174362013
582.362069,,0.0,582.183,0.47600001096725464,-2.560734886484988
582.827586,,0.0,582.651,0.46799999475479126,-2.578584050314146
583.2931030000001,,0.0,583.113,0.46399998664855957,-2.587772588795017
583.758621,,0.0,583.581,0.4659999907016754,-2.5839289841503934
584.2241379999999,,0.0,584.043,0.45399999618530273,-2.6106108132040085
584.689655,,0.0,584.509,0.460999995470047,-2.595906571602971
585.155172,,0.0,584.973,0.46700000762939453,-2.5833724375116978
585.6206900000001,,0.0,585.439,0.48399999737739563,-2.5468476837439975
586.0862070000001,,0.0,585.906,0.45100000500679016,-2.619214164380994
586.551724,,0.0,586.372,0.45100000500679016,-2.6196307198737387
587.017241,,0.0,586.832,0.44999998807907104,-2.6221594996577235
587.482759,,0.0,587.298,0.46299999952316284,-2.594109886224652
587.948276,,0.0,587.769,0.4659999907016754,-2.5877608051742875
588.4137929999999,,0.0,588.228,0.5109999775886536,-2.489815643844585
588.87931,,0.0,588.696,0.46399998664855957,-2.5922097184039994
589.344828,,0.0,589.157,0.47999998927116394,-2.5572532998436284
589.810345,,0.0,589.621,0.49000000953674316,-2.5352763940276377
590.2758620000001,,0.0,590.091,0.45100000500679016,-2.6199670689884917
590.741379,,0.0,590.557,0.46700000762939453,-2.5847553485679966
591.2068969999999,,0.0,591.02,0.48100000619888306,-2.5538350910469867
591.672414,,0.0,591.486,0.4560000002384186,-2.607828904507348
592.137931,,0.0,591.951,0.4620000123977661,-2.594246396074259
592.603448,,0.0,592.417,0.4620000123977661,-2.593713562498769
593.068966,,0.0,592.876,0.4779999852180481,-2.5583160375708047
593.534483,,0.0,593.342,0.46399998664855957,-2.588287678733533
594.0,,0.0,593.807,0.4699999988079071,-2.574712299096862
594.4655170000001,,0.0,594.273,0.46299999952316284,-2.58950084097314
594.9310340000001,,0.0,594.735,0.47600001096725464,-2.5607717418443032
595.3965519999999,,0.0,595.205,0.47200000286102295,-2.5691470979187927
595.862069,,0.0,595.665,0.46299999952316284,-2.588493358617122
596.327586,,0.0,596.135,0.48100000619888306,-2.5491016488683216
596.793103,,0.0,596.595,0.46399998664855957,-2.5860533310512457
597.2586210000001,,0.0,597.065,0.46399998664855957,-2.586061297392793
597.724138,,0.0,597.53,0.492000013589859,-2.5251597876610234
598.189655,,0.0,597.997,0.47999998927116394,-2.551493080669916
598.655172,,0.0,598.455,0.48399999737739563,-2.543050599191495
599.12069,,0.0,598.921,0.47200000286102295,-2.5695411279295395
599.586207,,0.0,599.387,0.4650000035762787,-2.585202936894742
600.0517239999999,,0.0,599.854,0.46399998664855957,-2.5878453587423893
600.517241,,0.0,600.319,0.4729999899864197,-2.568739570554933
600.982759,,0.0,600.784,0.46700000762939453,-2.5823363047725714
601.448276,,0.0,601.25,0.46000000834465027,-2.5981187357569278
601.913793,,0.0,601.713,0.4699999988079071,-2.576855149123783
602.37931,,0.0,602.176,0.4749999940395355,-2.566459532009183
602.844828,,0.0,602.643,0.48100000619888306,-2.5538443273811504
603.310345,,0.0,603.106,0.4790000021457672,-2.5586032883826717
603.775862,,0.0,603.576,0.4749999940395355,-2.567652354307574
604.2413789999999,,0.0,604.039,0.4749999940395355,-2.567909686424698
604.706897,,0.0,604.504,0.46700000762939453,-2.5855115502671593
605.172414,,0.0,604.969,0.4650000035762787,-2.5899521077125063
605.637931,,0.0,605.435,0.4659999907016754,-2.5877650573961075
606.1034480000001,,0.0,605.896,0.46399998664855957,-2.592022634507837
606.5689659999999,,0.0,606.361,0.5009999871253967,-2.511224048091584
607.0344829999999,,0.0,606.825,0.46799999475479126,-2.5828471369351385
607.5,,0.0,607.291,0.46399998664855957,-2.5912146655291877
607.965517,,0.0,607.761,0.46399998664855957,-2.590804225455086
608.431034,,0.0,608.224,0.47600001096725464,-2.5641989876995317
608.896552,,0.0,608.691,0.4880000054836273,-2.537556266219743
609.362069,,0.0,609.154,0.46399998664855957,-2.5893223895502953
609.827586,,0.0,609.622,0.46000000834465027,-2.5975095336985925
610.293103,,0.0,610.084,0.44600000977516174,-2.6274942299838857
610.758621,,0.0,610.55,0.453000009059906,-2.611754460646498
611.2241379999999,,0.0,611.012,0.47999998927116394,-2.5524832040644987
611.689655,,0.0,611.478,0.46299999952316284,-2.589126577401363
612.155172,,0.0,611.943,0.4659999907016754,-2.5822630462252607
612.62069,,0.0,612.408,0.4740000069141388,-2.56458212627854
613.0862070000001,,0.0,612.873,0.45100000500679016,-2.6145228610841658
613.551724,,0.0,613.339,0.45500001311302185,-2.605729127079207
614.017241,,0.0,613.806,0.4699999988079071,-2.5730616149458316
614.4827590000001,,0.0,614.272,0.46299999952316284,-2.5884146070336165
614.948276,,0.0,614.732,0.4620000123977661,-2.5907826371074525
615.4137929999999,,0.0,615.202,0.44999998807907104,-2.6171973167538023
615.8793099999999,,0.0,615.665,0.46399998664855957,-2.5870403042794226
616.344828,,0.0,616.127,0.44999998807907104,-2.617948048427008
616.810345,,0.0,616.595,0.4429999887943268,-2.633655715854654
617.275862,,0.0,617.057,0.4480000138282776,-2.6232563927629284
617.741379,,0.0,617.523,0.46299999952316284,-2.591092010926073
618.206897,,0.0,617.987,0.4429999887943268,-2.6351856010132675
618.672414,,0.0,618.453,0.45100000500679016,-2.6182665749127882
619.137931,,0.0,618.917,0.4390000104904175,-2.6448948527563036
619.603448,,0.0,619.384,0.45899999141693115,-2.601765794281683
620.068966,,0.0,619.851,0.45100000500679016,-2.6195842672329475
620.534483,,0.0,620.317,0.4620000123977661,-2.5959416583901573
621.0,,0.0,620.776,0.46399998664855957,-2.5918300683968036
621.465517,,0.0,621.242,0.44699999690055847,-2.6290284215692177
621.9310340000001,,0.0,621.71,0.44600000977516174,-2.6312798351573847
622.396552,,0.0,622.172,0.4580000042915344,-2.605118300731106
622.862069,,0.0,622.635,0.4560000002384186,-2.609367549989199
623.327586,,0.0,623.105,0.4399999976158142,-2.644031139847959
623.793103,,0.0,623.573,0.4390000104904175,-2.645934926481378
624.258621,,0.0,624.036,0.4650000035762787,-2.588943535007123
624.724138,,0.0,624.502,0.4429999887943268,-2.636465753154483
625.189655,,0.0,624.962,0.4309999942779541,-2.6621529634231225
625.655172,,0.0,625.427,0.546999990940094,-2.408937314109544
626.1206900000001,,0.0,625.891,0.45100000500679016,-2.6175722880004058
626.5862070000001,,0.0,626.357,0.43299999833106995,-2.656267341996752
627.0517239999999,,0.0,626.821,0.44699999690055847,-2.625258576381191
627.5172409999999,,0.0,627.287,0.4560000002384186,-2.605171312052045
627.982759,,0.0,627.75,0.4429999887943268,-2.6330570264316315
628.448276,,0.0,628.22,0.43700000643730164,-2.6457486448420338
628.913793,,0.0,628.681,0.5669999718666077,-2.362210285235384
629.37931,,0.0,629.15,0.44200000166893005,-2.634300784011109
629.844828,,0.0,629.613,0.4440000057220459,-2.6297860172163876
630.3103450000001,,0.0,630.076,0.4440000057220459,-2.629718911040296
630.7758620000001,,0.0,630.542,0.43799999356269836,-2.642816303437971
631.2413789999999,,0.0,631.012,0.4440000057220459,-2.6298617986865103
631.706897,,0.0,631.47,0.460999995470047,-2.5930301012901937
632.172414,,0.0,631.939,0.43799999356269836,-2.6434255823817923
632.637931,,0.0,632.404,0.43299999833106995,-2.654678345298593
633.103448,,0.0,632.869,0.4339999854564667,-2.6529216656267423
633.568966,,0.0,633.335,0.43799999356269836,-2.6446782467316874
634.034483,,0.0,633.799,0.44200000166893005,-2.636469131280411
634.5,,0.0,634.265,0.45500001311302185,-2.6086702009467757
634.9655170000001,,0.0,634.728,0.45399999618530273,-2.6113735432383174
635.431034,,0.0,635.191,0.4429999887943268,-2.6358480781924385
635.8965519999999,,0.0,635.661,0.43799999356269836,-2.647220018805039
636.362069,,0.0,636.124,0.4659999907016754,-2.5866507823358855
636.827586,,0.0,636.592,0.45399999618530273,-2.6131674601057866
637.293103,,0.0,637.054,0.4490000009536743,-2.6243619275000416
637.7586210000001,,0.0,637.519,0.4620000123977661,-2.596259800353855
638.224138,,0.0,637.983,0.4309999942779541,-2.6639307394259233
638.689655,,0.0,638.449,0.4519999921321869,-2.61822072192738
639.155172,,0.0,638.913,0.4410000145435333,-2.64213498050564
639.62069,,0.0,639.379,0.46399998664855957,-2.591884007630002
640.086207,,0.0,639.843,0.43799999356269836,-2.6482997752929425
640.551724,,0.0,640.309,0.4429999887943268,-2.637098052870823
641.017241,,0.0,640.775,0.4410000145435333,-2.641077384952187
641.482759,,0.0,641.24,0.4390000104904175,-2.6449991563333506
641.9482760000001,,0.0,641.702,0.43799999356269836,-2.6466983724066657
642.413793,,0.0,642.172,0.4410000145435333,-2.6396539063759805
642.87931,,0.0,642.632,0.41999998688697815,-2.684884224114069
643.344828,,0.0,643.095,0.43299999833106995,-2.6560441425704533
643.810345,,0.0,643.56,0.4399999976158142,-2.6402955459621698
644.275862,,0.0,644.031,0.453000009059906,-2.611509237164888
644.7413789999999,,0.0,644.49,0.4399999976158142,-2.6394160239400413
645.206897,,0.0,644.957,0.4339999854564667,-2.6521336330105036
645.672414,,0.0,645.423,0.4410000145435333,-2.6366013575192455
646.1379310000001,,0.0,645.888,0.43799999356269836,-2.6429369205706466
646.6034480000001,,0.0,646.353,0.4390000104904175,-2.640645167501227
647.0689659999999,,0.0,646.821,0.45100000500679016,-2.6144789352818445
647.534483,,0.0,647.287,0.45100000500679016,-2.6145472836186032
648.0,,0.0,647.75,0.46700000762939453,-2.579845380620203
648.465517,,0.0,648.213,0.44699999690055847,-2.6236579674714733
648.931034,,0.0,648.676,0.4650000035762787,-2.5847576850834217
649.396552,,0.0,649.146,0.4699999988079071,-2.5742456444961173
649.862069,,0.0,649.607,0.4429999887943268,-2.6335044868013098
650.327586,,0.0,650.076,0.4429999887943268,-2.6339814916240725
650.7931030000001,,0.0,650.541,0.42899999022483826,-2.664987481393728
651.258621,,0.0,651.004,0.44699999690055847,-2.626289304384225
651.7241379999999,,0.0,651.47,0.43799999356269836,-2.6464111677102164
652.189655,,0.0,651.935,0.4300000071525574,-2.664335172626469
652.655172,,0.0,652.401,0.4650000035762787,-2.5885426833717435
653.12069,,0.0,652.866,0.47999998927116394,-2.5562729329576372
653.5862070000001,,0.0,653.332,0.4259999990463257,-2.674266796737002
654.051724,,0.0,653.792,0.4429999887943268,-2.6375042039530245
654.517241,,0.0,654.258,0.44600000977516174,-2.6311620628037407
654.982759,,0.0,654.721,0.43799999356269836,-2.6486982633845235
655.448276,,0.0,655.19,0.46299999952316284,-2.594248509750269
655.9137929999999,,0.0,655.651,0.4399999976158142,-2.644282500243227
656.37931,,0.0,656.12,0.45100000500679016,-2.620153363672108
656.844828,,0.0,656.584,0.45100000500679016,-2.6199053295292134
657.310345,,0.0,657.046,0.453000009059906,-2.6152232399029645
657.7758620000001,,0.0,657.512,0.4429999887943268,-2.636618283252563
658.241379,,0.0,657.977,0.46299999952316284,-2.5925990254580173
658.7068969999999,,0.0,658.443,0.43799999356269836,-2.6465778632146026
659.172414,,0.0,658.909,0.44200000166893005,-2.6373501514082247
659.637931,,0.0,659.375,0.4440000057220459,-2.632470114156641
660.103448,,0.0,659.839,0.46000000834465027,-2.59709498521485
660.568966,,0.0,660.305,0.4449999928474426,-2.6292795668251383
661.034483,,0.0,660.769,0.43799999356269836,-2.6440721222892964
661.5,,0.0,661.235,0.43700000643730164,-2.6458446533455913
661.965517,,0.0,661.698,0.4410000145435333,-2.63678847267832
662.4310340000001,,0.0,662.161,0.460999995470047,-2.5929485235987513
662.8965519999999,,0.0,662.629,0.45399999618530273,-2.6080141828031254
663.362069,,0.0,663.091,0.4480000138282776,-2.6209890292035345
663.827586,,0.0,663.556,0.46000000834465027,-2.5948393159323886
664.293103,,0.0,664.026,0.45100000500679016,-2.61453242878748
664.7586210000001,,0.0,664.485,0.44699999690055847,-2.623421191598601
665.224138,,0.0,664.95,0.45100000500679016,-2.614964631408108
665.689655,,0.0,665.416,0.44699999690055847,-2.6240134018036945
666.155172,,0.0,665.88,0.45899999141693115,-2.5982695788197603
666.62069,,0.0,666.346,0.45399999618530273,-2.6096161089135896
667.086207,,0.0,666.81,0.46700000762939453,-2.581786172555183
667.5517239999999,,0.0,667.276,0.45399999618530273,-2.610625223123315
668.017241,,0.0,667.747,0.43799999356269836,-2.6460090345543588
668.482759,,0.0,668.209,0.44699999690055847,-2.6269200509867066
668.948276,,0.0,668.673,0.4560000002384186,-2.6078084161026163
669.413793,,0.0,669.135,0.4560000002384186,-2.6082662401572962
669.87931,,0.0,669.606,0.4399999976158142,-2.643530116527314
670.3448279999999,,0.0,670.068,0.4569999873638153,-2.6068340240400834
670.810345,,0.0,670.534,0.4860000014305115,-2.543918100684466
671.275862,,0.0,670.998,0.4440000057220459,-2.635601470794007
671.7413789999999,,0.0,671.465,0.4180000126361847,-2.6923375335546056
672.206897,,0.0,671.925,0.44699999690055847,-2.6291573378896604
672.672414,,0.0,672.39,0.45399999618530273,-2.6138158883907203
673.137931,,0.0,672.861,0.4699999988079071,-2.5787765816669515
673.6034480000001,,0.0,673.32,0.47200000286102295,-2.5741529562242027
674.068966,,0.0,673.787,0.44999998807907104,-2.621739609044808
674.5344829999999,,0.0,674.253,0.4560000002384186,-2.608257787667682
675.0,,0.0,674.721,0.4699999988079071,-2.5772929826832858
675.465517,,0.0,675.183,0.4429999887943268,-2.635613037338765
675.931034,,0.0,675.651,0.45100000500679016,-2.6176565575870097
676.396552,,0.0,676.113,0.43799999356269836,-2.6454446393094297
676.862069,,0.0,676.576,0.41499999165534973,-2.695029221381568
677.327586,,0.0,677.046,0.45500001311302185,-2.6073853046417748
677.793103,,0.0,677.505,0.4410000145435333,-2.637429374054241
678.2586210000001,,0.0,677.977,0.4390000104904175,-2.6413843370238745
678.7241379999999,,0.0,678.435,0.4490000009536743,-2.619262646393134
679.1896549999999,,0.0,678.902,0.45399999618530273,-2.608111135362347
679.655172,,0.0,679.368,0.44600000977516174,-2.625366648769473
680.12069,,0.0,679.832,0.43799999356269836,-2.6427125389877877
680.5862070000001,,0.0,680.297,0.4429999887943268,-2.6318292073286362
681.051724,,0.0,680.769,0.3540000021457672,-2.825833448922818
681.517241,,0.0,681.228,0.3659999966621399,-2.799888514372801
681.9827590000001,,0.0,681.695,0.44699999690055847,-2.6237045636547487
682.448276,,0.0,682.158,0.4399999976158142,-2.639317342825919
682.9137929999999,,0.0,682.621,0.45100000500679016,-2.615777142432461
683.3793099999999,,0.0,683.09,0.4390000104904175,-2.6423952299049467
683.844828,,0.0,683.556,0.4410000145435333,-2.638547002004237
684.310345,,0.0,684.019,0.44200000166893005,-2.6368965523953802
684.775862,,0.0,684.485,0.44699999690055847,-2.6265340620817765
685.241379,,0.0,684.95,0.4560000002384186,-2.607442782271701
685.706897,,0.0,685.416,0.43299999833106995,-2.658038240785599
686.172414,,0.0,685.88,0.43799999356269836,-2.647587190290626
686.637931,,0.0,686.346,0.45500001311302185,-2.6109344079915795
687.103448,,0.0,686.81,0.42399999499320984,-2.678787179690727
687.5689659999999,,0.0,687.275,0.43799999356269836,-2.6485221159865344
688.034483,,0.0,687.736,0.44600000977516174,-2.6312431966215093
688.5,,0.0,688.205,0.45100000500679016,-2.6204095182269844
688.965517,,0.0,688.666,0.44699999690055847,-2.6290911058265936
689.4310340000001,,0.0,689.135,0.4690000116825104,-2.58103612645323
689.896552,,0.0,689.598,0.48899999260902405,-2.537249911194992
690.362069,,0.0,690.061,0.4410000145435333,-2.6415298102628886
690.827586,,0.0,690.527,0.46399998664855957,-2.591054259569831
691.293103,,0.0,690.99,0.44699999690055847,-2.627665185326183
691.758621,,0.0,691.456,0.43799999356269836,-2.6468014182677173
692.224138,,0.0,691.921,0.4359999895095825,-2.6506571378632127
692.689655,,0.0,692.387,0.44999998807907104,-2.6196401932480744
693.155172,,0.0,692.851,0.45899999141693115,-2.599517638417735
693.6206900000001,,0.0,693.317,0.45100000500679016,-2.616448780631649
694.0862070000001,,0.0,693.784,0.4440000057220459,-2.63123365155875
694.551724,,0.0,694.25,0.4519999921321869,-2.6133857712760666
695.0172409999999,,0.0,694.713,0.46399998664855957,-2.586882667669392
695.482759,,0.0,695.176,0.45100000500679016,-2.6149157195619255
695.948276,,0.0,695.647,0.4399999976158142,-2.6386707129798164
696.4137929999999,,0.0,696.109,0.46000000834465027,-2.5949732550566873
696.87931,,0.0,696.577,0.45100000500679016,-2.6145455552342884
697.344828,,0.0,697.039,0.4569999873638153,-2.6015276851552556
697.8103450000001,,0.0,697.505,0.45399999618530273,-2.608205147605709
698.2758620000001,,0.0,697.965,0.45500001311302185,-2.606250828223161
698.741379,,0.0,698.431,0.44600000977516174,-2.6261588193121317
699.206897,,0.0,698.895,0.4449999928474426,-2.628704182454468
699.672414,,0.0,699.361,0.4580000042915344,-2.6008032764678455
700.137931,,0.0,699.828,0.4519999921321869,-2.614337993883209
700.603448,,0.0,700.294,0.4390000104904175,-2.6431501240863837
701.068966,,0.0,700.758,0.453000009059906,-2.6131507198675505
701.534483,,0.0,701.221,0.4429999887943268,-2.635435143897885
702.0,,0.0,701.691,0.5059999823570251,-2.4986577918616892
702.4655170000001,,0.0,702.154,0.45100000500679016,-2.6189247086475973
702.931034,,0.0,702.617,0.453000009059906,-2.614959664152892
703.3965519999999,,0.0,703.08,0.48100000619888306,-2.5542892290149575
703.862069,,0.0,703.545,0.46299999952316284,-2.593765371996416
704.327586,,0.0,704.015,0.46399998664855957,-2.5917682878008708
704.793103,,0.0,704.481,0.453000009059906,-2.6158312800722427
705.2586210000001,,0.0,704.94,0.45399999618530273,-2.6136646821859375
705.724138,,0.0,705.405,0.4339999854564667,-2.657164435751551
706.189655,,0.0,705.872,0.4659999907016754,-2.5872919256430738
706.6551720000001,,0.0,706.338,0.46299999952316284,-2.593594094812893
707.12069,,0.0,706.802,0.43700000643730164,-2.649934753486792
707.586207,,0.0,707.268,0.43799999356269836,-2.6473922216473205
708.051724,,0.0,707.736,0.43799999356269836,-2.6469805649459786
708.517241,,0.0,708.198,0.47699999809265137,-2.5615659807953484
708.982759,,0.0,708.661,0.45100000500679016,-2.6177409457191216
709.4482760000001,,0.0,709.132,0.45100000500679016,-2.617263215155094
709.913793,,0.0,709.595,0.44600000977516174,-2.627686227954492
710.37931,,0.0,710.057,0.453000009059906,-2.611987480987815
710.844828,,0.0,710.523,0.45100000500679016,-2.615932176979017
711.310345,,0.0,710.987,0.4620000123977661,-2.591602281166062
711.775862,,0.0,711.453,0.44600000977516174,-2.6261547499120232
712.2413789999999,,0.0,711.917,0.45100000500679016,-2.6150238610809695
712.706897,,0.0,712.383,0.45399999618530273,-2.608325620711166
713.172414,,0.0,712.847,0.4429999887943268,-2.632208464734145
713.637931,,0.0,713.313,0.4569999873638153,-2.601707323998708
714.1034480000001,,0.0,713.78,0.43799999356269836,-2.64318350528413
714.5689659999999,,0.0,714.246,0.4569999873638153,-2.6019501377779726
715.034483,,0.0,714.709,0.4490000009536743,-2.6196138016199257
715.5,,0.0,715.172,0.44699999690055847,-2.6242715453687695
715.965517,,0.0,715.64,0.45399999618530273,-2.6093778807869823
716.431034,,0.0,716.102,0.4390000104904175,-2.642459677689053
716.896552,,0.0,716.573,0.453000009059906,-2.6123934265949877
717.362069,,0.0,717.035,0.4519999921321869,-2.615025876445365
717.827586,,0.0,717.501,0.46700000762939453,-2.5828041778089528
718.2931030000001,,0.0,717.966,0.46799999475479126,-2.5810732130794274
718.758621,,0.0,718.431,0.45100000500679016,-2.6185337185295494
719.2241379999999,,0.0,718.891,0.4490000009536743,-2.6232780960845066
719.689655,,0.0,719.356,0.44600000977516174,-2.6301534085703806
720.155172,,0.0,719.821,0.47200000286102295,-2.57378971307024
720.62069,,0.0,720.287,0.4339999854564667,-2.656792826401544
721.0862070000001,,0.0,720.75,0.45399999618530273,-2.6133617774329534
721.551724,,0.0,721.22,0.46299999952316284,-2.593819249586089
722.017241,,0.0,721.681,0.45100000500679016,-2.619949619839679
722.482759,,0.0,722.151,0.4519999921321869,-2.617679953181359
722.948276,,0.0,722.614,0.4519999921321869,-2.617514679503355
723.4137929999999,,0.0,723.076,0.4390000104904175,-2.6456032889995877
723.87931,,0.0,723.542,0.44699999690055847,-2.627879710990666
724.344828,,0.0,724.005,0.43799999356269836,-2.6471420012108204
724.810345,,0.0,724.47,0.47999998927116394,-2.5552523066620183
725.2758620000001,,0.0,724.935,0.4440000057220459,-2.6332676698543773
725.741379,,0.0,725.401,0.45100000500679016,-2.6175849759304834
726.2068969999999,,0.0,725.866,0.45100000500679016,-2.617150427967588
726.672414,,0.0,726.332,0.46700000762939453,-2.5818680307889696
727.137931,,0.0,726.798,0.46299999952316284,-2.5901816498302366
727.603448,,0.0,727.264,0.4749999940395355,-2.5636717467447943
728.068966,,0.0,727.725,0.4620000123977661,-2.591673899983038
728.534483,,0.0,728.194,0.46299999952316284,-2.5892308580485146
729.0,,0.0,728.662,0.45100000500679016,-2.6151744388123053
729.465517,,0.0,729.124,0.45100000500679016,-2.6150448550293577
729.9310340000001,,0.0,729.587,0.45100000500679016,-2.6149898639772795
730.3965519999999,,0.0,730.05,0.45899999141693115,-2.597581576584672
730.8620689999999,,0.0,730.516,0.4519999921321869,-2.612927764391703
731.327586,,0.0,730.98,0.46299999952316284,-2.58912968473137
731.793103,,0.0,731.445,0.45100000500679016,-2.6155064834972865
732.2586210000001,,0.0,731.917,0.46700000762939453,-2.5809395452830746
732.724138,,0.0,732.376,0.43799999356269836,-2.6444612380823287
733.189655,,0.0,732.843,0.47999998927116394,-2.553337475722719
733.655172,,0.0,733.309,0.45500001311302185,-2.60820938047185
734.12069,,0.0,733.773,0.4659999907016754,-2.5846635627610346
734.586207,,0.0,734.239,0.44699999690055847,-2.6264781397949317
735.0517239999999,,0.0,734.702,0.4490000009536743,-2.6225295749428583
735.517241,,0.0,735.172,0.45100000500679016,-2.6185571727174
735.982759,,0.0,735.636,0.44699999690055847,-2.6276210131146
736.448276,,0.0,736.098,0.45399999618530273,-2.612673319654278
736.913793,,0.0,736.565,0.45899999141693115,-2.6020270532311236
737.37931,,0.0,737.03,0.4390000104904175,-2.645783668473618
737.844828,,0.0,737.495,0.44699999690055847,-2.628469883137284
738.310345,,0.0,737.955,0.4399999976158142,-2.6437643254028536
738.775862,,0.0,738.421,0.45500001311302185,-2.611055607029991
739.2413789999999,,0.0,738.887,0.46299999952316284,-2.593525112486461
739.706897,,0.0,739.353,0.45100000500679016,-2.6194980971904274
740.172414,,0.0,739.818,0.453000009059906,-2.614906219026782
740.637931,,0.0,740.283,0.46000000834465027,-2.5993647371522104
741.1034480000001,,0.0,740.746,0.45500001311302185,-2.6099195815424086
741.568966,,0.0,741.216,0.4569999873638153,-2.605187091433435
742.034483,,0.0,741.68,0.45100000500679016,-2.6178586785345126
742.5,,0.0,742.143,0.45399999618530273,-2.610910045614175
742.965517,,0.0,742.606,0.45100000500679016,-2.617033706412176
743.431034,,0.0,743.076,0.45100000500679016,-2.6166347040483253
743.896552,,0.0,743.541,0.4490000009536743,-2.6206186988427995
744.362069,,0.0,744.005,0.46399998664855957,-2.587602667285692
744.827586,,0.0,744.47,0.4569999873638153,-2.6025638174082197
745.293103,,0.0,744.935,0.4410000145435333,-2.6371888357168536
745.7586210000001,,0.0,745.401,0.4749999940395355,-2.5629447925949687
746.2241379999999,,0.0,745.865,0.34700000286102295,-2.8417117219680117
746.6896549999999,,0.0,746.331,0.4699999988079071,-2.5737123561655166
747.155172,,0.0,746.791,0.45100000500679016,-2.6151544641575604
747.62069,,0.0,747.257,0.46000000834465027,-2.595664156819652
748.086207,,0.0,747.725,0.44999998807907104,-2.617634266744695
748.551724,,0.0,748.187,0.45899999141693115,-2.5982701066360216
749.017241,,0.0,748.65,0.44699999690055847,-2.6247099875871642
749.4827590000001,,0.0,749.12,0.4699999988079071,-2.574940050069721
749.9482760000001,,0.0,749.584,0.453000009059906,-2.612347997435958
750.4137929999999,,0.0,750.046,0.4519999921321869,-2.6149181991982124
750.8793099999999,,0.0,750.512,0.4440000057220459,-2.632747810388969
751.344828,,0.0,750.977,0.45100000500679016,-2.6178944420354338
751.810345,,0.0,751.443,0.4740000069141388,-2.5681666142813846
752.275862,,0.0,751.909,0.4440000057220459,-2.633879002573595
752.741379,,0.0,752.375,0.4580000042915344,-2.603692280709155
753.206897,,0.0,752.839,0.4569999873638153,-2.6061373052578967
753.672414,,0.0,753.305,0.45100000500679016,-2.6194193459480286
754.1379310000001,,0.0,753.77,0.43799999356269836,-2.6478900761110484
754.603448,,0.0,754.236,0.4429999887943268,-2.637079365732648
755.0689659999999,,0.0,754.698,0.44999998807907104,-2.621843228014075
755.534483,,0.0,755.161,0.4410000145435333,-2.641396893707988
756.0,,0.0,755.629,0.4519999921321869,-2.617311035551704
756.465517,,0.0,756.091,0.4490000009536743,-2.623663280225391
756.931034,,0.0,756.557,0.4650000035762787,-2.588563725581714
757.396552,,0.0,757.02,0.4429999887943268,-2.636202862982951
757.862069,,0.0,757.486,0.4429999887943268,-2.635871308693976
758.3275860000001,,0.0,757.95,0.4699999988079071,-2.576686062932507
758.793103,,0.0,758.416,0.41600000858306885,-2.6939524898009917
759.258621,,0.0,758.881,0.4429999887943268,-2.6347422544927857
759.724138,,0.0,759.346,0.4519999921321869,-2.61475324162495
760.189655,,0.0,759.81,0.4300000071525574,-2.6623191466901783
760.655172,,0.0,760.276,0.44600000977516174,-2.627124674838035
761.1206900000001,,0.0,760.747,0.44699999690055847,-2.624648210614777
761.5862070000001,,0.0,761.209,0.453000009059906,-2.611325189276555
762.051724,,0.0,761.673,0.45899999141693115,-2.5980561190630485
762.517241,,0.0,762.135,0.45100000500679016,-2.61534760612353
762.982759,,0.0,762.606,0.4429999887943268,-2.6327030444989004
763.448276,,0.0,763.068,0.45899999141693115,-2.5978369519140094
763.9137929999999,,0.0,763.534,0.4650000035762787,-2.58482289533246
764.37931,,0.0,763.998,0.45399999618530273,-2.6089092130431797
764.844828,,0.0,764.464,0.4749999940395355,-2.563338092400352
765.310345,,0.0,764.928,0.3840000033378601,-2.761830503837219
765.7758620000001,,0.0,765.394,0.4560000002384186,-2.605252327718591
766.241379,,0.0,765.861,0.4620000123977661,-2.5925042469842308
766.706897,,0.0,766.327,0.45500001311302185,-2.6081064418983337
767.172414,,0.0,766.792,0.45399999618530273,-2.610653923345775
767.637931,,0.0,767.25,0.4480000138282776,-2.6241006851227775
768.103448,,0.0,767.718,0.4580000042915344,-2.6026838207276994
768.568966,,0.0,768.18,0.46700000762939453,-2.583428585572921
769.034483,,0.0,768.65,0.46399998664855957,-2.590289037330667
769.5,,0.0,769.113,0.4440000057220459,-2.6341488194227507
769.9655170000001,,0.0,769.576,0.47600001096725464,-2.5646728718409784
770.4310340000001,,0.0,770.046,0.44699999690055847,-2.628041143910577
770.8965519999999,,0.0,770.505,0.453000009059906,-2.6150981026113556
771.362069,,0.0,770.972,0.4480000138282776,-2.6260584200940613
771.827586,,0.0,771.438,0.453000009059906,-2.6151686549117454
772.293103,,0.0,771.903,0.4339999854564667,-2.656503299491022
772.7586210000001,,0.0,772.368,0.4690000116825104,-2.580129566420012
773.224138,,0.0,772.835,0.45500001311302185,-2.6104516762669685
773.689655,,0.0,773.301,0.46000000834465027,-2.599326847693548
774.155172,,0.0,773.762,0.46299999952316284,-2.5925139512980513
774.62069,,0.0,774.225,0.45100000500679016,-2.6183439939747983
775.086207,,0.0,774.695,0.45100000500679016,-2.6180035674472864
775.551724,,0.0,775.157,0.45399999618530273,-2.611111152057278
776.017241,,0.0,775.621,0.44699999690055847,-2.6260000728283295
776.482759,,0.0,776.09,0.43799999356269836,-2.64525255429206
776.9482760000001,,0.0,776.556,0.4429999887943268,-2.6340213433836066
777.413793,,0.0,777.019,0.4519999921321869,-2.6141028957990837
777.87931,,0.0,777.484,0.45100000500679016,-2.6160071669175835
778.344828,,0.0,777.946,0.4729999899864197,-2.567846409406649
778.810345,,0.0,778.411,0.4569999873638153,-2.602524421958826
779.275862,,0.0,778.876,0.46399998664855957,-2.587148947663419
779.7413789999999,,0.0,779.342,0.4650000035762787,-2.584904391362858
780.206897,,0.0,779.807,0.4560000002384186,-2.604507246144463
780.672414,,0.0,780.273,0.4000000059604645,-2.726568816048243
781.137931,,0.0,780.735,0.453000009059906,-2.611219192212609
781.6034480000001,,0.0,781.205,0.4490000009536743,-2.6201094682377946
782.0689659999999,,0.0,781.669,0.45899999141693115,-2.5985489169897718
782.5344829999999,,0.0,782.131,0.45899999141693115,-2.5988177097674363
783.0,,0.0,782.595,0.4009999930858612,-2.725483570490012
783.465517,,0.0,783.065,0.4950000047683716,-2.5210211408336916
783.931034,,0.0,783.53,0.45100000500679016,-2.617226939450853
784.396552,,0.0,783.99,0.44699999690055847,-2.626290773883071
784.862069,,0.0,784.456,0.44999998807907104,-2.6200983276804477
785.327586,,0.0,784.921,0.44699999690055847,-2.6269615950942624
785.7931030000001,,0.0,785.386,0.4480000138282776,-2.6250842457827943
786.258621,,0.0,785.851,0.44699999690055847,-2.627529232770061
786.7241379999999,,0.0,786.317,0.46399998664855957,-2.5907152089096597
787.189655,,0.0,786.784,0.44600000977516174,-2.630103622201929
787.655172,,0.0,787.25,0.4620000123977661,-2.59536279030574
788.12069,,0.0,787.71,0.45500001311302185,-2.6106722001104554
788.5862070000001,,0.0,788.179,0.46700000762939453,-2.584526795695603
789.051724,,0.0,788.64,0.45399999618530273,-2.612787399248106
789.517241,,0.0,789.11,0.4569999873638153,-2.606131762148321
789.982759,,0.0,789.573,0.46700000762939453,-2.584171562330526
790.448276,,0.0,790.035,0.46399998664855957,-2.5904851518919565
790.9137929999999,,0.0,790.501,0.45100000500679016,-2.6185436445597574
791.3793099999999,,0.0,790.966,0.4429999887943268,-2.6356764695389243
791.844828,,0.0,791.431,0.4560000002384186,-2.6070346624756304
792.310345,,0.0,791.898,0.453000009059906,-2.6132379287345233
792.7758620000001,,0.0,792.364,0.4519999921321869,-2.615080765087962
793.241379,,0.0,792.828,0.45500001311302185,-2.6082160551789646
793.7068969999999,,0.0,793.294,0.44999998807907104,-2.618797778417171
794.172414,,0.0,793.761,0.4569999873638153,-2.6032622205450373
794.637931,,0.0,794.224,0.45399999618530273,-2.609548142237347
795.103448,,0.0,794.687,0.44699999690055847,-2.6245912392113633
795.568966,,0.0,795.15,0.46700000762939453,-2.5808593864726084
796.034483,,0.0,795.618,0.4699999988079071,-2.5742171212922855
796.5,,0.0,796.08,0.44699999690055847,-2.6242751415185688
796.965517,,0.0,796.545,0.46000000834465027,-2.5959590202432437
797.4310340000001,,0.0,797.016,0.4480000138282776,-2.622166098758651
797.8965519999999,,0.0,797.481,0.45100000500679016,-2.615748362903607
798.3620689999999,,0.0,797.947,0.46399998664855957,-2.5875950330117847
798.827586,,0.0,798.405,0.47600001096725464,-2.5616649496961172
799.293103,,0.0,798.877,0.45899999141693115,-2.5989533668151146
799.758621,,0.0,799.335,0.45500001311302185,-2.6079494926336686
800.224138,,0.0,799.802,0.46299999952316284,-2.5908237679519717
800.689655,,0.0,800.268,0.4429999887943268,-2.6347129156916607
801.155172,,0.0,800.732,0.4580000042915344,-2.6023526431043593
801.62069,,0.0,801.202,0.46700000762939453,-2.5830575725558944
802.086207,,0.0,801.665,0.4410000145435333,-2.6399988897940703
802.5517239999999,,0.0,802.127,0.45100000500679016,-2.6184842236477266
803.017241,,0.0,802.595,0.421999990940094,-2.6819047336031363
803.482759,,0.0,803.058,0.45100000500679016,-2.61892454563215
803.948276,,0.0,803.524,0.4429999887943268,-2.6365090638855766
804.413793,,0.0,803.987,0.46399998664855957,-2.5908620745592437
804.87931,,0.0,804.452,0.46000000834465027,-2.599626974635727
805.344828,,0.0,804.917,0.4490000009536743,-2.6235867517864015
805.810345,,0.0,805.383,0.4659999907016754,-2.5864891074555265
806.275862,,0.0,805.851,0.4790000021457672,-2.558052100445151
806.7413789999999,,0.0,806.316,0.46000000834465027,-2.599281197329484
807.206897,,0.0,806.78,0.46399998664855957,-2.5903563861273615
807.672414,,0.0,807.246,0.45399999618530273,-2.611894594348072
808.137931,,0.0,807.706,0.453000009059906,-2.6137950645438663
808.603448,,0.0,808.176,0.44999998807907104,-2.6200319866052975
809.068966,,0.0,808.639,0.4519999921321869,-2.6153640705414283
809.534483,,0.0,809.102,0.41999998688697815,-2.684768887271404
810.0,,0.0,809.568,0.42500001192092896,-2.6735728917200716
810.465517,,0.0,810.032,0.4429999887943268,-2.6340731031771414
810.931034,,0.0,810.497,0.47600001096725464,-2.5619191665221424
811.396552,,0.0,810.962,0.5379999876022339,-2.4266151587339793
811.862069,,0.0,811.427,0.4659999907016754,-2.5832859566761317
812.327586,,0.0,811.892,0.4519999921321869,-2.613638547887848
812.793103,,0.0,812.357,0.45100000500679016,-2.6157185058878185
813.2586210000001,,0.0,812.824,0.46399998664855957,-2.5873502952455443
813.724138,,0.0,813.29,0.45100000500679016,-2.6156808475504745
814.1896549999999,,0.0,813.75,0.44699999690055847,-2.6244575718665075
814.655172,,0.0,814.22,0.45500001311302185,-2.607142666620663
815.12069,,0.0,814.684,0.46000000834465027,-2.5964120516424334
815.586207,,0.0,815.147,0.4620000123977661,-2.5922602063685103
816.051724,,0.0,815.61,0.4560000002384186,-2.605573992059816
816.517241,,0.0,816.08,0.4650000035762787,-2.5862369430544887
816.982759,,0.0,816.545,0.46299999952316284,-2.5908854510927988
817.4482760000001,,0.0,817.008,0.47200000286102295,-2.571579987499036
817.913793,,0.0,817.473,0.4429999887943268,-2.6350653995678845
818.3793099999999,,0.0,817.94,0.4690000116825104,-2.578718315870712
818.844828,,0.0,818.406,0.4440000057220459,-2.633466650080747
819.310345,,0.0,818.865,0.46399998664855957,-2.5901515206385706
819.775862,,0.0,819.331,0.45100000500679016,-2.6186995737104994
820.241379,,0.0,819.799,0.4490000009536743,-2.6232436643312393
820.706897,,0.0,820.265,0.4650000035762787,-2.5885275330224657
821.172414,,0.0,820.728,0.4490000009536743,-2.6234790952601013
821.6379310000001,,0.0,821.191,0.47600001096725464,-2.564696608050265
822.1034480000001,,0.0,821.658,0.45100000500679016,-2.6191503649769214
822.5689659999999,,0.0,822.121,0.4560000002384186,-2.6081918750152853
823.034483,,0.0,822.592,0.45100000500679016,-2.618969526525137
823.5,,0.0,823.054,0.45100000500679016,-2.6188072973653496
823.965517,,0.0,823.52,0.45500001311302185,-2.6098888300329204
824.431034,,0.0,823.987,0.41499999165534973,-2.6967962245773682
824.896552,,0.0,824.445,0.4390000104904175,-2.6442434654148825
825.362069,,0.0,824.91,0.4339999854564667,-2.654853089118911
825.827586,,0.0,825.376,0.45100000500679016,-2.6175217497533345
826.293103,,0.0,825.843,0.46399998664855957,-2.5889025448168193
826.758621,,0.0,826.308,0.45100000500679016,-2.6169339251790187
827.224138,,0.0,826.775,0.4690000116825104,-2.5774416235227755
827.689655,,0.0,827.24,0.45100000500679016,-2.6164033581528123
828.155172,,0.0,827.703,0.4650000035762787,-2.5856786624611914
828.6206900000001,,0.0,828.165,0.44600000977516174,-2.6268866509679056
829.0862070000001,,0.0,828.635,0.4440000057220459,-2.6311010270963204
829.551724,,0.0,829.098,0.375,-2.7813343545862894
830.017241,,0.0,829.564,0.45899999141693115,-2.5982876325665814
830.482759,,0.0,830.029,0.46399998664855957,-2.5874066221828462
830.948276,,0.0,830.495,0.4620000123977661,-2.591826292938004
831.4137929999999,,0.0,830.961,0.44699999690055847,-2.6246169671235684
831.87931,,0.0,831.42,0.4560000002384186,-2.6051654993594493
832.344828,,0.0,831.888,0.453000009059906,-2.611898517942564
832.810345,,0.0,832.354,0.4749999940395355,-2.564199619240134
833.2758620000001,,0.0,832.821,0.45500001311302185,-2.60803080823036
833.741379,,0.0,833.286,0.46000000834465027,-2.597415215881215
834.2068969999999,,0.0,833.747,0.4560000002384186,-2.606418848052223
834.672414,,0.0,834.217,0.45100000500679016,-2.617604024959114
835.137931,,0.0,834.68,0.4490000009536743,-2.6222478264808067
835.603448,,0.0,835.143,0.45100000500679016,-2.618163197756942
836.068966,,0.0,835.606,0.46399998664855957,-2.590091294741592
836.534483,,0.0,836.076,0.45100000500679016,-2.618634313903808
837.0,,0.0,836.542,0.46700000762939453,-2.5839600942427277
837.4655170000001,,0.0,837.005,0.44699999690055847,-2.6276754389994195
837.9310340000001,,0.0,837.471,0.4690000116825104,-2.579841507563742
838.3965519999999,,0.0,837.936,0.45100000500679016,-2.6191047515046004
838.862069,,0.0,838.401,0.44600000977516174,-2.62999573008156
839.327586,,0.0,838.866,0.4410000145435333,-2.640837686587605
839.793103,,0.0,839.332,0.44600000977516174,-2.629845930036518
840.2586210000001,,0.0,839.791,0.45899999141693115,-2.601380396526507
840.724138,,0.0,840.256,0.4480000138282776,-2.6251616364391714
841.189655,,0.0,840.724,0.47999998927116394,-2.555225377019659
841.655172,,0.0,841.186,0.45100000500679016,-2.61815702726652
842.12069,,0.0,841.655,0.4569999873638153,-2.6048142155172336
842.586207,,0.0,842.117,0.46700000762939453,-2.582743117580039
843.0517239999999,,0.0,842.58,0.4390000104904175,-2.643455637835878
843.517241,,0.0,843.05,0.4490000009536743,-2.6213837230166046
843.982759,,0.0,843.516,0.45100000500679016,-2.6167537741280436
844.4482760000001,,0.0,843.981,0.4560000002384186,-2.6056084190401516
844.913793,,0.0,844.447,0.46399998664855957,-2.587954736972127
845.37931,,0.0,844.906,0.4300000071525574,-2.661838724940088
845.844828,,0.0,845.371,0.45100000500679016,-2.6159378602027257
846.310345,,0.0,845.837,0.45899999141693115,-2.5984043316936947
846.775862,,0.0,846.302,0.4699999988079071,-2.574381801670416
847.2413789999999,,0.0,846.769,0.45100000500679016,-2.6157671740264705
847.706897,,0.0,847.235,0.45100000500679016,-2.6158073727654823
848.172414,,0.0,847.699,0.4429999887943268,-2.6333252253242394
848.637931,,0.0,848.161,0.45100000500679016,-2.616030523038218
849.1034480000001,,0.0,848.629,0.46299999952316284,-2.5900627598480686
849.5689659999999,,0.0,849.091,0.4690000116825104,-2.577202364344816
850.0344829999999,,0.0,849.557,0.4440000057220459,-2.6319093676048912
850.5,,0.0,850.02,0.44699999690055847,-2.6256370584136577
850.965517,,0.0,850.486,0.4490000009536743,-2.621558733283886
851.431034,,0.0,850.95,0.4560000002384186,-2.6065939950927786
851.896552,,0.0,851.416,0.4359999895095825,-2.65045122226389
852.362069,,0.0,851.881,0.43700000643730164,-2.6485473252912235
852.827586,,0.0,852.347,0.44999998807907104,-2.620482193119503
853.2931030000001,,0.0,852.814,0.4569999873638153,-2.605463071932826
853.758621,,0.0,853.28,0.45899999141693115,-2.601303870950728
854.2241379999999,,0.0,853.743,0.4300000071525574,-2.664643864109626
854.689655,,0.0,854.206,0.45100000500679016,-2.6190084119487795
855.155172,,0.0,854.676,0.4729999899864197,-2.571147156755892
855.62069,,0.0,855.139,0.45399999618530273,-2.612560334619369
856.0862070000001,,0.0,855.606,0.4620000123977661,-2.5950993942477685
856.551724,,0.0,856.068,0.45899999141693115,-2.601554176532238
857.017241,,0.0,856.534,0.46399998664855957,-2.5905325505516164
857.482759,,0.0,856.997,0.46399998664855957,-2.5903607326549634
857.948276,,0.0,857.463,0.5529999732971191,-2.396249184698297
858.4137929999999,,0.0,857.928,0.45100000500679016,-2.6182246236314635
858.8793099999999,,0.0,858.394,0.45399999618530273,-2.6114167847674064
859.344828,,0.0,858.859,0.45100000500679016,-2.6176658840436975
859.810345,,0.0,859.324,0.45100000500679016,-2.6173730457317754
860.275862,,0.0,859.791,0.44999998807907104,-2.619261958441029
860.741379,,0.0,860.25,0.45899999141693115,-2.5993761332319933
861.206897,,0.0,860.718,0.47999998927116394,-2.553366085466839
861.672414,,0.0,861.18,0.47699999809265137,-2.559670111066676
862.137931,,0.0,861.65,0.46399998664855957,-2.587794209917689
862.603448,,0.0,862.113,0.4519999921321869,-2.6137799742796837
863.068966,,0.0,862.576,0.4399999976158142,-2.639811815171412
863.534483,,0.0,863.046,0.4410000145435333,-2.6375712899268566
864.0,,0.0,863.505,0.4519999921321869,-2.613596225223465
864.465517,,0.0,863.97,0.45100000500679016,-2.6158164854019708
864.9310340000001,,0.0,864.435,0.45399999618530273,-2.6093721289211915
865.3965519999999,,0.0,864.902,0.45100000500679016,-2.616046526720929
865.8620689999999,,0.0,865.368,0.45899999141693115,-2.598798193110611
866.327586,,0.0,865.836,0.4659999907016754,-2.5837647301165965
866.793103,,0.0,866.295,0.46299999952316284,-2.5905468030988366
867.258621,,0.0,866.769,0.45500001311302185,-2.608243620495924
867.724138,,0.0,867.228,0.4480000138282776,-2.6237755000321235
868.189655,,0.0,867.691,0.44699999690055847,-2.6262409289055184
868.655172,,0.0,868.161,0.4399999976158142,-2.641775060558218
869.1206900000001,,0.0,868.625,0.4259999990463257,-2.6725483649409165
869.586207,,0.0,869.087,0.46299999952316284,-2.5921907347724678
870.0517239999999,,0.0,869.553,0.45899999141693115,-2.6011290559435754
870.517241,,0.0,870.015,0.45100000500679016,-2.618745939709285
870.982759,,0.0,870.481,0.4699999988079071,-2.5774976035564623
871.448276,,0.0,870.946,0.4569999873638153,-2.6059195587881945
871.913793,,0.0,871.412,0.45100000500679016,-2.6190416822815505
872.37931,,0.0,871.876,0.5130000114440918,-2.4839643465220713
872.844828,,0.0,872.342,0.46299999952316284,-2.592843370714525
873.3103450000001,,0.0,872.807,0.46299999952316284,-2.5927401259495975
873.775862,,0.0,873.272,0.4560000002384186,-2.607842197492031
874.2413789999999,,0.0,873.735,0.4819999933242798,-2.55100830641861
874.706897,,0.0,874.205,0.453000009059906,-2.6139653750442453
875.172414,,0.0,874.665,0.44699999690055847,-2.626786811387037
875.637931,,0.0,875.135,0.4569999873638153,-2.60473170159731
876.103448,,0.0,875.598,0.46299999952316284,-2.591381153963354
876.568966,,0.0,876.061,0.453000009059906,-2.612887586519084
877.034483,,0.0,876.527,0.46399998664855957,-2.588649891608425
877.5,,0.0,876.991,0.48500001430511475,-2.5426409285309592
877.965517,,0.0,877.457,0.4480000138282776,-2.6230167186964195
878.431034,,0.0,877.921,0.45100000500679016,-2.616277786354833
878.896552,,0.0,878.387,0.45100000500679016,-2.616112827123289
879.362069,,0.0,878.854,0.45100000500679016,-2.6159908448989553
879.827586,,0.0,879.32,0.44200000166893005,-2.6355234493819584
880.293103,,0.0,879.784,0.47200000286102295,-2.570137315322261
880.7586210000001,,0.0,880.25,0.47200000286102295,-2.570158825399397
881.224138,,0.0,880.713,0.42500001192092896,-2.6726243307337856
881.689655,,0.0,881.176,0.46000000834465027,-2.596486762735116
882.155172,,0.0,881.643,0.4429999887943268,-2.6336810856098634
882.62069,,0.0,882.105,0.46299999952316284,-2.590301770459267
883.086207,,0.0,882.573,0.44699999690055847,-2.6253837944922025
883.551724,,0.0,883.036,0.45100000500679016,-2.616915605319453
884.017241,,0.0,883.502,0.460999995470047,-2.5953903425211053
884.482759,,0.0,883.969,0.45100000500679016,-2.617444147915939
884.9482760000001,,0.0,884.435,0.4620000123977661,-2.5937438950418903
885.413793,,0.0,884.898,0.4490000009536743,-2.622320454320222
885.87931,,0.0,885.364,0.4569999873638153,-2.6051267036654484
886.344828,,0.0,885.825,0.4560000002384186,-2.6075146632662825
886.810345,,0.0,886.29,0.46000000834465027,-2.5989766432263046
887.275862,,0.0,886.758,0.4659999907016754,-2.586042999485424
887.741379,,0.0,887.221,0.46000000834465027,-2.5992103734183742
888.206897,,0.0,887.691,0.46299999952316284,-2.592724594049383
888.672414,,0.0,888.154,0.47200000286102295,-2.5731201047392296
889.1379310000001,,0.0,888.617,0.45500001311302185,-2.610113880417569
889.6034480000001,,0.0,889.08,0.453000009059906,-2.6143836145577457
890.0689659999999,,0.0,889.545,0.45399999618530273,-2.612076623390565
890.534483,,0.0,890.015,0.4490000009536743,-2.622805217362547
891.0,,0.0,890.481,0.4690000116825104,-2.579036632805658
891.465517,,0.0,890.94,0.47200000286102295,-2.572279965366265
891.931034,,0.0,891.406,0.47200000286102295,-2.572040828008139
892.396552,,0.0,891.873,0.4490000009536743,-2.6219004117380336
892.862069,,0.0,892.338,0.4399999976158142,-2.6412578135302986
893.327586,,0.0,892.803,0.4429999887943268,-2.634479103336294
893.7931030000001,,0.0,893.269,0.4490000009536743,-2.621179722993324
894.258621,,0.0,893.732,0.45100000500679016,-2.616617092895728
894.7241379999999,,0.0,894.202,0.44699999690055847,-2.6251547510953026
895.189655,,0.0,894.665,0.4560000002384186,-2.6054036218170333
895.655172,,0.0,895.127,0.47200000286102295,-2.570439300161574
896.1206900000001,,0.0,895.591,0.4650000035762787,-2.5856236394830168
896.5862070000001,,0.0,896.061,0.4490000009536743,-2.6204575512391672
897.051724,,0.0,896.52,0.4359999895095825,-2.6487986316190053
897.517241,,0.0,896.991,0.46399998664855957,-2.587857446090925
897.982759,,0.0,897.457,0.45100000500679016,-2.6162802934661142
898.448276,,0.0,897.917,0.45100000500679016,-2.6164165678872924
898.9137929999999,,0.0,898.383,0.45899999141693115,-2.5991548866074448
899.37931,,0.0,898.847,0.4729999899864197,-2.5688462602263953
899.844828,,0.0,899.313,0.4560000002384186,-2.6060939486985433
900.310345,,0.0,899.78,0.45500001311302185,-2.6084949379040805
900.7758620000001,,0.0,900.245,0.45500001311302185,-2.608722142228297
901.241379,,0.0,900.706,0.44600000977516174,-2.6285549178613348
901.7068969999999,,0.0,901.176,0.4339999854564667,-2.654914798062993
902.172414,,0.0,901.639,0.44699999690055847,-2.6267930108201556
902.637931,,0.0,902.102,0.453000009059906,-2.613899712513679
903.103448,,0.0,902.573,0.4580000042915344,-2.6031569057672526
903.568966,,0.0,903.035,0.4790000021457672,-2.5575221901644376
904.034483,,0.0,903.501,0.46700000762939453,-2.583745218796551
904.5,,0.0,903.961,0.492000013589859,-2.529317933616184
904.9655170000001,,0.0,904.427,0.45899999141693115,-2.601211130230908
905.4310340000001,,0.0,904.892,0.4410000145435333,-2.640384890134473
905.8965519999999,,0.0,905.357,0.4659999907016754,-2.585839880603353
906.362069,,0.0,905.824,0.44999998807907104,-2.6205851812470007
906.827586,,0.0,906.29,0.4480000138282776,-2.624799301566681
907.293103,,0.0,906.75,0.4729999899864197,-2.570164865156313
907.7586210000001,,0.0,907.22,0.4519999921321869,-2.6157283416216455
908.224138,,0.0,907.68,0.45100000500679016,-2.617705586579261
908.689655,,0.0,908.15,0.4569999873638153,-2.604426144475829
909.155172,,0.0,908.613,0.44699999690055847,-2.6260056214163603
909.62069,,0.0,909.076,0.4790000021457672,-2.5560888114031943
910.086207,,0.0,909.542,0.453000009059906,-2.6125465222656694
910.5517239999999,,0.0,910.005,0.44999998807907104,-2.618914606896915
911.017241,,0.0,910.47,0.46399998664855957,-2.5882704548388795
911.482759,,0.0,910.935,0.4519999921321869,-2.6143001591325796
911.948276,,0.0,911.401,0.46299999952316284,-2.5902532990424154
912.413793,,0.0,911.866,0.4569999873638153,-2.6032781249190617
912.87931,,0.0,912.332,0.45899999141693115,-2.598909466893801
913.344828,,0.0,912.798,0.4440000057220459,-2.6316138668832454
913.810345,,0.0,913.264,0.453000009059906,-2.612065903532709
914.275862,,0.0,913.732,0.45100000500679016,-2.616515915379508
914.7413789999999,,0.0,914.195,0.47600001096725464,-2.562171210037348
915.206897,,0.0,914.657,0.45899999141693115,-2.5993537514785485
915.672414,,0.0,915.12,0.46299999952316284,-2.5908035603429087
916.137931,,0.0,915.588,0.45100000500679016,-2.6171255066254058
916.6034480000001,,0.0,916.051,0.453000009059906,-2.6129544476951
917.0689659999999,,0.0,916.517,0.5540000200271606,-2.3930972384258826
917.5344829999999,,0.0,916.984,0.4490000009536743,-2.622034025446352
0.0,,0.0,917.45,0.4440000057220459,-2.633094458739359
13.5,,0.0,917.917,0.4519999921321869,-2.615817882561706
27.0,,0.0,918.375,0.46399998664855957,-2.5898069333639717
40.5,,0.0,918.847,0.45899999141693115,-2.600808694775614
54.0,,0.0,919.305,0.4659999907016754,-2.585638994755789
67.5,,0.0,919.772,0.46399998664855957,-2.590047058199084
81.0,,0.0,920.238,0.4779999852180481,-2.559565058436634
94.5,,0.0,920.706,0.44200000166893005,-2.6379837898549066
108.0,,0.0,921.169,0.45899999141693115,-2.600904074691049
121.5,,0.0,921.632,0.42899999022483826,-2.666193142128854
135.0,,0.0,922.102,0.4490000009536743,-2.6225250739746513
148.5,,0.0,922.56,0.45500001311302185,-2.6093365081178987
162.0,,0.0,923.032,0.4519999921321869,-2.615737723541735
175.5,,0.0,923.49,0.44600000977516174,-2.6286612973810644
189.0,,0.0,923.955,0.45100000500679016,-2.6176113463019677
202.5,,0.0,924.42,0.44699999690055847,-2.6261658980608016
216.0,,0.0,924.888,0.453000009059906,-2.6129356279898484
229.5,,0.0,925.354,0.4580000042915344,-2.601890508413923
243.0,,0.0,925.821,0.44999998807907104,-2.6191788927345803
256.5,,0.0,926.286,0.46399998664855957,-2.5885522622534634
270.0,,0.0,926.747,0.44699999690055847,-2.625482760323441
283.5,,0.0,927.217,0.4569999873638153,-2.6036121239740155
297.0,,0.0,927.68,0.4490000009536743,-2.6209819576994193
310.5,,0.0,928.143,0.44699999690055847,-2.6253064851289083
324.0,,0.0,928.606,0.45899999141693115,-2.5991571732784915
337.5,,0.0,929.076,0.47999998927116394,-2.55342626964128
351.0,,0.0,929.542,0.44699999690055847,-2.625367266931869
364.5,,0.0,930.005,0.44999998807907104,-2.618900819208167
378.0,,0.0,930.47,0.3720000088214874,-2.7889282554540142
391.5,,0.0,930.935,0.4410000145435333,-2.6387159564216764
405.0,,0.0,931.401,0.46000000834465027,-2.597452335265947
418.5,,0.0,931.866,0.43799999356269836,-2.6455234272553585
432.0,,0.0,932.332,0.46700000762939453,-2.5824885461752367
445.5,,0.0,932.791,0.4729999899864197,-2.569562180358822
459.0,,0.0,933.257,0.44699999690055847,-2.6263469740082805
472.5,,0.0,933.725,0.4480000138282776,-2.624298977869186
486.0,,0.0,934.187,0.44699999690055847,-2.626595442228371
499.5,,0.0,934.65,0.4129999876022339,-2.700771394114015
513.0,,0.0,935.12,0.43799999356269836,-2.6463887972974898
526.5,,0.0,935.581,0.46399998664855957,-2.5898060717933604
540.0,,0.0,936.051,0.4399999976158142,-2.6421314790131065
553.5,,0.0,936.516,0.46399998664855957,-2.589856480117241
567.0,,0.0,936.981,0.3880000114440918,-2.7554219002480576
580.5,,0.0,937.446,0.45399999618530273,-2.611596631692976
594.0,,0.0,937.905,0.4429999887943268,-2.635505291476717
607.5,,0.0,938.371,0.44699999690055847,-2.626713305588084
621.0,,0.0,938.835,0.45100000500679016,-2.6179031662537815
634.5,,0.0,939.301,0.46299999952316284,-2.5916485776063705
648.0,,0.0,939.773,0.4790000021457672,-2.556667076211331
661.5,,0.0,940.232,0.453000009059906,-2.6131804193260995
675.0,,0.0,940.695,0.44999998807907104,-2.619581713367711
688.5,,0.0,941.165,0.45100000500679016,-2.617270330756584
702.0,,0.0,941.628,0.45100000500679016,-2.6171441598540857
715.5,,0.0,942.091,0.460999995470047,-2.5952420911380663
729.0,,0.0,942.556,0.44999998807907104,-2.619105930666623
742.5,,0.0,943.026,0.46399998664855957,-2.588521142088823
756.0,,0.0,943.485,0.3869999945163727,-2.756214914298638
769.5,,0.0,943.95,0.4620000123977661,-2.5927786912528097
783.0,,0.0,944.416,0.4620000123977661,-2.5927656422593537
796.5,,0.0,944.88,0.4480000138282776,-2.623277222917436
810.0,,0.0,945.346,0.4699999988079071,-2.5753805738115387
823.5,,0.0,945.81,0.45100000500679016,-2.616830081000463
837.0,,0.0,946.275,0.46399998664855957,-2.5885824797815835
850.5,,0.0,946.743,0.45899999141693115,-2.599567425810932
864.0,,0.0,947.205,0.45100000500679016,-2.6171020961800746
877.5,,0.0,947.673,0.4650000035762787,-2.586716794759302
891.0,,0.0,948.135,0.46700000762939453,-2.582481170708801
904.5,,0.0,948.606,0.4429999887943268,-2.634892354102729
,,,949.068,0.45100000500679016,-2.617585107714975
,,,949.535,0.44999998807907104,-2.619880267860367
,,,949.998,0.46399998664855957,-2.589485866419968
,,,950.464,0.45100000500679016,-2.617901337475665
,,,950.928,0.4749999940395355,-2.5656899278105882
,,,951.394,0.4569999873638153,-2.604962045319379
,,,951.859,0.46700000762939453,-2.583210433809628
,,,952.324,0.45500001311302185,-2.6093667840225705
,,,952.791,0.5170000195503235,-2.474279560660205
,,,953.257,0.4490000009536743,-2.6223929944120146
,,,953.717,0.43799999356269836,-2.6463025895452557
,,,954.187,0.46000000834465027,-2.598299282950552
,,,954.65,0.43700000643730164,-2.6483202751432944
,,,955.113,0.46000000834465027,-2.5981115883983152
,,,955.576,0.45100000500679016,-2.617611107792195
,,,956.046,0.45399999618530273,-2.610961857056858
,,,956.512,0.4560000002384186,-2.606490128520289
,,,956.977,0.4620000123977661,-2.5933063203715165
,,,957.435,0.4620000123977661,-2.5932004720489368
,,,957.907,0.44699999690055847,-2.625784143687662
,,,958.365,0.45100000500679016,-2.6169868528040037
,,,958.832,0.4490000009536743,-2.621277783169762
,,,959.298,0.45899999141693115,-2.5994431712302175
,,,959.77,0.44600000977516174,-2.627737058265971
,,,960.228,0.453000009059906,-2.612478601317721
,,,960.691,0.44600000977516174,-2.6277420332655823
,,,961.161,0.4729999899864197,-2.568951239744647
,,,961.621,0.4659999907016754,-2.5842522395971126
,,,962.091,0.46399998664855957,-2.588675694310087
,,,962.556,0.4429999887943268,-2.6345073957153753
,,,963.019,0.4569999873638153,-2.6040980547897297
,,,963.485,0.45399999618530273,-2.6107341308906222
,,,963.946,0.4830000102519989,-2.5476576649723084
,,,964.412,0.43799999356269836,-2.6458017901526065
,,,964.876,0.4410000145435333,-2.639368675682483
,,,965.342,0.44600000977516174,-2.6285734776916043
,,,965.807,0.4519999921321869,-2.6155911352657286
,,,966.272,0.4699999988079071,-2.576452731849599
,,,966.736,0.45100000500679016,-2.617909092704113
,,,967.206,0.45100000500679016,-2.617954175827588
,,,967.669,0.4490000009536743,-2.622338520307263
,,,968.132,0.460999995470047,-2.596202714497923
,,,968.595,0.45100000500679016,-2.617977652115581
,,,969.065,0.4569999873638153,-2.604875241452563
,,,969.531,0.4620000123977661,-2.5939333372967868
,,,969.996,0.44999998807907104,-2.620012173432133
,,,970.462,0.453000009059906,-2.613397350802583
,,,970.921,0.4659999907016754,-2.5849849211785116
,,,971.387,0.44699999690055847,-2.6262809592076164
,,,971.854,0.4749999940395355,-2.565175609429043
,,,972.32,0.45399999618530273,-2.61082245775886
,,,972.785,0.453000009059906,-2.6128986284066475
,,,973.251,0.45899999141693115,-2.5997305463736464
,,,973.713,0.46399998664855957,-2.5887503721078238
,,,974.176,0.46000000834465027,-2.5973900895977446
,,,974.647,0.44999998807907104,-2.619116778888365
,,,975.109,0.4429999887943268,-2.6343251607348868
,,,975.577,0.44699999690055847,-2.6255879442119796
,,,976.039,0.4269999861717224,-2.6691590666442155
,,,976.504,0.453000009059906,-2.6125332086719832
,,,976.969,0.45399999618530273,-2.610393296640152
,,,977.435,0.4690000116825104,-2.5777696659623417
,,,977.899,0.4519999921321869,-2.614878057083068
,,,978.365,0.45100000500679016,-2.617141018078572
,,,978.831,0.46399998664855957,-2.5889131351111785
,,,979.29,0.4749999940395355,-2.5650486848729575
,,,979.758,0.4490000009536743,-2.6217967667956983
,,,980.221,0.46399998664855957,-2.589219690612094
,,,980.691,0.45100000500679016,-2.6176407507369657
,,,981.154,0.45500001311302185,-2.6090175394235198
,,,981.617,0.45100000500679016,-2.617813298273159
,,,982.08,0.4480000138282776,-2.624417416400482
,,,982.545,0.4749999940395355,-2.565646455186919
,,,983.015,0.4560000002384186,-2.607075183227234
,,,983.481,0.45899999141693115,-2.6005544691018367
,,,983.94,0.4560000002384186,-2.6070861664367286
,,,984.405,0.4699999988079071,-2.5765613172048965
,,,984.873,0.44699999690055847,-2.6266277205141995
,,,985.339,0.4440000057220459,-2.6331044525421414
,,,985.806,0.46399998664855957,-2.589457838714132
,,,986.272,0.4180000126361847,-2.68959017920067
,,,986.732,0.46399998664855957,-2.5892784929076096
,,,987.195,0.45100000500679016,-2.6175011578007568
,,,987.665,0.4519999921321869,-2.6152199184883247
,,,988.127,0.45500001311302185,-2.608582048018483
,,,988.591,0.45100000500679016,-2.6171989290164492
,,,989.061,0.4180000126361847,-2.6890047843498075
,,,989.527,0.4569999873638153,-2.6039597687420106
,,,989.99,0.49399998784065247,-2.5232848902706877
,,,990.456,0.453000009059906,-2.612558363952546
,,,990.92,0.46700000762939453,-2.582022309530908
,,,991.386,0.44699999690055847,-2.625578385218136
,,,991.847,0.45500001311302185,-2.608151294973274
,,,992.312,0.45399999618530273,-2.610351347249159
,,,992.776,0.44999998807907104,-2.6191059313702603
,,,993.242,0.44699999690055847,-2.6256994389117563
,,,993.71,0.44200000166893005,-2.6366663177435496
,,,994.173,0.46299999952316284,-2.591001854042447
,,,994.635,0.4429999887943268,-2.6346723606389157
,,,995.105,0.45100000500679016,-2.617347928080251
,,,995.576,0.460999995470047,-2.5956699271683887
,,,996.031,0.44999998807907104,-2.6197432514321375
,,,996.497,0.44600000977516174,-2.6285622935290327
,,,996.962,0.4410000145435333,-2.639553224591011
,,,997.427,0.45100000500679016,-2.6178543462610735
,,,997.895,0.44699999690055847,-2.6266431694259174
,,,998.361,0.44699999690055847,-2.6267012989949183
,,,998.825,0.45899999141693115,-2.60059728064012
,,,999.291,0.4650000035762787,-2.5875446519535354
,,,999.754,0.45100000500679016,-2.6180435317948003
,,,1000.216,0.45500001311302185,-2.6093054392828394
,,,1000.684,0.45100000500679016,-2.617976109833984
,,,1001.147,0.44699999690055847,-2.626627781470342
,,,1001.61,0.44200000166893005,-2.6374413609198917
,,,1002.08,0.45100000500679016,-2.6177397721987914
,,,1002.545,0.4650000035762787,-2.587133383755489
,,,1003.008,0.47200000286102295,-2.5717685926267224
,,,1003.474,0.44699999690055847,-2.6261153807919535
,,,1003.94,0.45500001311302185,-2.608566168412153
,,,1004.405,0.47200000286102295,-2.5714125811047026
,,,1004.866,0.45899999141693115,-2.599625361180151
,,,1005.332,0.45100000500679016,-2.61695588994098
,,,1005.798,0.46700000762939453,-2.582013672567618
,,,1006.264,0.453000009059906,-2.6124486172140897
,,,1006.725,0.46399998664855957,-2.5884375808082916
,,,1007.195,0.46000000834465027,-2.597128155142375
,,,1007.658,0.48899999260902405,-2.533945885368644
,,,1008.12,0.43799999356269836,-2.6450783614939772
,,,1008.591,0.44699999690055847,-2.6255155673434025
,,,1009.053,0.4830000102519989,-2.547151688754862
,,,1009.519,0.46000000834465027,-2.59734758079146
,,,1009.983,0.4560000002384186,-2.606166226839482
,,,1010.449,0.4650000035762787,-2.5866766751635923
,,,1010.913,0.46399998664855957,-2.5889839389188265
,,,1011.378,0.4690000116825104,-2.5782251310475943
,,,1011.843,0.4580000042915344,-2.602326346814722
,,,1012.309,0.45500001311302185,-2.608995776963386
,,,1012.774,0.4749999940395355,-2.5655492462425786
,,,1013.239,0.4410000145435333,-2.639738236079134
,,,1013.702,0.4490000009536743,-2.6224093374471518
,,,1014.165,0.47600001096725464,-2.563667610098956
,,,1014.635,0.44600000977516174,-2.6290868407921537
,,,1015.098,0.4560000002384186,-2.6073361318255617
,,,1015.564,0.47200000286102295,-2.5724878081951554
,,,1016.029,0.4519999921321869,-2.616044013330258
,,,1016.495,0.460999995470047,-2.596392882199688
,,,1016.961,0.453000009059906,-2.6137534670837703
,,,1017.42,0.4569999873638153,-2.6049469334220428
,,,1017.887,0.4569999873638153,-2.6048341770332635
,,,1018.353,0.45500001311302185,-2.6090612046414923
,,,1018.817,0.45899999141693115,-2.6002029551846113
,,,1019.283,0.4440000057220459,-2.6327301199044775
,,,1019.747,0.46399998664855957,-2.5890007288271764
,,,1020.216,0.44699999690055847,-2.625882259418022
,,,1020.68,0.4569999873638153,-2.603946401081805
,,,1021.143,0.45100000500679016,-2.61687995607964
,,,1021.606,0.44999998807907104,-2.618936119474447
,,,1022.076,0.45399999618530273,-2.610119023950424
,,,1022.541,0.46000000834465027,-2.596968011822456
,,,1023.005,0.4560000002384186,-2.6056295887847947
,,,1023.471,0.48100000619888306,-2.5511380220939635
,,,1023.936,0.44200000166893005,-2.6361088584061583
,,,1024.401,0.45100000500679016,-2.6165345168944456
,,,1024.862,0.45899999141693115,-2.5991684936660078
,,,1025.327,0.4350000023841858,-2.651547217869549
,,,1025.795,0.4519999921321869,-2.6146272992478914
,,,1026.26,0.43799999356269836,-2.645268067798223
,,,1026.721,0.46399998664855957,-2.5887809749038366
,,,1027.191,0.46700000762939453,-2.5824152080090474
,,,1027.654,0.44600000977516174,-2.6283439845266883
,,,1028.117,0.4699999988079071,-2.5762351674912436
,,,1028.584,0.4490000009536743,-2.622161294324613
,,,1029.047,0.4560000002384186,-2.607075557100073
,,,1029.512,0.47200000286102295,-2.572366697998447
,,,1029.98,0.4569999873638153,-2.605175302326283
,,,1030.446,0.4620000123977661,-2.594385936317038
,,,1030.91,0.45899999141693115,-2.6009975105579914
,,,1031.376,0.46399998664855957,-2.5901486924401556
,,,1031.836,0.45899999141693115,-2.601053383085126
,,,1032.301,0.4359999895095825,-2.651140612122221
,,,1032.773,0.4580000042915344,-2.603156288036701
,,,1033.231,0.44699999690055847,-2.6270362802364766
,,,1033.702,0.4480000138282776,-2.624743574343291
,,,1034.164,0.45100000500679016,-2.618068134486448
,,,1034.625,0.4869999885559082,-2.5394750747616635
,,,1035.095,0.45100000500679016,-2.6177265922622444
,,,1035.561,0.46399998664855957,-2.5892122088917295
,,,1036.024,0.45100000500679016,-2.6173368600531446
,,,1036.489,0.4429999887943268,-2.6345691904072917
,,,1036.954,0.4620000123977661,-2.5929852002662956
,,,1037.419,0.46399998664855957,-2.58845113795455
,,,1037.883,0.46399998664855957,-2.588292423595742
,,,1038.349,0.45399999618530273,-2.6099436935782623
,,,1038.814,0.44999998807907104,-2.618551649465155
,,,1039.279,0.4729999899864197,-2.568368229972669
,,,1039.74,0.4620000123977661,-2.592293184989973
,,,1040.209,0.46700000762939453,-2.581395749900135
,,,1040.672,0.4569999873638153,-2.603214833996884
,,,1041.135,0.4480000138282776,-2.6228918170572406
,,,1041.603,0.45100000500679016,-2.6164604855877887
,,,1042.065,0.44999998807907104,-2.618776365261168
,,,1042.531,0.453000009059906,-2.6124061224125303
,,,1042.997,0.45100000500679016,-2.616952747541635
,,,1043.463,0.4650000035762787,-2.5866585513100997
,,,1043.928,0.46399998664855957,-2.5890548513195
,,,1044.394,0.4650000035762787,-2.5870974743151502
,,,1044.859,0.46399998664855957,-2.5894942004932964
,,,1045.324,0.45100000500679016,-2.6180247091838114
,,,1045.791,0.4490000009536743,-2.622574055063738
,,,1046.257,0.45100000500679016,-2.6183867415306112
,,,1046.717,0.4359999895095825,-2.6512090611913317
,,,1047.187,0.453000009059906,-2.614282425237545
,,,1047.65,0.453000009059906,-2.6143564819359772
,,,1048.113,0.44999998807907104,-2.620927046923864
,,,1048.576,0.46399998664855957,-2.5904192731637417
,,,1049.046,0.46700000762939453,-2.583834474885454
,,,1049.505,0.5,-2.511848167932772
,,,1049.97,0.46399998664855957,-2.590148365488963
,,,1050.435,0.44999998807907104,-2.6204827022422554
,,,1050.902,0.41499999165534973,-2.6965399401887495
,,,1051.368,0.45100000500679016,-2.617891137888016
,,,1051.832,0.46799999475479126,-2.5806204081104975
,,,1052.297,0.4580000042915344,-2.6021629129134634
,,,1052.769,0.4390000104904175,-2.6433110218676976
,,,1053.227,0.453000009059906,-2.6125698583080172
,,,1053.695,0.4440000057220459,-2.631951385653848
,,,1054.157,0.44699999690055847,-2.62521015479506
,,,1054.621,0.453000009059906,-2.6119605396171512
,,,1055.091,0.4620000123977661,-2.592207987717774
,,,1055.556,0.36500000953674316,-2.8034314740820694
,,,1056.019,0.45100000500679016,-2.616006835590183
,,,1056.485,0.45500001311302185,-2.607276788307024
,,,1056.95,0.453000009059906,-2.6116630567616563
,,,1057.416,0.46299999952316284,-2.589949112117544
,,,1057.881,0.46000000834465027,-2.596598866464848
,,,1058.347,0.45100000500679016,-2.6163586726371504
,,,1058.807,0.46399998664855957,-2.5882220574049133
,,,1059.272,0.45399999618530273,-2.6102224954604973
,,,1059.736,0.46299999952316284,-2.5908503432228613
,,,1060.205,0.47200000286102295,-2.571492491727615
,,,1060.669,0.45100000500679016,-2.617500727198559
,,,1061.131,0.4580000042915344,-2.602506069448036
,,,1061.595,0.44999998807907104,-2.6201829068408866
,,,1062.065,0.45399999618530273,-2.6117000796803715
,,,1062.53,0.4819999933242798,-2.550906144075757
,,,1062.997,0.45100000500679016,-2.6186218673247184
,,,1063.455,0.4659999907016754,-2.58608392073827
,,,1063.92,0.4650000035762787,-2.58836395379082
,,,1064.386,0.453000009059906,-2.614565470594085
,,,1064.851,0.46000000834465027,-2.5993273473965854
,,,1065.317,0.45500001311302185,-2.610187134713682
,,,1065.784,0.48100000619888306,-2.553463312994376
,,,1066.249,0.45399999618530273,-2.612164220461619
,,,1066.71,0.44699999690055847,-2.6272526464064017
,,,1067.18,0.453000009059906,-2.6139845721602346
,,,1067.643,0.4490000009536743,-2.6224748099202495
,,,1068.105,0.44699999690055847,-2.62658629154368
,,,1068.576,0.4490000009536743,-2.6219691902078437
,,,1069.039,0.4690000116825104,-2.5781298183745722
,,,1069.505,0.4580000042915344,-2.601829504604317
,,,1069.97,0.46000000834465027,-2.5972156820155115
,,,1070.435,0.44699999690055847,-2.625298804298541
,,,1070.895,0.46000000834465027,-2.59676173473675
,,,1071.361,0.44999998807907104,-2.6183649879520994
,,,1071.829,0.42100000381469727,-2.6814002061973206
,,,1072.295,0.45100000500679016,-2.6159381405104396
,,,1072.758,0.453000009059906,-2.6115238650173276
,,,1073.22,0.46700000762939453,-2.5810123830774834
,,,1073.691,0.43799999356269836,-2.644229850236256
,,,1074.154,0.4699999988079071,-2.5745959347888907
,,,1074.621,0.44999998807907104,-2.61829542804452
,,,1075.084,0.45100000500679016,-2.616283281137889
,,,1075.549,0.4519999921321869,-2.6143066591959574
,,,1076.012,0.43799999356269836,-2.645039402740069
,,,1076.477,0.4650000035762787,-2.586470229520498
,,,1076.943,0.44699999690055847,-2.625954958450553
,,,1077.409,0.4490000009536743,-2.621873331887654
,,,1077.876,0.47699999809265137,-2.5611448735897056
,,,1078.342,0.453000009059906,-2.6136952256032435
,,,1078.8,0.4749999940395355,-2.5660088229323272
,,,1079.265,0.4860000014305115,-2.542260574745572
,,,1079.736,0.45100000500679016,-2.6186965154716173
,,,1080.198,0.45399999618530273,-2.6123056388820394
,,,1080.661,0.45399999618530273,-2.612408673238953
,,,1081.131,0.46299999952316284,-2.592858478312607
,,,1081.591,0.4690000116825104,-2.5797966043767504
,,,1082.061,0.4699999988079071,-2.5775796711627854
,,,1082.527,0.45899999141693115,-2.6014593459579514
,,,1082.99,0.46000000834465027,-2.599150950757452
,,,1083.456,0.44999998807907104,-2.6207678166781765
,,,1083.921,0.44200000166893005,-2.6379929617044064
,,,1084.386,0.44999998807907104,-2.620331889112829
,,,1084.851,0.4569999873638153,-2.604828203543964
,,,1085.317,0.45899999141693115,-2.6002036273275824
,,,1085.781,0.4749999940395355,-2.565071313321187
,,,1086.247,0.47600001096725464,-2.56261959716115
,,,1086.71,0.4449999928474426,-2.6298940719249693
,,,1087.172,0.47699999809265137,-2.5599314301370337
,,,1087.635,0.4659999907016754,-2.583675593641045
,,,1088.106,0.45100000500679016,-2.6161659732489553
,,,1088.565,0.42399999499320984,-2.6748389123505336
,,,1089.036,0.45100000500679016,-2.6159088439549554
,,,1089.495,0.45500001311302185,-2.6071344521374304
,,,1089.961,0.45100000500679016,-2.6158372391598093
,,,1090.427,0.4729999899864197,-2.5679431094844514
,,,1090.891,0.44699999690055847,-2.624670675226999
,,,1091.357,0.46000000834465027,-2.5964753079179963
,,,1091.824,0.4519999921321869,-2.61407234539736
,,,1092.29,0.4620000123977661,-2.592489131920845
,,,1092.75,0.4569999873638153,-2.603615005821311
,,,1093.22,0.45100000500679016,-2.6169417876743037
,,,1093.684,0.45500001311302185,-2.608497009700108
,,,1094.146,0.45100000500679016,-2.617488272027789
,,,1094.61,0.4650000035762787,-2.587262107300497
,,,1095.08,0.43799999356269836,-2.6463506090344735
,,,1095.545,0.46799999475479126,-2.581238291661827
,,,1096.008,0.4449999928474426,-2.6315689394986355
,,,1096.473,0.4620000123977661,-2.5947213891075576
,,,1096.939,0.45399999618530273,-2.6123021658806658
,,,1097.405,0.453000009059906,-2.614589754854244
,,,1097.866,0.453000009059906,-2.61465301624307
,,,1098.331,0.4650000035762787,-2.5885246484182685
,,,1098.798,0.46000000834465027,-2.5993845980771746
,,,1099.264,0.460999995470047,-2.5971249284960396
,,,1099.725,0.4650000035762787,-2.5882839330937544
,,,1100.194,0.4519999921321869,-2.616438592871079
,,,1100.662,0.4410000145435333,-2.6402001687014645
,,,1101.124,0.4560000002384186,-2.607287774774359
,,,1101.592,0.4429999887943268,-2.635355303217539
,,,1102.054,0.46000000834465027,-2.598048613260998
,,,1102.519,0.46000000834465027,-2.597772057982265
,,,1102.983,0.46399998664855957,-2.5887819488396335
,,,1103.449,0.45100000500679016,-2.616838196098059
,,,1103.913,0.44600000977516174,-2.627483235551795
,,,1104.379,0.46399998664855957,-2.588044954637601
,,,1104.843,0.46399998664855957,-2.5878540076169623
,,,1105.309,0.45100000500679016,-2.616022845682764
,,,1105.776,0.4779999852180481,-2.557087830523786
,,,1106.235,0.4650000035762787,-2.585343625871475
,,,1106.702,0.4650000035762787,-2.585324013361331
,,,1107.172,0.45500001311302185,-2.6071389898998345
,,,1107.632,0.4339999854564667,-2.65296732641226
,,,1108.095,0.45100000500679016,-2.6160534653957876
,,,1108.56,0.5180000066757202,-2.4702486075255075
,,,1109.031,0.4659999907016754,-2.5837377234303402
,,,1109.49,0.46399998664855957,-2.5883238637464414
,,,1109.955,0.46700000762939453,-2.5820404553441585
,,,1110.421,0.44699999690055847,-2.6258826308487557
,,,1110.888,0.4650000035762787,-2.5869450482752843
,,,1111.353,0.44699999690055847,-2.6264395666217064
,,,1111.821,0.4569999873638153,-2.6049244131556457
,,,1112.28,0.45899999141693115,-2.60082268357861
,,,1112.75,0.45899999141693115,-2.601054524850885
,,,1113.212,0.44699999690055847,-2.6273995411018136
,,,1113.68,0.44699999690055847,-2.6275644521347665
,,,1114.142,0.44699999690055847,-2.62768813632948
,,,1114.61,0.45100000500679016,-2.6190519711443585
,,,1115.073,0.44699999690055847,-2.627797112728419
,,,1115.539,0.46000000834465027,-2.599455882596081
,,,1116.002,0.46700000762939453,-2.584137006380943
,,,1116.467,0.4490000009536743,-2.6232364042247474
,,,1116.932,0.4560000002384186,-2.60782523187949
,,,1117.397,0.4440000057220459,-2.633768940609556
,,,1117.862,0.44600000977516174,-2.6291781940813452
,,,1118.328,0.45100000500679016,-2.618025019339318
,,,1118.795,0.45100000500679016,-2.6177459900145945
,,,1119.261,0.45100000500679016,-2.6174560201084547
,,,1119.724,0.45100000500679016,-2.6171637254804168
,,,1120.187,0.4650000035762787,-2.586376492236538
,,,1120.655,0.4690000116825104,-2.5773898879810635
,,,1121.117,0.4440000057220459,-2.631606613139959
,,,1121.58,0.4560000002384186,-2.605244075154038
,,,1122.05,0.45899999141693115,-2.59852688886247
,,,1122.516,0.46700000762939453,-2.5809591137091035
,,,1122.981,0.453000009059906,-2.6113687353803137
,,,1123.446,0.4490000009536743,-2.6200425068943267
,,,1123.905,0.44999998807907104,-2.617875647007539
,,,1124.371,0.48399999737739563,-2.543865328934226
,,,1124.836,0.44699999690055847,-2.624588994241417
,,,1125.301,0.45100000500679016,-2.616035519702747
,,,1125.769,0.4519999921321869,-2.6140615690700986
,,,1126.235,0.4429999887943268,-2.6339118295564314
,,,1126.695,0.4659999907016754,-2.5840758884300676
,,,1127.164,0.46299999952316284,-2.590906736919543
,,,1127.625,0.45899999141693115,-2.5999292159664513
,,,1128.095,0.45899999141693115,-2.6002410546563057
,,,1128.561,0.46000000834465027,-2.598368884921661
,,,1129.024,0.44600000977516174,-2.629162135752457
,,,1129.489,0.46399998664855957,-2.5902155918781484
,,,1129.954,0.4490000009536743,-2.6231329238869203
,,,1130.42,0.4869999885559082,-2.5405425739585077
,,,1130.88,0.46299999952316284,-2.592982171599637
,,,1131.346,0.515999972820282,-2.477613952696023
,,,1131.81,0.45100000500679016,-2.61927072593971
,,,1132.276,0.4860000014305115,-2.543006393016774
,,,1132.746,0.4490000009536743,-2.6235492977536707
,,,1133.209,0.46399998664855957,-2.5907492632358493
,,,1133.676,0.4690000116825104,-2.5796859116433066
,,,1134.139,0.45899999141693115,-2.601257345235163
,,,1134.607,0.45500001311302185,-2.6097184223123673
,,,1135.069,0.45399999618530273,-2.6116131181192777
,,,1135.534,0.46399998664855957,-2.5895204883259346
,,,1135.998,0.45100000500679016,-2.617523556765789
,,,1136.464,0.45500001311302185,-2.6084861855403196
,,,1136.929,0.46399998664855957,-2.588561789962087
,,,1137.395,0.578000009059906,-2.3398922133680946
,,,1137.861,0.4560000002384186,-2.605404070838185
,,,1138.32,0.4490000009536743,-2.6204027031867825
,,,1138.785,0.45100000500679016,-2.6158353356477066
,,,1139.25,0.4490000009536743,-2.6200311570586323
,,,1139.721,0.45100000500679016,-2.615566090196814
,,,1140.183,0.4560000002384186,-2.6046222001064407
,,,1140.647,0.4359999895095825,-2.648203569384062
,,,1141.11,0.44699999690055847,-2.624306178847761
,,,1141.58,0.45899999141693115,-2.598287405595092
,,,1142.043,0.43799999356269836,-2.6442173308768826
,,,1142.508,0.46000000834465027,-2.5965134075727874
,,,1142.972,0.47600001096725464,-2.561921926577735
,,,1143.438,0.46399998664855957,-2.5883643177478395
,,,1143.903,0.44999998807907104,-2.619186933465608
,,,1144.369,0.47600001096725464,-2.5628770027562195
,,,1144.835,0.45100000500679016,-2.6176812702650327
,,,1145.301,0.44699999690055847,-2.626727146851157
,,,1145.762,0.4569999873638153,-2.6052554738403666
,,,1146.231,0.45500001311302185,-2.6099011203160836
,,,1146.695,0.4620000123977661,-2.5949034475383397
,,,1147.158,0.4620000123977661,-2.5951127256576507
,,,1147.621,0.4560000002384186,-2.608343798520928
,,,1148.091,0.45899999141693115,-2.601912067452941
,,,1148.556,0.4569999873638153,-2.606315330190434
,,,1149.02,0.47999998927116394,-2.5561921431106773
,,,1149.486,0.37599998712539673,-2.7826986260417192
,,,1149.95,0.4410000145435333,-2.6409588396859025
,,,1150.416,0.4699999988079071,-2.577598662274994
,,,1150.881,0.4729999899864197,-2.5708343342010864
,,,1151.346,0.4519999921321869,-2.61631501195742
,,,1151.807,0.4519999921321869,-2.6160103129504124
,,,1152.272,0.46399998664855957,-2.589537400628202
,,,1152.74,0.4519999921321869,-2.6153373167015017
,,,1153.202,0.4269999861717224,-2.6694560849338362
,,,1153.665,0.46299999952316284,-2.5906846462237185
,,,1154.135,0.4300000071525574,-2.6622575510696374
,,,1154.595,0.4650000035762787,-2.585709619025309
,,,1155.065,0.4620000123977661,-2.591986026102494
,,,1155.531,0.4519999921321869,-2.6135563822283046
,,,1155.997,0.4519999921321869,-2.613390705134181
,,,1156.455,0.4519999921321869,-2.613280948928671
,,,1156.921,0.4429999887943268,-2.632838684272329
,,,1157.386,0.44999998807907104,-2.617599621218422
,,,1157.854,0.46399998664855957,-2.58717112864841
,,,1158.32,0.4490000009536743,-2.6199821855829617
,,,1158.785,0.4009999930858612,-2.7247448985249556
,,,1159.251,0.45100000500679016,-2.6160517497666747
,,,1159.713,0.46399998664855957,-2.588012114935494
,,,1160.176,0.453000009059906,-2.6122936519127644
,,,1160.644,0.45399999618530273,-2.610455732415945
,,,1161.105,0.453000009059906,-2.6129891735112696
,,,1161.577,0.46700000762939453,-2.582846003331802
,,,1162.039,0.46399998664855957,-2.5897316696743946
,,,1162.504,0.45100000500679016,-2.61838494740666
,,,1162.969,0.45100000500679016,-2.6186874894204046
,,,1163.435,0.45399999618530273,-2.612416710770645
,,,1163.895,0.4569999873638153,-2.6061002378248537
,,,1164.36,0.45100000500679016,-2.6193390339697538
,,,1164.825,0.45100000500679016,-2.619448438340232
,,,1165.29,0.46700000762939453,-2.5846382724330157
,,,1165.761,0.4490000009536743,-2.623839158557076
,,,1166.224,0.46299999952316284,-2.5932606427033957
,,,1166.687,0.44999998807907104,-2.621445342342469
,,,1167.157,0.45500001311302185,-2.6103581351878176
,,,1167.617,0.43700000643730164,-2.6493299575436526
,,,1168.08,0.45100000500679016,-2.618542632797763
,,,1168.546,0.46700000762939453,-2.5833637312880477
,,,1169.016,0.4659999907016754,-2.585196429944243
,,,1169.482,0.5199999809265137,-2.4671871030169994
,,,1169.947,0.45100000500679016,-2.617145572634563
,,,1170.405,0.45500001311302185,-2.6080695002620917
,,,1170.87,0.46000000834465027,-2.5968338293200013
,,,1171.335,0.4429999887943268,-2.633558154159109
,,,1171.802,0.4650000035762787,-2.585354605968931
,,,1172.268,0.40700000524520874,-2.711491636642381
,,,1172.731,0.49000000953674316,-2.5304949467519355
,,,1173.201,0.46700000762939453,-2.5804946126621333
,,,1173.665,0.45100000500679016,-2.615306348282191
,,,1174.128,0.44699999690055847,-2.624039613368636
,,,1174.591,0.46700000762939453,-2.580550227382783
,,,1175.061,0.4440000057220459,-2.6308051002867265
,,,1175.52,0.4490000009536743,-2.620116171601347
,,,1175.987,0.45899999141693115,-2.5985862838637352
,,,1176.453,0.515999972820282,-2.4747028660230757
,,,1176.92,0.4659999907016754,-2.5839673340482108
,,,1177.387,0.46399998664855957,-2.588679990343243
,,,1177.847,0.4569999873638153,-2.604299598665092
,,,1178.312,0.47699999809265137,-2.561098133133799
,,,1178.777,0.4429999887943268,-2.6355350041344585
,,,1179.242,0.45500001311302185,-2.6097348223277725
,,,1179.706,0.453000009059906,-2.614406416121824
,,,1180.176,0.41100001335144043,-2.706185575909635
,,,1180.639,0.5130000114440918,-2.4841920294480033
,,,1181.102,0.45399999618530273,-2.612904724048879
,,,1181.573,0.46000000834465027,-2.5999435865191733
,,,1182.035,0.46299999952316284,-2.5934541301933507
,,,1182.501,0.4620000123977661,-2.595613092121997
,,,1182.965,0.453000009059906,-2.615135701025089
,,,1183.431,0.453000009059906,-2.6149876305396056
,,,1183.891,0.4519999921321869,-2.616959913088528
,,,1184.357,0.4490000009536743,-2.6232372816856393
,,,1184.822,0.46700000762939453,-2.583718332693699
,,,1185.288,0.4690000116825104,-2.5790214845814625
,,,1185.75,0.4650000035762787,-2.58737012394133
,,,1186.22,0.45100000500679016,-2.617490227749695
,,,1186.681,0.45100000500679016,-2.617106393587905
,,,1187.15,0.45100000500679016,-2.6167316450153337
,,,1187.613,0.46000000834465027,-2.5967693869349557
,,,1188.076,0.453000009059906,-2.611696490532607
,,,1188.542,0.45100000500679016,-2.6157713804290936
,,,1189.005,0.45500001311302185,-2.6068242034224127
,,,1189.47,0.4429999887943268,-2.632792657253132
,,,1189.935,0.45899999141693115,-2.597821599483647
,,,1190.401,0.45899999141693115,-2.5977748646789856
,,,1190.866,0.45100000500679016,-2.6152246583805825
,,,1191.332,0.453000009059906,-2.610955152935257
,,,1191.799,0.45500001311302185,-2.6067503601383386
,,,1192.265,0.4490000009536743,-2.6200350359714553
,,,1192.728,0.44600000977516174,-2.6268378814906588
,,,1193.19,0.44699999690055847,-2.624972553787399
,,,1193.658,0.46299999952316284,-2.590464112070207
,,,1194.12,0.453000009059906,-2.6126261807703033
,,,1194.591,0.4490000009536743,-2.621730802964912
,,,1195.054,0.45100000500679016,-2.6177663637477795
,,,1195.52,0.4690000116825104,-2.578934084618488
,,,1195.98,0.45100000500679016,-2.6185116783957323
,,,1196.445,0.4650000035762787,-2.588339963427486
,,,1196.91,0.45500001311302185,-2.6104131924436587
,,,1197.376,0.4519999921321869,-2.6171846894712574
,,,1197.843,0.45100000500679016,-2.6195406138557633
,,,1198.309,0.44699999690055847,-2.6283689840986306
,,,1198.774,0.45500001311302185,-2.610986376254277
,,,1199.239,0.46299999952316284,-2.5935347434053058
,,,1199.702,0.4519999921321869,-2.617408616030306
,,,1200.165,0.45100000500679016,-2.6194300339685657
,,,1200.635,0.45100000500679016,-2.6192117848209104
,,,1201.098,0.4690000116825104,-2.5797229623129807
,,,1201.565,0.44699999690055847,-2.6273332000244203
,,,1202.03,0.45500001311302185,-2.609546908968523
,,,1202.496,0.47600001096725464,-2.563411739030998
,,,1202.955,0.44600000977516174,-2.6283724519246396
,,,1203.42,0.4650000035762787,-2.5865766465953284
,,,1203.885,0.4429999887943268,-2.634115279666684
,,,1204.35,0.46700000762939453,-2.581457780497102
,,,1204.817,0.46299999952316284,-2.5898352630949097
,,,1205.282,0.45899999141693115,-2.5982556547062496
,,,1205.75,0.4560000002384186,-2.6045496707962807
,,,1206.213,0.4659999907016754,-2.5825811533607306
,,,1206.676,0.4659999907016754,-2.5824644114764514
,,,1207.146,0.45500001311302185,-2.6063818755091397
,,,1207.61,0.4440000057220459,-2.6303708358148437
,,,1208.072,0.46399998664855957,-2.5868928870271843
,,,1208.538,0.4440000057220459,-2.6306291741342105
,,,1209.002,0.4659999907016754,-2.582925797449386
,,,1209.468,0.4659999907016754,-2.5832090054703203
,,,1209.935,0.4480000138282776,-2.6227556224972033
,,,1210.401,0.45100000500679016,-2.61658909711732
,,,1210.866,0.44699999690055847,-2.625700650835789
,,,1211.332,0.48500001430511475,-2.5433237194857994
,,,1211.791,0.45100000500679016,-2.6178111461988234
,,,1212.257,0.44600000977516174,-2.6291072804388818
,,,1212.724,0.45500001311302185,-2.609880186032711
,,,1213.187,0.4569999873638153,-2.6058695356144206
,,,1213.654,0.45500001311302185,-2.610528256714133
,,,1214.117,0.4399999976158142,-2.6434553104172425
,,,1214.58,0.47999998927116394,-2.556494509400096
,,,1215.05,0.4819999933242798,-2.552253057969306
,,,1215.516,0.453000009059906,-2.6154763544295028
,,,1215.981,0.4429999887943268,-2.637231767461284
,,,1216.446,0.460999995470047,-2.597912642957766
,,,1216.906,0.44699999690055847,-2.628240729742609
,,,1217.372,0.45100000500679016,-2.6192887301651724
,,,1217.839,0.45500001311302185,-2.610279435419046
,,,1218.305,0.45500001311302185,-2.609936052888252
,,,1218.77,0.45899999141693115,-2.600839599453906
,,,1219.236,0.4519999921321869,-2.615681241955524
,,,1219.698,0.4659999907016754,-2.5847565921938127
,,,1220.161,0.4480000138282776,-2.62354684808293
,,,1220.625,0.4560000002384186,-2.6057037555936358
,,,1221.095,0.492000013589859,-2.52688194253883
,,,1221.561,0.46000000834465027,-2.5962429802191034
,,,1222.024,0.45100000500679016,-2.6155414985438794
,,,1222.49,0.45899999141693115,-2.597859907065661
,,,1222.95,0.46299999952316284,-2.5889575569435044
,,,1223.416,0.42399999499320984,-2.6738083110411086
,,,1223.881,0.46000000834465027,-2.5953360674921804
,,,1224.346,0.44699999690055847,-2.623694574457031
,,,1224.813,0.4569999873638153,-2.6020198026506014
,,,1225.279,0.4480000138282776,-2.6218117953987385
,,,1225.74,0.46299999952316284,-2.589383238162876
,,,1226.209,0.4490000009536743,-2.6201947742604297
,,,1226.672,0.45899999141693115,-2.5987687492753744
,,,1227.135,0.45100000500679016,-2.616597467276769
,,,1227.603,0.46299999952316284,-2.590880070969041
,,,1228.065,0.45399999618530273,-2.6109279734462083
,,,1228.531,0.4659999907016754,-2.58522431843506
,,,1228.997,0.4560000002384186,-2.6074373695553903
,,,1229.463,0.47600001096725464,-2.5642640334801796
,,,1229.928,0.42800000309944153,-2.669199976324941
,,,1230.393,0.4519999921321869,-2.6172240640457978
,,,1230.858,0.453000009059906,-2.6152981593594053
,,,1231.323,0.4429999887943268,-2.637270338443698
,,,1231.788,0.4560000002384186,-2.609060534185871
,,,1232.255,0.4410000145435333,-2.641776152466917
,,,1232.717,0.44600000977516174,-2.630840882335628
,,,1233.186,0.4749999940395355,-2.5675406126541973
,,,1233.647,0.47200000286102295,-2.5738818343698715
,,,1234.11,0.46000000834465027,-2.599761155942341
,,,1234.58,0.45899999141693115,-2.601614044251558
,,,1235.043,0.453000009059906,-2.614308959938366
,,,1235.508,0.46700000762939453,-2.583391211794095
,,,1235.973,0.39800000190734863,-2.7332752283721424
,,,1236.439,0.46399998664855957,-2.589030112070319
,,,1236.906,0.4560000002384186,-2.6060063383216545
,,,1237.372,0.46700000762939453,-2.581602349715554
,,,1237.837,0.4519999921321869,-2.613870932955488
,,,1238.295,0.44699999690055847,-2.6243938014697967
,,,1238.77,0.37400001287460327,-2.7831189702858694
,,,1239.228,0.4729999899864197,-2.567181553471979
,,,1239.691,0.46700000762939453,-2.580072809677473
,,,1240.161,0.4699999988079071,-2.573430857459043
,,,1240.624,0.4480000138282776,-2.621333512751967
,,,1241.087,0.45500001311302185,-2.606135519593856
,,,1241.553,0.47699999809265137,-2.5583363481267463
,,,1242.015,0.41200000047683716,-2.7001546691314
,,,1242.481,0.45399999618530273,-2.608927771882847
,,,1242.946,0.4490000009536743,-2.6201591049857544
,,,1243.412,0.45100000500679016,-2.6161908222880927
,,,1243.877,0.46399998664855957,-2.588296384141682
,,,1244.343,0.45100000500679016,-2.617072415291728
,,,1244.81,0.46399998664855957,-2.5892155153195597
,,,1245.275,0.45100000500679016,-2.618001092383219
,,,1245.739,0.4659999907016754,-2.58576804935796
,,,1246.202,0.45500001311302185,-2.6101495041339056
,,,1246.665,0.44699999690055847,-2.6279522941541504
,,,1247.135,0.44999998807907104,-2.6217360682996986
,,,1247.598,0.45399999618530273,-2.6132773570061913
,,,1248.061,0.45100000500679016,-2.6199972457115517
,,,1248.526,0.45500001311302185,-2.6113887840829224
,,,1248.99,0.4560000002384186,-2.6092349242520014
,,,1249.456,0.460999995470047,-2.598283854807777
,,,1249.92,0.45899999141693115,-2.6025020921247712
,,,1250.386,0.453000009059906,-2.615357758330401
,,,1250.85,0.4560000002384186,-2.608535120093484
,,,1251.316,0.4519999921321869,-2.6169011504013553
,,,1251.78,0.45100000500679016,-2.618679907232978
,,,1252.246,0.46399998664855957,-2.5899183061136766
,,,1252.71,0.45399999618530273,-2.6112392694456554
,,,1253.179,0.4180000126361847,-2.689193750886958
,,,1253.643,0.46399998664855957,-2.588502940296462
,,,1254.105,0.46399998664855957,-2.5880471628272352
,,,1254.577,0.45899999141693115,-2.5985150095908445
,,,1255.039,0.453000009059906,-2.6112052261371943
,,,1255.504,0.45100000500679016,-2.615236772699919
,,,1255.969,0.45899999141693115,-2.5975478718122904
,,,1256.435,0.4440000057220459,-2.630042007315848
,,,1256.895,0.45100000500679016,-2.614686218545526
,,,1257.361,0.45500001311302185,-2.605950067223222
,,,1257.825,0.45899999141693115,-2.597298222601825
,,,1258.292,0.4790000021457672,-2.5538698877497263
,,,1258.762,0.4449999928474426,-2.628166276520742
,,,1259.224,0.44999998807907104,-2.6175672440963424
,,,1259.691,0.4440000057220459,-2.630997046595097
,,,1260.154,0.4620000123977661,-2.5921921139335096
,,,1260.617,0.4519999921321869,-2.6144294983321665
,,,1261.08,0.460999995470047,-2.595298814104408
,,,1261.545,0.4429999887943268,-2.635003713656079
,,,1262.015,0.44600000977516174,-2.628954512402195
,,,1262.481,0.47600001096725464,-2.5640642068546224
,,,1262.946,0.46000000834465027,-2.599358889826851
,,,1263.405,0.46299999952316284,-2.5932129368998584
,,,1263.876,0.4569999873638153,-2.606616801144566
,,,1264.335,0.4560000002384186,-2.6090592447617804
,,,1264.8,0.4580000042915344,-2.6048895294098084
,,,1265.265,0.46000000834465027,-2.600637567666167
,,,1265.736,0.46399998664855957,-2.591942500130676
,,,1266.198,0.44699999690055847,-2.6289124482416484
,,,1266.661,0.46299999952316284,-2.5939025230623107
,,,1267.131,0.45100000500679016,-2.619814645810203
,,,1267.595,0.44699999690055847,-2.628224550290549
,,,1268.058,0.46700000762939453,-2.5842828596229057
,,,1268.524,0.44999998807907104,-2.620897976314122
,,,1268.988,0.4650000035762787,-2.5877556442545853
,,,1269.454,0.4490000009536743,-2.622124914802747
,,,1269.92,0.45899999141693115,-2.599837715321405
,,,1270.386,0.46700000762939453,-2.5819111506630468
,,,1270.85,0.4740000069141388,-2.566181215323345
,,,1271.316,0.45500001311302185,-2.6071287190129833
,,,1271.78,0.4519999921321869,-2.6132648632053286
,,,1272.246,0.4350000023841858,-2.6499621544908
,,,1272.706,0.48100000619888306,-2.549475071515004
,,,1273.176,0.4429999887943268,-2.6320728148715724
,,,1273.639,0.45899999141693115,-2.5971080250842298
,,,1274.102,0.3919999897480011,-2.7430605614446915
,,,1274.573,0.46700000762939453,-2.5797358327795075
,,,1275.035,0.46299999952316284,-2.5886118438610817
,,,1275.5,0.45500001311302185,-2.6062839038239662
,,,1275.965,0.45100000500679016,-2.615316084944549
,,,1276.431,0.44699999690055847,-2.6244137426007117
,,,1276.896,0.44600000977516174,-2.627029532084959
,,,1277.361,0.46700000762939453,-2.5817556321264536
,,,1277.821,0.46000000834465027,-2.5975092766773176
,,,1278.287,0.4490000009536743,-2.6219876386278953
,,,1278.75,0.4399999976158142,-2.6421038346913894
,,,1279.22,0.46700000762939453,-2.5837682465725536
,,,1279.68,0.46299999952316284,-2.5929346982286217
,,,1280.15,0.460999995470047,-2.597693508688537
,,,1280.613,0.45100000500679016,-2.6198191285132957
,,,1281.076,0.47600001096725464,-2.5656191589669533
,,,1281.542,0.4560000002384186,-2.609376951238493
,,,1282.012,0.4699999988079071,-2.578973431315023
,,,1282.47,0.4580000042915344,-2.6051245615244096
,,,1282.938,0.4519999921321869,-2.618113612914756
,,,1283.404,0.45100000500679016,-2.6201220627087367
,,,1283.869,0.4000000059604645,-2.7309819131393764
,,,1284.335,0.46299999952316284,-2.593402976770945
,,,1284.8,0.46799999475479126,-2.582121128603649
,,,1285.265,0.42899999022483826,-2.6666463320583613
,,,1285.728,0.4399999976158142,-2.642200027042194
,,,1286.19,0.44699999690055847,-2.626444022014714
,,,1286.658,0.4699999988079071,-2.5758196663593305
,,,1287.12,0.45500001311302185,-2.6079888696324214
,,,1287.591,0.4650000035762787,-2.5857122346062265
,,,1288.054,0.44699999690055847,-2.6244732725676307
,,,1288.52,0.296999990940094,-2.9508686748550175
,,,1288.987,0.4650000035762787,-2.5845212693815705
,,,1289.445,0.453000009059906,-2.6104052155921
,,,1289.91,0.45100000500679016,-2.6145822414285536
,,,1290.376,0.45100000500679016,-2.6144871661048157
,,,1290.843,0.46399998664855957,-2.5861575029905928
,,,1291.309,0.4690000116825104,-2.5753443691139544
,,,1291.774,0.421999990940094,-2.677906582649741
,,,1292.24,0.44999998807907104,-2.6171517571709204
,,,1292.702,0.45500001311302185,-2.60657983831561
,,,1293.165,0.45500001311302185,-2.606964921601872
,,,1293.635,0.4620000123977661,-2.5921514173092906
,,,1294.098,0.45100000500679016,-2.6165924520532404
,,,1294.565,0.4429999887943268,-2.6345226177418906
,,,1295.029,0.44999998807907104,-2.6197834866820746
,,,1295.494,0.46299999952316284,-2.5919672720263707
,,,1295.961,0.4429999887943268,-2.6360259946499807
,,,1296.42,0.4560000002384186,-2.6081544549378095
,,,1296.892,0.45500001311302185,-2.6107356391099525
,,,1297.35,0.46000000834465027,-2.600184268093046
,,,1297.817,0.4620000123977661,-2.5960977046007243
,,,1298.282,0.4309999942779541,-2.663827822990401
,,,1298.75,0.46799999475479126,-2.583325662593667
,,,1299.213,0.4560000002384186,-2.6094894053086413
,,,1299.676,0.4490000009536743,-2.6246713002503603
,,,1300.146,0.4359999895095825,-2.652839284710099
,,,1300.61,0.46000000834465027,-2.6003161175003915
,,,1301.072,0.45100000500679016,-2.619613876670824
,,,1301.538,0.4699999988079071,-2.57784367568475
,,,1302.001,0.47200000286102295,-2.573055326850803
,,,1302.467,0.43799999356269836,-2.6466563055438503
,,,1302.932,0.453000009059906,-2.6134764609478687
,,,1303.397,0.4659999907016754,-2.584641832482945
,,,1303.862,0.46399998664855957,-2.588489361232216
,,,1304.328,0.4490000009536743,-2.6206771358443803
,,,1304.795,0.46700000762939453,-2.5810023799435577
,,,1305.261,0.44200000166893005,-2.6350563200381285
,,,1305.724,0.45500001311302185,-2.606381064961943
,,,1306.187,0.4490000009536743,-2.6191704268691023
,,,1306.651,0.4690000116825104,-2.5753932100108097
,,,1307.12,0.45500001311302185,-2.6057742362292817
,,,1307.581,0.45899999141693115,-2.5970275144966704
,,,1308.05,0.45399999618530273,-2.607977713885222
,,,1308.516,0.3889999985694885,-2.749735706317316
,,,1308.982,0.46000000834465027,-2.595283083955776
,,,1309.44,0.45100000500679016,-2.6151998815726247
,,,1309.906,0.46799999475479126,-2.5785386233652985
,,,1310.372,0.4129999876022339,-2.698796135185029
,,,1310.839,0.45100000500679016,-2.6164832430848244
,,,1311.305,0.4410000145435333,-2.6387749649341155
,,,1311.769,0.46000000834465027,-2.5978993319575276
,,,1312.235,0.4490000009536743,-2.62238058634922
,,,1312.695,0.453000009059906,-2.614163828776318
,,,1313.165,0.45100000500679016,-2.618985777407371
,,,1313.628,0.43799999356269836,-2.647725850248663
,,,1314.09,0.4699999988079071,-2.5783669219863645
,,,1314.556,0.45100000500679016,-2.62004792203454
,,,1315.026,0.4690000116825104,-2.5810388298149682
,,,1315.492,0.44999998807907104,-2.622553573563209
,,,1315.951,0.4650000035762787,-2.5899044098890736
,,,1316.417,0.43700000643730164,-2.650846901275471
,,,1316.884,0.5049999952316284,-2.5025501805985075
,,,1317.349,0.45100000500679016,-2.6199632832032824
,,,1317.817,0.46399998664855957,-2.5913293261412265
,,,1318.275,0.421999990940094,-2.682454298251717
,,,1318.743,0.45100000500679016,-2.618840794330491
,,,1319.205,0.4390000104904175,-2.6445106796062663
,,,1319.673,0.46399998664855957,-2.5895431854091564
,,,1320.135,0.4480000138282776,-2.623887551907375
,,,1320.606,0.4309999942779541,-2.6604140195254975
,,,1321.068,0.45899999141693115,-2.5989204123169456
,,,1321.534,0.45100000500679016,-2.6158915356358414
,,,1321.998,0.45899999141693115,-2.598051114107092
,,,1322.463,0.45899999141693115,-2.597698832531642
,,,1322.928,0.4519999921321869,-2.612666609900152
,,,1323.394,0.41100001335144043,-2.701787419612509
,,,1323.862,0.45500001311302185,-2.605808981781705
,,,1324.32,0.453000009059906,-2.6101368748782185
,,,1324.785,0.453000009059906,-2.6101958885963183
,,,1325.251,0.45899999141693115,-2.59726945440896
,,,1325.721,0.44999998807907104,-2.617104544595065
,,,1326.183,0.4749999940395355,-2.5629401317499716
,,,1326.651,0.47600001096725464,-2.561127883822125
,,,1327.113,0.4659999907016754,-2.583334057850657
,,,1327.576,0.44600000977516174,-2.6273679390389724
,,,1328.046,0.45100000500679016,-2.6169639544269088
,,,1328.505,0.4569999873638153,-2.6043950723820495
,,,1328.97,0.4580000042915344,-2.602717681736362
,,,1329.436,0.44699999690055847,-2.6271675112116823
,,,1329.903,0.4569999873638153,-2.6058348046512023
,,,1330.368,0.45100000500679016,-2.6193159077125028
,,,1330.835,0.4390000104904175,-2.645812457797433
,,,1331.301,0.4620000123977661,-2.595989418399016
,,,1331.761,0.46299999952316284,-2.5940206314414525
,,,1332.231,0.4429999887943268,-2.637721068487182
,,,1332.694,0.4560000002384186,-2.6094403415367857
,,,1333.157,0.4729999899864197,-2.5723577354417495
,,,1333.625,0.4519999921321869,-2.617977370972025
,,,1334.087,0.44600000977516174,-2.63083542914948
,,,1334.553,0.453000009059906,-2.6152962363259795
,,,1335.016,0.45100000500679016,-2.6192986252906714
,,,1335.482,0.4659999907016754,-2.5862080596282806
,,,1335.947,0.45899999141693115,-2.601003748120837
,,,1336.413,0.4490000009536743,-2.6223051967329574
,,,1336.88,0.46299999952316284,-2.5913037269800236
,,,1337.346,0.45100000500679016,-2.616946669114748
,,,1337.807,0.45100000500679016,-2.616460595264658
,,,1338.273,0.4440000057220459,-2.6312547601781504
,,,1338.735,0.4790000021457672,-2.5545886397840856
,,,1339.206,0.46299999952316284,-2.5890881006660385
,,,1339.666,0.45100000500679016,-2.6149383520359066
,,,1340.136,0.44699999690055847,-2.6234344869113766
,,,1340.599,0.45100000500679016,-2.61458330336403
,,,1341.061,0.44600000977516174,-2.625425991419295
,,,1341.526,0.4429999887943268,-2.6319991213203746
,,,1341.99,0.453000009059906,-2.6103362684731075
,,,1342.456,0.4650000035762787,-2.5843984080328615
,,,1342.92,0.43799999356269836,-2.6435037421526992
,,,1343.386,0.4620000123977661,-2.5915655912229294
,,,1343.851,0.45100000500679016,-2.615937177064412
,,,1344.317,0.46299999952316284,-2.590244269591032
,,,1344.784,0.43799999356269836,-2.6451924788673304
,,,1345.25,0.45100000500679016,-2.617369039279334
,,,1345.713,0.45899999141693115,-2.6004407729414125
,,,1346.176,0.45100000500679016,-2.618357238229377
,,,1346.647,0.4659999907016754,-2.5861364453603053
,,,1347.109,0.44999998807907104,-2.621411463341009
,,,1347.573,0.4519999921321869,-2.6174162662804084
,,,1348.035,0.45500001311302185,-2.611177178276103
,,,1348.501,0.46399998664855957,-2.5917918782435447
,,,1348.965,0.44600000977516174,-2.6311488712663533
,,,1349.431,0.4819999933242798,-2.552773390964202
,,,1349.895,0.45100000500679016,-2.62027979703214
,,,1350.361,0.4519999921321869,-2.6179834301124743
,,,1350.829,0.4560000002384186,-2.6090691130930757
,,,1351.294,0.47200000286102295,-2.5739346761822466
,,,1351.757,0.45100000500679016,-2.6193420204032174
,,,1352.22,0.45100000500679016,-2.618940417576766
,,,1352.691,0.44699999690055847,-2.6272087314051964
,,,1353.154,0.4519999921321869,-2.615838025062006
,,,1353.617,0.45100000500679016,-2.6175222940041216
,,,1354.08,0.47200000286102295,-2.571273846841607
,,,1354.546,0.4399999976158142,-2.640506109665087
,,,1355.016,0.4560000002384186,-2.6051905420302015
,,,1355.481,0.45100000500679016,-2.6156677588855426
,,,1355.94,0.4659999907016754,-2.582625250646244
,,,1356.406,0.46700000762939453,-2.58014734588375
,,,1356.873,0.4480000138282776,-2.62131501785933
,,,1357.338,0.46700000762939453,-2.579773730032044
,,,1357.806,0.45500001311302185,-2.605854484745394
,,,1358.272,0.4580000042915344,-2.599341384019211
,,,1358.732,0.47200000286102295,-2.5689481287464386
,,,1359.195,0.45500001311302185,-2.6061744747932387
,,,1359.665,0.3840000033378601,-2.7611254495334534
,,,1360.128,0.46399998664855957,-2.5871713694032215
,,,1360.591,0.45100000500679016,-2.6158908937652723
,,,1361.061,0.45899999141693115,-2.5989049383299045
,,,1361.52,0.4699999988079071,-2.575415373530273
,,,1361.987,0.45100000500679016,-2.6173030727884345
,,,1362.453,0.45899999141693115,-2.6003705221789506
,,,1362.918,0.46299999952316284,-2.592140757226016
,,,1363.383,0.45100000500679016,-2.6187429381136695
,,,1363.851,0.45500001311302185,-2.6104467838364016
,,,1364.316,0.46299999952316284,-2.593383484254074
,,,1364.781,0.460999995470047,-2.598042740651446
,,,1365.247,0.46299999952316284,-2.5939143153292683
,,,1365.71,0.45399999618530273,-2.6136712932669215
,,,1366.172,0.4790000021457672,-2.559269853250222
,,,1366.635,0.44999998807907104,-2.6224291232586965
,,,1367.105,0.45100000500679016,-2.6201438297776303
,,,1367.576,0.4429999887943268,-2.6373854204978473
,,,1368.032,0.45100000500679016,-2.619693401294185
,,,1368.498,0.46399998664855957,-2.5910406473768997
,,,1368.965,0.4690000116825104,-2.579758693094043
,,,1369.43,0.4560000002384186,-2.6076457644746793
,,,1369.895,0.46399998664855957,-2.5897478667365905
,,,1370.361,0.4659999907016754,-2.584902550810558
,,,1370.821,0.46299999952316284,-2.590945764178699
,,,1371.286,0.44699999690055847,-2.625321989888319
,,,1371.754,0.4580000042915344,-2.6009002129390932
,,,1372.216,0.4560000002384186,-2.604840135575616
,,,1372.68,0.4620000123977661,-2.5914023790151046
,,,1373.15,0.4519999921321869,-2.612885623611206
,,,1373.613,0.45100000500679016,-2.6148328730194215
,,,1374.076,0.4480000138282776,-2.6212165428287073
,,,1374.542,0.37299999594688416,-2.784548163114494
,,,1375.005,0.45399999618530273,-2.6080988230872624
,,,1375.47,0.47600001096725464,-2.5602751868038864
,,,1375.935,0.45100000500679016,-2.6149281694901196
,,,1376.401,0.4560000002384186,-2.604296274556398
,,,1376.866,0.46000000834465027,-2.595909700947657
,,,1377.332,0.4440000057220459,-2.6311528023481388
,,,1377.798,0.46399998664855957,-2.5880096182535133
,,,1378.264,0.45899999141693115,-2.5993642199542784
,,,1378.732,0.45399999618530273,-2.6107363396114343
,,,1379.194,0.4569999873638153,-2.604682565319206
,,,1379.658,0.47200000286102295,-2.5724733952358445
,,,1380.12,0.4569999873638153,-2.605597760696052
,,,1380.591,0.46299999952316284,-2.5929313150658424
,,,1381.054,0.45100000500679016,-2.6194296889094257
,,,1381.52,0.4650000035762787,-2.589221917891669
,,,1381.98,0.46299999952316284,-2.59380240171225
,,,1382.445,0.45100000500679016,-2.6200928000117143
,,,1382.91,0.46799999475479126,-2.583121885362046
,,,1383.376,0.46399998664855957,-2.5918200457872724
,,,1383.843,0.4569999873638153,-2.606972337076517
,,,1384.309,0.46700000762939453,-2.585009156428619
,,,1384.774,0.4650000035762787,-2.5891168243465854
,,,1385.239,0.46299999952316284,-2.5931592057342767
,,,1385.702,0.45100000500679016,-2.6189328344697533
,,,1386.165,0.45399999618530273,-2.6119833097896086
,,,1386.635,0.45899999141693115,-2.6006456487001213
,,,1387.098,0.46299999952316284,-2.5914689254255436
,,,1387.565,0.46399998664855957,-2.5888241904104605
,,,1388.029,0.47699999809265137,-2.5600452641383002
,,,1388.495,0.45899999141693115,-2.5988276743860377
,,,1388.961,0.46799999475479126,-2.5788229255878
,,,1389.42,0.4440000057220459,-2.6307622567631608
,,,1389.891,0.4569999873638153,-2.60215111084059
,,,1390.357,0.45100000500679016,-2.6150022587843083
,,,1390.817,0.45500001311302185,-2.6061412643070714
,,,1391.282,0.4779999852180481,-2.5559639875585383
,,,1391.75,0.4490000009536743,-2.6191557114666257
,,,1392.213,0.45100000500679016,-2.614888658409769
,,,1392.676,0.453000009059906,-2.610698343219208
,,,1393.146,0.49000000953674316,-2.530325919329499
,,,1393.606,0.4440000057220459,-2.630844013897828
,,,1394.076,0.45500001311302185,-2.6072332653269594
,,,1394.541,0.46299999952316284,-2.5902021463889895
,,,1395.004,0.47200000286102295,-2.5710231750007866
,,,1395.47,0.45899999141693115,-2.5997921078604507
,,,1395.931,0.4560000002384186,-2.6067790008499703
,,,1396.397,0.47200000286102295,-2.5723625795208998
,,,1396.862,0.4650000035762787,-2.588032470308456
,,,1397.328,0.46299999952316284,-2.592774021547238
,,,1397.795,0.4740000069141388,-2.5691466381412638
,,,1398.26,0.40400001406669617,-2.721934388759018
,,,1398.721,0.46399998664855957,-2.591435409827991
,,,1399.19,0.4690000116825104,-2.580692201791042
,,,1399.651,0.46299999952316284,-2.5938388967967505
,,,1400.12,0.45399999618530273,-2.613444481178087
,,,1400.581,0.44699999690055847,-2.6286166001214264
,,,1401.051,0.41999998688697815,-2.687289073143424
,,,1401.517,0.45100000500679016,-2.6195324340480552
,,,1401.976,0.45399999618530273,-2.6127165759829576
,,,1402.442,0.460999995470047,-2.597132262765119
,,,1402.906,0.4659999907016754,-2.5858610276136664
,,,1403.372,0.45500001311302185,-2.6094151115896764
,,,1403.839,0.4560000002384186,-2.606805080011169
,,,1404.305,0.45500001311302185,-2.6085449769106814
,,,1404.772,0.44699999690055847,-2.6255414321091988
,,,1405.231,0.4620000123977661,-2.5924477643588735
,,,1405.698,0.4519999921321869,-2.6138513606054747
,,,1406.161,0.46399998664855957,-2.587366824559131
,,,1406.629,0.45899999141693115,-2.5979714072170976
,,,1407.092,0.4779999852180481,-2.5563486757802254
,,,1407.558,0.460999995470047,-2.5932239728064346
,,,1408.021,0.4620000123977661,-2.5909553028003227
,,,1408.486,0.45899999141693115,-2.5974760404602493
,,,1408.951,0.41999998688697815,-2.682504100769047
,,,1409.416,0.44699999690055847,-2.6238164258325383
,,,1409.883,0.4429999887943268,-2.632737721503415
,,,1410.349,0.46399998664855957,-2.5872565446177593
,,,1410.814,0.4519999921321869,-2.613725860292858
,,,1411.279,0.4339999854564667,-2.6533127349749024
,,,1411.74,0.4560000002384186,-2.605788512959985
,,,1412.21,0.45500001311302185,-2.608395423185577
,,,1412.673,0.46399998664855957,-2.589224666300522
,,,1413.135,0.4519999921321869,-2.6158009692229887
,,,1413.606,0.4569999873638153,-2.605322953725935
,,,1414.068,0.4429999887943268,-2.6362098123515074
,,,1414.534,0.46799999475479126,-2.5820883102414203
,,,1414.998,0.44699999690055847,-2.6281330698797762
,,,1415.464,0.4569999873638153,-2.6065795149304076
,,,1415.928,0.45100000500679016,-2.6198172928583343
,,,1416.394,0.4690000116825104,-2.5806953232952052
,,,1416.861,0.4440000057220459,-2.6351802990372324
,,,1417.32,0.45500001311302185,-2.611158811887911
,,,1417.792,0.4650000035762787,-2.589242615179288
,,,1418.25,0.45899999141693115,-2.6021149465817883
,,,1418.721,0.44699999690055847,-2.6279956327617193
,,,1419.183,0.49300000071525574,-2.5274588720471094
,,,1419.651,0.4779999852180481,-2.559772434660813
,,,1420.112,0.4620000123977661,-2.5942283747380976
,,,1420.58,0.45399999618530273,-2.6112323259099672
,,,1421.043,0.46299999952316284,-2.5911896848510176
,,,1421.509,0.46000000834465027,-2.597294391921471
,,,1421.973,0.4519999921321869,-2.6143091456277805
,,,1422.439,0.4440000057220459,-2.631353636091205
,,,1422.905,0.46399998664855957,-2.5874375061935653
,,,1423.371,0.44600000977516174,-2.626361496286374
,,,1423.836,0.45899999141693115,-2.5978077723939137
,,,1424.302,0.46399998664855957,-2.586750164036193
,,,1424.769,0.4959999918937683,-2.516939759646353
,,,1425.228,0.46299999952316284,-2.588814343040075
,,,1425.691,0.4560000002384186,-2.604118169071875
,,,1426.161,0.4490000009536743,-2.619495441738947
,,,1426.625,0.46299999952316284,-2.5891907660994473
,,,1427.087,0.46399998664855957,-2.587271813523665
,,,1427.553,0.44699999690055847,-2.624623853010106
,,,1428.016,0.45500001311302185,-2.607555882773915
,,,1428.481,0.4699999988079071,-2.5752724149095045
,,,1428.947,0.4659999907016754,-2.584405568574877
,,,1429.412,0.4449999928474426,-2.6305856004593045
,,,1429.877,0.453000009059906,-2.6135823675996277
,,,1430.343,0.4519999921321869,-2.6161718456194323
,,,1430.809,0.453000009059906,-2.614376158238575
,,,1431.275,0.46700000762939453,-2.584218376989961
,,,1431.736,0.4569999873638153,-2.606297756081443
,,,1432.206,0.44600000977516174,-2.6304966753564547
,,,1432.669,0.4440000057220459,-2.635022349019765
,,,1433.131,0.45899999141693115,-2.6024404377288555
,,,1433.599,0.4490000009536743,-2.6242508121594734
,,,1434.062,0.48899999260902405,-2.5370534648888605
,,,1434.528,0.44999998807907104,-2.621895067507642
,,,1434.991,0.4410000145435333,-2.6413075024761
,,,1435.457,0.47600001096725464,-2.5647961727573088
,,,1435.921,0.45899999141693115,-2.6015184141152607
,,,1436.386,0.48899999260902405,-2.535796876443637
,,,1436.851,0.47699999809265137,-2.5615418487538117
,,,1437.316,0.4569999873638153,-2.604691776894784
,,,1437.781,0.4650000035762787,-2.5868290044478965
,,,1438.247,0.4690000116825104,-2.577683700162434
,,,1438.717,0.45399999618530273,-2.6099488528075327
,,,1439.179,0.43799999356269836,-2.6444222278443124
,,,1439.643,0.4819999933242798,-2.548218122377102
,,,1440.105,0.4519999921321869,-2.613285287894993
,,,1440.573,0.4740000069141388,-2.5651227343517116
,,,1441.035,0.4359999895095825,-2.6477468569071045
,,,1441.501,0.46700000762939453,-2.580117233012367
,,,1441.966,0.45100000500679016,-2.6149599341414973
,,,1442.431,0.4779999852180481,-2.5561964859160073
,,,1442.898,0.45399999618530273,-2.608617680708153
,,,1443.364,0.46000000834465027,-2.595749157957254
,,,1443.829,0.44699999690055847,-2.624338997685159
,,,1444.294,0.45899999141693115,-2.5985184925531843
,,,1444.755,0.45399999618530273,-2.6097808344008557
,,,1445.224,0.44600000977516174,-2.627613677697145
,,,1445.688,0.45500001311302185,-2.608431858593532
,,,1446.15,0.4620000123977661,-2.5936162341162348
,,,1446.621,0.4860000014305115,-2.541758179090054
,,,1447.083,0.46399998664855957,-2.590098728196219
,,,1447.549,0.44699999690055847,-2.6275147934129532
,,,1448.011,0.4269999861717224,-2.6714254605782823
,,,1448.477,0.48500001430511475,-2.545349615205726
,,,1448.943,0.45100000500679016,-2.6196478284282017
,,,1449.409,0.46399998664855957,-2.591480838556118
,,,1449.876,0.4129999876022339,-2.7026749744072456
,,,1450.342,0.45899999141693115,-2.602465975925609
,,,1450.806,0.46000000834465027,-2.6002208938703535
,,,1451.272,0.45399999618530273,-2.6131523254317583
,,,1451.732,0.45500001311302185,-2.6107634855235338
,,,1452.195,0.44699999690055847,-2.6279195116102954
,,,1452.665,0.45100000500679016,-2.618877177984984
,,,1453.128,0.46299999952316284,-2.592360940721085
,,,1453.591,0.4620000123977661,-2.5941332418792964
,,,1454.061,0.45899999141693115,-2.600241368427672
,,,1454.527,0.4569999873638153,-2.604162566669872
,,,1454.991,0.46399998664855957,-2.588481087554298
,,,1455.456,0.44999998807907104,-2.6185697294739487
,,,1455.915,0.44699999690055847,-2.6247248891731387
,,,1456.381,0.45500001311302185,-2.6069585613691015
,,,1456.848,0.4490000009536743,-2.6197473528736777
,,,1457.314,0.46799999475479126,-2.5781323606598074
,,,1457.78,0.453000009059906,-2.6106604017415607
,,,1458.246,0.4490000009536743,-2.619297389521403
,,,1458.709,0.453000009059906,-2.6105820270035394
,,,1459.172,0.4659999907016754,-2.5823355544452267
,,,1459.635,0.4519999921321869,-2.6129867001642357
,,,1460.105,0.4490000009536743,-2.619742636412518
,,,1460.576,0.4440000057220459,-2.630919616166615
,,,1461.032,0.44699999690055847,-2.624722691188172
,,,1461.497,0.414000004529953,-2.6970025637214388
,,,1461.962,0.45500001311302185,-2.6080964157754583
,,,1462.428,0.46399998664855957,-2.588927106920591
,,,1462.895,0.3869999945163727,-2.7571282795803587
,,,1463.361,0.4440000057220459,-2.6333849654956345
,,,1463.821,0.45500001311302185,-2.60983939019181
,,,1464.287,0.45399999618530273,-2.6124028830305743
,,,1464.75,0.45399999618530273,-2.6127406330276073
,,,1465.22,0.45100000500679016,-2.619556681007457
,,,1465.684,0.38199999928474426,-2.7700985250704133
,,,1466.146,0.45500001311302185,-2.6112014531547434
,,,1466.61,0.44600000977516174,-2.6308769723705985
,,,1467.08,0.46399998664855957,-2.5916485881914775
,,,1467.545,0.45899999141693115,-2.602448403306818
,,,1468.008,0.4830000102519989,-2.54998880082454
,,,1468.474,0.4300000071525574,-2.6652120880727628
,,,1468.94,0.4519999921321869,-2.6169722444985646
,,,1469.405,0.4009999930858612,-2.7277200233768046
,,,1469.865,0.46299999952316284,-2.5922383083489717
,,,1470.331,0.46299999952316284,-2.5918019689170153
,,,1470.796,0.45500001311302185,-2.6087764814329346
,,,1471.261,0.4699999988079071,-2.5756380510325787
,,,1471.731,0.4699999988079071,-2.5751892607472175
,,,1472.194,0.45100000500679016,-2.6161589783839143
,,,1472.655,0.46399998664855957,-2.5874501173718665
,,,1473.124,0.45100000500679016,-2.615436659817936
,,,1473.588,0.45100000500679016,-2.6151624518488346
,,,1474.05,0.4569999873638153,-2.6018870658335063
,,,1474.516,0.45399999618530273,-2.608296674271739
,,,1474.98,0.40400001406669617,-2.71718520611753
,,,1475.445,0.46000000834465027,-2.5952219520667446
,,,1475.91,0.45500001311302185,-2.6062391480636586
,,,1476.376,0.46399998664855957,-2.586833481422511
,,,1476.84,0.42399999499320984,-2.674254064732666
,,,1477.306,0.45100000500679016,-2.6157700226552394
,,,1477.773,0.4650000035762787,-2.5856622468663337
,,,1478.239,0.45500001311302185,-2.6078826993869275
,,,1478.702,0.45100000500679016,-2.6170585571278933
,,,1479.165,0.45100000500679016,-2.6175329142743777
,,,1479.635,0.45399999618530273,-2.611469536316217
,,,1480.098,0.4569999873638153,-2.6053892577353737
,,,1480.565,0.46299999952316284,-2.5927413731935736
,,,1481.03,0.4880000054836273,-2.5386533434950547
,,,1481.495,0.44699999690055847,-2.6282980672378824
,,,1481.961,0.45899999141693115,-2.6024068989255973
,,,1482.42,0.45899999141693115,-2.6025842744369876
,,,1482.891,0.460999995470047,-2.5983231187911375
,,,1483.357,0.4790000021457672,-2.559118756714004
,,,1483.817,0.4129999876022339,-2.702836185409401
,,,1484.283,0.46399998664855957,-2.5915701727520073
,,,1484.747,0.46700000762939453,-2.5848017943954558
,,,1485.216,0.46700000762939453,-2.5844979953399583
,,,1485.68,0.46299999952316284,-2.592846825021666
,,,1486.143,0.45100000500679016,-2.618574603152759
,,,1486.606,0.4819999933242798,-2.5505832369338495
,,,1487.076,0.4690000116825104,-2.5784286319971423
,,,1487.541,0.4169999957084656,-2.6912335777039664
,,,1488.004,0.4490000009536743,-2.6210409791679163
,,,1488.47,0.421999990940094,-2.679413033784581
,,,1488.936,0.4699999988079071,-2.5744243946466923
,,,1489.402,0.4569999873638153,-2.6023833968106542
,,,1489.861,0.45500001311302185,-2.6064382506839716
,,,1490.327,0.44999998807907104,-2.6171002113172355
,,,1490.792,0.4560000002384186,-2.6038754588983366
,,,1491.257,0.460999995470047,-2.5929125733675606
,,,1491.721,0.4580000042915344,-2.599464088376193
,,,1492.191,0.45399999618530273,-2.608279259225139
,,,1492.651,0.45399999618530273,-2.6084619746182396
,,,1493.12,0.44999998807907104,-2.617436019074959
,,,1493.581,0.45100000500679016,-2.615585597609736
,,,1494.051,0.45899999141693115,-2.5985432335101315
,,,1494.51,0.45100000500679016,-2.6164055237202053
,,,1494.977,0.45899999141693115,-2.599442299133013
,,,1495.443,0.46299999952316284,-2.591211653446958
,,,1495.91,0.47600001096725464,-2.563375504314373
,,,1496.376,0.45100000500679016,-2.618315101711485
,,,1496.836,0.4519999921321869,-2.616582733146005
,,,1497.302,0.46000000834465027,-2.5995589538790385
,,,1497.769,0.4659999907016754,-2.586838582311545
,,,1498.235,0.47200000286102295,-2.574052637417761
,,,1498.698,0.44600000977516174,-2.6309091122001558
,,,1499.161,0.4519999921321869,-2.6179685603205374
,,,1499.625,0.4819999933242798,-2.5526555900778507
,,,1500.094,0.46299999952316284,-2.594009198927262
,,,1500.56,0.4569999873638153,-2.6069546422822185
,,,1501.024,0.46299999952316284,-2.5936748347288514
,,,1501.489,0.4659999907016754,-2.586855885795277
,,,1501.954,0.46700000762939453,-2.5843276009383436
,,,1502.42,0.45899999141693115,-2.6013516083561505
,,,1502.884,0.4480000138282776,-2.6248689979404896
,,,1503.35,0.44600000977516174,-2.6287507072633534
,,,1503.81,0.45100000500679016,-2.6173690150967315
,,,1504.276,0.4699999988079071,-2.5754881103873593
,,,1504.747,0.48100000619888306,-2.5510524140881237
,,,1505.21,0.453000009059906,-2.61161455757707
,,,1505.673,0.4519999921321869,-2.613398376386316
,,,1506.135,0.4129999876022339,-2.698029683647716
,,,1506.603,0.46399998664855957,-2.586652449215935
,,,1507.065,0.4569999873638153,-2.601714024427783
,,,1507.531,0.45100000500679016,-2.614679375353866
,,,1507.997,0.44699999690055847,-2.623373687577094
,,,1508.463,0.4429999887943268,-2.6321551537122416
,,,1508.928,0.45100000500679016,-2.614877881593061
,,,1509.394,0.46399998664855957,-2.586787280339326
,,,1509.858,0.4860000014305115,-2.5391602686829455
,,,1510.325,0.4569999873638153,-2.6027059192113042
,,,1510.791,0.45100000500679016,-2.6161934715992152
,,,1511.25,0.46399998664855957,-2.5883252571998328
,,,1511.717,0.4620000123977661,-2.5931607075499277
,,,1512.18,0.45100000500679016,-2.617613262771344
,,,1512.65,0.46399998664855957,-2.589772506702048
,,,1513.113,0.46399998664855957,-2.590233149117658
,,,1513.576,0.4690000116825104,-2.579764846526943
,,,1514.046,0.45899999141693115,-2.6019275555982935
,,,1514.512,0.4449999928474426,-2.632744882200353
,,,1514.977,0.3840000033378601,-2.7658908305812773
,,,1515.435,0.45100000500679016,-2.620095373684377
,,,1515.903,0.46000000834465027,-2.6005801944008766
,,,1516.369,0.45899999141693115,-2.602765568162373
,,,1516.835,0.44600000977516174,-2.631008417535511
,,,1517.301,0.46399998664855957,-2.5916294792762176
,,,1517.767,0.4749999940395355,-2.5674215607007422
,,,1518.226,0.4410000145435333,-2.6411806844102124
,,,1518.695,0.4480000138282776,-2.625553726900009
,,,1519.157,0.4860000014305115,-2.542338450836281
,,,1519.625,0.46299999952316284,-2.5919826303515823
,,,1520.087,0.4650000035762787,-2.587137008377701
,,,1520.553,0.46700000762939453,-2.5822833899898407
,,,1521.016,0.44600000977516174,-2.6275465295621436
,,,1521.482,0.4560000002384186,-2.6052952779047795
,,,1521.947,0.47099998593330383,-2.5721888445374566
,,,1522.413,0.4560000002384186,-2.6044928534940857
,,,1522.88,0.4650000035762787,-2.584572323664828
,,,1523.346,0.460999995470047,-2.5930472345098106
,,,1523.81,0.46399998664855957,-2.5863521833679797
,,,1524.275,0.4620000123977661,-2.5906360654675087
,,,1524.735,0.4560000002384186,-2.603723034452488
,,,1525.205,0.4440000057220459,-2.6299705069775023
,,,1525.666,0.4519999921321869,-2.6127310586465677
,,,1526.135,0.4699999988079071,-2.5737849261068004
,,,1526.599,0.44999998807907104,-2.6176986217885374
,,,1527.061,0.4569999873638153,-2.6028496356433206
,,,1527.527,0.45100000500679016,-2.6163716772109886
,,,1527.99,0.460999995470047,-2.5950698959146274
,,,1528.456,0.5149999856948853,-2.4779256371949603
,,,1528.92,0.45899999141693115,-2.6004339738051265
,,,1529.386,0.4620000123977661,-2.594388482289341
,,,1529.85,0.46399998664855957,-2.5904938374433817
,,,1530.316,0.4620000123977661,-2.595271211527971
,,,1530.78,0.44699999690055847,-2.628315797076524
,,,1531.246,0.4519999921321869,-2.61772108118363
,,,1531.714,0.46700000762939453,-2.5852638919226143
,,,1532.176,0.4560000002384186,-2.6093681228576115
,,,1532.647,0.45899999141693115,-2.6028832931909527
,,,1533.109,0.45500001311302185,-2.611559325354749
,,,1533.573,0.4410000145435333,-2.64193360415894
,,,1534.035,0.45100000500679016,-2.6199361545458513
,,,1534.501,0.44699999690055847,-2.6283618960143373
,,,1534.965,0.4490000009536743,-2.623646476005597
,,,1535.431,0.4699999988079071,-2.5774779915609414
,,,1535.898,0.45100000500679016,-2.6184089904219436
,,,1536.365,0.4519999921321869,-2.615735108324608
,,,1536.832,0.46399998664855957,-2.5890794924659426
,,,1537.29,0.38199999928474426,-2.7672171810970894
,,,1537.758,0.45399999618530273,-2.609860563908979
,,,1538.22,0.44699999690055847,-2.624649105963297
,,,1538.691,0.4560000002384186,-2.604624161000152
,,,1539.154,0.44999998807907104,-2.61733673239067
,,,1539.617,0.4429999887943268,-2.6322970445201848
,,,1540.08,0.45399999618530273,-2.6081200312234194
,,,1540.545,0.4259999990463257,-2.668995658347562
,,,1541.015,0.47200000286102295,-2.568740602600096
,,,1541.481,0.4490000009536743,-2.6189022754545963
,,,1541.947,0.45899999141693115,-2.597256842810447
,,,1542.405,0.45100000500679016,-2.6149114237826567
,,,1542.87,0.45100000500679016,-2.6152146074737828
,,,1543.336,0.45100000500679016,-2.6155865854322924
,,,1543.803,0.45899999141693115,-2.598586787902029
,,,1544.269,0.46000000834465027,-2.596881498979199
,,,1544.732,0.4620000123977661,-2.5930269840892186
,,,1545.201,0.47200000286102295,-2.5717570908819596
,,,1545.665,0.4490000009536743,-2.622380646784339
,,,1546.127,0.45500001311302185,-2.6098062258123513
,,,1546.591,0.46000000834465027,-2.5993782564233325
,,,1547.061,0.45399999618530273,-2.612868744922712
,,,1547.527,0.46399998664855957,-2.591441203626838
,,,1547.991,0.45100000500679016,-2.620051796276782
,,,1548.456,0.44999998807907104,-2.6224393119792784
,,,1548.921,0.4819999933242798,-2.552845130864779
,,,1549.386,0.4659999907016754,-2.5877351092298904
,,,1549.846,0.46799999475479126,-2.5833172086585123
,,,1550.312,0.44699999690055847,-2.6289184046863814
,,,1550.777,0.4560000002384186,-2.6090753380961433
,,,1551.243,0.515999972820282,-2.4780424488899984
,,,1551.706,0.45100000500679016,-2.6192701209054623
,,,1552.176,0.44600000977516174,-2.6297215676598062
,,,1552.639,0.4399999976158142,-2.642309397625234
,,,1553.102,0.4580000042915344,-2.6025820784215066
,,,1553.573,0.4659999907016754,-2.5846286827671467
,,,1554.035,0.46399998664855957,-2.5884645648238065
,,,1554.501,0.45500001311302185,-2.60756978169038
,,,1554.966,0.45100000500679016,-2.615816537202993
,,,1555.431,0.4620000123977661,-2.591432696224585
,,,1555.891,0.4519999921321869,-2.6128624328499392
,,,1556.356,0.4729999899864197,-2.566826636957355
,,,1556.821,0.45899999141693115,-2.5971246216156576
,,,1557.287,0.42899999022483826,-2.662369065840415
,,,1557.75,0.4490000009536743,-2.618773711983751
,,,1558.22,0.44699999690055847,-2.62320196165553
,,,1558.681,0.46399998664855957,-2.5863264244700686
,,,1559.15,0.4519999921321869,-2.61271692228919
,,,1559.614,0.45500001311302185,-2.6065054323737797
,,,1560.076,0.43700000643730164,-2.6461139519122163
,,,1560.541,0.46299999952316284,-2.58991832428124
,,,1561.012,0.4350000023841858,-2.651412263777194
,,,1561.47,0.46299999952316284,-2.5909293265739493
,,,1561.935,0.47200000286102295,-2.571851530353042
,,,1562.401,0.4449999928474426,-2.631199312824998
,,,1562.866,0.5049999952316284,-2.5009823877121287
,,,1563.332,0.46399998664855957,-2.5907705029709813
,,,1563.798,0.45899999141693115,-2.6020750081104875
,,,1564.264,0.4650000035762787,-2.5893504664692872
,,,1564.725,0.45399999618530273,-2.6135886354697493
,,,1565.195,0.45100000500679016,-2.620315286632817
,,,1565.658,0.46299999952316284,-2.5942742705051676
,,,1566.12,0.47999998927116394,-2.557248263408415
,,,1566.588,0.49799999594688416,-2.5179503487377857
,,,1567.051,0.46299999952316284,-2.594029913511339
,,,1567.516,0.45100000500679016,-2.61991624858734
,,,1567.983,0.3619999885559082,-2.813485125430314
,,,1568.449,0.4569999873638153,-2.6061209858595142
,,,1568.913,0.45100000500679016,-2.618749029776142
,,,1569.379,0.45100000500679016,-2.6182657556392592
,,,1569.843,0.45100000500679016,-2.617757744514988
,,,1570.309,0.45100000500679016,-2.6172403381360834
,,,1570.776,0.44999998807907104,-2.6189078498442546
,,,1571.235,0.4519999921321869,-2.6140610042155936
,,,1571.702,0.44699999690055847,-2.624501111208404
,,,1572.165,0.45500001311302185,-2.606668785691241
,,,1572.635,0.4620000123977661,-2.591076944182119
,,,1573.098,0.4659999907016754,-2.582092646122984
,,,1573.564,0.45100000500679016,-2.614582251133604
,,,1574.03,0.46399998664855957,-2.5861553495248404
,,,1574.496,0.43700000643730164,-2.6449633762824867
,,,1574.961,0.45100000500679016,-2.6145368362966
,,,1575.42,0.45500001311302185,-2.6059844139493613
,,,1575.892,0.45500001311302185,-2.606228923198212
,,,1576.35,0.46700000762939453,-2.5804042750746867
,,,1576.817,0.46399998664855957,-2.587323995695048
,,,1577.283,0.45399999618530273,-2.6095473098254716
,,,1577.751,0.4440000057220459,-2.6318112196749692
,,,1578.213,0.45100000500679016,-2.6170647818860706
,,,1578.676,0.46700000762939453,-2.582721612610779
,,,1579.147,0.46399998664855957,-2.589767763911281
,,,1579.61,0.4099999964237213,-2.707905367781423
,,,1580.072,0.4519999921321869,-2.6168596040842442
,,,1580.538,0.46700000762939453,-2.584589594267047
,,,1581.001,0.46000000834465027,-2.600188546185286
,,,1581.467,0.44699999690055847,-2.628787742757992
,,,1581.932,0.4779999852180481,-2.5614463535811454
,,,1582.398,0.4399999976158142,-2.6443455231567583
,,,1582.865,0.47600001096725464,-2.565935278954758
,,,1583.331,0.453000009059906,-2.6159751527370085
,,,1583.795,0.46000000834465027,-2.6005674703764785
,,,1584.26,0.4569999873638153,-2.6068632282837974
,,,1584.721,0.44699999690055847,-2.628333803366496
,,,1585.191,0.4300000071525574,-2.6649895548677844
,,,1585.651,0.45399999618530273,-2.6122672358017893
,,,1586.12,0.45899999141693115,-2.600898143517895
,,,1586.581,0.45100000500679016,-2.617824172186387
,,,1587.051,0.45500001311302185,-2.6085944015980504
,,,1587.517,0.4620000123977661,-2.592832045326221
,,,1587.976,0.45100000500679016,-2.6163040039853747
,,,1588.442,0.46000000834465027,-2.596236535676357
,,,1588.906,0.4429999887943268,-2.632861619947374
,,,1589.371,0.45100000500679016,-2.6150807610832896
,,,1589.836,0.4560000002384186,-2.6039067906566045
,,,1590.302,0.46000000834465027,-2.5949903930595424
,,,1590.769,0.4480000138282776,-2.6210174218096576
,,,1591.235,0.47999998927116394,-2.5512723086243234
,,,1591.695,0.45100000500679016,-2.614513547406962
,,,1592.165,0.45899999141693115,-2.5972322595884734
,,,1592.628,0.4560000002384186,-2.6039994363448447
,,,1593.091,0.4659999907016754,-2.5825204957944403
,,,1593.557,0.4659999907016754,-2.5828948369549285
,,,1594.02,0.44699999690055847,-2.624719323246857
,,,1594.485,0.46299999952316284,-2.590334494885356
,,,1594.95,0.46399998664855957,-2.5886584255884575
,,,1595.416,0.44699999690055847,-2.626211924567192
,,,1595.881,0.45899999141693115,-2.6005834856793135
,,,1596.346,0.46299999952316284,-2.5923673996038037
,,,1596.814,0.46700000762939453,-2.584119074177488
,,,1597.28,0.45399999618530273,-2.61286158578479
,,,1597.743,0.43799999356269836,-2.648081848203849
,,,1598.205,0.4650000035762787,-2.5895513951727103
,,,1598.673,0.4519999921321869,-2.6180888169213063
,,,1599.135,0.47200000286102295,-2.574645650548645
