Trial: ,28
Threshold: ,0.0
Maximum EMG: ,0.048070649920130624
Success: ,True

EMG Time,Raw EMG,Filtered EMG,Force Time,Raw Force (V),Filtered Force (N)
0.0,samples,3.403263675627149e-06,0.467,0.5839999914169312,-2.3267168520132846
0.46551699999999996,time,3.433762470802681e-06,0.93,0.5709999799728394,-2.354807067681183
0.9310339999999999,value,3.4533398376710174e-06,1.395,0.5669999718666077,-2.3633255377419546
1.396552,,3.461454328736793e-06,1.86,0.5519999861717224,-2.395852180054939
1.862069,,3.4575819686365194e-06,2.326,0.5830000042915344,-2.328209045457711
2.327586,,3.441218876276719e-06,2.791,0.5820000171661377,-2.3303333913792863
2.793103,,3.411883928597191e-06,3.257,0.5849999785423279,-2.3237952375286173
3.258621,,3.369121458263011e-06,3.724,0.5979999899864197,-2.2955224249311734
3.724138,,3.3125039771355727e-06,4.19,0.5920000076293945,-2.3086941515801347
4.189654999999999,,3.2416349169291016e-06,4.653,0.5820000171661377,-2.330628050253652
4.655172,,3.1561513780267205e-06,5.116,0.5640000104904175,-2.3700352663834052
5.12069,,3.0557268770112374e-06,5.584,0.5879999995231628,-2.3179780449075804
5.586207,,2.9400740830625434e-06,6.045,0.5709999799728394,-2.3552771169870583
6.051723999999999,,2.808947532987849e-06,6.516,0.5720000267028809,-2.353384237097821
6.517241,,2.6621463142851794e-06,6.978,0.5879999995231628,-2.318826902249882
6.982759,,2.4995167052967308e-06,7.444,0.6079999804496765,-2.275559825477685
7.448276,,2.320954761189009e-06,7.909,0.5690000057220459,-2.3608280719545354
7.913793000000001,,2.126408834203336e-06,8.375,0.5789999961853027,-2.3393292818579012
8.379309999999998,,1.9158820163554944e-06,8.839,0.6069999933242798,-2.2785923781285584
8.844828000000001,,1.6894344925291606e-06,9.304,0.574999988079071,-2.3485430942151706
9.310345,,1.447185791706514e-06,9.772,0.6100000143051147,-2.272485578940982
9.775862,,1.1893169239131406e-06,10.23,0.6060000061988831,-2.2813499972115965
10.241379,,9.160723903251752e-07,10.701,0.6060000061988831,-2.2814490844548025
10.706897,,6.277620538966172e-07,11.16,0.6019999980926514,-2.2902090609987216
11.172414,,3.247628578159034e-07,11.628,0.6100000143051147,-2.272769995178716
11.637931,,7.520379095108978e-09,12.09,0.5849999785423279,-2.3271717704786803
12.103447999999998,,3.234497953655665e-07,12.56,0.6039999723434448,-2.285660616907278
12.568966000000001,,6.675608828092731e-07,13.023,0.5680000185966492,-2.3639267825776455
13.034483,,1.024153921186568e-06,13.489,0.5669999718666077,-2.365898242046974
13.5,,1.3924970005039176e-06,13.955,0.6079999804496765,-2.2763304236876842
13.965517,,1.771784720972102e-06,14.422,0.5669999718666077,-2.3653826758545375
14.431034,,2.161137889680524e-06,14.886,0.5709999799728394,-2.356375489661998
14.896552,,2.5596034671796925e-06,15.345,0.5830000042915344,-2.329928208612585
15.362069,,2.966154774954999e-06,15.816,0.578000009059906,-2.340515946669391
15.827586000000002,,3.3796919743193627e-06,16.282,0.6060000061988831,-2.2792149409528104
16.293103,,3.799042826739599e-06,16.746,0.4050000011920929,-2.716843163088445
16.758621,,4.222963745040774e-06,17.211,0.6010000109672546,-2.28957791403085
17.224138,,4.650141144303958e-06,17.672,0.5789999961853027,-2.3372927498560543
17.689655,,5.079193100585345e-06,18.141,0.5920000076293945,-2.3087924429132336
18.155172,,5.508671324838557e-06,18.602,0.5649999976158142,-2.367481321339729
18.62069,,5.937063458617341e-06,19.065,0.5709999799728394,-2.3543224307220445
19.086207,,6.362795697273033e-06,19.535,0.5839999914169312,-2.3259629936265527
19.551724,,6.784235745440661e-06,19.997,0.5929999947547913,-2.306368354387108
20.017241000000002,,7.1996961086303074e-06,20.463,0.5830000042915344,-2.3282172432491155
20.482758999999998,,7.607437723707215e-06,20.926,0.6169999837875366,-2.2542523986373375
20.948276,,8.005673929956444e-06,21.392,0.5789999961853027,-2.3371932790351373
21.413793000000002,,8.392574781287274e-06,21.857,0.5789999961853027,-2.3373847987139973
21.87931,,8.766271698940561e-06,22.323,0.5720000267028809,-2.3528612470618175
22.344828,,9.124862462821253e-06,22.79,0.5730000138282776,-2.350936612792521
22.810344999999998,,9.466416538290136e-06,23.256,0.5789999961853027,-2.3381392421424843
23.275862,,9.78898073391663e-06,23.72,0.5989999771118164,-2.294852570157969
23.741379,,1.009058518432047e-05,24.185,0.5540000200271606,-2.3931813058249154
24.206897,,1.0369249650817934e-05,24.646,0.5920000076293945,-2.3106777137958145
24.672414,,1.0622990131140976e-05,25.116,0.5960000157356262,-2.3022345726114324
25.137931,,1.0849825768018887e-05,25.579,0.5950000286102295,-2.3046623055695807
25.603448,,1.1047786044906005e-05,26.042,0.5669999718666077,-2.3658846019457167
26.068966,,1.1214918255609516e-05,26.505,0.5830000042915344,-2.3312114268418753
26.534483,,1.134929523302322e-05,26.975,0.6010000109672546,-2.292140550190624
27.0,,1.1449023320610605e-05,27.441,0.5690000057220459,-2.3619571883380748
27.465517,,1.151225056870911e-05,27.905,0.5830000042915344,-2.331508773451274
27.931034,,1.1537175136151847e-05,28.371,0.5960000157356262,-2.3031902079158586
28.396552,,1.1522053876128996e-05,28.83,0.5720000267028809,-2.3554325979174555
28.862069,,1.1465211083644151e-05,29.296,0.5669999718666077,-2.366233918506147
29.327586,,1.1365047380367054e-05,29.761,0.5690000057220459,-2.3617410145128934
29.793103000000002,,1.1220048711149381e-05,30.227,0.5849999785423279,-2.3267074102291736
30.258620999999998,,1.102879542496101e-05,30.694,0.5669999718666077,-2.3657129419367338
30.724138,,1.0789971411526733e-05,31.16,0.5709999799728394,-2.3567597058469607
31.189655000000002,,1.0502373263504683e-05,31.62,0.5789999961853027,-2.339070379641086
31.655172000000004,,1.0164919432654197e-05,32.09,0.5669999718666077,-2.3649400350049623
32.12069,,9.776659347099811e-06,32.553,0.5709999799728394,-2.355945282916909
32.586207,,9.336782455516105e-06,33.016,0.5540000200271606,-2.392704600827648
33.051724,,8.844627162842828e-06,33.481,0.5960000157356262,-2.3009339449920727
33.517241000000006,,8.299689620997997e-06,33.952,0.5820000171661377,-2.331184510355933
33.982759,,7.701632336995887e-06,34.41,0.5669999718666077,-2.3636378730095293
34.448276,,7.050292559904145e-06,34.875,0.5979999899864197,-2.2959039900521
34.913793,,6.345690407197138e-06,35.34,0.593999981880188,-2.3044584316080137
35.37931,,5.588036690288211e-06,35.805,0.5910000205039978,-2.3108738915901044
35.844828,,4.7777403983589635e-06,36.271,0.5920000076293945,-2.3086183040725516
36.310345,,3.915415799056185e-06,36.738,0.6039999723434448,-2.2824431461410772
36.775862,,3.001889114203549e-06,37.204,0.5770000219345093,-2.341281708153155
37.241378999999995,,2.0382047283826383e-06,37.665,0.6190000176429749,-2.249839898926112
37.706897000000005,,1.0256308880828434e-06,38.135,0.578000009059906,-2.3392704222658036
38.172414,,3.4335150891188554e-08,38.597,0.5690000057220459,-2.359026693384542
38.637931,,1.1399625699264372e-06,39.06,0.5839999914169312,-2.3265347222702673
39.103448,,2.289283069898788e-06,39.528,0.6069999933242798,-2.2766468110858606
39.568965999999996,,3.480087630678915e-06,39.99,0.5709999799728394,-2.3553258812453515
40.034483,,4.709923988639682e-06,40.455,0.5920000076293945,-2.309842066252523
40.5,,5.976094872160284e-06,40.922,0.5799999833106995,-2.336266544513832
40.965517,,7.275657034147617e-06,41.387,0.578000009059906,-2.340909294259374
41.431034,,8.605421119439426e-06,41.856,0.5669999718666077,-2.365157236199973
41.896552,,9.961952403612974e-06,42.315,0.5690000057220459,-2.3610720530706004
42.362069000000005,,1.1341572438193923e-05,42.786,0.5799999833106995,-2.3373606130889466
42.827586000000004,,1.2740361635540497e-05,43.245,0.5690000057220459,-2.361553103941918
43.293103,,1.4154162824765237e-05,43.71,0.578000009059906,-2.3421396480794923
43.758621,,1.5578585807949688e-05,44.175,0.5879999995231628,-2.3205083543757503
44.224138,,1.7009012943604853e-05,44.646,0.5789999961853027,-2.340226984883218
44.689655,,1.844060578183238e-05,45.108,0.6169999837875366,-2.257500615240434
45.155172,,1.9868312772948458e-05,45.576,0.6190000176429749,-2.253153584032058
45.620689999999996,,2.1286878068445488e-05,46.038,0.5669999718666077,-2.366401455924898
46.086206999999995,,2.2690851430087653e-05,46.501,0.5929999947547913,-2.309664616580075
46.551724,,2.4074599259668133e-05,46.971,0.49000000953674316,-2.5339280021820927
47.017241,,2.5432316758501806e-05,47.43,0.6370000243186951,-2.2134878892387375
47.482759,,2.6758041222091496e-05,47.902,0.5759999752044678,-2.346168229900243
47.948276,,2.80456664715938e-05,48.36,0.5249999761581421,-2.457029775412152
48.413793,,2.9288958419727745e-05,48.827,0.5019999742507935,-2.5068674377553974
48.879310000000004,,3.0481571764623418e-05,49.293,0.5649999976158142,-2.3693277080232966
49.344828,,3.161706780080534e-05,49.757,0.5830000042915344,-2.329819357174485
49.810345,,3.2688933332055775e-05,50.223,0.5540000200271606,-2.39270644156358
50.275862,,3.369060066631573e-05,50.686,0.5709999799728394,-2.3553833626460907
50.741379,,3.461546866806648e-05,51.156,0.578000009059906,-2.3398620306176743
51.206897,,3.5456924838803224e-05,51.62,0.574999988079071,-2.346149859812403
51.672414,,3.620836839127734e-05,52.083,0.6110000014305115,-2.2674992845270476
52.137931,,3.686323427815789e-05,52.546,0.5839999914169312,-2.326138273573114
52.603448,,3.741501813065998e-05,53.016,0.5830000042915344,-2.3281728470496366
53.068966,,3.78573020575226e-05,53.482,0.5709999799728394,-2.3542184274279765
53.534483,,3.818378124950731e-05,53.945,0.6060000061988831,-2.277916255852276
54.0,,3.8388291329348374e-05,54.41,0.5730000138282776,-2.349812625819781
54.465517,,3.8464836381831085e-05,54.875,0.5830000042915344,-2.328078434731738
54.931034,,3.8407617593428174e-05,55.34,0.5839999914169312,-2.326002778494094
55.396552,,3.821106242570076e-05,55.806,0.5830000042915344,-2.32833254318557
55.862069,,3.786985424149256e-05,56.271,0.3619999885559082,-2.8100138325112036
56.327586,,3.737896229783235e-05,56.736,0.5540000200271606,-2.391960949567655
56.793102999999995,,3.67336720144323e-05,57.201,0.6169999837875366,-2.254990864515579
57.258621000000005,,3.592961542174944e-05,57.664,0.6079999804496765,-2.2749063788656505
57.724138,,3.496280168778729e-05,58.127,0.5699999928474426,-2.358016600595513
58.189655,,3.382964761817668e-05,58.59,0.5929999947547913,-2.308235023347341
58.655172,,3.2527008019611825e-05,59.06,0.5929999947547913,-2.3085585170118375
59.120689999999996,,3.1052205812454346e-05,59.52,0.578000009059906,-2.3415482781594346
59.586207,,2.9403061774276578e-05,59.991,0.5820000171661377,-2.3331216927680054
60.051724,,2.7577923792321384e-05,60.456,0.578000009059906,-2.3420940381309596
60.517241,,2.5575695499332105e-05,60.915,0.5649999976158142,-2.3706365999084325
60.982758999999994,,2.3395864163978222e-05,61.38,0.5699999928474426,-2.3599196742492525
61.448276,,2.1038527704193227e-05,61.847,0.5799999833106995,-2.3382601808814245
61.913793,,1.850442068917598e-05,62.312,0.5759999752044678,-2.3470480135299
62.379310000000004,,1.5794939193609075e-05,62.779,0.597000002861023,-2.301312841658662
62.84482800000001,,1.2912164365841265e-05,63.244,0.5669999718666077,-2.366631198411938
63.310345000000005,,9.858884570389011e-06,63.709,0.5809999704360962,-2.3360325025862556
63.775862000000004,,6.6386159641578295e-06,64.175,0.5899999737739563,-2.316272960563953
64.241379,,3.2556213652892653e-06,64.638,0.6079999804496765,-2.276854620431347
64.706897,,2.850727264738471e-07,65.101,0.574999988079071,-2.348501831172165
65.172414,,3.977661098522419e-06,65.572,0.5899999737739563,-2.3155360037129817
65.637931,,7.815546922823916e-06,66.034,0.5759999752044678,-2.3457215570871712
66.103448,,1.179133112012828e-05,66.498,0.5950000286102295,-2.303991160654526
66.56896599999999,,1.5896804126881142e-05,66.96,0.5830000042915344,-2.3297882024091763
67.03448300000001,,2.012294019810183e-05,67.426,0.5249999761581421,-2.455803607638638
67.5,,2.4459894376205993e-05,67.89,0.5849999785423279,-2.3247502934113133
67.965517,,2.8897002251870417e-05,68.356,0.6060000061988831,-2.2786845018930806
68.431034,,3.342278263853814e-05,68.82,0.5950000286102295,-2.3023633606205705
68.896552,,3.802494327703498e-05,69.286,0.597000002861023,-2.297756314658551
69.362069,,4.269038968100525e-05,69.754,0.6179999709129333,-2.251798729912795
69.827586,,4.740523722746697e-05,70.219,0.5669999718666077,-2.3627541581126867
70.293103,,5.2154826589731926e-05,70.683,0.5680000185966492,-2.3604765868145257
70.75862099999999,,5.692374260222882e-05,71.145,0.5699999928474426,-2.356081641022177
71.22413800000001,,6.16958366384092e-05,71.616,0.6079999804496765,-2.273317171203643
71.689655,,6.645425257390631e-05,72.079,0.5879999995231628,-2.3169748184905297
72.15517200000001,,7.118145639746136e-05,72.542,0.5830000042915344,-2.328011383356191
72.62069,,7.58592695218364e-05,73.005,0.5540000200271606,-2.3913914635632945
73.086207,,8.046890583600597e-05,73.471,0.574999988079071,-2.345890455608424
73.551724,,8.49910125283739e-05,73.941,0.5709999799728394,-2.3548996544464367
74.017241,,8.940571469861058e-05,74.406,0.5699999928474426,-2.3574081943626486
74.482759,,9.369266376296714e-05,74.871,0.578000009059906,-2.3403345719535276
74.94827599999999,,9.783108964461651e-05,75.33,0.578000009059906,-2.3407051195514432
75.41379300000001,,0.00010179985672671948,75.795,0.5669999718666077,-2.3650448846471614
75.87931,,0.00010557752353154268,76.261,0.6060000061988831,-2.2804444963953334
76.344828,,0.00010914240607409376,76.727,0.5929999947547913,-2.309114355181133
76.810345,,0.00011247264482341827,77.193,0.5929999947547913,-2.309431360942925
77.275862,,0.00011554627518895858,77.661,0.6019999980926514,-2.2901005421698444
77.741379,,0.00011834130143324266,78.123,0.6019999980926514,-2.290328764854976
78.206897,,0.00012083577389569405,78.591,0.5789999961853027,-2.3406103194015357
78.67241399999999,,0.00012300786939557472,79.052,0.6060000061988831,-2.2818987231614405
79.137931,,0.00012483597466503792,79.52,0.5960000157356262,-2.3037324750619526
79.603448,,0.00012629877264602653,79.983,0.5680000185966492,-2.364715957108275
80.068966,,0.00012737533146735762,80.448,0.5699999928474426,-2.360275527059971
80.53448300000001,,0.00012804519590084134,80.912,0.6050000190734863,-2.283877031806503
81.0,,0.00012828848107774855,81.378,0.5849999785423279,-2.327244921236511
81.465517,,0.0001280859682294278,81.842,0.5669999718666077,-2.366202228235143
81.931034,,0.00012741920219844127,82.308,0.5709999799728394,-2.3571844203353023
82.396552,,0.0001262705904493081,82.772,0.5509999990463257,-2.400418710258296
82.86206899999999,,0.00012462350329087735,83.237,0.5720000267028809,-2.354303014128339
83.327586,,0.00012246237500557357,83.702,0.5669999718666077,-2.3648172943135966
83.79310299999999,,0.00011977280556433704,84.168,0.6169999837875366,-2.2555005456083115
84.258621,,0.00011654166259009044,84.631,0.5009999871253967,-2.5078460631738593
84.72413800000001,,0.00011275718321708258,85.1,0.5730000138282776,-2.3506251160022966
85.189655,,0.00010840907547856029,85.561,0.5759999752044678,-2.343760699429467
85.65517200000001,,0.00010348861884098422,86.03,0.5759999752044678,-2.343469944244902
86.12069,,9.798876348950775e-05,86.498,0.593999981880188,-2.3040094967104734
86.586207,,9.190422795676301e-05,86.96,0.609000027179718,-2.271137283952984
87.051724,,8.523159467522365e-05,87.426,0.5830000042915344,-2.3276476646736532
87.517241,,7.796940302262046e-05,87.89,0.574999988079071,-2.3450052729308166
87.98275899999999,,7.011823942015338e-05,88.356,0.5920000076293945,-2.3079624418983413
88.448276,,6.168082403465264e-05,88.816,0.5709999799728394,-2.3537747351001945
88.913793,,5.266209362847192e-05,89.281,0.5920000076293945,-2.308148713506138
89.37931,,4.306928009482466e-05,89.746,0.6060000061988831,-2.277834465876528
89.844828,,3.291198421158055e-05,90.211,0.5839999914169312,-2.3260072445042845
90.310345,,2.2202244143295372e-05,90.679,0.5699999928474426,-2.3568005820332645
90.775862,,1.0954598219529721e-05,91.141,0.5789999961853027,-2.337527389464056
91.241379,,8.138584826094052e-07,91.609,0.593999981880188,-2.3052149346027853
91.706897,,1.308342422222684e-05,92.071,0.5669999718666077,-2.3644276266859316
92.17241399999999,,2.5831747811945665e-05,92.535,0.5889999866485596,-2.3168974604714547
92.63793100000001,,3.903379343094344e-05,93.005,0.5669999718666077,-2.3652274164655553
93.103448,,5.266181348898166e-05,93.47,0.6050000190734863,-2.282825782257092
93.568966,,6.668532998786836e-05,93.933,0.5669999718666077,-2.3659774781139293
94.03448300000001,,8.107112481601519e-05,94.399,0.6019999980926514,-2.2900526689976624
94.5,,9.578323939897105e-05,94.864,0.5920000076293945,-2.312121908432718
94.965517,,0.00011078298411399555,95.33,0.6140000224113464,-2.2644198911296347
95.431034,,0.00012602895785984237,95.794,0.6150000095367432,-2.262407437828079
95.896552,,0.0001414770781539289,96.259,0.5849999785423279,-2.327865947270917
96.36206899999999,,0.00015708062210794953,96.724,0.5659999847412109,-2.369290278373704
96.827586,,0.00017279027860973338,97.19,0.5879999995231628,-2.3213206594729754
97.293103,,0.00018855421201374256,97.653,0.6110000014305115,-2.271102983483623
97.758621,,0.00020431813761505704,98.116,0.5879999995231628,-2.321035707952499
98.224138,,0.0002200254091520005,98.584,0.5669999718666077,-2.3665493521161047
98.689655,,0.0002356171185507463,99.046,0.5669999718666077,-2.366257323326828
99.155172,,0.00025103220809132476,99.51,0.5929999947547913,-2.309274515023238
99.62069,,0.0002662075951384649,99.979,0.5860000252723694,-2.324150000382794
100.086207,,0.00028107830954268834,100.445,0.5839999914169312,-2.3281057864838113
100.551724,,0.00029557764377707965,100.909,0.574999988079071,-2.3472973796097594
101.017241,,0.00030963731583324186,101.375,0.5830000042915344,-2.3294494835644746
101.482759,,0.00032318764485618105,101.835,0.5849999785423279,-2.3246831634299125
101.948276,,0.00033615773945232756,102.3,0.5440000295639038,-2.413620676103286
102.413793,,0.0003484756985576783,102.772,0.5759999752044678,-2.343551360519137
102.87931,,0.00036006882470423823,103.23,0.5960000157356262,-2.299669541208648
103.344828,,0.0003708638494726535,103.695,0.6140000224113464,-2.260196469036749
103.810345,,0.00038078717086728305,104.161,0.5690000057220459,-2.3580372564405403
104.275862,,0.0003897651022970778,104.631,0.6179999709129333,-2.251150504092379
104.741379,,0.0003977241327916648,105.093,0.5839999914169312,-2.325160888781188
105.206897,,0.0004045911980271178,105.557,0.5440000295639038,-2.4123159240998313
105.672414,,0.00041029396168019245,106.02,0.5879999995231628,-2.3165388904258153
106.13793100000001,,0.00041476110657347886,106.485,0.5929999947547913,-2.3058004667942607
106.603448,,0.0004179226350171605,106.956,0.5879999995231628,-2.316914859049161
107.068966,,0.0004197101776960435,107.415,0.5929999947547913,-2.3063030962905025
107.534483,,0.00042005731039343783,107.88,0.5960000157356262,-2.3001009364810616
108.0,,0.0004188998777865347,108.345,0.515999972820282,-2.474771086296838
108.46551699999999,,0.000416176323491341,108.812,0.5759999752044678,-2.3444655976273245
108.931034,,0.0004118280254792297,109.278,0.5419999957084656,-2.4189764170643193
109.396552,,0.00040579963593196457,109.743,0.5709999799728394,-2.3562425838587977
109.862069,,0.0003980394245479007,110.208,0.6129999756813049,-2.2651820283625606
110.32758600000001,,0.00038849962425918796,110.671,0.5820000171661377,-2.333143808576611
110.793103,,0.00037713677826846235,111.141,0.625,-2.2398536216066107
111.258621,,0.0003639120872639493,111.601,0.5920000076293945,-2.312096510752578
111.724138,,0.00034879175562438505,112.072,0.5540000200271606,-2.395179100940392
112.189655,,0.00033174733537994633,112.535,0.5720000267028809,-2.3561965829026517
112.655172,,0.0003127560666527316,112.998,0.593999981880188,-2.3084312202826025
113.12069,,0.00029180121326052155,113.463,0.597000002861023,-2.301985202508217
113.586207,,0.0002688723921308358,113.927,0.593999981880188,-2.3085327731382073
114.051724,,0.0002439658951389614,114.392,0.5820000171661377,-2.3346091842364975
114.51724100000001,,0.0002170850019539243,114.857,0.6060000061988831,-2.2821770806072474
114.982759,,0.0001882402824505796,115.322,0.5889999866485596,-2.3189959039528953
115.448276,,0.00015744988722436908,115.788,0.5830000042915344,-2.331782204109639
115.913793,,0.00012473982472809667,116.254,0.6119999885559082,-2.268256702114812
116.37931,,9.014422353755568e-05,116.721,0.5669999718666077,-2.365901919135236
116.84482799999999,,5.370557824525583e-05,117.187,0.6169999837875366,-2.256537758538577
117.310345,,1.5474977479102137e-05,117.65,0.5809999704360962,-2.3345121618850966
117.77586199999999,,2.4487687454102956e-05,118.112,0.5849999785423279,-2.3253290592427533
118.241379,,6.611353479181856e-05,118.575,0.5709999799728394,-2.3553648664231885
118.70689700000001,,0.00010932452688260295,119.045,0.5809999704360962,-2.3331304566554567
119.172414,,0.0001540333285531259,119.509,0.574999988079071,-2.3457851135864183
119.63793100000001,,0.0002001431907050355,119.971,0.5540000200271606,-2.3911631684869192
120.103448,,0.00024754786053809465,120.437,0.6039999723434448,-2.2819122028119017
120.568966,,0.0002961315197562586,120.902,0.6060000061988831,-2.277299252074683
121.034483,,0.0003457687520670554,121.367,0.5989999771118164,-2.29236426247042
121.5,,0.0003963245412314318,121.835,0.5789999961853027,-2.3358280180705204
121.96551699999999,,0.0004476543008607431,122.301,0.5809999704360962,-2.3314424548177946
122.431034,,0.0004996039370899314,122.76,0.6150000095367432,-2.25742173817546
122.896552,,0.0005520099451818422,123.226,0.5770000219345093,-2.340343810277583
123.362069,,0.0006046995410372225,123.698,0.597000002861023,-2.296981154199001
123.827586,,0.0006574908284968073,124.156,0.6079999804496765,-2.2732971396463153
124.293103,,0.0007101930032245757,124.627,0.5929999947547913,-2.3063202726365235
124.758621,,0.0007626065938564991,125.089,0.5809999704360962,-2.3328606652592776
125.22413800000001,,0.0008145237409914062,125.553,0.5720000267028809,-2.3529075312305014
125.68965500000002,,0.000865728514490058,126.015,0.6039999723434448,-2.283659810295019
126.15517200000001,,0.000915997269426226,126.482,0.6039999723434448,-2.2841437682782315
126.62069000000001,,0.0009650990408924261,126.945,0.652999997138977,-2.177873116732079
127.086207,,0.001012795977716082,127.41,0.574999988079071,-2.348275622205987
127.55172400000001,,0.0010588438150146502,127.875,0.593999981880188,-2.307321604411704
128.017241,,0.0011029923854045276,128.34,0.5830000042915344,-2.3316873480357567
128.48275900000002,,0.0011449861685217935,128.805,0.5669999718666077,-2.3668951717420668
128.948276,,0.0011845648782812046,129.271,0.6039999723434448,-2.2865727669536753
129.413793,,0.0012214640870850406,129.739,0.6190000176429749,-2.2541085917553265
129.87931,,0.0012554158861347302,130.204,0.5830000042915344,-2.3326763547127687
130.344828,,0.00128614958101933,130.665,0.6060000061988831,-2.2826206741817345
130.81034499999998,,0.0013133924215092863,131.135,0.5920000076293945,-2.313089980968762
131.275862,,0.001336870363853305,131.598,0.5799999833106995,-2.339117823689757
131.741379,,0.0013563088634799532,132.06,0.6129999756813049,-2.26702526456115
132.206897,,0.0013714336965823311,132.528,0.6079999804496765,-2.2776446674911695
132.67241399999997,,0.0013819718099305615,132.99,0.5929999947547913,-2.309981406546814
133.13793099999998,,0.001387652197350849,133.455,0.5889999866485596,-2.3182944493422686
133.60344800000001,,0.0013882067983929797,133.922,0.6050000190734863,-2.2829875373683497
134.06896600000002,,0.0013833714138319065,134.388,0.6140000224113464,-2.262896698717259
134.53448300000002,,0.0013728866375375007,134.854,0.6060000061988831,-2.2798220675801706
135.0,,0.0013564988095409677,135.319,0.625,-2.2379176640538923
135.465517,,0.0013339609888967602,135.784,0.5720000267028809,-2.352885319424622
135.931034,,0.0013050339286892186,136.249,0.5899999737739563,-2.313194728324216
136.396552,,0.0012694870349968445,136.716,0.5789999961853027,-2.3367253014214375
136.862069,,0.0012270993242402956,137.175,0.5830000042915344,-2.327629806562618
137.327586,,0.0011776604200999087,137.642,0.5690000057220459,-2.357815547517809
137.793103,,0.0011209715851314285,138.112,0.5820000171661377,-2.3292531245877313
138.258621,,0.001056846690120985,138.572,0.5479999780654907,-2.4031705319305527
138.724138,,0.0009851130451654557,139.042,0.5120000243186951,-2.481534870289815
139.189655,,0.0009056122222482064,139.505,0.5680000185966492,-2.3595565081779117
139.655172,,0.0008182011199101431,139.967,0.593999981880188,-2.3030279933582696
140.12069,,0.0007227531936324842,140.433,0.5870000123977661,-2.3184797230523806
140.586207,,0.0006191592660658505,140.897,0.5950000286102295,-2.301330361331198
141.05172399999998,,0.0005073275970328357,141.363,0.5860000252723694,-2.3212883942312774
141.51724099999998,,0.00038718415275122497,141.828,0.5839999914169312,-2.326056108623464
141.982759,,0.000258674471810586,142.293,0.5789999961853027,-2.3374080178591643
142.44827600000002,,0.00012176630091225747,142.761,0.5879999995231628,-2.318293618316201
142.913793,,2.355054303217947e-05,143.226,0.5019999742507935,-2.5061724407510644
143.37931,,0.00017726822047367034,143.687,0.5730000138282776,-2.3520110368622715
143.844828,,0.00033936245642489837,144.156,0.6050000190734863,-2.28280753665946
144.310345,,0.0005097842597395734,144.62,0.5860000252723694,-2.3246880224846356
144.77586200000002,,0.0006884489734937913,145.082,0.5540000200271606,-2.3948499147681446
145.241379,,0.000875243640093785,145.546,0.6100000143051147,-2.2732366981933363
145.706897,,0.0010700546254443922,146.015,0.6060000061988831,-2.28227522091793
146.172414,,0.0012727739140498508,146.481,0.5759999752044678,-2.347881331102159
146.637931,,0.0014832469106470815,146.944,0.5789999961853027,-2.34150826628071
147.103448,,0.0017012176259305922,147.409,0.5630000233650208,-2.3764417099071107
147.568966,,0.0019263922456208243,147.876,0.5860000252723694,-2.3263178762382393
148.034483,,0.0021586027105880666,148.342,0.574999988079071,-2.3501782011854275
148.5,,0.0023978068531162484,148.801,0.6050000190734863,-2.2846262353268156
148.965517,,0.002643752716750257,149.267,0.5540000200271606,-2.3954631282174415
149.43103399999998,,0.002895711293441723,149.732,0.5910000205039978,-2.314505904163553
149.89655199999999,,0.003152954575202015,150.198,0.5809999704360962,-2.3358824182519418
150.362069,,0.0034156876691658873,150.66,0.6019999980926514,-2.2896692748385776
150.82758600000003,,0.0036848107769757005,151.13,0.5979999899864197,-2.297884359997072
151.293103,,0.003959814316655087,151.592,0.5680000185966492,-2.3627214761565227
151.758621,,0.004237591180266031,152.055,0.6019999980926514,-2.2881186542993754
152.224138,,0.004515819522079662,152.526,0.5929999947547913,-2.307206609351441
152.68965500000002,,0.004798105754026601,152.989,0.5960000157356262,-2.300174964361472
153.155172,,0.005091133674119152,153.455,0.5820000171661377,-2.3302199782019053
153.62069,,0.005391817729291157,153.921,0.5929999947547913,-2.3058525154214897
154.086207,,0.005682920266591841,154.387,0.5680000185966492,-2.359982612733239
154.551724,,0.005955974605476768,154.846,0.4650000035762787,-2.584126653405826
155.017241,,0.0062385857319619065,155.311,0.6060000061988831,-2.276768957244028
155.482759,,0.006569075486334065,155.776,0.6110000014305115,-2.2657978746691416
155.948276,,0.006920123828396871,156.241,0.5920000076293945,-2.3072044635235245
156.413793,,0.0071899983792648,156.709,0.6060000061988831,-2.276805727545839
156.87931,,0.007352574749158436,157.174,0.5789999961853027,-2.3358189962143756
157.34482799999998,,0.007595034414203252,157.635,0.6079999804496765,-2.2729098435035846
157.81034499999998,,0.008119183538536127,158.106,0.5929999947547913,-2.3059347263059995
158.275862,,0.008699752023635121,158.568,0.5860000252723694,-2.321593789780373
158.741379,,0.008740864123079901,159.031,0.5830000042915344,-2.328590214057231
159.20689700000003,,0.008231655761234673,159.501,0.5759999752044678,-2.3443397478688532
159.672414,,0.008399530307723602,159.964,0.5960000157356262,-2.3012891388200534
160.137931,,0.010267150462701422,160.429,0.5830000042915344,-2.330141602733103
160.60344800000001,,0.012064103820671161,160.895,0.6179999709129333,-2.2544100747303837
161.06896600000002,,0.009679179581195605,161.361,0.5770000219345093,-2.3442309272335313
161.534483,,0.00154782231272678,161.82,0.6050000190734863,-2.283685825314963
162.0,,0.007999850797486314,162.286,0.5799999833106995,-2.338556439610292
162.465517,,0.012804982530204253,162.75,0.5809999704360962,-2.336717644213243
162.931034,,0.011853305504220552,163.216,0.5789999961853027,-2.3413405014521835
163.396552,,0.00980183557384488,163.686,0.5789999961853027,-2.3415239496028994
163.862069,,0.010842027567834625,164.149,0.6079999804496765,-2.2784383458816913
164.327586,,0.01436750384235045,164.612,0.5730000138282776,-2.3546945355147515
164.793103,,0.017028163502750993,165.075,0.6050000190734863,-2.284889583558514
165.258621,,0.017208778687698864,165.546,0.6110000014305115,-2.2716397271412174
165.72413799999998,,0.016306701834275298,166.008,0.574999988079071,-2.349808378890966
166.189655,,0.016246392869815784,166.474,0.6019999980926514,-2.290645854560588
166.655172,,0.01705116483621402,166.937,0.5799999833106995,-2.3381711398293246
167.12069,,0.017283763514205065,167.402,0.6039999723434448,-2.285424442913034
167.58620699999997,,0.01610599101934074,167.871,0.5799999833106995,-2.337212429533727
168.051724,,0.01415530122943367,168.337,0.5789999961853027,-2.3388664566827777
168.517241,,0.012681113459717926,168.801,0.5820000171661377,-2.3317969725571657
168.98275900000002,,0.012427433093212713,169.267,0.5839999914169312,-2.3269131688319455
169.44827600000002,,0.013128825665606863,169.732,0.5809999704360962,-2.3329452029397526
169.913793,,0.013502226924051132,170.19,0.5889999866485596,-2.315049614385453
170.37931,,0.011940401719758999,170.66,0.5809999704360962,-2.3320639434614523
170.844828,,0.007865034087486055,171.123,0.5799999833106995,-2.333891712862389
171.310345,,0.0024366069997942843,171.586,0.5830000042915344,-2.327079555374732
171.775862,,0.002353780041048195,172.057,0.5929999947547913,-2.3050996019448955
172.241379,,0.005184320509317871,172.52,0.47999998927116394,-2.551183664991517
172.706897,,0.005988545349431151,172.983,0.6190000176429749,-2.248342717874795
173.172414,,0.005629752144049483,173.448,0.5879999995231628,-2.315964561640497
173.637931,,0.005320883405665794,173.912,0.6179999709129333,-2.250776526560607
174.103448,,0.005816668815931493,174.378,0.5789999961853027,-2.335997872936632
174.568966,,0.006674770893526544,174.842,0.5950000286102295,-2.3014691882739813
175.034483,,0.006643254594893244,175.308,0.5789999961853027,-2.3367237084204495
175.5,,0.005164947944316479,175.773,0.5669999718666077,-2.3633186286469448
175.96551699999998,,0.0031810604140005178,176.238,0.5989999771118164,-2.2940946433404723
176.43103399999998,,0.002060979471353397,176.705,0.5830000042915344,-2.3294721364253954
176.896552,,0.002008749291887002,177.171,0.5809999704360962,-2.3343596071224817
177.36206900000002,,0.002007473792691348,177.634,0.5879999995231628,-2.319634490573787
177.827586,,0.001303188050717464,178.097,0.578000009059906,-2.341926162964215
178.293103,,0.0004755410235847698,178.561,0.6660000085830688,-2.1506735006628053
178.758621,,0.0007050227693957303,179.03,0.5879999995231628,-2.3210243531594994
179.224138,,0.002149267589731402,179.498,0.5789999961853027,-2.3409852975998464
179.68965500000002,,0.0035887757617435925,179.96,0.6190000176429749,-2.2541199858323413
180.155172,,0.003900029697879431,180.426,0.5920000076293945,-2.3131428547978348
180.62069,,0.0033334074292545967,180.89,0.6039999723434448,-2.28711137804608
181.086207,,0.0028391864170223915,181.356,0.578000009059906,-2.343778751916535
181.551724,,0.002624759015829978,181.816,0.5849999785423279,-2.328461335558226
182.01724099999998,,0.002104163384244065,182.282,0.5889999866485596,-2.319592586005646
182.482759,,0.0010273709731118178,182.747,0.5929999947547913,-2.310641001979877
182.948276,,2.7027714707244075e-05,183.212,0.5979999899864197,-2.299434789952034
183.413793,,0.000129461181394291,183.675,0.6079999804496765,-2.277268264947269
183.87931,,0.0019815249031588603,184.145,0.5989999771118164,-2.296440043041475
184.34482799999998,,0.005210355535157578,184.609,0.5929999947547913,-2.3090330854503875
184.81034499999998,,0.008338007346828873,185.071,0.5789999961853027,-2.33902753832595
185.27586200000002,,0.009874204618429888,185.539,0.5879999995231628,-2.318900763782142
185.74137900000002,,0.009790193282683097,186.001,0.5929999947547913,-2.307491522652664
186.206897,,0.009309216819077515,186.466,0.5669999718666077,-2.3636387452709537
186.672414,,0.008935576534873198,186.93,0.5979999899864197,-2.295636130631566
187.137931,,0.007621804283415638,187.395,0.6039999723434448,-2.2821459278084357
187.60344800000001,,0.004772193323231269,187.864,0.5669999718666077,-2.362395837658496
188.06896600000002,,0.002219308846984562,188.33,0.6190000176429749,-2.2488149018857273
188.534483,,0.002378645058544809,188.794,0.5910000205039978,-2.30960275581799
189.0,,0.004298316345431201,189.26,0.5820000171661377,-2.329079475702006
189.465517,,0.003941220241106158,189.72,0.6060000061988831,-2.2767481226789217
189.931034,,0.00023104171840226752,190.186,0.6060000061988831,-2.2767920908781747
190.39655199999999,,0.0014196235427796173,190.653,0.5830000042915344,-2.327031328554417
190.862069,,0.004267786183069314,191.115,0.5950000286102295,-2.301100819844659
191.327586,,0.013036659883903961,191.584,0.6010000109672546,-2.288318827832539
191.793103,,0.014303433685034958,192.045,0.5879999995231628,-2.31699886586908
192.25862099999998,,0.00541601187540486,192.513,0.5989999771118164,-2.2934486302900527
192.72413799999998,,0.0036376301963360193,192.975,0.5820000171661377,-2.330945606724758
193.189655,,0.0033266778262572598,193.441,0.574999988079071,-2.3466883864198294
193.655172,,0.002938181360606092,193.906,0.5740000009536743,-2.349377382898663
194.12069000000002,,0.004158406983427403,194.372,0.574999988079071,-2.347712389259962
194.586207,,0.0035195332790987585,194.838,0.5889999866485596,-2.3177126765825067
195.051724,,0.012869231710368339,195.304,0.5920000076293945,-2.3116503207922143
195.517241,,0.015909664060962676,195.769,0.6060000061988831,-2.281580435987025
195.98275900000002,,0.011934602278512004,196.234,0.5699999928474426,-2.3603879040355604
196.448276,,0.003397177313599114,196.701,0.5419999957084656,-2.421701466470839
196.913793,,0.008374360844497105,197.167,0.628000020980835,-2.23457513624888
197.37931,,0.018398636968821044,197.627,0.5830000042915344,-2.3327691516884137
197.844828,,0.017151362405153713,198.09,0.6119999885559082,-2.2696552129562244
198.310345,,0.002490757174557942,198.561,0.6340000033378601,-2.221701185675881
198.775862,,0.01269907959187844,199.023,0.6100000143051147,-2.2738742867305737
199.241379,,0.012701371848130718,199.489,0.6010000109672546,-2.293281097549346
199.706897,,0.0021392030669188772,199.955,0.5789999961853027,-2.3409311199877387
200.172414,,0.013793307389129802,200.42,0.6169999837875366,-2.2577917119955213
200.63793099999998,,0.006640520760080322,200.88,0.6169999837875366,-2.2573800648030145
201.103448,,0.013137663480042234,201.346,0.5820000171661377,-2.3331725574077167
201.568966,,0.024694087775251013,201.813,0.5879999995231628,-2.319607115712904
202.034483,,0.018696656588797038,202.279,0.6240000128746033,-2.240663321972566
202.5,,0.007117307655801879,202.746,0.597000002861023,-2.2989701233998443
202.965517,,0.004894843411535472,203.212,0.5899999737739563,-2.3137156254211235
203.431034,,0.010878095550213948,203.672,0.5950000286102295,-2.3023446441850606
203.896552,,0.011718286580201017,204.141,0.6259999871253967,-2.2343701684759023
204.36206900000002,,0.0004904098285434894,204.605,0.5929999947547913,-2.3058827523038077
204.827586,,0.013391502275648122,205.067,0.5659999847412109,-2.36438972567066
205.293103,,0.014814101195117167,205.535,0.5789999961853027,-2.3358277719338703
205.758621,,0.001954782857644226,205.997,0.5889999866485596,-2.3138858168063274
206.224138,,0.010241505289039415,206.463,0.5889999866485596,-2.313818229116358
206.689655,,0.007332207150514247,206.926,0.5830000042915344,-2.326912155354961
207.155172,,0.007692698840296784,207.391,0.5770000219345093,-2.340095195237024
207.62069,,0.017607001331489184,207.857,0.5889999866485596,-2.314148308822203
208.086207,,0.010301860227634152,208.323,0.5849999785423279,-2.3231389599541474
208.551724,,0.007607613375693762,208.79,0.6069999933242798,-2.2755548461603725
209.01724099999998,,0.0190131728315301,209.256,0.5989999771118164,-2.293389196836196
209.482759,,0.01561716262094056,209.72,0.6079999804496765,-2.2742327335372847
209.948276,,0.0036773172925188644,210.186,0.5680000185966492,-2.3618631263486938
210.413793,,0.006588137486768671,210.649,0.5920000076293945,-2.310079415060174
210.87930999999998,,0.009495148400041441,211.112,0.5889999866485596,-2.317123285616424
211.344828,,0.003631810005956336,211.58,0.5960000157356262,-2.3023688067283876
211.810345,,0.008249261964682623,212.042,0.5989999771118164,-2.2963021440868463
212.27586200000002,,0.017572139118947266,212.505,0.5789999961853027,-2.34030342849326
212.741379,,0.014409422475533853,212.975,0.527999997138977,-2.451790867457385
213.206897,,0.00125628479884182,213.441,0.6060000061988831,-2.2821701045137655
213.672414,,0.01455592945673658,213.905,0.5839999914169312,-2.330340931067886
214.137931,,0.009543628312612797,214.37,0.6209999918937683,-2.249889514936091
214.60344800000001,,0.010146095063932688,214.834,0.5830000042915344,-2.3327499132935237
215.068966,,0.023327891141955985,215.3,0.6019999980926514,-2.2913388410776037
215.534483,,0.017389369752906704,215.764,0.6060000061988831,-2.2825195677354246
216.0,,0.0025898106452758893,216.23,0.5849999785423279,-2.328081928310125
216.465517,,0.0042130780337343915,216.694,0.5820000171661377,-2.334350468067026
216.93103399999998,,0.001241153127968267,217.16,0.5789999961853027,-2.340549970504349
217.39655199999999,,0.0009155972332684397,217.623,0.6119999885559082,-2.2682587741631886
217.862069,,0.011035282901004919,218.086,0.6050000190734863,-2.2830652057705954
218.327586,,0.023011677248363446,218.557,0.597000002861023,-2.3000154684329184
218.793103,,0.022300766770652132,219.019,0.5879999995231628,-2.319124633208074
219.25862099999998,,0.008158264904073198,219.485,0.5830000042915344,-2.3295152260215373
219.724138,,0.004454676692770204,219.949,0.5910000205039978,-2.3115948675544264
220.18965500000002,,0.004507909950783759,220.415,0.5490000247955322,-2.402633961130106
220.65517200000002,,0.0011445957373416712,220.88,0.5879999995231628,-2.31724417865498
221.12069,,0.001966974961471404,221.346,0.5799999833106995,-2.3343046678938326
221.586207,,0.016807441407637423,221.805,0.5770000219345093,-2.340536158980464
222.051724,,0.0320695367486726,222.271,0.5979999899864197,-2.294553431431485
222.517241,,0.03722466696114493,222.735,0.5669999718666077,-2.3619402201444837
222.98275900000002,,0.03369292068469958,223.201,0.6209999918937683,-2.2442255779903
223.448276,,0.028686722895531837,223.672,0.5809999704360962,-2.33138895790151
223.913793,,0.024557023727682287,224.134,0.5870000123977661,-2.318418826833821
224.37931,,0.01958802966886617,224.602,0.6039999723434448,-2.2815651150349106
224.844828,,0.014169726494638425,225.064,0.5809999704360962,-2.331932603892658
225.31034499999998,,0.009259073390664466,225.527,0.5960000157356262,-2.2995789067441668
225.775862,,0.000912474345482245,225.99,0.6209999918937683,-2.245495865884489
226.241379,,0.01684107841726221,226.455,0.5799999833106995,-2.3352485353650607
226.706897,,0.04094201359826571,226.922,0.5899999737739563,-2.3139229274412663
227.172414,,0.05503760709078066,227.387,0.5849999785423279,-2.3252964598093975
227.63793099999998,,0.04418958715903124,227.853,0.6029999852180481,-2.286565712343619
228.103448,,0.015245343161231514,228.319,0.5899999737739563,-2.315362908320219
228.56896600000002,,0.006939869135528752,228.787,0.5789999961853027,-2.339778673173681
229.03448300000002,,0.007719608214480938,229.245,0.6140000224113464,-2.263939069788062
229.5,,0.0021965985674583547,229.71,0.5789999961853027,-2.3405548030986236
229.965517,,0.004278544017503037,230.175,0.5929999947547913,-2.31035610127481
230.431034,,0.0036292448940614735,230.646,0.593999981880188,-2.3084105108067696
230.896552,,0.006804625257802884,231.108,0.5789999961853027,-2.3412470723878904
231.362069,,0.006020558873080918,231.57,0.5899999737739563,-2.317358480426675
231.827586,,0.027718650200059036,232.04,0.6019999980926514,-2.2912083177981657
232.293103,,0.04163833907772016,232.502,0.6819999814033508,-2.1168255004354264
232.758621,,0.04291790517861781,232.965,0.6029999852180481,-2.2887644996521255
233.224138,,0.04311822920977655,233.431,0.6140000224113464,-2.2645484433431893
233.689655,,0.05184497515773327,233.897,0.6100000143051147,-2.2729447279811446
234.155172,,0.06223852691522209,234.363,0.5979999899864197,-2.298712862861172
234.62069,,0.06023057712658497,234.828,0.5960000157356262,-2.302649236823949
235.086207,,0.04304762127571225,235.294,0.5879999995231628,-2.3196258607543245
235.55172399999998,,0.021803478979916475,235.761,0.6119999885559082,-2.266867711985251
236.01724099999998,,0.007258255259888076,236.227,0.5540000200271606,-2.392755391756077
236.482759,,0.0006712096818707818,236.687,0.5899999737739563,-2.31386228756711
236.94827600000002,,0.00023702802782956672,237.157,0.625,-2.237172699883568
237.413793,,0.006465561155506867,237.62,0.5979999899864197,-2.2955960165984632
237.87931,,0.014712570684957467,238.082,0.6019999980926514,-2.2865298998602412
238.344828,,0.012208659332199962,238.55,0.597000002861023,-2.297131184188758
238.810345,,0.006841122022342061,239.013,0.6299999952316284,-2.2250114009537243
239.27586200000002,,0.028747421789743783,239.478,0.5929999947547913,-2.305470647867878
239.741379,,0.03306108331464068,239.941,0.6019999980926514,-2.28579047011602
240.206897,,0.017255554989578085,240.406,0.5720000267028809,-2.351158799871377
240.672414,,0.0021746727377261626,240.872,0.5879999995231628,-2.316390685377788
241.137931,,0.009045703039253113,241.337,0.597000002861023,-2.29695105965854
241.603448,,0.03380290370353296,241.801,0.6269999742507935,-2.2318312325855905
242.068966,,0.05194962623514419,242.267,0.5950000286102295,-2.3018505746817897
242.534483,,0.048990096569651295,242.731,0.6190000176429749,-2.2499195692454066
243.0,,0.035555327055359735,243.197,0.5289999842643738,-2.446398897464165
243.465517,,0.029440657305052177,243.664,0.5929999947547913,-2.307399852908992
243.93103399999998,,0.03269200352598121,244.127,0.5929999947547913,-2.307854062286281
244.39655199999999,,0.03276577496534364,244.594,0.578000009059906,-2.3409928438787064
244.862069,,0.022371084789512156,245.057,0.6010000109672546,-2.2913339717361794
245.327586,,0.011760168872906112,245.52,0.6100000143051147,-2.2721527407108852
245.793103,,0.017424396486263566,245.99,0.5830000042915344,-2.331366292564867
246.258621,,0.04047544629953923,246.456,0.6169999837875366,-2.2576341207587016
246.724138,,0.06372294184615403,246.915,0.5929999947547913,-2.3102048698525253
247.18965500000002,,0.07240997912820689,247.38,0.5989999771118164,-2.2973493271413625
247.655172,,0.0704237826835937,247.845,0.6060000061988831,-2.2822419732068626
248.12069,,0.07141244990283165,248.311,0.5789999961853027,-2.341131831477563
248.586207,,0.07915165258874425,248.776,0.5860000252723694,-2.325869674215093
249.051724,,0.08294556669901997,249.242,0.6079999804496765,-2.2778506162164516
249.517241,,0.0712308979233554,249.709,0.5960000157356262,-2.303830442287945
249.982759,,0.043464065107262105,250.175,0.5989999771118164,-2.297060967513371
250.44827600000002,,0.006940056813300082,250.635,0.6290000081062317,-2.2314050575089546
250.913793,,0.031107586255418807,251.105,0.5879999995231628,-2.320379480161784
251.37931000000003,,0.06343107307513839,251.568,0.5960000157356262,-2.3025579529476383
251.844828,,0.08143760214308622,252.03,0.5910000205039978,-2.3130295519110984
252.31034499999998,,0.08225983951563849,252.501,0.6320000290870667,-2.2232662236548877
252.77586200000002,,0.07562750355363967,252.964,0.5879999995231628,-2.3186839767275833
253.241379,,0.07683352130049463,253.429,0.5929999947547913,-2.3073580355287793
253.706897,,0.08948700109785054,253.894,0.5879999995231628,-2.3178426721378793
254.172414,,0.09807688029588017,254.359,0.5519999861717224,-2.3959027350290243
254.63793099999998,,0.08445366150700845,254.824,0.5989999771118164,-2.2931838724529174
255.10344800000001,,0.052352580583845676,255.289,0.5540000200271606,-2.3909588979743983
255.56896600000002,,0.025897320524788738,255.754,0.5929999947547913,-2.305793550827286
256.03448299999997,,0.020322397572767038,256.22,0.6039999723434448,-2.2817011384458246
256.5,,0.024876330638158545,256.683,0.609000027179718,-2.2707533476556603
256.965517,,0.02025179319545025,257.146,0.6150000095367432,-2.2577006029783595
257.431034,,0.004102494432066605,257.616,0.5370000004768372,-2.4277279921754347
257.896552,,0.008141054710759836,258.079,0.625,-2.2361710765329352
258.362069,,0.0050700369952457365,258.546,0.5929999947547913,-2.3061168676446298
258.827586,,0.004737108677660839,259.009,0.6079999804496765,-2.2737228286078843
259.29310300000003,,0.0031968913817703474,259.475,0.5849999785423279,-2.3241655225549245
259.758621,,0.01314744807131197,259.937,0.6259999871253967,-2.2352121158627534
260.224138,,0.028088105087122485,260.403,0.5889999866485596,-2.316218952685242
260.689655,,0.02707689741868597,260.868,0.5929999947547913,-2.3079151247801035
261.155172,,0.015160626243310119,261.333,0.6019999980926514,-2.2887199228267807
261.62068999999997,,0.008614126280019755,261.798,0.5979999899864197,-2.297836251680338
262.086207,,0.014252130898609524,262.264,0.5799999833106995,-2.337431008727923
262.551724,,0.023388653783428845,262.732,0.574999988079071,-2.3486702014126943
263.017241,,0.024857749714211938,263.19,0.6060000061988831,-2.2814346009214606
263.482759,,0.017326395884548942,263.658,0.5889999866485596,-2.3187212218705686
263.94827599999996,,0.00642699336729432,264.12,0.5879999995231628,-2.3210892035008546
264.413793,,0.0037396868951905643,264.591,0.5839999914169312,-2.3299280543998995
264.87931,,0.010922269978337548,265.053,0.5820000171661377,-2.3343412261508822
265.34482799999995,,0.011785596110079573,265.516,0.593999981880188,-2.3081837346604126
265.810345,,0.00578680987157886,265.986,0.6060000061988831,-2.2819565427857675
266.27586199999996,,0.0002028879394411936,266.452,0.5830000042915344,-2.331915188894098
266.741379,,0.004961245932728775,266.916,0.6169999837875366,-2.2576288144181684
267.206897,,0.01982931193681107,267.381,0.6420000195503235,-2.2028935480981566
267.672414,,0.02994827338355859,267.846,0.5839999914169312,-2.3289376831043573
268.137931,,0.020703825840269318,268.305,0.5870000123977661,-2.322047084711746
268.603448,,0.0023895783307504147,268.771,0.6320000290870667,-2.223627372496287
269.06896600000005,,0.017621476875624823,269.237,0.5979999899864197,-2.2973058786370366
269.53448299999997,,0.013746035110313954,269.702,0.5849999785423279,-2.3252303600090922
270.0,,0.0027168776273301543,270.168,0.6079999804496765,-2.274734003044803
270.465517,,0.0014854623592454944,270.631,0.6209999918937683,-2.2460456241322055
270.931034,,0.009917572079055694,271.101,0.5669999718666077,-2.363359503259778
271.396552,,0.013045358413843466,271.564,0.5899999737739563,-2.312961415762096
271.86206899999996,,0.0019274452492622802,272.027,0.597000002861023,-2.2974743519443335
272.327586,,0.01347082210901091,272.498,0.5830000042915344,-2.32779816042978
272.793103,,0.01557758374372028,272.96,0.550000011920929,-2.399581520140891
273.258621,,0.0012504672650205395,273.426,0.6230000257492065,-2.240496379890684
273.724138,,0.014454150036104051,273.891,0.6000000238418579,-2.290629072362126
274.18965499999996,,0.017830500021795287,274.356,0.5709999799728394,-2.353900015099579
274.655172,,0.012305545977950645,274.816,0.5849999785423279,-2.323553204673816
275.12069,,0.010901936290695252,275.281,0.6269999742507935,-2.2322624859974782
275.586207,,0.01845096370993567,275.746,0.5929999947547913,-2.3065991486706263
276.051724,,0.026967530610456054,276.211,0.6240000128746033,-2.2393651898713767
276.517241,,0.027387910131025907,276.68,0.6209999918937683,-2.246236898452014
276.98275900000004,,0.01984167934955274,277.142,0.574999988079071,-2.34681194458049
277.448276,,0.009849313046525815,277.605,0.5789999961853027,-2.338466673211776
277.913793,,0.0002881923665243568,278.075,0.5809999704360962,-2.3344803230425755
278.37931,,0.00733610913022163,278.538,0.6240000128746033,-2.24115850628934
278.844828,,0.00843170102008219,279.001,0.550000011920929,-2.4027168841085436
279.31034500000004,,0.00036307521423349214,279.467,0.5960000157356262,-2.3028064241970974
279.77586199999996,,0.008399817801043246,279.93,0.6150000095367432,-2.2616787284112743
280.241379,,0.0021336364553007216,280.396,0.5839999914169312,-2.329433862147006
280.706897,,0.02258122648033182,280.861,0.6019999980926514,-2.2903796421646523
281.172414,,0.044359597849405005,281.326,0.574999988079071,-2.3493050440945096
281.637931,,0.03636934786877329,281.791,0.5830000042915344,-2.3319158478181823
282.10344799999996,,0.0014661963704817502,282.257,0.625,-2.240389398707211
282.568966,,0.0265441541161652,282.723,0.5920000076293945,-2.312198395708543
283.034483,,0.02367371216080842,283.189,0.6060000061988831,-2.28155091861126
283.5,,0.002985362935541797,283.65,0.6039999723434448,-2.2857069400007424
283.965517,,0.007330201263077404,284.12,0.6019999980926514,-2.289814276173043
284.431034,,2.066176620555023e-06,284.583,0.5839999914169312,-2.328739977791798
284.89655200000004,,0.00794169131545868,285.045,0.5989999771118164,-2.295739799352727
285.362069,,0.0018691410689406118,285.513,0.6079999804496765,-2.2757906672825303
285.827586,,0.0109759012953915,285.975,0.593999981880188,-2.3059399292026406
286.293103,,0.012559170563538504,286.441,0.5870000123977661,-2.3208394083704396
286.758621,,0.0007232489296694586,286.905,0.6259999871253967,-2.2355325426101955
287.22413800000004,,0.01336618765684898,287.37,0.5830000042915344,-2.3288960535661345
287.689655,,0.01210579760883239,287.842,0.5929999947547913,-2.30682278343886
288.155172,,0.0024323445771790592,288.301,0.6079999804496765,-2.273896605111361
288.62069,,0.0008477117886126075,288.768,0.5849999785423279,-2.3238063817901304
289.086207,,0.006788453625497975,289.234,0.5830000042915344,-2.328018186642179
289.55172400000004,,0.015666518278162015,289.699,0.5920000076293945,-2.3083230431116912
290.01724099999996,,0.015646244473745373,290.165,0.6259999871253967,-2.2342211752563084
290.482759,,0.007271892328592306,290.627,0.5830000042915344,-2.327934437660562
290.948276,,0.002544660241870351,291.09,0.5680000185966492,-2.360704596344776
291.413793,,0.009568826519169822,291.561,0.5839999914169312,-2.3259936271807464
291.87931,,0.012347703309777153,292.023,0.6039999723434448,-2.282619264167238
292.344828,,0.008837102214570063,292.49,0.6060000061988831,-2.2785040497187397
292.81034500000004,,0.00014703089434046945,292.955,0.5889999866485596,-2.315818889940573
293.275862,,0.006338346018750521,293.42,0.5720000267028809,-2.3531612510572586
293.74137900000005,,0.00030410778282672556,293.886,0.6060000061988831,-2.279410940146805
294.206897,,0.018519975485425815,294.352,0.5120000243186951,-2.4845365862276845
294.672414,,0.03184356326209899,294.816,0.5849999785423279,-2.325827987865377
295.13793100000004,,0.024696136185157543,295.282,0.5950000286102295,-2.304362549005339
295.603448,,0.0028849878835291395,295.746,0.5799999833106995,-2.337340533793793
296.068966,,0.011079890137996562,296.205,0.593999981880188,-2.3071054560111968
296.534483,,0.005768816745630715,296.675,0.5929999947547913,-2.3095095572846955
297.0,,0.006306697118493358,297.138,0.5820000171661377,-2.3336527521231676
297.46551700000003,,0.007680352265138964,297.601,0.6179999709129333,-2.2553466732761605
297.931034,,0.001338430010651048,298.071,0.5929999947547913,-2.3098808901057835
298.396552,,0.004992023001925325,298.535,0.5929999947547913,-2.3098903154044343
298.862069,,0.006290083429822227,298.997,0.5929999947547913,-2.309841757518564
299.327586,,0.021968772164157786,299.463,0.6060000061988831,-2.28141450658476
299.79310300000003,,0.02263410420665806,299.926,0.5809999704360962,-2.3357235525831572
300.258621,,0.0041415968128746565,300.391,0.6060000061988831,-2.2810531381474957
300.724138,,0.01580097806757344,300.857,0.5820000171661377,-2.3330965827097123
301.189655,,0.01786548294898404,301.322,0.6230000257492065,-2.2434955586412615
301.65517200000005,,0.0028474165961685947,301.787,0.6019999980926514,-2.2889469444873045
302.12069,,0.010634349591877576,302.252,0.621999979019165,-2.2450591778530034
302.586207,,0.008018972091218369,302.717,0.5929999947547913,-2.307921005614697
303.05172400000004,,0.00585362222629491,303.183,0.5860000252723694,-2.3228594861130376
303.517241,,0.015242354533509105,303.646,0.640999972820282,-2.202738615028447
303.982759,,0.012788568084524266,304.116,0.5929999947547913,-2.3070435241526606
304.448276,,0.003983042436597905,304.579,0.6290000081062317,-2.2283756214795183
304.913793,,0.003674480909707114,305.042,0.550000011920929,-2.400294564550474
305.37931000000003,,0.006898042029002933,305.505,0.5849999785423279,-2.323897386321038
305.844828,,0.004162593474756628,305.975,0.5989999771118164,-2.293305824355761
306.310345,,0.0035660226094438325,306.44,0.593999981880188,-2.304164073463231
306.775862,,0.008953835533096473,306.904,0.5910000205039978,-2.3107211203574334
307.241379,,0.0026616540552423817,307.37,0.5920000076293945,-2.3086189109347863
307.70689699999997,,0.014013827656573403,307.835,0.6000000238418579,-2.291318273655937
308.172414,,0.024608055270316655,308.301,0.6069999933242798,-2.276243527741622
308.637931,,0.013439637304275253,308.76,0.6029999852180481,-2.2851746003658926
309.103448,,0.013400379657814033,309.226,0.6370000243186951,-2.211349672181283
309.568966,,0.03254373293563556,309.699,0.6100000143051147,-2.27044622586889
310.034483,,0.031599176185940145,310.157,0.593999981880188,-2.305593160463306
310.5,,0.022793006303484773,310.627,0.4909999966621399,-2.5302915957573298
310.96551700000003,,0.02436868648177233,311.09,0.5889999866485596,-2.3170833589722832
311.431034,,0.03715301730897714,311.553,0.5479999780654907,-2.406698386886242
311.896552,,0.04541613651259736,312.016,0.6119999885559082,-2.2675352191033884
312.362069,,0.03770151385956769,312.481,0.6039999723434448,-2.28520454372033
312.827586,,0.021382428672527185,312.952,0.6159999966621399,-2.2592615535906737
313.29310300000003,,0.012957040855282903,313.41,0.640999972820282,-2.20494977346937
313.758621,,0.01597251337505004,313.878,0.6159999966621399,-2.2595183748194656
314.224138,,0.016568716909780637,314.344,0.6069999933242798,-2.2791742831843815
314.689655,,0.0031017085775167314,314.808,0.5910000205039978,-2.314026243691099
315.155172,,0.01806663249734659,315.274,0.5770000219345093,-2.3444682182186543
315.62068999999997,,0.03136603797304335,315.739,0.5809999704360962,-2.3356450023057054
316.086207,,0.031212433879773623,316.205,0.6299999952316284,-2.2287359471250334
316.551724,,0.026380587063585936,316.668,0.593999981880188,-2.306969929921063
317.017241,,0.02687174038410553,317.13,0.5960000157356262,-2.302380137981385
317.482759,,0.033059384360610365,317.598,0.6000000238418579,-2.2934065856932113
317.94827599999996,,0.040006692765935145,318.06,0.5720000267028809,-2.354132420310839
318.413793,,0.04571659580937267,318.531,0.6119999885559082,-2.266702307842886
318.87931000000003,,0.0493896202897054,318.993,0.6110000014305115,-2.2685973346215094
319.344828,,0.04671621923381265,319.459,0.5929999947547913,-2.307539098122975
319.810345,,0.03481914708363044,319.923,0.6129999756813049,-2.2637112308698524
320.275862,,0.020729280182733623,320.389,0.5490000247955322,-2.402917911461379
320.741379,,0.01780512554578637,320.853,0.5929999947547913,-2.306867368481539
321.20689699999997,,0.02962898559989585,321.319,0.6079999804496765,-2.2740396739514
321.672414,,0.040778678585079386,321.786,0.5849999785423279,-2.324046331799902
322.137931,,0.031866931416887186,322.245,0.5929999947547913,-2.306564024492702
322.603448,,0.0047959325033247215,322.717,0.6050000190734863,-2.280417614993486
323.068966,,0.01754603901708394,323.175,0.6019999980926514,-2.2870007304335935
323.53448299999997,,0.020524728289039357,323.646,0.6060000061988831,-2.2783808189891523
324.0,,0.015149460357555947,324.108,0.5879999995231628,-2.3177355752362034
324.465517,,0.020244536995409658,324.576,0.6039999723434448,-2.2830560391777324
324.931034,,0.036723220536146226,325.038,0.5709999799728394,-2.355164127744941
325.396552,,0.047874622616695645,325.506,0.6069999933242798,-2.276972252228103
325.86206899999996,,0.04262027384919298,325.968,0.6320000290870667,-2.22276295129619
326.327586,,0.03129227722970441,326.433,0.6399999856948853,-2.2055978995499594
326.793103,,0.03319023278204784,326.898,0.5960000157356262,-2.30172073380962
327.258621,,0.05094939513840009,327.363,0.6230000257492065,-2.243150147682892
327.724138,,0.06627589087984359,327.828,0.5960000157356262,-2.3022093615448567
328.189655,,0.0632130181410206,328.294,0.5920000076293945,-2.3111353020769267
328.655172,,0.04650245412172054,328.761,0.5929999947547913,-2.309137540400765
329.12068999999997,,0.03187302859638548,329.227,0.5929999947547913,-2.309282232861579
329.586207,,0.02533435874238495,329.694,0.5979999899864197,-2.298492877660059
330.051724,,0.019804166534450177,330.152,0.6019999980926514,-2.2898378914725623
330.517241,,0.009049848781193292,330.62,0.6060000061988831,-2.2811366237340667
330.982759,,0.005133706329200845,331.082,0.5479999780654907,-2.4074660863742428
331.44827599999996,,0.021452131241726378,331.546,0.6190000176429749,-2.252706116436765
331.913793,,0.04294831257190797,332.016,0.5920000076293945,-2.3114119716544836
332.37931,,0.06493631440409385,332.481,0.6320000290870667,-2.224109332510039
332.844828,,0.07060396798214591,332.944,0.5839999914169312,-2.328494262849061
333.310345,,0.051032198553813454,333.41,0.6060000061988831,-2.2803470121161205
333.77586199999996,,0.022873979943310672,333.875,0.6079999804496765,-2.27575354549291
334.241379,,0.013668258144250125,334.341,0.5960000157356262,-2.301649389485545
334.706897,,0.029811558442449534,334.805,0.6000000238418579,-2.2926838627307973
335.17241399999995,,0.046906073750849236,335.271,0.5950000286102295,-2.3033316494501244
335.637931,,0.037112880293827685,335.731,0.6039999723434448,-2.283492008355745
336.103448,,0.003481196003486401,336.197,0.6399999856948853,-2.204848942973208
336.56896600000005,,0.022778516426658554,336.664,0.6029999852180481,-2.285273706337545
337.034483,,0.02078124745525582,337.127,0.6290000081062317,-2.228476260820921
337.5,,0.0031599416112581898,337.59,0.6039999723434448,-2.2828280344080913
337.965517,,0.004426925097875667,338.06,0.5839999914169312,-2.326329048800803
338.431034,,0.003852401276669045,338.52,0.6019999980926514,-2.287087288018373
338.89655200000004,,0.00989958978248419,338.99,0.5759999752044678,-2.3437530473127284
339.36206899999996,,0.0025510187748041934,339.456,0.5860000252723694,-2.3220338553735567
339.827586,,0.024859249431304364,339.921,0.6290000081062317,-2.2284629282298156
340.293103,,0.03206206307372398,340.38,0.628000020980835,-2.2307904587953344
340.758621,,0.01409845436195307,340.846,0.6700000166893005,-2.139467473745836
341.224138,,0.01022954866657854,341.311,0.6050000190734863,-2.2812849604965035
341.68965499999996,,0.014914650052794161,341.776,0.5879999995231628,-2.3185475503519104
342.155172,,0.003680598606800573,342.242,0.6269999742507935,-2.2338197310677406
342.62069,,0.023865769362267128,342.709,0.6140000224113464,-2.2623866795780048
343.086207,,0.02354653647126592,343.175,0.6029999852180481,-2.286593612781446
343.551724,,0.0038146610052524586,343.635,0.6000000238418579,-2.293361064813673
344.01724099999996,,0.015805754536557755,344.106,0.5879999995231628,-2.3197193083879446
344.48275900000004,,0.02122827298644693,344.568,0.6050000190734863,-2.282872554778123
344.948276,,0.01380691342540538,345.03,0.5770000219345093,-2.3440347762047953
345.413793,,0.0006962443630575406,345.498,0.5879999995231628,-2.320194619833445
345.87931,,0.011119795298904684,345.96,0.6000000238418579,-2.2941362338943696
346.344828,,0.012661087584986682,346.426,0.6190000176429749,-2.2527838842025982
346.81034500000004,,0.0010390316127436659,346.89,0.6359999775886536,-2.2157425908625332
347.275862,,0.01997305718465291,347.356,0.5929999947547913,-2.309373596788073
347.741379,,0.024248903335702586,347.82,0.6179999709129333,-2.2548123763620107
348.206897,,0.006694515801651742,348.286,0.6119999885559082,-2.267748021747179
348.672414,,0.013640613624585067,348.75,0.6100000143051147,-2.2719320724226315
349.13793100000004,,0.01014873974257682,349.216,0.5830000042915344,-2.3305517870817964
349.60344799999996,,0.017952204688245873,349.686,0.5910000205039978,-2.3128956414908286
350.068966,,0.042884688225312675,350.149,0.593999981880188,-2.3061173537441264
350.534483,,0.04334958925676295,350.616,0.5929999947547913,-2.3080457252158526
351.0,,0.02882222537519762,351.079,0.5640000104904175,-2.3709771489569036
351.465517,,0.021783171454837928,351.542,0.5849999785423279,-2.3249859467640617
351.93103399999995,,0.026963209319866694,352.005,0.6119999885559082,-2.2659395400743776
352.396552,,0.028040541740351463,352.47,0.6060000061988831,-2.2788112789974853
352.862069,,0.012423964794737232,352.94,0.597000002861023,-2.298248168224708
353.32758600000005,,0.00813937509884963,353.406,0.40400001406669617,-2.7185953035861146
353.793103,,0.008577408574984118,353.871,0.6480000019073486,-2.1869186748044576
354.258621,,0.017940350331209203,354.33,0.6299999952316284,-2.2260914834093444
354.72413800000004,,0.048988978725905664,354.801,0.6060000061988831,-2.278377259770989
355.189655,,0.05845741039652146,355.26,0.6140000224113464,-2.260988391360166
355.655172,,0.04558297422197542,355.725,0.6169999837875366,-2.2545337712182807
356.12069,,0.032289108201713726,356.19,0.6019999980926514,-2.2873330065849813
356.586207,,0.03570961883919166,356.66,0.6190000176429749,-2.250450128190864
357.05172400000004,,0.05012070344452279,357.123,0.6029999852180481,-2.285492535473652
357.517241,,0.057258524695405384,357.59,0.6129999756813049,-2.263914068701474
357.982759,,0.04767218762744858,358.053,0.5929999947547913,-2.307712846955566
358.448276,,0.025646164547213465,358.516,0.6190000176429749,-2.2513045795666646
358.913793,,0.00011210129106521765,358.986,0.5820000171661377,-2.33215477232438
359.37931000000003,,0.020067686809085866,359.452,0.6169999837875366,-2.2561385176312716
359.844828,,0.023630201309672253,359.916,0.6010000109672546,-2.291221737837084
360.310345,,0.008884244900997748,360.382,0.6259999871253967,-2.2369613728050077
360.775862,,0.007141262413702428,360.846,0.578000009059906,-2.3417170490267676
361.241379,,0.0015816204596823026,361.311,0.6449999809265137,-2.1958973562952586
361.706897,,0.04344682393359074,361.775,0.5870000123977661,-2.3223726846589603
362.172414,,0.09492093461941879,362.24,0.5960000157356262,-2.3028397994614918
362.63793100000004,,0.12099005421833026,362.705,0.597000002861023,-2.300695787735752
363.103448,,0.11241567064124845,363.171,0.5929999947547913,-2.309403456042793
363.568966,,0.09302215273556488,363.631,0.5789999961853027,-2.339856640464027
364.034483,,0.0862133515398667,364.101,0.5899999737739563,-2.3158045387147066
364.5,,0.08762339543976998,364.561,0.5960000157356262,-2.3026088113068726
364.96551700000003,,0.07894771043568186,365.031,0.5920000076293945,-2.3111663520913077
365.431034,,0.05783702439520952,365.49,0.6010000109672546,-2.2913727407005586
365.896552,,0.04217836259522605,365.955,0.593999981880188,-2.3064144337112986
366.362069,,0.04531083217598268,366.42,0.5929999947547913,-2.30836748384047
366.827586,,0.055283052716721806,366.887,0.6050000190734863,-2.2819882638270146
367.29310300000003,,0.047115776174045866,367.353,0.5920000076293945,-2.3100725808394893
367.758621,,0.014951620566316118,367.82,0.5860000252723694,-2.322911213660533
368.224138,,0.01874928060190345,368.286,0.5960000157356262,-2.3009038994971496
368.689655,,0.029938278893025378,368.746,0.5920000076293945,-2.3094166623035
369.155172,,0.019614757362891873,369.212,0.5770000219345093,-2.341919966593614
369.62068999999997,,0.008747686516324564,369.68,0.5929999947547913,-2.3069164486947695
370.086207,,0.013295542909765905,370.142,0.6129999756813049,-2.2632332961900024
370.55172400000004,,0.030586452940951425,370.605,0.5929999947547913,-2.306733727099163
371.017241,,0.048040658524853605,371.075,0.6299999952316284,-2.2260908295573545
371.482759,,0.05643146985168403,371.538,0.5989999771118164,-2.2936364055527316
371.948276,,0.050797378453410584,372.001,0.597000002861023,-2.298041732234512
372.413793,,0.02951860449415195,372.466,0.6179999709129333,-2.2523778522231512
372.87931000000003,,0.0033966155846386157,372.93,0.6179999709129333,-2.252501855489617
373.344828,,0.0043174640251655225,373.396,0.6299999952316284,-2.226514101436442
373.810345,,0.01782787692881373,373.86,0.6330000162124634,-2.220161224941878
374.275862,,0.049862993206037425,374.326,0.5960000157356262,-2.300976414542637
374.741379,,0.05808502603553599,374.79,0.6269999742507935,-2.233660366724307
375.20689699999997,,0.03287534578337285,375.255,0.6240000128746033,-2.240428140389819
375.672414,,0.0012435051118231556,375.72,0.5960000157356262,-2.301665410405515
376.137931,,0.0031841719210437625,376.186,0.6069999933242798,-2.27793260079691
376.603448,,0.020429026588325593,376.656,0.5540000200271606,-2.3936246644202455
377.068966,,0.04073624469327308,377.119,0.6209999918937683,-2.247864208205159
377.53448299999997,,0.034942218421630845,377.587,0.5929999947547913,-2.3090533031025204
378.0,,0.014757445119101117,378.049,0.6190000176429749,-2.2525668012667857
378.465517,,0.00594061002203907,378.513,0.5789999961853027,-2.3398381173548364
378.931034,,0.013989268421726563,378.975,0.578000009059906,-2.3421059512688682
379.396552,,0.019604837323381117,379.441,0.6320000290870667,-2.224508778420504
379.862069,,0.005537064571054278,379.906,0.6399999856948853,-2.207086333256247
380.327586,,0.018993483810158734,380.371,0.5860000252723694,-2.324695859738388
380.79310300000003,,0.027049314714053974,380.838,0.6299999952316284,-2.228755695836027
381.258621,,0.00728454444857073,381.304,0.6140000224113464,-2.2634939346882703
381.724138,,0.0203732043093418,381.769,0.5839999914169312,-2.3286966750114506
382.189655,,0.02716677270478038,382.234,0.5929999947547913,-2.308901067915426
382.655172,,0.007461886219155551,382.701,0.6169999837875366,-2.2564000212992164
383.12068999999997,,0.01656432274482934,383.16,0.6330000162124634,-2.221307212348331
383.586207,,0.020034808943265828,383.627,0.6430000066757202,-2.199271219207142
384.051724,,0.0012730007253012733,384.09,0.5929999947547913,-2.3079467579496966
384.517241,,0.020085325272605155,384.56,0.5929999947547913,-2.3076918629913346
384.982759,,0.02660125884427751,385.023,0.5960000157356262,-2.3009116905662323
385.44827599999996,,0.016292274559442564,385.489,0.5889999866485596,-2.3159363302015885
385.913793,,0.00308739847506304,385.954,0.640999972820282,-2.202445014463532
386.37931,,0.019848223648746825,386.42,0.5960000157356262,-2.3003121960502497
386.84482799999995,,0.02083462485216827,386.887,0.6050000190734863,-2.2805679839035604
387.310345,,0.0023222300174114458,387.345,0.6119999885559082,-2.2652214488534512
387.775862,,0.019723786472055443,387.81,0.6110000014305115,-2.267347059377667
388.241379,,0.020686827780610255,388.276,0.5789999961853027,-2.3370562573567524
388.70689699999997,,0.0055296646695442726,388.742,0.6050000190734863,-2.2804503837640033
389.172414,,0.03449630980909725,389.207,0.5669999718666077,-2.363324248753048
389.637931,,0.035292304776708874,389.675,0.6039999723434448,-2.282843205104105
390.103448,,0.0074852038325419895,390.138,0.6039999723434448,-2.2830116212117133
390.56896600000005,,0.017654319388391404,390.601,0.5950000286102295,-2.3028216533434755
391.03448299999997,,0.016800331710534896,391.071,0.593999981880188,-2.305230888023226
391.5,,0.0011800594842861654,391.535,0.6320000290870667,-2.22269329131069
391.965517,,0.0038066696402002964,391.997,0.5960000157356262,-2.3013882055253947
392.431034,,0.006438472310201315,392.463,0.5929999947547913,-2.3081927259322064
392.896552,,0.011700758284038238,392.926,0.5929999947547913,-2.308458860713866
393.36206899999996,,0.0045987600062639905,393.392,0.6039999723434448,-2.284749194396179
393.827586,,0.03096386906955969,393.857,0.6179999709129333,-2.254484270352043
394.293103,,0.039071818419123994,394.323,0.6119999885559082,-2.2677650915640317
394.75862099999995,,0.018810142728543637,394.79,0.6159999966621399,-2.259225643668587
395.224138,,0.008397049511363237,395.256,0.6169999837875366,-2.257182886831194
395.68965499999996,,0.015799758319012133,395.721,0.574999988079071,-2.3487791411287153
396.155172,,0.0018008003458195954,396.186,0.6190000176429749,-2.252966429163592
396.62069,,0.012002343981398525,396.649,0.578000009059906,-2.342292230485086
397.086207,,0.007812434681727227,397.112,0.5929999947547913,-2.3095671836502882
397.551724,,0.010333808881247561,397.58,0.6029999852180481,-2.2876901022446483
398.017241,,0.025598621786544914,398.042,0.609000027179718,-2.2744840436911264
398.48275900000004,,0.027936891308970223,398.505,0.6140000224113464,-2.2634166766662314
398.94827599999996,,0.018649980955904706,398.975,0.6050000190734863,-2.2828153620874487
399.413793,,0.0027066301979750884,399.441,0.6119999885559082,-2.267327059520018
399.87931,,0.012242203605755217,399.906,0.6140000224113464,-2.262710247734223
400.344828,,0.013937603467555144,400.372,0.6209999918937683,-2.24718625814448
400.810345,,0.003755330514143624,400.831,0.628000020980835,-2.2316560026713295
401.27586199999996,,0.02695913922326274,401.296,0.5929999947547913,-2.3076318817946424
401.741379,,0.028882615603883905,401.761,0.5979999899864197,-2.296474168210248
402.206897,,0.0015184015050170693,402.226,0.5989999771118164,-2.2940521784909205
402.672414,,0.04035006626936468,402.691,0.6179999709129333,-2.2524427091768633
403.137931,,0.04978283207262587,403.157,0.6029999852180481,-2.2849417910365637
403.60344799999996,,0.02266687462949153,403.62,0.5860000252723694,-2.3218388743996585
404.068966,,0.00780373836399231,404.09,0.6190000176429749,-2.249849127444677
404.534483,,0.010821651669924881,404.553,0.5960000157356262,-2.2999118326450922
405.0,,0.005840394030930452,405.015,0.6019999980926514,-2.2868435710796864
405.465517,,0.013820197544134938,405.481,0.6079999804496765,-2.2738252813089863
405.931034,,0.0051676121907959435,405.952,0.6140000224113464,-2.2608548882499755
406.39655200000004,,0.0005333666584200385,406.41,0.5960000157356262,-2.3002172309228426
406.862069,,0.01817136286512423,406.875,0.6079999804496765,-2.2742611702694973
407.327586,,0.04588808511342632,407.341,0.6320000290870667,-2.2221959318175717
407.793103,,0.05328690141005273,407.805,0.5830000042915344,-2.3292001026029983
408.258621,,0.030068459024913296,408.271,0.6299999952316284,-2.2270746713377667
408.72413800000004,,0.00042374212253824687,408.735,0.6330000162124634,-2.2208213422993603
409.18965499999996,,0.010099568737458407,409.201,0.6449999809265137,-2.1949620619779324
409.655172,,0.0022686032490549643,409.671,0.6060000061988831,-2.280207113301408
410.12069,,0.014646117742782948,410.134,0.5839999914169312,-2.3284017954516707
410.586207,,0.009707898645452028,410.601,0.6010000109672546,-2.2916088629863776
411.05172400000004,,0.008607328440445683,411.064,0.5979999899864197,-2.2983611356399876
411.51724099999996,,0.024964622438445293,411.532,0.6000000238418579,-2.2941852409133805
411.982759,,0.02967784047239039,411.994,0.6060000061988831,-2.2812542485961465
412.448276,,0.020776147537017457,412.46,0.6039999723434448,-2.285707164743641
412.913793,,0.00040638591306422714,412.923,0.5950000286102295,-2.3053621072889223
413.37931,,0.023805139547608718,413.389,0.6190000176429749,-2.253071690020743
413.844828,,0.02953394169102137,413.854,0.6060000061988831,-2.281340554641099
414.31034500000004,,0.007959925864259861,414.319,0.6190000176429749,-2.2529149218027933
414.775862,,0.022386836858829206,414.786,0.6000000238418579,-2.294159530896469
415.241379,,0.030155513589498587,415.252,0.640999972820282,-2.2046428211918565
415.706897,,0.006505782552181768,415.717,0.6200000047683716,-2.25016460134284
416.172414,,0.021956820665390103,416.175,0.6449999809265137,-2.195437514642741
416.63793100000004,,0.02176416894792912,416.645,0.6190000176429749,-2.25179816998379
417.103448,,0.007775004666151257,417.108,0.6299999952316284,-2.227534733942277
417.568966,,0.03423021453985548,417.576,0.6190000176429749,-2.2511968164428175
418.034483,,0.03343994474206633,418.038,0.5989999771118164,-2.294472249404841
418.5,,0.017015855524189823,418.502,0.5849999785423279,-2.3246916139336964
418.96551700000003,,0.011660803250969989,418.972,0.5960000157356262,-2.3004701245997397
419.43103399999995,,0.022837280499624118,419.43,0.6039999723434448,-2.2828179526856887
419.896552,,0.02956549592914574,419.897,0.597000002861023,-2.2978851742332065
420.362069,,0.013555893410852416,420.363,0.6069999933242798,-2.2759609430793457
420.827586,,0.014158541789851938,420.828,0.597000002861023,-2.297659437166481
421.293103,,0.023650433212584553,421.294,0.640999972820282,-2.201762899852585
421.758621,,0.003252380437969254,421.761,0.6069999933242798,-2.2758532093868524
422.22413800000004,,0.024747606045256124,422.226,0.6110000014305115,-2.2672071731499135
422.689655,,0.031156581514079473,422.687,0.6079999804496765,-2.273862591995583
423.15517200000005,,0.013335621074657163,423.15,0.6259999871253967,-2.2348132972058226
423.62069,,0.0057360247667659955,423.62,0.5870000123977661,-2.3199890410563593
424.086207,,0.006429952175291126,424.082,0.6029999852180481,-2.2853757568188917
424.55172400000004,,0.007575650227745306,424.546,0.6060000061988831,-2.2791139549408364
425.017241,,0.01864025404082431,425.016,0.6209999918937683,-2.2467284618499384
425.482759,,0.016073805498924558,425.482,0.6010000109672546,-2.2906063249902164
425.948276,,0.001428102341522781,425.945,0.5889999866485596,-2.31705706375866
426.413793,,0.018874509264313888,426.41,0.6050000190734863,-2.2824984795617826
426.87931000000003,,0.035007725101482756,426.875,0.6309999823570251,-2.2261363232702602
427.344828,,0.034167740927133365,427.341,0.6039999723434448,-2.2852156810298494
427.810345,,0.013253773993411249,427.806,0.6330000162124634,-2.2222556980521646
428.275862,,0.010161918936013115,428.271,0.5920000076293945,-2.311759670544134
428.741379,,0.010751180516539113,428.731,0.6200000047683716,-2.2508900575852295
429.20689699999997,,0.016206635628275855,429.197,0.5770000219345093,-2.3446540448295035
429.672414,,0.04418904482809115,429.664,0.5920000076293945,-2.3120041345100777
430.137931,,0.04163954562167351,430.127,0.6010000109672546,-2.2923727605607667
430.603448,,0.009606828738884807,430.59,0.6209999918937683,-2.2487225093820093
431.068966,,0.01843882783571091,431.06,0.5929999947547913,-2.3095953817779353
431.534483,,0.018363678935551884,431.52,0.6700000166893005,-2.1416610928196285
432.0,,0.002690102061032733,431.99,0.5809999704360962,-2.3353384505327406
432.46551700000003,,0.0012123928797121274,432.456,0.5929999947547913,-2.308936268612313
432.931034,,0.011909279272913291,432.922,0.5989999771118164,-2.2955792931410883
433.396552,,0.020689552487866733,433.38,0.593999981880188,-2.306169026994954
433.862069,,0.006918467358880763,433.846,0.42399999499320984,-2.6762300501018124
434.327586,,0.01837481396919226,434.311,0.6240000128746033,-2.2401971409629793
434.79310300000003,,0.02587463928356656,434.776,0.640999972820282,-2.2028679044847044
435.258621,,0.004277497952921244,435.242,0.5879999995231628,-2.3180600236100477
435.724138,,0.02494683829040234,435.709,0.5929999947547913,-2.3069164658258074
436.189655,,0.03365883481502714,436.175,0.6050000190734863,-2.2805563310385386
436.655172,,0.01886706944393884,436.635,0.6259999871253967,-2.234628107915518
437.12068999999997,,0.0021568855882375454,437.105,0.5960000157356262,-2.299855432663493
437.586207,,0.002578464888495625,437.568,0.6290000081062317,-2.227876713028114
438.051724,,0.01722669968122862,438.03,0.5960000157356262,-2.2997402109396856
438.517241,,0.029553392262021687,438.501,0.5989999771118164,-2.293225573782875
438.982759,,0.029588247588788235,438.964,0.6039999723434448,-2.2824067090211493
439.448276,,0.018759025372869765,439.43,0.574999988079071,-2.3457133152920964
439.913793,,0.0013709194561705438,439.895,0.6079999804496765,-2.2739919682571608
440.37931000000003,,0.016350293995542754,440.361,0.5879999995231628,-2.317781850944066
440.844828,,0.022455158336461008,440.82,0.5960000157356262,-2.3006060457467226
441.310345,,0.008730141779165314,441.286,0.628000020980835,-2.231171136209946
441.775862,,0.013826172518082205,441.753,0.5979999899864197,-2.2968318398047907
442.241379,,0.019215530090573783,442.219,0.6399999856948853,-2.2056397887815327
442.70689699999997,,0.005632431582578897,442.68,0.6370000243186951,-2.212486686046772
443.172414,,0.039274077198633614,443.15,0.6200000047683716,-2.2498250334780687
443.637931,,0.04407646572810122,443.613,0.6060000061988831,-2.2806096640093094
444.103448,,0.011213894091091551,444.075,0.6320000290870667,-2.224222534527728
444.568966,,0.02675589754106579,444.546,0.5669999718666077,-2.3660598039922385
445.03448299999997,,0.0370855475549058,445.009,0.5820000171661377,-2.333567050442234
445.5,,0.024975332233420074,445.474,0.6079999804496765,-2.2770660246784744
445.965517,,0.01854561716894844,445.937,0.6370000243186951,-2.2139793655505375
446.431034,,0.027998364574359332,446.403,0.5830000042915344,-2.3316677021062793
446.896552,,0.03439856357717352,446.868,0.5870000123977661,-2.3229413060914488
447.36206899999996,,0.018132183125871986,447.333,0.6150000095367432,-2.261874826597217
447.827586,,0.011783880439158812,447.798,0.6119999885559082,-2.2682945976875617
448.29310300000003,,0.02643571138273725,448.264,0.5929999947547913,-2.309523941108848
448.758621,,0.014114860794129908,448.731,0.6000000238418579,-2.2940649046105417
449.224138,,0.003809876541373696,449.197,0.6100000143051147,-2.2720324214963865
449.689655,,0.00026912067005295645,449.657,0.5979999899864197,-2.2978994750979824
450.155172,,0.0273393042606823,450.127,0.6190000176429749,-2.2518481036541105
450.62068999999997,,0.053132486090630336,450.59,0.6119999885559082,-2.2667844558694954
451.086207,,0.05701567829270799,451.053,0.5899999737739563,-2.3143954411300274
451.551724,,0.041874886446787773,451.52,0.5920000076293945,-2.309724002927498
452.017241,,0.024916474911589524,451.983,0.6060000061988831,-2.2789234816015504
452.482759,,0.017214385362257632,452.449,0.5929999947547913,-2.30696970572896
452.94827599999996,,0.019445981326215736,452.912,0.6579999923706055,-2.1651117010402743
453.413793,,0.029419115850166225,453.378,0.625,-2.236797551819491
453.87931,,0.04073788198132532,453.843,0.5860000252723694,-2.3215986795397217
454.344828,,0.03960713301654951,454.309,0.5849999785423279,-2.32366201661322
454.810345,,0.01822905788721994,454.776,0.6039999723434448,-2.2822071316489687
455.27586199999996,,0.00912528025962448,455.242,0.6150000095367432,-2.258237376809499
455.741379,,0.01579096108695419,455.702,0.609000027179718,-2.2713604963226324
456.206897,,0.006571868248955951,456.168,0.5920000076293945,-2.308503745820477
456.672414,,0.03294464297347613,456.631,0.6259999871253967,-2.2345880493038948
457.137931,,0.03010400502976781,457.101,0.5860000252723694,-2.321939805444195
457.603448,,0.002867931478642386,457.561,0.6039999723434448,-2.2829723116926597
458.06896600000005,,0.0320415294541942,458.03,0.5979999899864197,-2.29632749108688
458.53448299999997,,0.03120816043932788,458.501,0.597000002861023,-2.298816334089644
459.0,,0.012201717185882258,458.956,0.5830000042915344,-2.3296458402519646
459.465517,,0.004179479268536601,459.422,0.6470000147819519,-2.1905485031910445
459.931034,,0.014580158447700673,459.887,0.6330000162124634,-2.2213817608885664
460.39655200000004,,0.022504006566646615,460.353,0.6079999804496765,-2.2761660749237294
460.86206899999996,,0.008996762068205934,460.82,0.652999997138977,-2.178421549604885
461.327586,,0.015285622936872635,461.286,0.6060000061988831,-2.281080379235981
461.793103,,0.02102658369197792,461.746,0.6330000162124634,-2.2224793745884357
462.258621,,0.0025479076924337517,462.212,0.6039999723434448,-2.2858368358348704
462.724138,,0.033335908494651005,462.675,0.49000000953674316,-2.5343307184907693
463.18965499999996,,0.04367647802453252,463.145,0.5809999704360962,-2.336152240184832
463.655172,,0.031765722932089666,463.609,0.6449999809265137,-2.196742619972903
464.12069,,0.01920295816213858,464.071,0.5910000205039978,-2.3143547508710567
464.58620699999994,,0.023274023631227166,464.535,0.6060000061988831,-2.2815825404503856
465.051724,,0.039312866557287524,465.005,0.5960000157356262,-2.3032217883572477
465.517241,,0.05084562630825805,465.47,0.6150000095367432,-2.2616291878063346
465.98275900000004,,0.049225550148149645,465.933,0.6169999837875366,-2.257027513374785
466.448276,,0.03657525617817106,466.399,0.6039999723434448,-2.2850660869580186
466.913793,,0.017175920783770084,466.864,0.6169999837875366,-2.2564285962988433
467.37931,,0.0020902156878113234,467.329,0.6290000081062317,-2.2299472429780085
467.844828,,0.008639453389952471,467.796,0.652999997138977,-2.177308433481773
468.31034500000004,,0.0037636169221568505,468.261,0.6150000095367432,-2.259742096410536
468.77586199999996,,0.020554277351239023,468.72,0.6000000238418579,-2.292075026018746
469.241379,,0.016116201151582955,469.185,0.5809999704360962,-2.3331430719468074
469.706897,,0.016712458555862536,469.653,0.5830000042915344,-2.3284906061391393
470.172414,,0.05227427158257593,470.116,0.652999997138977,-2.175729437650836
470.63793100000004,,0.05673646894458025,470.583,0.6060000061988831,-2.2779157126743717
471.10344799999996,,0.028116743394827493,471.045,0.6129999756813049,-2.26250750974592
471.568966,,0.0005332910345483994,471.513,0.6060000061988831,-2.277658659954604
472.034483,,0.002513984251953476,471.975,0.6209999918937683,-2.244941311915394
472.5,,0.012318242878936396,472.441,0.6039999723434448,-2.2820039409208372
472.965517,,0.016755986123438343,472.905,0.5929999947547913,-2.306058065012784
473.43103399999995,,0.0036558123776424772,473.371,0.6179999709129333,-2.2517424689748586
473.89655200000004,,0.007185834966631362,473.838,0.6060000061988831,-2.278093733540879
474.362069,,0.0025005169287697824,474.303,0.5799999833106995,-2.3349978171158994
474.827586,,0.022629407153016156,474.769,0.5789999961853027,-2.337480959258023
475.293103,,0.024577020976334015,475.234,0.6190000176429749,-2.2506756822667624
475.758621,,0.002533183824168096,475.699,0.5540000200271606,-2.392654444911763
476.22413800000004,,0.03661868650943707,476.164,0.6330000162124634,-2.2209227476003788
476.689655,,0.049044866522222653,476.627,0.6150000095367432,-2.260522065342493
477.155172,,0.036974873152124,477.09,0.5709999799728394,-2.3567566465694494
477.62069,,0.022414307884083898,477.56,0.6079999804496765,-2.276500700076059
478.086207,,0.024354261954869276,478.023,0.6190000176429749,-2.252857919772431
478.55172400000004,,0.03949201287911804,478.489,0.6079999804496765,-2.277102946418049
479.01724099999996,,0.050984894022005456,478.954,0.6100000143051147,-2.272974055629284
479.482759,,0.04803986682833694,479.42,0.5799999833106995,-2.3385041236729402
479.948276,,0.030165966110641585,479.88,0.6169999837875366,-2.2580014510205544
480.413793,,0.0006178823414698023,480.346,0.6060000061988831,-2.282006376848471
480.87931000000003,,0.03158085451713183,480.812,0.6370000243186951,-2.214437984019811
481.344828,,0.04898790879358991,481.278,0.6570000052452087,-2.1707639067801052
481.810345,,0.04102596829331322,481.742,0.6439999938011169,-2.1989159684956947
482.275862,,0.022761634644258805,482.208,0.6110000014305115,-2.270577387540873
482.74137900000005,,0.026067885748035556,482.671,0.6209999918937683,-2.2485016327237752
483.206897,,0.06430950003368162,483.141,0.6060000061988831,-2.2808460511726847
483.672414,,0.1100985654902314,483.601,0.6079999804496765,-2.27611807948139
484.13793100000004,,0.1204201988992091,484.071,0.6169999837875366,-2.2561154575777493
484.603448,,0.08677932223575738,484.535,0.515999972820282,-2.475753892702075
485.068966,,0.045106666637300064,484.997,0.5960000157356262,-2.301060871914924
485.534483,,0.029228817468221074,485.463,0.6330000162124634,-2.220064505184215
486.0,,0.03263922641281594,485.926,0.5920000076293945,-2.3090271358860956
486.46551700000003,,0.027273135385930326,486.392,0.6039999723434448,-2.2825574750099036
486.931034,,0.0049193071598611264,486.857,0.5709999799728394,-2.3541739656995126
487.396552,,0.014771407694918881,487.322,0.6290000081062317,-2.227588887352882
487.862069,,0.014046104814162665,487.787,0.6010000109672546,-2.2884291344678713
488.327586,,0.0036992733169034222,488.252,0.5960000157356262,-2.2992269952363986
488.79310300000003,,0.011764044199132644,488.72,0.5950000286102295,-2.301380569159213
489.258621,,0.0472208186924052,489.185,0.593999981880188,-2.3036056504489784
489.724138,,0.08665152822259797,489.646,0.6200000047683716,-2.2470767093322777
490.189655,,0.10179650437865694,490.116,0.6190000176429749,-2.2494366271081203
490.655172,,0.09062451894691324,490.579,0.6190000176429749,-2.249677393895293
491.12069,,0.07430466557902352,491.042,0.6150000095367432,-2.258685164867977
491.586207,,0.06918806281069918,491.51,0.6259999871253967,-2.2350568120681706
492.05172400000004,,0.06956818178345438,491.971,0.5960000157356262,-2.3007867120295975
492.517241,,0.05879111206475788,492.437,0.5920000076293945,-2.309895457091872
492.982759,,0.029984773284480074,492.902,0.5960000157356262,-2.3015874089081225
493.448276,,0.010427743733476135,493.368,0.6420000195503235,-2.2017753240150872
493.913793,,0.05236531865988811,493.835,0.5910000205039978,-2.3132783113451225
494.37931000000003,,0.08442010608235544,494.3,0.6449999809265137,-2.1959974635275974
494.844828,,0.09298090429830318,494.765,0.6579999923706055,-2.1680029538675365
495.310345,,0.07348703349708378,495.231,0.6029999852180481,-2.288108073088075
495.775862,,0.04236622507542179,495.698,0.6190000176429749,-2.2534735512969766
496.241379,,0.026719272061754805,496.156,0.5929999947547913,-2.3102811385546387
496.70689699999997,,0.036522926598712716,496.623,0.5910000205039978,-2.3147355543917216
497.172414,,0.0506809959512938,497.086,0.6399999856948853,-2.208010166299042
497.637931,,0.039187567919887326,497.55,0.6190000176429749,-2.253718909063647
498.103448,,0.0006512045165057424,498.02,0.6190000176429749,-2.2536059958306445
498.568966,,0.03407824752915234,498.485,0.640999972820282,-2.205496126797455
499.03448299999997,,0.040619524561916524,498.949,0.6039999723434448,-2.2858649388998464
499.5,,0.02924463510093788,499.415,0.6039999723434448,-2.285570424793906
499.96551700000003,,0.025980271269313692,499.88,0.5929999947547913,-2.3091974530869046
500.431034,,0.036938702340065736,500.346,0.6399999856948853,-2.2064290186643656
500.89655200000004,,0.042597982152339404,500.806,0.6019999980926514,-2.2888221568913365
501.362069,,0.025998354845809507,501.272,0.6420000195503235,-2.2012687382163674
501.827586,,0.0012513006510954685,501.739,0.5920000076293945,-2.30979433263536
502.293103,,0.009297923633887048,502.205,0.6370000243186951,-2.2113612372948923
502.758621,,0.013040785857840262,502.668,0.6690000295639038,-2.1412741953004795
503.224138,,0.041862004128378344,503.13,0.6190000176429749,-2.249870140509813
503.68965499999996,,0.04459156077489477,503.598,0.5989999771118164,-2.293152318812022
504.15517200000005,,0.016114939432182868,504.06,0.5950000286102295,-2.301632259997646
504.62068999999997,,0.017170160163819264,504.528,0.5929999947547913,-2.3058192232329375
505.08620699999994,,0.026732415904752803,504.99,0.5870000123977661,-2.318790307455772
505.55172400000004,,0.010255090591311593,505.455,0.6460000276565552,-2.190221074006671
506.017241,,0.011544488802805505,505.922,0.6110000014305115,-2.266516278635915
506.48275899999993,,0.01963641322644294,506.388,0.6110000014305115,-2.2666289630259495
506.948276,,0.008976006622254633,506.856,0.640999972820282,-2.2014492053803627
507.413793,,0.015980618828880733,507.315,0.6439999938011169,-2.1951532658634387
507.87931,,0.041889904174834444,507.787,0.5929999947547913,-2.306557916968014
508.344828,,0.048003110335925456,508.245,0.5979999899864197,-2.296004686544117
508.810345,,0.025132206167631534,508.717,0.6039999723434448,-2.2833097388863717
509.27586199999996,,0.007349222750915643,509.175,0.6140000224113464,-2.2619250670769153
509.74137900000005,,0.01698735811002555,509.645,0.6069999933242798,-2.277590096095012
510.20689699999997,,0.005943747608546045,510.107,0.6449999809265137,-2.195215151382436
510.67241399999995,,0.0346173325812564,510.576,0.5830000042915344,-2.330691636962856
511.13793100000004,,0.03399623809473749,511.038,0.6079999804496765,-2.276601304874527
511.603448,,0.0018833011706904665,511.502,0.6069999933242798,-2.2791201239130894
512.0689659999999,,0.028783575487088757,511.971,0.5929999947547913,-2.309915174316841
512.534483,,0.031370588168532616,512.43,0.5809999704360962,-2.33629846279856
513.0,,0.01530622583278949,512.897,0.6240000128746033,-2.242793832828726
513.465517,,0.0072057040061502455,513.363,0.5929999947547913,-2.31044089499841
513.931034,,0.014151373911186598,513.827,0.5929999947547913,-2.310478107437121
514.396552,,0.016995596226299637,514.293,0.6259999871253967,-2.2385467916441333
514.862069,,0.0014125374047525639,514.757,0.5920000076293945,-2.3125120070223524
515.327586,,0.02977682524624205,515.223,0.6349999904632568,-2.2186512974330315
515.793103,,0.03867607537235115,515.686,0.6240000128746033,-2.2423719751214493
516.258621,,0.017023318635598736,516.156,0.6190000176429749,-2.252962158606219
516.724138,,0.013094353114913016,516.62,0.6039999723434448,-2.285290079439428
517.189655,,0.02285014251038364,517.082,0.5989999771118164,-2.2957939238918494
517.655172,,0.008552012313751647,517.546,0.6240000128746033,-2.2409125665251923
518.1206900000001,,0.008845581455180095,518.016,0.5910000205039978,-2.3123796791501996
518.5862070000001,,0.010097312001949939,518.482,0.6449999809265137,-2.1943040010180943
519.051724,,0.0033930605121161353,518.945,0.5960000157356262,-2.30064127872085
519.517241,,0.016787227648179647,519.41,0.6209999918937683,-2.2457840713192305
519.982759,,0.02012998788064919,519.875,0.6079999804496765,-2.27375326479976
520.448276,,0.012885066225788739,520.341,0.5879999995231628,-2.3170220718148773
520.9137929999999,,0.002315071706354481,520.806,0.6200000047683716,-2.2470601816697875
521.37931,,0.01857124845335769,521.271,0.6019999980926514,-2.286097032423184
521.844828,,0.02244005984749083,521.731,0.6019999980926514,-2.2859902010615527
522.310345,,0.0065338411902103755,522.197,0.5870000123977661,-2.318639203201788
522.7758620000001,,0.01592918314438997,522.666,0.6449999809265137,-2.1923236568398834
523.241379,,0.019938792277546698,523.128,0.6169999837875366,-2.2534460379730454
523.7068969999999,,0.0032334701613203447,523.591,0.5669999718666077,-2.362570335338478
524.172414,,0.03125330895524208,524.061,0.5920000076293945,-2.3083636947385617
524.637931,,0.032579894192971706,524.524,0.6269999742507935,-2.2324301049662996
525.103448,,0.004433858640449413,524.986,0.6660000085830688,-2.1478289748876342
525.568966,,0.022676740489352483,525.452,0.609000027179718,-2.2724132463339317
526.034483,,0.023444752330600758,525.915,0.6370000243186951,-2.2118361480861646
526.5,,0.007250491346861945,526.381,0.6169999837875366,-2.255845593010235
526.9655170000001,,0.0005358236179098463,526.845,0.6629999876022339,-2.156061543007221
527.4310340000001,,0.01026553074448107,527.311,0.6290000081062317,-2.2305530145186574
527.8965519999999,,0.016436394000092815,527.776,0.6190000176429749,-2.2527285479558574
528.362069,,0.0005795235898039846,528.241,0.6470000147819519,-2.1920758174036177
528.827586,,0.026293430584465455,528.706,0.6309999823570251,-2.2272330083975493
529.293103,,0.0336261886724276,529.172,0.675000011920929,-2.131610670510025
529.7586210000001,,0.009598648764263392,529.635,0.6190000176429749,-2.253785446927067
530.224138,,0.022490203053209396,530.105,0.6539999842643738,-2.177630950101306
530.689655,,0.032151196081485305,530.568,0.625,-2.2408350699474826
531.155172,,0.016351409685688413,531.03,0.6460000276565552,-2.195031348589763
531.62069,,0.0012652909845058385,531.498,0.6460000276565552,-2.194905439139855
532.086207,,1.8371922695251676e-05,531.96,0.640999972820282,-2.2056026633725376
532.5517239999999,,0.017406471091163837,532.426,0.6890000104904175,-2.1007664146773957
533.017241,,0.03407718303087073,532.89,0.6679999828338623,-2.1461990028000066
533.482759,,0.03824403461021538,533.356,0.6700000166893005,-2.1414741528101437
533.9482760000001,,0.026770014430430533,533.82,0.6940000057220459,-2.088782015656683
534.413793,,0.0005100485306385863,534.286,0.6790000200271606,-2.121031965088359
534.87931,,0.029557087503188313,534.753,0.6959999799728394,-2.083553273677821
535.344828,,0.04076177939820295,535.218,0.640999972820282,-2.2029397630018352
535.810345,,0.02130996153589362,535.687,0.6790000200271606,-2.119729054236388
536.275862,,0.008834538797999416,536.149,0.7009999752044678,-2.0714066515240943
536.7413789999999,,0.014479201631035703,536.612,0.7089999914169312,-2.0536255538225823
537.206897,,0.015051154376695608,537.075,0.6499999761581421,-2.181865878477314
537.672414,,0.050576163876237305,537.542,0.6790000200271606,-2.118447852611835
538.137931,,0.053962712917427935,538.005,0.6499999761581421,-2.181462726241472
538.6034480000001,,0.022382900924906423,538.471,0.7099999785423279,-2.050653533378479
539.0689659999999,,0.00928015797468318,538.941,0.6700000166893005,-2.1377870175510596
539.5344829999999,,0.012533398289024335,539.407,0.6800000071525574,-2.1160667120953645
540.0,,0.0028865732368394945,539.865,0.6859999895095825,-2.103137952994412
540.465517,,0.00855789574205212,540.33,0.7170000076293945,-2.0358145208933682
540.931034,,0.0035070437314689315,540.798,0.6520000100135803,-2.1777065017892023
541.396552,,0.012656440870291484,541.264,0.6859999895095825,-2.1039699751783507
541.862069,,0.0011485135273836473,541.731,0.7480000257492065,-1.9692772731076795
542.327586,,0.028105227194790115,542.19,0.722000002861023,-2.0263376813413596
542.7931030000001,,0.03724168896304141,542.66,0.765999972820282,-1.9309107587901124
543.258621,,0.014845115319395618,543.123,0.6830000281333923,-2.112177381475407
543.7241379999999,,0.01652455941570988,543.59,0.7379999756813049,-1.992783863667655
544.189655,,0.023556457780964768,544.053,0.6700000166893005,-2.1413449071936723
544.655172,,0.0004045320924729615,544.516,0.6639999747276306,-2.154799914916705
545.12069,,0.02966260506505562,544.986,0.7049999833106995,-2.065817425675994
545.5862070000001,,0.035435664791366825,545.452,0.6790000200271606,-2.122752100357311
546.051724,,0.015506643856331392,545.916,0.6990000009536743,-2.0794076654055935
546.517241,,0.008467074643336722,546.382,0.6850000023841858,-2.1100687977417927
546.982759,,0.017515802065595866,546.846,0.734000027179718,-2.0034007039370207
547.448276,,0.009515797283223623,547.311,0.6539999842643738,-2.1777013694052636
547.9137929999999,,0.007629024744814622,547.776,0.7609999775886536,-1.944517041064267
548.3793099999999,,0.02202156177708186,548.235,0.7490000128746033,-1.9705140210186107
548.844828,,0.019808854018462826,548.702,0.6690000295639038,-2.144585647316601
549.310345,,0.003173764301808914,549.168,0.7490000128746033,-1.9700083385391007
549.775862,,0.030165892231106387,549.631,0.7149999737739563,-2.0437398174548513
550.241379,,0.03515390264341929,550.101,0.6840000152587891,-2.11088876878121
550.706897,,0.011520011064720392,550.564,0.6790000200271606,-2.1213603726324473
551.172414,,0.015354545354626433,551.027,0.7160000205039978,-2.0403091941133664
551.637931,,0.012814464726024764,551.498,0.753000020980835,-1.9592500377616315
552.103448,,0.020512880364398182,551.961,0.6740000247955322,-2.1309194135525016
552.568966,,0.05221097987507033,552.426,0.6869999766349792,-2.1021741093883413
553.034483,,0.05644365407303984,552.886,0.6679999828338623,-2.143180784284178
553.5,,0.04302389173032625,553.352,0.6949999928474426,-2.0840167769428217
553.965517,,0.038200826572130996,553.817,0.6600000262260437,-2.1599865691578173
554.4310340000001,,0.047808166908322576,554.283,0.6660000085830688,-2.1466987306232688
554.896552,,0.05100995796294392,554.749,0.7900000214576721,-1.876401678702828
555.3620689999999,,0.029649984490723074,555.215,0.6830000281333923,-2.1094456080127832
555.827586,,0.0045359417816076475,555.676,0.6690000295639038,-2.139952217718231
556.293103,,0.02090064136632622,556.145,0.6790000200271606,-2.118250426243106
556.758621,,0.007754919793381966,556.606,0.6679999828338623,-2.14237688540881
557.224138,,0.012379562533569822,557.075,0.7039999961853027,-2.064177743818074
557.689655,,0.010392861761968089,557.535,0.6790000200271606,-2.1189392453568248
558.155172,,0.016041858243302804,558.005,0.6759999990463257,-2.1258247160308503
558.6206900000001,,0.04297596217874376,558.471,0.6959999799728394,-2.0826447186692962
559.0862070000001,,0.04848293801731984,558.933,0.675000011920929,-2.1288201679170258
559.5517239999999,,0.03375199805274027,559.399,0.7609999775886536,-1.9418968662996239
560.017241,,0.01600661148591259,559.864,0.722000002861023,-2.0273054425624393
560.482759,,0.008062337917367693,560.33,0.656000018119812,-2.1715259623570216
560.948276,,0.011579120076002512,560.79,0.6949999928474426,-2.0869661504971986
561.413793,,0.02316189582745614,561.256,0.6809999942779541,-2.1178400611846566
561.87931,,0.03495790798446056,561.72,0.7210000157356262,-2.0310199362209436
562.344828,,0.03385103072658402,562.185,0.671999990940094,-2.138042556691297
562.8103450000001,,0.013870018864395364,562.653,0.7099999785423279,-2.055457799786065
563.275862,,0.010618264000419101,563.115,0.6620000004768372,-2.160166231494391
563.7413789999999,,0.014859733841372364,563.583,0.6579999923706055,-2.168940815341507
564.206897,,0.008141694098171658,564.045,0.6539999842643738,-2.177641447974806
564.672414,,0.03397621323089841,564.513,0.6759999990463257,-2.1296234793708084
565.137931,,0.030401897214012708,564.975,0.6449999809265137,-2.1970028047814654
565.603448,,0.004054163179409524,565.441,0.6470000147819519,-2.192420880449594
566.068966,,0.03705966348506884,565.905,0.6579999923706055,-2.168172518503368
566.534483,,0.04274691182611742,566.371,0.6809999942779541,-2.1177291273896803
567.0,,0.030831275423841835,566.835,0.6700000166893005,-2.1413176470976403
567.465517,,0.027572447887971863,567.301,0.6650000214576721,-2.1518034653478
567.931034,,0.03941729506571127,567.768,0.6620000004768372,-2.1579137820520646
568.396552,,0.04644680583455746,568.234,0.6629999876022339,-2.1553040993256984
568.862069,,0.030090887555584495,568.699,0.7089999914169312,-2.054661789978479
569.327586,,0.0002493685401136853,569.164,0.6449999809265137,-2.1936896923538893
569.793103,,0.01582885048940456,569.627,0.6060000061988831,-2.278284471215935
570.2586210000001,,0.00371968484085265,570.09,0.6869999766349792,-2.101486931729212
570.724138,,0.017278322281347944,570.56,0.6729999780654907,-2.131714169272845
571.189655,,0.020752562094895503,571.023,0.6320000290870667,-2.2208259158296983
571.655172,,0.0033078195151003318,571.489,0.675000011920929,-2.1269996831459475
572.12069,,0.015553437841618577,571.954,0.656000018119812,-2.1683218476579733
572.586207,,0.01858439246477762,572.42,0.6700000166893005,-2.137822560135946
573.051724,,0.008489620110571123,572.886,0.6729999780654907,-2.1313621457958196
573.517241,,0.00022583240016632467,573.345,0.6629999876022339,-2.153295268932546
573.982759,,0.0032199752666097433,573.813,0.6700000166893005,-2.138258338629908
574.4482760000001,,0.01741468424307776,574.278,0.6660000085830688,-2.1472473119273836
574.913793,,0.039218979613416194,574.746,0.6650000214576721,-2.1497528700983803
575.37931,,0.06001720903137807,575.205,0.5830000042915344,-2.328773604692935
575.844828,,0.0647973661808592,575.675,0.6299999952316284,-2.2267842264557838
576.310345,,0.046325920964820445,576.138,0.6570000052452087,-2.1683904787544006
576.775862,,0.019689428093535726,576.605,0.609000027179718,-2.273404091205763
577.241379,,0.011577986282583485,577.067,0.652999997138977,-2.1779779301728213
577.706897,,0.030919234323626137,577.535,0.6579999923706055,-2.1675007874140513
578.172414,,0.054909106968943085,577.998,0.7139999866485596,-2.045879507303929
578.6379310000001,,0.052016222704900625,578.464,0.6589999794960022,-2.1660424161425795
579.1034480000001,,0.019512665237509202,578.927,0.6710000038146973,-2.140180428528919
579.5689659999999,,0.012841999860867218,579.393,0.6859999895095825,-2.107719039305458
580.034483,,0.020175949212511788,579.858,0.6330000162124634,-2.2233358317210725
580.5,,0.009855517353328038,580.324,0.6209999918937683,-2.2495557616837654
580.965517,,0.004751425011402074,580.791,0.6420000195503235,-2.2038066032569192
581.431034,,0.011409327917223011,581.256,0.6420000195503235,-2.2037349501449386
581.896552,,0.01509353226827654,581.717,0.6200000047683716,-2.2515215596623173
582.362069,,0.003179611715548761,582.182,0.6259999871253967,-2.238238903125954
582.827586,,0.014872192446582498,582.646,0.6430000066757202,-2.200930014979353
583.2931030000001,,0.017262587687620557,583.115,0.6499999761581421,-2.1853538480119075
583.758621,,0.0018505634812571493,583.576,0.6209999918937683,-2.2481646485775517
584.2241379999999,,0.023716690576388647,584.045,0.6069999933242798,-2.278263590320548
584.689655,,0.028611970143500705,584.505,0.6179999709129333,-2.253876930977542
585.155172,,0.01935471008183289,584.975,0.6539999842643738,-2.1750161208314043
585.6206900000001,,0.015128859672773482,585.441,0.6309999823570251,-2.2246993041779435
586.0862070000001,,0.02723624824031367,585.905,0.7170000076293945,-2.03692443016064
586.551724,,0.04805251776144485,586.371,0.625,-2.2369750624663136
587.017241,,0.06365382159596635,586.834,0.6809999942779541,-2.1146237611087653
587.482759,,0.07008901417185823,587.3,0.6299999952316284,-2.225437102492588
587.948276,,0.07247459122670319,587.766,0.6190000176429749,-2.2491637314951625
588.4137929999999,,0.07464300163301876,588.225,0.6079999804496765,-2.272958671486999
588.87931,,0.07807003074637352,588.698,0.6129999756813049,-2.2619691063631517
589.344828,,0.08604005431814225,589.156,0.6539999842643738,-2.172624342598098
589.810345,,0.09832161850950501,589.624,0.6480000019073486,-2.1857514594904797
590.2758620000001,,0.10286946542878857,590.087,0.6420000195503235,-2.198951994110425
590.741379,,0.08291327215217494,590.557,0.6370000243186951,-2.21004405004841
591.2068969999999,,0.03759740224988608,591.019,0.6579999923706055,-2.164555566570214
591.672414,,0.009274012106726348,591.485,0.597000002861023,-2.297773236729172
592.137931,,0.03107550277408558,591.949,0.6349999904632568,-2.2153534517809392
592.603448,,0.030114647478850627,592.415,0.6499999761581421,-2.1830798901013795
593.068966,,0.0355047178835443,592.879,0.6209999918937683,-2.246691312307953
593.534483,,0.06475282079391119,593.344,0.6449999809265137,-2.194846393279678
594.0,,0.10049917686599594,593.809,0.6480000019073486,-2.1887514211311596
594.4655170000001,,0.11333164509307675,594.275,0.6399999856948853,-2.2066064548801196
594.9310340000001,,0.09848627777026032,594.735,0.6470000147819519,-2.1917538046657152
595.3965519999999,,0.08045718406583063,595.2,0.6600000262260437,-2.163789175773816
595.862069,,0.08162065195709718,595.668,0.6340000033378601,-2.2207409681933297
596.327586,,0.09310162849099998,596.131,0.6600000262260437,-2.1643429754693715
596.793103,,0.08597027408386791,596.601,0.6370000243186951,-2.214631462731044
597.2586210000001,,0.0512616323135003,597.064,0.6209999918937683,-2.2495973636884923
597.724138,,0.01452113199833119,597.527,0.6190000176429749,-2.253987744066927
598.189655,,0.003923096575604044,597.99,0.6639999747276306,-2.15590589742999
598.655172,,0.017377845906484064,598.456,0.6119999885559082,-2.2690775092214053
599.12069,,0.030965300929132293,598.922,0.6449999809265137,-2.196992455868022
599.586207,,0.030187901657062276,599.387,0.6700000166893005,-2.142269747751619
600.0517239999999,,0.021491448326691212,599.853,0.625,-2.2399926405624293
600.517241,,0.01649286381697779,600.318,0.6200000047683716,-2.250520192319561
600.982759,,0.01665848949024621,600.783,0.6209999918937683,-2.2479383723733126
601.448276,,0.0170424419151874,601.249,0.6600000262260437,-2.1625414892569967
601.913793,,0.015481949666918007,601.716,0.6330000162124634,-2.2209209745651246
602.37931,,0.010401276515788779,602.175,0.6240000128746033,-2.2400837798561755
602.844828,,0.0035713387578126215,602.646,0.6579999923706055,-2.165577136954513
603.310345,,0.028014630592002245,603.108,0.6039999723434448,-2.282816821072062
603.775862,,0.05140903881970332,603.576,0.6269999742507935,-2.232338744251153
604.2413789999999,,0.05665725124236894,604.038,0.6449999809265137,-2.192802983805131
604.706897,,0.04124402703379699,604.501,0.6309999823570251,-2.2230417825884317
605.172414,,0.024990658533688894,604.971,0.6349999904632568,-2.2141306050885006
605.637931,,0.029842857534342175,605.437,0.625,-2.2357924462672774
606.1034480000001,,0.052163402789135074,605.901,0.6370000243186951,-2.209599762202705
606.5689659999999,,0.0657620520046936,606.367,0.6169999837875366,-2.2532014344160545
607.0344829999999,,0.055017833563331946,606.831,0.6150000095367432,-2.257664510983562
607.5,,0.03273507273635698,607.297,0.6309999823570251,-2.222986321721915
607.965517,,0.020224108779082525,607.761,0.6309999823570251,-2.2232348925098164
608.431034,,0.020432711306873134,608.22,0.6230000257492065,-2.2409734858707293
608.896552,,0.01816145823790426,608.694,0.628000020980835,-2.2304416949797212
609.362069,,0.0025939834040668757,609.153,0.6470000147819519,-2.189449640598844
609.827586,,0.0172354017415796,609.62,0.621999979019165,-2.2443467504043153
610.293103,,0.023041827896408035,610.082,0.6330000162124634,-2.220828438926657
610.758621,,0.01082778620307035,610.546,0.6129999756813049,-2.264851680347469
611.2241379999999,,0.003984021698031798,611.016,0.5699999928474426,-2.3589749278332555
611.689655,,0.006639009080681926,611.481,0.6499999761581421,-2.1851028740109575
612.155172,,4.3019129252247274e-05,611.944,0.6019999980926514,-2.2900623921460674
612.62069,,0.0026318567607532197,612.41,0.6050000190734863,-2.2838639768455486
613.0862070000001,,0.0037713234306163473,612.875,0.6290000081062317,-2.2318572444769966
613.551724,,0.011652443666114369,613.341,0.6069999933242798,-2.2800024759129545
614.017241,,0.012363207197688355,613.806,0.6079999804496765,-2.277966544314655
614.4827590000001,,0.00608070191487151,614.272,0.6050000190734863,-2.284568758667664
614.948276,,0.002129695713400464,614.731,0.6060000061988831,-2.2823779307895045
615.4137929999999,,0.009728300240829869,615.197,0.6110000014305115,-2.2713938845392225
615.8793099999999,,0.015174036669747247,615.66,0.6019999980926514,-2.290834647627115
616.344828,,0.0144413328100169,616.13,0.6700000166893005,-2.142446712364318
616.810345,,0.006111637246104056,616.59,0.6069999933242798,-2.279394923433036
617.275862,,0.002307167722320396,617.06,0.6060000061988831,-2.2812098573557438
617.741379,,0.0003428154028669601,617.524,0.6460000276565552,-2.193654389364725
618.206897,,0.01500169102910537,617.986,0.5920000076293945,-2.3108579462259384
618.672414,,0.02698291593463806,618.452,0.5899999737739563,-2.314752212087546
619.137931,,0.02057880531770297,618.916,0.5950000286102295,-2.303391013087895
619.603448,,0.0003239500585265157,619.381,0.6019999980926514,-2.2876816845654253
620.068966,,0.014823726293588996,619.846,0.6179999709129333,-2.252386569192808
620.534483,,0.011005999518860271,620.311,0.597000002861023,-2.2977361810554195
621.0,,0.00039659400783159226,620.779,0.6190000176429749,-2.2494509294433747
621.465517,,0.0025662190357727795,621.244,0.5860000252723694,-2.321049344258672
621.9310340000001,,0.005571234831673882,621.709,0.5770000219345093,-2.340428168625757
622.396552,,0.009717337894087253,622.174,0.6330000162124634,-2.2182696697037163
622.862069,,0.0004578176623330047,622.636,0.6269999742507935,-2.2312653173639148
623.327586,,0.01675871879698419,623.106,0.6060000061988831,-2.2770203980730495
623.793103,,0.020714922176902167,623.568,0.4050000011920929,-2.7150170535936513
624.258621,,0.006202580186419291,624.03,0.6060000061988831,-2.2772829663788707
624.724138,,0.011968420982722735,624.498,0.5839999914169312,-2.3254653247422064
625.189655,,0.01506459621740322,624.96,0.6060000061988831,-2.27785357558972
625.655172,,0.001697548814378352,625.426,0.5839999914169312,-2.326159212924538
626.1206900000001,,0.011377766144369094,625.89,0.5960000157356262,-2.300436159086181
626.5862070000001,,0.008562194496797022,626.356,0.597000002861023,-2.298710898773281
627.0517239999999,,0.007392553231874732,626.823,0.5759999752044678,-2.344934841520619
627.5172409999999,,0.020093551532943663,627.29,0.5669999718666077,-2.365020386332958
627.982759,,0.018791345888748655,627.757,0.5920000076293945,-2.3110229245944653
628.448276,,0.006942743421031103,628.215,0.6050000190734863,-2.283145145100853
628.913793,,0.005853399272673034,628.683,0.5910000205039978,-2.3140525023236136
629.37931,,0.01201430994485441,629.146,0.6169999837875366,-2.257762990430677
629.844828,,0.007715451528485486,629.616,0.5979999899864197,-2.2994504890394616
630.3103450000001,,0.0045305108591005986,630.079,0.593999981880188,-2.3083876285415323
630.7758620000001,,0.013967525173078532,630.547,0.6029999852180481,-2.288925332782132
631.2413789999999,,0.008967977429236551,631.009,0.5929999947547913,-2.310776022339848
631.706897,,0.009358078982922041,631.475,0.6050000190734863,-2.284613242217946
632.172414,,0.023531066883197428,631.938,0.5879999995231628,-2.321549032280506
632.637931,,0.016737765036909588,632.403,0.6100000143051147,-2.2734383317062155
633.103448,,0.005409546220125641,632.868,0.6069999933242798,-2.2797200629025505
633.568966,,0.019202270721424476,633.333,0.5889999866485596,-2.318615585579435
634.034483,,0.012120569330047746,633.798,0.5860000252723694,-2.3247760709894183
634.5,,0.0024099731402221244,634.264,0.6039999723434448,-2.2851416198645467
634.9655170000001,,0.004630531659459945,634.731,0.5820000171661377,-2.332622093482246
635.431034,,0.005428956126388071,635.197,0.593999981880188,-2.306011878426935
635.8965519999999,,0.008473869682222338,635.657,0.5910000205039978,-2.31207872060019
636.362069,,0.008417738391589871,636.12,0.6060000061988831,-2.2789413627547046
636.827586,,0.03188176253611901,636.59,0.609000027179718,-2.2719724354760586
637.293103,,0.03521554707828639,637.053,0.6039999723434448,-2.2824704250730448
637.7586210000001,,0.011848935756464236,637.516,0.593999981880188,-2.3039113894012138
638.224138,,0.014944423963577595,637.986,0.5339999794960022,-2.4343467607561653
638.689655,,0.020880105936846857,638.451,0.6359999775886536,-2.2119119194480437
639.155172,,0.00840240782793925,638.915,0.5899999737739563,-2.31199260111786
639.62069,,0.0017531454384151488,639.38,0.5920000076293945,-2.3075772354065065
640.086207,,0.0017783678910387522,639.845,0.5460000038146973,-2.4078195384201293
640.551724,,0.011103763578696019,640.311,0.628000020980835,-2.2292763016840187
641.017241,,0.013639138860049254,640.775,0.6019999980926514,-2.2861036774005132
641.482759,,0.006816462801395014,641.241,0.6050000190734863,-2.2798201337969775
641.9482760000001,,0.004236009200712013,641.705,0.6169999837875366,-2.2539911532870325
642.413793,,0.01528939299630378,642.171,0.5929999947547913,-2.3066459570849145
642.87931,,0.023009660389023027,642.631,0.6340000033378601,-2.2177297271930208
643.344828,,0.022334825457746295,643.102,0.5920000076293945,-2.3096698067435932
643.810345,,0.011954625249765982,643.564,0.6200000047683716,-2.2491199036202496
644.275862,,0.0006268365793662997,644.027,0.5979999899864197,-2.297504430352552
644.7413789999999,,0.0012339339758167115,644.498,0.6039999723434448,-2.2848752493126385
645.206897,,0.015614007676698988,644.96,0.5979999899864197,-2.2983652720188767
645.672414,,0.028177284246942415,645.426,0.5889999866485596,-2.3183545540194648
646.1379310000001,,0.02117520429550698,645.89,0.5960000157356262,-2.3034375824321396
646.6034480000001,,0.0024178700031836685,646.355,0.6240000128746033,-2.2427107030576225
647.0689659999999,,0.01988614394070811,646.82,0.6039999723434448,-2.2864917687879216
647.534483,,0.01629667742910374,647.286,0.597000002861023,-2.3018772060308867
648.0,,0.0015785820858858983,647.746,0.6019999980926514,-2.291042572553242
648.465517,,0.0051452397610503965,648.211,0.5649999976158142,-2.3716339114089013
648.931034,,0.00017075443014820502,648.679,0.5889999866485596,-2.3192519610102695
649.396552,,0.0030839026263027374,649.141,0.6169999837875366,-2.2580819220437234
649.862069,,0.0054141714081028846,649.605,0.5960000157356262,-2.3035961825129476
650.327586,,0.01711513441761466,650.075,0.6019999980926514,-2.2902249551520337
650.7931030000001,,0.015521499937391759,650.535,0.5950000286102295,-2.3051233731788767
651.258621,,0.0007380375895849316,651.005,0.5730000138282776,-2.3526601397368556
651.7241379999999,,0.014998947481476349,651.471,0.6100000143051147,-2.271627189916385
652.189655,,0.01459545215479845,651.934,0.625,-2.238506613573883
652.655172,,0.006221540975779087,652.399,0.6169999837875366,-2.2554891496395104
653.12069,,0.004494818814991233,652.864,0.6179999709129333,-2.2528714330881066
653.5862070000001,,0.012430915427625337,653.33,0.6010000109672546,-2.289490537812725
654.051724,,0.02026046599631145,653.794,0.5540000200271606,-2.391504530396672
654.517241,,0.020425981376307172,654.26,0.5830000042915344,-2.3279896150673403
654.982759,,0.015096064065064281,654.724,0.5889999866485596,-2.314641674995869
655.448276,,0.007684264034100311,655.19,0.597000002861023,-2.297001652699445
655.9137929999999,,0.0027838197837892834,655.653,0.5979999899864197,-2.2946832691486083
656.37931,,0.012874487417453293,656.115,0.6050000190734863,-2.2793676330933272
656.844828,,0.01055996625579342,656.583,0.6079999804496765,-2.272842916382567
657.310345,,0.009556980089968511,657.045,0.5889999866485596,-2.3143241765222013
657.7758620000001,,0.032776312631077435,657.513,0.6010000109672546,-2.288340736913987
658.241379,,0.03705484525581203,657.975,0.6190000176429749,-2.249353525937259
658.7068969999999,,0.01922776276677245,658.441,0.6230000257492065,-2.24092754696194
659.172414,,0.0014094118574751637,658.905,0.6269999742507935,-2.2325525671163016
659.637931,,0.006604620264048976,659.371,0.6019999980926514,-2.287399195793332
660.103448,,0.03084434228255768,659.838,0.6340000033378601,-2.2180927368257626
660.568966,,0.04804743548285657,660.304,0.5920000076293945,-2.3100240903822136
661.034483,,0.04283063270705638,660.768,0.5950000286102295,-2.303922221217598
661.5,,0.027234778799715403,661.234,0.6119999885559082,-2.267312961411742
661.965517,,0.02108778394517113,661.701,0.5929999947547913,-2.309115574562054
662.4310340000001,,0.025853838002570864,662.16,0.609000027179718,-2.2746340539691374
662.8965519999999,,0.024980329497043846,662.628,0.6019999980926514,-2.2902190170910335
663.362069,,0.0065981701769836885,663.09,0.4959999918937683,-2.5214397071110652
663.827586,,0.02031711775699065,663.56,0.6060000061988831,-2.2820152320078253
664.293103,,0.03571918155141035,664.023,0.5960000157356262,-2.303962991235222
664.7586210000001,,0.032505126408535485,664.489,0.6200000047683716,-2.251763935536265
665.224138,,0.02457237335312074,664.955,0.6069999933242798,-2.2800988439744416
665.689655,,0.028982106985582966,665.42,0.6169999837875366,-2.25824808702115
666.155172,,0.04527685016159803,665.88,0.6129999756813049,-2.266823426201026
666.62069,,0.05637556915800531,666.346,0.6320000290870667,-2.2252183814587845
667.086207,,0.04871354298622068,666.813,0.6470000147819519,-2.1922620897974645
667.5517239999999,,0.02784498500524806,667.279,0.6209999918937683,-2.248572302027276
668.017241,,0.011095666478360041,667.746,0.6050000190734863,-2.2830488794685846
668.482759,,0.007761061321046011,668.205,0.6169999837875366,-2.2564888105914895
668.948276,,0.012825178475013873,668.675,0.6600000262260437,-2.162367520453488
669.413793,,0.017516861886595486,669.138,0.5889999866485596,-2.316602354783862
669.87931,,0.017464066528977695,669.605,0.6259999871253967,-2.2355477919707076
670.3448279999999,,0.011635952937528149,670.068,0.5370000004768372,-2.4290230035525946
670.810345,,0.0019317819620464545,670.531,0.6119999885559082,-2.2652339666954537
671.275862,,0.004689111335955346,671.001,0.6079999804496765,-2.2736031480730476
671.7413789999999,,4.060567568566887e-05,671.46,0.5929999947547913,-2.305991810259534
672.206897,,0.014712241705107739,671.931,0.6029999852180481,-2.283977887808948
672.672414,,0.024890195040642823,672.396,0.6179999709129333,-2.2511407576848357
673.137931,,0.01625869949725567,672.861,0.6150000095367432,-2.2575932107563967
673.6034480000001,,0.005589706422313115,673.32,0.6079999804496765,-2.2728368282690874
674.068966,,0.01908452994711639,673.786,0.6129999756813049,-2.262013392684619
674.5344829999999,,0.01319398705750198,674.252,0.6269999742507935,-2.231656413446305
675.0,,7.070066620262856e-05,674.717,0.5929999947547913,-2.305944480674473
675.465517,,0.004220771191234396,675.182,0.6460000276565552,-2.190753497426182
675.931034,,0.00016375208900274978,675.645,0.6039999723434448,-2.2825888961541323
676.396552,,0.00271147332947546,676.115,0.6050000190734863,-2.2807872262835334
676.862069,,0.018585255574270546,676.576,0.6079999804496765,-2.2746628586062205
677.327586,,0.034494961224810154,677.045,0.6370000243186951,-2.2119147817650386
677.793103,,0.031757337530321145,677.506,0.5709999799728394,-2.3561469926903933
678.2586210000001,,0.01075663099724432,677.975,0.6000000238418579,-2.2934038580556866
678.7241379999999,,0.007790031825090033,678.44,0.6129999756813049,-2.265502535912315
679.1896549999999,,0.008332780565789734,678.905,0.5950000286102295,-2.305108917624504
679.655172,,0.0015355806576279416,679.371,0.6079999804496765,-2.2771355378685514
680.12069,,0.0035430533444636278,679.83,0.640999972820282,-2.2055358698885383
680.5862070000001,,0.007581762621925002,680.296,0.6000000238418579,-2.2950932108544277
681.051724,,0.019968281838985174,680.761,0.5920000076293945,-2.3126863741599712
681.517241,,0.021717606891076022,681.227,0.5979999899864197,-2.2997055241473143
681.9827590000001,,0.014290091408593627,681.694,0.5910000205039978,-2.3149713286932236
682.448276,,0.006708637786425034,682.16,0.593999981880188,-2.3083746469938626
682.9137929999999,,0.0037332489470618137,682.62,0.6029999852180481,-2.288631394033443
683.3793099999999,,0.005172363790546998,683.089,0.6010000109672546,-2.292782232402506
683.844828,,0.011302201770884401,683.553,0.5870000123977661,-2.323012153774175
684.310345,,0.021576532186247006,684.016,0.5950000286102295,-2.3052554291344594
684.775862,,0.02975792102804905,684.481,0.6399999856948853,-2.206841310429447
685.241379,,0.027024322004513,684.951,0.6150000095367432,-2.2608947890136166
685.706897,,0.01318380713948512,685.417,0.609000027179718,-2.2735288095004504
686.172414,,0.0019907286623760986,685.875,0.5709999799728394,-2.3558691940855674
686.637931,,0.008284696685348014,686.341,0.6290000081062317,-2.229062507645174
687.103448,,0.028266495585396817,686.805,0.6269999742507935,-2.2329903442084356
687.5689659999999,,0.04125088519322971,687.271,0.5960000157356262,-2.3001268675018496
688.034483,,0.035046649653809506,687.736,0.6060000061988831,-2.277980150676943
688.5,,0.0205343388109262,688.201,0.5950000286102295,-2.3016376990437246
688.965517,,0.01562764026350438,688.671,0.5960000157356262,-2.2992138858313362
689.4310340000001,,0.02205754415593354,689.134,0.5989999771118164,-2.2925028618802274
689.896552,,0.024859661849787135,689.597,0.6230000257492065,-2.2401149156725486
690.362069,,0.013104684217856476,690.06,0.5669999718666077,-2.362097321912184
690.827586,,0.004699807184216843,690.531,0.5239999890327454,-2.4558386001166945
691.293103,,0.010535485027588349,690.993,0.5989999771118164,-2.292580341430709
691.758621,,0.00018514352625606016,691.459,0.5669999718666077,-2.362512873410825
692.224138,,0.011534618015002543,691.923,0.593999981880188,-2.303973067816155
692.689655,,0.010710956431374484,692.388,0.5960000157356262,-2.2999582607394258
693.155172,,0.0010660556533297518,692.853,0.5849999785423279,-2.3243139514651507
693.6206900000001,,0.0038883883455443297,693.319,0.6460000276565552,-2.1918418409634235
694.0862070000001,,0.0007965416796193309,693.783,0.6010000109672546,-2.2903275406233474
694.551724,,0.007618532378854903,694.249,0.6159999966621399,-2.258101763813319
695.0172409999999,,0.008675885939379471,694.717,0.628000020980835,-2.2324055914651484
695.482759,,0.0036808199600565205,695.175,0.625,-2.2393687712653283
695.948276,,0.005494649070169558,695.642,0.5709999799728394,-2.357410609080447
696.4137929999999,,0.018981491035552762,696.112,0.6460000276565552,-2.194362932926457
696.87931,,0.03204899671574795,696.572,0.640999972820282,-2.205551611830505
697.344828,,0.03330997221071816,697.042,0.5720000267028809,-2.3561091324153787
697.8103450000001,,0.019075465169616716,697.502,0.6240000128746033,-2.242980736155496
698.2758620000001,,0.003661833377269177,697.965,0.5419999957084656,-2.4217180849729973
698.741379,,0.0057893958243364785,698.43,0.6119999885559082,-2.2692258003021206
699.206897,,0.025544270523562396,698.897,0.6169999837875366,-2.2582693566670846
699.672414,,0.041406796111887606,699.363,0.597000002861023,-2.3017036406275526
700.137931,,0.034005297489464605,699.827,0.6489999890327454,-2.1882037819051625
700.603448,,0.010056762588580674,700.293,0.5960000157356262,-2.303396420760908
701.068966,,0.004923170591198286,700.757,0.593999981880188,-2.307422004408941
701.534483,,0.002224612015073803,701.223,0.6209999918937683,-2.248221289221757
702.0,,0.018481721123375504,701.686,0.6010000109672546,-2.291382571304429
702.4655170000001,,0.024352485900520415,702.156,0.6069999933242798,-2.2778771825965025
702.931034,,0.017679696743986523,702.616,0.6000000238418579,-2.292685668566147
703.3965519999999,,0.012636375655829543,703.086,0.6060000061988831,-2.279176746785577
703.862069,,0.019570188857288926,703.55,0.5950000286102295,-2.3027229797877053
704.327586,,0.031350783655652095,704.012,0.6069999933242798,-2.2761912636325183
704.793103,,0.03224357700140252,704.477,0.6019999980926514,-2.286738814364732
705.2586210000001,,0.01837853920403696,704.94,0.6039999723434448,-2.282088431220139
705.724138,,0.002984783603765168,705.406,0.675000011920929,-2.1271710408238738
706.189655,,0.0008347645863991368,705.872,0.640999972820282,-2.2010767810294536
706.6551720000001,,0.003928270190250629,706.337,0.5960000157356262,-2.2990180999191874
707.12069,,0.004115623321202712,706.802,0.6069999933242798,-2.2750309069718866
707.586207,,0.005667911252397245,707.268,0.593999981880188,-2.303408344149769
708.051724,,0.017101771251378087,707.734,0.6110000014305115,-2.2665016237789155
708.517241,,0.02012281651859717,708.2,0.6000000238418579,-2.2906683341595326
708.982759,,0.014802646992863188,708.661,0.6019999980926514,-2.2865779173859173
709.4482760000001,,0.00798759750232739,709.13,0.6060000061988831,-2.278187303411776
709.913793,,0.0036616820499629924,709.59,0.6000000238418579,-2.291630431417496
710.37931,,0.0022474052454237127,710.06,0.5929999947547913,-2.3072885916467514
710.844828,,0.0051611282326132464,710.524,0.5799999833106995,-2.3360431220669633
711.310345,,0.012921229156063679,710.986,0.5979999899864197,-2.2972711200125184
711.775862,,0.0196285622370976,711.452,0.640999972820282,-2.2040297893444842
712.2413789999999,,0.015618803880983509,711.915,0.6000000238418579,-2.2937770652674963
712.706897,,0.0005338442559219732,712.381,0.6050000190734863,-2.28327657265174
713.172414,,0.01510046314882683,712.846,0.5270000100135803,-2.4535640361721622
713.637931,,0.011608232619030788,713.311,0.6069999933242798,-2.2795755433695097
714.1034480000001,,0.00798994593641848,713.776,0.6169999837875366,-2.2580320132785276
714.5689659999999,,0.02312504655557873,714.242,0.6000000238418579,-2.2952423400331665
715.034483,,0.01947338722607968,714.709,0.5960000157356262,-2.3040558803695825
715.5,,0.00536678881749694,715.174,0.6000000238418579,-2.295362999699479
715.965517,,0.001396068410435437,715.635,0.6470000147819519,-2.192909316320484
716.431034,,0.0035853432605994964,716.105,0.6119999885559082,-2.269026467522737
716.896552,,0.007312014550836062,716.565,0.6370000243186951,-2.2143501706440634
717.362069,,0.0025686722726093497,717.035,0.5950000286102295,-2.305576043706648
717.827586,,0.01965277987023045,717.498,0.6060000061988831,-2.281275630379428
718.2931030000001,,0.02474570652067917,717.96,0.6060000061988831,-2.280893105987241
718.758621,,0.010777789622105608,718.426,0.5920000076293945,-2.310976326201842
719.2241379999999,,0.007535295401347189,718.894,0.6100000143051147,-2.271320491138662
719.689655,,0.013645548816860191,719.359,0.6579999923706055,-2.1662952272217377
720.155172,,0.00940943354544619,719.823,0.6000000238418579,-2.2922095023014637
720.62069,,0.008397820082253064,720.289,0.640999972820282,-2.202454887071881
721.0862070000001,,0.015714941675469756,720.757,0.6050000190734863,-2.280486854988755
721.551724,,0.02282673204210577,721.215,0.5720000267028809,-2.3520274132586345
722.017241,,0.02107771155326893,721.683,0.6050000190734863,-2.2798339724249828
722.482759,,0.013081238304507298,722.146,0.5929999947547913,-2.3057454823735206
722.948276,,0.007982958587390072,722.616,0.6060000061988831,-2.2772631766131353
723.4137929999999,,0.010813027554894786,723.078,0.6069999933242798,-2.2750018664060567
723.87931,,0.020864707624532457,723.546,0.6209999918937683,-2.2444972389602498
724.344828,,0.0361348001418977,724.008,0.6060000061988831,-2.2772523825168642
724.810345,,0.053375982000351256,724.474,0.6140000224113464,-2.2599753743269098
725.2758620000001,,0.06542166363008581,724.936,0.5669999718666077,-2.36259715154867
725.741379,,0.06449471378721963,725.402,0.640999972820282,-2.2016684280907888
726.2068969999999,,0.05132429260661616,725.868,0.5960000157356262,-2.3000549383334694
726.672414,,0.03814484302852295,726.334,0.5989999771118164,-2.2939119839626527
727.137931,,0.03579579782066301,726.798,0.5929999947547913,-2.307410915164378
727.603448,,0.03711706363617121,727.264,0.6140000224113464,-2.262106960064524
728.068966,,0.022347607319356772,727.731,0.6140000224113464,-2.262560761189159
728.534483,,0.015447764212044128,728.197,0.6200000047683716,-2.249934150873063
729.0,,0.05934259915261802,728.657,0.6110000014305115,-2.269964812474745
729.465517,,0.08713069696098476,729.12,0.6150000095367432,-2.2616376178160014
729.9310340000001,,0.09387787393949575,729.59,0.597000002861023,-2.3011937133932245
730.3965519999999,,0.09197021489309176,730.053,0.6179999709129333,-2.255725201019566
730.8620689999999,,0.09279631498011404,730.516,0.597000002861023,-2.301693673975414
731.327586,,0.09323879781802599,730.986,0.6430000066757202,-2.201619406216635
731.793103,,0.08256327916397213,731.445,0.6129999756813049,-2.2670440814160426
732.2586210000001,,0.05998592347840534,731.912,0.6389999985694885,-2.210383643939207
732.724138,,0.03808255506946735,732.378,0.6079999804496765,-2.277826432290588
733.189655,,0.02682640143937796,732.842,0.6169999837875366,-2.258046944829862
733.655172,,0.021480936227086047,733.308,0.6110000014305115,-2.2708767418493467
734.12069,,0.010950446367781018,733.776,0.6190000176429749,-2.253142597855865
734.586207,,0.006401770193339698,734.241,0.5889999866485596,-2.3181443496532608
735.0517239999999,,0.0208280633759854,734.705,0.6060000061988831,-2.2807084731289606
735.517241,,0.02400071039745688,735.17,0.593999981880188,-2.3064251129386117
735.982759,,0.01826665114033305,735.631,0.6100000143051147,-2.2711241523730576
736.448276,,0.011555716153727958,736.101,0.5929999947547913,-2.3077170798634414
736.913793,,0.008513707051384465,736.561,0.5920000076293945,-2.3094639638281813
737.37931,,0.010194704313716411,737.032,0.621999979019165,-2.2436982946224764
737.844828,,0.017358339087088205,737.491,0.6069999933242798,-2.27600885033766
738.310345,,0.028352197218665758,737.955,0.5960000157356262,-2.299653376453132
738.775862,,0.03585376441702217,738.421,0.6209999918937683,-2.244925197079238
739.2413789999999,,0.031428849509729254,738.887,0.6150000095367432,-2.2578009323533927
739.706897,,0.016010987907387402,739.353,0.6039999723434448,-2.2816417704288825
740.172414,,0.0033367821768530803,739.82,0.628000020980835,-2.2293051992179165
740.637931,,0.006791650526752138,740.286,0.597000002861023,-2.296871239793632
741.1034480000001,,0.02193756489313945,740.749,0.6449999809265137,-2.192399588642715
741.568966,,0.030094141559154602,741.215,0.6069999933242798,-2.275363495561197
742.034483,,0.021809175074114746,741.675,0.6140000224113464,-2.2603548817612316
742.5,,0.007824072981287528,742.146,0.6000000238418579,-2.291157918433898
742.965517,,0.003128985682945618,742.609,0.6269999742507935,-2.2326869711972024
743.431034,,0.008077513588392394,743.071,0.6000000238418579,-2.2919022843422128
743.896552,,0.010381351299003673,743.535,0.6110000014305115,-2.2683567419211514
744.362069,,0.002461195502387391,744.005,0.6079999804496765,-2.275327194722508
744.827586,,0.0079789148784746,744.471,0.6420000195503235,-2.2016883236923728
745.293103,,0.0072248679073893245,744.934,0.593999981880188,-2.306686016372475
745.7586210000001,,0.006374846801115195,745.399,0.6039999723434448,-2.2852971961747537
746.2241379999999,,0.01960769518654678,745.865,0.5929999947547913,-2.3096237116330505
746.6896549999999,,0.021233400025803727,746.33,0.6269999742507935,-2.2358633971084716
747.155172,,0.015270110444317576,746.79,0.5879999995231628,-2.3210867196917815
747.62069,,0.013666539076110845,747.255,0.6190000176429749,-2.253739351638954
748.086207,,0.02020525787234502,747.72,0.6060000061988831,-2.282181318870614
748.551724,,0.026896697326172656,748.186,0.6100000143051147,-2.2735110790301745
749.017241,,0.02525888972167518,748.656,0.597000002861023,-2.3018017708272236
749.4827590000001,,0.015782596007645856,749.119,0.6299999952316284,-2.229799209017432
749.9482760000001,,0.004478267221383335,749.587,0.640999972820282,-2.2056536735073182
750.4137929999999,,0.004757771063848956,750.049,0.5929999947547913,-2.3099804954297865
750.8793099999999,,0.010582720826869342,750.512,0.5989999771118164,-2.296601655837284
751.344828,,0.011486416890715723,750.975,0.6370000243186951,-2.2134566549167407
751.810345,,0.008021817508898504,751.441,0.6460000276565552,-2.1934526205368146
752.275862,,0.006231260512229913,751.905,0.6079999804496765,-2.2758171699219156
752.741379,,0.01378112994560392,752.371,0.6069999933242798,-2.2775579558886063
753.206897,,0.029831984895183898,752.835,0.5820000171661377,-2.3315874872294713
753.672414,,0.041005487592322865,753.301,0.6029999852180481,-2.2854145375344843
754.1379310000001,,0.034081694841361414,753.768,0.6299999952316284,-2.226197035344634
754.603448,,0.014150573793547162,754.234,0.5540000200271606,-2.3914199446010587
755.0689659999999,,0.0016630470809532434,754.699,0.5929999947547913,-2.30615034860301
755.534483,,0.007694509310592245,755.164,0.6330000162124634,-2.218762460917143
756.0,,0.02070683645757661,755.627,0.6140000224113464,-2.2599807915556007
756.465517,,0.022840106517724328,756.097,0.609000027179718,-2.2707692428152937
756.931034,,0.013026913642881091,756.561,0.625,-2.23588067464611
757.396552,,0.007982519737326799,757.023,0.6439999938011169,-2.1945306151299087
757.862069,,0.02038309170243708,757.489,0.6179999709129333,-2.2512923524384254
758.3275860000001,,0.04003970976820385,757.955,0.6039999723434448,-2.2819800599768927
758.793103,,0.04339837435418256,758.421,0.6190000176429749,-2.249551664161163
759.258621,,0.022934028179934684,758.886,0.6110000014305115,-2.267289301247515
759.724138,,0.0020792177706465227,759.345,0.5979999899864197,-2.295967958404213
760.189655,,0.009091587739769515,759.817,0.6179999709129333,-2.2527883436573735
760.655172,,0.0014424003507488878,760.275,0.6039999723434448,-2.283707595235084
761.1206900000001,,0.009621467807667832,760.742,0.6629999876022339,-2.15559648746082
761.5862070000001,,0.0014448547912225853,761.207,0.6019999980926514,-2.288920428016586
762.051724,,0.015978065522623583,761.675,0.6110000014305115,-2.269724077232817
762.517241,,0.02544932350215306,762.138,0.6119999885559082,-2.2679303534773005
762.982759,,0.020341052300002924,762.606,0.6069999933242798,-2.279170052048766
763.448276,,0.008735946081664047,763.068,0.6179999709129333,-2.255502397051278
763.9137929999999,,0.0008147887751854475,763.531,0.628000020980835,-2.233954642955244
764.37931,,1.2412764792163971e-05,764.001,0.5920000076293945,-2.3125591302140114
764.844828,,0.005043289932870886,764.466,0.6579999923706055,-2.1688703111460703
765.310345,,0.012663409376818242,764.929,0.593999981880188,-2.308331122109483
765.7758620000001,,0.01699482248128758,765.395,0.6449999809265137,-2.1971719244733245
766.241379,,0.011948696157774028,765.856,0.6039999723434448,-2.286374748129097
766.706897,,0.0009082114289778182,766.322,0.6079999804496765,-2.2774689039380736
767.172414,,0.009013875829946146,766.787,0.5839999914169312,-2.329502796962035
767.637931,,0.0007335715082191768,767.252,0.6439999938011169,-2.198475221073835
768.103448,,0.017998629311031997,767.72,0.6069999933242798,-2.2787300013715734
768.568966,,0.027796839619015027,768.185,0.6370000243186951,-2.212979138936545
769.034483,,0.019744812584855904,768.646,0.5669999718666077,-2.3650701430616143
769.5,,0.0059199053418303536,769.115,0.6060000061988831,-2.2796789279937673
769.9655170000001,,0.0020676811788564045,769.576,0.6060000061988831,-2.2792585729099972
770.4310340000001,,0.008026976158115883,770.046,0.6060000061988831,-2.2788536765033633
770.8965519999999,,0.010740647191594833,770.509,0.6309999823570251,-2.2240098182167696
771.362069,,0.0028034863690455628,770.971,0.6209999918937683,-2.245456470221953
771.827586,,0.007548242619889135,771.437,0.6060000061988831,-2.2778446590819916
772.293103,,0.007203905697919515,771.902,0.6069999933242798,-2.275432348595537
772.7586210000001,,0.003988248674100267,772.367,0.5920000076293945,-2.307943755292611
773.224138,,0.012606047034584246,772.832,0.6060000061988831,-2.277345066583941
773.689655,,0.00972795578770193,773.297,0.6169999837875366,-2.2533554774373687
774.155172,,0.0024493647079303262,773.764,0.6240000128746033,-2.2381533025515115
774.62069,,0.003356287393242935,774.23,0.6129999756813049,-2.2622380554156134
775.086207,,0.013407019760543008,774.695,0.6489999890327454,-2.1839931885560637
775.551724,,0.021180118915065663,775.161,0.6159999966621399,-2.25613592201018
776.017241,,0.018149120069171392,775.623,0.593999981880188,-2.304367844842772
776.482759,,0.00837673824111439,776.086,0.6439999938011169,-2.1957826529256375
776.9482760000001,,0.000594931418318064,776.557,0.6159999966621399,-2.2571664045082387
777.413793,,0.003211949889769318,777.02,0.6060000061988831,-2.2793575599466105
777.87931,,0.006046435637548521,777.485,0.6069999933242798,-2.2775954492971
778.344828,,0.007349918692104543,777.949,0.597000002861023,-2.2997980728610474
778.810345,,0.003452189676273377,778.415,0.6129999756813049,-2.265343061265568
779.275862,,0.004122840416187042,778.88,0.597000002861023,-2.300579589564889
779.7413789999999,,0.007365097802603281,779.346,0.6079999804496765,-2.27695623745295
780.206897,,0.0027927644040865616,779.806,0.6050000190734863,-2.283786966758563
780.672414,,0.00011878447823839782,780.272,0.5920000076293945,-2.3123486038520835
781.137931,,0.011845565547265041,780.739,0.5920000076293945,-2.312525310350593
781.6034480000001,,0.034011572791924766,781.205,0.6200000047683716,-2.2516316321881638
782.0689659999999,,0.04752605372558332,781.668,0.6370000243186951,-2.214630038272573
782.5344829999999,,0.04162674839512496,782.131,0.5960000157356262,-2.3039155496949193
783.0,,0.025646917969406154,782.601,0.6000000238418579,-2.2950894114696605
783.465517,,0.013239155207249819,783.064,0.6029999852180481,-2.288373452579616
783.931034,,0.003954173743321815,783.527,0.656000018119812,-2.172660456457111
784.396552,,0.013299287985128918,783.99,0.6100000143051147,-2.272575522453797
784.862069,,0.04211051300567043,784.456,0.6330000162124634,-2.222114915541774
785.327586,,0.06963774168811886,784.922,0.6079999804496765,-2.276191824378083
785.7931030000001,,0.07878481004619288,785.388,0.5929999947547913,-2.308457036738926
786.258621,,0.06761825714807604,785.854,0.5960000157356262,-2.301495050462714
786.7241379999999,,0.05113448583959606,786.32,0.5960000157356262,-2.3010706876953324
787.189655,,0.04256794289409048,786.78,0.6290000081062317,-2.228764764010446
787.655172,,0.03906670377165752,787.245,0.6050000190734863,-2.2806673374595947
788.12069,,0.029517666402491743,787.712,0.6579999923706055,-2.1648505396073023
788.5862070000001,,0.011993832837657816,788.178,0.597000002861023,-2.2974464712755016
789.051724,,0.0028927851150700895,788.646,0.6050000190734863,-2.279772813449633
789.517241,,0.006120369292057661,789.107,0.5989999771118164,-2.2926661078399473
789.982759,,0.001297297870941567,789.57,0.6039999723434448,-2.2816654492381385
790.448276,,0.002357514110599065,790.04,0.6230000257492065,-2.2402377835224803
790.9137929999999,,0.0025183661414209424,790.502,0.6050000190734863,-2.2794951182640744
791.3793099999999,,0.002723119968892641,790.965,0.6269999742507935,-2.2316801549747103
791.844828,,0.0026571831959704695,791.43,0.5889999866485596,-2.3146544340960307
792.310345,,0.002137906486897986,791.897,0.5920000076293945,-2.3083698933254544
792.7758620000001,,0.010524857293646508,792.363,0.6079999804496765,-2.2738215474062136
793.241379,,0.013286169056390662,792.828,0.6190000176429749,-2.250214564532566
793.7068969999999,,0.005434805307602683,793.293,0.6110000014305115,-2.268038824677544
794.172414,,0.0031424598363954484,793.761,0.6140000224113464,-2.2619226586141976
794.637931,,0.0021214148261762375,794.227,0.6000000238418579,-2.2928558733270017
795.103448,,0.019741218959645996,794.694,0.6449999809265137,-2.1952476239312326
795.568966,,0.03164407029232525,795.152,0.6589999794960022,-2.165161327229978
796.034483,,0.026261803575131634,795.62,0.6240000128746033,-2.2417993639241693
796.5,,0.01276300234219055,796.082,0.6370000243186951,-2.213822036046592
796.965517,,0.007541770997958892,796.546,0.5669999718666077,-2.3666235775364433
797.4310340000001,,0.012788262506954752,797.016,0.5929999947547913,-2.3102184621865325
797.8965519999999,,0.014197495719000077,797.475,0.6200000047683716,-2.2515711390054194
798.3620689999999,,0.0002765992895765209,797.945,0.6169999837875366,-2.258212954014544
798.827586,,0.01984554368719531,798.411,0.5929999947547913,-2.3105327195013396
799.293103,,0.02509126352708363,798.871,0.6190000176429749,-2.2538458040351874
799.758621,,0.009883197880852845,799.337,0.6079999804496765,-2.277695709287935
800.224138,,0.007695573690064193,799.801,0.5960000157356262,-2.303654311135588
800.689655,,0.010232475119859948,800.267,0.5989999771118164,-2.2968696269993574
801.155172,,0.0027127531297021796,800.731,0.6039999723434448,-2.2856712732012348
801.62069,,0.002042310411158164,801.197,0.6060000061988831,-2.2809612806452155
802.086207,,0.012598614448502696,801.66,0.652999997138977,-2.178174124606373
802.5517239999999,,0.02188549011084117,802.13,0.6079999804496765,-2.2757954100350166
803.017241,,0.018640425474001205,802.591,0.593999981880188,-2.30586486568264
803.482759,,0.006464200048066726,803.06,0.6190000176429749,-2.250967183870229
803.948276,,0.003399935714868827,803.523,0.6169999837875366,-2.2549058343923822
804.413793,,0.006083315018819088,803.986,0.6119999885559082,-2.265405375710633
804.87931,,0.004595769260004074,804.451,0.628000020980835,-2.230190131681899
805.344828,,0.00192843741341399,804.915,0.5849999785423279,-2.3235634430680485
805.810345,,0.0015926698018560344,805.381,0.6399999856948853,-2.2034868424068588
806.275862,,0.0038284483131945162,805.845,0.6110000014305115,-2.2664815940083565
806.7413789999999,,0.0001894529347565063,806.311,0.6050000190734863,-2.279438207781602
807.206897,,0.010645238263571936,806.776,0.6179999709129333,-2.2510756293890606
807.672414,,0.017101293892497666,807.241,0.6190000176429749,-2.2489326568496892
808.137931,,0.008195640256642772,807.705,0.6060000061988831,-2.2773660072948827
808.603448,,0.011578504700962874,808.171,0.6039999723434448,-2.2819067293116704
809.068966,,0.024134137814430974,808.642,0.6589999794960022,-2.1623307548046173
809.534483,,0.02030399026808605,809.104,0.5920000076293945,-2.3086082086501345
810.0,,0.010834389190879336,809.568,0.5879999995231628,-2.3176815382286056
810.465517,,0.010599991685702661,810.031,0.6179999709129333,-2.252721686805267
810.931034,,0.01958768943720688,810.501,0.6370000243186951,-2.2117542521002655
811.396552,,0.024889820985117928,810.964,0.6039999723434448,-2.28409075034909
811.862069,,0.018368499754940683,811.43,0.6259999871253967,-2.2366025106754694
812.327586,,0.007589013675831819,811.895,0.6010000109672546,-2.291498784875054
812.793103,,0.006768019083823365,812.36,0.6000000238418579,-2.294083027564715
813.2586210000001,,0.018376701620551744,812.82,0.574999988079071,-2.3489191044286213
813.724138,,0.029231679545213683,813.285,0.6439999938011169,-2.1989145249971354
814.1896549999999,,0.026951711155569,813.75,0.6259999871253967,-2.238393168249375
814.655172,,0.015158324151863708,814.216,0.6060000061988831,-2.2821613306951445
815.12069,,0.007963379852780943,814.686,0.6209999918937683,-2.2496037845179138
815.586207,,0.011758718838550727,815.149,0.6209999918937683,-2.2496487646173193
816.051724,,0.017712949249552988,815.612,0.6079999804496765,-2.277937392331015
816.517241,,0.013698217258860059,816.075,0.5960000157356262,-2.3039699566731557
816.982759,,0.0011384155968849033,816.546,0.6449999809265137,-2.1970306661204724
817.4482760000001,,0.017673574357652273,817.008,0.6150000095367432,-2.262134472534311
817.913793,,0.028372633203860378,817.474,0.6019999980926514,-2.290139284940395
818.3793099999999,,0.03198007325183049,817.936,0.6299999952316284,-2.228767419528576
818.844828,,0.029898217800475933,818.402,0.6050000190734863,-2.2828226158524454
819.310345,,0.02452772580349647,818.868,0.628000020980835,-2.232273767610801
819.775862,,0.021154511824944235,819.334,0.6190000176429749,-2.251425855038804
820.241379,,0.025898894561483553,819.801,0.597000002861023,-2.298898708384794
820.706897,,0.03763462297884243,820.266,0.6340000033378601,-2.2178437531135415
821.172414,,0.04429875000779637,820.731,0.6309999823570251,-2.2239600138667717
821.6379310000001,,0.03475622747372605,821.197,0.593999981880188,-2.304188494216223
822.1034480000001,,0.015481633364592684,821.657,0.5860000252723694,-2.3212875978072622
822.5689659999999,,0.006107041034162902,822.12,0.6439999938011169,-2.194657673577925
823.034483,,0.015070749531002734,822.59,0.5709999799728394,-2.35350009634196
823.5,,0.029298330194953322,823.053,0.640999972820282,-2.200871569127424
823.965517,,0.0322847051604429,823.516,0.5929999947547913,-2.3054030645173396
824.431034,,0.0240652573510918,823.986,0.6039999723434448,-2.28147561860292
824.896552,,0.01798515537665473,824.452,0.6190000176429749,-2.2489139299540213
825.362069,,0.022030273958109824,824.915,0.593999981880188,-2.303575149995077
825.827586,,0.028754889015841747,825.381,0.6169999837875366,-2.2537323176140287
826.293103,,0.02514455827120597,825.846,0.6050000190734863,-2.2802051735589957
826.758621,,0.00981698890099668,826.312,0.6209999918937683,-2.2457288128770396
827.224138,,0.0043527580976944836,826.771,0.5929999947547913,-2.307154367892726
827.689655,,0.005571003279929381,827.237,0.6069999933242798,-2.2771057153521546
828.155172,,0.0030162579893586203,827.701,0.6019999980926514,-2.2884667524787883
828.6206900000001,,0.007233556394159425,828.167,0.6150000095367432,-2.2606128478922427
829.0862070000001,,0.001632253912506981,828.635,0.6179999709129333,-2.254531505372115
829.551724,,0.016845628846533567,829.097,0.5759999752044678,-2.346461730400347
830.017241,,0.024690384988836547,829.56,0.5920000076293945,-2.31199075947652
830.482759,,0.02044302485879974,830.031,0.6480000019073486,-2.1903215671376794
830.948276,,0.011309063112086027,830.501,0.6190000176429749,-2.253772895169071
831.4137929999999,,0.0058933453538392725,830.957,0.6209999918937683,-2.2496131307233185
831.87931,,0.007179919854987279,831.422,0.6179999709129333,-2.2562678910663068
832.344828,,0.014440412478706203,831.89,0.628000020980835,-2.234517479994049
832.810345,,0.024940532649583614,832.355,0.6069999933242798,-2.280221657056665
833.2758620000001,,0.032514024423092716,832.821,0.6200000047683716,-2.251769699287491
833.741379,,0.030195162475596452,833.287,0.6150000095367432,-2.2624553664376075
834.2068969999999,,0.019124401957725773,833.746,0.5960000157356262,-2.3035706464497916
834.672414,,0.012409448520986964,834.212,0.6240000128746033,-2.242226737668185
835.137931,,0.022433622379624513,834.675,0.6690000295639038,-2.1437919449352627
835.603448,,0.04340613858910842,835.145,0.6190000176429749,-2.2522859347362316
836.068966,,0.0557180135846847,835.607,0.6290000081062317,-2.2300323643599285
836.534483,,0.050467336963271346,836.076,0.6000000238418579,-2.292733011436128
837.0,,0.04012748205907404,836.539,0.6330000162124634,-2.2203595628267787
837.4655170000001,,0.04064245284907575,837.001,0.628000020980835,-2.230791085800637
837.9310340000001,,0.050293457350541255,837.466,0.6010000109672546,-2.2891836658780518
838.3965519999999,,0.051839732777071296,837.936,0.6119999885559082,-2.2648326501355247
838.862069,,0.03443130617499181,838.395,0.5059999823570251,-2.4954426893745163
839.327586,,0.009293736725588675,838.861,0.6060000061988831,-2.27732204455757
839.793103,,0.002208984692940878,839.327,0.6439999938011169,-2.1943541787314946
840.2586210000001,,0.0037650406564627816,839.793,0.5960000157356262,-2.2988295035677053
840.724138,,0.007593840090770391,840.259,0.6179999709129333,-2.2508825713077423
841.189655,,0.007973144311032413,840.724,0.6150000095367432,-2.2574852491095894
841.655172,,0.0360428053292751,841.19,0.6019999980926514,-2.285955848179434
842.12069,,0.05608273703518255,841.653,0.6000000238418579,-2.2905384401533926
842.586207,,0.0587911851618339,842.116,0.6190000176429749,-2.249439579108625
843.0517239999999,,0.05297572749763164,842.583,0.6179999709129333,-2.2519740219563125
843.517241,,0.050730793739819265,843.046,0.6010000109672546,-2.2894158330353327
843.982759,,0.05356719542216392,843.516,0.6399999856948853,-2.204889973032555
844.4482760000001,,0.055062684411307766,843.979,0.6050000190734863,-2.281606440493837
844.913793,,0.05093438436524865,844.444,0.5929999947547913,-2.308223021672744
845.37931,,0.04158170761839251,844.909,0.6019999980926514,-2.2890832138617005
845.844828,,0.028460302411412952,845.374,0.5920000076293945,-2.3113186959588714
846.310345,,0.013879428954451578,845.838,0.6119999885559082,-2.268161725566217
846.775862,,0.0037591778576938407,846.304,0.593999981880188,-2.3077473103500843
847.2413789999999,,0.0049490365777328,846.769,0.5490000247955322,-2.4060999566111114
847.706897,,0.015843326902002304,847.234,0.625,-2.2407707219704784
848.172414,,0.0225156659116513,847.698,0.6119999885559082,-2.269266274497419
848.637931,,0.012128441482361429,848.163,0.6079999804496765,-2.278072723775302
849.1034480000001,,0.00880785228625351,848.631,0.6169999837875366,-2.2584727856014757
849.5689659999999,,0.019220475300306666,849.094,0.6449999809265137,-2.1973935401605966
850.0344829999999,,0.00982861365860574,849.557,0.6200000047683716,-2.2516993065418407
850.5,,0.005127786809249793,850.02,0.6499999761581421,-2.186101024660077
850.965517,,0.00705284956080434,850.485,0.5960000157356262,-2.3034385584428545
851.431034,,0.004309897439775105,850.957,0.6039999723434448,-2.2856405176983072
851.896552,,0.013047672712460538,851.415,0.6200000047683716,-2.2503656376515093
852.362069,,0.008185150363837903,851.882,0.6320000290870667,-2.2237699927576604
852.827586,,0.003066312657971196,852.348,0.6060000061988831,-2.279941659265
853.2931030000001,,0.005325672295536416,852.813,0.6190000176429749,-2.2511398291641593
853.758621,,0.005021233930590331,853.279,0.5929999947547913,-2.3073148178452927
854.2241379999999,,0.016353022583506596,853.746,0.593999981880188,-2.304691110017928
854.689655,,0.018546625104502012,854.211,0.5669999718666077,-2.3631092806173113
855.155172,,0.015695548763614352,854.672,0.5950000286102295,-2.3017543563526757
855.62069,,0.018434802608613597,855.142,0.6240000128746033,-2.2382834718327955
856.0862070000001,,0.028717106166335254,855.605,0.5709999799728394,-2.353532631509755
856.551724,,0.03783341766102168,856.067,0.625,-2.2357440266325517
857.017241,,0.03814330004841589,856.535,0.6150000095367432,-2.2574701389189893
857.482759,,0.03063387550279507,856.997,0.6010000109672546,-2.2879932700781778
857.948276,,0.019661988240210423,857.463,0.6060000061988831,-2.277204183347404
858.4137929999999,,0.007606847095882185,857.926,0.6209999918937683,-2.244707057075204
858.8793099999999,,0.0012092135698400573,858.392,0.6209999918937683,-2.244961526315459
859.344828,,0.0006873329113658238,858.857,0.6119999885559082,-2.264887535809957
859.810345,,0.013752640106311937,859.323,0.6159999966621399,-2.2565450130312272
860.275862,,0.025116713058462005,859.791,0.6019999980926514,-2.2874607525926085
860.741379,,0.020280648961102307,860.257,0.593999981880188,-2.305334856715562
861.206897,,0.000691660581916707,860.717,0.6050000190734863,-2.2818312289806824
861.672414,,0.015255758268775553,861.182,0.6050000190734863,-2.2822949171888722
862.137931,,0.011993659434312642,861.65,0.5460000038146973,-2.411287518595504
862.603448,,0.004341275693511052,862.113,0.5849999785423279,-2.3267484961059295
863.068966,,0.012921377503910716,862.575,0.6460000276565552,-2.1942401401717175
863.534483,,0.00391348627293693,863.045,0.6039999723434448,-2.2860796008390962
864.0,,0.011359900456172007,863.509,0.597000002861023,-2.3016029692331403
864.465517,,0.01752578473769666,863.971,0.6039999723434448,-2.2865546616408863
864.9310340000001,,0.013860490638890124,864.437,0.6320000290870667,-2.2256769198018356
865.3965519999999,,0.011774574057495575,864.902,0.6079999804496765,-2.278007038062092
865.8620689999999,,0.018110498656235173,865.368,0.6039999723434448,-2.2866812135514585
866.327586,,0.02601717996416125,865.835,0.628000020980835,-2.2342717896688855
866.793103,,0.02423490460986404,866.3,0.6110000014305115,-2.271109308501668
867.258621,,0.012804792266471004,866.764,0.6140000224113464,-2.26430249005435
867.724138,,0.003748914934517034,867.23,0.6190000176429749,-2.253075946206043
868.189655,,0.005172524792479057,867.698,0.6100000143051147,-2.27229855618122
868.655172,,0.010839479561338607,868.156,0.6290000081062317,-2.2304791972397724
869.1206900000001,,0.009164314067575,868.62,0.6000000238418579,-2.2932086460088104
869.586207,,0.001298072711882639,869.09,0.6039999723434448,-2.2840314632751233
870.0517239999999,,0.010237965634466911,869.553,0.6010000109672546,-2.2901083467281755
870.517241,,0.008916993403945684,870.016,0.6039999723434448,-2.28313165840897
870.982759,,6.968804729422034e-05,870.481,0.5879999995231628,-2.3175813951791353
871.448276,,0.007549229051597668,870.945,0.6079999804496765,-2.273645026799458
871.913793,,0.009473760891668516,871.411,0.6039999723434448,-2.2820522979955005
872.37931,,0.006497950628581575,871.875,0.6190000176429749,-2.249130178522245
872.844828,,4.093091982355796e-05,872.341,0.5950000286102295,-2.3012478942037484
873.3103450000001,,0.008178581330220163,872.808,0.5989999771118164,-2.292441673188358
873.775862,,0.012312922864846306,873.274,0.5879999995231628,-2.316396285397756
874.2413789999999,,0.006234269881302901,873.739,0.44999998807907104,-2.617123649302068
874.706897,,0.00789237544166331,874.204,0.6340000033378601,-2.2164093484631526
875.172414,,0.016797024277418457,874.668,0.6179999709129333,-2.2514989807588304
875.637931,,0.009112824478303682,875.131,0.6079999804496765,-2.2735801371306286
876.103448,,0.008563520603809521,875.601,0.5220000147819519,-2.4612946209646682
876.568966,,0.01703339552959309,876.064,0.6290000081062317,-2.228575841729657
877.034483,,0.008063714577662905,876.532,0.6330000162124634,-2.2202884514997048
877.5,,0.0062405030189765925,876.994,0.6060000061988831,-2.2795543149594493
877.965517,,0.010451678947448211,877.459,0.5849999785423279,-2.3257505762427915
878.431034,,0.0041920728322344695,877.923,0.6079999804496765,-2.276075197830845
878.896552,,0.0005511375327252788,878.389,0.6050000190734863,-2.283019509834306
879.362069,,0.003896636247201278,878.854,0.6209999918937683,-2.2485311010182514
879.827586,,0.011439218098980826,879.32,0.6190000176429749,-2.253207753073265
880.293103,,0.01065765366286958,879.786,0.5929999947547913,-2.3101120778604223
880.7586210000001,,0.0003369729236971311,880.245,0.5929999947547913,-2.310304692992048
881.224138,,0.008604764880373674,880.717,0.6100000143051147,-2.273388010393351
881.689655,,0.007778347961241643,881.175,0.6039999723434448,-2.286504365197264
882.155172,,0.0022950872998621476,881.646,0.5830000042915344,-2.332223715379065
882.62069,,0.0032995179542321036,882.108,0.6100000143051147,-2.273293337643107
883.086207,,0.012809699178483567,882.576,0.6129999756813049,-2.2665792817105976
883.551724,,0.021045205028447665,883.038,0.6069999933242798,-2.2794072353235575
884.017241,,0.01902588339189692,883.506,0.593999981880188,-2.3074287158077316
884.482759,,0.008851294081925547,883.968,0.6060000061988831,-2.2809371606317153
884.9482760000001,,0.0011274951417807595,884.434,0.6010000109672546,-2.2914472379541024
885.413793,,0.0063574599187397555,884.897,0.6159999966621399,-2.258361045072626
885.87931,,0.006869424185686937,885.363,0.652999997138977,-2.177333153848356
886.344828,,0.002586521446329636,885.828,0.6060000061988831,-2.279313026905684
886.810345,,0.005602766134672916,886.293,0.5809999704360962,-2.3333788347545132
887.275862,,0.011360583033320916,886.758,0.6110000014305115,-2.2676489148291727
887.741379,,0.0060288624666469965,887.224,0.625,-2.236818351595019
888.206897,,0.009978268329255547,887.687,0.6079999804496765,-2.273576391732311
888.672414,,0.022175055304502592,888.156,0.6159999966621399,-2.2559274306415777
889.1379310000001,,0.015798147710873792,888.62,0.6190000176429749,-2.2492376835314327
889.6034480000001,,0.0047866547139918895,889.082,0.5950000286102295,-2.3014422192944464
890.0689659999999,,0.019158452296984794,889.55,0.597000002861023,-2.297075767574428
890.534483,,0.01573530388139153,890.012,0.6209999918937683,-2.2448526195849534
891.0,,0.004475759180544289,890.478,0.6460000276565552,-2.190520444754473
891.465517,,0.0012811713548791523,890.941,0.6039999723434448,-2.2822223986469377
891.931034,,0.007809615272145378,891.407,0.6100000143051147,-2.2694076993145322
892.396552,,0.012028387033095098,891.872,0.6060000061988831,-2.27843042223376
892.862069,,0.005416027442677767,892.337,0.6110000014305115,-2.2678859290505886
893.327586,,0.005602116338299606,892.801,0.640999972820282,-2.202903828824645
893.7931030000001,,0.007950143759019946,893.267,0.6179999709129333,-2.2534056286593813
894.258621,,0.0007116340829762828,893.732,0.6639999747276306,-2.153582962240075
894.7241379999999,,0.008979227259970277,894.197,0.6069999933242798,-2.2781506438448935
895.189655,,0.007181438779258769,894.66,0.5920000076293945,-2.311193961576488
895.655172,,0.0005384165793701355,895.13,0.5989999771118164,-2.2962760570894933
896.1206900000001,,0.0032809774879772073,895.59,0.5979999899864197,-2.298745835108075
896.5862070000001,,0.001671276772614006,896.06,0.6190000176429749,-2.2532343074504984
897.051724,,0.006074932428263701,896.52,0.6079999804496765,-2.277380700362354
897.517241,,0.0021859463209313273,896.991,0.609000027179718,-2.2753185833178766
897.982759,,0.00824662385931638,897.457,0.6359999775886536,-2.216543460256842
898.448276,,0.018485273063518947,897.915,0.6190000176429749,-2.25355839970583
898.9137929999999,,0.025148323416516627,898.38,0.6399999856948853,-2.20771526571669
899.37931,,0.027990885255333785,898.849,0.6200000047683716,-2.25113024679752
899.844828,,0.02580707351437935,899.314,0.6240000128746033,-2.24219695877329
900.310345,,0.018438441980197014,899.779,0.6470000147819519,-2.191815775774101
900.7758620000001,,0.011451432279241829,900.244,0.5910000205039978,-2.313503466328456
901.241379,,0.013032260679192649,900.705,0.6190000176429749,-2.2521518260612945
901.7068969999999,,0.02313561250340488,901.171,0.6399999856948853,-2.206029036774671
902.172414,,0.028927921216086797,901.639,0.593999981880188,-2.3058655703239137
902.637931,,0.018025027132089595,902.101,0.6209999918937683,-2.246663751628993
903.103448,,0.0035884417747007622,902.572,0.5929999947547913,-2.307303295596928
903.568966,,0.016068372546432,903.034,0.6449999809265137,-2.1936777536492498
904.034483,,0.010532042988379542,903.498,0.6060000061988831,-2.278346008901082
904.5,,0.0004872724378367461,903.96,0.6110000014305115,-2.2672004033044417
904.9655170000001,,0.001156877927902874,904.426,0.6190000176429749,-2.2495737329596923
905.4310340000001,,0.007793814266238735,904.89,0.6539999842643738,-2.1731836023758553
905.8965519999999,,0.012698934521177851,905.356,0.6019999980926514,-2.2863994621001074
906.362069,,0.005968253593951291,905.82,0.6050000190734863,-2.2798565334440757
906.827586,,0.0043487830077905965,906.286,0.5920000076293945,-2.308240021624086
907.293103,,0.005496007542261912,906.753,0.6029999852180481,-2.2844018289316255
907.7586210000001,,0.003147998787668959,907.219,0.6190000176429749,-2.2497312181065245
908.224138,,0.00985228933771846,907.687,0.625,-2.236900804189356
908.689655,,0.0068787401096589654,908.148,0.6190000176429749,-2.250259149892005
909.155172,,0.00039452291071924504,908.616,0.6069999933242798,-2.276725320048935
909.62069,,0.0012757602453418767,909.079,0.6039999723434448,-2.283609440167469
910.086207,,0.010510210221522036,909.542,0.6039999723434448,-2.2839722537055387
910.5517239999999,,0.01821880629378238,910.005,0.6010000109672546,-2.2908738376616986
911.017241,,0.016248581241107077,910.47,0.6190000176429749,-2.2520145867644548
911.482759,,0.007125503896335425,910.94,0.6060000061988831,-2.2806722456274278
911.948276,,0.0010920022483857747,911.406,0.5950000286102295,-2.304940758052825
912.413793,,0.0042087604525294295,911.872,0.6489999890327454,-2.1875552743892515
912.87931,,0.00278939028139799,912.33,0.6439999938011169,-2.1986579584165677
913.344828,,0.002077913625754795,912.798,0.6060000061988831,-2.2815972845366184
913.810345,,0.008832095070642478,913.263,0.6140000224113464,-2.2642567152996533
914.275862,,0.012884808161242042,913.728,0.6320000290870667,-2.2250651645181807
914.7413789999999,,0.009331365884972524,914.193,0.593999981880188,-2.307813027785539
915.206897,,0.0011340817578665962,914.657,0.6000000238418579,-2.2946377347888616
915.672414,,0.0016674993400532792,915.126,0.6209999918937683,-2.2487242671518426
916.137931,,0.021860877584127116,915.587,0.625,-2.2397937618100463
916.6034480000001,,0.05361740520096311,916.056,0.6039999723434448,-2.28528275118769
917.0689659999999,,0.07475047581719377,916.52,0.6240000128746033,-2.2414093239044
917.5344829999999,,0.07400584425184506,916.982,0.6179999709129333,-2.2541530858982077
918.0,,0.06282947827355706,917.448,0.6039999723434448,-2.2843090844210687
918.465517,,0.057888107983778386,917.912,0.6039999723434448,-2.2839591722992174
918.931034,,0.05841627276024136,918.377,0.5920000076293945,-2.3097601340463054
919.396552,,0.04658743539852534,918.843,0.5690000057220459,-2.3595455435042503
919.862069,,0.010031699141927319,919.309,0.6399999856948853,-2.2045674077985056
920.327586,,0.039506785669421327,919.775,0.5789999961853027,-2.3372086781469106
920.793103,,0.07543270340098031,920.241,0.6370000243186951,-2.2106364200575315
921.258621,,0.08479250183961261,920.706,0.6209999918937683,-2.2453359729719162
921.7241379999999,,0.07937707042217639,921.171,0.5910000205039978,-2.310593090739816
922.189655,,0.07547318930291357,921.635,0.5709999799728394,-2.3541253130796354
922.655172,,0.0727102374381197,922.097,0.625,-2.23650010192131
923.12069,,0.06003771996686824,922.564,0.6209999918937683,-2.245296689580854
923.5862070000001,,0.035756143224988164,923.027,0.6299999952316284,-2.225826825245104
924.051724,,0.012271478086181295,923.498,0.6449999809265137,-2.193335756324781
924.517241,,0.0010919139286822922,923.96,0.621999979019165,-2.2436772879254865
924.982759,,0.00013731507962101523,924.426,0.6069999933242798,-2.2766266622400058
925.448276,,0.0007096980742596058,924.89,0.6579999923706055,-2.1658134460409317
925.9137929999999,,0.00658171563059681,925.356,0.6039999723434448,-2.283776316272149
926.3793099999999,,0.01502566411373379,925.816,0.6269999742507935,-2.233991422385891
926.844828,,0.022493012533916168,926.281,0.6079999804496765,-2.2757081250987996
927.310345,,0.027023699010206133,926.746,0.6069999933242798,-2.278197420811489
927.775862,,0.025108022507061928,927.211,0.6169999837875366,-2.2567001906110162
928.241379,,0.012107670665541071,927.679,0.6069999933242798,-2.278745085224072
928.706897,,0.009768569603565484,928.142,0.6039999723434448,-2.285500726020905
929.1724139999999,,0.02672790166639365,928.605,0.6159999966621399,-2.259530891511301
929.637931,,0.02487481585757091,929.075,0.6060000061988831,-2.2814400690730654
930.103448,,0.008221997290936813,929.535,0.6060000061988831,-2.2815078209689665
930.568966,,0.0036086152575486464,930.005,0.628000020980835,-2.23358804860167
931.034483,,0.0007640631838147623,930.471,0.6169999837875366,-2.257505802529372
931.5,,0.011670006752522782,930.933,0.5960000157356262,-2.3031539727831456
931.965517,,0.013488304040112961,931.399,0.6499999761581421,-2.1853511562216954
932.4310340000001,,0.004857039622267693,931.864,0.621999979019165,-2.2461491126884954
932.896552,,0.0016556171656315081,932.33,0.6259999871253967,-2.237188630723677
933.3620689999999,,0.00318197166555797,932.794,0.6190000176429749,-2.25216021152002
933.827586,,0.013566291470895617,933.26,0.6179999709129333,-2.2540364210852246
934.293103,,0.016602228802572453,933.725,0.6019999980926514,-2.288578960644411
934.758621,,0.009330108454043974,934.19,0.6499999761581421,-2.183684856096723
935.224138,,0.001838161788759009,934.653,0.6069999933242798,-2.2770542623485834
935.689655,,0.002645402071836771,935.115,0.5929999947547913,-2.3072605469976546
936.155172,,0.007569130186878315,935.583,0.5849999785423279,-2.3244236986316995
936.6206900000001,,0.006732951752481585,936.045,0.6039999723434448,-2.282800798903028
937.0862070000001,,0.00166481388518027,936.516,0.5979999899864197,-2.2956884052272866
937.5517239999999,,0.00945619661289278,936.979,0.6079999804496765,-2.2737674679546402
938.0172409999999,,0.00934058138185508,937.444,0.6460000276565552,-2.1908971578415795
938.482759,,0.002826649980019741,937.909,0.5879999995231628,-2.3172321327386904
938.948276,,0.003958444706636649,938.374,0.6439999938011169,-2.1952568717808147
939.413793,,0.0076924371379219585,938.838,0.5669999718666077,-2.363097068497252
939.87931,,0.007999327008689161,939.304,0.6439999938011169,-2.1954776871373243
940.344828,,0.00426924605182361,939.771,0.625,-2.2370554150128967
940.8103450000001,,0.0028459186790195045,940.237,0.6320000290870667,-2.2220279515169192
941.2758620000001,,0.008081713378963396,940.702,0.6069999933242798,-2.2767503269326137
941.7413789999999,,0.0045738081282768114,941.16,0.6309999823570251,-2.2247437200982714
942.206897,,0.006829277812353023,941.627,0.625,-2.2381119397245666
942.672414,,0.013773091104444145,942.097,0.6060000061988831,-2.2798085632323772
943.137931,,0.0045250873587775,942.557,0.6259999871253967,-2.2365345590438013
943.603448,,0.015404954084768363,943.02,0.5830000042915344,-2.3305028171423823
944.068966,,0.027089652882245317,943.485,0.6470000147819519,-2.1913339127215314
944.534483,,0.021122321454118798,943.956,0.625,-2.2394975440940073
945.0,,0.008128918138242801,944.421,0.6150000095367432,-2.2614783780289853
945.465517,,0.003233265357347543,944.887,0.5669999718666077,-2.366204600088301
945.931034,,0.007672167007972558,945.345,0.5659999847412109,-2.368488089221117
946.3965519999999,,0.010302943385848666,945.81,0.6050000190734863,-2.283576357999995
946.862069,,0.003754765395228925,946.276,0.6290000081062317,-2.231291584752063
947.327586,,0.005601854213571209,946.742,0.6119999885559082,-2.268277153694539
947.793103,,0.005851662311870909,947.207,0.5929999947547913,-2.309567864977371
948.2586210000001,,0.0044856379791126735,947.675,0.6039999723434448,-2.285451215721657
948.724138,,0.014254125651934386,948.138,0.6349999904632568,-2.2177177700360935
949.189655,,0.01451330744066167,948.601,0.6069999933242798,-2.2784863624176097
949.655172,,0.009725663618405099,949.071,0.6129999756813049,-2.265150498622769
950.12069,,0.010776244326700145,949.531,0.5960000157356262,-2.301902143321927
950.586207,,0.020616497548013042,950.001,0.6190000176429749,-2.2514958926096047
951.051724,,0.031175559954058664,950.466,0.6110000014305115,-2.268624984807789
951.517241,,0.03379706788531604,950.929,0.6060000061988831,-2.279224898972676
951.982759,,0.02859254164045693,951.395,0.593999981880188,-2.3050922608307682
952.4482760000001,,0.021990602791930745,951.86,0.5879999995231628,-2.3179140436591683
952.913793,,0.01888291376377162,952.326,0.6079999804496765,-2.2741255484276333
953.37931,,0.020145214484087598,952.791,0.6050000190734863,-2.280486705699388
953.844828,,0.024761316503237867,953.257,0.6690000295639038,-2.1409233954466846
954.310345,,0.030217301504521833,953.716,0.593999981880188,-2.3042406608661317
954.775862,,0.03153514384381777,954.182,0.6269999742507935,-2.2323155935331798
955.2413789999999,,0.02387991547445261,954.65,0.6200000047683716,-2.247589626299646
955.706897,,0.009125634757234847,955.112,0.5879999995231628,-2.317382776914291
956.172414,,0.0017637467702635975,955.575,0.5960000157356262,-2.3000815599326563
956.6379310000001,,0.0009809998281955794,956.045,0.628000020980835,-2.2305401122202713
957.1034480000001,,0.011940505157952006,956.509,0.6190000176429749,-2.2503638873108307
957.5689659999999,,0.01438376514920165,956.971,0.578000009059906,-2.33993867538665
958.034483,,0.0009029652454401516,957.437,0.6460000276565552,-2.192067320626877
958.5,,0.01781928285142897,957.902,0.6370000243186951,-2.211968231942112
958.965517,,0.02803837723202535,958.367,0.6019999980926514,-2.2885206668111886
959.431034,,0.02946279985821303,958.834,0.6439999938011169,-2.19731480620905
959.896552,,0.03253478565751844,959.3,0.6039999723434448,-2.2847463315049796
960.362069,,0.04301228520545949,959.764,0.6060000061988831,-2.2806541713401756
960.827586,,0.05391992211730904,960.23,0.5690000057220459,-2.3615020235461017
961.2931030000001,,0.05452476456660349,960.695,0.6079999804496765,-2.276738191026703
961.758621,,0.044832235610771536,961.161,0.6190000176429749,-2.252934429439234
962.2241379999999,,0.035931957507297614,961.624,0.6110000014305115,-2.2704768513152054
962.689655,,0.035424085425256484,962.086,0.593999981880188,-2.307575487644654
963.155172,,0.038219133134110336,962.55,0.6380000114440918,-2.2117225936343416
963.62069,,0.03450816247612119,963.02,0.6019999980926514,-2.2901068202705113
964.0862070000001,,0.02282776785092193,963.485,0.6460000276565552,-2.1941451315912666
964.551724,,0.011189883282336046,963.949,0.6039999723434448,-2.2854964684809262
965.017241,,0.006478903764433615,964.415,0.5879999995231628,-2.3201575372386785
965.482759,,0.007203764670752893,964.88,0.6110000014305115,-2.269813279241116
965.948276,,0.007970929507364425,965.345,0.6069999933242798,-2.2782614238439396
966.4137929999999,,0.006574796452575059,965.805,0.6140000224113464,-2.2627211839066415
966.87931,,0.003530820245559441,966.271,0.6460000276565552,-2.192699977254122
967.344828,,0.0015000223228415239,966.739,0.6039999723434448,-2.283893294295874
967.810345,,0.008112931252275952,967.205,0.6079999804496765,-2.2748737734258855
968.2758620000001,,0.011528116129447648,967.668,0.5789999961853027,-2.3377657966273784
968.741379,,0.005712044334087516,968.13,0.640999972820282,-2.202426095503785
969.2068969999999,,0.007210877043321851,968.598,0.5950000286102295,-2.3024131812891686
969.672414,,0.014091617194103439,969.06,0.6330000162124634,-2.2194340397918824
970.137931,,0.0041399325176782785,969.528,0.6340000033378601,-2.2171107226193243
970.603448,,0.015141347053907,969.99,0.6060000061988831,-2.2780185812503104
971.068966,,0.024390062747660857,970.457,0.574999988079071,-2.3455176634699653
971.534483,,0.016406371554444115,970.922,0.625,-2.23660354430211
972.0,,0.004198472497144483,971.387,0.6240000128746033,-2.2388563273951534
972.465517,,0.002465719065904451,971.853,0.6039999723434448,-2.2825566588320845
972.9310340000001,,0.009804401045497204,972.319,0.5929999947547913,-2.306699213333208
973.3965519999999,,0.013520438502180408,972.784,0.6039999723434448,-2.2829568707879173
973.862069,,0.007231274162587237,973.249,0.6209999918937683,-2.2461803193967778
974.327586,,0.0012458851790769726,973.716,0.6019999980926514,-2.2878642295200042
974.793103,,0.00038626880345659547,974.175,0.6190000176429749,-2.2511366836191886
975.2586210000001,,0.009814107060466948,974.646,0.6039999723434448,-2.284136142376777
975.724138,,0.018080211984739445,975.108,0.6019999980926514,-2.288813160030094
976.189655,,0.01708179658557136,975.576,0.609000027179718,-2.2738724437076714
976.655172,,0.01227593852689108,976.038,0.6190000176429749,-2.252375576262322
977.12069,,0.013264209764054246,976.506,0.6150000095367432,-2.2613496984246177
977.586207,,0.020994338894821087,976.968,0.6079999804496765,-2.2768213729615674
978.0517239999999,,0.02745384393887921,977.434,0.6230000257492065,-2.2443169895606827
978.517241,,0.026274962722215515,977.901,0.5950000286102295,-2.3054433107430023
978.982759,,0.01918076293799429,978.367,0.6039999723434448,-2.28590487062101
979.448276,,0.0112636029257237,978.831,0.6000000238418579,-2.294631596169241
979.913793,,0.004711379375394405,979.297,0.6190000176429749,-2.2531914656581438
980.37931,,7.976847465786164e-05,979.761,0.6079999804496765,-2.2770536108119637
980.8448279999999,,0.0005312407702548967,980.22,0.6060000061988831,-2.281253650219245
981.310345,,0.0035711472234704177,980.694,0.5960000157356262,-2.302834055174953
981.775862,,0.007122004527196424,981.152,0.6190000176429749,-2.252476536081126
982.2413789999999,,0.002329763839257108,981.62,0.6050000190734863,-2.2826938557292764
982.706897,,0.010561127328166114,982.082,0.5669999718666077,-2.3651733821862155
983.172414,,0.019052045567852175,982.546,0.6060000061988831,-2.2798819429398143
983.637931,,0.011066235643751449,983.016,0.6169999837875366,-2.2555872593096327
984.1034480000001,,0.007997850564092426,983.481,0.6060000061988831,-2.2792266886340724
984.568966,,0.01925159412958761,983.944,0.6169999837875366,-2.2549502004612942
985.0344829999999,,0.013487138543214192,984.41,0.5920000076293945,-2.3091294607346535
985.5,,0.001405008639887165,984.871,0.597000002861023,-2.29798363822037
985.965517,,0.002418238506075875,985.337,0.625,-2.236771129771292
986.431034,,0.002491614634714413,985.801,0.46700000762939453,-2.58083826819298
986.896552,,0.005294126119787314,986.267,0.6370000243186951,-2.2103667591505123
987.362069,,3.508351735090126e-05,986.732,0.6060000061988831,-2.2778625944804936
987.827586,,0.007037746408781843,987.197,0.6019999980926514,-2.2865930976440447
988.293103,,0.0063670890990046415,987.66,0.6060000061988831,-2.2779528244628215
988.758621,,0.0008903775396662927,988.131,0.6079999804496765,-2.273726011906054
989.2241379999999,,0.004718517404296889,988.594,0.625,-2.236870972853054
989.6896549999999,,0.00016162371659129044,989.056,0.6019999980926514,-2.2872076997851942
990.155172,,0.008429405477882916,989.524,0.6159999966621399,-2.256973395598362
990.62069,,0.012688052033671416,989.986,0.6000000238418579,-2.292129446346997
991.0862070000001,,0.012304021813183737,990.451,0.6000000238418579,-2.2924492112624835
991.551724,,0.011716842182420147,990.915,0.6359999775886536,-2.214349430442639
992.017241,,0.01362317404801914,991.381,0.6179999709129333,-2.25389701855332
992.4827590000001,,0.016850070014941997,991.846,0.5989999771118164,-2.2956136590123406
992.948276,,0.01963506109946307,992.311,0.6039999723434448,-2.2850241065962176
993.4137929999999,,0.02156289630438254,992.776,0.593999981880188,-2.307086518690439
993.8793099999999,,0.02154016596436968,993.241,0.6499999761581421,-2.1853209727810423
994.344828,,0.017152266294168692,993.709,0.6629999876022339,-2.1571905313007544
994.810345,,0.008630114741671774,994.175,0.5960000157356262,-2.3032989580278067
995.275862,,0.0018266937110936142,994.638,0.6169999837875366,-2.2576309467943627
995.741379,,0.0037113729798587923,995.101,0.6460000276565552,-2.194475530273888
996.206897,,0.012996362610129852,995.572,0.628000020980835,-2.2336568304482776
996.672414,,0.01759516010772228,996.034,0.6019999980926514,-2.2902092448829627
997.137931,,0.007058282473393417,996.502,0.628000020980835,-2.233417506026744
997.603448,,0.012316805521338044,996.964,0.6010000109672546,-2.2920446520702518
998.0689659999999,,0.022639440426017524,997.43,0.6069999933242798,-2.278733408667886
998.534483,,0.01651983832217642,997.894,0.6039999723434448,-2.2849948809690046
999.0,,0.005423217941449404,998.36,0.6079999804496765,-2.2759790969793374
999.465517,,0.003212609252163811,998.82,0.6190000176429749,-2.251695107435727
999.9310340000001,,0.009258072212375318,999.286,0.6200000047683716,-2.249189483945405
1000.396552,,0.012209253748765254,999.754,0.6190000176429749,-2.2510427515554094
1000.862069,,0.0062053948771043305,1000.219,0.6010000109672546,-2.289945153572328
1001.3275859999999,,0.001784638296483373,1000.683,0.6269999742507935,-2.2330089783647944
1001.793103,,0.001769104563778566,1001.145,0.5709999799728394,-2.354753247733034
1002.258621,,0.005805722891441545,1001.616,0.6209999918937683,-2.2456006217228492
1002.724138,,0.011281519693288075,1002.079,0.6330000162124634,-2.219282215720906
1003.1896549999999,,0.009103104346508998,1002.542,0.6039999723434448,-2.2823385742627305
1003.655172,,0.003705025547123392,1003.005,0.5789999961853027,-2.336735240030918
1004.12069,,0.0016679133708855437,1003.47,0.6290000081062317,-2.227790840072957
1004.5862070000001,,0.003597924560000024,1003.94,0.6190000176429749,-2.2496219847442553
1005.051724,,0.005633881974002291,1004.406,0.6200000047683716,-2.247542500317562
1005.5172409999999,,0.005411700546408674,1004.865,0.6460000276565552,-2.191047640300588
1005.9827589999999,,0.0038408585034696192,1005.33,0.6010000109672546,-2.2892830235872967
1006.448276,,0.0020935579345650016,1005.798,0.6079999804496765,-2.274269707053833
1006.913793,,0.00028898192107565157,1006.264,0.6200000047683716,-2.248397069405651
1007.3793099999999,,0.003124771814200602,1006.731,0.597000002861023,-2.2988027260590704
1007.8448280000001,,0.003672891584439344,1007.197,0.6190000176429749,-2.251185713055063
1008.310345,,5.267355468584917e-05,1007.657,0.6200000047683716,-2.2493269062173344
1008.7758620000001,,0.003729626089755463,1008.12,0.6060000061988831,-2.280144289476254
1009.241379,,0.0001988437972484353,1008.59,0.6159999966621399,-2.2586612033101896
1009.706897,,0.01100149898522801,1009.053,0.6019999980926514,-2.289443611185345
1010.1724139999999,,0.01802694253100216,1009.516,0.6060000061988831,-2.2809798998174795
1010.637931,,0.00932883387443805,1009.986,0.6079999804496765,-2.2768355343534368
1011.1034480000001,,0.009150423577684095,1010.445,0.6060000061988831,-2.281360996549114
1011.568966,,0.018443269345087745,1010.916,0.6370000243186951,-2.2139407037474776
1012.0344830000001,,0.01028133123842457,1011.375,0.6060000061988831,-2.28154226661739
1012.5,,0.002837020106129145,1011.842,0.5809999704360962,-2.3360166546068295
1012.9655170000001,,0.004856355073632055,1012.308,0.6150000095367432,-2.2618959415772837
1013.431034,,0.0035680282698541603,1012.775,0.6420000195503235,-2.2029713525388552
1013.896552,,0.006798093978108983,1013.241,0.5950000286102295,-2.305214694341134
1014.3620689999999,,0.005273495476722905,1013.7,0.5920000076293945,-2.311551488421242
1014.827586,,0.022318674040258543,1014.166,0.6000000238418579,-2.293884016718655
1015.2931030000001,,0.024378382428345828,1014.635,0.6430000066757202,-2.19993113151286
1015.7586210000001,,0.0075332302589686565,1015.097,0.6060000061988831,-2.2802446462709556
1016.2241380000002,,0.010102195103092453,1015.565,0.6069999933242798,-2.2777537049962415
1016.689655,,0.011699843474329868,1016.027,0.6079999804496765,-2.2752572102656288
1017.1551720000001,,0.001792594248427666,1016.498,0.609000027179718,-2.2727647405415765
1017.62069,,0.002985973169277985,1016.96,0.6190000176429749,-2.250678107648965
1018.0862070000001,,0.003743469617074651,1017.426,0.6000000238418579,-2.291795013989351
1018.5517239999999,,0.012574233704289547,1017.89,0.6019999980926514,-2.2871921115103695
1019.017241,,0.012736944821756227,1018.356,0.6039999723434448,-2.282628740445405
1019.482759,,0.0046893549495609175,1018.821,0.640999972820282,-2.2018576148661855
1019.9482760000001,,0.0037132333585350842,1019.286,0.6129999756813049,-2.26274773151564
1020.4137929999999,,0.007876989661024675,1019.746,0.6029999852180481,-2.284475175661699
1020.87931,,0.008550842767300348,1020.212,0.628000020980835,-2.2300051232860154
1021.3448279999999,,0.006716976639012461,1020.675,0.6209999918937683,-2.24530678672881
1021.810345,,0.0026515627933463445,1021.145,0.6230000257492065,-2.241053493327722
1022.2758620000001,,5.334150793317701e-05,1021.606,0.4959999918937683,-2.517898410243299
1022.7413789999999,,0.004974504004829708,1022.076,0.6610000133514404,-2.1586267696130848
1023.2068969999999,,0.016391963138881673,1022.539,0.5720000267028809,-2.352772665527856
1023.672414,,0.021828060234178447,1023.0,0.6060000061988831,-2.278977317303826
1024.137931,,0.010419663056394116,1023.466,0.6069999933242798,-2.2771015889911688
1024.6034479999998,,0.010201045471702301,1023.936,0.5490000247955322,-2.403781223076779
1025.068966,,0.019864885076545494,1024.402,0.621999979019165,-2.24506394647442
1025.534483,,0.010618496972144228,1024.861,0.6060000061988831,-2.2802407218805203
1026.0,,0.00417938221942529,1025.327,0.6050000190734863,-2.282721441652788
1026.465517,,0.008493306260891498,1025.794,0.6039999723434448,-2.2851767958249476
1026.931034,,0.0027725830471018913,1026.259,0.625,-2.2396671788674736
1027.396552,,9.54570617036489e-05,1026.724,0.6050000190734863,-2.2834396872558536
1027.862069,,0.006728543302404562,1027.189,0.597000002861023,-2.301020240152848
1028.327586,,0.015131461027735944,1027.65,0.5950000286102295,-2.305476565824361
1028.793103,,0.012971609577066992,1028.119,0.5929999947547913,-2.3098779629562842
1029.2586210000002,,0.0004139418913554344,1028.583,0.6330000162124634,-2.2227189081749597
1029.724138,,0.010099435793094766,1029.045,0.5929999947547913,-2.3097945322173405
1030.1896550000001,,0.00986384612488119,1029.516,0.5920000076293945,-2.311848409474109
1030.655172,,0.0037628500211834464,1029.978,0.6060000061988831,-2.281172688791843
1031.12069,,0.0025888968575632646,1030.444,0.6190000176429749,-2.2526304376590502
1031.5862069999998,,0.010658324415934449,1030.909,0.640999972820282,-2.2044410622919086
1032.051724,,0.0237791475565599,1031.374,0.6370000243186951,-2.2128641429308487
1032.517241,,0.036252343235907855,1031.838,0.6499999761581421,-2.1842269401548924
1032.982759,,0.0459075756205085,1032.304,0.6110000014305115,-2.2688662597190397
1033.448276,,0.05246988741279429,1032.768,0.6019999980926514,-2.2881450083502406
1033.913793,,0.05501862456957637,1033.234,0.6190000176429749,-2.250789010097857
1034.37931,,0.05376570727766304,1033.701,0.6079999804496765,-2.2744554954206286
1034.844828,,0.05190801687101017,1034.16,0.6050000190734863,-2.2807225637478905
1035.310345,,0.05142138407642094,1034.631,0.625,-2.2369193581887394
1035.775862,,0.04686495472166921,1035.093,0.6449999809265137,-2.1931610308491565
1036.241379,,0.028105956715558683,1035.561,0.597000002861023,-2.2976014136284157
1036.706897,,0.00659288757416287,1036.023,0.6179999709129333,-2.251771199128914
1037.1724140000001,,0.04281745572323827,1036.489,0.6069999933242798,-2.2757166504705673
1037.637931,,0.06259407645099137,1036.954,0.6549999713897705,-2.1711807324620884
1038.103448,,0.06493689959726694,1037.42,0.6029999852180481,-2.2845667171339836
1038.5689659999998,,0.06532067378276983,1037.887,0.6499999761581421,-2.1823207336541572
1039.034483,,0.07343244789341678,1038.345,0.6499999761581421,-2.182520030024741
1039.5,,0.08127990402544036,1038.812,0.5950000286102295,-2.3025876405644707
1039.9655169999999,,0.07655028054959293,1039.278,0.6150000095367432,-2.2592935563651078
1040.431034,,0.059386078481863516,1039.742,0.6449999809265137,-2.1942407981299197
1040.896552,,0.040986654422204616,1040.208,0.6420000195503235,-2.201099998420923
1041.362069,,0.029348622259964017,1040.675,0.6399999856948853,-2.205786771810581
1041.8275859999999,,0.020994690535690242,1041.138,0.6159999966621399,-2.2583999905699352
1042.293103,,0.00788242272088097,1041.601,0.6240000128746033,-2.2412831968265374
1042.758621,,0.010390997195787816,1042.072,0.6019999980926514,-2.289503402697627
1043.224138,,0.02570628190948797,1042.535,0.6309999823570251,-2.226580873022025
1043.6896550000001,,0.032132932872405325,1042.997,0.7129999995231628,-2.048147774803076
1044.155172,,0.03225069335705076,1043.463,0.6190000176429749,-2.25310609602341
1044.62069,,0.03180772968026698,1043.926,0.621999979019165,-2.2466814124800014
1045.086207,,0.03254492756865997,1044.391,0.6110000014305115,-2.2707018806971115
1045.5517240000001,,0.032376799155723175,1044.857,0.6060000061988831,-2.2815933638991677
1046.017241,,0.029984842012663212,1045.322,0.5929999947547913,-2.30985756720176
1046.482759,,0.026189720763630284,1045.787,0.6069999933242798,-2.279243731729811
1046.9482759999999,,0.020884896305149052,1046.252,0.597000002861023,-2.300866228391325
1047.413793,,0.0117495569441709,1046.717,0.5820000171661377,-2.333336038260868
1047.8793099999998,,0.0015748258775587914,1047.183,0.6370000243186951,-2.213260512107565
1048.344828,,0.013953796777288635,1047.646,0.6069999933242798,-2.278336648988559
1048.8103449999999,,0.019434253719384353,1048.115,0.640999972820282,-2.2039536404917017
1049.275862,,0.01981591056326891,1048.576,0.6240000128746033,-2.2406650601551497
1049.741379,,0.02405771117725464,1049.045,0.6470000147819519,-2.190223600370548
1050.206897,,0.035527193155492715,1049.509,0.6190000176429749,-2.250896519865206
1050.6724140000001,,0.04352889196190206,1049.971,0.6349999904632568,-2.215722786268789
1051.137931,,0.03514564536100127,1050.437,0.6269999742507935,-2.2328604337045954
1051.603448,,0.014516800439947302,1050.902,0.6209999918937683,-2.2456738698337744
1052.068966,,0.00023765822929429942,1051.367,0.6209999918937683,-2.245457235463798
1052.5344830000001,,0.0018375603673914682,1051.835,0.6330000162124634,-2.219145425713481
1053.0,,0.009071506472045916,1052.3,0.5920000076293945,-2.30835659933618
1053.465517,,0.007887296233376183,1052.765,0.628000020980835,-2.229870709772282
1053.9310340000002,,0.0016385911922530143,1053.23,0.5709999799728394,-2.3540607738285737
1054.3965520000002,,0.008085823417001946,1053.698,0.6110000014305115,-2.266983940467838
1054.8620689999998,,0.004881170207828044,1054.156,0.5889999866485596,-2.3150436865878676
1055.3275859999999,,0.0014743658559427289,1054.627,0.6060000061988831,-2.2781921518542507
1055.793103,,0.0004036236284206435,1055.089,0.6000000238418579,-2.2914998535264077
1056.258621,,0.008856068848566873,1055.55,0.5049999952316284,-2.4987520837033803
1056.724138,,0.01712491624322986,1056.019,0.6079999804496765,-2.274669277318251
1057.189655,,0.01805761904499889,1056.485,0.6060000061988831,-2.279369893214125
1057.655172,,0.014982096515796262,1056.949,0.5889999866485596,-2.3167631042593615
1058.12069,,0.014064060149908514,1057.414,0.6240000128746033,-2.2408677421080974
1058.586207,,0.016096739708003883,1057.879,0.6460000276565552,-2.1932831768686154
1059.051724,,0.017645512927187676,1058.345,0.6010000109672546,-2.291644711332379
1059.517241,,0.01715935056334333,1058.81,0.5920000076293945,-2.3115424352562486
1059.982759,,0.016474891960242596,1059.275,0.5920000076293945,-2.3117917319495587
1060.448276,,0.016688745650085633,1059.735,0.6539999842643738,-2.1769151818405588
1060.9137930000002,,0.01600212880831954,1060.201,0.6299999952316284,-2.2293443858285356
1061.37931,,0.01351968826109242,1060.671,0.6309999823570251,-2.2272445380586596
1061.844828,,0.012390759708551842,1061.134,0.5929999947547913,-2.3100476875897016
1062.310345,,0.01537855723836415,1061.602,0.7110000252723694,-2.052916018764532
1062.775862,,0.01821717643123482,1062.064,0.625,-2.2401630490279736
1063.2413789999998,,0.012382380041246645,1062.531,0.5929999947547913,-2.309702649855989
1063.706897,,0.002742254959200354,1062.993,0.6060000061988831,-2.2811511503273767
1064.172414,,0.014488136849976676,1063.459,0.5669999718666077,-2.365846060772761
1064.637931,,0.01034964330405923,1063.923,0.6060000061988831,-2.2805721100084835
1065.1034479999998,,0.004448472954520065,1064.389,0.5979999899864197,-2.2976700450857708
1065.568966,,0.011520986281255221,1064.853,0.6169999837875366,-2.255929550525259
1066.034483,,0.0023224065192970398,1065.318,0.6129999756813049,-2.2642937120889903
1066.5,,0.012444983176846088,1065.783,0.5989999771118164,-2.2944513188163547
1066.965517,,0.018365213383849652,1066.248,0.6039999723434448,-2.283233033754058
1067.431034,,0.014203585275072468,1066.713,0.5130000114440918,-2.481195510239367
1067.8965520000002,,0.009841413141939002,1067.178,0.6200000047683716,-2.247826641369566
1068.362069,,0.011822575526351464,1067.642,0.5669999718666077,-2.3630893435325486
1068.827586,,0.015312340185048472,1068.112,0.597000002861023,-2.2975773209191703
1069.293103,,0.011472252514742045,1068.575,0.6179999709129333,-2.251730553452609
1069.7586210000002,,6.655553172500657e-05,1069.038,0.6190000176429749,-2.249515161530466
1070.224138,,0.01006698309328607,1069.506,0.6019999980926514,-2.2865748620822117
1070.6896550000001,,0.012760705660797764,1069.968,0.6190000176429749,-2.2496189297743485
1071.155172,,0.011121555834477444,1070.433,0.6460000276565552,-2.1909313770795626
1071.62069,,0.011381417583046788,1070.901,0.6050000190734863,-2.280441777866568
1072.0862069999998,,0.015035912368132282,1071.367,0.5920000076293945,-2.30899502336028
1072.551724,,0.019180936901645764,1071.831,0.6079999804496765,-2.2744060558036194
1073.017241,,0.021690577294444322,1072.29,0.6190000176429749,-2.250739633678701
1073.482759,,0.0232354567495959,1072.757,0.6060000061988831,-2.2793804034550265
1073.948276,,0.02462997086231235,1073.222,0.6050000190734863,-2.2818871034047046
1074.413793,,0.024939178016908738,1073.694,0.6200000047683716,-2.2495349580910884
1074.87931,,0.023913346641313518,1074.153,0.6179999709129333,-2.254208641834706
1075.344828,,0.024404810102161202,1074.616,0.6190000176429749,-2.2523249075743372
1075.810345,,0.02902377627291554,1075.086,0.6460000276565552,-2.193765483013861
1076.275862,,0.034287255466742786,1075.55,0.6019999980926514,-2.289851092485187
1076.741379,,0.03218992411378615,1076.012,0.6499999761581421,-2.1854552939166916
1077.206897,,0.020999727287283002,1076.478,0.6240000128746033,-2.2422279936960847
1077.6724140000001,,0.011171961138647013,1076.941,0.6050000190734863,-2.2836956243101842
1078.1379310000002,,0.013161182083594706,1077.406,0.6060000061988831,-2.2815350359185342
1078.603448,,0.02009454949213128,1077.872,0.6370000243186951,-2.2139592227514333
1079.0689659999998,,0.012707799566398607,1078.337,0.6159999966621399,-2.2596183869788873
1079.534483,,0.01579670448449755,1078.801,0.6290000081062317,-2.231151762654198
1080.0,,0.0493949469877161,1079.267,0.5989999771118164,-2.2963208732527516
1080.4655169999999,,0.06812007630656354,1079.731,0.6129999756813049,-2.265589986987898
1080.931034,,0.0705030026517332,1080.196,0.6349999904632568,-2.2173975867613103
1081.396552,,0.07208031178487964,1080.665,0.5860000252723694,-2.323865182909657
1081.862069,,0.08353443362539979,1081.127,0.593999981880188,-2.3061362359328546
1082.3275859999999,,0.09534461884929486,1081.59,0.6159999966621399,-2.2579019713797095
1082.793103,,0.08914575532206895,1082.06,0.6240000128746033,-2.2401729856864114
1083.258621,,0.06277142222125692,1082.52,0.6000000238418579,-2.292173921158773
1083.724138,,0.034799915667633914,1082.99,0.6079999804496765,-2.274480656242076
1084.1896550000001,,0.02183310094285383,1083.456,0.609000027179718,-2.272068274678467
1084.655172,,0.02079644491231019,1083.922,0.6119999885559082,-2.2653359959534423
1085.1206900000002,,0.018175520552232507,1084.38,0.6069999933242798,-2.2760757025041305
1085.586207,,0.008710901699139016,1084.846,0.6320000290870667,-2.2215027449358202
1086.0517240000001,,0.0014092209361602657,1085.312,0.5849999785423279,-2.3238424904143007
1086.517241,,0.0059309817247179784,1085.779,0.6499999761581421,-2.1822245581106294
1086.982759,,0.006228947537406929,1086.244,0.5889999866485596,-2.3151668451585152
1087.4482759999999,,0.006722376578201465,1086.709,0.6290000081062317,-2.228114470467182
1087.913793,,0.007742544753182809,1087.174,0.6100000143051147,-2.2696480572503708
1088.37931,,0.006964774811991616,1087.635,0.6119999885559082,-2.2654709447189796
1088.844828,,0.005355116778460303,1088.104,0.5490000247955322,-2.40294232219552
1089.3103449999999,,0.006443149364822679,1088.572,0.5920000076293945,-2.3095079287153486
1089.775862,,0.009488946857920883,1089.034,0.5920000076293945,-2.309777940088409
1090.241379,,0.008737665329224702,1089.498,0.6190000176429749,-2.2512369496449893
1090.706897,,0.0030507805253428186,1089.96,0.6010000109672546,-2.2907380839598974
1091.1724140000001,,0.0019389494333983798,1090.426,0.628000020980835,-2.232193490463141
1091.637931,,0.014349545522835872,1090.89,0.6119999885559082,-2.267315342472167
1092.103448,,0.032967305348701986,1091.356,0.5960000157356262,-2.3024137685593917
1092.568966,,0.0399396289440725,1091.821,0.5669999718666077,-2.365805623896387
1093.0344830000001,,0.029707373468862246,1092.286,0.6389999985694885,-2.209118271414489
1093.5,,0.015871753414134434,1092.753,0.5899999737739563,-2.3160056656708314
1093.965517,,0.012438840846224023,1093.218,0.6029999852180481,-2.2877712066342495
1094.4310340000002,,0.0171860664312353,1093.687,0.6370000243186951,-2.2137369518602985
1094.896552,,0.0180197871009025,1094.149,0.6330000162124634,-2.222441100540112
1095.362069,,0.010327399510556732,1094.616,0.6430000066757202,-2.2005939309687386
1095.8275859999999,,0.0024965392392678684,1095.079,0.5989999771118164,-2.296346607619114
1096.293103,,0.004247538300505965,1095.546,0.6489999890327454,-2.1872634040483483
1096.758621,,0.013769677223833616,1096.008,0.6330000162124634,-2.2219328272436343
1097.224138,,0.02054292006684772,1096.474,0.5910000205039978,-2.3132159620017183
1097.689655,,0.019057281326206002,1096.936,0.5839999914169312,-2.3282247025955534
1098.155172,,0.014284033791799239,1097.402,0.6499999761581421,-2.1841781513380765
1098.62069,,0.013563306571783704,1097.869,0.628000020980835,-2.2318452041606003
1099.086207,,0.017984558874281617,1098.334,0.5379999876022339,-2.4276630058229625
1099.551724,,0.02320997912521867,1098.801,0.6079999804496765,-2.27491013982197
1100.017241,,0.025668231896022634,1099.26,0.6019999980926514,-2.2877547819191015
1100.482759,,0.025397537287803414,1099.732,0.6069999933242798,-2.2766603526759708
1100.948276,,0.02357007132007056,1100.19,0.6290000081062317,-2.22856041752725
1101.4137930000002,,0.02027888911540449,1100.66,0.6010000109672546,-2.2894290995308526
1101.87931,,0.016406563067815676,1101.122,0.6019999980926514,-2.287157469903397
1102.344828,,0.0151876311198751,1101.59,0.5879999995231628,-2.3176091619323977
1102.8103449999999,,0.01828728658630028,1102.053,0.6010000109672546,-2.289282109155805
1103.275862,,0.020733929143588174,1102.516,0.6050000190734863,-2.280606864092084
1103.7413789999998,,0.014218835732983149,1102.986,0.6430000066757202,-2.197898470667632
1104.206897,,0.001428814797562281,1103.452,0.6000000238418579,-2.2916975421786003
1104.672414,,0.013386171455767084,1103.915,0.6430000066757202,-2.198165530617023
1105.137931,,0.009265542906018888,1104.382,0.6179999709129333,-2.25280873466149
1105.603448,,0.005257080291842614,1104.846,0.6000000238418579,-2.2922226289395553
1106.068966,,0.011190621028430693,1105.305,0.6019999980926514,-2.2880795990647096
1106.534483,,0.00022948384274876652,1105.771,0.640999972820282,-2.203334909732857
1107.0,,0.015380107673362885,1106.237,0.609000027179718,-2.273274390569812
1107.465517,,0.020159249790130944,1106.701,0.6370000243186951,-2.212488140233298
1107.931034,,0.014488148188485806,1107.167,0.5929999947547913,-2.308551427001777
1108.3965520000002,,0.011444143188891151,1107.635,0.5669999718666077,-2.365381155651336
1108.862069,,0.018564449328043037,1108.097,0.5960000157356262,-2.3023628619325707
1109.327586,,0.028344024773552686,1108.56,0.6430000066757202,-2.200100519239165
1109.793103,,0.028658126673224354,1109.031,0.5929999947547913,-2.3091334415621936
1110.258621,,0.019106145598114115,1109.49,0.5839999914169312,-2.3288064397724924
1110.7241379999998,,0.011358886040139436,1109.955,0.6140000224113464,-2.2634758941849893
1111.189655,,0.013689179041817679,1110.421,0.6150000095367432,-2.2612887297187005
1111.655172,,0.021475058979980893,1110.886,0.5809999704360962,-2.3353176208321647
1112.12069,,0.024762735410420168,1111.352,0.6330000162124634,-2.2219479898326067
1112.586207,,0.02017375142621106,1111.817,0.6549999713897705,-2.1739048265505216
1113.051724,,0.012336696803732202,1112.283,0.5929999947547913,-2.308838285324377
1113.517241,,0.006416414447254432,1112.749,0.5920000076293945,-2.310851353044643
1113.982759,,0.003093677167849323,1113.215,0.6140000224113464,-2.262739158657486
1114.448276,,0.0008820306441735127,1113.675,0.5830000042915344,-2.3300850235043087
1114.913793,,0.0002660575401281626,1114.145,0.5929999947547913,-2.3081027495945357
1115.37931,,9.450607022273462e-05,1114.605,0.5669999718666077,-2.3645554180072708
1115.844828,,0.0006334626949957395,1115.075,0.6010000109672546,-2.2902987823552112
1116.310345,,0.004003953722862699,1115.535,0.6430000066757202,-2.198626903228936
1116.775862,,0.007481881986861818,1116.005,0.6269999742507935,-2.2333337955573684
1117.241379,,0.004532801032710231,1116.471,0.6079999804496765,-2.2745982996983893
1117.706897,,0.005964833064350384,1116.934,0.6060000061988831,-2.2788523234116917
1118.1724140000001,,0.014083593176909754,1117.399,0.6079999804496765,-2.2744217656353736
1118.637931,,0.009015745687246094,1117.864,0.6190000176429749,-2.2504148011836005
1119.1034479999998,,0.005158076112291324,1118.33,0.6209999918937683,-2.2460477852858767
1119.568966,,0.012276132178465203,1118.794,0.6200000047683716,-2.2482482015088108
1120.034483,,0.004722254029631821,1119.26,0.6460000276565552,-2.1916550272761683
1120.5,,0.0071632926416880386,1119.72,0.6100000143051147,-2.2701658365817363
1120.9655169999999,,0.009620300608767517,1120.185,0.597000002861023,-2.2985936184641655
1121.431034,,0.0030330093176842592,1120.653,0.5540000200271606,-2.392405058007825
1121.896552,,0.0006175610963695104,1121.116,0.6449999809265137,-2.1942976123624214
1122.362069,,0.010976211038793088,1121.586,0.6060000061988831,-2.279427511895862
1122.827586,,0.025469481143204485,1122.049,0.6000000238418579,-2.292669559502371
1123.293103,,0.0274106605480388,1122.513,0.5879999995231628,-2.3189867564381674
1123.758621,,0.013472134116443494,1122.975,0.6209999918937683,-2.247262178393709
1124.224138,,0.0017773783622636065,1123.441,0.6050000190734863,-2.282282600596092
1124.6896550000001,,0.004960646959414944,1123.908,0.6190000176429749,-2.251929431196924
1125.155172,,0.0009813535379349307,1124.374,0.6069999933242798,-2.278202380100205
1125.6206900000002,,0.004499048129207879,1124.84,0.6129999756813049,-2.2652369268116437
1126.086207,,0.0008274532752207625,1125.306,0.6119999885559082,-2.267496092495286
1126.551724,,0.005465640085071525,1125.765,0.6150000095367432,-2.261012358626452
1127.0172409999998,,0.009158314010071538,1126.231,0.6389999985694885,-2.208746893745387
1127.482759,,0.010052934040857756,1126.698,0.5709999799728394,-2.3568870049350856
1127.9482759999999,,0.010152348916962496,1127.163,0.6330000162124634,-2.2217740365671554
1128.413793,,0.0095472405546011,1127.631,0.6269999742507935,-2.234781482969082
1128.87931,,0.00771097784319543,1128.094,0.6060000061988831,-2.280442552879691
1129.344828,,0.006566915056000933,1128.557,0.6079999804496765,-2.275973053810736
1129.810345,,0.008498788103772942,1129.02,0.5979999899864197,-2.2976300160654692
1130.275862,,0.011254031313197691,1129.485,0.5879999995231628,-2.319274754846942
1130.741379,,0.008734214718498483,1129.956,0.6579999923706055,-2.166619443416663
1131.206897,,7.640321878657033e-05,1130.415,0.6150000095367432,-2.2601466928350766
1131.6724140000001,,0.005884571609336401,1130.883,0.6549999713897705,-2.172846128695625
1132.137931,,0.0007639966134970386,1131.348,0.6079999804496765,-2.2750932222889793
1132.603448,,0.014762002824850622,1131.816,0.6200000047683716,-2.248810982189974
1133.068966,,0.020463330378741918,1132.282,0.6100000143051147,-2.270475218053664
1133.5344830000001,,0.011855214536734247,1132.747,0.6209999918937683,-2.246407945037416
1134.0,,0.00014657576307088848,1133.205,0.6079999804496765,-2.274651541145183
1134.465517,,0.0030897650286967936,1133.675,0.6110000014305115,-2.2680626337815797
1134.931034,,0.0019694322293406434,1134.137,0.6370000243186951,-2.211391905401811
1135.396552,,0.004496453974254998,1134.605,0.5960000157356262,-2.3007181874785836
1135.862069,,0.0007553216393893052,1135.067,0.6019999980926514,-2.287676016349685
1136.3275859999999,,0.00741333571218451,1135.535,0.5910000205039978,-2.3116982875259593
1136.793103,,0.006515352063734907,1135.998,0.6209999918937683,-2.24642103349142
1137.258621,,0.0012822948712493344,1136.464,0.6269999742507935,-2.2334521905128857
1137.724138,,0.006726136819894298,1136.927,0.6060000061988831,-2.2793234482391096
1138.189655,,0.004285426935340091,1137.392,0.5929999947547913,-2.307778897416497
1138.655172,,0.0017208850330567656,1137.857,0.6000000238418579,-2.2926705836579595
1139.12069,,0.00409011063209476,1138.323,0.6370000243186951,-2.212206425011178
1139.586207,,0.0014592135586678607,1138.787,0.6370000243186951,-2.2123492300352745
1140.0517240000001,,0.0019715270876772737,1139.253,0.6129999756813049,-2.2647714843163915
1140.517241,,0.002959590882595966,1139.72,0.6420000195503235,-2.2017126717966695
1140.982759,,0.0024029443795497304,1140.186,0.6100000143051147,-2.271535002765671
1141.448276,,0.0019102899707047001,1140.646,0.574999988079071,-2.3478746256804826
1141.9137930000002,,0.0004514778687551919,1141.116,0.6000000238418579,-2.2934751199377006
1142.37931,,0.0029819531186877925,1141.576,0.6449999809265137,-2.1954795360025345
1142.844828,,0.005550019808536293,1142.045,0.6150000095367432,-2.2608563339780656
1143.3103449999999,,0.0036282239020010393,1142.509,0.6029999852180481,-2.286991541297656
1143.775862,,0.00025180034735195476,1142.971,0.5929999947547913,-2.308745094807142
1144.2413789999998,,0.0017003582053415943,1143.437,0.6060000061988831,-2.2803671437758357
1144.706897,,0.011286053923571134,1143.902,0.6200000047683716,-2.2497895440830837
1145.172414,,0.017714387689939947,1144.367,0.6010000109672546,-2.291088712727148
1145.637931,,0.009420312957190369,1144.832,0.6029999852180481,-2.286621508544399
1146.103448,,0.008589384411265461,1145.298,0.6370000243186951,-2.2124261242825107
1146.568966,,0.018532605740874085,1145.764,0.6060000061988831,-2.279835338533846
1147.0344830000001,,0.012288551312557886,1146.229,0.5929999947547913,-2.308026414753089
1147.5,,0.0005230003689602602,1146.694,0.5950000286102295,-2.303540825173162
1147.965517,,0.003166237438027563,1147.161,0.6140000224113464,-2.2620256921216293
1148.431034,,0.001140208667544766,1147.623,0.6060000061988831,-2.279345040170569
1148.8965520000002,,0.0030328617646410675,1148.086,0.5699999928474426,-2.3576818222744977
1149.362069,,0.0028855863847309727,1148.554,0.6330000162124634,-2.2203509791920855
1149.827586,,0.00975316181601233,1149.016,0.6370000243186951,-2.2115799126617777
1150.2931030000002,,0.007352882673239055,1149.482,0.6069999933242798,-2.276903479308356
1150.758621,,0.004347966436700752,1149.945,0.6119999885559082,-2.265996818390363
1151.2241379999998,,0.014694622549133958,1150.411,0.6700000166893005,-2.139643883547231
1151.689655,,0.015835309429345412,1150.875,0.6449999809265137,-2.194139023698097
1152.155172,,0.012538179184282319,1151.341,0.6010000109672546,-2.2900481002604742
1152.62069,,0.016007085402684147,1151.806,0.5920000076293945,-2.3097249531178803
1153.086207,,0.030042121919680125,1152.272,0.5979999899864197,-2.2967412742181317
1153.551724,,0.04682770671329324,1152.738,0.6000000238418579,-2.292488175508234
1154.017241,,0.05692602801855433,1153.204,0.6079999804496765,-2.275175536679088
1154.482759,,0.0594530792438693,1153.672,0.6179999709129333,-2.253513173503095
1154.948276,,0.05946488021072737,1154.134,0.6000000238418579,-2.2928560217497953
1155.413793,,0.05934370810678345,1154.602,0.6190000176429749,-2.251587866248609
1155.87931,,0.0577923718576602,1155.065,0.640999972820282,-2.203777568475746
1156.344828,,0.054531590178090956,1155.527,0.5929999947547913,-2.3084618520222846
1156.810345,,0.04968777048747903,1155.99,0.6190000176429749,-2.2519124863461193
1157.2758620000002,,0.038472973027067585,1156.455,0.6100000143051147,-2.2715990693193073
1157.741379,,0.012735213086586549,1156.922,0.6060000061988831,-2.2803727538156395
1158.2068969999998,,0.02763681704040701,1157.388,0.5929999947547913,-2.308733093639956
1158.672414,,0.06818775790442376,1157.856,0.6399999856948853,-2.2063515733881798
1159.137931,,0.09230001203780101,1158.315,0.6129999756813049,-2.265165574861691
1159.6034479999998,,0.09999252029690667,1158.78,0.6449999809265137,-2.1954144890313314
1160.068966,,0.10572252973704245,1159.246,0.5960000157356262,-2.302110522994543
1160.534483,,0.11635881820002802,1159.712,0.6470000147819519,-2.190920538208463
1161.0,,0.12143446213602409,1160.178,0.6159999966621399,-2.2583609443746484
1161.4655169999999,,0.10920814509922104,1160.646,0.6359999775886536,-2.2146745704292052
1161.931034,,0.08470026529379106,1161.108,0.6110000014305115,-2.269015902945938
1162.396552,,0.06562980620732825,1161.576,0.6060000061988831,-2.279777908288211
1162.862069,,0.061466913647581854,1162.038,0.6179999709129333,-2.253501618961562
1163.327586,,0.060963023398373936,1162.501,0.6290000081062317,-2.229406572586248
1163.793103,,0.04549730505137786,1162.971,0.5920000076293945,-2.309894153995103
1164.2586210000002,,0.01380610443872894,1163.43,0.6190000176429749,-2.2509605466989497
1164.724138,,0.015113668224460565,1163.895,0.5910000205039978,-2.3118691508730476
1165.1896550000001,,0.02568217800948799,1164.361,0.6240000128746033,-2.2398999025215836
1165.655172,,0.02272499063873324,1164.827,0.6290000081062317,-2.2289543746979557
1166.12069,,0.020902203988316017,1165.293,0.6349999904632568,-2.2158527466351794
1166.5862069999998,,0.025784508710844048,1165.757,0.5669999718666077,-2.3639957764731325
1167.051724,,0.03157351570542055,1166.223,0.6349999904632568,-2.215868491556363
1167.517241,,0.03287802741463803,1166.686,0.6169999837875366,-2.2551295909129228
1167.982759,,0.03153505716492818,1167.156,0.6169999837875366,-2.2551973983250826
1168.4482759999999,,0.031260125657256936,1167.62,0.5960000157356262,-2.3010376482005506
1168.913793,,0.031205446044226294,1168.083,0.6019999980926514,-2.288073029635593
1169.37931,,0.028723628135465328,1168.546,0.593999981880188,-2.3056246915178282
1169.844828,,0.025486291005334855,1169.015,0.5960000157356262,-2.3014008454099653
1170.310345,,0.025568201776247315,1169.481,0.625,-2.2383595174115998
1170.775862,,0.02763248232658854,1169.942,0.5960000157356262,-2.301680202714905
1171.241379,,0.024596817187003843,1170.408,0.5899999737739563,-2.3148881837131787
1171.706897,,0.014558076215023225,1170.875,0.6290000081062317,-2.2300480393258217
1172.1724140000001,,0.007715244303155198,1171.341,0.5929999947547913,-2.308592655945052
1172.637931,,0.014963427106434427,1171.806,0.5910000205039978,-2.3130455759715107
1173.103448,,0.030901852185473574,1172.272,0.6209999918937683,-2.2477609090010655
1173.568966,,0.03776386447638764,1172.731,0.6119999885559082,-2.267418778269566
1174.034483,,0.027765798461962667,1173.197,0.6019999980926514,-2.2892284727663323
1174.5,,0.012284055608723936,1173.665,0.6039999723434448,-2.2848670666466617
1174.9655169999999,,0.006136670519877868,1174.127,0.625,-2.239083398448941
1175.431034,,0.010604552101005318,1174.594,0.6039999723434448,-2.2847757158195265
1175.896552,,0.015832482414005134,1175.057,0.6079999804496765,-2.275976459566084
1176.362069,,0.015265015602401476,1175.52,0.6190000176429749,-2.2519040989333585
1176.8275859999999,,0.012740513731578957,1175.99,0.6460000276565552,-2.192953476292677
1177.293103,,0.01496595136733097,1176.456,0.5920000076293945,-2.31045768331087
1177.758621,,0.02090611331864293,1176.915,0.6179999709129333,-2.253660134518203
1178.224138,,0.023013584919831877,1177.38,0.6050000190734863,-2.2818254923754164
1178.689655,,0.01755016226462723,1177.845,0.609000027179718,-2.2729551401119843
1179.155172,,0.008469572449745007,1178.311,0.6019999980926514,-2.2880570271663485
1179.62069,,0.0012607012617549256,1178.775,0.6230000257492065,-2.2421687795154983
1180.086207,,0.002256663597052421,1179.241,0.5540000200271606,-2.3923768199727937
1180.5517240000001,,0.002595994494972584,1179.705,0.6299999952316284,-2.226703704156396
1181.017241,,0.0002108508660423495,1180.171,0.5920000076293945,-2.3094222224098226
1181.4827590000002,,0.0037173592346119834,1180.639,0.5929999947547913,-2.3072018850922573
1181.948276,,0.006102261450498397,1181.102,0.6039999723434448,-2.2832257049500817
1182.413793,,0.004023558256618482,1181.565,0.6240000128746033,-2.239672054770787
1182.8793099999998,,0.0015658625135165382,1182.035,0.6060000061988831,-2.2789367042594884
1183.344828,,0.005813303820172388,1182.498,0.6100000143051147,-2.2702994083765926
1183.8103449999999,,0.005468981965280227,1182.96,0.6060000061988831,-2.279117607908033
1184.275862,,0.004107607264660414,1183.426,0.4970000088214874,-2.5167190326654625
1184.741379,,0.009037968778516115,1183.89,0.5929999947547913,-2.30772057954248
1185.206897,,0.020718439112623804,1184.356,0.6309999823570251,-2.225099495428959
1185.672414,,0.028106944444815606,1184.823,0.5529999732971191,-2.395209829337113
1186.137931,,0.020763292968746426,1185.288,0.6420000195503235,-2.201488088512677
1186.603448,,0.004816700531530009,1185.753,0.6399999856948853,-2.2060179042144155
1187.068966,,0.0018535757185286629,1186.219,0.6079999804496765,-2.2758942870993204
1187.5344830000001,,0.008073777037535314,1186.683,0.6150000095367432,-2.2607858216262873
1188.0,,0.022688463932947368,1187.146,0.6119999885559082,-2.267441777879157
1188.465517,,0.02709839634863951,1187.616,0.6359999775886536,-2.2152471629631436
1188.9310340000002,,0.020953966435722383,1188.078,0.5820000171661377,-2.3329567798653064
1189.3965520000002,,0.0160698192697255,1188.546,0.6060000061988831,-2.280700281229155
1189.862069,,0.02033297704303741,1189.009,0.6050000190734863,-2.2828771631444513
1190.3275859999999,,0.028092707561574747,1189.474,0.6069999933242798,-2.278484698299101
1190.793103,,0.028032912015511124,1189.937,0.6460000276565552,-2.1934487274114978
1191.258621,,0.01831776109605107,1190.403,0.5910000205039978,-2.3131741440278977
1191.724138,,0.00872821692017819,1190.868,0.6050000190734863,-2.2825453108954146
1192.189655,,0.006986826348873617,1191.333,0.6000000238418579,-2.293288156799244
1192.655172,,0.008795875543500888,1191.797,0.6150000095367432,-2.26044006039393
1193.12069,,0.004950649164393138,1192.263,0.6119999885559082,-2.2667949080446195
1193.586207,,0.00531339603182894,1192.727,0.6010000109672546,-2.290572279466176
1194.051724,,0.013040513055380072,1193.193,0.6579999923706055,-2.1662008466446747
1194.517241,,0.011433943858402424,1193.661,0.6060000061988831,-2.2793069425441104
1194.982759,,0.004104279422382536,1194.123,0.628000020980835,-2.231204757249177
1195.448276,,0.0010023516374311225,1194.586,0.6019999980926514,-2.2876963665501795
1195.913793,,0.0014520314175378087,1195.056,0.6010000109672546,-2.289746375356497
1196.37931,,5.26137550993931e-05,1195.516,0.6010000109672546,-2.289647771583816
1196.844828,,0.0022682241446005283,1195.986,0.597000002861023,-2.2982976553685965
1197.310345,,0.005954135252966067,1196.445,0.5910000205039978,-2.3113415351865503
1197.7758620000002,,0.008794789327077248,1196.912,0.6079999804496765,-2.2743146957708564
1198.241379,,0.005661671564401714,1197.378,0.5910000205039978,-2.311399668154748
1198.706897,,0.0029497171403349218,1197.843,0.6190000176429749,-2.2504819338264794
1199.172414,,0.00673712830832512,1198.309,0.5789999961853027,-2.3377462556485242
1199.637931,,0.0032393824518805875,1198.776,0.6140000224113464,-2.261642200400657
1200.1034479999998,,0.020002161326715874,1199.241,0.6230000257492065,-2.2422079049584154
1200.568966,,0.026155184447025175,1199.701,0.5950000286102295,-2.303402238068775
1201.034483,,0.015828757688843002,1200.167,0.6179999709129333,-2.253498210387583
1201.5,,0.002422313450649247,1200.635,0.6240000128746033,-2.2406362484299325
1201.965517,,0.0009708791277209137,1201.098,0.6449999809265137,-2.195091754674464
1202.431034,,0.009344509122867273,1201.561,0.6060000061988831,-2.2802558867219656
1202.896552,,0.011726902792324063,1202.03,0.6309999823570251,-2.225970209719457
1203.362069,,0.0007733378237509822,1202.501,0.6190000176429749,-2.2522718385492655
1203.827586,,0.017268874724460145,1202.956,0.6129999756813049,-2.2654737338316178
1204.293103,,0.01930093184242724,1203.422,0.6449999809265137,-2.1958540993870805
1204.7586210000002,,0.004346980640171412,1203.887,0.6110000014305115,-2.269988559050968
1205.224138,,0.01119570059577051,1204.353,0.5989999771118164,-2.2961547196836483
1205.6896550000001,,0.013485211589693256,1204.82,0.625,-2.2394935650998127
1206.1551720000002,,0.005894137901776836,1205.285,0.6060000061988831,-2.2808329720535023
1206.62069,,0.00038282387470023164,1205.749,0.5989999771118164,-2.295991862235004
1207.0862069999998,,0.0009807560884690597,1206.215,0.6060000061988831,-2.2806159788685605
1207.551724,,0.000826984502479216,1206.679,0.6060000061988831,-2.2804608905759935
1208.017241,,0.001740402062217295,1207.141,0.6430000066757202,-2.199670023953366
1208.482759,,0.0016039454476027206,1207.605,0.6230000257492065,-2.2430411387700895
1208.948276,,0.0008883806519676802,1208.075,0.6039999723434448,-2.284219742960621
1209.413793,,0.0008539693723144684,1208.538,0.6129999756813049,-2.264390034540341
1209.87931,,0.0029632976363068355,1209.001,0.6190000176429749,-2.251097433890942
1210.344828,,0.0025065926329808736,1209.466,0.6039999723434448,-2.283565153578299
1210.810345,,0.0021296081044013715,1209.936,0.6019999980926514,-2.287726402199161
1211.275862,,0.00673612451388052,1210.395,0.6029999852180481,-2.2853749003023065
1211.741379,,0.0038911560262326586,1210.86,0.5989999771118164,-2.2939457420744676
1212.206897,,0.0069407959157697565,1211.326,0.6079999804496765,-2.2742281712678802
1212.6724140000001,,0.014530536793002714,1211.794,0.550000011920929,-2.4005187862538886
1213.137931,,0.007522414361961281,1212.26,0.6209999918937683,-2.2458057654126167
1213.603448,,0.009286571826335386,1212.725,0.6079999804496765,-2.274141102107823
1214.0689659999998,,0.01865116381991499,1213.19,0.6079999804496765,-2.274194748710091
1214.534483,,0.012592415585654326,1213.653,0.6200000047683716,-2.248143785116151
1215.0,,0.001732549755806055,1214.116,0.6060000061988831,-2.2787739494174843
1215.4655169999999,,1.2556111583191461e-05,1214.586,0.6259999871253967,-2.2353621675771995
1215.931034,,0.007481155576260075,1215.049,0.6349999904632568,-2.2159418094825654
1216.396552,,0.013129820977549105,1215.512,0.6000000238418579,-2.2924022689044845
1216.862069,,0.010213417552390166,1215.975,0.6209999918937683,-2.24687295072589
1217.3275859999999,,0.004185536718327961,1216.441,0.6000000238418579,-2.2928543334714884
1217.793103,,0.003976962888572324,1216.905,0.6179999709129333,-2.2538687931928347
1218.258621,,0.009497058217935726,1217.37,0.6190000176429749,-2.2519125166135825
1218.724138,,0.012602701165854456,1217.835,0.6129999756813049,-2.265191895906558
1219.1896550000001,,0.008769315303816874,1218.301,0.6060000061988831,-2.280628212875342
1219.655172,,0.0017688071475036357,1218.768,0.6240000128746033,-2.241570686602579
1220.12069,,0.003190584313466133,1219.234,0.6060000061988831,-2.280911403946388
1220.586207,,0.0054902908486320085,1219.698,0.5920000076293945,-2.311500703724647
1221.0517240000001,,0.007214320105927105,1220.164,0.6499999761581421,-2.185187215048977
1221.517241,,0.009187620907785408,1220.627,0.6039999723434448,-2.2854102126873017
1221.982759,,0.010948806945963875,1221.097,0.6499999761581421,-2.1851538542764732
1222.4482759999999,,0.013017256503925703,1221.557,0.6010000109672546,-2.2918265780897986
1222.913793,,0.01682917103520198,1222.027,0.6060000061988831,-2.2808131109879555
1223.37931,,0.02177681589787447,1222.485,0.6100000143051147,-2.271943413264304
1223.844828,,0.02397805049211983,1222.956,0.6190000176429749,-2.252150057907017
1224.3103449999999,,0.020310805632301532,1223.415,0.5920000076293945,-2.3107636160252696
1224.775862,,0.01370978533912695,1223.88,0.6190000176429749,-2.2517125706135097
1225.241379,,0.011418863197910085,1224.345,0.6269999742507935,-2.2340450552640103
1225.706897,,0.015271542405965455,1224.812,0.5989999771118164,-2.2948052328776067
1226.1724140000001,,0.01631830938540525,1225.278,0.6179999709129333,-2.2531736654435854
1226.637931,,0.005252350997628168,1225.746,0.5929999947547913,-2.307415297532105
1227.103448,,0.012531071329576758,1226.211,0.6000000238418579,-2.2919605757378707
1227.568966,,0.020879640743128484,1226.672,0.5929999947547913,-2.3070344805761067
1228.0344830000001,,0.013405511159851233,1227.141,0.5730000138282776,-2.350464395157353
1228.5,,0.001223152236666607,1227.601,0.6959999799728394,-2.082384503514831
1228.965517,,0.002516563925912945,1228.071,0.6140000224113464,-2.260965272617896
1229.4310340000002,,0.0018592836729938403,1228.535,0.6060000061988831,-2.2783671577449245
1229.896552,,0.004404516612529698,1228.997,0.5929999947547913,-2.3067065136098464
1230.3620689999998,,0.00031586149735142926,1229.463,0.6370000243186951,-2.210906533913578
1230.8275859999999,,0.004211727350981848,1229.926,0.6069999933242798,-2.2763679540622794
1231.293103,,0.0013650174571502385,1230.391,0.5929999947547913,-2.3070096918445726
1231.758621,,0.007026104805423823,1230.857,0.6179999709129333,-2.252719291949153
1232.224138,,0.011963340922917133,1231.322,0.6439999938011169,-2.196278684107659
1232.689655,,0.009302858582832332,1231.786,0.6110000014305115,-2.2683997822783226
1233.155172,,0.0038269797688218537,1232.252,0.6370000243186951,-2.2119951371536994
1233.62069,,0.0015203220364109454,1232.717,0.6110000014305115,-2.2688875680069533
1234.086207,,0.0028742218545673576,1233.182,0.6190000176429749,-2.251705632083358
1234.551724,,0.004826397537494919,1233.646,0.640999972820282,-2.2040145224855006
1235.017241,,0.0056353489210420014,1234.115,0.6019999980926514,-2.28920484922335
1235.482759,,0.005730914985063798,1234.576,0.6420000195503235,-2.2022591080758795
1235.948276,,0.005163685633370161,1235.045,0.6119999885559082,-2.267789555909146
1236.4137930000002,,0.002771450396415582,1235.506,0.6169999837875366,-2.2570326558109173
1236.87931,,0.0010309201195346752,1235.975,0.6050000190734863,-2.283274322329816
1237.344828,,0.0024722519877391127,1236.44,0.6169999837875366,-2.2571870646546253
1237.8103449999999,,0.0014750639982776047,1236.905,0.6019999980926514,-2.2898798117957595
1238.275862,,0.007047732175434588,1237.37,0.6190000176429749,-2.2528117297544017
1238.7413789999998,,0.005748070027802654,1237.834,0.6039999723434448,-2.285417161732631
1239.206897,,0.004181344098764764,1238.3,0.656000018119812,-2.172010828452078
1239.672414,,0.011595667109997269,1238.764,0.5929999947547913,-2.3091101538273526
1240.137931,,0.004630524449783724,1239.23,0.6470000147819519,-2.19127330811371
1240.603448,,0.012004276920848737,1239.694,0.652999997138977,-2.1779824118997877
1241.068966,,0.02096310987821884,1240.16,0.6190000176429749,-2.2518142680425837
1241.534483,,0.014500549432658508,1240.624,0.6190000176429749,-2.2515576912817385
1242.0,,0.003200263572681773,1241.086,0.6039999723434448,-2.2839755451722383
1242.465517,,4.227063363080051e-05,1241.557,0.625,-2.2379649105667268
1242.931034,,0.004334683616659951,1242.019,0.6240000128746033,-2.2398953582781433
1243.3965520000002,,0.0058206313926807834,1242.485,0.5920000076293945,-2.3093828864523505
1243.862069,,0.00021108145021437994,1242.948,0.6290000081062317,-2.2285703774657195
1244.327586,,0.007242490946132896,1243.414,0.6039999723434448,-2.282867156560062
1244.793103,,0.007063027286445287,1243.879,0.6150000095367432,-2.258770874361976
1245.2586210000002,,0.0008700257744080045,1244.345,0.6179999709129333,-2.252146695257731
1245.724138,,0.002923411189406248,1244.805,0.5720000267028809,-2.352322340073289
1246.189655,,9.095065973637107e-05,1245.271,0.5879999995231628,-2.317470951720859
1246.655172,,0.006157028884094687,1245.736,0.5929999947547913,-2.306633718757193
1247.12069,,0.009677435841261748,1246.201,0.6420000195503235,-2.199981762494244
1247.5862069999998,,0.009154134087090694,1246.672,0.5879999995231628,-2.3177725404871863
1248.051724,,0.006611476059195004,1247.134,0.6079999804496765,-2.2743812221736555
1248.517241,,0.004510898192623667,1247.597,0.6150000095367432,-2.2593445609019853
1248.982759,,0.004361549509596159,1248.06,0.5929999947547913,-2.3075141223404922
1249.448276,,0.006654336293181895,1248.531,0.5929999947547913,-2.307771746764822
1249.913793,,0.01045141992104041,1248.993,0.6480000019073486,-2.188213187762918
1250.37931,,0.012895578146092787,1249.459,0.597000002861023,-2.29959136592907
1250.844828,,0.010744380885656072,1249.923,0.6209999918937683,-2.2475627013665163
1251.310345,,0.004381759149238906,1250.389,0.6039999723434448,-2.284842632919908
1251.775862,,2.007962933195558e-05,1250.854,0.6029999852180481,-2.2872405410425234
1252.241379,,0.00438970095967516,1251.319,0.597000002861023,-2.300501599640502
1252.706897,,0.01538571708792834,1251.786,0.5960000157356262,-2.302833547515438
1253.1724140000001,,0.020036454482356473,1252.245,0.5929999947547913,-2.30948225993103
1253.6379310000002,,0.008698288029070944,1252.71,0.5989999771118164,-2.2964788537390493
1254.1034479999998,,0.010562177209205702,1253.175,0.6209999918937683,-2.248569840951799
1254.5689659999998,,0.019472765412026458,1253.646,0.6169999837875366,-2.257256939808542
1255.034483,,0.011780203826345825,1254.108,0.6150000095367432,-2.2615383834153633
1255.5,,0.000560938942636738,1254.57,0.6140000224113464,-2.263595414572422
1255.9655169999999,,0.004360358100802187,1255.04,0.5899999737739563,-2.315720050312575
1256.431034,,4.980227134006684e-05,1255.504,0.593999981880188,-2.3068069004817677
1256.896552,,0.002951641305107379,1255.967,0.6169999837875366,-2.2564700736343144
1257.362069,,6.260795265278763e-05,1256.432,0.5889999866485596,-2.3172217795795254
1257.827586,,0.0034635413575363717,1256.898,0.6150000095367432,-2.2603118551216834
1258.293103,,0.0008014358573121822,1257.363,0.6449999809265137,-2.1946803001848787
1258.758621,,0.006612903522674103,1257.828,0.6039999723434448,-2.2837334695907234
1259.224138,,0.010922017429150334,1258.294,0.6019999980926514,-2.2878296240244915
1259.6896550000001,,0.008200874440854447,1258.761,0.6079999804496765,-2.2745161921876584
1260.155172,,0.0024918538311052836,1259.22,0.6039999723434448,-2.2830164293932573
1260.6206900000002,,0.00041675013096551054,1259.695,0.6370000243186951,-2.2109400760021414
1261.086207,,0.0007870563406585186,1260.153,0.6050000190734863,-2.2805149508958436
1261.5517240000001,,0.003523321930261362,1260.616,0.6380000114440918,-2.2085211972837637
1262.017241,,0.005208051862070992,1261.086,0.6050000190734863,-2.280365157064473
1262.482759,,0.005109282640392558,1261.55,0.6069999933242798,-2.276005826324694
1262.9482759999999,,0.0034059844133526853,1262.012,0.6060000061988831,-2.2782325973291826
1263.413793,,0.00042253424161484637,1262.477,0.6150000095367432,-2.2587216676843505
1263.87931,,0.002148089138169772,1262.94,0.6079999804496765,-2.274114907899271
1264.344828,,0.0010608083873089398,1263.406,0.6100000143051147,-2.2699415848269524
1264.8103449999999,,0.004418049604791434,1263.871,0.6119999885559082,-2.2658041287197195
1265.275862,,0.008595781814479649,1264.337,0.5989999771118164,-2.29437537603265
1265.741379,,0.0038304077098687845,1264.802,0.5960000157356262,-2.301181683128347
1266.206897,,0.008277827464610761,1265.268,0.6209999918937683,-2.2469989080233197
1266.6724140000001,,0.014087530716554476,1265.734,0.6209999918937683,-2.2472853352314166
1267.137931,,0.0029327461131284636,1266.2,0.6029999852180481,-2.2867811661060946
1267.603448,,0.016668931116396675,1266.661,0.621999979019165,-2.2456519768628613
1268.068966,,0.0247451843854186,1267.13,0.6340000033378601,-2.219749097728738
1268.5344830000001,,0.014391308542617135,1267.59,0.5920000076293945,-2.3114613158493325
1269.0,,0.0007144615104242123,1268.06,0.5879999995231628,-2.3203474926251513
1269.465517,,0.005027525290570291,1268.524,0.6039999723434448,-2.2856182972936803
1269.9310340000002,,0.0011301389511810707,1268.986,0.6430000066757202,-2.2007319827445473
1270.396552,,0.005843670225108308,1269.452,0.6000000238418579,-2.2944430788035413
1270.862069,,0.0021235017025036285,1269.915,0.6399999856948853,-2.2072734856815406
1271.3275859999999,,0.004571741851157909,1270.381,0.5929999947547913,-2.309594056635097
1271.793103,,0.004992966093966345,1270.848,0.6209999918937683,-2.2484664365547373
1272.258621,,0.0015454509397699542,1271.313,0.5960000157356262,-2.302761744157981
1272.724138,,0.007112649091918884,1271.779,0.5929999947547913,-2.3090871716429193
1273.189655,,0.005850679971224422,1272.244,0.6159999966621399,-2.2587346571931524
1273.655172,,1.6186791063591653e-06,1272.709,0.6230000257492065,-2.2432141196053355
1274.12069,,0.0045812707377764555,1273.175,0.6460000276565552,-2.1928162551043138
1274.586207,,0.004744887893409017,1273.638,0.6119999885559082,-2.266591288697368
1275.0517240000001,,0.0013006563743554029,1274.102,0.6399999856948853,-2.205289679577928
1275.517241,,0.0032551156529620194,1274.565,0.6079999804496765,-2.274716565401974
1275.982759,,0.006690502852738077,1275.035,0.597000002861023,-2.2984115969853467
1276.448276,,0.007494567021060572,1275.498,0.6200000047683716,-2.2480618544352167
1276.9137930000002,,0.0052551973453622,1275.961,0.6349999904632568,-2.2151775874059787
1277.37931,,0.0020416658989951576,1276.427,0.5860000252723694,-2.3217697431192352
1277.844828,,0.002267889418398498,1276.894,0.5910000205039978,-2.3107648289865783
1278.3103449999999,,0.008117215168231351,1277.36,0.6190000176429749,-2.2497049468280883
1278.775862,,0.014582746668812636,1277.82,0.6579999923706055,-2.164734183436557
1279.2413789999998,,0.012904077689292876,1278.286,0.593999981880188,-2.3042180809318804
1279.706897,,0.002189827088905561,1278.757,0.5879999995231628,-2.317394560129215
1280.172414,,0.0057724022862206455,1279.215,0.6079999804496765,-2.2739785243662527
1280.637931,,0.0001391552548200918,1279.683,0.593999981880188,-2.3046836341580863
1281.103448,,0.013804728879883895,1280.146,0.6060000061988831,-2.278784489839406
1281.568966,,0.0175134519185138,1280.616,0.5920000076293945,-2.3095632939096857
1282.034483,,0.004546941158549961,1281.079,0.6060000061988831,-2.279364121856378
1282.5,,0.013379263666777736,1281.542,0.6209999918937683,-2.2470002774078983
1282.965517,,0.02286769689506741,1282.005,0.6069999933242798,-2.277820406008718
1283.431034,,0.024222710540543,1282.47,0.6190000176429749,-2.2519884525767284
1283.8965520000002,,0.026644132044923958,1282.941,0.6290000081062317,-2.2304961898219204
1284.362069,,0.03376327520176847,1283.406,0.5929999947547913,-2.3091945821820032
1284.827586,,0.039057443603971106,1283.871,0.6039999723434448,-2.285461455152187
1285.2931030000002,,0.03543532276008865,1284.33,0.6110000014305115,-2.270400241803723
1285.758621,,0.025448579695245895,1284.801,0.6370000243186951,-2.213894833500303
1286.2241379999998,,0.018280838050419752,1285.26,0.6700000166893005,-2.1420826029910764
1286.689655,,0.018144641768868378,1285.731,0.6060000061988831,-2.2815395935198906
1287.155172,,0.020300370690272553,1286.197,0.6579999923706055,-2.1682134170662017
1287.62069,,0.01841740937530493,1286.657,0.609000027179718,-2.2748720859210962
1288.086207,,0.011695837300740992,1287.126,0.6159999966621399,-2.2594716528135703
1288.551724,,0.00392932185453562,1287.587,0.6309999823570251,-2.226592278886804
1289.017241,,0.0014892043685282264,1288.05,0.6029999852180481,-2.287351326521841
1289.482759,,0.003852036768843257,1288.52,0.5960000157356262,-2.302323960587183
1289.948276,,0.003610431123538733,1288.982,0.5929999947547913,-2.308557189375851
1290.413793,,0.0011482013833727875,1289.448,0.593999981880188,-2.3060608429606093
1290.87931,,0.0016062438986979555,1289.912,0.5830000042915344,-2.329703660274501
1291.344828,,0.0004453204106806092,1290.378,0.6039999723434448,-2.283635567820327
1291.810345,,0.006717651983485056,1290.843,0.6129999756813049,-2.2637262715148943
1292.2758620000002,,0.014591912590513144,1291.309,0.6499999761581421,-2.182838056940993
1292.741379,,0.013890071006597756,1291.775,0.5929999947547913,-2.306774480395441
1293.2068969999998,,0.0033756804797456822,1292.241,0.6370000243186951,-2.210707489056328
1293.672414,,0.004629555702937779,1292.705,0.6060000061988831,-2.278086140923298
1294.137931,,0.0025064970181964646,1293.171,0.6370000243186951,-2.21044026191139
1294.6034479999998,,0.019903659917687756,1293.631,0.6159999966621399,-2.25613943250743
1295.068966,,0.029391833683233545,1294.101,0.5960000157356262,-2.29971746670445
1295.534483,,0.022552293948388664,1294.564,0.527999997138977,-2.4479307857407284
1296.0,,0.010082558557236923,1295.027,0.6340000033378601,-2.217118093842728
1296.4655169999999,,0.005686381750093449,1295.498,0.6330000162124634,-2.2194732601271965
1296.931034,,0.009216545625285885,1295.96,0.6110000014305115,-2.2676253652598666
1297.396552,,0.010421047049230716,1296.426,0.6119999885559082,-2.2657075498175314
1297.862069,,0.004696854134967221,1296.89,0.5960000157356262,-2.300858077945101
1298.327586,,0.0005587702427374561,1297.356,0.6079999804496765,-2.275028995532536
1298.793103,,0.003751030464825449,1297.821,0.6240000128746033,-2.2404970892280756
1299.258621,,0.015677859696335027,1298.286,0.6190000176429749,-2.2517176071503617
1299.724138,,0.02438746812469711,1298.746,0.6169999837875366,-2.256392432846019
1300.1896550000001,,0.023653991657463964,1299.211,0.628000020980835,-2.2327246326290044
1300.655172,,0.017766764801559535,1299.679,0.6169999837875366,-2.2569575596929066
1301.12069,,0.014042671985190871,1300.142,0.6010000109672546,-2.29204581887683
1301.5862069999998,,0.014560336313112964,1300.605,0.6190000176429749,-2.2530153838290015
1302.051724,,0.016464851368249645,1301.075,0.609000027179718,-2.2749363211522136
1302.517241,,0.01678181129043769,1301.538,0.6119999885559082,-2.268479765982339
1302.982759,,0.014676546070073605,1302.001,0.5950000286102295,-2.305538670472099
1303.4482759999999,,0.010296991189980651,1302.466,0.6499999761581421,-2.1856764533472086
1303.913793,,0.003912245707249301,1302.937,0.5929999947547913,-2.309764635210163
1304.37931,,0.0028098137701980776,1303.395,0.6010000109672546,-2.292186374334766
1304.844828,,0.006430811975832335,1303.863,0.6359999775886536,-2.215735242439634
1305.310345,,0.005312980690738508,1304.329,0.6209999918937683,-2.2481720998821286
1305.775862,,0.003512692935170143,1304.794,0.6200000047683716,-2.2500711280645875
1306.241379,,0.007672673388526085,1305.26,0.593999981880188,-2.3064094294662185
1306.706897,,0.01743019843904234,1305.724,0.5960000157356262,-2.3017291229326613
1307.1724140000001,,0.022017224479152206,1306.19,0.578000009059906,-2.340616612594391
1307.637931,,0.012344348982361041,1306.653,0.6320000290870667,-2.222646063835805
1308.103448,,0.004881613611651733,1307.115,0.609000027179718,-2.272445309081986
1308.568966,,0.013296605865252565,1307.583,0.6209999918937683,-2.246015102635378
1309.0344830000001,,0.007445768064118864,1308.045,0.6290000081062317,-2.2283315189411073
1309.5,,0.0017034485559867018,1308.513,0.6060000061988831,-2.2782262642787607
1309.9655169999999,,0.0031638485920101773,1308.975,0.6000000238418579,-2.29113179058404
1310.431034,,0.0006867305592166939,1309.441,0.5799999833106995,-2.3345927842454937
1310.896552,,0.000372264986782505,1309.905,0.6140000224113464,-2.2604646387461154
1311.362069,,0.006550603968278431,1310.371,0.6269999742507935,-2.2321470141330186
1311.8275859999999,,0.012434234439376848,1310.838,0.574999988079071,-2.3454998798406783
1312.293103,,0.01016388339420669,1311.303,0.625,-2.236687742762441
1312.758621,,0.0027737527335437123,1311.768,0.6010000109672546,-2.2891486086962898
1313.224138,,0.0009126840305923822,1312.234,0.628000020980835,-2.230545283165642
1313.689655,,0.002148661066314711,1312.698,0.6019999980926514,-2.287450301388043
1314.155172,,0.00690594245785354,1313.163,0.6230000257492065,-2.2419903959288607
1314.62069,,0.008325642081400717,1313.627,0.6190000176429749,-2.2510190395695577
1315.086207,,0.006820706067233431,1314.09,0.609000027179718,-2.273131793234247
1315.5517240000001,,0.0054417538464006324,1314.56,0.6259999871253967,-2.2364232000586366
1316.017241,,0.005541450168859632,1315.023,0.6039999723434448,-2.284673539725261
1316.482759,,0.006527457829950231,1315.489,0.6079999804496765,-2.27626094470822
1316.948276,,0.007946450707297164,1315.954,0.5920000076293945,-2.311394306934062
1317.4137930000002,,0.009965889112698327,1316.42,0.6060000061988831,-2.2811328158089297
1317.8793099999998,,0.011787800788268788,1316.886,0.6019999980926514,-2.2900438106775973
1318.344828,,0.011275025362471677,1317.352,0.6320000290870667,-2.2248304710866353
1318.8103449999999,,0.007990946231375844,1317.816,0.6079999804496765,-2.277208882750399
1319.275862,,0.006146845653815393,1318.275,0.6209999918937683,-2.2489188123457216
1319.741379,,0.011287471374664444,1318.742,0.609000027179718,-2.275035693506643
1320.206897,,0.021677104060600257,1319.207,0.6010000109672546,-2.292380013867818
1320.672414,,0.026122818727283392,1319.675,0.6000000238418579,-2.294418824216476
1321.137931,,0.016283899598029433,1320.138,0.6499999761581421,-2.185295362689606
1321.603448,,0.00016261789874365656,1320.606,0.656000018119812,-2.1719850089806068
1322.068966,,0.006668739022144736,1321.069,0.5690000057220459,-2.3612499069898303
1322.5344830000001,,0.0015930804709326921,1321.532,0.6169999837875366,-2.2563690187664927
1323.0,,0.012746699356035408,1322.001,0.6110000014305115,-2.2691166147000326
1323.465517,,0.014733302972978807,1322.467,0.6060000061988831,-2.2796768238060188
1323.931034,,0.008794709490501191,1322.929,0.5920000076293945,-2.3098472598593482
1324.3965520000002,,0.004267522151543148,1323.395,0.5920000076293945,-2.3095300966584804
1324.862069,,0.0054911592254785315,1323.86,0.5920000076293945,-2.309236718734772
1325.327586,,0.007524566758394535,1324.326,0.6039999723434448,-2.2828324347829185
1325.793103,,0.003913160072670752,1324.791,0.5879999995231628,-2.317471030418495
1326.258621,,0.0042831571999609,1325.25,0.597000002861023,-2.2976913520808044
1326.724138,,0.009880964886806717,1325.717,0.6060000061988831,-2.277964694702265
1327.189655,,0.008878055673879033,1326.183,0.5770000219345093,-2.3410833666499866
1327.655172,,0.004696544168736482,1326.646,0.6039999723434448,-2.2822567393032416
1328.12069,,0.0030774721669548323,1327.115,0.578000009059906,-2.3389572029262524
1328.586207,,0.00598207949312002,1327.576,0.6190000176429749,-2.2497448558885806
1329.051724,,0.011256133413841546,1328.045,0.6259999871253967,-2.2346583823368213
1329.517241,,0.01602359777671274,1328.506,0.6240000128746033,-2.239225018847185
1329.982759,,0.01872342350142959,1328.976,0.6340000033378601,-2.2176863870569763
1330.448276,,0.01838286486610509,1329.441,0.6660000085830688,-2.1482471159329632
1330.913793,,0.01439713028000501,1329.901,0.5809999704360962,-2.3337311124135307
1331.37931,,0.00894735709293705,1330.367,0.6209999918937683,-2.246897621106016
1331.844828,,0.007677374359159049,1330.831,0.6069999933242798,-2.277715740669263
1332.310345,,0.01383960897737594,1331.297,0.6269999742507935,-2.2344539754872814
1332.7758620000002,,0.021334108517299163,1331.761,0.6079999804496765,-2.2761439349684314
1333.241379,,0.018367772570525166,1332.227,0.597000002861023,-2.3003806241770395
1333.7068969999998,,0.0022960927706823305,1332.695,0.6150000095367432,-2.2614046229303013
1334.172414,,0.012354522673299225,1333.16,0.6019999980926514,-2.289927365056602
1334.637931,,0.008714649432649518,1333.62,0.625,-2.239972920095398
1335.1034479999998,,0.009713075715678164,1334.09,0.6019999980926514,-2.290185713417415
1335.568966,,0.021343951241765434,1334.55,0.6370000243186951,-2.2139828402054733
1336.034483,,0.0136972339185788,1335.02,0.5929999947547913,-2.309837959881105
1336.5,,0.0023912976770551018,1335.486,0.7009999752044678,-2.0744822378014662
1336.965517,,0.009453066669576035,1335.949,0.6029999852180481,-2.2878727569288775
1337.431034,,0.0051646650364368185,1336.415,0.6370000243186951,-2.2136309461565826
1337.896552,,0.002026188535062579,1336.875,0.6269999742507935,-2.2352055349319446
1338.362069,,0.009259475403883683,1337.341,0.5860000252723694,-2.3242810063341808
1338.827586,,0.020342581008032115,1337.805,0.5979999899864197,-2.2978606818614806
1339.293103,,0.021344325152273965,1338.271,0.5989999771118164,-2.2953869102223754
1339.7586210000002,,0.009678366438854,1338.738,0.5799999833106995,-2.336476855674462
1340.224138,,0.0020736243648414284,1339.204,0.6600000262260437,-2.1618798307132145
1340.6896550000001,,0.002789628111380339,1339.672,0.6460000276565552,-2.192082302516016
1341.155172,,0.0035811439801691864,1340.135,0.5929999947547913,-2.3072677356004427
1341.62069,,0.005106876762207921,1340.598,0.6079999804496765,-2.27433119879384
1342.0862069999998,,0.0020805077402276436,1341.06,0.656000018119812,-2.1695327104452025
1342.551724,,0.010223834122482737,1341.528,0.6449999809265137,-2.193313174949864
1343.017241,,0.011316379013871366,1341.99,0.5830000042915344,-2.3282493753434577
1343.482759,,0.006245692301944437,1342.456,0.6039999723434448,-2.2824089199814717
1343.948276,,0.00046273000393278786,1342.921,0.6209999918937683,-2.2453367139868576
1344.413793,,0.0036598667101205816,1343.387,0.640999972820282,-2.201781899725282
1344.87931,,0.005465567339134224,1343.854,0.5910000205039978,-2.310784755263131
1345.344828,,0.001968400019301139,1344.32,0.652999997138977,-2.1758293913166247
1345.810345,,0.008197876318197067,1344.786,0.6150000095367432,-2.25878462894515
1346.275862,,0.018446081916943538,1345.252,0.621999979019165,-2.24374133499455
1346.741379,,0.018005927124338343,1345.716,0.593999981880188,-2.3049857337956943
1347.206897,,0.005111656521548388,1346.175,0.5979999899864197,-2.2965416317753946
1347.6724140000001,,0.006347971715092579,1346.642,0.6069999933242798,-2.2772242996321563
1348.137931,,0.0003202359241960845,1347.105,0.5540000200271606,-2.3929946297172755
1348.603448,,0.020080344017097112,1347.575,0.6209999918937683,-2.2473296802660454
1349.0689659999998,,0.033817168636094325,1348.038,0.6039999723434448,-2.2846629319665066
1349.534483,,0.028090179006881245,1348.502,0.6179999709129333,-2.254439448115504
1350.0,,0.013503167898751403,1348.972,0.6039999723434448,-2.285190850636525
1350.4655169999999,,0.008200184256205693,1349.43,0.6119999885559082,-2.267976869739464
1350.931034,,0.015121412835586873,1349.897,0.621999979019165,-2.2463635810747085
1351.396552,,0.021397294340987225,1350.363,0.6069999933242798,-2.2791687366137694
1351.862069,,0.017376142143763918,1350.831,0.6150000095367432,-2.2618135487352657
1352.3275859999999,,0.010295788714449524,1351.296,0.6060000061988831,-2.281441925551361
1352.793103,,0.014894856073879314,1351.761,0.5920000076293945,-2.311909911380509
1353.258621,,0.0324144840569966,1352.226,0.6050000190734863,-2.283502292857196
1353.724138,,0.0469846172860967,1352.691,0.6039999723434448,-2.2855463785898915
1354.1896550000001,,0.04528466081310497,1353.15,0.6399999856948853,-2.2069342144668918
1354.655172,,0.03207863019837275,1353.62,0.6029999852180481,-2.2873224964451744
1355.12069,,0.021443405487264294,1354.083,0.5770000219345093,-2.3437128412127475
1355.586207,,0.017635224538795957,1354.546,0.6069999933242798,-2.2780754469264317
1356.0517240000001,,0.010693523579973205,1355.015,0.5830000042915344,-2.330070101046673
1356.517241,,0.009712916737042625,1355.481,0.6150000095367432,-2.2600544413868184
1356.982759,,0.04162202612971573,1355.944,0.6019999980926514,-2.2880809341626045
1357.4482759999999,,0.0740632707081876,1356.409,0.6190000176429749,-2.250759620440333
1357.913793,,0.09763918214466429,1356.876,0.6240000128746033,-2.2396023010226416
1358.3793099999998,,0.1077260680958425,1357.342,0.628000020980835,-2.2306514545346574
1358.844828,,0.10254657403063751,1357.801,0.5960000157356262,-2.300167653252643
1359.3103449999999,,0.08521145888341225,1358.266,0.6449999809265137,-2.1932555173505075
1359.775862,,0.0663454673122782,1358.732,0.6370000243186951,-2.210572356475046
1360.241379,,0.05814540383794262,1359.197,0.6209999918937683,-2.2453680047626987
1360.706897,,0.06174064580523597,1359.66,0.6179999709129333,-2.2518935677059466
1361.1724140000001,,0.06239349542532004,1360.13,0.6179999709129333,-2.2519364342604313
1361.637931,,0.04426735110467912,1360.594,0.6359999775886536,-2.2128154573939525
1362.103448,,0.011780779781686176,1361.056,0.6000000238418579,-2.2913905312088527
1362.568966,,0.01251420083981693,1361.524,0.6000000238418579,-2.291580100633302
1363.0344830000001,,0.015009248107882926,1361.986,0.5979999899864197,-2.2961677302712196
1363.5,,0.006354459476203575,1362.452,0.5989999771118164,-2.2942529851496687
1363.965517,,0.004964852500996205,1362.915,0.5929999947547913,-2.3076142028240105
1364.4310340000002,,0.013634317405035432,1363.381,0.6069999933242798,-2.2774187899106817
1364.896552,,0.019001268442438417,1363.846,0.6039999723434448,-2.284266718904889
1365.3620689999998,,0.01143149926357424,1364.312,0.6460000276565552,-2.193070648686466
1365.8275859999999,,0.0004930790316487919,1364.779,0.5989999771118164,-2.2957595149419934
1366.293103,,0.00027589604668925904,1365.245,0.6100000143051147,-2.2720628717027065
1366.758621,,0.016745137117555632,1365.709,0.5950000286102295,-2.3049796170301198
1367.224138,,0.033210115537724,1366.174,0.6460000276565552,-2.1940657397217205
1367.689655,,0.03549389221181251,1366.635,0.5920000076293945,-2.3118632245074133
1368.155172,,0.027766613750103062,1367.105,0.6299999952316284,-2.2291735261635184
1368.62069,,0.0242603120595426,1367.568,0.5950000286102295,-2.3054706129710842
1369.086207,,0.029988430064099188,1368.031,0.625,-2.2400995687238336
1369.551724,,0.03637583123899527,1368.498,0.6169999837875366,-2.25746096767313
1370.017241,,0.034520665348537705,1368.96,0.6069999933242798,-2.2791253099174815
1370.482759,,0.02564162416695471,1369.426,0.6019999980926514,-2.2898464505337643
1370.948276,,0.015912101380977494,1369.89,0.625,-2.2395207059955506
1371.4137930000002,,0.007860691595391255,1370.355,0.5929999947547913,-2.308982544381213
1371.87931,,0.0023648939392152146,1370.82,0.6039999723434448,-2.2847328931003683
1372.344828,,0.0032879143695077623,1371.286,0.5770000219345093,-2.343251756047404
1372.810345,,0.012269417464989465,1371.753,0.5989999771118164,-2.2950069507809623
1373.275862,,0.021120789801219578,1372.218,0.6190000176429749,-2.2511183583184278
1373.7413789999998,,0.01697879206286117,1372.686,0.5929999947547913,-2.307456087889678
1374.206897,,0.0017656387001560134,1373.149,0.6169999837875366,-2.254879457590073
1374.672414,,0.018369586240172757,1373.613,0.6039999723434448,-2.282939927931644
1375.137931,,0.013904243637852335,1374.075,0.5950000286102295,-2.3023212352386975
1375.6034479999998,,0.008638899900148881,1374.543,0.5929999947547913,-2.3064955954117354
1376.068966,,0.025793011789248553,1375.006,0.6100000143051147,-2.269324674413049
1376.534483,,0.022411409466471046,1375.471,0.5929999947547913,-2.3062811057464736
1377.0,,0.008615727475172202,1375.941,0.625,-2.2365392231116985
1377.465517,,0.0030800592609500593,1376.406,0.6370000243186951,-2.2104256441982275
1377.931034,,0.008458516763646496,1376.871,0.6029999852180481,-2.2845842304276918
1378.3965520000002,,0.010537890328256824,1377.33,0.6010000109672546,-2.2890787036615823
1378.862069,,0.0009510420404661311,1377.801,0.6129999756813049,-2.2631214224315594
1379.327586,,0.016893735424292584,1378.267,0.625,-2.23720693709391
1379.793103,,0.018852129469849915,1378.731,0.5830000042915344,-2.3289756033140745
1380.2586210000002,,0.0030746581624683227,1379.197,0.6240000128746033,-2.239944871608914
1380.724138,,0.013725572082638651,1379.657,0.593999981880188,-2.3056175776887993
1381.1896550000001,,0.015340047395976962,1380.127,0.574999988079071,-2.3473353322073334
1381.655172,,0.004960531722716575,1380.587,0.5960000157356262,-2.3019081439033173
1382.12069,,0.001751383373674239,1381.05,0.6039999723434448,-2.2847938509373646
1382.5862069999998,,0.003085937281731849,1381.52,0.6000000238418579,-2.2938028663331047
1383.051724,,0.01252180596263172,1381.982,0.5860000252723694,-2.324569093765434
1383.517241,,0.01636650072272718,1382.449,0.6430000066757202,-2.2006129069375047
1383.982759,,0.012995267673260478,1382.913,0.640999972820282,-2.205149531715206
1384.448276,,0.0069527238147421965,1383.379,0.5929999947547913,-2.3098504598803067
1384.913793,,0.0010788674042902264,1383.845,0.6209999918937683,-2.24891785636707
1385.37931,,0.0032493727775263653,1384.311,0.6209999918937683,-2.2489286888841358
1385.844828,,0.0025944074014627844,1384.776,0.597000002861023,-2.301167777048638
1386.310345,,0.004560404026932029,1385.235,0.5910000205039978,-2.314134254596481
1386.775862,,0.0114744918111538,1385.702,0.6330000162124634,-2.222471756340391
1387.241379,,0.0072228965984143,1386.168,0.6029999852180481,-2.287622155753322
1387.706897,,0.009428639293969775,1386.631,0.6150000095367432,-2.261225817697938
1388.1724140000001,,0.023214058403262888,1387.101,0.6140000224113464,-2.2631165610726183
1388.6379310000002,,0.017067755275730446,1387.564,0.628000020980835,-2.232300740262351
1389.103448,,0.005119027016054241,1388.027,0.5960000157356262,-2.301685890685526
1389.5689659999998,,0.02045162892259039,1388.498,0.6050000190734863,-2.2817407006710324
1390.034483,,0.015565265555588764,1388.96,0.6159999966621399,-2.257443254283332
1390.5,,0.0022258065999265536,1389.426,0.5860000252723694,-2.3224857762854687
1390.9655169999999,,0.0011306168560682728,1389.89,0.6060000061988831,-2.2786219659689766
1391.431034,,0.00602860045459581,1390.356,0.609000027179718,-2.2718300941058445
1391.896552,,0.007833968598889893,1390.821,0.6470000147819519,-2.1888274778365218
1392.362069,,0.005227445199245275,1391.286,0.6100000143051147,-2.2692714841387556
1392.8275859999999,,0.022152602468220255,1391.746,0.6050000190734863,-2.2800528083341716
1393.293103,,0.024453778448984356,1392.212,0.609000027179718,-2.2712849049583315
1393.758621,,0.0103688465198586,1392.679,0.6190000176429749,-2.2495054010434297
1394.224138,,0.0027090331266539087,1393.141,0.6679999828338623,-2.1428175130866
1394.6896550000001,,0.001206752582255239,1393.609,0.6079999804496765,-2.273658480771951
1395.155172,,0.008540727479032654,1394.072,0.5929999947547913,-2.306514424515043
1395.6206900000002,,0.01119591932189286,1394.535,0.5960000157356262,-2.3002052788062035
1396.086207,,0.0023320013054873574,1395.005,0.6060000061988831,-2.2786893607599747
1396.5517240000001,,0.00844708974484086,1395.47,0.6200000047683716,-2.2484935189486084
1397.017241,,0.011329766757726055,1395.933,0.6340000033378601,-2.2183219332554285
1397.482759,,0.006409706625968735,1396.399,0.6299999952316284,-2.227379343344347
1397.9482759999999,,0.0012331184326924832,1396.864,0.5860000252723694,-2.323585965119912
1398.413793,,0.009298226087837059,1397.33,0.6060000061988831,-2.2803529955580832
1398.87931,,0.016035677432505672,1397.794,0.597000002861023,-2.30028421858986
1399.344828,,0.016299534133794126,1398.259,0.593999981880188,-2.3071167455740405
1399.8103449999999,,0.007560032333817144,1398.72,0.6150000095367432,-2.2616251403185372
1400.275862,,0.002231373427292739,1399.185,0.6039999723434448,-2.2858050647607517
1400.741379,,0.00013803931852784306,1399.653,0.5989999771118164,-2.2968606830895246
1401.206897,,0.017077083242591266,1400.116,0.5910000205039978,-2.3143949421557752
1401.6724140000001,,0.032643301053218804,1400.586,0.6050000190734863,-2.2839382267777415
1402.137931,,0.028135515174555852,1401.049,0.6320000290870667,-2.2250955521814944
1402.603448,,0.006172014321076426,1401.51,0.625,-2.2402625679699097
1403.068966,,0.010369626054975954,1401.979,0.6119999885559082,-2.268439203875579
1403.5344830000001,,0.006948493367044895,1402.444,0.628000020980835,-2.233377239736551
1404.0,,0.0058578091210638615,1402.908,0.6629999876022339,-2.1568685125585003
1404.465517,,0.009407361423173815,1403.374,0.5870000123977661,-2.322144826542007
1404.9310340000002,,0.0015949129046042296,1403.839,0.6209999918937683,-2.24773585072301
1405.396552,,0.0026684117772956114,1404.305,0.6159999966621399,-2.2582709190332064
1405.862069,,0.007551338426586876,1404.771,0.597000002861023,-2.2992950552563927
1406.3275859999999,,0.023728208204000498,1405.23,0.593999981880188,-2.3054614352198817
1406.793103,,0.027479805842603854,1405.695,0.5950000286102295,-2.30292583686123
1407.258621,,0.014093047063881065,1406.161,0.597000002861023,-2.298235854444903
1407.724138,,0.0012250220098995544,1406.631,0.597000002861023,-2.297937741933779
1408.189655,,0.0030828722349905743,1407.094,0.5889999866485596,-2.3151131331850205
1408.655172,,0.005791495127155987,1407.557,0.6100000143051147,-2.2691599281123356
1409.12069,,0.010806805854271661,1408.027,0.6010000109672546,-2.2886246303049034
1409.586207,,0.004823309513199391,1408.485,0.6100000143051147,-2.2689364473835476
1410.051724,,0.005006012873936423,1408.956,0.5640000104904175,-2.3691402072574164
1410.517241,,0.008534715984570606,1409.415,0.6010000109672546,-2.2885837651706895
1410.982759,,0.004019641669135075,1409.886,0.6320000290870667,-2.221164218209245
1411.448276,,0.0045424523192945125,1410.345,0.6060000061988831,-2.277987827321058
1411.9137930000002,,0.014537794361727998,1410.816,0.6579999923706055,-2.1649307741202857
1412.37931,,0.02291449091151571,1411.282,0.5929999947547913,-2.306822254020741
1412.844828,,0.022973986535663155,1411.747,0.593999981880188,-2.304962383184782
1413.3103449999999,,0.011725930411193648,1412.205,0.6150000095367432,-2.259559856182329
1413.775862,,0.0013341055757945005,1412.675,0.6460000276565552,-2.1923890636584327
1414.2413789999998,,0.000678635809498501,1413.137,0.6179999709129333,-2.2537645094507224
1414.706897,,0.016819377341112968,1413.605,0.6230000257492065,-2.243238857466687
1415.172414,,0.03381012429962841,1414.067,0.6039999723434448,-2.2849848833161968
1415.637931,,0.02981403949039128,1414.531,0.6060000061988831,-2.2809526076170896
1416.103448,,0.0067930858737461014,1415.001,0.6119999885559082,-2.268169408773145
1416.568966,,0.012061064397884215,1415.467,0.6000000238418579,-2.2945562682976175
1417.034483,,0.011478088371810507,1415.929,0.6150000095367432,-2.262066589467558
1417.5,,0.0009386326787193018,1416.395,0.5860000252723694,-2.32537845349197
1417.965517,,0.0020344367907333414,1416.856,0.5960000157356262,-2.303660456569116
1418.431034,,0.0045167869404970865,1417.322,0.597000002861023,-2.30148550378881
1418.8965520000002,,0.007039162618631882,1417.786,0.6050000190734863,-2.2839943684598056
1419.362069,,0.0032882489524071103,1418.252,0.6209999918937683,-2.249009556617881
1419.827586,,0.016663293171777487,1418.72,0.5899999737739563,-2.316360111959163
1420.293103,,0.015564890909682171,1419.186,0.6430000066757202,-2.2006482928131517
1420.758621,,0.0020890553052036217,1419.646,0.597000002861023,-2.3005738486641167
1421.2241379999998,,0.019066051964270428,1420.116,0.6000000238418579,-2.2937060913618796
1421.689655,,0.02063515551543274,1420.579,0.5920000076293945,-2.3107751308167224
1422.155172,,0.011892774907015362,1421.042,0.6449999809265137,-2.1949284441525005
1422.62069,,0.008511586696905504,1421.505,0.6079999804496765,-2.27515248405832
1423.086207,,0.01626892667478592,1421.975,0.6050000190734863,-2.281307120722233
1423.551724,,0.026152797093774452,1422.441,0.6110000014305115,-2.2678713627923757
1424.017241,,0.028033103122954227,1422.901,0.609000027179718,-2.2718932916982806
1424.482759,,0.02214475822947511,1423.367,0.5989999771118164,-2.2933838719977544
1424.948276,,0.014378447265097474,1423.832,0.597000002861023,-2.297494211441771
1425.413793,,0.007280393497240687,1424.297,0.5699999928474426,-2.3561286195591316
1425.87931,,0.002237100596324539,1424.764,0.5490000247955322,-2.401756314486203
1426.344828,,0.004872025568598541,1425.23,0.6000000238418579,-2.2905909418482344
1426.810345,,0.018840516574467687,1425.695,0.6029999852180481,-2.28407062037305
1427.275862,,0.03540683496252663,1426.161,0.6269999742507935,-2.231866474164229
1427.741379,,0.037858564128873076,1426.623,0.6150000095367432,-2.258158228286607
1428.206897,,0.021227278290800292,1427.086,0.6010000109672546,-2.288867762831285
1428.672414,,0.0037878046356630045,1427.554,0.5929999947547913,-2.3065604140613707
1429.137931,,0.00949386237450844,1428.016,0.5740000009536743,-2.348266004893998
1429.6034479999998,,0.0373998936613955,1428.481,0.6330000162124634,-2.2200749776881072
1430.068966,,0.060264528970187164,1428.952,0.5920000076293945,-2.309775111284499
1430.534483,,0.058087391485299546,1429.41,0.675000011920929,-2.129336186918281
0.0,,0.04024099059879645,1429.875,0.5830000042915344,-2.33016178526797
13.5,,0.028566194901047233,1430.341,0.6039999723434448,-2.2847904813768882
27.0,,0.031110612570860553,1430.808,0.6029999852180481,-2.287329051843985
40.5,,0.03997909741245388,1431.274,0.6079999804496765,-2.2767639279129486
54.0,,0.0457338720596761,1431.738,0.6330000162124634,-2.2225831407469157
67.5,,0.04576804160186022,1432.204,0.652999997138977,-2.179242922464976
81.0,,0.04330974094171265,1432.665,0.6489999890327454,-2.18812918740669
94.5,,0.04471504246136263,1433.134,0.6230000257492065,-2.244879640139055
108.0,,0.05432673659339439,1433.597,0.625,-2.2405599718067646
121.5,,0.06533362678154855,1434.067,0.6209999918937683,-2.2492436041251995
135.0,,0.05917888867524257,1434.527,0.6150000095367432,-2.2622173024079175
148.5,,0.02408222908476358,1434.99,0.6079999804496765,-2.2773062235430084
162.0,,0.026150056052519712,1435.456,0.6060000061988831,-2.2814438122484866
175.5,,0.06218569374203947,1435.922,0.6179999709129333,-2.2550293534122927
189.0,,0.06941762155420393,1436.387,0.5920000076293945,-2.311360814339041
202.5,,0.059312223725332194,1436.853,0.5929999947547913,-2.3088366705170955
216.0,,0.050671608021879457,1437.319,0.6190000176429749,-2.25182459932845
229.5,,0.04978668091965655,1437.786,0.6060000061988831,-2.2797687566511544
243.0,,0.05134636183287423,1438.251,0.6190000176429749,-2.251068072836562
256.5,,0.05022287491076351,1438.716,0.6269999742507935,-2.233271915922972
270.0,,0.04671200004893468,1439.175,0.6290000081062317,-2.2285691763616238
283.5,,0.04329866298502419,1439.643,0.6439999938011169,-2.195575738319694
297.0,,0.04096155060425847,1440.105,0.6110000014305115,-2.2671985790730207
310.5,,0.039106165798703185,1440.575,0.6100000143051147,-2.2691550423781552
324.0,,0.03706977689099327,1441.038,0.6000000238418579,-2.2907773401750253
337.5,,0.03474152311784047,1441.501,0.6079999804496765,-2.273247232195124
351.0,,0.03229434678602479,1441.971,0.6150000095367432,-2.2579615170608305
364.5,,0.029890768203559844,1442.437,0.5759999752044678,-2.342960969325225
378.0,,0.02760541065643396,1442.895,0.6019999980926514,-2.2864149683529034
391.5,,0.025421925788010027,1443.36,0.6000000238418579,-2.290934585777571
405.0,,0.023269213506679074,1443.827,0.6179999709129333,-2.2519388968651612
418.5,,0.021137746776749778,1444.293,0.6259999871253967,-2.234779319400348
432.0,,0.01916709356985053,1444.758,0.6060000061988831,-2.2786629753198007
445.5,,0.017518491987430038,1445.223,0.6330000162124634,-2.220181630120563
459.0,,0.016124731653912056,1445.686,0.6000000238418579,-2.2924401393267733
472.5,,0.014679081082953264,1446.156,0.5989999771118164,-2.294992461323915
486.0,,0.012969582880897392,1446.616,0.6069999933242798,-2.27793631218639
499.5,,0.011161747216510417,1447.086,0.6050000190734863,-2.2826544643096147
513.0,,0.009626288087509009,1447.546,0.5929999947547913,-2.309136151692562
526.5,,0.008499659890216905,1448.016,0.6079999804496765,-2.2767611023288215
540.0,,0.007551303636806979,1448.482,0.5830000042915344,-2.3314895831109173
553.5,,0.00650766367723841,1448.945,0.6460000276565552,-2.1944460513946704
567.0,,0.005355755687510129,1449.41,0.5960000157356262,-2.30353170129927
580.5,,0.004247859784336941,1449.875,0.6200000047683716,-2.251334689352805
594.0,,0.003218365072284387,1450.341,0.625,-2.2404666791144856
607.5,,0.0021184280629390514,1450.805,0.6290000081062317,-2.231710645085142
621.0,,0.0008267495573121579,1451.27,0.6150000095367432,-2.2621051586575462
634.5,,0.0005670437618368004,1451.737,0.6480000019073486,-2.190041366838052
648.0,,0.0018612657264326922,1452.195,0.5989999771118164,-2.296570425261433
661.5,,0.0029745341726925456,1452.664,0.6000000238418579,-2.294118837077035
675.0,,0.003972598830158878,1453.126,0.6190000176429749,-2.2524128306370534
688.5,,0.004899330308593785,1453.594,0.6140000224113464,-2.2629647111917808
702.0,,0.005720885849935604,1454.057,0.6000000238418579,-2.2931055561646874
715.5,,0.006445398096949363,1454.524,0.6240000128746033,-2.240450271717526
729.0,,0.00717860078430652,1454.986,0.5299999713897705,-2.4448807107802053
742.5,,0.007994391124249255,1455.452,0.6340000033378601,-2.2179557787985105
756.0,,0.008777522204654142,1455.916,0.5950000286102295,-2.302604160681538
769.5,,0.009277278485363654,1456.381,0.6230000257492065,-2.241318187125549
783.0,,0.009391172024971053,1456.846,0.6499999761581421,-2.1822537403614213
796.5,,0.009337867783409247,1457.312,0.6209999918937683,-2.245242488848213
810.0,,0.009416135787151425,1457.779,0.6069999933242798,-2.275607066839023
823.5,,0.009633088752117956,1458.244,0.6019999980926514,-2.286424508678686
837.0,,0.009751674270212177,1458.709,0.6079999804496765,-2.273340043838367
850.5,,0.00970777115279309,1459.175,0.5889999866485596,-2.3147853385585777
864.0,,0.009788628616769109,1459.638,0.6240000128746033,-2.2386452483640005
877.5,,0.010307722472920758,1460.101,0.597000002861023,-2.2976390413243273
891.0,,0.01118350668066953,1460.568,0.6079999804496765,-2.2738964101390042
904.5,,0.011939128556576063,1461.031,0.5910000205039978,-2.3112013754047958
918.0,,0.012167422633346978,1461.502,0.6499999761581421,-2.182965593241627
931.5,,0.011951580405907984,1461.964,0.6069999933242798,-2.2769776693218424
945.0,,0.011693792302676252,1462.429,0.609000027179718,-2.2729664486238814
958.5,,0.01153927922892044,1462.89,0.6039999723434448,-2.284212030264187
972.0,,0.011203699930932098,1463.355,0.5929999947547913,-2.308524897055573
985.5,,0.01044593120344959,1463.82,0.5960000157356262,-2.302321985638639
999.0,,0.009453857255192122,1464.286,0.6100000143051147,-2.2721288886436435
1012.5,,0.008582362065041598,1464.753,0.5989999771118164,-2.2963671906019507
1026.0,,0.00786878286800412,1465.219,0.6389999985694885,-2.2094504038866036
1039.5,,0.007024794126977491,1465.687,0.6340000033378601,-2.2205208751939987
1053.0,,0.005884438412477686,1466.149,0.621999979019165,-2.2467843497508806
1066.5,,0.004669159492434909,1466.616,0.6330000162124634,-2.2228780666301953
1080.0,,0.0037332017495653918,1467.079,0.6010000109672546,-2.292592019985537
1093.5,,0.0031839377844516416,1467.542,0.6209999918937683,-2.248955533667754
1107.0,,0.002866623865798019,1468.005,0.6209999918937683,-2.2488334585490866
1120.5,,0.002619505662824957,1468.471,0.6209999918937683,-2.2486566094661904
1134.0,,0.002401063930282928,1468.941,0.6449999809265137,-2.1961428007935204
1147.5,,0.002222544943197686,1469.406,0.6019999980926514,-2.289556280053117
1161.0,,0.0021035636845853794,1469.865,0.6690000295639038,-2.143284708355814
1174.5,,0.0020794429122319475,1470.33,0.5929999947547913,-2.30853590038386
1188.0,,0.0021202034477590024,1470.795,0.6179999709129333,-2.253730785386023
1201.5,,0.0020529697230193375,1471.261,0.6060000061988831,-2.2795342868839197
1215.0,,0.0017154513888578103,1471.727,0.6169999837875366,-2.2552381568003983
1228.5,,0.0012076157473428662,1472.193,0.5920000076293945,-2.309393057979984
1242.0,,0.0008291711835831732,1472.661,0.5979999899864197,-2.296039894309966
1255.5,,0.0006911965068045839,1473.123,0.6169999837875366,-2.2544026798629244
1269.0,,0.0005391976119575067,1473.586,0.6190000176429749,-2.249847232382494
1282.5,,9.165665772806032e-05,1474.057,0.6110000014305115,-2.2671287259505646
1296.0,,0.0005732561052846357,1474.52,0.6069999933242798,-2.275750471457735
1309.5,,0.0011490700857655022,1474.982,0.6370000243186951,-2.210355105496113
1323.0,,0.0015303453629377276,1475.448,0.6019999980926514,-2.286629367701305
1336.5,,0.0018891095253219777,1475.912,0.6259999871253967,-2.234419762401115
1350.0,,0.002322938811645103,1476.378,0.5289999842643738,-2.445881856739165
1363.5,,0.002638971679470316,1476.843,0.593999981880188,-2.3044552738635327
1377.0,,0.0026159879283037986,1477.308,0.6150000095367432,-2.2589343670939153
1390.5,,0.002374189030557736,1477.775,0.6069999933242798,-2.2766299675888213
1404.0,,0.002280345151843849,1478.241,0.6209999918937683,-2.246421680437548
1417.5,,0.0024606335883661217,1478.7,0.6010000109672546,-2.2903043034567827
,,,1479.165,0.6389999985694885,-2.2078320140608656
,,,1479.635,0.5979999899864197,-2.2974693182151262
,,,1480.097,0.5879999995231628,-2.319555929207129
,,,1480.56,0.625,-2.239224604488693
,,,1481.03,0.6190000176429749,-2.2525440245474857
,,,1481.498,0.6110000014305115,-2.2701818334506596
,,,1481.96,0.6079999804496765,-2.2768816871548623
,,,1482.426,0.6190000176429749,-2.253030944038431
,,,1482.89,0.5979999899864197,-2.298844673420818
,,,1483.356,0.6129999756813049,-2.2661734505867286
,,,1483.82,0.6060000061988831,-2.281379126829356
,,,1484.286,0.6150000095367432,-2.261674984543411
,,,1484.75,0.5950000286102295,-2.305103910218523
,,,1485.216,0.625,-2.2395578407046814
,,,1485.679,0.6439999938011169,-2.1979394934370786
,,,1486.141,0.6019999980926514,-2.2891883875650376
,,,1486.609,0.6019999980926514,-2.2889133406469164
,,,1487.071,0.6100000143051147,-2.271198037172027
,,,1487.535,0.6200000047683716,-2.2491232434122828
,,,1488.005,0.6100000143051147,-2.2706280472048648
,,,1488.47,0.5920000076293945,-2.309578193504619
,,,1488.933,0.6330000162124634,-2.220012529126017
,,,1489.398,0.5040000081062317,-2.5008504498817063
,,,1489.864,0.5979999899864197,-2.295891337221502
,,,1490.33,0.6209999918937683,-2.2456612119064743
,,,1490.79,0.6060000061988831,-2.278265519786828
,,,1491.256,0.6079999804496765,-2.2738804517699958
,,,1491.72,0.6200000047683716,-2.24775649779944
,,,1492.186,0.5960000157356262,-2.300110270301395
,,,1492.657,0.6060000061988831,-2.2784340225182698
,,,1493.119,0.6579999923706055,-2.1652934627249203
,,,1493.587,0.6600000262260437,-2.1611167169529
,,,1494.049,0.6119999885559082,-2.2658977264106115
,,,1494.517,0.6359999775886536,-2.213835581979581
,,,1494.979,0.6039999723434448,-2.283790754370756
,,,1495.444,0.6129999756813049,-2.26442728171072
,,,1495.909,0.5960000157356262,-2.3017075420618047
,,,1496.374,0.6150000095367432,-2.260548060787414
,,,1496.839,0.6060000061988831,-2.2803748917334814
,,,1497.305,0.6079999804496765,-2.2762141271891467
,,,1497.771,0.6190000176429749,-2.252416962536743
,,,1498.23,0.5920000076293945,-2.311375361776867
,,,1498.695,0.6019999980926514,-2.2896873920918925
,,,1499.16,0.6039999723434448,-2.2853898075173773
,,,1499.631,0.6050000190734863,-2.283230219824116
,,,1500.093,0.5329999923706055,-2.440072854465149
,,,1500.561,0.5989999771118164,-2.296225043719626
,,,1501.023,0.6110000014305115,-2.269988149763827
,,,1501.489,0.5989999771118164,-2.296004593385233
,,,1501.954,0.6290000081062317,-2.2304871534412642
,,,1502.42,0.6200000047683716,-2.2499109912898883
,,,1502.88,0.6169999837875366,-2.256242586430305
,,,1503.346,0.6169999837875366,-2.256024597555815
,,,1503.813,0.5910000205039978,-2.3124452661918333
,,,1504.279,0.6069999933242798,-2.2773643819788942
,,,1504.746,0.6029999852180481,-2.285864904804582
,,,1505.211,0.6079999804496765,-2.2747723887209044
,,,1505.672,0.5929999947547913,-2.3072738621522495
,,,1506.135,0.6039999723434448,-2.2831571920058504
,,,1506.605,0.5540000200271606,-2.3919698860813847
,,,1507.067,0.6159999966621399,-2.256809818567533
,,,1507.535,0.6190000176429749,-2.250226504274365
,,,1507.997,0.6019999980926514,-2.287252873033277
,,,1508.463,0.5989999771118164,-2.293815289853758
,,,1508.926,0.5920000076293945,-2.3091286278655185
,,,1509.392,0.6060000061988831,-2.278724507154187
,,,1509.857,0.6539999842643738,-2.1742757439069873
,,,1510.323,0.5950000286102295,-2.3029664607453295
,,,1510.791,0.6309999823570251,-2.2247055616621143
,,,1511.256,0.6060000061988831,-2.2793567515974327
,,,1511.716,0.6039999723434448,-2.2839082576292813
,,,1512.182,0.6079999804496765,-2.2753913521910443
,,,1512.646,0.4350000023841858,-2.6524959642369206
,,,1513.115,0.6029999852180481,-2.286679043431954
,,,1513.576,0.6050000190734863,-2.2825063167904047
,,,1514.045,0.640999972820282,-2.204238503340521
,,,1514.509,0.6579999923706055,-2.1673369017513875
,,,1514.971,0.6179999709129333,-2.2545857678194583
,,,1515.437,0.6200000047683716,-2.250296831157314
,,,1515.902,0.5929999947547913,-2.3091538330777177
,,,1516.368,0.6700000166893005,-2.141395197277978
,,,1516.835,0.5989999771118164,-2.2960402770232604
,,,1517.3,0.6539999842643738,-2.1761409304076356
,,,1517.765,0.6439999938011169,-2.197821644192088
,,,1518.231,0.6079999804496765,-2.2761191490224078
,,,1518.697,0.6349999904632568,-2.217139469730616
,,,1519.156,0.5709999799728394,-2.3564010932381825
,,,1519.624,0.5960000157356262,-2.301754401988149
,,,1520.086,0.6240000128746033,-2.24056925922846
,,,1520.55,0.5950000286102295,-2.3035695724754315
,,,1521.02,0.5950000286102295,-2.3033979919201073
,,,1521.486,0.6290000081062317,-2.2291666191034523
,,,1521.949,0.6019999980926514,-2.287851144460011
,,,1522.415,0.6019999980926514,-2.2877349657658774
,,,1522.88,0.6190000176429749,-2.2506080629808993
,,,1523.345,0.6060000061988831,-2.2788690502068834
,,,1523.805,0.6190000176429749,-2.250514781422179
,,,1524.271,0.6230000257492065,-2.2417981217742184
,,,1524.735,0.6079999804496765,-2.2745049856682322
,,,1525.201,0.6290000081062317,-2.2288079750719856
,,,1525.668,0.6039999723434448,-2.2833542080938067
,,,1526.131,0.6150000095367432,-2.2594913319742043
,,,1526.601,0.6209999918937683,-2.246540357319458
,,,1527.064,0.6060000061988831,-2.279354968283775
,,,1527.531,0.6019999980926514,-2.28821429255591
,,,1527.993,0.6169999837875366,-2.255684272794644
,,,1528.459,0.6060000061988831,-2.2797986940790684
,,,1528.923,0.6150000095367432,-2.260334824505961
,,,1529.389,0.6370000243186951,-2.212537922046889
,,,1529.853,0.6299999952316284,-2.227906294401398
,,,1530.319,0.5860000252723694,-2.3238660013336307
,,,1530.784,0.5839999914169312,-2.328302958466103
,,,1531.249,0.5929999947547913,-2.308753609633437
,,,1531.716,0.6230000257492065,-2.243429132657466
,,,1532.182,0.6079999804496765,-2.276118889354326
,,,1532.642,0.6110000014305115,-2.2695677611080596
,,,1533.105,0.6200000047683716,-2.2499207139288946
,,,1533.576,0.5960000157356262,-2.302146857040559
,,,1534.038,0.6050000190734863,-2.2824584408883326
,,,1534.502,0.6190000176429749,-2.25186058553173
,,,1534.971,0.597000002861023,-2.299681229734832
,,,1535.437,0.6449999809265137,-2.194987158998703
,,,1535.902,0.6579999923706055,-2.166539040951319
,,,1536.36,0.6069999933242798,-2.277521785683139
,,,1536.827,0.5889999866485596,-2.3166129023143656
,,,1537.293,0.640999972820282,-2.203207321059973
,,,1537.757,0.6010000109672546,-2.2902491499044517
,,,1538.223,0.6039999723434448,-2.283624944851646
,,,1538.687,0.6449999809265137,-2.1942304040282514
,,,1539.156,0.5979999899864197,-2.29657688954017
,,,1539.616,0.5669999718666077,-2.3640879603721943
,,,1540.086,0.6060000061988831,-2.2791182931959306
,,,1540.55,0.628000020980835,-2.2312089052099386
,,,1541.012,0.6119999885559082,-2.266109065328132
,,,1541.479,0.6169999837875366,-2.2552765122266676
,,,1541.941,0.6100000143051147,-2.2706043707184795
,,,1542.407,0.6169999837875366,-2.255444925646459
,,,1542.872,0.6060000061988831,-2.2795112543528737
,,,1543.338,0.5960000157356262,-2.301405789718251
,,,1543.805,0.5870000123977661,-2.3211252316290123
,,,1544.271,0.609000027179718,-2.2733059974021987
,,,1544.731,0.6079999804496765,-2.2755905742031493
,,,1545.197,0.6100000143051147,-2.271329475942739
,,,1545.66,0.6069999933242798,-2.2779486944119136
,,,1546.13,0.6579999923706055,-2.1669039011632103
,,,1546.591,0.6179999709129333,-2.2540959113844456
,,,1547.06,0.6230000257492065,-2.2432271710637983
,,,1547.523,0.6169999837875366,-2.2563024308168798
,,,1547.986,0.6309999823570251,-2.2257832948073544
,,,1548.452,0.597000002861023,-2.2998191457898836
,,,1548.916,0.625,-2.238760875293698
,,,1549.381,0.628000020980835,-2.232152776630162
,,,1549.846,0.6370000243186951,-2.2124589805310393
,,,1550.311,0.6000000238418579,-2.292973008551334
,,,1550.776,0.6190000176429749,-2.2514773662586616
,,,1551.242,0.5709999799728394,-2.3559508818056063
,,,1551.709,0.5929999947547913,-2.3079234591056084
,,,1552.175,0.593999981880188,-2.3056561705004333
,,,1552.635,0.5950000286102295,-2.303400098646458
,,,1553.104,0.593999981880188,-2.305515727708811
,,,1553.565,0.6240000128746033,-2.240109023316093
,,,1554.035,0.6480000019073486,-2.1877903905857963
,,,1554.498,0.6150000095367432,-2.259671042454208
,,,1554.96,0.5849999785423279,-2.325033981950644
,,,1555.426,0.6309999823570251,-2.224838340487194
,,,1555.891,0.6370000243186951,-2.211805238118618
,,,1556.356,0.593999981880188,-2.305540975753931
,,,1556.823,0.6119999885559082,-2.2663929339870155
,,,1557.289,0.6079999804496765,-2.2751867423270764
,,,1557.754,0.5929999947547913,-2.3079542198966507
,,,1558.22,0.6209999918937683,-2.247045111451286
,,,1558.683,0.6019999980926514,-2.288533762308445
,,,1559.146,0.5860000252723694,-2.3234844857834185
,,,1559.616,0.6209999918937683,-2.2473189535561153
,,,1560.078,0.6140000224113464,-2.262646917330631
,,,1560.546,0.5910000205039978,-2.312820610036158
,,,1561.008,0.6169999837875366,-2.25622566881831
,,,1561.474,0.625,-2.2388285758444573
,,,1561.936,0.6539999842643738,-2.175659397912342
,,,1562.402,0.6060000061988831,-2.280224601815418
,,,1562.868,0.6119999885559082,-2.267122625539057
,,,1563.333,0.5709999799728394,-2.3563993363845945
,,,1563.798,0.6100000143051147,-2.2713685252816607
,,,1564.264,0.6010000109672546,-2.2908991424594456
,,,1564.731,0.6370000243186951,-2.212378345348718
,,,1565.19,0.6079999804496765,-2.2754602893576807
,,,1565.661,0.621999979019165,-2.244854421533162
,,,1566.123,0.6190000176429749,-2.251283690344041
,,,1566.591,0.6129999756813049,-2.264251282178854
,,,1567.053,0.6179999709129333,-2.2532600775772367
,,,1567.516,0.593999981880188,-2.3054603345268316
,,,1567.986,0.6179999709129333,-2.253100027746521
,,,1568.452,0.6039999723434448,-2.283545764904427
,,,1568.915,0.5989999771118164,-2.294403652292154
,,,1569.381,0.6050000190734863,-2.2813183771703387
,,,1569.845,0.5910000205039978,-2.3118292875623547
,,,1570.311,0.6029999852180481,-2.285718764294874
,,,1570.776,0.5920000076293945,-2.309739621527582
,,,1571.242,0.6380000114440918,-2.2095977422432913
,,,1571.702,0.6179999709129333,-2.25326345808865
,,,1572.168,0.6430000066757202,-2.1989027972469395
,,,1572.631,0.6200000047683716,-2.249126704967701
,,,1573.101,0.6299999952316284,-2.227460821504206
,,,1573.561,0.6060000061988831,-2.2798709362640355
,,,1574.031,0.640999972820282,-2.2037385856433405
,,,1574.502,0.6370000243186951,-2.212566062344526
,,,1574.956,0.6430000066757202,-2.199595216305701
,,,1575.423,0.6119999885559082,-2.267219173661968
,,,1575.89,0.6370000243186951,-2.2128208417495174
,,,1576.356,0.6209999918937683,-2.247726806127832
,,,1576.82,0.6010000109672546,-2.291325358599458
,,,1577.286,0.597000002861023,-2.3000435895727214
,,,1577.746,0.6299999952316284,-2.2281291928090057
,,,1578.211,0.6290000081062317,-2.2302652947422517
,,,1578.679,0.5789999961853027,-2.339133103082986
,,,1579.141,0.6150000095367432,-2.2606178505548975
,,,1579.605,0.640999972820282,-2.2038715488368825
,,,1580.075,0.6119999885559082,-2.266935130087712
,,,1580.538,0.5910000205039978,-2.3125583998183505
,,,1581.001,0.6110000014305115,-2.2688510981194416
,,,1581.466,0.6060000061988831,-2.279607958419331
,,,1581.937,0.6190000176429749,-2.2511510983983034
,,,1582.395,0.625,-2.2379507514764194
,,,1582.861,0.625,-2.237832015943871
,,,1583.325,0.6190000176429749,-2.2507989795479304
,,,1583.79,0.5699999928474426,-2.357466653267111
,,,1584.255,0.6420000195503235,-2.200540109242204
,,,1584.72,0.6060000061988831,-2.278931562673194
,,,1585.186,0.6029999852180481,-2.2854531594350127
,,,1585.656,0.6449999809265137,-2.193961951314879
,,,1586.119,0.6320000290870667,-2.2223215632577795
,,,1586.583,0.6439999938011169,-2.196239091852257
,,,1587.045,0.515999972820282,-2.475192147825748
,,,1587.516,0.6190000176429749,-2.2509020549746417
,,,1587.979,0.6079999804496765,-2.2749986043779566
,,,1588.445,0.6119999885559082,-2.2664301428560325
,,,1588.908,0.6039999723434448,-2.284015967635567
,,,1589.374,0.6060000061988831,-2.279820812906661
,,,1589.838,0.6079999804496765,-2.2756261705305274
,,,1590.304,0.6570000052452087,-2.1690288831967597
,,,1590.769,0.6589999794960022,-2.164815058746296
,,,1591.234,0.6370000243186951,-2.2128701130308186
,,,1591.701,0.6200000047683716,-2.2500104269477426
,,,1592.16,0.6060000061988831,-2.2805909293178774
,,,1592.627,0.574999988079071,-2.3481833544629276
,,,1593.097,0.597000002861023,-2.300281133004049
,,,1593.557,0.6190000176429749,-2.252350829701214
,,,1594.02,0.6209999918937683,-2.247963828188512
,,,1594.485,0.6159999966621399,-2.2587976663361067
,,,1594.957,0.6039999723434448,-2.284854337003845
,,,1595.415,0.5889999866485596,-2.31742231372656
,,,1595.887,0.5920000076293945,-2.310753949173207
