Trial: ,23
Threshold: ,0.0
Maximum EMG: ,0.04995855129485
Success: ,True

EMG Time,Raw EMG,Filtered EMG,Force Time,Raw Force (V),Filtered Force (N)
0.0,samples,9.293336976952558e-06,0.471,0.5210000276565552,-2.465945931473488
0.46551699999999996,time,8.161403746999128e-06,0.933,0.515999972820282,-2.4767674157280224
0.9310339999999999,value,6.951489557825437e-06,1.396,0.515999972820282,-2.476665868565875
1.396552,,5.664538569040813e-06,1.866,0.5249999761581421,-2.456929721221966
1.862069,,4.301810272030762e-06,2.329,0.515999972820282,-2.476386189262605
2.327586,,2.8648886188658823e-06,2.792,0.5509999990463257,-2.3999630260668314
2.793103,,1.35569038904937e-06,3.258,0.5170000195503235,-2.4738523684039797
3.258621,,2.235272686290671e-07,3.721,0.515999972820282,-2.475838463343971
3.724138,,1.8701601816338375e-06,4.187,0.5299999713897705,-2.4451431509110986
4.189654999999999,,3.5812514486555565e-06,4.651,0.5249999761581421,-2.4558462452699903
4.655172,,5.35348674534632e-06,5.117,0.5109999775886536,-2.486167438528379
5.12069,,7.183190701195579e-06,5.582,0.503000020980835,-2.5034333482460545
5.586207,,9.06632440671327e-06,6.048,0.527999997138977,-2.4488259532374714
6.051723999999999,,1.0998484108612906e-05,6.515,0.5099999904632568,-2.4879264583789755
6.517241,,1.2974901148944079e-05,6.98,0.5239999890327454,-2.4573398367788695
6.982759,,1.499044320210579e-05,7.441,0.49000000953674316,-2.5313612213077694
7.448276,,1.703961686137455e-05,7.91,0.5239999890327454,-2.4572695625367316
7.913793000000001,,1.911657162400045e-05,8.374,0.5120000243186951,-2.483430893200025
8.379309999999998,,2.1215105321057352e-05,8.836,0.5049999952316284,-2.4987338397173864
8.844828000000001,,2.332867103507768e-05,9.304,0.5249999761581421,-2.4552465068789378
9.310345,,2.5450385545057094e-05,9.766,0.515999972820282,-2.4749701765469347
9.775862,,2.757303933467905e-05,10.232,0.5090000033378601,-2.4903632140190815
10.241379,,2.968910819558485e-05,10.696,0.5339999794960022,-2.4360618922111055
10.706897,,3.179076645320307e-05,11.161,0.515999972820282,-2.4754591726440034
11.172414,,3.386990183805629e-05,11.626,0.5049999952316284,-2.4996173504090424
11.637931,,3.591813202058671e-05,12.092,0.5099999904632568,-2.488923361466556
12.103447999999998,,3.7926822822390974e-05,12.559,0.5230000019073486,-2.4607998626683876
12.568966000000001,,3.98871081113348e-05,13.025,0.503000020980835,-2.5045650522935885
13.034483,,4.178991138233746e-05,13.485,0.5099999904632568,-2.489494431843311
13.5,,4.3625969019683874e-05,13.955,0.4950000047683716,-2.522336317016147
13.965517,,4.538585523054806e-05,14.415,0.527999997138977,-2.4505800516998786
14.431034,,4.7060008633008086e-05,14.885,0.5180000066757202,-2.472477388479723
14.896552,,4.863876047521165e-05,15.348,0.5170000195503235,-2.47473477552553
15.362069,,5.011236445552777e-05,15.81,0.5090000033378601,-2.4922084568737413
15.827586000000002,,5.1471028106508815e-05,16.276,0.515999972820282,-2.4769667885871143
16.293103,,5.270494569830582e-05,16.746,0.5059999823570251,-2.4987260994175053
16.758621,,5.3804332609846514e-05,17.205,0.5099999904632568,-2.4899492419680667
17.224138,,5.4759461108618995e-05,17.67,0.515999972820282,-2.476781801173587
17.689655,,5.556069747232639e-05,18.136,0.5149999856948853,-2.4788340803191042
18.155172,,5.619854037800998e-05,18.6,0.5139999985694885,-2.480859385961896
18.62069,,5.666366047650487e-05,19.066,0.5299999713897705,-2.445825231771757
19.086207,,5.694694106231736e-05,19.533,0.5120000243186951,-2.484847666242318
19.551724,,5.7039519741222507e-05,19.999,0.5120000243186951,-2.484643615620083
20.017241000000002,,5.693283099010181e-05,20.46,0.5170000195503235,-2.4735420531961405
20.482758999999998,,5.661864949580183e-05,20.929,0.515999972820282,-2.475514586437187
20.948276,,5.6089134152124737e-05,21.392,0.515999972820282,-2.475316935471125
21.413793000000002,,5.533687258649149e-05,21.855,0.5180000066757202,-2.4707767338032314
21.87931,,5.435492608037866e-05,22.326,0.5239999890327454,-2.457542517674823
22.344828,,5.3136874740353225e-05,22.788,0.5070000290870667,-2.4944428572145996
22.810344999999998,,5.1676862769449e-05,23.254,0.515999972820282,-2.47472906881584
23.275862,,4.996964368177668e-05,23.718,0.5009999871253967,-2.507337002183303
23.741379,,4.801062529667241e-05,24.184,0.5170000195503235,-2.472443568082611
24.206897,,4.5795914342401026e-05,24.648,0.527999997138977,-2.4484810222175217
24.672414,,4.33223604934756e-05,25.114,0.5109999775886536,-2.485557849422363
25.137931,,4.058759966007013e-05,25.578,0.5130000114440918,-2.481276727180042
25.603448,,3.759009634282305e-05,26.044,0.5339999794960022,-2.43563552246005
26.068966,,3.432918486159134e-05,26.511,0.5139999985694885,-2.4793491650488653
26.534483,,3.0805109262455075e-05,26.976,0.5120000243186951,-2.483873563905578
27.0,,2.7019061703525305e-05,27.437,0.5199999809265137,-2.4666332563128015
27.465517,,2.2973219116910602e-05,27.9,0.5540000200271606,-2.392762801643905
27.931034,,1.867077794158334e-05,28.37,0.515999972820282,-2.4757631839091863
28.396552,,1.4115986719891479e-05,28.833,0.5180000066757202,-2.4716195340993514
28.862069,,9.314176349118486e-06,29.304,0.4659999907016754,-2.585120154466976
29.327586,,4.2717877788362306e-06,29.766,0.5189999938011169,-2.469853992191988
29.793103000000002,,1.003603055144696e-06,30.225,0.515999972820282,-2.476576306892608
30.258620999999998,,6.503263268615481e-06,30.697,0.5120000243186951,-2.4854544053070597
30.724138,,1.2217284245403465e-05,31.155,0.5299999713897705,-2.446374314516447
31.189655000000002,,1.8134566236813164e-05,31.622,0.5180000066757202,-2.4726205635913514
31.655172000000004,,2.4242806545264592e-05,32.088,0.5070000290870667,-2.4966521488181477
32.12069,,3.052849148924135e-05,32.552,0.5059999823570251,-2.4988597052980572
32.586207,,3.6976892341704075e-05,33.018,0.5270000100135803,-2.4530978394596534
33.051724,,4.357206542826907e-05,33.486,0.5630000233650208,-2.3746159208397937
33.517241000000006,,5.029685656467924e-05,33.948,0.5049999952316284,-2.500887491719837
33.982759,,5.713291000538969e-05,34.411,0.5099999904632568,-2.4898685525861426
34.448276,,6.40606820664398e-05,34.881,0.5249999761581421,-2.4570320141123916
34.913793,,7.105945957617873e-05,35.341,0.5040000081062317,-2.5026001598555414
35.37931,,7.810738329684255e-05,35.811,0.5419999957084656,-2.4196069618886096
35.844828,,8.518147644844837e-05,36.276,0.5019999742507935,-2.5065333609945117
36.310345,,9.225767845396882e-05,36.739,0.5199999809265137,-2.467090293615401
36.775862,,9.931088401128642e-05,37.204,0.5080000162124634,-2.4930063290064552
37.241378999999995,,0.00010631498758300343,37.67,0.5139999985694885,-2.4797136511701376
37.706897000000005,,0.00011324293337981205,38.135,0.5130000114440918,-2.4816853028645314
38.172414,,0.00012006677089682557,38.6,0.5289999842643738,-2.446640042453052
38.637931,,0.0001267577160450489,39.065,0.5239999890327454,-2.4573718581626403
39.103448,,0.00013328621790205158,39.53,0.5249999761581421,-2.455062396767092
39.568965999999996,,0.00013962203108691998,39.996,0.5170000195503235,-2.472395720499155
40.034483,,0.00014573429374474303,40.459,0.515999972820282,-2.4745172674781175
40.5,,0.0001515916111052565,40.921,0.515999972820282,-2.4745008342321833
40.965517,,0.000157162144558877,41.389,0.5099999904632568,-2.4875978951748907
41.431034,,0.00016241370617123887,41.851,0.5410000085830688,-2.4201256375437685
41.896552,,0.00016731385853455577,42.319,0.5249999761581421,-2.455088102878782
42.362069000000005,,0.00017183001983071212,42.782,0.5099999904632568,-2.487907170884157
42.827586000000004,,0.0001759295739570059,43.247,0.531000018119812,-2.4423265008359767
43.293103,,0.00017957998554097622,43.715,0.5289999842643738,-2.446880920767389
43.758621,,0.0001827489196458172,44.18,0.5339999794960022,-2.436204339094859
44.224138,,0.0001854043659425782,44.646,0.5249999761581421,-2.4560418369111194
44.689655,,0.0001875147670997515,45.105,0.5339999794960022,-2.4366696467614184
45.155172,,0.00018904915111502834,45.57,0.5329999923706055,-2.4390825256462674
45.620689999999996,,0.00018997726728804895,46.036,0.515999972820282,-2.476345402213637
46.086206999999995,,0.00019026972550696542,46.501,0.515999972820282,-2.47655638024701
46.551724,,0.00018989813849566733,46.966,0.5170000195503235,-2.4745674873393013
47.017241,,0.0001888352666426874,47.437,0.5329999923706055,-2.439871561347475
47.482759,,0.00018705516500719922,47.899,0.5239999890327454,-2.4596087203426222
47.948276,,0.00018453333207224843,48.363,0.5320000052452087,-2.4422714048055227
48.413793,,0.0001812468597905216,48.826,0.46399998664855957,-2.5904722044360975
48.879310000000004,,0.00017717458444366306,49.291,0.5249999761581421,-2.4575873105825004
49.344828,,0.00017229723781250856,49.755,0.5099999904632568,-2.4902383460733604
49.810345,,0.00016659759813272723,50.221,0.5339999794960022,-2.4378802640377186
50.275862,,0.00016006064028836243,50.685,0.515999972820282,-2.476985136827225
50.741379,,0.00015267368467475706,51.151,0.5059999823570251,-2.4986239828361483
51.206897,,0.0001444265441424533,51.615,0.5270000100135803,-2.4526924357346895
51.672414,,0.0001353116684149923,52.082,0.5249999761581421,-2.456842437896477
52.137931,,0.00012532428535622024,52.548,0.5180000066757202,-2.4718640081241268
52.603448,,0.00011446253844685893,53.014,0.5460000038146973,-2.410618056914575
53.068966,,0.00010272761981583408,53.481,0.5130000114440918,-2.4822619395613224
53.534483,,9.01238981592977e-05,53.944,0.5199999809265137,-2.4667605134833117
54.0,,7.665904086954467e-05,54.407,0.5170000195503235,-2.473054213878127
54.465517,,6.234412968722739e-05,54.87,0.5260000228881836,-2.45322037882439
54.931034,,4.71937691835282e-05,55.341,0.47699999809265137,-2.559772211158593
55.396552,,3.122618737437067e-05,55.803,0.5199999809265137,-2.4659195366368474
55.862069,,1.4463327766444664e-05,56.269,0.503000020980835,-2.502822027096054
56.327586,,3.0690678651065675e-06,56.732,0.5149999856948853,-2.476584151457749
56.793102999999995,,2.1341386664936375e-05,57.198,0.5139999985694885,-2.4787119192100135
57.258621000000005,,4.0320082544151005e-05,57.663,0.4860000014305115,-2.539708677090924
57.724138,,5.996762537004359e-05,58.129,0.5210000276565552,-2.463496716089682
58.189655,,8.024246217302469e-05,58.593,0.5009999871253967,-2.5071553635476995
58.655172,,0.00010109899103148141,59.058,0.5320000052452087,-2.43974457190813
59.120689999999996,,0.0001224875482790026,59.523,0.5339999794960022,-2.435551911945481
59.586207,,0.00014435440965914048,59.988,0.5189999938011169,-2.468428126678834
60.051724,,0.0001666418060305789,60.456,0.5120000243186951,-2.4839018091086604
60.517241,,0.00018928795420019906,60.918,0.5239999890327454,-2.458001598323129
60.982758999999994,,0.00021222710343303053,61.381,0.492000013589859,-2.5279750350783172
61.448276,,0.00023538959815642174,61.851,0.5400000214576721,-2.4236620413534555
61.913793,,0.0002587019573409332,62.315,0.5180000066757202,-2.471851205112644
62.379310000000004,,0.0002820869710024425,62.777,0.5239999890327454,-2.459026723650568
62.84482800000001,,0.0003054638142287492,63.243,0.515999972820282,-2.4766845782440017
63.310345000000005,,0.0003287481790895964,63.708,0.5139999985694885,-2.481244855065534
63.775862000000004,,0.0003518524247415008,64.173,0.5260000228881836,-2.4552721430040982
64.241379,,0.0003746857459881489,64.641,0.5099999904632568,-2.4902643556455075
64.706897,,0.00039715436050341145,65.106,0.5270000100135803,-2.453319468918538
65.172414,,0.00041916171486732444,65.566,0.5109999775886536,-2.4882255361097
65.637931,,0.0004406087095057511,66.032,0.503000020980835,-2.505656455944859
66.103448,,0.0004613939425619661,66.504,0.5350000262260437,-2.4358954499333563
66.56896599999999,,0.0004814139726631943,66.962,0.5400000214576721,-2.424911962783163
67.03448300000001,,0.000500563600477311,67.43,0.49799999594688416,-2.516281583568152
67.5,,0.0005187361688845939,67.892,0.5130000114440918,-2.4834297944799477
67.965517,,0.0005358238815167675,68.356,0.5149999856948853,-2.4788675262211193
68.431034,,0.000551718139340746,68.825,0.5210000276565552,-2.4655631674808847
68.896552,,0.0005663098948876497,69.291,0.5329999923706055,-2.439166236493899
69.362069,,0.0005794900236490299,69.755,0.6240000128746033,-2.2406404555573967
69.827586,,0.0005911497120819787,70.221,0.5080000162124634,-2.493086457132374
70.293103,,0.0006011808615831825,70.685,0.4909999966621399,-2.5298491980837206
70.75862099999999,,0.0006094765077091847,71.15,0.5180000066757202,-2.4707651995198554
71.22413800000001,,0.0006159312538364531,71.615,0.5149999856948853,-2.4770621941182713
71.689655,,0.0006204417183705293,72.081,0.5099999904632568,-2.4877451106499016
72.15517200000001,,0.0006229069945288679,72.54,0.515999972820282,-2.4744983935995797
72.62069,,0.0006232291216372374,73.006,0.5090000033378601,-2.4896150220824005
73.086207,,0.0006213135667950502,73.474,0.5320000052452087,-2.439417243839302
73.551724,,0.0006170697156810473,73.937,0.5059999823570251,-2.4960209822884067
74.017241,,0.0006104113711876955,74.4,0.43799999356269836,-2.644178785619105
74.482759,,0.0006012572584908092,74.87,0.5230000019073486,-2.4590553510100777
74.94827599999999,,0.0005895315350806355,75.333,0.5230000019073486,-2.459165375761251
75.41379300000001,,0.0005751643042022903,75.796,0.5210000276565552,-2.463675882731962
75.87931,,0.0005580921300773825,76.262,0.5099999904632568,-2.4878330875697285
76.344828,,0.0005382585532052832,76.728,0.5080000162124634,-2.4924155126351297
76.810345,,0.0005156146039721658,77.194,0.5379999876022339,-2.427307157293587
77.275862,,0.0004901193127290528,77.659,0.515999972820282,-2.475505888626142
77.741379,,0.0004617402144370452,78.124,0.5080000162124634,-2.4932128024250075
78.206897,,0.0004304538459190704,78.589,0.6039999723434448,-2.284340051441715
78.67241399999999,,0.0003962462337032795,79.055,0.5260000228881836,-2.454541152365417
79.137931,,0.00035911337039402886,79.515,0.5360000133514404,-2.4330031137064356
79.603448,,0.00031906167746260456,79.981,0.5170000195503235,-2.474621638352035
80.068966,,0.0002761084523118627,80.448,0.5109999775886536,-2.4878874747129007
80.53448300000001,,0.00023028229743718087,80.91,0.5080000162124634,-2.4945816477216947
81.0,,0.00018162352948093003,81.378,0.5270000100135803,-2.4533052152651393
81.465517,,0.0001301845659594662,81.841,0.5410000085830688,-2.422877157630452
81.931034,,7.603028743071432e-05,82.311,0.5239999890327454,-2.4599397011170354
82.396552,,1.9238372867128704e-05,82.774,0.5299999713897705,-2.4468453400243746
82.86206899999999,,4.01003939964236e-05,83.24,0.515999972820282,-2.477277125117588
83.327586,,0.00010188184955707376,83.704,0.5379999876022339,-2.4292329586440093
83.79310299999999,,0.00016598820867593682,84.17,0.5249999761581421,-2.457400310595304
84.258621,,0.0002322878586122724,84.637,0.5529999732971191,-2.396206183783909
84.72413800000001,,0.00030063519068475536,85.095,0.5339999794960022,-2.437377268976886
85.189655,,0.0003708704717353908,85.566,0.5360000133514404,-2.4327725109653913
85.65517200000001,,0.00044281975741178396,86.025,0.5199999809265137,-2.4673677475271614
86.12069,,0.0005162948492136834,86.497,0.531000018119812,-2.4431320297061463
86.586207,,0.0005910932971712534,86.955,0.5400000214576721,-2.4232545360497224
87.051724,,0.0006669984499350814,87.425,0.527999997138977,-2.449137629084056
87.517241,,0.0007437795539581999,87.888,0.5080000162124634,-2.4924674371257973
87.98275899999999,,0.000821191903336185,88.356,0.5249999761581421,-2.455213114757698
88.448276,,0.0008989770417474086,88.818,0.5210000276565552,-2.4637424504074477
88.913793,,0.0009768630178100454,89.283,0.503000020980835,-2.502811002035352
89.37931,,0.0010545646950422354,89.746,0.5370000004768372,-2.428632325166532
89.844828,,0.0011317841174573783,90.212,0.5049999952316284,-2.4982896646114834
90.310345,,0.0012082109316390959,90.678,0.5070000290870667,-2.4939201771789166
90.775862,,0.0012835228659532584,91.143,0.5080000162124634,-2.491777389007015
91.241379,,0.001357386267412631,91.607,0.5210000276565552,-2.463536976408033
91.706897,,0.0014294566965809645,92.072,0.49300000071525574,-2.524664640257617
92.17241399999999,,0.001499379580670078,92.537,0.5419999957084656,-2.418075308533638
92.63793100000001,,0.00156679092461865,93.003,0.5189999938011169,-2.46838145654969
93.103448,,0.0016313180796662318,93.466,0.5120000243186951,-2.4838555607095163
93.568966,,0.0016925805689831893,93.936,0.5099999904632568,-2.4884565261304137
94.03448300000001,,0.001750190970018897,94.397,0.5059999823570251,-2.4974272181793022
94.5,,0.0018037558526951063,94.866,0.515999972820282,-2.4759011871428993
94.965517,,0.0018528767713998865,95.326,0.5370000004768372,-2.4304053841844486
95.431034,,0.0018971513083536355,95.796,0.515999972820282,-2.4763998198476433
95.896552,,0.0019361741674577852,96.262,0.5379999876022339,-2.428691541264845
96.36206899999999,,0.0019695383191788035,96.721,0.515999972820282,-2.476816355689552
96.827586,,0.0019968361944204278,97.186,0.515999972820282,-2.476977843823677
97.293103,,0.002017660919705297,97.651,0.5070000290870667,-2.49670982043599
97.758621,,0.0020316075862413293,98.117,0.5230000019073486,-2.461934944844858
98.224138,,0.0020382745566286282,98.582,0.5059999823570251,-2.499012247119121
98.689655,,0.002037264820754363,99.048,0.5180000066757202,-2.472864555135881
99.155172,,0.0020281873950454147,99.515,0.5080000162124634,-2.4946035881953526
99.62069,,0.002010658728765231,99.981,0.5339999794960022,-2.4378691989341603
100.086207,,0.001984304091864459,100.441,0.515999972820282,-2.476955795393015
100.551724,,0.0019487589896253126,100.91,0.5230000019073486,-2.4615409362955063
101.017241,,0.0019036706829328814,101.374,0.503000020980835,-2.504920325338426
101.482759,,0.0018486997738063964,101.836,0.5210000276565552,-2.465488322858303
101.948276,,0.00178352165112301,102.304,0.5379999876022339,-2.4282186445330187
102.413793,,0.0017078277046744118,102.766,0.5379999876022339,-2.4279759313628446
102.87931,,0.0016213266441736398,103.233,0.515999972820282,-2.4756613537390857
103.344828,,0.0015237463683723813,103.7,0.5199999809265137,-2.4667081730647467
103.810345,,0.001414836034542475,104.165,0.515999972820282,-2.475198403763004
104.275862,,0.0012943671208973373,104.63,0.515999972820282,-2.4749952973695803
104.741379,,0.0011621332245384088,105.095,0.48100000619888306,-2.5510731441544485
105.206897,,0.0010179508586115429,105.555,0.515999972820282,-2.4746799803753996
105.672414,,0.0008616635696861281,106.021,0.5230000019073486,-2.4593265371870126
106.13793100000001,,0.000693146557864773,106.489,0.5410000085830688,-2.42004736001078
106.603448,,0.0005123047651567484,106.952,0.5070000290870667,-2.4940987870807856
107.068966,,0.00031906459977180636,107.415,0.515999972820282,-2.4745105056404446
107.534483,,0.00011337388017452009,107.885,0.515999972820282,-2.4745713573239563
108.0,,0.00010477872697705545,108.348,0.5299999713897705,-2.4441698694937477
108.46551699999999,,0.00033534578422392616,108.811,0.5070000290870667,-2.49441348729629
108.931034,,0.0005782446315422358,109.276,0.5139999985694885,-2.479328977371613
109.396552,,0.0008334110912496515,109.746,0.5099999904632568,-2.4882354794126074
109.862069,,0.0011007921594060562,110.212,0.5339999794960022,-2.436159025238799
110.32758600000001,,0.001380228236217041,110.671,0.5130000114440918,-2.4821336431458634
110.793103,,0.0016713729332792416,111.137,0.5099999904632568,-2.4888978775575543
111.258621,,0.0019738702345139694,111.604,0.6079999804496765,-2.275615113500926
111.724138,,0.0022876599326906847,112.07,0.515999972820282,-2.4762633499164886
112.189655,,0.0026128564711517762,112.53,0.5170000195503235,-2.4742797965744057
112.655172,,0.0029490240031612804,112.996,0.5249999761581421,-2.4570242446567874
113.12069,,0.0032948472903198203,113.466,0.5120000243186951,-2.485493239891177
113.586207,,0.003649360177393988,113.929,0.5099999904632568,-2.48996647699992
114.051724,,0.0040136028813446,114.397,0.527999997138977,-2.4508325300054494
114.51724100000001,,0.0043894188725518805,114.859,0.5170000195503235,-2.474842617307482
114.982759,,0.004775088597012358,115.326,0.5139999985694885,-2.481385920110741
115.448276,,0.0051643220223084076,115.788,0.5149999856948853,-2.4791773426824544
115.913793,,0.005554435062522788,116.254,0.5289999842643738,-2.4486100584212642
116.37931,,0.005954945477372835,116.718,0.5120000243186951,-2.485546721078959
116.84482799999999,,0.006377618440766411,117.184,0.5139999985694885,-2.4810588551086297
117.310345,,0.006810850142913191,117.649,0.5210000276565552,-2.4656517206750963
117.77586199999999,,0.007219703705723551,118.114,0.5289999842643738,-2.4480448223291633
118.241379,,0.0075986507389955585,118.578,0.5379999876022339,-2.428243000645162
118.70689700000001,,0.008013767135168083,119.045,0.5120000243186951,-2.4846838278856818
119.172414,,0.008528357003514647,119.511,0.5379999876022339,-2.4278318185709415
119.63793100000001,,0.009056080431131158,119.97,0.515999972820282,-2.475558117668576
120.103448,,0.00938739975542207,120.437,0.5260000228881836,-2.4535772011330157
120.568966,,0.009480023312963028,120.9,0.5289999842643738,-2.4468627130442093
121.034483,,0.009613337837310207,121.37,0.550000011920929,-2.400952867272547
121.5,,0.010044446159423329,121.833,0.5299999713897705,-2.444392607062564
121.96551699999999,,0.010672851072597928,122.304,0.5139999985694885,-2.4791471059935506
122.431034,,0.011364146237378034,122.766,0.5230000019073486,-2.459468823695338
122.896552,,0.012242696872451051,123.225,0.5210000276565552,-2.463791043047966
123.362069,,0.01296734134320215,123.696,0.5299999713897705,-2.4441843199688034
123.827586,,0.01203812285804908,124.161,0.5540000200271606,-2.391932634233898
124.293103,,0.007915446866237383,124.626,0.5149999856948853,-2.4769693482212616
124.758621,,0.0010351419946229262,125.092,0.5260000228881836,-2.4531051993087356
125.22413800000001,,0.006087927650389709,125.556,0.515999972820282,-2.4750217874585663
125.68965500000002,,0.011102574307277333,126.015,0.5299999713897705,-2.444675260280509
126.15517200000001,,0.013676922490970616,126.485,0.515999972820282,-2.475350397482135
126.62069000000001,,0.01487891567459035,126.947,0.515999972820282,-2.4755386033402456
127.086207,,0.015273497038129122,127.415,0.5199999809265137,-2.4670205089849384
127.55172400000001,,0.014320348994734833,127.877,0.5360000133514404,-2.432360163136025
128.017241,,0.011638449448946184,128.341,0.492000013589859,-2.5284142880168075
128.48275900000002,,0.008231317919720945,128.81,0.5289999842643738,-2.447987862761206
128.948276,,0.005990993125337124,129.276,0.5149999856948853,-2.478656355277877
129.413793,,0.005991329541375001,129.739,0.5170000195503235,-2.4744447809549257
129.87931,,0.007374884654670649,130.205,0.5180000066757202,-2.47238594344731
130.344828,,0.008060017242643316,130.67,0.5400000214576721,-2.424545175529491
130.81034499999998,,0.00685527390493767,131.137,0.5210000276565552,-2.4659955695061773
131.275862,,0.0049154317422827765,131.596,0.5149999856948853,-2.4790889051881257
131.741379,,0.004568595255444331,132.062,0.5130000114440918,-2.4834328514069863
132.206897,,0.006359968836204289,132.526,0.5180000066757202,-2.4724923263438114
132.67241399999997,,0.007862526437118458,132.992,0.5080000162124634,-2.494199179766931
133.13793099999998,,0.006278354931274713,133.459,0.5120000243186951,-2.485375460712305
133.60344800000001,,0.002137240747664549,133.922,0.5170000195503235,-2.474347127103625
134.06896600000002,,0.0004971267324667402,134.389,0.5120000243186951,-2.4850834525050582
134.53448300000002,,0.0019306325523133548,134.851,0.49900001287460327,-2.513232549136917
135.0,,0.00854243987887351,135.315,0.5410000085830688,-2.4215447678864153
135.465517,,0.014767777351957388,135.784,0.5210000276565552,-2.4649269199939123
135.931034,,0.017060674933674996,136.25,0.5109999775886536,-2.486522649356057
136.396552,,0.01625338159689674,136.714,0.515999972820282,-2.4754451531638386
136.862069,,0.015900504012488804,137.18,0.5339999794960022,-2.436057279420588
137.327586,,0.018011118736041346,137.644,0.5210000276565552,-2.464224427196756
137.793103,,0.021198263759321573,138.11,0.5210000276565552,-2.4640912649526348
138.258621,,0.022572558857871416,138.575,0.5220000147819519,-2.461805928256496
138.724138,,0.020341275839863705,139.041,0.5189999938011169,-2.468265031020072
139.189655,,0.014449837973427781,139.5,0.5329999923706055,-2.43771912554648
139.655172,,0.00579740248429661,139.966,0.5299999713897705,-2.444243364758726
140.12069,,0.00429302418972657,140.433,0.5540000200271606,-2.3919767659291007
140.586207,,0.014201054888016804,140.897,0.5130000114440918,-2.481354630669372
141.05172399999998,,0.022501617796585736,141.367,0.5130000114440918,-2.4814394664930983
141.51724099999998,,0.028529659790799643,141.829,0.5180000066757202,-2.470660736108787
141.982759,,0.03215633420381804,142.295,0.5299999713897705,-2.4446572171292944
142.44827600000002,,0.03322400617766016,142.76,0.5379999876022339,-2.427388789320939
142.913793,,0.03175672429424573,143.226,0.5339999794960022,-2.436279327253634
143.37931,,0.028550852429523627,143.685,0.5170000195503235,-2.473502143404109
143.844828,,0.02477481029516534,144.15,0.5389999747276306,-2.4257622631071576
144.310345,,0.020800341825385323,144.615,0.5410000085830688,-2.4215931479292796
144.77586200000002,,0.016019167072878326,145.08,0.5270000100135803,-2.4522743474442583
145.241379,,0.010100233182874972,145.545,0.5170000195503235,-2.47422785918803
145.706897,,0.003944525008328558,146.011,0.6209999918937683,-2.247795864337801
146.172414,,0.001058332099581702,146.481,0.5170000195503235,-2.4744969126601424
146.637931,,0.004470759068301693,146.944,0.527999997138977,-2.45062560640248
147.103448,,0.0070264598770030245,147.411,0.5149999856948853,-2.479013067141845
147.568966,,0.009495351513269407,147.873,0.5419999957084656,-2.4202236058399866
148.034483,,0.011829757189248563,148.341,0.5149999856948853,-2.479049126597831
148.5,,0.013553395686147158,148.803,0.5260000228881836,-2.4550540778161314
148.965517,,0.014551573824094536,149.269,0.5090000033378601,-2.492030930495548
149.43103399999998,,0.015153511852094462,149.732,0.5339999794960022,-2.43747597196482
149.89655199999999,,0.015728704880500138,150.198,0.5099999904632568,-2.4896487594972454
150.362069,,0.01663304411134555,150.663,0.48899999260902405,-2.5352639482427017
150.82758600000003,,0.01825479486786119,151.129,0.515999972820282,-2.4762871919065836
151.293103,,0.020362076756554884,151.597,0.5210000276565552,-2.4652275772458787
151.758621,,0.021521766158875005,152.055,0.503000020980835,-2.504268608082104
152.224138,,0.020147752773009942,152.527,0.5170000195503235,-2.473589890308134
152.68965500000002,,0.01638525198815242,152.985,0.5350000262260437,-2.434198276763477
153.155172,,0.012232378506345303,153.455,0.5070000290870667,-2.495030987703966
153.62069,,0.009474188842095914,153.917,0.5400000214576721,-2.42297762055657
154.086207,,0.007830696029832772,154.381,0.5090000033378601,-2.4903738229006276
154.551724,,0.005262518403998924,154.851,0.531000018119812,-2.4423218317769395
155.017241,,4.7137429631988866e-05,155.315,0.531000018119812,-2.442223772289632
155.482759,,0.00725624553456075,155.777,0.5210000276565552,-2.4639384669830093
155.948276,,0.01381407841015068,156.243,0.5230000019073486,-2.4595382040507414
156.413793,,0.01678604856387325,156.708,0.5210000276565552,-2.463882633537952
156.87931,,0.01597304100929536,157.173,0.5109999775886536,-2.485687271103518
157.34482799999998,,0.014292096446113395,157.638,0.5170000195503235,-2.4726639734250124
157.81034499999998,,0.015160626936591605,158.103,0.5099999904632568,-2.487992605840696
158.275862,,0.018727718700351396,158.57,0.49900001287460327,-2.5120631195075274
158.741379,,0.020676181803498585,159.036,0.5249999761581421,-2.4555480632694007
159.20689700000003,,0.01545109169776346,159.504,0.503000020980835,-2.503628085082866
159.672414,,0.0011331466348533633,159.962,0.4959999918937683,-2.5190446012662933
160.137931,,0.018879377448233703,160.426,0.531000018119812,-2.4429688286979245
160.60344800000001,,0.03886481805119628,160.895,0.5410000085830688,-2.4213637574097095
161.06896600000002,,0.05517201501830272,161.359,0.5130000114440918,-2.482545761973882
161.534483,,0.06763652430785225,161.822,0.5170000195503235,-2.4740048210584673
162.0,,0.07675515509874499,162.287,0.47200000286102295,-2.572207622989611
162.465517,,0.07972766782748478,162.75,0.5139999985694885,-2.4808537093705407
162.931034,,0.07015279164098193,163.216,0.5360000133514404,-2.4330528676340926
163.396552,,0.0428522296226404,163.681,0.5249999761581421,-2.4571223442760672
163.862069,,0.0003535764467648307,164.147,0.5720000267028809,-2.354800713167186
164.327586,,0.04989157198498449,164.615,0.5059999823570251,-2.498634844968044
164.793103,,0.09395717759460159,165.081,0.5180000066757202,-2.472502530584533
165.258621,,0.12517363087602368,165.541,0.5040000081062317,-2.5029842954559114
165.72413799999998,,0.14242890815419726,166.007,0.5009999871253967,-2.509471142553623
166.189655,,0.1475571787477265,166.47,0.5130000114440918,-2.483250013646194
166.655172,,0.14176255653700437,166.94,0.5149999856948853,-2.4787892641188174
167.12069,,0.12555820052598987,167.4,0.5320000052452087,-2.4416249490973763
167.58620699999997,,0.1009489729530221,167.87,0.5270000100135803,-2.4523704605085697
168.051724,,0.07229748388985367,168.333,0.5339999794960022,-2.436955954398608
168.517241,,0.04463320035956405,168.795,0.5130000114440918,-2.4825323691310905
168.98275900000002,,0.021286246460443192,169.261,0.5130000114440918,-2.4823520566501687
169.44827600000002,,0.0031127259596406007,169.728,0.515999972820282,-2.475636507425718
169.913793,,0.010616972500293602,170.193,0.5139999985694885,-2.47982003281467
170.37931,,0.021331147310050008,170.655,0.4970000088214874,-2.5166948550351247
170.844828,,0.030873926694269947,171.121,0.5379999876022339,-2.427224368273417
171.310345,,0.04062516572960128,171.587,0.5239999890327454,-2.4575992024607305
171.775862,,0.049950114872911004,172.053,0.5149999856948853,-2.4771041409644368
172.241379,,0.05637572000167062,172.519,0.5189999938011169,-2.4683135399971463
172.706897,,0.058523902771098445,172.985,0.5210000276565552,-2.4639093397483496
173.172414,,0.05836690060734209,173.445,0.5379999876022339,-2.4268556282686666
173.637931,,0.05908675877733705,173.915,0.4880000054836273,-2.535802101792242
174.103448,,0.06079801477034075,174.378,0.5170000195503235,-2.4726666788745097
174.568966,,0.06013856408636993,174.84,0.5379999876022339,-2.4269899931370853
175.034483,,0.05462212657689157,175.311,0.5419999957084656,-2.418376009671472
175.5,,0.04576798891383117,175.774,0.5170000195503235,-2.4729654702652284
175.96551699999998,,0.03697598838531775,176.239,0.527999997138977,-2.449143294961905
176.43103399999998,,0.02973473803777428,176.703,0.515999972820282,-2.4754457339641625
176.896552,,0.023350932914934026,177.169,0.5080000162124634,-2.493044797231864
177.36206900000002,,0.01749672946830592,177.634,0.5249999761581421,-2.4561843370364898
177.827586,,0.013116478648836583,178.1,0.5170000195503235,-2.4737908572855503
178.293103,,0.010615453633936527,178.56,0.5149999856948853,-2.478321307816643
178.758621,,0.00876721524624585,179.025,0.5299999713897705,-2.445805110354927
179.224138,,0.006424416110630982,179.501,0.5149999856948853,-2.478633627377735
179.68965500000002,,0.004317398496548519,179.959,0.531000018119812,-2.4439048110776738
180.155172,,0.0038671532575943962,180.422,0.5289999842643738,-2.4483685047566883
180.62069,,0.004699684496776621,180.892,0.5130000114440918,-2.4833067427042996
181.086207,,0.004687297249082474,181.352,0.5299999713897705,-2.446321238295967
181.551724,,0.002555825900571284,181.822,0.5210000276565552,-2.465950251323415
182.01724099999998,,0.0004908277685519237,182.28,0.5299999713897705,-2.4463329029802057
182.482759,,0.0020396787883484135,182.75,0.515999972820282,-2.4767938459919048
182.948276,,0.0007870046883568072,183.215,0.5109999775886536,-2.487618096365845
183.413793,,0.002705061953736101,183.681,0.5170000195503235,-2.474450692451735
183.87931,,0.007044167628253886,184.147,0.5099999904632568,-2.489582293139355
184.34482799999998,,0.011074447439971019,184.611,0.5170000195503235,-2.474192629402884
184.81034499999998,,0.013890627132785134,185.077,0.527999997138977,-2.4500721970017807
185.27586200000002,,0.01465921771600006,185.541,0.527999997138977,-2.449904609658438
185.74137900000002,,0.013309480184762487,186.006,0.515999972820282,-2.4758735894048436
186.206897,,0.011233075353090066,186.467,0.5090000033378601,-2.490947685448679
186.672414,,0.010159940167452737,186.937,0.5149999856948853,-2.477703521781362
187.137931,,0.009549161600683236,187.397,0.5419999957084656,-2.4187162262948863
187.60344800000001,,0.005656448696346752,187.866,0.5419999957084656,-2.418564759390439
188.06896600000002,,0.005509890450226547,188.329,0.5139999985694885,-2.4794322706786747
188.534483,,0.023715011030425705,188.792,0.5109999775886536,-2.485855559608522
189.0,,0.04341760793574812,189.257,0.5490000247955322,-2.4029793663128656
189.465517,,0.05761100631887676,189.721,0.5400000214576721,-2.4225265462729544
189.931034,,0.06262346793767513,190.187,0.5189999938011169,-2.4682462412489663
190.39655199999999,,0.05927147300311448,190.651,0.5080000162124634,-2.492210251118344
190.862069,,0.05051908659527681,191.117,0.515999972820282,-2.474811805159748
191.327586,,0.03927690503998367,191.582,0.5260000228881836,-2.453086510117731
191.793103,,0.028017738447951284,192.047,0.5099999904632568,-2.488034966985298
192.25862099999998,,0.018657597287894533,192.512,0.5180000066757202,-2.4707220808442627
192.72413799999998,,0.01170837419516003,192.977,0.5070000290870667,-2.494826646241067
193.189655,,0.006025061735712274,193.441,0.5289999842643738,-2.4470547692862357
193.655172,,0.00012079390039414488,193.91,0.515999972820282,-2.475549269519723
194.12069000000002,,0.006171203158422597,194.371,0.5339999794960022,-2.436513905119964
194.586207,,0.011437883039850666,194.84,0.5339999794960022,-2.436696692542989
195.051724,,0.014058536031299088,195.304,0.5180000066757202,-2.471734732848804
195.517241,,0.013823246218886092,195.766,0.5350000262260437,-2.4348691783328413
195.98275900000002,,0.012120612099025038,196.232,0.5120000243186951,-2.485136399268729
196.448276,,0.010514463360832683,196.696,0.5299999713897705,-2.4460613211109354
196.913793,,0.009471484600681906,197.162,0.515999972820282,-2.4766808931523188
197.37931,,0.008671221375979834,197.627,0.5170000195503235,-2.47459520259545
197.844828,,0.007924797550567252,198.092,0.5260000228881836,-2.455052203142472
198.310345,,0.0070886090196861234,198.559,0.5199999809265137,-2.468158578137985
198.775862,,0.005519094804018141,199.024,0.5210000276565552,-2.4659826851370537
199.241379,,0.0026178185688270333,199.485,0.5299999713897705,-2.4463460341638292
199.706897,,0.0009739142645081177,199.955,0.5230000019073486,-2.4615363572009525
200.172414,,0.003409548128741047,200.418,0.5130000114440918,-2.4832334613065252
200.63793099999998,,0.0032146799638160914,200.881,0.5339999794960022,-2.4373660401507777
201.103448,,0.0006214700880410695,201.349,0.5170000195503235,-2.4742637710797974
201.568966,,0.0028877016166791464,201.811,0.5180000066757202,-2.47192691243075
202.034483,,0.006263455532690025,202.277,0.5260000228881836,-2.4543252549668315
202.5,,0.009722259588260672,202.74,0.5109999775886536,-2.48682356371983
202.965517,,0.013642434497747187,203.206,0.5249999761581421,-2.4561374062939354
203.431034,,0.01709946592718283,203.671,0.515999972820282,-2.475562087253791
203.896552,,0.018417223545775116,204.136,0.5170000195503235,-2.4732075944800083
204.36206900000002,,0.017343099730565255,204.601,0.550000011920929,-2.401148642114709
204.827586,,0.015739897265545377,205.066,0.5210000276565552,-2.464182292772718
205.293103,,0.015401123950681649,205.533,0.527999997138977,-2.448805874104824
205.758621,,0.015766119384429202,205.999,0.5249999761581421,-2.4552413284605383
206.224138,,0.014711708071999488,206.467,0.5249999761581421,-2.455169294330315
206.689655,,0.011341589946113641,206.929,0.5170000195503235,-2.4725573547438224
207.155172,,0.007092429124520186,207.396,0.5070000290870667,-2.494335630536278
207.62069,,0.004070225397143043,207.859,0.515999972820282,-2.4747532781442203
208.086207,,0.002955386240894439,208.322,0.5170000195503235,-2.472632624890078
208.551724,,0.002679567154414543,208.785,0.43799999356269836,-2.6448363938726875
209.01724099999998,,0.001745516147219013,209.25,0.5249999761581421,-2.455415292137514
209.482759,,0.0004479488151010127,209.722,0.5090000033378601,-2.4904206700703786
209.948276,,0.003452284021858737,210.18,0.5320000052452087,-2.4404784614766415
210.413793,,0.006245525409604536,210.652,0.5139999985694885,-2.4798751747440977
210.87930999999998,,0.007294725196429294,211.11,0.5009999871253967,-2.5083878267364352
211.344828,,0.004835877400660133,211.581,0.531000018119812,-2.443222028894688
211.810345,,0.001403854589926613,212.04,0.5400000214576721,-2.423804449729588
212.27586200000002,,0.008387291614876271,212.505,0.5419999957084656,-2.419627212871675
212.741379,,0.010955017926186836,212.97,0.5249999761581421,-2.4568286195750946
213.206897,,0.006058735409893018,213.441,0.5529999732971191,-2.3959702163552294
213.672414,,0.004420121396069858,213.903,0.5180000066757202,-2.472341727534732
214.137931,,0.015875476950636288,214.366,0.5199999809265137,-2.468075715958093
214.60344800000001,,0.02561527950575304,214.837,0.531000018119812,-2.4441718645489923
215.068966,,0.03406755570438015,215.296,0.5299999713897705,-2.4463800109520775
215.534483,,0.04158110571326808,215.761,0.5130000114440918,-2.4834138288815844
216.0,,0.04615837065282605,216.227,0.46399998664855957,-2.5901338951441986
216.465517,,0.045637717430924374,216.692,0.5339999794960022,-2.4375660087987616
216.93103399999998,,0.0407942876205028,217.158,0.5289999842643738,-2.4483684962192367
217.39655199999999,,0.034559983421747494,217.624,0.5389999747276306,-2.4264644702641878
217.862069,,0.02858519032998533,218.09,0.5289999842643738,-2.448110101651826
218.327586,,0.02210386537729052,218.556,0.5260000228881836,-2.4544864109371485
218.793103,,0.014331621603060151,219.015,0.5130000114440918,-2.482636045940392
219.25862099999998,,0.006579254287235922,219.485,0.5109999775886536,-2.486813172944752
219.724138,,0.0011624088001660512,219.947,0.49399998784065247,-2.523668631786813
220.18965500000002,,0.0010966727122846396,220.415,0.5210000276565552,-2.4646677710520417
220.65517200000002,,0.0016024739233825875,220.877,0.5419999957084656,-2.4187474557800686
221.12069,,0.002613874893720911,221.345,0.5299999713897705,-2.444734963407524
221.586207,,0.005416922185817473,221.807,0.531000018119812,-2.4424169501299584
222.051724,,0.009332998327440264,222.272,0.5130000114440918,-2.4815151065232848
222.517241,,0.012362643070601089,222.735,0.5070000290870667,-2.4944953691940874
222.98275900000002,,0.013279201470738817,223.201,0.5299999713897705,-2.4443237138760527
223.448276,,0.012987244199726161,223.67,0.5289999842643738,-2.446469282328073
223.913793,,0.0132464321385807,224.135,0.5180000066757202,-2.4704318156403198
224.37931,,0.014368610200677112,224.6,0.5249999761581421,-2.4552095485150547
224.844828,,0.015075185249364829,225.066,0.5249999761581421,-2.455267533684558
225.31034499999998,,0.01450747050668975,225.526,0.5170000195503235,-2.4727825855876966
225.775862,,0.013274696140384483,225.991,0.5299999713897705,-2.4445715721815606
226.241379,,0.012221670906649747,226.459,0.5270000100135803,-2.4512404427555063
226.706897,,0.011261203065515464,226.922,0.5180000066757202,-2.4709989892747033
227.172414,,0.010153706808100914,227.385,0.5210000276565552,-2.464627173945585
227.63793099999998,,0.00951493673484655,227.855,0.5299999713897705,-2.4451920658475372
228.103448,,0.01000461599560615,228.316,0.5370000004768372,-2.4301168088000207
228.56896600000002,,0.011080493512345599,228.786,0.5130000114440918,-2.482577249674552
229.03448300000002,,0.011528015985958854,229.251,0.5220000147819519,-2.4631352888584988
229.5,,0.010871928617676583,229.711,0.5260000228881836,-2.454574703291495
229.965517,,0.009535196451925035,230.176,0.5210000276565552,-2.4656053395744726
230.431034,,0.007955432904907097,230.642,0.4970000088214874,-2.518010256647007
230.896552,,0.006256995606967696,231.107,0.5299999713897705,-2.4462090288947134
231.362069,,0.004704236634410811,231.575,0.527999997138977,-2.4506336861682887
231.827586,,0.0038815849845413707,232.04,0.531000018119812,-2.4441358310804087
232.293103,,0.004100540169518368,232.5,0.5249999761581421,-2.457215628923028
232.758621,,0.004781672964827696,232.965,0.531000018119812,-2.4441210134755122
233.224138,,0.004785141428800961,233.435,0.5090000033378601,-2.491999310164821
233.689655,,0.003482568153302104,233.898,0.5270000100135803,-2.4527042007970152
234.155172,,0.0013459173133835282,234.362,0.5329999923706055,-2.439527602664857
234.62069,,0.0005556435752227325,234.825,0.5270000100135803,-2.452472119726642
235.086207,,0.001513929145632952,235.29,0.4300000071525574,-2.6636569467428726
235.55172399999998,,0.0017212053084026656,235.761,0.5249999761581421,-2.456530634032903
236.01724099999998,,0.0020582402087306133,236.227,0.515999972820282,-2.475976177275105
236.482759,,0.003333607861559673,236.685,0.5170000195503235,-2.4736307329543847
236.94827600000002,,0.005589667159574042,237.151,0.5540000200271606,-2.3928538630884773
237.413793,,0.008005349857096201,237.616,0.5320000052452087,-2.4406209978843276
237.87931,,0.009299968531777636,238.082,0.515999972820282,-2.4753251185157383
238.344828,,0.008319611511140248,238.548,0.515999972820282,-2.4751851534407714
238.810345,,0.004662214378613103,239.013,0.5419999957084656,-2.4184185495880497
239.27586200000002,,0.001128357483450346,239.481,0.5370000004768372,-2.4292111047694247
239.741379,,0.00833686930856936,239.944,0.5630000233650208,-2.372488704520151
240.206897,,0.017108315027786463,240.412,0.515999972820282,-2.4748334501028157
240.672414,,0.028097500676192676,240.874,0.5329999923706055,-2.4377727229537025
241.137931,,0.04065285008743559,241.337,0.5260000228881836,-2.4530290412589904
241.603448,,0.052039035091022125,241.807,0.5379999876022339,-2.4269203989280395
242.068966,,0.059654186100673585,242.265,0.5149999856948853,-2.4770929241124846
242.534483,,0.06378997203985567,242.736,0.5239999890327454,-2.457575979646911
243.0,,0.06637293428459809,243.195,0.5180000066757202,-2.4707637739154746
243.465517,,0.06629130657928614,243.66,0.5239999890327454,-2.4578295676018986
243.93103399999998,,0.057976420697612475,244.125,0.5149999856948853,-2.4775928993847964
244.39655199999999,,0.03672331269688712,244.592,0.5419999957084656,-2.4189378739070686
244.862069,,0.004908478739751444,245.058,0.5080000162124634,-2.493188340775332
245.327586,,0.02876862905028578,245.522,0.5170000195503235,-2.473760243707983
245.793103,,0.056290477087113294,245.987,0.5120000243186951,-2.4848315987589342
246.258621,,0.0754195732324374,246.455,0.5370000004768372,-2.4305361013333413
246.724138,,0.08793087161452379,246.918,0.5230000019073486,-2.461194670870558
247.18965500000002,,0.09460946886960489,247.381,0.5239999890327454,-2.4591555555845392
247.655172,,0.09359681750159894,247.851,0.5180000066757202,-2.472344971167721
248.12069,,0.08346519798866406,248.315,0.550000011920929,-2.402719721687121
248.586207,,0.06638636270940138,248.777,0.5299999713897705,-2.446354682958366
249.051724,,0.0471130474089843,249.243,0.5379999876022339,-2.4289556715293408
249.517241,,0.029107418220901075,249.708,0.5239999890327454,-2.4594545840500976
249.982759,,0.012588671131026987,250.174,0.5149999856948853,-2.479028333553626
250.44827600000002,,0.003845541468280684,250.641,0.5370000004768372,-2.431033053864896
250.913793,,0.021191124356486468,251.107,0.5419999957084656,-2.420045042882814
251.37931000000003,,0.0399693511075908,251.566,0.5440000295639038,-2.4155651661609694
251.844828,,0.06011506478339613,252.032,0.5339999794960022,-2.4372051468652955
252.31034499999998,,0.07907783163850972,252.498,0.5299999713897705,-2.445753801691887
252.77586200000002,,0.09084525291394678,252.964,0.5379999876022339,-2.4281444449107603
253.241379,,0.08877942669385921,253.429,0.5230000019073486,-2.4606353545343373
253.706897,,0.07010304979053511,253.891,0.5210000276565552,-2.464801307169626
254.172414,,0.037567684074473646,254.361,0.5270000100135803,-2.4515417296527553
254.63793099999998,,0.0026663767159588576,254.823,0.5429999828338623,-2.416504480228673
255.10344800000001,,0.043981631532893715,255.289,0.5230000019073486,-2.4599124341864664
255.56896600000002,,0.08034362848428808,255.752,0.5120000243186951,-2.4837321952790177
256.03448299999997,,0.10600818617223882,256.218,0.527999997138977,-2.448753160825487
256.5,,0.11650553239485621,256.685,0.515999972820282,-2.4748044826148194
256.965517,,0.11119990408027568,257.151,0.5419999957084656,-2.418097742197173
257.431034,,0.0942032298127791,257.616,0.5120000243186951,-2.4834278049474547
257.896552,,0.07167529759176101,258.081,0.5130000114440918,-2.4812538590950193
258.362069,,0.048315198445832014,258.54,0.5289999842643738,-2.446434362918601
258.827586,,0.026685626381695797,259.006,0.515999972820282,-2.474828290327481
259.29310300000003,,0.008673995784075057,259.474,0.5329999923706055,-2.4378930151919795
259.758621,,0.004107025882090295,259.936,0.5230000019073486,-2.4598083408719735
260.224138,,0.01136593641444384,260.404,0.5419999957084656,-2.418565712841125
260.689655,,0.014220639907132456,260.866,0.527999997138977,-2.4492364734412466
261.155172,,0.01388054443780064,261.33,0.5379999876022339,-2.427632507695943
261.62068999999997,,0.011279921374454669,261.799,0.5419999957084656,-2.419107537897711
262.086207,,0.008220389177056687,262.265,0.531000018119812,-2.4432635794315667
262.551724,,0.007375246049283921,262.729,0.5410000085830688,-2.4216637860044155
263.017241,,0.010127219840311565,263.195,0.5379999876022339,-2.4283764945140356
263.482759,,0.015115139366085573,263.66,0.5260000228881836,-2.4546818453429657
263.94827599999996,,0.01971357674087808,264.126,0.5289999842643738,-2.448288187219513
264.413793,,0.022547352968593407,264.585,0.5090000033378601,-2.4919801670132378
264.87931,,0.024016516792812553,265.051,0.5419999957084656,-2.4201771527710307
265.34482799999995,,0.024791828140410106,265.515,0.531000018119812,-2.4442045708290254
265.810345,,0.024680464289377518,265.981,0.5199999809265137,-2.4682001743562685
266.27586199999996,,0.02318307586940263,266.452,0.515999972820282,-2.476912993805282
266.741379,,0.020614606204002555,266.914,0.6110000014305115,-2.26990588437751
267.206897,,0.018307065413140533,267.382,0.5289999842643738,-2.448485322450105
267.672414,,0.017813803135546254,267.843,0.5,-2.5115658003535604
268.137931,,0.01969957338563802,268.311,0.5239999890327454,-2.4591527084711147
268.603448,,0.02265045404401393,268.774,0.5249999761581421,-2.4568267683273173
269.06896600000005,,0.02413191729658687,269.239,0.515999972820282,-2.476269620197766
269.53448299999997,,0.022727837867536602,269.703,0.5139999985694885,-2.4804494636604453
270.0,,0.019669863144909386,270.169,0.5170000195503235,-2.4737291167305733
270.465517,,0.017367958658048518,270.633,0.5239999890327454,-2.4582925521205783
270.931034,,0.01669703784648337,271.099,0.5519999861717224,-2.3971071688934478
271.396552,,0.016491999179310508,271.563,0.550000011920929,-2.4012882996953566
271.86206899999996,,0.015475422808586943,272.029,0.5180000066757202,-2.4708414111555155
272.327586,,0.013759409624483434,272.492,0.5299999713897705,-2.444552317287882
272.793103,,0.012331454473696797,272.962,0.5339999794960022,-2.4357150060519923
273.258621,,0.011808670251609692,273.422,0.5040000081062317,-2.500978234718235
273.724138,,0.011970786776220835,273.885,0.5339999794960022,-2.4355524783575997
274.18965499999996,,0.011947162902153757,274.355,0.5440000295639038,-2.4137305782023537
274.655172,,0.010637793565259263,274.818,0.5149999856948853,-2.476907881965074
275.12069,,0.00758426165310104,275.284,0.5260000228881836,-2.4529715138584907
275.586207,,0.0037956013855711852,275.746,0.5299999713897705,-2.4443175517601508
276.051724,,0.0011828994060938329,276.212,0.5199999809265137,-2.466194239044881
276.517241,,0.0006869477532051121,276.678,0.5239999890327454,-2.4575970684425203
276.98275900000004,,0.0012393804035017878,277.143,0.5270000100135803,-2.4512022254011665
277.448276,,0.0009994927092868268,277.608,0.5149999856948853,-2.477506750504266
277.913793,,0.0005777034591897035,278.074,0.5289999842643738,-2.4471812079183044
278.37931,,0.002450452647008508,278.541,0.5199999809265137,-2.4669740835461704
278.844828,,0.0037190926937328865,279.006,0.5419999957084656,-2.419232402635316
279.31034500000004,,0.004823856802814716,279.467,0.5320000052452087,-2.441205014762192
279.77586199999996,,0.006578076223662225,279.936,0.5419999957084656,-2.4195964250225317
280.241379,,0.008746605484913173,280.4,0.5170000195503235,-2.4742272404315866
280.706897,,0.010317566022322745,280.862,0.5370000004768372,-2.4308012075763954
281.172414,,0.010727288852766576,281.33,0.5299999713897705,-2.446176529967845
281.637931,,0.01025738070210467,281.792,0.5320000052452087,-2.4419178747348704
282.10344799999996,,0.00968639546675002,282.258,0.5099999904632568,-2.4899185078662684
282.568966,,0.009830551887733253,282.721,0.5329999923706055,-2.4398498144503056
283.034483,,0.010586687200556543,283.187,0.5170000195503235,-2.4747170082999927
283.5,,0.010047441011160297,283.651,0.5170000195503235,-2.4746944262545747
283.965517,,0.005741646572301724,284.116,0.5199999809265137,-2.4681054515725203
284.431034,,0.0023195778494687,284.581,0.5270000100135803,-2.4527725148754453
284.89655200000004,,0.010803501344064903,285.047,0.531000018119812,-2.4439483640022046
285.362069,,0.01652285457180921,285.515,0.5419999957084656,-2.419849245930004
285.827586,,0.02001862524608031,285.981,0.5090000033378601,-2.4915902118596778
286.293103,,0.024053998419419492,286.444,0.546999990940094,-2.4086315817138146
286.758621,,0.028812811459695293,286.907,0.5249999761581421,-2.456380993150086
287.22413800000004,,0.03039061939232071,287.374,0.5339999794960022,-2.436586620002727
287.689655,,0.024461896921961226,287.837,0.5289999842643738,-2.447293420038259
288.155172,,0.01037628552162928,288.307,0.5370000004768372,-2.429683258046722
288.62069,,0.008288361153064411,288.77,0.5490000247955322,-2.403368954122335
289.086207,,0.025893287100159142,289.236,0.5329999923706055,-2.43807224284659
289.55172400000004,,0.03739816855568118,289.7,0.5249999761581421,-2.455366813211234
290.01724099999996,,0.04044404555395652,290.166,0.5339999794960022,-2.435649350502865
290.482759,,0.035958976174527736,290.63,0.5040000081062317,-2.500927936298229
290.948276,,0.026754514867658646,291.096,0.49000000953674316,-2.531380683386327
291.413793,,0.015408889442924076,291.555,0.5239999890327454,-2.4572927266286144
291.87931,,0.0035494923198399935,292.021,0.5350000262260437,-2.4333471583954136
292.344828,,0.007145973330418177,292.485,0.515999972820282,-2.4747935097413247
292.81034500000004,,0.014145718986603087,292.955,0.5419999957084656,-2.4182311308246756
293.275862,,0.0151360103606572,293.415,0.5450000166893005,-2.411805140741329
293.74137900000005,,0.010028367798115367,293.885,0.5139999985694885,-2.479477417478522
294.206897,,0.0013844497484155553,294.348,0.5299999713897705,-2.44477408681284
294.672414,,0.007450033822524027,294.811,0.5410000085830688,-2.420979878348169
295.13793100000004,,0.014530941864944217,295.276,0.503000020980835,-2.5039504336304437
295.603448,,0.01982254699629565,295.746,0.5460000038146973,-2.410456333973485
296.068966,,0.02398720222380033,296.212,0.5170000195503235,-2.4738248020431763
296.534483,,0.026894000247822417,296.671,0.5230000019073486,-2.460935068820656
297.0,,0.02751648852278358,297.137,0.5339999794960022,-2.4371412130044092
297.46551700000003,,0.025545104567859415,297.604,0.5410000085830688,-2.422045175377498
297.931034,,0.02267876685458409,298.07,0.5339999794960022,-2.4374287383430047
298.396552,,0.021378953212998354,298.533,0.5230000019073486,-2.461501564753782
298.862069,,0.02218697736635227,298.999,0.5180000066757202,-2.472474773220692
299.327586,,0.02309416282252388,299.46,0.5329999923706055,-2.4398450381120753
299.79310300000003,,0.021987197694513027,299.929,0.5109999775886536,-2.4877938024835515
300.258621,,0.0191414823945452,300.39,0.5440000295639038,-2.4158845789931127
300.724138,,0.016756259508872634,300.859,0.527999997138977,-2.450697109942797
301.189655,,0.016224749686369156,301.322,0.5429999828338623,-2.417940319203031
301.65517200000005,,0.016269894242729982,301.785,0.5239999890327454,-2.459228826594574
302.12069,,0.014004836734891451,302.25,0.5170000195503235,-2.474348520243389
302.586207,,0.008012700424276823,302.722,0.5370000004768372,-2.430624006688636
303.05172400000004,,0.0002445511339156885,303.18,0.5189999938011169,-2.4696716195471087
303.517241,,0.005639560275451183,303.645,0.5149999856948853,-2.478207036357252
303.982759,,0.007944566328920922,304.111,0.5299999713897705,-2.445342574930212
304.448276,,0.008512796234583859,304.577,0.5339999794960022,-2.4364425810715664
304.913793,,0.01043199814809109,305.043,0.5149999856948853,-2.4776563275881562
305.37931000000003,,0.014549998260088622,305.508,0.5220000147819519,-2.4622358095449393
305.844828,,0.018616111174506986,305.974,0.5230000019073486,-2.459903042110168
306.310345,,0.019802379416953057,306.437,0.531000018119812,-2.4423396498193735
306.775862,,0.017761811365118077,306.9,0.5709999799728394,-2.3550824562643013
307.241379,,0.015017595736163644,307.367,0.45399999618530273,-2.6098997555791676
307.70689699999997,,0.014511183055272981,307.836,0.5320000052452087,-2.439911816477569
308.172414,,0.017017521441765576,308.295,0.5210000276565552,-2.4638559722833637
308.637931,,0.020807857776264965,308.76,0.49900001287460327,-2.511797577172314
309.103448,,0.023478860749148824,309.226,0.5130000114440918,-2.4813403182979856
309.568966,,0.024079194777538726,309.692,0.5270000100135803,-2.4509137705356077
310.034483,,0.023540486006299047,310.158,0.5339999794960022,-2.4357652443111046
310.5,,0.022971028961076424,310.623,0.515999972820282,-2.47510694192518
310.96551700000003,,0.021897287108832743,311.088,0.515999972820282,-2.4752536544949177
311.431034,,0.018999184304498,311.556,0.5180000066757202,-2.47105953727148
311.896552,,0.014546460604146074,312.021,0.4970000088214874,-2.516986325232523
312.362069,,0.010887852497527628,312.482,0.5419999957084656,-2.4191287981544285
312.827586,,0.009772834662341493,312.951,0.5339999794960022,-2.4367395557265144
313.29310300000003,,0.00993115840210307,313.411,0.515999972820282,-2.4761310011969444
313.758621,,0.00830392973526065,313.881,0.527999997138977,-2.4501524926394778
314.224138,,0.0035341046202996434,314.341,0.5210000276565552,-2.465553036065454
314.689655,,0.0024349033351773104,314.811,0.5270000100135803,-2.4526115058193136
315.155172,,0.006147995653851653,315.277,0.5540000200271606,-2.393894170509147
315.62068999999997,,0.005572404853337643,315.739,0.5210000276565552,-2.465868168350029
316.086207,,0.001614831002551381,316.205,0.5270000100135803,-2.4528457570006776
316.551724,,0.002605347528970494,316.67,0.5230000019073486,-2.4615799047245903
317.017241,,0.004257489338182991,317.136,0.5210000276565552,-2.465926506496072
317.482759,,0.0032257998706012,317.6,0.5210000276565552,-2.4658864019637914
317.94827599999996,,0.0018988644510424487,318.066,0.5419999957084656,-2.4200663384605368
318.413793,,0.002296753659371969,318.53,0.5210000276565552,-2.4657228762501657
318.87931000000003,,0.003984310834716877,318.996,0.5170000195503235,-2.4743194464742913
319.344828,,0.005168940618933604,319.459,0.531000018119812,-2.4436812805604164
319.810345,,0.005020085259151182,319.921,0.5479999780654907,-2.40649168036252
320.275862,,0.004179151783266981,320.389,0.5339999794960022,-2.4368285832006342
320.741379,,0.003578078657255796,320.852,0.5149999856948853,-2.4780527585360095
321.20689699999997,,0.0035912755695697066,321.315,0.5329999923706055,-2.4386667436852725
321.672414,,0.004063284587265243,321.785,0.5299999713897705,-2.4450371132476896
322.137931,,0.004368226656915142,322.25,0.5419999957084656,-2.4187368256866946
322.603448,,0.0034609151507375806,322.714,0.4970000088214874,-2.5166338334008005
323.068966,,0.0006320537437114887,323.18,0.5329999923706055,-2.4380795362350094
323.53448299999997,,0.0034879400837511854,323.644,0.515999972820282,-2.4750162244121685
324.0,,0.007225871146421409,324.11,0.5379999876022339,-2.4270104507423995
324.465517,,0.009545075179373865,324.574,0.5249999761581421,-2.455284166061973
324.931034,,0.010987113336439426,325.04,0.5099999904632568,-2.487943409705057
325.396552,,0.012560940856750757,325.505,0.5239999890327454,-2.4574510455608727
325.86206899999996,,0.014188216038082265,325.97,0.5400000214576721,-2.422629413751752
326.327586,,0.014835656136782413,326.433,0.5149999856948853,-2.4771588799609736
326.793103,,0.013936068482115089,326.896,0.531000018119812,-2.4423880952289774
327.258621,,0.012134540805857243,327.366,0.5249999761581421,-2.455569387827638
327.724138,,0.010644248559107712,327.829,0.5339999794960022,-2.436088745840751
328.189655,,0.010135040545244306,328.295,0.5249999761581421,-2.455837668869054
328.655172,,0.010180419390696221,328.761,0.5419999957084656,-2.418951026799476
329.12068999999997,,0.00960407212966876,329.226,0.5889999866485596,-2.3167084181336066
329.586207,,0.00749337293341884,329.686,0.5180000066757202,-2.471544481043296
330.051724,,0.004113009744397051,330.152,0.5429999828338623,-2.4172253435678983
330.517241,,0.0008242820666500564,330.618,0.5199999809265137,-2.4674729988994297
330.982759,,0.0010360437956033071,331.084,0.5379999876022339,-2.428383868328057
331.44827599999996,,0.0013429787546082163,331.549,0.5490000247955322,-2.4045291347663125
331.913793,,0.0014436261740037465,332.015,0.531000018119812,-2.443835866420861
332.37931,,0.003184379512614801,332.478,0.5139999985694885,-2.4809429560674165
332.844828,,0.0072067060270798525,332.94,0.503000020980835,-2.5049564984226573
333.310345,,0.011956195256409402,333.408,0.5040000081062317,-2.5028043592128033
333.77586199999996,,0.014763421961093972,333.87,0.550000011920929,-2.4025897728905132
334.241379,,0.014157606704435641,334.341,0.515999972820282,-2.4766430145872524
334.706897,,0.010816126612286548,334.803,0.5370000004768372,-2.4308469944658855
335.17241399999995,,0.006241055692626708,335.269,0.5540000200271606,-2.3937431500333615
335.637931,,0.0011587739694942057,335.732,0.531000018119812,-2.443764362057253
336.103448,,0.004327583327512751,336.198,0.5260000228881836,-2.4545522353646656
336.56896600000005,,0.0092682062492735,336.664,0.5630000233650208,-2.3738223168702834
337.034483,,0.011233087003924652,337.129,0.5210000276565552,-2.4651942226045866
337.5,,0.007884479519588702,337.596,0.5400000214576721,-2.4236615160013293
337.965517,,0.0004774975675734051,338.055,0.5249999761581421,-2.4562003711613665
338.431034,,0.01039724010503737,338.527,0.5389999747276306,-2.425559764232061
338.89655200000004,,0.01814045708725403,338.986,0.5490000247955322,-2.4036387080500337
339.36206899999996,,0.023245096306300846,339.455,0.5419999957084656,-2.418763286319645
339.827586,,0.028177858516026194,339.918,0.5360000133514404,-2.431721336767473
340.293103,,0.03351279175758132,340.381,0.5210000276565552,-2.4643033417581917
340.758621,,0.034440296909675046,340.852,0.5210000276565552,-2.4642251660149186
341.224138,,0.02429326521564243,341.315,0.5320000052452087,-2.440203636516962
341.68965499999996,,0.0020596636582215044,341.777,0.492000013589859,-2.5273166878043063
342.155172,,0.025238845077093043,342.243,0.5339999794960022,-2.435805363353266
342.62069,,0.0484433618738893,342.708,0.5170000195503235,-2.472858400118855
343.086207,,0.06340840122757198,343.173,0.550000011920929,-2.401001748208984
343.551724,,0.07177431303013583,343.641,0.5260000228881836,-2.453348825447352
344.01724099999996,,0.07612117430639645,344.107,0.5299999713897705,-2.4447128126399886
344.48275900000004,,0.07604830595209415,344.566,0.5329999923706055,-2.4382719498255483
344.948276,,0.06917924567186862,345.032,0.5379999876022339,-2.4274872337594995
345.413793,,0.05492116977850225,345.504,0.5419999957084656,-2.41889087846147
345.87931,,0.03615978308707421,345.962,0.5289999842643738,-2.4473377887082117
346.344828,,0.01714363706893672,346.43,0.47200000286102295,-2.5716491904794254
346.81034500000004,,0.00042461548811970794,346.892,0.5149999856948853,-2.478097537698268
347.275862,,0.013724998516904617,347.356,0.5299999713897705,-2.4455451800013366
347.741379,,0.02568981375894077,347.825,0.5130000114440918,-2.4827017903815904
348.206897,,0.03560954027946155,348.291,0.5239999890327454,-2.4588453062663063
348.672414,,0.044246127154286746,348.755,0.4880000054836273,-2.537371615041105
349.13793100000004,,0.05328637469087142,349.22,0.5419999957084656,-2.4198032865414505
349.60344799999996,,0.06321440492778875,349.685,0.5419999957084656,-2.4198621106837117
350.068966,,0.07100966782387237,350.151,0.515999972820282,-2.4765438037838425
350.534483,,0.07145001375753685,350.615,0.5540000200271606,-2.393769042180334
351.0,,0.06154283754756673,351.081,0.515999972820282,-2.476548614322779
351.465517,,0.043201578596926395,351.545,0.5379999876022339,-2.42858666834388
351.93103399999995,,0.021299027509492183,352.011,0.515999972820282,-2.4764643964539164
352.396552,,2.260736202980557e-05,352.474,0.5199999809265137,-2.4676783734194703
352.862069,,0.01852964169611939,352.936,0.5289999842643738,-2.4479827316142098
353.32758600000005,,0.032666321325644114,353.404,0.5339999794960022,-2.436987625528469
353.793103,,0.04111108012352475,353.866,0.515999972820282,-2.47609056978457
354.258621,,0.043875230944758856,354.334,0.5199999809265137,-2.4672563308594375
354.72413800000004,,0.04247849096881263,354.796,0.5339999794960022,-2.4366323568014883
355.189655,,0.0382375932266178,355.262,0.5289999842643738,-2.4474026718305746
355.655172,,0.03110328822173749,355.728,0.5429999828338623,-2.4167820030775387
356.12069,,0.02090502940714687,356.193,0.531000018119812,-2.4428128561178837
356.586207,,0.009332671015767555,356.659,0.5299999713897705,-2.444889048190605
357.05172400000004,,0.0001414248054695398,357.125,0.515999972820282,-2.475301448143374
357.517241,,0.004754210553537504,357.589,0.5149999856948853,-2.477408414850057
357.982759,,0.004908777899031315,358.054,0.5460000038146973,-2.4098173872051842
358.448276,,0.003933408162034935,358.52,0.46299999952316284,-2.5906130649937817
358.913793,,0.005184613500038879,358.986,0.5230000019073486,-2.4598847061316698
359.37931000000003,,0.009321614230643442,359.449,0.5379999876022339,-2.4272174592592033
359.844828,,0.014218582311704768,359.911,0.5289999842643738,-2.446857431647858
360.310345,,0.01718706436449208,360.381,0.5490000247955322,-2.4033345608935672
360.775862,,0.01732081266953424,360.844,0.5260000228881836,-2.4535098578331667
361.241379,,0.01612906547361936,361.307,0.5339999794960022,-2.4361614009402586
361.706897,,0.016084515574609527,361.77,0.5419999957084656,-2.418824480569678
362.172414,,0.018264936137627627,362.235,0.5389999747276306,-2.425461159439163
362.63793100000004,,0.021137424947375104,362.701,0.5460000038146973,-2.4103163610882516
363.103448,,0.0217505847425601,363.166,0.5099999904632568,-2.4888559965154493
363.568966,,0.0183872850739128,363.633,0.5529999732971191,-2.395282002914622
364.034483,,0.012202450158604255,364.099,0.5210000276565552,-2.465102733778401
364.5,,0.006314272709091742,364.563,0.5320000052452087,-2.4412351225687723
364.96551700000003,,0.0032464218178988135,365.029,0.49000000953674316,-2.5328275098345907
365.431034,,0.0030015502294146344,365.501,0.5270000100135803,-2.452296455589235
365.896552,,0.00338983730178036,365.96,0.5270000100135803,-2.4523624681495746
366.362069,,0.0023146023592472034,366.423,0.5139999985694885,-2.480735718856344
366.827586,,0.00017322350096044613,366.886,0.5389999747276306,-2.4263037469842135
367.29310300000003,,0.0022289585501511864,367.356,0.5130000114440918,-2.4829650885225805
367.758621,,0.002477075376772399,367.819,0.5339999794960022,-2.437212152109478
368.224138,,0.0013050923357084863,368.284,0.5419999957084656,-2.4197633528663176
368.689655,,0.00028662933238032335,368.747,0.5210000276565552,-2.465477554800077
369.155172,,0.0023701650959695496,369.212,0.5199999809265137,-2.4676030418632955
369.62068999999997,,0.005860914018689223,369.678,0.5329999923706055,-2.439213289927485
370.086207,,0.010761998898991168,370.143,0.5680000185966492,-2.362880161963844
370.55172400000004,,0.015417150802987998,370.607,0.5419999957084656,-2.4194330952172693
371.017241,,0.018007864761234275,371.073,0.5260000228881836,-2.454191249060515
371.482759,,0.018406057337483513,371.538,0.5329999923706055,-2.4388364809480123
371.948276,,0.017721554558118177,372.003,0.5260000228881836,-2.453981934742148
372.413793,,0.016111995825229174,372.467,0.5249999761581421,-2.456058280837312
372.87931000000003,,0.01215546423985108,372.936,0.5389999747276306,-2.4254604055700297
373.344828,,0.0047316098892842,373.397,0.5419999957084656,-2.418835566968156
373.810345,,0.005387593506912976,373.866,0.5339999794960022,-2.4361863043905054
374.275862,,0.016104380693377485,374.326,0.5289999842643738,-2.447014052376725
374.741379,,0.025276822870910483,374.796,0.5210000276565552,-2.4643930608141633
375.20689699999997,,0.03126967366519816,375.261,0.5400000214576721,-2.4229654982903077
375.672414,,0.033441803835007916,375.721,0.5230000019073486,-2.4599868277516133
376.137931,,0.033009428864030986,376.186,0.5239999890327454,-2.4578105481247814
376.603448,,0.032787279849104047,376.651,0.5199999809265137,-2.466545726669031
377.068966,,0.034749885970226865,377.117,0.5410000085830688,-2.420831760017824
377.53448299999997,,0.03759287932229703,377.582,0.5519999861717224,-2.3969193187287234
378.0,,0.03770373481752639,378.048,0.5049999952316284,-2.499381710180239
378.465517,,0.03311768841386393,378.515,0.5419999957084656,-2.4188495612302394
378.931034,,0.025839949302010168,378.981,0.5299999713897705,-2.4450804924073983
379.396552,,0.019670806666928886,379.441,0.5299999713897705,-2.445173805780971
379.862069,,0.016288860161812906,379.911,0.5149999856948853,-2.477950650716394
380.327586,,0.014216131293567875,380.374,0.5270000100135803,-2.4519050982883592
380.79310300000003,,0.011312198669717798,380.836,0.5460000038146973,-2.410606665368512
381.258621,,0.0072394076669281045,381.308,0.527999997138977,-2.4499123194636647
381.724138,,0.003109830540997392,381.77,0.5329999923706055,-2.439100611614595
382.189655,,0.00042872987884640676,382.235,0.5180000066757202,-2.4718514288968727
382.655172,,0.003782064598505165,382.7,0.515999972820282,-2.4762679119275717
383.12068999999997,,0.007311121186305042,383.165,0.5379999876022339,-2.4283829350466055
383.586207,,0.010707223140261598,383.629,0.5220000147819519,-2.463271048226528
384.051724,,0.013967927489198933,384.095,0.5450000166893005,-2.413175289726701
384.517241,,0.01833196103099209,384.559,0.5040000081062317,-2.5024964170402226
384.982759,,0.025216696898613854,385.025,0.5490000247955322,-2.404437456739105
385.44827599999996,,0.03408931831059291,385.485,0.5180000066757202,-2.4719400989223588
385.913793,,0.042294522352706726,385.955,0.515999972820282,-2.4762476888322476
386.37931,,0.04764040149363618,386.418,0.5299999713897705,-2.4456845778306664
386.84482799999995,,0.05059085067335919,386.881,0.5339999794960022,-2.4368971067849317
387.310345,,0.05301008364518352,387.352,0.5419999957084656,-2.419385917572327
387.775862,,0.05486946379105367,387.814,0.5289999842643738,-2.447619755791977
388.241379,,0.05303668031754264,388.28,0.5199999809265137,-2.46713559077847
388.70689699999997,,0.04365945471153885,388.742,0.46399998664855957,-2.589049018205678
389.172414,,0.02552410202533943,389.208,0.5299999713897705,-2.4451721737665704
389.637931,,0.0011926970628927656,389.675,0.515999972820282,-2.475593485912906
390.103448,,0.024431850262794617,390.14,0.5379999876022339,-2.427590803859271
390.56896600000005,,0.046206436441505495,390.607,0.531000018119812,-2.4427779221951784
391.03448299999997,,0.060246272508299205,391.065,0.5249999761581421,-2.4557972730167843
391.5,,0.06503222856997559,391.53,0.5320000052452087,-2.440506411359949
391.965517,,0.061957804057068966,391.996,0.5130000114440918,-2.4818741304752976
392.431034,,0.054251767525735115,392.467,0.515999972820282,-2.47532648849193
392.896552,,0.04457545922937286,392.929,0.5210000276565552,-2.464436511322743
393.36206899999996,,0.03370762101157419,393.396,0.48399999737739563,-2.5450653267826944
393.827586,,0.02174473297385646,393.859,0.5370000004768372,-2.4296305183816114
394.293103,,0.009871477149349621,394.322,0.5109999775886536,-2.4863219060891932
394.75862099999995,,1.9435388147625243e-05,394.785,0.5199999809265137,-2.4667715690714993
395.224138,,0.006988165065995356,395.25,0.5460000038146973,-2.4101929526489196
395.68965499999996,,0.011943185663895992,395.715,0.5320000052452087,-2.44076612846381
396.155172,,0.015844598131674482,396.18,0.5180000066757202,-2.4713431254630422
396.62069,,0.01892504747574229,396.648,0.5270000100135803,-2.451813316139725
397.086207,,0.021219348546274785,397.114,0.5149999856948853,-2.4780351536155707
397.551724,,0.022996661839713634,397.581,0.531000018119812,-2.4432523351343205
398.017241,,0.024008229097800517,398.04,0.5360000133514404,-2.432429739252604
398.48275900000004,,0.0230157207896328,398.505,0.5419999957084656,-2.4194209436919056
398.94827599999996,,0.018902150659996335,398.97,0.546999990940094,-2.408581088875317
399.413793,,0.012208304443008612,399.44,0.5120000243186951,-2.484876461996352
399.87931,,0.005032494359347147,399.903,0.5139999985694885,-2.4805514952328385
400.344828,,0.0008438977805924025,400.371,0.527999997138977,-2.4500719077318522
400.810345,,0.005471521240744267,400.833,0.5400000214576721,-2.4239376616433796
401.27586199999996,,0.01007320159822776,401.304,0.515999972820282,-2.476222798522848
401.741379,,0.015049878815050786,401.767,0.5419999957084656,-2.4195637296832797
402.206897,,0.019084440345250316,402.225,0.5299999713897705,-2.4456822511824514
402.672414,,0.02030204801411257,402.69,0.5299999713897705,-2.445646727947206
403.137931,,0.018075414683903477,403.155,0.5249999761581421,-2.4564958571475803
403.60344799999996,,0.013653817397366722,403.622,0.5370000004768372,-2.430300801612956
404.068966,,0.009205865093091722,404.088,0.5299999713897705,-2.4454945504406496
404.534483,,0.006278167686541071,404.553,0.5210000276565552,-2.4650417752313705
405.0,,0.004951068710214133,405.018,0.546999990940094,-2.408334684736445
405.465517,,0.004134020200597828,405.481,0.5540000200271606,-2.393020919140583
405.931034,,0.0025240143895008675,405.951,0.5260000228881836,-2.4539607030181854
406.39655200000004,,0.00039876172491171076,406.415,0.5540000200271606,-2.3928991222558333
406.862069,,0.00386671871925193,406.877,0.5460000038146973,-2.410273252996974
407.327586,,0.006330223253115492,407.341,0.5299999713897705,-2.4450825571333086
407.793103,,0.006758215319637447,407.811,0.5199999809265137,-2.4668281192979173
408.258621,,0.005483398184167554,408.276,0.5270000100135803,-2.451546469905923
408.72413800000004,,0.0037460214514996545,408.739,0.515999972820282,-2.475491385256102
409.18965499999996,,0.0026267322246557715,409.205,0.5260000228881836,-2.4536956683094
409.655172,,0.0025284269781064863,409.67,0.5249999761581421,-2.455876331143215
410.12069,,0.0033408520719542464,410.136,0.546999990940094,-2.4079580189368643
410.586207,,0.0046452708512785094,410.6,0.5410000085830688,-2.421050598707095
411.05172400000004,,0.005795385254463645,411.066,0.5460000038146973,-2.4101856108784587
411.51724099999996,,0.006337880556752321,411.526,0.5320000052452087,-2.440721563086913
411.982759,,0.006635950648079823,411.991,0.5339999794960022,-2.4364049528654856
412.448276,,0.007621221193935524,412.459,0.515999972820282,-2.4756662002368546
412.913793,,0.00942333264143057,412.922,0.5519999861717224,-2.3972837321239995
413.37931,,0.010552738135769577,413.385,0.5260000228881836,-2.4539787750827937
413.844828,,0.00914420180402167,413.855,0.515999972820282,-2.4758158733005726
414.31034500000004,,0.005100331897218484,414.319,0.5429999828338623,-2.4170419202472533
414.775862,,0.0005284255373644275,414.781,0.5339999794960022,-2.4366963673182456
415.241379,,0.0020974639885744245,415.247,0.5270000100135803,-2.451989091521338
415.706897,,0.0018494595705335016,415.712,0.5339999794960022,-2.4367756726685936
416.172414,,0.0005756849214579731,416.177,0.5260000228881836,-2.454235717919762
416.63793100000004,,0.0038944370783709826,416.644,0.5720000267028809,-2.354041252923056
417.103448,,0.0068141861078072526,417.11,0.5210000276565552,-2.4651671520498843
417.568966,,0.008354933836883642,417.574,0.5249999761581421,-2.4564596567092534
418.034483,,0.008714590771904597,418.04,0.5389999747276306,-2.425958397187643
418.5,,0.00956249486660207,418.504,0.5339999794960022,-2.43684409443973
418.96551700000003,,0.012390889065927944,418.969,0.5170000195503235,-2.4738668996623736
419.43103399999995,,0.016644313292066015,419.43,0.5249999761581421,-2.4564183210859296
419.896552,,0.020608678746874314,419.899,0.5329999923706055,-2.4389649527817028
420.362069,,0.024198483247377937,420.36,0.531000018119812,-2.443293880151856
420.827586,,0.02935741668404196,420.83,0.5149999856948853,-2.4781210472732624
421.293103,,0.03691952364906577,421.296,0.5540000200271606,-2.3931203021808147
421.758621,,0.04444843250653637,421.761,0.5419999957084656,-2.419228824079043
422.22413800000004,,0.04869578730414673,422.226,0.5199999809265137,-2.4671230292973663
422.689655,,0.049347143595788935,422.686,0.5360000133514404,-2.4322294660515875
423.15517200000005,,0.04827073753093484,423.151,0.5419999957084656,-2.419124178234196
423.62069,,0.04498598422859081,423.618,0.5270000100135803,-2.451772764159238
424.086207,,0.035075414744549456,424.085,0.5299999713897705,-2.4452092611161795
424.55172400000004,,0.014643750746493357,424.552,0.5360000133514404,-2.432113814661348
425.017241,,0.014325526958258086,425.01,0.5419999957084656,-2.419022772429813
425.482759,,0.04434175641276341,425.478,0.5249999761581421,-2.456045268877779
425.948276,,0.0681467906983176,425.94,0.5339999794960022,-2.436427996228888
426.413793,,0.08333157137696547,426.411,0.5950000286102295,-2.303524911140466
426.87931000000003,,0.09143314665796645,426.873,0.5450000166893005,-2.4124545195898386
427.344828,,0.09398395263377281,427.341,0.5339999794960022,-2.4364202631414233
427.810345,,0.09076477582628022,427.803,0.5370000004768372,-2.429889412831324
428.275862,,0.08156727581817166,428.269,0.5519999861717224,-2.397219107032041
428.741379,,0.06816507255557963,428.732,0.5429999828338623,-2.416839897376671
429.20689699999997,,0.0536320266474634,429.198,0.5400000214576721,-2.4233920182266027
429.672414,,0.040072407794804775,429.663,0.5360000133514404,-2.432126170089977
430.137931,,0.02785101647478137,430.129,0.5009999871253967,-2.508402161918024
430.603448,,0.017130941175938948,430.593,0.5540000200271606,-2.392960379838583
431.068966,,0.009055776549134786,431.059,0.546999990940094,-2.4082392791052807
431.534483,,0.004355327697386025,431.526,0.5419999957084656,-2.419161027991689
432.0,,0.0013897681628876012,431.991,0.531000018119812,-2.443154665073283
432.46551700000003,,0.0027968492031214746,432.452,0.5389999747276306,-2.42575379134973
432.931034,,0.009085036210601942,432.921,0.5379999876022339,-2.4279595439985147
433.396552,,0.015107118885308093,433.385,0.5249999761581421,-2.4563074999160968
433.862069,,0.01816940320703755,433.848,0.5260000228881836,-2.4541524390385887
434.327586,,0.01853876852908461,434.311,0.5419999957084656,-2.419315279634533
434.79310300000003,,0.01888585382668166,434.781,0.5230000019073486,-2.46072740147292
435.258621,,0.02089435660757324,435.247,0.5540000200271606,-2.3932029827544463
435.724138,,0.02354841915799963,435.712,0.5519999861717224,-2.3975688664560506
436.189655,,0.024906500275629635,436.17,0.5460000038146973,-2.410643345779823
436.655172,,0.024578274002818548,436.637,0.5299999713897705,-2.445499023401071
437.12068999999997,,0.023740927300586384,437.102,0.5329999923706055,-2.438955581587028
437.586207,,0.023099575479753966,437.567,0.5400000214576721,-2.423693110498673
438.051724,,0.02180476587606603,438.033,0.5370000004768372,-2.430212867553877
438.517241,,0.018864706241498195,438.5,0.5299999713897705,-2.445443394108021
438.982759,,0.015001291276942056,438.965,0.5419999957084656,-2.419276230144965
439.448276,,0.01217485074447228,439.427,0.5180000066757202,-2.4715379515181284
439.913793,,0.011378694191541989,439.89,0.5410000085830688,-2.4214015526312536
440.37931000000003,,0.011700829381721888,440.36,0.5540000200271606,-2.393050021132787
440.844828,,0.011557682302111828,440.822,0.5289999842643738,-2.4474859365427752
441.310345,,0.01012806430202024,441.288,0.5379999876022339,-2.4278476733135426
441.775862,,0.007476683089428822,441.751,0.531000018119812,-2.443068775246619
442.241379,,0.003936513025567102,442.217,0.5419999957084656,-2.4190759991334754
442.70689699999997,,0.00014026509077592143,442.681,0.531000018119812,-2.4430157557639105
443.172414,,0.00408960732865722,443.147,0.5239999890327454,-2.458244385775877
443.637931,,0.006855894004190738,443.614,0.5419999957084656,-2.4190107793924636
444.103448,,0.007746866419123196,444.08,0.5170000195503235,-2.4734635198341524
444.568966,,0.007321928081300053,444.544,0.5379999876022339,-2.4277035360581953
445.03448299999997,,0.007054923280116623,445.01,0.5339999794960022,-2.4364147119244106
445.5,,0.007917131283903684,445.471,0.5379999876022339,-2.4277013931940714
445.965517,,0.009527076774677705,445.94,0.5389999747276306,-2.425528665595339
446.431034,,0.010623622032860412,446.403,0.550000011920929,-2.4015734662298533
446.896552,,0.01001951224939235,446.866,0.5680000185966492,-2.3623709187302375
447.36206899999996,,0.007221368296542397,447.334,0.5540000200271606,-2.3928874054901605
447.827586,,0.0027145433116716445,447.796,0.5630000233650208,-2.3732969633811565
448.29310300000003,,0.0020544803483310207,448.261,0.550000011920929,-2.401638763775018
448.758621,,0.005313439777838463,448.728,0.5260000228881836,-2.453948098085033
449.224138,,0.006143384171843268,449.194,0.5419999957084656,-2.419114524134145
449.689655,,0.005224523503056068,449.659,0.550000011920929,-2.401712322372511
450.155172,,0.004250702036391449,450.124,0.5270000100135803,-2.451849899250155
450.62068999999997,,0.004512892896170189,450.589,0.5540000200271606,-2.3930562437006704
451.086207,,0.006051595699214066,451.055,0.5170000195503235,-2.4736968917531565
451.551724,,0.008027916240296171,451.515,0.5460000038146973,-2.410547079552933
452.017241,,0.00976019807859435,451.981,0.5460000038146973,-2.4105772395556113
452.482759,,0.011507841309289587,452.452,0.5659999847412109,-2.3670319013095047
452.94827599999996,,0.01444378534581641,452.913,0.5419999957084656,-2.4193434344260822
453.413793,,0.019823043166272297,453.381,0.550000011920929,-2.4019342312231498
453.87931,,0.027857874298975814,453.844,0.5669999718666077,-2.364912578741955
454.344828,,0.03711614194180978,454.308,0.5529999732971191,-2.395423209684553
454.810345,,0.04514556223878318,454.77,0.5360000133514404,-2.4324641299678937
455.27586199999996,,0.05015334023280511,455.236,0.5720000267028809,-2.35403114295129
455.741379,,0.05240463190439007,455.703,0.5540000200271606,-2.393238940788343
456.206897,,0.05388006860942332,456.169,0.5419999957084656,-2.419368897439386
456.672414,,0.05600761770985542,456.633,0.5329999923706055,-2.438958105553936
457.137931,,0.057072821433925336,457.099,0.5419999957084656,-2.419327633851955
457.603448,,0.05206190241742802,457.565,0.5360000133514404,-2.4323732954786847
458.06896600000005,,0.03628885217384718,458.031,0.574999988079071,-2.34737612330514
458.53448299999997,,0.009941420401912099,458.492,0.5379999876022339,-2.427952514521295
459.0,,0.021348602386513208,458.955,0.5339999794960022,-2.4366312742492346
459.465517,,0.050558434688290806,459.426,0.5540000200271606,-2.393021437869196
459.931034,,0.07329747855614195,459.889,0.5379999876022339,-2.4278427280380237
460.39655200000004,,0.08819114301058498,460.352,0.5640000104904175,-2.3711608714561687
460.86206899999996,,0.09508500389764546,460.822,0.5329999923706055,-2.4386631936331615
461.327586,,0.09417155852983533,461.28,0.5440000295639038,-2.414664620505425
461.793103,,0.08644545648845982,461.749,0.5540000200271606,-2.3928481743328853
462.258621,,0.07387312665760631,462.215,0.5640000104904175,-2.3710351755256878
462.724138,,0.058727270477753044,462.675,0.45500001311302185,-2.608487123604873
463.18965499999996,,0.04300962456559237,463.14,0.5820000171661377,-2.3317857108036546
463.655172,,0.02830488094987353,463.607,0.5540000200271606,-2.392780983644491
464.12069,,0.015509345901415934,464.073,0.5680000185966492,-2.3622776898825437
464.58620699999994,,0.00469229949074095,464.537,0.5370000004768372,-2.4298190886895337
465.051724,,0.00412877846133572,465.003,0.5669999718666077,-2.3644687549466465
465.517241,,0.010063660224653503,465.466,0.5410000085830688,-2.4211283736585405
465.98275900000004,,0.01192598188535723,465.936,0.5389999747276306,-2.4255065661624093
466.448276,,0.009939897396453961,466.396,0.5669999718666077,-2.3645309112186252
466.913793,,0.006138906419349804,466.866,0.5389999747276306,-2.425564312173374
467.37931,,0.0024658374292016224,467.326,0.5690000057220459,-2.3602400442898204
467.844828,,0.0010539327265880476,467.796,0.5540000200271606,-2.3929580213441386
468.31034500000004,,0.0054336663984799844,468.255,0.5419999957084656,-2.4191425316381814
468.77586199999996,,0.010323918900063978,468.725,0.5799999833106995,-2.336396068870637
469.241379,,0.013609723546975358,469.191,0.5540000200271606,-2.3930828909394966
469.706897,,0.013557866448260427,469.652,0.5540000200271606,-2.3931240465916748
470.172414,,0.01042832979152912,470.118,0.5889999866485596,-2.3169105514319424
470.63793100000004,,0.005817194076178655,470.582,0.5419999957084656,-2.4193428385375206
471.10344799999996,,0.0014113924104180858,471.048,0.5640000104904175,-2.3714447881699137
471.568966,,0.001453641462715302,471.515,0.5419999957084656,-2.419403507961538
472.034483,,0.0022297434221489974,471.981,0.5839999914169312,-2.3279236665426413
472.5,,0.0017616746768550782,472.441,0.5419999957084656,-2.4194443166174584
472.965517,,0.0017944356280879422,472.91,0.5680000185966492,-2.362810514316697
473.43103399999995,,0.0036086874144793356,473.371,0.5440000295639038,-2.4151027886455947
473.89655200000004,,0.007626310820828049,473.84,0.5709999799728394,-2.3562772971813666
474.362069,,0.014023672439391057,474.308,0.550000011920929,-2.4020196997807135
474.827586,,0.02254524391228508,474.77,0.5669999718666077,-2.3649664875376977
475.293103,,0.03158655886289273,475.235,0.5400000214576721,-2.42376700980686
475.758621,,0.03869629840788601,475.701,0.5669999718666077,-2.364914603831267
476.22413800000004,,0.042610791980170336,476.166,0.5419999957084656,-2.4193461895492936
476.689655,,0.044030760734137954,476.626,0.5540000200271606,-2.3931630104292765
477.155172,,0.043870252774227514,477.091,0.5410000085830688,-2.42144244764291
477.62069,,0.04143400150195955,477.556,0.5540000200271606,-2.3930741690438286
478.086207,,0.03491048291560652,478.022,0.5540000200271606,-2.3930262999732554
478.55172400000004,,0.023242354502871362,478.485,0.5410000085830688,-2.4212998959723713
479.01724099999996,,0.007283966787072266,478.955,0.5540000200271606,-2.3929289231441144
479.482759,,0.010156527262406881,479.419,0.5360000133514404,-2.432097715210723
479.948276,,0.024972887043237118,479.881,0.5540000200271606,-2.3928379381251834
480.413793,,0.033271061007396956,480.352,0.5669999718666077,-2.3644748856250724
480.87931000000003,,0.033493555263080836,480.815,0.5709999799728394,-2.3557230955325648
481.344828,,0.027612450500994194,481.28,0.5879999995231628,-2.3186527522105984
481.810345,,0.019944830696816407,481.743,0.5709999799728394,-2.3556611797472504
482.275862,,0.014236384017012705,482.208,0.5379999876022339,-2.4275345722203525
482.74137900000005,,0.011410487026779336,482.677,0.5379999876022339,-2.4275217368446604
483.206897,,0.00963703356343497,483.135,0.5540000200271606,-2.3926607056847375
483.672414,,0.0063020912060546925,483.6,0.5540000200271606,-2.3926682787510347
484.13793100000004,,0.0003554449672345857,484.066,0.5669999718666077,-2.364363325374723
484.603448,,0.0066712100692010315,484.531,0.5460000038146973,-2.4101419280343386
485.068966,,0.012163300096904164,484.996,0.5540000200271606,-2.392749456408168
485.534483,,0.015298302947854446,485.467,0.5669999718666077,-2.364472821373034
486.0,,0.018035171511979628,485.929,0.531000018119812,-2.44295785944424
486.46551700000003,,0.02306006691484505,486.393,0.5709999799728394,-2.3558729707335377
486.931034,,0.03147976337776419,486.855,0.5540000200271606,-2.3929761824758535
487.396552,,0.042522136573675665,487.326,0.5450000166893005,-2.412653939721073
487.862069,,0.053882626165758396,487.788,0.5640000104904175,-2.3713316176648354
488.327586,,0.06141585164175436,488.254,0.5529999732971191,-2.395368602446418
488.79310300000003,,0.059916437643085955,488.718,0.5389999747276306,-2.425939464338377
489.258621,,0.04626408615244027,489.183,0.492000013589859,-2.528403190169665
489.724138,,0.022358210478090806,489.648,0.550000011920929,-2.4021051249095624
490.189655,,0.005484695842990987,490.113,0.531000018119812,-2.443556175955705
490.655172,,0.030083088968994857,490.578,0.5419999957084656,-2.4196382394182923
491.12069,,0.04633575747208807,491.043,0.5669999718666077,-2.3652071772734304
491.586207,,0.0517428925582444,491.511,0.5540000200271606,-2.3935500498323985
492.05172400000004,,0.045952012101711286,491.97,0.5730000138282776,-2.352160127201919
492.517241,,0.03101486894479068,492.44,0.5329999923706055,-2.439293959980864
492.982759,,0.011653136412908445,492.903,0.5669999718666077,-2.365191464874675
493.448276,,0.00634647426531417,493.366,0.5460000038146973,-2.410898462886307
493.913793,,0.01939878398646686,493.837,0.5759999752044678,-2.3454788134866638
494.37931000000003,,0.027691673747233973,494.295,0.5379999876022339,-2.4281929245709004
494.844828,,0.03236992059938622,494.761,0.5419999957084656,-2.4193921689457283
495.310345,,0.03130894775149105,495.226,0.5389999747276306,-2.425833359600323
495.775862,,0.019836320725725224,495.693,0.5540000200271606,-2.3930524708794003
496.241379,,0.0030789721186474514,496.159,0.5659999847412109,-2.366803650642413
496.70689699999997,,0.030974364917562586,496.626,0.5540000200271606,-2.392840847347376
497.172414,,0.054190191336790934,497.092,0.5540000200271606,-2.3927364529240007
497.637931,,0.06759159939076073,497.552,0.5669999718666077,-2.364315184252377
498.103448,,0.07282314242465114,498.018,0.5249999761581421,-2.4557285653568406
498.568966,,0.07372780362948471,498.486,0.503000020980835,-2.503582772579765
499.03448299999997,,0.07157969689791414,498.948,0.5540000200271606,-2.3924129464321977
499.5,,0.06528757975716243,499.411,0.5490000247955322,-2.403265503174885
499.96551700000003,,0.05466782641107888,499.881,0.5709999799728394,-2.3553131501928157
500.431034,,0.041838988863559204,500.341,0.5540000200271606,-2.392347164473232
500.89655200000004,,0.02923261989793648,500.812,0.5669999718666077,-2.364041696551607
501.362069,,0.01730432147200089,501.27,0.5690000057220459,-2.359720805471291
501.827586,,0.005201846885421807,501.74,0.5669999718666077,-2.3641334318419793
502.293103,,0.0065408943336382214,502.206,0.5519999861717224,-2.3968863616248672
502.758621,,0.015334419451002982,502.671,0.5429999828338623,-2.416584482265386
503.224138,,0.01940899617281735,503.136,0.5460000038146973,-2.4101541057882576
503.68965499999996,,0.020503902373375044,503.596,0.5460000038146973,-2.4102723085862903
504.15517200000005,,0.022314013855622504,504.062,0.5669999718666077,-2.364647782120418
504.62068999999997,,0.026349446134436086,504.53,0.5630000233650208,-2.373493760413342
505.08620699999994,,0.030494347562604773,504.996,0.5809999704360962,-2.3344096708730246
505.55172400000004,,0.031854242576493046,505.459,0.5379999876022339,-2.428219266716188
506.017241,,0.029989536786374414,505.921,0.5379999876022339,-2.428340564571604
506.48275899999993,,0.026781290472387666,506.389,0.578000009059906,-2.341305643777787
506.948276,,0.023865445453690917,506.851,0.5669999718666077,-2.3653668312204865
507.413793,,0.021213968524091985,507.315,0.5509999990463257,-2.4003027106559114
507.87931,,0.018213262495085016,507.785,0.5460000038146973,-2.4112532391655828
508.344828,,0.015102098269386357,508.251,0.546999990940094,-2.409109926672144
508.810345,,0.012580134403681931,508.715,0.5669999718666077,-2.3655483983154983
509.27586199999996,,0.010458102909396501,509.181,0.574999988079071,-2.34810486664847
509.74137900000005,,0.007764376085197838,509.641,0.5540000200271606,-2.39381600584372
510.20689699999997,,0.004488438342919766,510.106,0.5379999876022339,-2.428609545163558
510.67241399999995,,0.0024152696470734463,510.571,0.574999988079071,-2.3479118649597015
511.13793100000004,,0.0034179555277091146,511.037,0.49000000953674316,-2.532989282640869
511.603448,,0.007173121760571722,511.503,0.5740000009536743,-2.3498586988696677
512.0689659999999,,0.011355063109174881,511.969,0.5440000295639038,-2.4150800235156265
512.534483,,0.013954750607537722,512.43,0.5419999957084656,-2.419288662503101
513.0,,0.014472801703962613,512.899,0.5460000038146973,-2.4104194246653003
513.465517,,0.012902755269646904,513.367,0.5419999957084656,-2.418977934372774
513.931034,,0.008963825776248038,513.829,0.5339999794960022,-2.4362543732492066
514.396552,,0.003139443116660254,514.296,0.546999990940094,-2.4077871152165535
514.862069,,0.0024006851963703627,514.76,0.5669999718666077,-2.3640810566265564
515.327586,,0.005108489557105995,515.226,0.5460000038146973,-2.4097147224148974
515.793103,,0.004449323719647919,515.685,0.5379999876022339,-2.427045620153453
516.258621,,0.0024755160045852715,516.151,0.5659999847412109,-2.365968141674159
516.724138,,0.0017744549115316331,516.618,0.5450000166893005,-2.4116695925216876
517.189655,,0.0030230609960599365,517.084,0.5600000023841858,-2.3789669338049864
517.655172,,0.004631338279139173,517.548,0.5320000052452087,-2.4399749038734213
518.1206900000001,,0.004564584989583756,518.014,0.5540000200271606,-2.392079890278414
518.5862070000001,,0.002463232156796852,518.477,0.5379999876022339,-2.4270026723515614
519.051724,,0.00017979059122527342,518.94,0.5669999718666077,-2.3639135004992355
519.517241,,0.00012385535311129316,519.411,0.5410000085830688,-2.4206747108401325
519.982759,,0.0027292301410429595,519.873,0.550000011920929,-2.401205334212587
520.448276,,0.005711690315950994,520.337,0.5640000104904175,-2.3708609709263935
520.9137929999999,,0.00629678157527964,520.8,0.5669999718666077,-2.3644950178084283
521.37931,,0.004092892065779995,521.265,0.5540000200271606,-2.392995554097884
521.844828,,0.001341606639579667,521.737,0.5509999990463257,-2.3997134475989133
522.310345,,0.0004357170682538051,522.195,0.550000011920929,-2.4020727679609917
522.7758620000001,,0.0016582442530604104,522.66,0.5540000200271606,-2.3935323305064973
523.241379,,0.0033890532031352525,523.126,0.5529999732971191,-2.39587337423884
523.7068969999999,,0.004032484141111443,523.592,0.5669999718666077,-2.36551740144583
524.172414,,0.003372494260124286,524.058,0.5170000195503235,-2.4745735518402507
524.637931,,0.002252213829046483,524.522,0.5690000057220459,-2.3613828997581634
525.103448,,0.001435113503599796,524.988,0.546999990940094,-2.409383590410475
525.568966,,0.0009810756889095538,525.45,0.550000011920929,-2.4028864585134806
526.034483,,0.0005324381780870377,525.919,0.5730000138282776,-2.352783026089517
526.5,,4.8869918517417645e-05,526.382,0.5709999799728394,-2.3571109250083335
526.9655170000001,,0.0004946843061954683,526.852,0.5809999704360962,-2.335259781391139
527.4310340000001,,0.0006236887394398525,527.315,0.5860000252723694,-2.3242675404997195
527.8965519999999,,0.0008036916804682008,527.777,0.5669999718666077,-2.3655314242663534
528.362069,,0.001623461160337775,528.243,0.5950000286102295,-2.304370527147373
528.827586,,0.0031346207679214294,528.708,0.5960000157356262,-2.3020090909017403
529.293103,,0.004652009168498027,529.173,0.5759999752044678,-2.345380315134082
529.7586210000001,,0.005308697917623745,529.641,0.5759999752044678,-2.345166244439653
530.224138,,0.004649186263685243,530.107,0.5669999718666077,-2.3645549119401603
530.689655,,0.002728989319310134,530.566,0.6150000095367432,-2.2597616307790993
531.155172,,6.249571724999646e-05,531.032,0.4909999966621399,-2.5297048563354583
531.62069,,0.003112553461019177,531.504,0.5860000252723694,-2.3225411968080683
532.086207,,0.005801104959561164,531.962,0.574999988079071,-2.346337044084223
532.5517239999999,,0.007890147955640843,532.43,0.5889999866485596,-2.3156930288070474
533.017241,,0.00940669870661832,532.892,0.5680000185966492,-2.3613329716815405
533.482759,,0.00986382799802245,533.356,0.5929999947547913,-2.306790420571329
533.9482760000001,,0.008243871331033764,533.825,0.5839999914169312,-2.3263596238260487
534.413793,,0.0045682614985752,534.291,0.5989999771118164,-2.2936803150764193
534.87931,,0.0010353120318862708,534.755,0.5730000138282776,-2.3503652217856126
535.344828,,0.00030945371566640597,535.22,0.6320000290870667,-2.221903653570516
535.810345,,0.002279557341970561,535.685,0.5889999866485596,-2.3157003722577127
536.275862,,0.0034303079167190415,536.15,0.6179999709129333,-2.252667294401429
536.7413789999999,,0.00029193225175192054,536.614,0.628000020980835,-2.2310570423450695
537.206897,,0.006757390373020187,537.08,0.6169999837875366,-2.2552217496715397
537.672414,,0.013642174415617067,537.545,0.628000020980835,-2.231473663920823
538.137931,,0.01601085181338115,538.011,0.6190000176429749,-2.25131020112914
538.6034480000001,,0.011971799648565177,538.474,0.6830000281333923,-2.1121093426810864
539.0689659999999,,0.0026200601098634885,538.936,0.6340000033378601,-2.219092042831922
539.5344829999999,,0.008528125922714083,539.404,0.6660000085830688,-2.149593757161135
540.0,,0.01713209445743796,539.866,0.625,-2.2391208599891304
540.465517,,0.020867526454812938,540.333,0.6209999918937683,-2.2480171650076355
540.931034,,0.021094964716862313,540.797,0.6579999923706055,-2.167563078396196
541.396552,,0.020905866090388095,541.262,0.6449999809265137,-2.196010136995218
541.862069,,0.021479743744626814,541.728,0.6340000033378601,-2.2200648279144373
542.327586,,0.02107949277451334,542.194,0.6539999842643738,-2.1765440939978276
542.7931030000001,,0.017695242197253956,542.659,0.6660000085830688,-2.150412675435491
543.258621,,0.01193580627106571,543.125,0.6549999713897705,-2.1743494333194975
543.7241379999999,,0.006693662254837042,543.589,0.6539999842643738,-2.1764596101316
544.189655,,0.004002771614077219,544.055,0.6809999942779541,-2.117529246435446
544.655172,,0.0027754436596144102,544.519,0.6949999928474426,-2.086884735976744
545.12069,,8.543050593511376e-05,544.985,0.6380000114440918,-2.2108918343086015
545.5862070000001,,0.005504435490061471,545.448,0.6449999809265137,-2.1954399148957036
546.051724,,0.012426749586051207,545.91,0.7139999866485596,-2.0448914910452
546.517241,,0.01789961848663721,546.381,0.6620000004768372,-2.157944194029935
546.982759,,0.02055529179366784,546.844,0.656000018119812,-2.1707713926675587
547.448276,,0.021029176271110662,547.307,0.6370000243186951,-2.211922260722776
547.9137929999999,,0.020747571997809865,547.77,0.7160000205039978,-2.039573324272345
548.3793099999999,,0.020894515400039095,548.235,0.6370000243186951,-2.2114646617555582
548.844828,,0.02202064721532401,548.7,0.6710000038146973,-2.1371899118181465
549.310345,,0.02363753263491923,549.166,0.640999972820282,-2.202376788275452
549.775862,,0.024320398175757384,549.633,0.6489999890327454,-2.184808504514388
550.241379,,0.02309573937835912,550.099,0.6320000290870667,-2.2217447996607644
550.706897,,0.020809621076007527,550.563,0.6869999766349792,-2.1018594388513234
551.172414,,0.019447952039764824,551.029,0.6449999809265137,-2.1933446577945106
551.637931,,0.01990692205540744,551.492,0.6790000200271606,-2.1192946504603833
552.103448,,0.020897818932265562,551.962,0.6359999775886536,-2.2130426335725133
552.568966,,0.02028854540403427,552.422,0.6420000195503235,-2.20007736766028
553.034483,,0.017073011279503877,552.885,0.6499999761581421,-2.1827929930762013
553.5,,0.011418889207184245,553.355,0.6420000195503235,-2.200400214579062
553.965517,,0.0030288880671854885,553.818,0.6579999923706055,-2.1657478840426405
554.4310340000001,,0.00924639654283713,554.283,0.6890000104904175,-2.0984363386910907
554.896552,,0.0251919920184387,554.746,0.6650000214576721,-2.150963299743761
555.3620689999999,,0.04130400843421696,555.212,0.6259999871253967,-2.236176754410581
555.827586,,0.05262961785757622,555.678,0.6320000290870667,-2.2233519157540464
556.293103,,0.056975174419085214,556.144,0.6039999723434448,-2.28459604532949
556.758621,,0.05630184064633485,556.611,0.6420000195503235,-2.202036649768316
557.224138,,0.053379610726509284,557.07,0.640999972820282,-2.2044243946106175
557.689655,,0.04809954882086737,557.542,0.6570000052452087,-2.169747079991311
558.155172,,0.03825265240401412,558.0,0.6370000243186951,-2.2134674403544192
558.6206900000001,,0.02338322672745842,558.47,0.6430000066757202,-2.200504952197036
559.0862070000001,,0.006506995575015883,558.932,0.6349999904632568,-2.218002283588415
559.5517239999999,,0.008044002156445662,559.4,0.6190000176429749,-2.252885650834141
560.017241,,0.01761358353123275,559.862,0.6309999823570251,-2.2267234335655166
560.482759,,0.022238951814908682,560.33,0.640999972820282,-2.2048748676229377
560.948276,,0.023901480011580524,560.792,0.6190000176429749,-2.252700775186511
561.413793,,0.025315796085423833,561.258,0.6660000085830688,-2.150160450085255
561.87931,,0.028783017609897505,561.722,0.6309999823570251,-2.226233247165304
562.344828,,0.03528238361737325,562.187,0.6340000033378601,-2.2194867235906073
562.8103450000001,,0.04420456587812911,562.652,0.5860000252723694,-2.3238283997137557
563.275862,,0.05388513425023774,563.117,0.6570000052452087,-2.168895309471816
563.7413789999999,,0.06254205937194668,563.582,0.6880000233650208,-2.101097547606161
564.206897,,0.06916046600130327,564.048,0.609000027179718,-2.272947434635762
564.672414,,0.07397742799363297,564.515,0.6460000276565552,-2.1920798884844586
565.137931,,0.0779324440640294,564.98,0.609000027179718,-2.27244691402258
565.603448,,0.08080148515351075,565.444,0.6489999890327454,-2.18507996426995
566.068966,,0.07942929977027138,565.907,0.5979999899864197,-2.295998923058116
566.534483,,0.06834006928334385,566.374,0.6060000061988831,-2.278413439720698
567.0,,0.043069784935661874,566.836,0.609000027179718,-2.2717625600352114
567.465517,,0.00387014756913677,567.304,0.6100000143051147,-2.269513726291413
567.931034,,0.04292404841525194,567.766,0.6060000061988831,-2.2782049846037435
568.396552,,0.08688517503919616,568.232,0.5950000286102295,-2.302194662039792
568.862069,,0.11809107026010103,568.696,0.6119999885559082,-2.2652296581639497
569.327586,,0.13202742941538143,569.162,0.6060000061988831,-2.2784182736865537
569.793103,,0.13139293211492423,569.627,0.5879999995231628,-2.317792160703847
570.2586210000001,,0.12295668329530904,570.092,0.6470000147819519,-2.1894461941369445
570.724138,,0.11211591450625516,570.56,0.5799999833106995,-2.335639653021343
571.189655,,0.10028586569234,571.025,0.6019999980926514,-2.2879567867037207
571.655172,,0.08672757977549142,571.485,0.6169999837875366,-2.255540540598312
572.12069,,0.07134362819928614,571.955,0.6019999980926514,-2.288490822255188
572.586207,,0.055245627108356635,572.418,0.5989999771118164,-2.2952964120173474
573.051724,,0.039837385033279424,572.881,0.6209999918937683,-2.2476262944345398
573.517241,,0.026233565700774022,573.352,0.6190000176429749,-2.25222549436806
573.982759,,0.0149713790535312,573.815,0.6169999837875366,-2.2567987553872246
574.4482760000001,,0.005605034106612448,574.281,0.5519999861717224,-2.3985954009193695
574.913793,,0.0031321883874716417,574.744,0.6140000224113464,-2.2636676555927773
575.37931,,0.012236071530289454,575.209,0.5789999961853027,-2.3400280412761294
575.844828,,0.021389457430236826,575.674,0.597000002861023,-2.3008753429803184
576.310345,,0.029119907509318442,576.139,0.5989999771118164,-2.2965343647472793
576.775862,,0.03410519837296861,576.607,0.6150000095367432,-2.2616440710669843
577.241379,,0.03637750873608423,577.065,0.6029999852180481,-2.2877084128989384
577.706897,,0.03722215752022489,577.533,0.5920000076293945,-2.311549032691087
578.172414,,0.03786590529349409,577.999,0.5809999704360962,-2.3353494001259394
578.6379310000001,,0.03823540618127191,578.467,0.578000009059906,-2.3416856912814077
579.1034480000001,,0.03703986900470734,578.929,0.593999981880188,-2.3065991373584023
579.5689659999999,,0.033333567149774423,579.392,0.597000002861023,-2.29981258243874
580.034483,,0.02812919104420096,579.855,0.5839999914169312,-2.3278695905033566
580.5,,0.02395812874699852,580.323,0.6119999885559082,-2.266595055672043
580.965517,,0.022305376505994342,580.792,0.6449999809265137,-2.1944272806357317
581.431034,,0.02195248701856301,581.25,0.578000009059906,-2.340132229413807
581.896552,,0.0206734948494763,581.722,0.6069999933242798,-2.2767043937723153
582.362069,,0.01823903203639078,582.18,0.6000000238418579,-2.291733304516931
582.827586,,0.016613015238584692,582.652,0.5759999752044678,-2.3438320397639685
583.2931030000001,,0.0169751741549482,583.11,0.6039999723434448,-2.2826800196306185
583.758621,,0.01762539053333811,583.575,0.5920000076293945,-2.3087173976429707
584.2241379999999,,0.015757653800692255,584.04,0.5759999752044678,-2.3435166997956363
584.689655,,0.011068766578827001,584.507,0.6110000014305115,-2.2672540941647656
585.155172,,0.006825083478320227,584.973,0.5699999928474426,-2.3566184420005576
585.6206900000001,,0.006995676302807722,585.441,0.5849999785423279,-2.3240274838088095
586.0862070000001,,0.012445991628037745,585.903,0.574999988079071,-2.3459494944769714
586.551724,,0.020218258017603477,586.367,0.6019999980926514,-2.2873037288919247
587.017241,,0.026758494237499868,586.837,0.5669999718666077,-2.363770898918613
587.482759,,0.03168178315423811,587.295,0.5709999799728394,-2.3553013670132295
587.948276,,0.03797287556167404,587.76,0.625,-2.237921896890823
588.4137929999999,,0.04857001602594491,588.226,0.5899999737739563,-2.314455050153698
588.87931,,0.0630679205919709,588.693,0.5879999995231628,-2.3190969838558937
589.344828,,0.0773591448733888,589.158,0.597000002861023,-2.299769813799478
589.810345,,0.08582935649192876,589.626,0.5759999752044678,-2.3457894934882084
590.2758620000001,,0.08425442522701752,590.091,0.5860000252723694,-2.32425021415076
590.741379,,0.07173231605785399,590.556,0.6079999804496765,-2.276538515069002
591.2068969999999,,0.050782546236921376,591.021,0.5669999718666077,-2.3660456649956343
591.672414,,0.026069518704685737,591.485,0.6060000061988831,-2.2812194208181573
592.137931,,0.002756396000807382,591.947,0.5659999847412109,-2.3684607787123904
592.603448,,0.01514989417579685,592.411,0.5649999976158142,-2.370686627150684
593.068966,,0.02604032649670706,592.881,0.6340000033378601,-2.22035680572593
593.534483,,0.030609197555584007,593.341,0.6060000061988831,-2.281303627601946
594.0,,0.030692772190797208,593.811,0.5920000076293945,-2.311698659462447
594.4655170000001,,0.028573834732731975,594.277,0.5649999976158142,-2.370370252859848
594.9310340000001,,0.0269745247212851,594.739,0.5540000200271606,-2.3941436519415755
595.3965519999999,,0.028408928085326867,595.205,0.5759999752044678,-2.345988441551529
595.862069,,0.03379816831465745,595.671,0.5929999947547913,-2.3086989694652544
596.327586,,0.04204965752088215,596.137,0.5830000042915344,-2.330212559312523
596.793103,,0.05134203626187112,596.596,0.6010000109672546,-2.2907115998064556
597.2586210000001,,0.0605078393209288,597.062,0.5220000147819519,-2.4625370411229657
597.724138,,0.0688228179721047,597.526,0.5709999799728394,-2.3555034698153436
598.189655,,0.0748713909525742,597.992,0.5519999861717224,-2.3966345583273503
598.655172,,0.07650880098419845,598.455,0.5979999899864197,-2.2961770264104313
599.12069,,0.07241416443648065,598.925,0.5979999899864197,-2.295966879252411
599.586207,,0.06351485777149922,599.386,0.5640000104904175,-2.3698664696871643
600.0517239999999,,0.052480529732330396,599.855,0.5799999833106995,-2.3348757406778655
600.517241,,0.041623593310082176,600.319,0.5630000233650208,-2.371826760261041
600.982759,,0.031547341993203255,600.781,0.578000009059906,-2.3391102956608343
601.448276,,0.022098275816702366,601.246,0.5830000042915344,-2.3282302713737244
601.913793,,0.014066872079617602,601.711,0.5989999771118164,-2.2934339602718623
602.37931,,0.009017804259605222,602.176,0.5680000185966492,-2.3610808386398294
602.844828,,0.007590540384379062,602.641,0.5519999861717224,-2.396092843283344
603.310345,,0.008941480403053358,603.107,0.5540000200271606,-2.391930201197606
603.775862,,0.011873434062888774,603.574,0.5929999947547913,-2.307192380848518
604.2413789999999,,0.015441987327080086,604.04,0.5669999718666077,-2.3640934024541127
604.706897,,0.018148851434627866,604.5,0.578000009059906,-2.3404030775079696
605.172414,,0.01772978485278827,604.966,0.5789999961853027,-2.3385097614629755
605.637931,,0.012956707092096727,605.434,0.574999988079071,-2.347511145838318
606.1034480000001,,0.005506040130733248,605.897,0.6119999885559082,-2.2671799825578165
606.5689659999999,,0.0010014775100556476,606.367,0.5730000138282776,-2.3524090681043845
607.0344829999999,,0.004304375605374144,606.829,0.5789999961853027,-2.339574655549789
607.5,,0.00538457864024351,607.295,0.5730000138282776,-2.352852972407754
607.965517,,0.0067300537878092126,607.76,0.5540000200271606,-2.3944169590120707
608.431034,,0.009254806585775495,608.226,0.5709999799728394,-2.357508214174297
608.896552,,0.011614120840208037,608.686,0.5889999866485596,-2.318374711080584
609.362069,,0.012417207698699716,609.152,0.6060000061988831,-2.281369978277808
609.827586,,0.012180932996952781,609.618,0.574999988079071,-2.348889261868345
610.293103,,0.012319682905546296,610.084,0.5519999861717224,-2.3989299742669123
610.758621,,0.012605455825587326,610.549,0.5640000104904175,-2.372671903527277
611.2241379999999,,0.010995687409712171,611.014,0.5680000185966492,-2.3638004611079975
611.689655,,0.006668340152494182,611.477,0.5929999947547913,-2.3091387758605917
612.155172,,0.002361129160701519,611.94,0.5699999928474426,-2.3590188846990134
612.62069,,0.002486674850737161,612.407,0.5809999704360962,-2.3347987928776437
613.0862070000001,,0.008707312526334703,612.87,0.5830000042915344,-2.3301680014795503
613.551724,,0.017855443601601375,613.341,0.550000011920929,-2.4017802463214424
614.017241,,0.024544934852324462,613.803,0.5669999718666077,-2.364459901370728
614.4827590000001,,0.02586495805550456,614.27,0.578000009059906,-2.340219443266723
614.948276,,0.023529903350439516,614.733,0.5419999957084656,-2.41839205959055
615.4137929999999,,0.02157727430150324,615.198,0.515999972820282,-2.4748041044420637
615.8793099999999,,0.022235933833080673,615.663,0.5669999718666077,-2.3634936739608596
616.344828,,0.02421597203162494,616.129,0.5540000200271606,-2.391654945763735
616.810345,,0.024761727077949047,616.593,0.5529999732971191,-2.3937151076665235
617.275862,,0.02275473189279387,617.059,0.5429999828338623,-2.415429281772163
617.741379,,0.01950956099797093,617.526,0.5379999876022339,-2.426298913170331
618.206897,,0.017005582716537727,617.991,0.5649999976158142,-2.3675007230251777
618.672414,,0.01604283100031957,618.452,0.5419999957084656,-2.4176823960899356
619.137931,,0.016116973775614482,618.921,0.5540000200271606,-2.39165625452375
619.603448,,0.01640817868694288,619.382,0.5419999957084656,-2.417959076175096
620.068966,,0.016474667742838584,619.852,0.5370000004768372,-2.4290477471788687
620.534483,,0.016225757063963855,620.315,0.5429999828338623,-2.4162018520491295
621.0,,0.015625891196160972,620.777,0.531000018119812,-2.442595004564447
621.465517,,0.01459256599101343,621.243,0.5540000200271606,-2.392751052277949
621.9310340000001,,0.013122727157131541,621.708,0.5339999794960022,-2.4365961138806624
622.396552,,0.011342235134338437,622.174,0.5460000038146973,-2.410722906975954
622.862069,,0.009339991609963204,622.64,0.5460000038146973,-2.410983756614671
623.327586,,0.007082152522458903,623.106,0.5080000162124634,-2.4940159371136748
623.793103,,0.004617640768789966,623.565,0.5429999828338623,-2.417982830126452
624.258621,,0.0022718134732558244,624.03,0.5389999747276306,-2.426885776308054
624.724138,,0.000493410288817741,624.504,0.503000020980835,-2.505468621180946
625.189655,,0.00047491904656335096,624.962,0.5249999761581421,-2.4576496884721952
625.655172,,0.0007285430135401875,625.43,0.531000018119812,-2.4446450263535517
626.1206900000001,,0.0005989467324144438,625.892,0.5320000052452087,-2.4424871404096264
626.5862070000001,,0.0005622267668520161,626.356,0.5249999761581421,-2.4577113046062937
627.0517239999999,,0.0011932289613846214,626.826,0.531000018119812,-2.444566708944924
627.5172409999999,,0.002864975849852405,627.292,0.5339999794960022,-2.4379142233039137
627.982759,,0.005178402313222074,627.755,0.5519999861717224,-2.3985409823960504
628.448276,,0.006871797242133031,628.22,0.527999997138977,-2.450634730607571
628.913793,,0.006840339366503577,628.686,0.5019999742507935,-2.507056690480084
629.37931,,0.005435480332862787,629.151,0.5360000133514404,-2.4327381316538705
629.844828,,0.004360681840967508,629.611,0.5519999861717224,-2.3976204600122557
630.3103450000001,,0.004949281868526542,630.077,0.5289999842643738,-2.4474623268917926
630.7758620000001,,0.0067562623694254675,630.541,0.5400000214576721,-2.4232309332992803
631.2413789999999,,0.008160368727450327,631.007,0.5289999842643738,-2.4469393540139834
631.706897,,0.008157654596457292,631.47,0.546999990940094,-2.4074840426481767
632.172414,,0.007180619159194656,631.939,0.515999972820282,-2.4748073223519436
632.637931,,0.006362550306467391,632.4,0.5339999794960022,-2.43540859755393
633.103448,,0.006537916998103683,632.87,0.5249999761581421,-2.4548710101298967
633.568966,,0.007832413316783863,633.33,0.5199999809265137,-2.4656609544738948
634.034483,,0.009578361438612909,633.799,0.5210000276565552,-2.4634245357508218
634.5,,0.010599947321940714,634.265,0.5540000200271606,-2.3915182250026654
634.9655170000001,,0.01017293521377333,634.729,0.515999972820282,-2.4743425646030133
635.431034,,0.008823308458057654,635.194,0.5410000085830688,-2.4199574406541062
635.8965519999999,,0.007719539817820531,635.659,0.5649999976158142,-2.3677934213900507
636.362069,,0.007204992669130021,636.125,0.5389999747276306,-2.424599487138467
636.827586,,0.006492512916059465,636.59,0.5289999842643738,-2.446580409301642
637.293103,,0.005121825598401119,637.056,0.5189999938011169,-2.468589700066639
637.7586210000001,,0.004151020006549265,637.516,0.5299999713897705,-2.444869279774728
638.224138,,0.005095080643478604,637.981,0.5540000200271606,-2.3928398878816473
638.689655,,0.00775584533407995,638.445,0.5690000057220459,-2.36042274609338
639.155172,,0.009943863967039897,638.914,0.5540000200271606,-2.3933605035628602
639.62069,,0.009667600061671713,639.375,0.5490000247955322,-2.404499795685679
640.086207,,0.007060652024214872,639.844,0.5419999957084656,-2.4199776347564383
640.551724,,0.003908670347181557,640.307,0.550000011920929,-2.40275019853645
641.017241,,0.0018794948574069673,640.77,0.5879999995231628,-2.320131017397466
641.482759,,0.0016260719474759872,641.235,0.5339999794960022,-2.437909712084504
641.9482760000001,,0.002946973414901116,641.7,0.5680000185966492,-2.363926179207647
642.413793,,0.00486094470446762,642.165,0.5400000214576721,-2.4249757876708715
642.87931,,0.005734720040038921,642.637,0.5379999876022339,-2.429336699443658
643.344828,,0.0045341338636205,643.095,0.5260000228881836,-2.4554410536005813
643.810345,,0.0023465046476073745,643.56,0.5419999957084656,-2.4205020950882576
644.275862,,0.001692272499885537,644.026,0.5540000200271606,-2.3942384005183914
644.7413789999999,,0.003592870130836595,644.5,0.5669999718666077,-2.365759804894754
645.206897,,0.0059702187122258115,644.959,0.5509999990463257,-2.400429946030125
645.672414,,0.005894915359466747,645.426,0.5410000085830688,-2.422002702607837
646.1379310000001,,0.0031616333691777006,645.888,0.5360000133514404,-2.4326640695181414
646.6034480000001,,0.0005404935295119116,646.356,0.5640000104904175,-2.3714188340819775
647.0689659999999,,0.00019867451878370317,646.818,0.5360000133514404,-2.432173720384977
647.534483,,0.0009645189413868366,647.284,0.5360000133514404,-2.4319302251921595
648.0,,0.00012383026624442731,647.747,0.5540000200271606,-2.392482332070051
648.465517,,0.0027552062477067332,648.213,0.5379999876022339,-2.4271264558337458
648.931034,,0.005276068842038206,648.677,0.5379999876022339,-2.4269365859785603
649.396552,,0.005566139466317785,649.143,0.550000011920929,-2.400632973089978
649.862069,,0.0047675401012407075,649.607,0.550000011920929,-2.4005074671353355
650.327586,,0.005413194729804945,650.073,0.5370000004768372,-2.4287422611388583
650.7931030000001,,0.008130394341104475,650.541,0.5440000295639038,-2.4134445670160933
651.258621,,0.010941915090853894,651.006,0.5289999842643738,-2.4461193163584487
651.7241379999999,,0.011643842779791856,651.467,0.5529999732971191,-2.393868516574675
652.189655,,0.01007020099078729,651.936,0.550000011920929,-2.4004810195195194
652.655172,,0.007922981896544168,652.396,0.5379999876022339,-2.426738681147226
653.12069,,0.006937662591020228,652.866,0.5669999718666077,-2.3637051632682744
653.5862070000001,,0.007315453746360654,653.326,0.5249999761581421,-2.4553844267153897
654.051724,,0.00761409378431848,653.796,0.5460000038146973,-2.409832626277278
654.517241,,0.006274318709366599,654.255,0.5899999737739563,-2.314188925331729
654.982759,,0.003452471376249958,654.725,0.5419999957084656,-2.4189899992007398
655.448276,,0.0009674498555498971,655.191,0.5860000252723694,-2.3233578458014605
655.9137929999999,,0.000280136598303549,655.656,0.546999990940094,-2.4085494479486704
656.37931,,0.0011372125014753424,656.122,0.5270000100135803,-2.4523367820863493
656.844828,,0.0023506499374726696,656.582,0.5490000247955322,-2.404605899054733
657.310345,,0.003046789918289702,657.047,0.546999990940094,-2.4091415909368976
657.7758620000001,,0.0027619190369265892,657.512,0.5669999718666077,-2.3657200527561875
658.241379,,0.001157256831511839,657.978,0.5350000262260437,-2.4355568335282447
658.7068969999999,,0.0015949906337794058,658.44,0.5540000200271606,-2.394248528660678
659.172414,,0.004505112973794858,658.911,0.5460000038146973,-2.4117274386875764
659.637931,,0.006582838386398711,659.374,0.5659999847412109,-2.3681662237437604
660.103448,,0.007923362531610413,659.837,0.5370000004768372,-2.4313206817064272
660.568966,,0.009324038143321271,660.308,0.5540000200271606,-2.3942206664187835
661.034483,,0.010766822442422505,660.77,0.5540000200271606,-2.394123172713013
661.5,,0.011168786426150183,661.236,0.5730000138282776,-2.3525992598056535
661.965517,,0.010082310368006702,661.7,0.5460000038146973,-2.411264987511166
662.4310340000001,,0.00872138635814683,662.166,0.5429999828338623,-2.417620525471706
662.8965519999999,,0.008399366205826268,662.626,0.5619999766349792,-2.3760288970325467
663.362069,,0.008569856246648891,663.092,0.5529999732971191,-2.395428068337673
663.827586,,0.007558810785559218,663.56,0.5540000200271606,-2.3930354840163264
664.293103,,0.005076483381838708,664.025,0.5690000057220459,-2.3601430037083078
664.7586210000001,,0.0028633808242634943,664.489,0.5690000057220459,-2.3599370050150252
665.224138,,0.0025221113377969185,664.951,0.5379999876022339,-2.427282314408757
665.689655,,0.0035907732227499017,665.415,0.5540000200271606,-2.3922506504354364
666.155172,,0.0043210996437298855,665.884,0.5669999718666077,-2.363779514531486
666.62069,,0.0037051328664458693,666.345,0.5630000233650208,-2.372373145064882
667.086207,,0.002123382657431533,666.814,0.5419999957084656,-2.418035638197746
667.5517239999999,,0.0005088442796217211,667.28,0.5339999794960022,-2.43541077904853
668.017241,,0.0005863687718274661,667.742,0.5690000057220459,-2.359140429612559
668.482759,,0.0014832017429625413,668.208,0.47699999809265137,-2.5595959361442207
668.948276,,0.0032008167709275544,668.674,0.5419999957084656,-2.4180414942460717
669.413793,,0.006276838469219541,669.14,0.5830000042915344,-2.3288090175431355
669.87931,,0.009573050243889828,669.605,0.5540000200271606,-2.3921110205294043
670.3448279999999,,0.010868671072937909,670.071,0.5460000038146973,-2.4096870110815307
670.810345,,0.009029061504580266,670.531,0.5389999747276306,-2.425106235632475
671.275862,,0.0052448488110621114,670.996,0.5460000038146973,-2.4100410979081053
671.7413789999999,,0.001864164111709832,671.467,0.5669999718666077,-2.364485587729459
672.206897,,0.00040212776199558106,671.929,0.5460000038146973,-2.410437263396556
672.672414,,0.0009647099785285554,672.392,0.5540000200271606,-2.393206398876515
673.137931,,0.002853376964413476,672.855,0.5540000200271606,-2.3933971905748006
673.6034480000001,,0.004851733156069864,673.326,0.578000009059906,-2.3412866322549406
674.068966,,0.005457571802918668,673.788,0.5519999861717224,-2.398089235572247
674.5344829999999,,0.0040090698696917835,674.254,0.5400000214576721,-2.424367589984047
675.0,,0.001525545863841785,674.718,0.546999990940094,-2.409225819080845
675.465517,,0.000319788494733834,675.183,0.5099999904632568,-2.4899163679600353
675.931034,,0.0008476803357176841,675.648,0.5709999799728394,-2.3570691803563832
676.396552,,0.0004096175363289764,676.114,0.550000011920929,-2.4028386287208003
676.862069,,0.0007292247861933543,676.578,0.5540000200271606,-2.3941087563916668
677.327586,,0.002612750573551211,677.044,0.5460000038146973,-2.411490774804925
677.793103,,0.004760507325317056,677.511,0.5419999957084656,-2.4201282633575243
678.2586210000001,,0.0058949195036228945,677.976,0.46000000834465027,-2.5986748602964904
678.7241379999999,,0.004831898359896693,678.437,0.5540000200271606,-2.393758350167298
679.1896549999999,,0.0014740781984701676,678.907,0.546999990940094,-2.408866551455269
679.655172,,0.0029470382299171213,679.367,0.5410000085830688,-2.4217798849673895
680.12069,,0.0062853528797943625,679.837,0.5630000233650208,-2.373679521609241
680.5862070000001,,0.006548567897923632,680.295,0.5540000200271606,-2.393110209896126
681.051724,,0.0034784834720890286,680.761,0.5419999957084656,-2.4190750697518433
681.517241,,0.0008455920709844768,681.226,0.5540000200271606,-2.3927559893197574
681.9827590000001,,0.003732809022709069,681.693,0.5770000219345093,-2.3424799502445994
682.448276,,0.004470983905229301,682.159,0.5419999957084656,-2.418578130327132
682.9137929999999,,0.004788795885827502,682.626,0.5370000004768372,-2.4293346808922753
683.3793099999999,,0.006644379242146157,683.091,0.546999990940094,-2.407433995793493
683.844828,,0.009959885979927863,683.556,0.5360000133514404,-2.4313104860379418
684.310345,,0.012820809003764951,684.021,0.5419999957084656,-2.418178187788344
684.775862,,0.013722438341811607,684.485,0.5730000138282776,-2.3506087355885987
685.241379,,0.013198283090391472,684.947,0.5630000233650208,-2.3723927323840748
685.706897,,0.013205772747221031,685.415,0.5540000200271606,-2.3920268184808364
686.172414,,0.015479433160617097,685.878,0.5360000133514404,-2.4312974660894247
686.637931,,0.020678534820501422,686.341,0.550000011920929,-2.400878940841039
687.103448,,0.02820703198682194,686.811,0.46299999952316284,-2.590530584802355
687.5689659999999,,0.036032347590426644,687.277,0.5419999957084656,-2.4185512253293298
688.034483,,0.041426556579745,687.739,0.5669999718666077,-2.364237863926233
688.5,,0.0431930200313119,688.205,0.5759999752044678,-2.3447944763495823
688.965517,,0.043056847906250244,688.67,0.5649999976158142,-2.368930129523284
689.4310340000001,,0.04366993817170657,689.136,0.5410000085830688,-2.421389995988573
689.896552,,0.044809685133113196,689.6,0.5419999957084656,-2.41938149215682
690.362069,,0.04222368623338133,690.066,0.5419999957084656,-2.4195449050604387
690.827586,,0.03091662782583448,690.53,0.550000011920929,-2.402267507358911
691.293103,,0.009791132092330773,690.996,0.5360000133514404,-2.4329044566285756
691.758621,,0.016852543417016936,691.459,0.5339999794960022,-2.437378269264065
692.224138,,0.042233892600055896,691.922,0.5419999957084656,-2.420042949239602
692.689655,,0.061449370831039345,692.385,0.5419999957084656,-2.420111421635418
693.155172,,0.07334776028472384,692.855,0.5669999718666077,-2.365685758596232
693.6206900000001,,0.07927293795208053,693.318,0.5419999957084656,-2.4201629568494933
694.0862070000001,,0.08135080226336937,693.781,0.5440000295639038,-2.415787348324992
694.551724,,0.08196938680014947,694.247,0.5540000200271606,-2.3939542637208553
695.0172409999999,,0.08302961032060875,694.712,0.5329999923706055,-2.43963244800493
695.482759,,0.08421393368117003,695.178,0.550000011920929,-2.4024975172540364
695.948276,,0.08268164292848734,695.644,0.5490000247955322,-2.4045566888006777
696.4137929999999,,0.07569452006436093,696.109,0.5339999794960022,-2.4370990583490046
696.87931,,0.0634164424534728,696.575,0.5350000262260437,-2.4347694682210164
697.344828,,0.04870866652981911,697.04,0.5460000038146973,-2.410644641068624
697.8103450000001,,0.03463393399940375,697.5,0.546999990940094,-2.4083016005029756
698.2758620000001,,0.02233969427248412,697.965,0.5270000100135803,-2.4517103385536254
698.741379,,0.010617846049670497,698.433,0.5419999957084656,-2.41887182179926
699.206897,,0.002737465967021914,698.896,0.5669999718666077,-2.364256113114959
699.672414,,0.01834047553442836,699.366,0.5519999861717224,-2.3967988883162437
700.137931,,0.0335543934261364,699.829,0.5389999747276306,-2.4250012550583406
700.603448,,0.04407450728068506,700.295,0.5630000233650208,-2.372614040858559
701.068966,,0.04771872436930548,700.76,0.5529999732971191,-2.394324046250372
701.534483,,0.04630473834297103,701.226,0.5669999718666077,-2.36377113662659
702.0,,0.043442875209626496,701.685,0.546999990940094,-2.407318556178117
702.4655170000001,,0.04102638464181174,702.151,0.5419999957084656,-2.4182139030872736
702.931034,,0.038506786780351555,702.615,0.5540000200271606,-2.392100107116441
703.3965519999999,,0.03506552834121676,703.082,0.5370000004768372,-2.429194289338274
703.862069,,0.03132838668011465,703.548,0.5540000200271606,-2.3922398301239447
704.327586,,0.0286823175674975,704.014,0.5090000033378601,-2.4903853673688254
704.793103,,0.027585465362736823,704.477,0.5540000200271606,-2.3924735031790316
705.2586210000001,,0.026968222589014077,704.94,0.5429999828338623,-2.4165828463684456
705.724138,,0.02512204634065741,705.408,0.5460000038146973,-2.410202981413024
706.189655,,0.021097236712125753,705.87,0.5440000295639038,-2.4147239007712433
706.6551720000001,,0.015525909358650525,706.341,0.5419999957084656,-2.4192477412085647
707.12069,,0.010269847352587631,706.803,0.5929999947547913,-2.3083001538467554
707.586207,,0.006999828074045022,707.269,0.5540000200271606,-2.393422067745501
708.051724,,0.0057604425286269835,707.732,0.5419999957084656,-2.4197079442081466
708.517241,,0.004982650735846464,708.198,0.5540000200271606,-2.393690400632047
708.982759,,0.003159615203770002,708.664,0.5419999957084656,-2.419941205700977
709.4482760000001,,0.00044109902254573993,709.129,0.5540000200271606,-2.3938819401135776
709.913793,,0.0015907743856762694,709.597,0.5379999876022339,-2.428800273041098
710.37931,,0.0015629893680215148,710.055,0.5669999718666077,-2.3656527983883806
710.844828,,0.00032761120202229744,710.522,0.5690000057220459,-2.361300453875143
711.310345,,0.0022727531380075682,710.988,0.5400000214576721,-2.4244578376187915
711.775862,,0.002215761562474116,711.456,0.5400000214576721,-2.4244078102492654
712.2413789999999,,0.00020669790170317398,711.918,0.5339999794960022,-2.437405339057887
712.706897,,0.003061310333374526,712.381,0.5720000267028809,-2.354519397349386
713.172414,,0.003997290200090693,712.851,0.5210000276565552,-2.465513115863931
713.637931,,0.0027757022094475675,713.312,0.5440000295639038,-2.415270746409726
714.1034480000001,,0.0015061507394619875,713.781,0.5630000233650208,-2.373730533143937
714.5689659999999,,0.0024005910443610804,714.24,0.5419999957084656,-2.4193273115945324
715.034483,,0.0056178120796707975,714.711,0.5460000038146973,-2.4104535519167456
715.5,,0.009183973461069724,715.17,0.5669999718666077,-2.3645430183623413
715.965517,,0.010669565955090495,715.637,0.5350000262260437,-2.434105168510515
716.431034,,0.009078600939374301,716.102,0.5419999957084656,-2.4187097435585985
716.896552,,0.005593987890293516,716.567,0.5699999928474426,-2.357576137699764
717.362069,,0.00265057592173075,717.033,0.5320000052452087,-2.4402501416308295
717.827586,,0.002012103707942288,717.5,0.5630000233650208,-2.372617721235474
718.2931030000001,,0.0034686980098958342,717.966,0.5460000038146973,-2.4095834933968865
718.758621,,0.005287310231218782,718.426,0.5410000085830688,-2.4204305584572765
719.2241379999999,,0.005890487567939896,718.895,0.5419999957084656,-2.4182327097448866
719.689655,,0.005148297118607713,719.356,0.5669999718666077,-2.3637743720562883
720.155172,,0.00410664533719474,719.826,0.5419999957084656,-2.418274736599626
720.62069,,0.003530642024180462,720.285,0.5419999957084656,-2.4183347539970765
721.0862070000001,,0.0030324828796904797,720.755,0.5419999957084656,-2.418419351508796
721.551724,,0.001928613948374139,721.221,0.5400000214576721,-2.4228833719016962
722.017241,,0.0005438048792763306,721.686,0.5630000233650208,-2.37289995111554
722.482759,,5.925586042945564e-05,722.151,0.5529999732971191,-2.3948265429328814
722.948276,,0.00043757444855849756,722.611,0.5669999718666077,-2.364475577617339
723.4137929999999,,0.001068758965081331,723.077,0.5170000195503235,-2.4735644934765424
723.87931,,0.0006940195424196536,723.541,0.5419999957084656,-2.4192579785259896
724.344828,,0.0006767633989585606,724.006,0.5299999713897705,-2.4455602272343513
724.810345,,0.0017991615458481517,724.474,0.5339999794960022,-2.4369980723737017
725.2758620000001,,0.001381988017488248,724.936,0.550000011920929,-2.4022814466410294
725.741379,,0.0005822450246752448,725.4,0.5419999957084656,-2.419837179509202
726.2068969999999,,0.0025929617249881736,725.87,0.5519999861717224,-2.398157949070006
726.672414,,0.002868516750426134,726.333,0.5230000019073486,-2.461423846439347
727.137931,,0.0010797586342538397,726.796,0.5709999799728394,-2.356909135911296
727.603448,,0.001124945104301002,727.261,0.5540000200271606,-2.393979006201437
728.068966,,0.0017200188899671477,727.728,0.5329999923706055,-2.4397352346460566
728.534483,,0.0005252260746918387,728.194,0.5419999957084656,-2.4201042778363955
729.0,,0.0006985483638545936,728.659,0.5630000233650208,-2.3743021104546984
729.465517,,0.000543140719991247,729.124,0.5210000276565552,-2.4657287716155385
729.9310340000001,,0.00036898122980756886,729.589,0.6079999804496765,-2.276085403934823
730.3965519999999,,0.000473291504637248,730.055,0.5709999799728394,-2.3565711997296384
730.8620689999999,,0.000527876662047313,730.519,0.550000011920929,-2.402179128881312
731.327586,,0.0012824017241986978,730.985,0.5260000228881836,-2.454309890731805
731.793103,,0.0005897756804882667,731.448,0.5339999794960022,-2.436716695681082
732.2586210000001,,0.0009743951775679099,731.91,0.546999990940094,-2.408227650409185
732.724138,,0.0015973195509621757,732.381,0.5389999747276306,-2.425492282211612
733.189655,,0.00025356730575012466,732.844,0.6449999809265137,-2.19439579353022
733.655172,,0.0021068936653417776,733.307,0.5419999957084656,-2.418644814327457
734.12069,,0.003414011967437117,733.77,0.5400000214576721,-2.4228646292962424
734.586207,,0.002433981946748066,734.235,0.5669999718666077,-2.363923928904804
735.0517239999999,,3.1403668048910465e-05,734.7,0.5429999828338623,-2.416117490206724
735.517241,,0.0014325507295169467,735.165,0.5529999732971191,-2.394263474099537
735.982759,,0.00029356985605096496,735.63,0.5630000233650208,-2.3724378350949533
736.448276,,0.0025767425961357613,736.095,0.5529999732971191,-2.3942148398993366
736.913793,,0.0044156424451302035,736.563,0.5490000247955322,-2.402949856104785
737.37931,,0.003367752750931482,737.028,0.5389999747276306,-2.424787151607017
737.844828,,0.00046100904668582005,737.501,0.5299999713897705,-2.4444750511626316
738.310345,,0.0015006853720113957,737.959,0.5419999957084656,-2.418438553714503
738.775862,,0.0008927064378376636,738.422,0.5540000200271606,-2.3924256114077442
739.2413789999999,,0.0011978781232939366,738.885,0.5170000195503235,-2.4731861166161786
739.706897,,0.0023294542924137697,739.352,0.5419999957084656,-2.4188860640384013
740.172414,,0.0011817547844273511,739.821,0.5149999856948853,-2.477886486215175
740.637931,,0.0014203357667607868,740.28,0.5460000038146973,-2.410530348254634
741.1034480000001,,0.0035255141131089393,740.75,0.550000011920929,-2.4019964274648116
741.568966,,0.003783132787057831,741.215,0.5019999742507935,-2.506745449682601
742.034483,,0.00233002911383852,741.675,0.5080000162124634,-2.4938363603874603
742.5,,0.0002748843377893053,742.14,0.5540000200271606,-2.3937650185420596
742.965517,,0.0014034822261127886,742.607,0.5519999861717224,-2.3982459138377865
743.431034,,0.0021891006528973462,743.073,0.5329999923706055,-2.439736186832693
743.896552,,0.0015409355025885329,743.537,0.5400000214576721,-2.4245513191559933
744.362069,,0.001082832504749926,744.003,0.5640000104904175,-2.3722966358743434
744.827586,,0.005334799393127759,744.47,0.5339999794960022,-2.4376544759032583
745.293103,,0.009683341493120192,744.932,0.5669999718666077,-2.3657227205021036
745.7586210000001,,0.012595230276703834,745.396,0.5339999794960022,-2.4375480971240284
746.2241379999999,,0.013932655709476655,745.866,0.5379999876022339,-2.4287324301001965
746.6896549999999,,0.0149578191982287,746.329,0.5699999928474426,-2.3588865737468154
747.155172,,0.01710431317766643,746.792,0.5479999780654907,-2.4066630021469004
747.62069,,0.02085562874072991,747.258,0.5529999732971191,-2.3955960965264262
748.086207,,0.025423491575631372,747.722,0.5630000233650208,-2.373621667896051
748.551724,,0.029001222107890818,748.187,0.5419999957084656,-2.4191773933926095
749.017241,,0.029484301360906778,748.652,0.5540000200271606,-2.39283621247751
749.4827590000001,,0.025693228068871036,749.118,0.5400000214576721,-2.4231452777778943
749.9482760000001,,0.018347160079443703,749.582,0.5370000004768372,-2.4295012549332498
750.4137929999999,,0.009661485213255045,750.048,0.5410000085830688,-2.420624886548126
750.8793099999999,,0.0016993365095793389,750.515,0.5419999957084656,-2.4183080327321536
751.344828,,0.004979782107151807,750.98,0.5529999732971191,-2.3942325227163623
751.810345,,0.01120767934155101,751.441,0.5410000085830688,-2.4202971483720397
752.275862,,0.018005283690383653,751.91,0.5540000200271606,-2.391929638380921
752.741379,,0.025427327590642125,752.374,0.5419999957084656,-2.4180640615568953
753.206897,,0.032257148396652495,752.837,0.5529999732971191,-2.39412563992851
753.672414,,0.03684023781270967,753.308,0.5630000233650208,-2.3724007255321595
754.1379310000001,,0.03860690823193171,753.77,0.5460000038146973,-2.409532414384505
754.603448,,0.03875381579074434,754.236,0.5529999732971191,-2.3944068924288353
755.0689659999999,,0.03888018914641676,754.701,0.550000011920929,-2.401094288509893
755.534483,,0.03897443082665168,755.166,0.6460000276565552,-2.1921154685918336
756.0,,0.037562630797649765,755.626,0.5460000038146973,-2.410164959019489
756.465517,,0.03396981514445887,756.091,0.5669999718666077,-2.364606707819857
756.931034,,0.029389681862598965,756.556,0.5460000038146973,-2.4105558699446292
757.396552,,0.02526576608027083,757.022,0.5860000252723694,-2.323605225765467
757.862069,,0.021518488549312677,757.485,0.5419999957084656,-2.4196526111921
758.3275860000001,,0.016906234516639234,757.955,0.5339999794960022,-2.4372551611755626
758.793103,,0.010466727575632238,758.415,0.5440000295639038,-2.4156238899797944
759.258621,,0.0022355431280691026,758.885,0.4740000069141388,-2.568262805836068
759.724138,,0.006849566207653842,759.348,0.578000009059906,-2.341790855382474
760.189655,,0.015507539568742394,759.811,0.5339999794960022,-2.437727742095071
760.655172,,0.023168976484560067,760.276,0.5630000233650208,-2.374588126909829
761.1206900000001,,0.030621688472495363,760.746,0.5669999718666077,-2.365877960666626
761.5862070000001,,0.038902475738835963,761.212,0.5419999957084656,-2.420310707490473
762.051724,,0.04729098289787594,761.671,0.5789999961853027,-2.339630344457455
762.517241,,0.05307004200427229,762.137,0.5789999961853027,-2.339524049525892
762.982759,,0.05361787365869506,762.604,0.5630000233650208,-2.3742428034765775
763.448276,,0.048277257100553216,763.069,0.5410000085830688,-2.422005473512108
763.9137929999999,,0.03807856672630248,763.533,0.5699999928474426,-2.3586346915869116
764.37931,,0.024389747401250966,763.999,0.5429999828338623,-2.417251647861903
764.844828,,0.008417070992749565,764.463,0.5770000219345093,-2.342960604492696
765.310345,,0.008159883489538972,764.925,0.5540000200271606,-2.392848905764424
765.7758620000001,,0.022613239059882804,765.396,0.550000011920929,-2.4013464969576988
766.241379,,0.03186653089831561,765.858,0.5529999732971191,-2.3946047562703785
766.706897,,0.034342173606150175,766.326,0.5410000085830688,-2.4205606278780207
767.172414,,0.03124937205671426,766.789,0.5370000004768372,-2.4291120639015027
767.637931,,0.025859555669708753,767.255,0.5540000200271606,-2.3919419195082283
768.103448,,0.021373898867726643,767.718,0.5669999718666077,-2.363520276400565
768.568966,,0.019120186899153947,768.184,0.5249999761581421,-2.454961362182673
769.034483,,0.0181292994581728,768.648,0.527999997138977,-2.44840383419222
769.5,,0.016283079741674547,769.113,0.5419999957084656,-2.417923179497514
769.9655170000001,,0.012391566219334009,769.58,0.5419999957084656,-2.417984537828832
770.4310340000001,,0.007357247381191002,770.045,0.5789999961853027,-2.337474053531857
770.8965519999999,,0.003000073851884433,770.511,0.5669999718666077,-2.3637514406468974
771.362069,,9.788200796356947e-05,770.97,0.5540000200271606,-2.392237242895641
771.827586,,0.002889577639465607,771.441,0.5419999957084656,-2.418570392022072
772.293103,,0.005989333540363645,771.903,0.5669999718666077,-2.3643137224350514
772.7586210000001,,0.008469976331934007,772.371,0.5659999847412109,-2.3667148368000386
773.224138,,0.009171605927325856,772.833,0.5419999957084656,-2.41923093244905
773.689655,,0.008584222298342688,773.304,0.5540000200271606,-2.3933151921128943
774.155172,,0.008550868257937019,773.766,0.5910000205039978,-2.3129249510971612
774.62069,,0.010271062377059837,774.225,0.5519999861717224,-2.398095972759531
775.086207,,0.013252707307701114,774.69,0.5649999976158142,-2.369955057595506
775.551724,,0.016101795977505284,775.156,0.550000011920929,-2.4027890018627955
776.017241,,0.017614116604176628,775.623,0.5540000200271606,-2.3941966307809297
776.482759,,0.016972665489705656,776.089,0.5400000214576721,-2.424784413302625
776.9482760000001,,0.013766950586062414,776.555,0.5720000267028809,-2.355115761109498
777.413793,,0.008746490479708583,777.021,0.5709999799728394,-2.3573014904316816
777.87931,,0.004271187466738893,777.481,0.5690000057220459,-2.3616236483584374
778.344828,,0.002736868309682301,777.951,0.5759999752044678,-2.346296948018243
778.810345,,0.003967912079667392,778.412,0.550000011920929,-2.402826934403815
779.275862,,0.004992933352246675,778.881,0.5669999718666077,-2.3656406246629103
779.7413789999999,,0.0032131640448529895,779.344,0.5360000133514404,-2.432999805079668
780.206897,,0.0005915332922566981,779.807,0.5630000233650208,-2.3739737891971124
780.672414,,0.0031154381597589993,780.273,0.5389999747276306,-2.4260417091699606
781.137931,,0.002274084281242507,780.735,0.5440000295639038,-2.414918398765217
781.6034480000001,,0.0005109295945164311,781.201,0.5460000038146973,-2.410328396106187
782.0689659999999,,0.0020586056247853695,781.666,0.5789999961853027,-2.3382038420221387
782.5344829999999,,0.001087331587954449,782.132,0.546999990940094,-2.4077015392926406
783.0,,0.0005971818893316214,782.597,0.5270000100135803,-2.4510732329647857
783.465517,,0.0007057394015931902,783.063,0.515999972820282,-2.474862876326574
783.931034,,0.0006875159822655906,783.529,0.5360000133514404,-2.43114574555436
784.396552,,0.0017313750671654924,783.995,0.5649999976158142,-2.3678557406202456
784.862069,,0.0015847432151286445,784.456,0.550000011920929,-2.4004632113317528
785.327586,,0.001307971928686758,784.926,0.5699999928474426,-2.3568568236091556
785.7931030000001,,0.0018890767542038376,785.388,0.5540000200271606,-2.391721329343116
786.258621,,0.002577911849687863,785.851,0.550000011920929,-2.400481844558822
786.7241379999999,,0.0018635970140564184,786.319,0.5460000038146973,-2.4092812028452046
787.189655,,0.0005216140438041134,786.781,0.5249999761581421,-2.4551545015320446
787.655172,,0.003204889840074094,787.246,0.5270000100135803,-2.4509526638924037
788.12069,,0.004461287217606872,787.712,0.5630000233650208,-2.37270553376181
788.5862070000001,,0.003587102163544602,788.177,0.5540000200271606,-2.3925194257671616
789.051724,,0.0013728718439606122,788.644,0.5529999732971191,-2.3949192543236846
789.517241,,0.0005365491450403707,789.11,0.5529999732971191,-2.3951487124647715
789.982759,,0.0010379575692380243,789.574,0.5680000185966492,-2.362699349616412
790.448276,,0.0004924802364467749,790.04,0.5460000038146973,-2.4108538958349457
790.9137929999999,,0.00016682656979843198,790.504,0.5630000233650208,-2.3740281372675
791.3793099999999,,0.0007735546432657337,790.97,0.5659999847412109,-2.3676839342674594
791.844828,,0.0015931782766746322,791.433,0.5410000085830688,-2.4223163132401417
792.310345,,0.0010799896723542683,791.895,0.5540000200271606,-2.394130193119859
792.7758620000001,,0.001441706635533742,792.363,0.5659999847412109,-2.368088620372397
793.241379,,0.0046651153474862655,792.825,0.5429999828338623,-2.4182621877273784
793.7068969999999,,0.00624031210425339,793.291,0.5540000200271606,-2.3943226353429665
794.172414,,0.00497447914024868,793.755,0.515999972820282,-2.4770981623964903
794.637931,,0.0019127000082982603,794.221,0.5540000200271606,-2.394258212562059
795.103448,,0.0007334635288389593,794.686,0.5429999828338623,-2.418135431437108
795.568966,,0.0014963777496804444,795.151,0.5680000185966492,-2.3635462320999783
796.034483,,0.0005594714191671226,795.618,0.5630000233650208,-2.374284826867335
796.5,,0.000922877466676682,796.084,0.550000011920929,-2.4024256210078057
796.965517,,0.0021797327141640883,796.548,0.5339999794960022,-2.4370818569145607
797.4310340000001,,0.003373396658831743,797.014,0.5870000123977661,-2.3213966720455823
797.8965519999999,,0.004830794784989899,797.482,0.5820000171661377,-2.332063794117866
798.3620689999999,,0.006159162168447477,797.944,0.5440000295639038,-2.414623805449235
798.827586,,0.006676402503962568,798.407,0.550000011920929,-2.4013292984513805
799.293103,,0.00658616133946881,798.87,0.5630000233650208,-2.372797324761507
799.758621,,0.006920703662390844,799.337,0.5669999718666077,-2.3638923012637583
800.224138,,0.008075499573700635,799.807,0.5410000085830688,-2.4203715486868824
800.689655,,0.009199236487311656,800.265,0.5329999923706055,-2.437666411478515
801.155172,,0.009438146926283494,800.736,0.5540000200271606,-2.3918160940687665
801.62069,,0.008947977981043714,801.195,0.550000011920929,-2.400470291000865
802.086207,,0.008191119757715833,801.663,0.5509999990463257,-2.3982710160270386
802.5517239999999,,0.007148759107626273,802.128,0.574999988079071,-2.346002736828246
803.017241,,0.0058553469121611626,802.592,0.5440000295639038,-2.4135989952513643
803.482759,,0.004870824698944081,803.058,0.5419999957084656,-2.4180524373137615
803.948276,,0.004442716713003747,803.522,0.5659999847412109,-2.36589598293436
804.413793,,0.00371427338578267,803.988,0.5410000085830688,-2.420523794018514
804.87931,,0.0015817632473166595,804.452,0.5669999718666077,-2.364066099429237
805.344828,,0.001653755115563403,804.921,0.5830000042915344,-2.3294135795094095
805.810345,,0.004072874979352469,805.382,0.5419999957084656,-2.418956279891035
806.275862,,0.00397911122285971,805.851,0.5879999995231628,-2.318962240243225
806.7413789999999,,0.00179350181831347,806.312,0.5460000038146973,-2.410688058054657
807.206897,,0.0002180861844816336,806.775,0.5720000267028809,-2.3542578299599937
807.672414,,5.9789263595012354e-05,807.241,0.5540000200271606,-2.3936739829857587
808.137931,,0.002262227969099077,807.708,0.5419999957084656,-2.419998352608027
808.603448,,0.004887444016575826,808.173,0.5630000233650208,-2.374402176661251
809.068966,,0.005874329029401913,808.641,0.5270000100135803,-2.452959484269636
809.534483,,0.00505656793542992,809.107,0.5090000033378601,-2.4922689402126004
810.0,,0.0041545557955788735,809.567,0.5730000138282776,-2.3528942236982267
810.465517,,0.004881029790528224,810.032,0.6370000243186951,-2.2134794791892665
810.931034,,0.007089893722910547,810.5,0.5429999828338623,-2.418248954434839
811.396552,,0.009075266056258503,810.966,0.5669999718666077,-2.3658979272315714
811.862069,,0.009613089230979213,811.426,0.5540000200271606,-2.394120110578196
812.327586,,0.009286699237003548,811.896,0.5419999957084656,-2.4201305524477137
812.793103,,0.009478548042751255,812.356,0.5419999957084656,-2.4199687727454777
813.2586210000001,,0.010357994717711996,812.826,0.550000011920929,-2.402354481381309
813.724138,,0.010632709024609251,813.291,0.578000009059906,-2.3411488427389977
814.1896549999999,,0.009424646653593187,813.755,0.5249999761581421,-2.4564015001825146
814.655172,,0.007590542826885172,814.221,0.5770000219345093,-2.342890568586247
815.12069,,0.0066885991439359326,814.686,0.5540000200271606,-2.392779430006097
815.586207,,0.007070501804137216,815.151,0.5669999718666077,-2.364244393728021
816.051724,,0.0074595802779717476,815.611,0.5490000247955322,-2.40326143126636
816.517241,,0.006354785264945848,816.077,0.5540000200271606,-2.3921902448644707
816.982759,,0.0036507994951067574,816.541,0.5339999794960022,-2.4356119106981056
817.4482760000001,,0.0007195569369243047,817.006,0.5709999799728394,-2.3548815862916053
817.913793,,0.0012311134333477672,817.474,0.5920000076293945,-2.3090429211922308
818.3793099999999,,0.0027461694978314546,817.937,0.5419999957084656,-2.417923852085288
818.844828,,0.005739825511280571,818.4,0.5540000200271606,-2.391766692736222
819.310345,,0.01138647598260406,818.87,0.5519999861717224,-2.396149921153038
819.775862,,0.018522633428806556,819.333,0.550000011920929,-2.400571273061532
820.241379,,0.024284326514861714,819.796,0.5659999847412109,-2.3658131316326543
820.706897,,0.02639283858713554,820.263,0.5649999976158142,-2.368124377977958
821.172414,,0.0249337891469601,820.728,0.5659999847412109,-2.3661064605555597
821.6379310000001,,0.022084412038479627,821.194,0.5630000233650208,-2.3728262257904107
822.1034480000001,,0.020112448647028755,821.659,0.550000011920929,-2.401350517772322
822.5689659999999,,0.01936184870112351,822.124,0.5210000276565552,-2.4647459967268066
823.034483,,0.018050347855992906,822.589,0.5389999747276306,-2.425752390095873
823.5,,0.014297562263768201,823.055,0.5759999752044678,-2.34536394363275
823.965517,,0.008455946973636757,823.519,0.5879999995231628,-2.3194324847801617
824.431034,,0.0030647270963957123,823.986,0.5540000200271606,-2.3937026532969634
824.896552,,0.0002582740305948816,824.448,0.5419999957084656,-2.420021653141412
825.362069,,0.0005330517695363907,824.911,0.5690000057220459,-2.361347499921106
825.827586,,0.001997779379653502,825.381,0.5690000057220459,-2.3614657841536837
826.293103,,0.005974539990939892,825.844,0.5669999718666077,-2.365906255854357
826.758621,,0.011281309369487048,826.307,0.5339999794960022,-2.437847769792717
827.224138,,0.014981416351924633,826.77,0.5419999957084656,-2.420427411215657
827.689655,,0.015760549261032035,827.235,0.5699999928474426,-2.359396419650908
828.155172,,0.015177832855357551,827.7,0.5699999928474426,-2.3593295977232347
828.6206900000001,,0.01532409065014992,828.166,0.5659999847412109,-2.3679409964687395
829.0862070000001,,0.016350914326753056,828.637,0.5299999713897705,-2.446236805211884
829.551724,,0.016988899935791318,829.095,0.5540000200271606,-2.3937863048370853
830.017241,,0.01646634293041315,829.56,0.5460000038146973,-2.4110304172456036
830.482759,,0.014826988470052893,830.026,0.5429999828338623,-2.417364541066004
830.948276,,0.012095753926015222,830.5,0.5289999842643738,-2.4476536594205345
831.4137929999999,,0.008568309378863919,830.958,0.5360000133514404,-2.432187835178225
831.87931,,0.0056131308567444384,831.426,0.5419999957084656,-2.4189038536068765
832.344828,,0.004513015103485852,831.888,0.5379999876022339,-2.4274154705939663
832.810345,,0.004298733580840588,832.352,0.5419999957084656,-2.4185129557111003
833.2758620000001,,0.002341961834309115,832.822,0.5759999752044678,-2.3442709403461235
833.741379,,0.002289978032802212,833.28,0.5540000200271606,-2.3920570467368925
834.2068969999999,,0.00732278374438329,833.751,0.5170000195503235,-2.472552010465291
834.672414,,0.009792512851550328,834.216,0.5789999961853027,-2.3373937751628606
835.137931,,0.009191487775384937,834.677,0.5680000185966492,-2.3613108122104087
835.603448,,0.007475552518000726,835.143,0.5640000104904175,-2.3700120627720564
836.068966,,0.006519155821605216,835.607,0.5630000233650208,-2.3722127871418786
836.534483,,0.006309506999533465,836.073,0.546999990940094,-2.4071286114709567
837.0,,0.005650095475873394,836.538,0.5460000038146973,-2.409398854772569
837.4655170000001,,0.003974209856292576,837.003,0.5460000038146973,-2.409522410372168
837.9310340000001,,0.0018326760482079974,837.466,0.5540000200271606,-2.3922449196211284
838.3965519999999,,0.0002559262913523953,837.936,0.5379999876022339,-2.4272788311551126
838.862069,,0.0026387892305043533,838.4,0.5540000200271606,-2.3926145043643037
839.327586,,0.005770212229746839,838.863,0.5519999861717224,-2.3971786673455875
839.793103,,0.009025116313516006,839.326,0.5730000138282776,-2.3516396624349314
840.2586210000001,,0.010933787419522972,839.796,0.5460000038146973,-2.41067524702556
840.724138,,0.010757660071510947,840.262,0.5540000200271606,-2.3934515839323622
841.189655,,0.009563188506414735,840.721,0.5759999752044678,-2.345714206528345
841.655172,,0.009686958538262362,841.187,0.5450000166893005,-2.413426199507109
842.12069,,0.013286073625974119,841.651,0.5529999732971191,-2.3961476769084067
842.586207,,0.02105948140579203,842.117,0.5669999718666077,-2.3657693703533043
843.0517239999999,,0.03171255365830225,842.581,0.5450000166893005,-2.4137906611568676
843.517241,,0.042689567607021466,843.047,0.5989999771118164,-2.296199997060363
843.982759,,0.05208984686407492,843.511,0.5339999794960022,-2.4378316848603006
844.4482760000001,,0.060021444481179895,843.977,0.5540000200271606,-2.394241822643596
844.913793,,0.06755683498909115,844.44,0.5389999747276306,-2.42686989178024
845.37931,,0.07413492762872127,844.91,0.5460000038146973,-2.41153415236188
845.844828,,0.07631024738222632,845.374,0.574999988079071,-2.3482368541941034
846.310345,,0.0693995747945954,845.836,0.5540000200271606,-2.393843143098226
846.775862,,0.05080180377404759,846.308,0.5830000042915344,-2.3304922879282506
847.2413789999999,,0.022470688567353972,846.77,0.5410000085830688,-2.42180582821554
847.706897,,0.009483699769139316,847.236,0.5379999876022339,-2.4281391623850572
848.172414,,0.03828007745035151,847.696,0.5630000233650208,-2.373463681931488
848.637931,,0.060658502611184086,848.162,0.5540000200271606,-2.3928613014821973
849.1034480000001,,0.07818768069003248,848.627,0.5460000038146973,-2.410085444930182
849.5689659999999,,0.09438116547821734,849.093,0.5440000295639038,-2.414249277284812
850.0344829999999,,0.11041041605699908,849.559,0.5400000214576721,-2.422788117390615
850.5,,0.12356751393002781,850.024,0.5339999794960022,-2.4357073757325347
850.965517,,0.1295869756628623,850.485,0.4909999966621399,-2.5292650694846355
851.431034,,0.12610805221846533,850.955,0.5669999718666077,-2.363595923662124
851.896552,,0.1140995111179319,851.415,0.5540000200271606,-2.3918594029479463
852.362069,,0.09663372637554248,851.886,0.6589999794960022,-2.163074062193136
852.827586,,0.07678668427949537,852.348,0.5339999794960022,-2.435408859494744
853.2931030000001,,0.05666713113490251,852.811,0.5460000038146973,-2.4093019178604664
853.758621,,0.037811333058456326,853.276,0.5370000004768372,-2.4289809421926423
854.2241379999999,,0.0214645893804314,853.747,0.5699999928474426,-2.357188423935887
854.689655,,0.007932025164390259,854.205,0.5720000267028809,-2.3529615813122304
855.155172,,0.00378368070374079,854.67,0.5699999928474426,-2.3574727228899577
855.62069,,0.014830666216951156,855.136,0.531000018119812,-2.4426133900823834
856.0862070000001,,0.02484450362750484,855.601,0.5630000233650208,-2.373085613536364
856.551724,,0.031927850115179346,856.066,0.5540000200271606,-2.392892401584628
857.017241,,0.03469683674633796,856.533,0.5839999914169312,-2.3277353546789827
857.482759,,0.034158897936162155,856.999,0.5540000200271606,-2.393294417052257
857.948276,,0.033097588107427224,857.463,0.5260000228881836,-2.45448894317966
858.4137929999999,,0.03367048236925541,857.925,0.5419999957084656,-2.4198115212948927
858.8793099999999,,0.035968269382579424,858.396,0.546999990940094,-2.409082389557945
859.344828,,0.03854218429715712,858.859,0.527999997138977,-2.450619122992478
859.810345,,0.039610070263481297,859.322,0.5519999861717224,-2.398448266003891
860.275862,,0.038013338135125356,859.785,0.5339999794960022,-2.437751252301023
860.741379,,0.0339972172814111,860.25,0.5540000200271606,-2.3942332040282213
861.206897,,0.02941293081548985,860.718,0.5849999785423279,-2.326715143686734
861.672414,,0.02660875457577459,861.184,0.5540000200271606,-2.3942363701105505
862.137931,,0.02646875824089649,861.651,0.5690000057220459,-2.36150368376103
862.603448,,0.02741010702984769,862.117,0.5529999732971191,-2.396274709209359
863.068966,,0.0267253995068697,862.581,0.5490000247955322,-2.404870122427215
863.534483,,0.023262175417945282,863.04,0.5730000138282776,-2.3524352137670217
864.0,,0.01854403853663102,863.511,0.5419999957084656,-2.419801707607145
864.465517,,0.014973429049270525,863.97,0.5659999847412109,-2.3673233554636095
864.9310340000001,,0.013334653231666296,864.441,0.546999990940094,-2.40851331597043
865.3965519999999,,0.012560544427427987,864.903,0.546999990940094,-2.408301585197145
865.8620689999999,,0.011543545474360851,865.367,0.5789999961853027,-2.3383716239716663
866.327586,,0.010314998794736895,865.836,0.5540000200271606,-2.3926286937254186
866.793103,,0.009430272345605457,866.296,0.5370000004768372,-2.429467547099766
867.258621,,0.009028695658083324,866.761,0.5709999799728394,-2.3552125148611314
867.724138,,0.0088380307849824,867.226,0.550000011920929,-2.4008051215270383
868.189655,,0.008509162422434935,867.693,0.5329999923706055,-2.4377105168403803
868.655172,,0.00760248266198901,868.159,0.5519999861717224,-2.396216427512102
869.1206900000001,,0.005784849291191304,868.626,0.5649999976158142,-2.36782850022225
869.586207,,0.003443900355496278,869.092,0.5630000233650208,-2.372155802553942
870.0517239999999,,0.0016649484391375142,869.552,0.550000011920929,-2.400484927023005
870.517241,,0.0011151057061809637,870.018,0.5479999780654907,-2.4048860661935882
870.982759,,0.001212817740491196,870.481,0.5529999732971191,-2.3940727858180804
871.448276,,0.0009594870072787534,870.951,0.5789999961853027,-2.337541146850329
871.913793,,0.0005435481886120672,871.411,0.5320000052452087,-2.440080885963756
872.37931,,0.001404797973320625,871.881,0.5289999842643738,-2.446787329811719
872.844828,,0.004302583260845023,872.341,0.5419999957084656,-2.4186583528893038
873.3103450000001,,0.00791188694559274,872.811,0.5210000276565552,-2.4646207448165076
873.775862,,0.010081542515700823,873.276,0.5460000038146973,-2.410376566531986
874.2413789999999,,0.010230361342333592,873.739,0.5540000200271606,-2.3931731803736054
874.706897,,0.00983438911444468,874.204,0.5419999957084656,-2.4195393683739423
875.172414,,0.010674484613313493,874.671,0.5460000038146973,-2.4110371001982824
875.637931,,0.012985780811404985,875.136,0.5669999718666077,-2.365481112401944
876.103448,,0.015034818273025559,875.596,0.550000011920929,-2.4026903558885384
876.568966,,0.014302366829351985,876.062,0.5360000133514404,-2.4333356820078187
877.034483,,0.00955130131248317,876.526,0.550000011920929,-2.4029469140718427
877.5,,0.0018764205996167167,876.992,0.5540000200271606,-2.3943088447248906
877.965517,,0.006643390257194365,877.455,0.5490000247955322,-2.4052400804628844
878.431034,,0.015000090639524611,877.925,0.574999988079071,-2.3485930650709745
878.896552,,0.02326266298544453,878.389,0.5460000038146973,-2.4117310208709712
879.362069,,0.030958076092734113,878.851,0.4909999966621399,-2.5314760862546937
879.827586,,0.036556105875392673,879.319,0.5370000004768372,-2.43114376884801
880.293103,,0.03868551257602108,879.781,0.5789999961853027,-2.339494057234033
880.7586210000001,,0.037185726152346554,880.247,0.5519999861717224,-2.398141424157965
881.224138,,0.03294539432054733,880.712,0.5529999732971191,-2.395762236191766
881.689655,,0.02730476220072993,881.177,0.5529999732971191,-2.395543680766851
882.155172,,0.021582700891928534,881.644,0.5419999957084656,-2.4192789243429185
882.62069,,0.016527730365126184,882.11,0.5669999718666077,-2.3645784306859294
883.086207,,0.012091359646841585,882.575,0.550000011920929,-2.4013832479065855
883.551724,,0.008140176048603053,883.041,0.5289999842643738,-2.4469125949936057
884.017241,,0.0052272325559361,883.5,0.5299999713897705,-2.444529275836655
884.482759,,0.003988361273203709,883.966,0.5419999957084656,-2.4182047617561024
884.9482760000001,,0.003839782549910316,884.434,0.5669999718666077,-2.3635865231606505
885.413793,,0.0031311833630776015,884.897,0.546999990940094,-2.4070399055215517
885.87931,,0.00093850244142249,885.366,0.574999988079071,-2.3459541605802188
886.344828,,0.0018213221085592191,885.829,0.5419999957084656,-2.417804619903857
886.810345,,0.0034170536982851035,886.295,0.5540000200271606,-2.391656503159291
887.275862,,0.0030864657802705904,886.761,0.5289999842643738,-2.4461602093517265
887.741379,,0.0014707708645005898,887.226,0.503000020980835,-2.5028843664238947
888.206897,,0.00036048589625847755,887.686,0.5709999799728394,-2.354855570760127
888.672414,,0.0017610538495047884,888.151,0.5440000295639038,-2.4138331270853466
889.1379310000001,,0.002483292124446575,888.616,0.5540000200271606,-2.3922306581696833
889.6034480000001,,0.0023711826327264206,889.081,0.5519999861717224,-2.396796604222247
890.0689659999999,,0.0013428221766733483,889.548,0.5460000038146973,-2.4100953857128253
890.534483,,0.000363981899297641,890.014,0.550000011920929,-2.4016194413041547
891.0,,0.0018975610339015334,890.482,0.5540000200271606,-2.3931479598191787
891.465517,,0.0019797103093178864,890.944,0.5529999732971191,-2.395566773380535
891.931034,,5.025502724246882e-05,891.407,0.5419999957084656,-2.419761772975804
892.396552,,0.0026786531637949715,891.877,0.5529999732971191,-2.3960096862394997
892.862069,,0.004123967150803027,892.337,0.5519999861717224,-2.398377738880696
893.327586,,0.0035838227210243465,892.807,0.5429999828338623,-2.4181456488584274
893.7931030000001,,0.0022889216375230983,893.265,0.5709999799728394,-2.357269066413384
894.258621,,0.0014331385641570319,893.736,0.5540000200271606,-2.3943926767022283
894.7241379999999,,0.0006936592212356316,894.202,0.5659999847412109,-2.3682938660082824
895.189655,,0.0006632124496187691,894.666,0.5379999876022339,-2.4292981365509534
895.655172,,0.002190254076547211,895.132,0.5669999718666077,-2.3660767746601117
896.1206900000001,,0.0028683424998479424,895.59,0.5419999957084656,-2.4204607728664587
896.5862070000001,,0.002847532313569162,896.055,0.5730000138282776,-2.352801036018784
897.051724,,0.0034237324147002395,896.523,0.5419999957084656,-2.420181740144599
897.517241,,0.00517724690653139,896.988,0.5669999718666077,-2.365527034467195
897.982759,,0.006949345217127055,897.456,0.5730000138282776,-2.3522406585906683
898.448276,,0.007067831133636737,897.918,0.5730000138282776,-2.352006199362803
898.9137929999999,,0.0053386177896905,898.381,0.550000011920929,-2.401868065246492
899.37931,,0.0035353804379046187,898.851,0.5429999828338623,-2.416867543971669
899.844828,,0.0036903375547604287,899.315,0.5490000247955322,-2.403548643156024
900.310345,,0.005772489108230603,899.777,0.5540000200271606,-2.392420078342298
900.7758620000001,,0.007380878013679077,900.243,0.6110000014305115,-2.2680192039566385
901.241379,,0.006211456566723937,900.708,0.5540000200271606,-2.3920072272615323
901.7068969999999,,0.002766431527862611,901.174,0.5440000295639038,-2.413629040972074
902.172414,,0.00016787146255008677,901.641,0.5519999861717224,-2.396072028935766
902.637931,,0.0010226942839749716,902.107,0.531000018119812,-2.4417367421918565
903.103448,,0.0045725633875666315,902.571,0.5339999794960022,-2.4351584219001285
903.568966,,0.007373259421240392,903.037,0.5640000104904175,-2.369801885817533
904.034483,,0.007127191869242331,903.504,0.5360000133514404,-2.430851800022652
904.5,,0.0053705745480920495,903.962,0.5170000195503235,-2.472337968286072
904.9655170000001,,0.00552478774958252,904.43,0.5419999957084656,-2.4180056422306637
905.4310340000001,,0.0085491991375995,904.892,0.5960000157356262,-2.3005286004271395
905.8965519999999,,0.01178703018021281,905.355,0.5669999718666077,-2.363908516549279
906.362069,,0.012380560504527719,905.826,0.5680000185966492,-2.3619515728777647
906.827586,,0.010517901159306814,906.291,0.515999972820282,-2.475480706117082
907.293103,,0.008495679317059846,906.755,0.5929999947547913,-2.3079745397739195
907.7586210000001,,0.007640036074745424,907.221,0.5519999861717224,-2.3975508280049795
908.224138,,0.007365319527938369,907.681,0.5540000200271606,-2.3934392286229964
908.689655,,0.006659594407266054,908.147,0.550000011920929,-2.4023869955844934
909.155172,,0.005148043101774094,908.612,0.5329999923706055,-2.4396379161116966
909.62069,,0.002714040830786171,909.078,0.550000011920929,-2.4027892156730934
910.086207,,0.0008617937683493226,909.544,0.550000011920929,-2.402946028362754
910.5517239999999,,0.005408252806313443,910.01,0.5389999747276306,-2.427031548391139
911.017241,,0.00983714126527018,910.47,0.5519999861717224,-2.3987893031107976
911.482759,,0.012526550395324609,910.94,0.5440000295639038,-2.4162558960159175
911.948276,,0.012484390762053503,911.404,0.5519999861717224,-2.398820251717863
912.413793,,0.010144255220143719,911.866,0.5419999957084656,-2.420556302309943
912.87931,,0.006816145925426556,912.334,0.578000009059906,-2.342031621713251
913.344828,,0.0034591997194899668,912.797,0.5659999847412109,-2.368041187528177
913.810345,,0.00045073280771474716,913.262,0.5720000267028809,-2.354797678394337
914.275862,,0.00156719766075015,913.728,0.5519999861717224,-2.398167643564055
914.7413789999999,,0.0016030120818092606,914.194,0.5419999957084656,-2.4197265376645745
915.206897,,0.00035836279762073463,914.659,0.5360000133514404,-2.4325542654079593
915.672414,,0.002638697058715756,915.124,0.5720000267028809,-2.353869475308533
916.137931,,0.003390534788549545,915.589,0.5540000200271606,-2.392829462905011
916.6034480000001,,0.0026937445758084236,916.055,0.5490000247955322,-2.4034726722537285
917.0689659999999,,0.0023483311319551993,916.515,0.5289999842643738,-2.4468100571801945
917.5344829999999,,0.0035185691198042304,916.98,0.5720000267028809,-2.3529140348596718
918.0,,0.005364761517929132,917.45,0.546999990940094,-2.4071938570889824
918.465517,,0.0063049755921178886,917.911,0.5860000252723694,-2.3220726774719513
918.931034,,0.005889742964669366,918.381,0.574999988079071,-2.3459208231053372
919.396552,,0.004867350435900968,918.844,0.5669999718666077,-2.363273218561304
919.862069,,0.003913841288616858,919.307,0.5759999752044678,-2.3436316250674385
920.327586,,0.003033978438667989,919.77,0.5669999718666077,-2.3632500223845043
920.793103,,0.002090596673312321,920.236,0.5370000004768372,-2.428664883321417
921.258621,,0.0012316725669242257,920.703,0.5659999847412109,-2.365583679877836
921.7241379999999,,0.0005801761503322927,921.168,0.5419999957084656,-2.4180120073431564
922.189655,,4.662338615670216e-06,921.634,0.5249999761581421,-2.455227516271093
922.655172,,0.0006037692154020247,922.1,0.5519999861717224,-2.396615223185341
923.12069,,0.0011007942555674277,922.566,0.5260000228881836,-2.4534974071331757
923.5862070000001,,0.00147434869310073,923.025,0.5299999713897705,-2.4450394478577935
924.051724,,0.001685928601685966,923.493,0.5540000200271606,-2.393019267751483
924.517241,,0.0012966466232347436,923.955,0.5690000057220459,-2.36060833978544
924.982759,,8.93559310437429e-05,924.423,0.5149999856948853,-2.478516962725748
925.448276,,0.0019499357726937606,924.885,0.5540000200271606,-2.393796505625475
925.9137929999999,,0.0030298988959036348,925.355,0.5130000114440918,-2.4833458886656516
926.3793099999999,,0.0024773556831643403,925.818,0.5509999990463257,-2.400752602115779
926.844828,,0.0004665451835771246,926.284,0.5630000233650208,-2.374767429968805
927.310345,,0.00219951004282859,926.746,0.5429999828338623,-2.4184564157776762
927.775862,,0.004819778283726441,927.212,0.5690000057220459,-2.36188074112816
928.241379,,0.007197906084077549,927.677,0.5460000038146973,-2.4120096567517963
928.706897,,0.009477606293135361,928.143,0.5540000200271606,-2.394550482559167
929.1724139999999,,0.01157231407424726,928.607,0.5540000200271606,-2.394471473668426
929.637931,,0.012817258288561633,929.073,0.5540000200271606,-2.394345557600952
930.103448,,0.012451382171714088,929.538,0.5669999718666077,-2.365853981165669
930.568966,,0.010570347713424319,930.004,0.550000011920929,-2.4026834383104863
931.034483,,0.008155945175042721,930.466,0.5460000038146973,-2.4111592820691565
931.5,,0.005604211864473446,930.937,0.5680000185966492,-2.362966513660444
931.965517,,0.0016869422436634194,931.397,0.5540000200271606,-2.3931893122156187
932.4310340000001,,0.00482416595524615,931.867,0.550000011920929,-2.401618880823503
932.896552,,0.012400918986756677,932.33,0.550000011920929,-2.401336639543433
933.3620689999999,,0.017004216929237703,932.792,0.5260000228881836,-2.4533543805279874
933.827586,,0.016025795241712326,933.258,0.5540000200271606,-2.3921039068058305
934.293103,,0.011353743093130895,933.722,0.5370000004768372,-2.4289219560747815
934.758621,,0.007576239596571367,934.188,0.5649999976158142,-2.3677367241075893
935.224138,,0.00738309424747966,934.652,0.5410000085830688,-2.4198828937468058
935.689655,,0.009578678643979406,935.117,0.5410000085830688,-2.419788222921656
936.155172,,0.011371858830024508,935.582,0.546999990940094,-2.406671937621004
936.6206900000001,,0.01134357472575895,936.048,0.5669999718666077,-2.3631057910792137
937.0862070000001,,0.009841093582273985,936.515,0.5490000247955322,-2.402378811651189
937.5517239999999,,0.00767583306926688,936.98,0.5419999957084656,-2.4177363006510224
938.0172409999999,,0.005347738492293678,937.442,0.5419999957084656,-2.417889979624784
938.482759,,0.003030470888751401,937.905,0.5460000038146973,-2.4093711493465495
938.948276,,0.0005483986734046516,938.374,0.546999990940094,-2.407424125936493
939.413793,,0.002492467164602004,938.836,0.5419999957084656,-2.418577456214733
939.87931,,0.005995987351503346,939.304,0.5669999718666077,-2.3643913287978444
940.344828,,0.00877928224211052,939.767,0.5419999957084656,-2.419148237992424
940.8103450000001,,0.009252507896100463,940.232,0.5540000200271606,-2.393296780853126
941.2758620000001,,0.007136674841494842,940.7,0.546999990940094,-2.408832237543103
941.7413789999999,,0.004286453398845703,941.165,0.5809999704360962,-2.335025788055282
942.206897,,0.0032737930910994506,941.629,0.5339999794960022,-2.4376637366947747
942.672414,,0.004983544604658733,942.095,0.5659999847412109,-2.3681550337341077
943.137931,,0.007733458923092108,942.56,0.5820000171661377,-2.333463954155398
943.603448,,0.008753951335617745,943.025,0.5669999718666077,-2.3662641323464895
944.068966,,0.006529750142609421,943.488,0.5649999976158142,-2.3706910882328383
944.534483,,0.001936486452438799,943.951,0.5669999718666077,-2.366350999440663
945.0,,0.002686009668217949,944.419,0.5540000200271606,-2.3946375751492757
945.465517,,0.005525278636236668,944.882,0.5640000104904175,-2.372763830602766
945.931034,,0.006383758858588123,945.345,0.5680000185966492,-2.3639130075834913
946.3965519999999,,0.00603278195100028,945.814,0.546999990940094,-2.4094839655653133
946.862069,,0.005061457638598941,946.28,0.5540000200271606,-2.394014449475254
947.327586,,0.0037256823179025005,946.743,0.574999988079071,-2.348012529146967
947.793103,,0.002563921486905697,947.208,0.5419999957084656,-2.4196338205888837
948.2586210000001,,0.002383931828167883,947.673,0.5600000023841858,-2.3801294954867944
948.724138,,0.0032614864823555896,948.139,0.527999997138977,-2.449552896457942
949.189655,,0.003934530117379606,948.604,0.5529999732971191,-2.394798295307062
949.655172,,0.002788854382404164,949.069,0.5789999961853027,-2.337878229687862
950.12069,,0.00047623740612365246,949.533,0.515999972820282,-2.4748797853274827
950.586207,,0.004429650049037354,949.999,0.5540000200271606,-2.3918685316364736
951.051724,,0.007148660856825685,950.463,0.5460000038146973,-2.409113114485743
951.517241,,0.007726857969251602,950.925,0.5070000290870667,-2.493939664177364
951.982759,,0.006705413339723634,951.393,0.5090000033378601,-2.4894915546447858
952.4482760000001,,0.005415848811057441,951.856,0.5669999718666077,-2.363091211969203
952.913793,,0.005154593816266964,952.326,0.5519999861717224,-2.3957833348643187
953.37931,,0.006707119442577068,952.79,0.5669999718666077,-2.363165773340928
953.844828,,0.009913295621836423,953.255,0.5360000133514404,-2.4308138032200133
954.310345,,0.013393613404723984,953.719,0.5630000233650208,-2.3721448014580795
954.775862,,0.015346106717150757,954.185,0.5379999876022339,-2.426805201033902
955.2413789999999,,0.015182233680088652,954.651,0.5360000133514404,-2.431390265601386
955.706897,,0.014072211374032818,955.11,0.5379999876022339,-2.4272877537191904
956.172414,,0.01346618240591013,955.575,0.5920000076293945,-2.309913072967064
956.6379310000001,,0.013264045313384432,956.041,0.5460000038146973,-2.410411171817696
957.1034480000001,,0.011779183527033766,956.508,0.5440000295639038,-2.41504832415208
957.5689659999999,,0.00756411074213744,956.974,0.5649999976158142,-2.369568092566517
958.034483,,0.0011576948001156442,957.437,0.5440000295639038,-2.415573562558856
958.5,,0.00517376784811016,957.907,0.5410000085830688,-2.4223385796256096
958.965517,,0.009531729399450515,958.37,0.5540000200271606,-2.3942134269041073
959.431034,,0.01194219731586068,958.833,0.5460000038146973,-2.4118019021285155
959.896552,,0.013514627581696838,959.304,0.5370000004768372,-2.4315262996906575
960.362069,,0.014478049284853784,959.766,0.5630000233650208,-2.3749517149468753
960.827586,,0.013988325223385473,960.232,0.5419999957084656,-2.4207250978699566
961.2931030000001,,0.011969524415381334,960.691,0.5799999833106995,-2.3379085738895338
961.758621,,0.01000679514478319,961.156,0.5360000133514404,-2.4336924975552057
962.2241379999999,,0.009666652371856531,961.622,0.5699999928474426,-2.359496119121597
962.689655,,0.010580346869611644,962.088,0.5379999876022339,-2.4290490056379173
963.155172,,0.010808744161714469,962.556,0.5669999718666077,-2.3656681497569467
963.62069,,0.00866449032251257,963.021,0.5519999861717224,-2.398117922823558
964.0862070000001,,0.003975270474912729,963.481,0.5649999976158142,-2.369542848767367
964.551724,,0.0017841248538840895,963.951,0.5429999828338623,-2.4172062078649286
965.017241,,0.006431695853972678,964.411,0.5709999799728394,-2.355931338441979
965.482759,,0.00867797854445284,964.881,0.5849999785423279,-2.3251596222171393
965.948276,,0.008812602381433082,965.344,0.550000011920929,-2.4011519504578187
966.4137929999999,,0.007663546395747353,965.807,0.5519999861717224,-2.3965540112562715
966.87931,,0.005562204902916932,966.272,0.5339999794960022,-2.435557217973125
967.344828,,0.0027747515547293135,966.735,0.5540000200271606,-2.391806831275344
967.810345,,9.105146469703303e-06,967.201,0.5339999794960022,-2.4352432756552758
968.2758620000001,,0.002558926714153178,967.666,0.5379999876022339,-2.426437211784696
968.741379,,0.005802742921899421,968.132,0.5540000200271606,-2.3915351124251907
969.2068969999999,,0.01047842696293275,968.597,0.5540000200271606,-2.3915397444415225
969.672414,,0.015278332363573647,969.063,0.5640000104904175,-2.3698052736616626
970.137931,,0.01755747377527093,969.529,0.5429999828338623,-2.415654432728506
970.603448,,0.016328272221836995,969.995,0.5669999718666077,-2.3635065933639035
971.068966,,0.01358151308553409,970.457,0.5419999957084656,-2.418150016670046
971.534483,,0.011766254015823898,970.927,0.5709999799728394,-2.3551780743916626
972.0,,0.010689634087394179,971.392,0.5360000133514404,-2.4316643813898158
972.465517,,0.008191951039786514,971.854,0.546999990940094,-2.407950714429026
972.9310340000001,,0.0036391464430177572,972.317,0.6119999885559082,-2.2665986059803362
973.3965519999999,,0.0006961936477807811,972.786,0.5460000038146973,-2.410648410840446
973.862069,,0.0022814728627782604,973.245,0.5460000038146973,-2.410899320420653
974.327586,,0.0015097970700550384,973.711,0.5379999876022339,-2.4285648463261267
974.793103,,0.0012886524177659273,974.177,0.5920000076293945,-2.3111312861295543
975.2586210000001,,0.003476555153872072,974.644,0.5540000200271606,-2.3941028863777425
975.724138,,0.006700844852256371,975.11,0.5400000214576721,-2.4247513748051546
976.189655,,0.008393589291594616,975.575,0.5370000004768372,-2.4313960327422977
976.655172,,0.008239322522079824,976.041,0.5720000267028809,-2.3552096550205484
977.12069,,0.008330414185286879,976.5,0.578000009059906,-2.3421586730314146
977.586207,,0.010009826792046699,976.966,0.5170000195503235,-2.4750314340662856
978.0517239999999,,0.011936317613852167,977.437,0.515999972820282,-2.4771428919442995
978.517241,,0.01197783787156351,977.899,0.574999988079071,-2.3484951948709227
978.982759,,0.010183320284868068,978.36,0.5429999828338623,-2.418066515287507
979.448276,,0.008787709400616791,978.829,0.5519999861717224,-2.398279748463092
979.913793,,0.009398937581648802,979.296,0.5950000286102295,-2.3043906059176904
980.37931,,0.011118766507850816,979.761,0.5419999957084656,-2.4196296177434107
980.8448279999999,,0.01170043894493228,980.226,0.5540000200271606,-2.393242304782911
981.310345,,0.00997240598474411,980.686,0.5540000200271606,-2.3929931906473123
981.775862,,0.006827605033559716,981.152,0.5630000233650208,-2.373138148342243
982.2413789999999,,0.004106371327873006,981.619,0.5529999732971191,-2.3946872047999785
982.706897,,0.0027265619249829754,982.084,0.5640000104904175,-2.3705016318567638
983.172414,,0.0019968798897290435,982.549,0.550000011920929,-2.4008065822432996
983.637931,,0.0008276674345546488,983.015,0.515999972820282,-2.4747159649732886
984.1034480000001,,0.0007352065868375112,983.477,0.5419999957084656,-2.4179438136581926
984.568966,,0.0017766351488715235,983.94,0.5479999780654907,-2.4047857282474387
985.0344829999999,,0.002190621074316327,984.411,0.5460000038146973,-2.409099590889846
985.5,,0.003187979909559641,984.874,0.5220000147819519,-2.461388164069306
985.965517,,0.005669285643522845,985.337,0.5419999957084656,-2.4178608822493497
986.431034,,0.008696765754540736,985.807,0.5339999794960022,-2.4353785003322486
986.896552,,0.010282081597271297,986.265,0.5759999752044678,-2.344002344854961
987.362069,,0.00954684353588059,986.736,0.5540000200271606,-2.3920929622487694
987.827586,,0.0075882851494156215,987.195,0.5339999794960022,-2.4358548144546743
988.293103,,0.006220381374639909,987.666,0.5519999861717224,-2.396850810875208
988.758621,,0.0063259277481056,988.125,0.5630000233650208,-2.3731127479651453
989.2241379999999,,0.007578100418715968,988.596,0.5669999718666077,-2.3646326681955574
989.6896549999999,,0.009247523990915971,989.062,0.5540000200271606,-2.3931889902111916
990.155172,,0.010694359571465278,989.526,0.5490000247955322,-2.404308841376723
990.62069,,0.011265730125103216,989.991,0.5889999866485596,-2.3173747262852094
991.0862070000001,,0.01058112769125914,990.452,0.5630000233650208,-2.374208930596327
991.551724,,0.009291446885932064,990.921,0.5440000295639038,-2.415765065925976
992.017241,,0.008865301579838423,991.382,0.5540000200271606,-2.3941089721127904
992.4827590000001,,0.00995519077264141,991.851,0.5540000200271606,-2.3942040778560916
992.948276,,0.011285470611141858,992.312,0.5419999957084656,-2.4204051208762998
993.4137929999999,,0.010712822952884477,992.781,0.5299999713897705,-2.4465674747285524
993.8793099999999,,0.007330981198140314,993.24,0.531000018119812,-2.4443689554317407
994.344828,,0.002309300993360536,993.712,0.5649999976158142,-2.370237359986931
994.810345,,0.0022230964527513624,994.17,0.5460000038146973,-2.411537472555901
995.275862,,0.00497352137448317,994.637,0.550000011920929,-2.4026952336305913
995.741379,,0.006273894958503069,995.102,0.5379999876022339,-2.4286827282426002
996.206897,,0.0073004651350779826,995.567,0.5669999718666077,-2.365321819090972
996.672414,,0.00872020538116592,996.033,0.5640000104904175,-2.37165883373916
997.137931,,0.010165596471969296,996.5,0.5419999957084656,-2.419377951917288
997.603448,,0.0108492884936413,996.965,0.574999988079071,-2.347266027480339
998.0689659999999,,0.010500127193368597,997.427,0.5540000200271606,-2.392802228655652
998.534483,,0.009733224960633826,997.897,0.5460000038146973,-2.4100244046107
999.0,,0.009598397706015456,998.359,0.5960000157356262,-2.3008994741554463
999.465517,,0.010727817338681464,998.821,0.5669999718666077,-2.3639074458290743
999.9310340000001,,0.012819092880333678,999.287,0.5540000200271606,-2.392082159573241
1000.396552,,0.01493088450581576,999.75,0.5540000200271606,-2.3919655400017668
1000.862069,,0.016426787885651196,1000.216,0.5619999766349792,-2.3744545514607376
1001.3275859999999,,0.017750285042441177,1000.685,0.5379999876022339,-2.4266976052092857
1001.793103,,0.020112902912293503,1001.15,0.5460000038146973,-2.409263143692963
1002.258621,,0.024185515601531482,1001.614,0.5680000185966492,-2.3613666075132955
1002.724138,,0.029145801037666792,1002.08,0.5360000133514404,-2.4311545448471326
1003.1896549999999,,0.03321290196003242,1002.544,0.5410000085830688,-2.420368052944777
1003.655172,,0.03524700448183289,1003.01,0.5429999828338623,-2.416149896118272
1004.12069,,0.035887446350947594,1003.472,0.546999990940094,-2.4076017829935177
1004.5862070000001,,0.03691748662252351,1003.941,0.5630000233650208,-2.372931186521658
1005.051724,,0.039011663461039126,1004.404,0.5299999713897705,-2.445029647683778
1005.5172409999999,,0.03993866618424899,1004.866,0.5649999976158142,-2.368988424492802
1005.9827589999999,,0.03544516141265078,1005.337,0.5329999923706055,-2.438918343175938
1006.448276,,0.022428706928099937,1005.799,0.5830000042915344,-2.330193177231372
1006.913793,,0.00141735761652283,1006.265,0.5460000038146973,-2.4109973678150722
1007.3793099999999,,0.023877992587325047,1006.729,0.5759999752044678,-2.345812569823668
1007.8448280000001,,0.04892774098368365,1007.195,0.5730000138282776,-2.352497532530045
1008.310345,,0.07005819415206083,1007.659,0.5379999876022339,-2.4288693983533554
1008.7758620000001,,0.08470789708012791,1008.125,0.550000011920929,-2.4028120901879038
1009.241379,,0.09151608155158591,1008.589,0.5360000133514404,-2.4333650267256064
1009.706897,,0.09056466000555091,1009.054,0.5540000200271606,-2.3941649728307217
1010.1724139999999,,0.08295344401690427,1009.518,0.5669999718666077,-2.3658211131126916
1010.637931,,0.07021907566355523,1009.984,0.5659999847412109,-2.367941130912568
1011.1034480000001,,0.054724761920524376,1010.445,0.5630000233650208,-2.3743832818417423
1011.568966,,0.03988936088006031,1010.914,0.5329999923706055,-2.4396179719097644
1012.0344830000001,,0.02844175506407073,1011.382,0.5429999828338623,-2.4176807730065146
1012.5,,0.020195267903322475,1011.844,0.5350000262260437,-2.4349386870123775
1012.9655170000001,,0.012583342741947393,1012.307,0.5529999732971191,-2.3955369357148553
1013.431034,,0.003646662851069337,1012.77,0.5419999957084656,-2.4193066567857153
1013.896552,,0.006294367637623676,1013.235,0.5120000243186951,-2.484468515869495
1014.3620689999999,,0.016004226957089442,1013.701,0.5929999947547913,-2.3078044466233143
1014.827586,,0.02532690931513306,1014.166,0.546999990940094,-2.407837375444893
1015.2931030000001,,0.035188846884718974,1014.633,0.5419999957084656,-2.4185604739734696
1015.7586210000001,,0.046106568472424204,1015.099,0.5460000038146973,-2.4096969138744244
1016.2241380000002,,0.05725579125003112,1015.563,0.5410000085830688,-2.420467124422306
1016.689655,,0.06682368302706353,1016.029,0.5400000214576721,-2.422552588367756
1017.1551720000001,,0.07296062740644807,1016.492,0.546999990940094,-2.4072416380263038
1017.62069,,0.0744896885942631,1016.955,0.5540000200271606,-2.391964601857931
1018.0862070000001,,0.0706612920461593,1017.426,0.5690000057220459,-2.359292459387267
1018.5517239999999,,0.060145065159687816,1017.889,0.5460000038146973,-2.4094422295600104
1019.017241,,0.04119373827605265,1018.352,0.5680000185966492,-2.3615846744139217
1019.482759,,0.014198220573991296,1018.821,0.5540000200271606,-2.392187805100043
1019.9482760000001,,0.01602883302534812,1019.28,0.5460000038146973,-2.4097452031798925
1020.4137929999999,,0.042069729667059186,1019.75,0.5630000233650208,-2.372858427306546
1020.87931,,0.058889375602125996,1020.216,0.5419999957084656,-2.4187775481666915
1021.3448279999999,,0.06672700160740817,1020.681,0.5440000295639038,-2.4145997142697206
1021.810345,,0.06903641003673727,1021.147,0.5699999928474426,-2.3581405850994757
1022.2758620000001,,0.06827602967918348,1021.612,0.5699999928474426,-2.358325397222904
1022.7413789999999,,0.06403650059033117,1022.07,0.5630000233650208,-2.3737535699959667
1023.2068969999999,,0.05476179510220965,1022.537,0.5400000214576721,-2.4240281593607858
1023.672414,,0.040602747635612425,1023.003,0.5540000200271606,-2.3936762220746854
1024.137931,,0.024292931405295037,1023.471,0.5669999718666077,-2.3654815501832265
1024.6034479999998,,0.009375264057165333,1023.933,0.5630000233650208,-2.374297603065897
1025.068966,,0.0021085347744357226,1024.396,0.5339999794960022,-2.4375513789896517
1025.534483,,0.010138787256146517,1024.866,0.531000018119812,-2.444130458654029
1026.0,,0.015503957159537708,1025.329,0.5419999957084656,-2.420178183900424
1026.465517,,0.018855487552066206,1025.792,0.546999990940094,-2.4092666408433066
1026.931034,,0.021069302274939042,1026.257,0.550000011920929,-2.4026814494932434
1027.396552,,0.023578937693529114,1026.721,0.5419999957084656,-2.420032180929107
1027.862069,,0.027309903212393582,1027.186,0.5699999928474426,-2.3589244914424654
1028.327586,,0.031376223739797454,1027.655,0.6600000262260437,-2.1627142861399196
1028.793103,,0.033643183023223736,1028.121,0.5649999976158142,-2.3695303376849295
1029.2586210000002,,0.03278410352152655,1028.585,0.550000011920929,-2.4020377021106216
1029.724138,,0.02938013066036979,1029.051,0.5479999780654907,-2.406214214817481
1030.1896550000001,,0.025123953142827105,1029.516,0.5519999861717224,-2.3973165190713255
1030.655172,,0.021635032335989623,1029.981,0.5649999976158142,-2.368814441311891
1031.12069,,0.019992775041090302,1030.444,0.5640000104904175,-2.370822273992724
1031.5862069999998,,0.020297342878664987,1030.907,0.515999972820282,-2.4752418342471096
1032.051724,,0.021080130048309973,1031.374,0.531000018119812,-2.4424280014773356
1032.517241,,0.020011358619906647,1031.836,0.5669999718666077,-2.363888357050916
1032.982759,,0.016040733393455346,1032.304,0.5370000004768372,-2.429167324078916
1033.448276,,0.010433951781420809,1032.766,0.5649999976158142,-2.368114975593445
1033.913793,,0.005301275739500999,1033.232,0.5419999957084656,-2.41820536189491
1034.37931,,0.0016812563136367285,1033.696,0.550000011920929,-2.4007897573223516
1034.844828,,0.0007510810297989747,1034.162,0.5419999957084656,-2.418264365167406
1035.310345,,0.0029330056468931743,1034.626,0.5540000200271606,-2.3921958283405425
1035.775862,,0.005700714636708046,1035.092,0.5519999861717224,-2.3966554428158697
1036.241379,,0.009120707991431408,1035.559,0.5540000200271606,-2.392423461083523
1036.706897,,0.012136767908358301,1036.025,0.5540000200271606,-2.3925676296641614
1037.1724140000001,,0.013263842348223323,1036.489,0.5339999794960022,-2.4362990697174043
1037.637931,,0.012026119952685167,1036.951,0.5440000295639038,-2.414680240578334
1038.103448,,0.009725927643954175,1037.415,0.5659999847412109,-2.366921177891493
1038.5689659999998,,0.008510581044399616,1037.885,0.5419999957084656,-2.419376926471698
1039.034483,,0.009327973939995536,1038.345,0.550000011920929,-2.4021077135482534
1039.5,,0.010877287970871431,1038.814,0.5370000004768372,-2.4305771426466882
1039.9655169999999,,0.011079889632259698,1039.28,0.574999988079071,-2.3479172256565506
1040.431034,,0.009647710716954394,1039.743,0.5379999876022339,-2.428633078670482
1040.896552,,0.008499828895474543,1040.208,0.5759999752044678,-2.34592395719931
1041.362069,,0.009233098251337122,1040.677,0.5809999704360962,-2.335080653676135
1041.8275859999999,,0.010899566329657084,1041.135,0.5329999923706055,-2.439674686581345
1042.293103,,0.011209239499130467,1041.6,0.5299999713897705,-2.4461999879543193
1042.758621,,0.009615865183088152,1042.066,0.5540000200271606,-2.393873185322272
1043.224138,,0.008035875776428628,1042.533,0.5230000019073486,-2.4613450905443717
1043.6896550000001,,0.008245296033183554,1042.998,0.550000011920929,-2.4024307459300993
1044.155172,,0.009543640140694455,1043.466,0.5460000038146973,-2.4110328596547066
1044.62069,,0.009650342944242296,1043.929,0.593999981880188,-2.306326149966641
1045.086207,,0.007430567679657084,1044.396,0.550000011920929,-2.4020395616782806
1045.5517240000001,,0.0041115299206013365,1044.858,0.546999990940094,-2.4084187977025593
1046.017241,,0.001892785839228028,1045.326,0.5519999861717224,-2.3973653144971143
1046.482759,,0.0016668548053827331,1045.789,0.5419999957084656,-2.4189935260942255
1046.9482759999999,,0.0019803484903393597,1046.255,0.5669999718666077,-2.3643762067212575
1047.413793,,2.8643020814385056e-06,1046.718,0.5540000200271606,-2.392559067775152
1047.8793099999998,,0.006127927580142685,1047.184,0.5529999732971191,-2.394614693027728
1048.344828,,0.0152945855359571,1047.649,0.49900001287460327,-2.51216025808547
1048.8103449999999,,0.02379818219094522,1048.114,0.574999988079071,-2.346507204946452
1049.275862,,0.028419217327314242,1048.581,0.5450000166893005,-2.4118176184859417
1049.741379,,0.029268329267547855,1049.047,0.5649999976158142,-2.3682232385719852
1050.206897,,0.029278454629507355,1049.506,0.5529999732971191,-2.3943737990727234
1050.6724140000001,,0.03085293727413483,1049.971,0.5370000004768372,-2.4292669859847433
1051.137931,,0.033180470843753536,1050.441,0.5379999876022339,-2.427150840056094
1051.603448,,0.032644279116528604,1050.903,0.5690000057220459,-2.359700180749647
1052.068966,,0.025668418021413588,1051.366,0.5540000200271606,-2.3924884197867144
1052.5344830000001,,0.01152436424121511,1051.837,0.5379999876022339,-2.4274729240606705
1053.0,,0.007028203494647999,1052.295,0.5460000038146973,-2.4101836253355873
1053.465517,,0.025474876806534243,1052.76,0.5540000200271606,-2.3929032434996236
1053.9310340000002,,0.03992882787455167,1053.226,0.5429999828338623,-2.417020880347052
1054.3965520000002,,0.04829564049468722,1053.692,0.5389999747276306,-2.4258866027797676
1054.8620689999998,,0.050006111179824245,1054.158,0.5419999957084656,-2.4194955546986003
1055.3275859999999,,0.045548728965963174,1054.622,0.6330000162124634,-2.2213705342134307
1055.793103,,0.03663734143453767,1055.088,0.37700000405311584,-2.7792208921994574
1056.258621,,0.02627780599163711,1055.555,0.5669999718666077,-2.36537815219986
1056.724138,,0.017610414378668067,1056.021,0.5860000252723694,-2.3240625053384596
1057.189655,,0.012091397310058831,1056.482,0.550000011920929,-2.402544600852569
1057.655172,,0.008929832714390068,1056.952,0.5540000200271606,-2.3938517079925266
1058.12069,,0.006420235043415575,1057.415,0.5649999976158142,-2.36987892981184
1058.586207,,0.0036082888205140567,1057.877,0.5329999923706055,-2.4395590129466607
1059.051724,,0.0006816062217279707,1058.345,0.5370000004768372,-2.4307808782990175
1059.517241,,0.00172344948653907,1058.807,0.5419999957084656,-2.419799860921864
1059.982759,,0.0031424147272124487,1059.273,0.5490000247955322,-2.4044398332813715
1060.448276,,0.0034325525623214084,1059.735,0.550000011920929,-2.402133532926819
1060.9137930000002,,0.0029118221292505444,1060.201,0.5410000085830688,-2.4215998280356197
1061.37931,,0.0025076233480602955,1060.666,0.5540000200271606,-2.3931268730129087
1061.844828,,0.003259824445251239,1061.132,0.5529999732971191,-2.395151081542288
1062.310345,,0.0053362418845147915,1061.597,0.5540000200271606,-2.392818848034305
1062.775862,,0.007827198957807348,1062.063,0.5410000085830688,-2.4209944383240503
1063.2413789999998,,0.00968726015526709,1062.529,0.5540000200271606,-2.3925370458715944
1063.706897,,0.010612187126575984,1062.995,0.5540000200271606,-2.3924185418680133
1064.172414,,0.011012584413543709,1063.456,0.5659999847412109,-2.366176454828576
1064.637931,,0.011494597838025708,1063.925,0.5540000200271606,-2.3922452157731957
1065.1034479999998,,0.012330060171627877,1064.385,0.5460000038146973,-2.409626027742182
1065.568966,,0.013141076750559248,1064.855,0.5460000038146973,-2.4096065206554704
1066.034483,,0.013171855689802196,1065.318,0.5419999957084656,-2.4183316238629513
1066.5,,0.012021338559562857,1065.781,0.5540000200271606,-2.3922280127071662
1066.965517,,0.009997173267720072,1066.247,0.5640000104904175,-2.3705097482710458
1067.431034,,0.007808989075193591,1066.712,0.5460000038146973,-2.4098191968057328
1067.8965520000002,,0.006228377600785125,1067.177,0.6019999980926514,-2.2879305305351427
1068.362069,,0.005940669082345128,1067.644,0.5400000214576721,-2.423139950448282
1068.827586,,0.0071231879078955,1068.11,0.5649999976158142,-2.3688209520650836
1069.293103,,0.008931855331383402,1068.574,0.5440000295639038,-2.414729406241239
1069.7586210000002,,0.009875978131099765,1069.04,0.5460000038146973,-2.4105338063349375
1070.224138,,0.009107234029551417,1069.504,0.5690000057220459,-2.360585705565495
1070.6896550000001,,0.007155651864907942,1069.97,0.5419999957084656,-2.4195634246091817
1071.155172,,0.005204984003331404,1070.433,0.546999990940094,-2.4088128890069385
1071.62069,,0.0039119703075629455,1070.896,0.5540000200271606,-2.3936887505942965
1072.0862069999998,,0.00307143944202553,1071.366,0.5630000233650208,-2.374186160593967
1072.551724,,0.002052187018967495,1071.829,0.5389999747276306,-2.4265541032281104
1073.017241,,0.0002932615943439565,1072.295,0.5350000262260437,-2.4353216743827883
1073.482759,,0.002380152431055527,1072.761,0.5690000057220459,-2.361271430755081
1073.948276,,0.00558520572385982,1073.226,0.5249999761581421,-2.4571250299331617
1074.413793,,0.008423423554221932,1073.686,0.5339999794960022,-2.4374800467477016
1074.87931,,0.009942839792524551,1074.152,0.5669999718666077,-2.3655181357746318
1075.344828,,0.010056337432378302,1074.618,0.5540000200271606,-2.393745278291308
1075.810345,,0.010052050368444126,1075.084,0.5609999895095825,-2.3783734877605296
1076.275862,,0.0114905989494588,1075.548,0.5419999957084656,-2.4196244717099784
1076.741379,,0.014192522161610403,1076.014,0.5540000200271606,-2.393320167150353
1077.206897,,0.015902817401198702,1076.482,0.5709999799728394,-2.3561103972737887
1077.6724140000001,,0.014520655837149128,1076.944,0.5619999766349792,-2.3755380353830566
1078.1379310000002,,0.010419087322539298,1077.412,0.574999988079071,-2.3470337406777477
1078.603448,,0.006172864510482558,1077.874,0.5669999718666077,-2.3642855106120786
1079.0689659999998,,0.004079700804637149,1078.337,0.5529999732971191,-2.394619941356009
1079.534483,,0.004184742597060739,1078.807,0.5460000038146973,-2.409721219364333
1080.0,,0.004719128946604266,1079.265,0.5360000133514404,-2.4313819865478985
1080.4655169999999,,0.004164395678739749,1079.737,0.5419999957084656,-2.4182128965088396
1080.931034,,0.0025504858152029125,1080.195,0.5400000214576721,-2.422505026478213
1081.396552,,0.0008112558123677992,1080.667,0.5669999718666077,-2.363650654836657
1081.862069,,0.0005499657844057678,1081.125,0.5519999861717224,-2.396334335358801
1082.3275859999999,,0.0016739758520624693,1081.592,0.5460000038146973,-2.409445559012927
1082.793103,,0.0024956589138684223,1082.058,0.5329999923706055,-2.437842651018942
1083.258621,,0.002475814368962378,1082.523,0.5339999794960022,-2.4357724059033514
1083.724138,,0.001546854976920108,1082.989,0.5419999957084656,-2.4184820807710645
1084.1896550000001,,0.0007576540735590694,1083.452,0.5540000200271606,-2.392502759084251
1084.655172,,0.0012613403897221728,1083.915,0.5429999828338623,-2.4166524391667434
1085.1206900000002,,0.0028093795227868024,1084.385,0.5540000200271606,-2.392885571092774
1085.586207,,0.003906533295058812,1084.848,0.5419999957084656,-2.4192351342130953
1086.0517240000001,,0.003530094472435311,1085.311,0.5419999957084656,-2.4194415919234324
1086.517241,,0.0021747353089844727,1085.781,0.546999990940094,-2.4087487092780457
1086.982759,,0.0010427217148281077,1086.247,0.5379999876022339,-2.4285439367068484
1087.4482759999999,,0.0006890173086090265,1086.711,0.5669999718666077,-2.365530746207296
1087.913793,,0.0008067122608783669,1087.176,0.5419999957084656,-2.420138401499526
1088.37931,,0.0009861079964985655,1087.64,0.5709999799728394,-2.3570677287308706
1088.844828,,0.0011601909621622303,1088.106,0.550000011920929,-2.402893768797177
1089.3103449999999,,0.001383184890168212,1088.57,0.5540000200271606,-2.394215259532657
1089.775862,,0.0016315640560489737,1089.036,0.5669999718666077,-2.365889036514328
1090.241379,,0.0019230769086376,1089.504,0.5669999718666077,-2.3658443090207224
1090.706897,,0.0023947185500132113,1089.963,0.5379999876022339,-2.4289409379055766
1091.1724140000001,,0.003230630282604971,1090.426,0.5379999876022339,-2.4288208687454547
1091.637931,,0.004641437476620299,1090.895,0.5460000038146973,-2.4112397188774977
1092.103448,,0.006783364180975761,1091.359,0.5389999747276306,-2.426311122824042
1092.568966,,0.009402941268880876,1091.822,0.5460000038146973,-2.410859681654959
1093.0344830000001,,0.011563904748864992,1092.288,0.5659999847412109,-2.367070205091068
1093.5,,0.012102340145096513,1092.751,0.5120000243186951,-2.4844920912996806
1093.965517,,0.010699370788357986,1093.217,0.5299999713897705,-2.445051552604871
1094.4310340000002,,0.00846477073696925,1093.681,0.5540000200271606,-2.392546300722626
1094.896552,,0.00716243045598098,1094.147,0.5789999961853027,-2.3378754562592734
1095.362069,,0.007681519977681212,1094.612,0.550000011920929,-2.4008704987013787
1095.8275859999999,,0.009205518991946665,1095.077,0.5419999957084656,-2.418139996372906
1096.293103,,0.009696456512645807,1095.544,0.5419999957084656,-2.418012689848354
1096.758621,,0.007183176740016718,1096.01,0.5540000200271606,-2.391778439425744
1097.224138,,0.0011343472581656305,1096.471,0.5809999704360962,-2.332903938437142
1097.689655,,0.006824969847658217,1096.941,0.5540000200271606,-2.391717022476324
1098.155172,,0.013644492159575335,1097.404,0.5709999799728394,-2.35471153228777
1098.62069,,0.016885679724792726,1097.866,0.5400000214576721,-2.4223228112402113
1099.086207,,0.01648295950652508,1098.33,0.5519999861717224,-2.3962929198676406
1099.551724,,0.014570769505648888,1098.8,0.5669999718666077,-2.363764293420704
1100.017241,,0.013433481800584306,1099.265,0.5379999876022339,-2.427128755144375
1100.482759,,0.01350737717998683,1099.729,0.5659999847412109,-2.3663375763782946
1100.948276,,0.013356065594273448,1100.195,0.5339999794960022,-2.4362862718648843
1101.4137930000002,,0.011423562532143331,1100.659,0.5460000038146973,-2.4103884266472146
1101.87931,,0.007553319471134769,1101.125,0.5189999938011169,-2.4694648791340104
1102.344828,,0.002917405876649843,1101.59,0.5419999957084656,-2.419607901934912
1102.8103449999999,,0.0010704359648809727,1102.055,0.5669999718666077,-2.3653836059297184
1103.275862,,0.003630089577140042,1102.515,0.5669999718666077,-2.365605944764685
1103.7413789999998,,0.004836905122082203,1102.981,0.574999988079071,-2.3483713487628464
1104.206897,,0.0053981750486826645,1103.452,0.5490000247955322,-2.4051765686212305
1104.672414,,0.006171375349784429,1103.914,0.5519999861717224,-2.398762049051357
1105.137931,,0.007575801576882829,1104.382,0.5370000004768372,-2.431520265843088
1105.603448,,0.009269322905667296,1104.844,0.5669999718666077,-2.3661933899213414
1106.068966,,0.010427971118313726,1105.312,0.5630000233650208,-2.374892048566383
1106.534483,,0.010419713817979357,1105.774,0.5440000295639038,-2.4162220596081934
1107.0,,0.00926748139630326,1106.239,0.5419999957084656,-2.420468980796228
1107.465517,,0.007632590987996286,1106.703,0.550000011920929,-2.4028864698175365
1107.931034,,0.006532415241698017,1107.169,0.5540000200271606,-2.393979843151723
1108.3965520000002,,0.0069121389178817515,1107.634,0.5419999957084656,-2.4198986051177394
1108.862069,,0.009010372474333315,1108.1,0.5149999856948853,-2.4784717485924634
1109.327586,,0.011856003167437103,1108.567,0.5669999718666077,-2.3649142830708056
1109.793103,,0.013600177667371418,1109.025,0.5540000200271606,-2.3929587144337012
1110.258621,,0.012827780866211988,1109.501,0.5680000185966492,-2.36217759019848
1110.7241379999998,,0.009902191867536575,1109.959,0.5669999718666077,-2.364082884684897
1111.189655,,0.007030540136232995,1110.422,0.5419999957084656,-2.4182913334281277
1111.655172,,0.006711616585380171,1110.892,0.5339999794960022,-2.4354881833947
1112.12069,,0.00973864930625864,1111.353,0.5540000200271606,-2.3917162729138086
1112.586207,,0.014427321659861759,1111.815,0.5789999961853027,-2.3370905259506007
1113.051724,,0.017679189696262546,1112.281,0.5540000200271606,-2.391441184557768
1113.517241,,0.016947577260545597,1112.751,0.5709999799728394,-2.3543372120876933
1113.982759,,0.011566907327705196,1113.216,0.5649999976158142,-2.3673933088364487
1114.448276,,0.0026897173643262045,1113.681,0.5299999713897705,-2.443683384643333
1114.913793,,0.007664773028063115,1114.147,0.5429999828338623,-2.4154519968348405
1115.37931,,0.017596419779772263,1114.612,0.5130000114440918,-2.4809547876849245
1115.844828,,0.025999980139319798,1115.07,0.5450000166893005,-2.4114299883941603
1116.310345,,0.032766744749805087,1115.537,0.550000011920929,-2.400770992534118
1116.775862,,0.03828187830553859,1116.003,0.5419999957084656,-2.4184689913041093
1117.241379,,0.04252018685917408,1116.47,0.5419999957084656,-2.4187642035809205
1117.706897,,0.044608870877032504,1116.933,0.5419999957084656,-2.419076755552149
1118.1724140000001,,0.04343556423695432,1117.396,0.5799999833106995,-2.336607362812623
1118.637931,,0.03894223387958575,1117.866,0.5400000214576721,-2.424068275261248
1119.1034479999998,,0.032768130361865294,1118.326,0.5540000200271606,-2.393868306591529
1119.568966,,0.02710266721052688,1118.797,0.550000011920929,-2.40286056868138
1120.034483,,0.02275635613361383,1119.255,0.5360000133514404,-2.433606770072558
1120.5,,0.0189132243930658,1119.726,0.5070000290870667,-2.496993015227889
1120.9655169999999,,0.014834093186173961,1120.191,0.5759999752044678,-2.3468250600781397
1121.431034,,0.010876368341256347,1120.656,0.5490000247955322,-2.405753221281943
1121.896552,,0.00740979835994793,1121.122,0.5419999957084656,-2.4210503905578102
1122.362069,,0.0036655605203639564,1121.586,0.5509999990463257,-2.401429318805859
1122.827586,,0.0013142299384221031,1122.051,0.6019999980926514,-2.290243748005848
1123.293103,,0.006823896374983213,1122.511,0.5360000133514404,-2.4338997218002443
1123.758621,,0.010661218357115396,1122.977,0.574999988079071,-2.348741732461933
1124.224138,,0.011569893143695264,1123.445,0.5720000267028809,-2.3550364079805743
1124.6896550000001,,0.01081327470430076,1123.907,0.5429999828338623,-2.417932906556778
1125.155172,,0.01076389141607635,1124.37,0.5210000276565552,-2.4655457793971496
1125.6206900000002,,0.012475406429408663,1124.84,0.5389999747276306,-2.425990967899538
1126.086207,,0.015158875954370252,1125.304,0.5540000200271606,-2.392960115886821
1126.551724,,0.017442941646417638,1125.766,0.550000011920929,-2.4013222715755917
1127.0172409999998,,0.018441355852175042,1126.232,0.5419999957084656,-2.4184089196830327
1127.482759,,0.017907178504362825,1126.696,0.5540000200271606,-2.3919436154262796
1127.9482759999999,,0.016111520742338462,1127.162,0.5540000200271606,-2.3916534944993866
1128.413793,,0.013875109725295251,1127.629,0.5389999747276306,-2.424084222526148
1128.87931,,0.012393073861921736,1128.095,0.5360000133514404,-2.430420999069072
1129.344828,,0.012389596170786986,1128.56,0.5429999828338623,-2.4150285732221266
1129.810345,,0.01326792674588552,1129.025,0.574999988079071,-2.3452312441137173
1130.275862,,0.013670899393965475,1129.486,0.5450000166893005,-2.4105739095934067
1130.741379,,0.013150674416231082,1129.956,0.5649999976158142,-2.36704932355336
1131.206897,,0.012692481758754122,1130.418,0.5540000200271606,-2.3911270113794094
1131.6724140000001,,0.013251462078265212,1130.881,0.5419999957084656,-2.4174450178012905
1132.137931,,0.014284309788866752,1131.345,0.550000011920929,-2.400247104342387
1132.603448,,0.01422797560477477,1131.815,0.5540000200271606,-2.3918140121455056
1133.068966,,0.012371264246985,1132.281,0.5379999876022339,-2.4269957308425516
1133.5344830000001,,0.009855209946140897,1132.744,0.5540000200271606,-2.392492608320126
1134.0,,0.008422387110832982,1133.21,0.6480000019073486,-2.1880739657787442
1134.465517,,0.008293216538066958,1133.674,0.5649999976158142,-2.3692812863380794
1134.931034,,0.007958975128148058,1134.139,0.5529999732971191,-2.395799362628148
1135.396552,,0.0063074135192452765,1134.604,0.5669999718666077,-2.3656573273616512
1135.862069,,0.004199222610086134,1135.07,0.550000011920929,-2.403026815264641
1136.3275859999999,,0.0032588299363186957,1135.534,0.5019999742507935,-2.5078987339346104
1136.793103,,0.0035183237551899412,1135.999,0.5419999957084656,-2.421005257683306
1137.258621,,0.0031437543689210694,1136.463,0.5519999861717224,-2.3994179991811806
1137.724138,,0.0006319741978959245,1136.925,0.5540000200271606,-2.3951984912167434
1138.189655,,0.0032770502513584134,1137.396,0.5640000104904175,-2.373483070736137
1138.655172,,0.006110993556551473,1137.859,0.5820000171661377,-2.3342678999513473
1139.12069,,0.005874178371133628,1138.322,0.5410000085830688,-2.4235217061787684
1139.586207,,0.0028493277161185902,1138.792,0.5540000200271606,-2.395059518892379
1140.0517240000001,,0.0004509067640163482,1139.25,0.5149999856948853,-2.479823008304719
1140.517241,,0.0012747142950117302,1139.722,0.5649999976158142,-2.37062843642844
1140.982759,,0.0009775189640853213,1140.18,0.5709999799728394,-2.357242641437905
1141.448276,,0.0043389031938868864,1140.651,0.5789999961853027,-2.339455595749975
1141.9137930000002,,0.006394739897306955,1141.117,0.5379999876022339,-2.4283896864342243
1142.37931,,0.006536850485201532,1141.581,0.5540000200271606,-2.3931209928315247
1142.844828,,0.005960564237729437,1142.04,0.5419999957084656,-2.4188479996080186
1143.3103449999999,,0.005962180921332317,1142.505,0.5540000200271606,-2.392293655231865
1143.775862,,0.006709744563329198,1142.97,0.5619999766349792,-2.3744729487844682
1144.2413789999998,,0.007378879029438099,1143.441,0.5649999976158142,-2.3675761267670947
1144.706897,,0.00697778722954563,1143.903,0.5410000085830688,-2.4195454566936236
1145.172414,,0.0050972932876565905,1144.367,0.5509999990463257,-2.3974944336514015
1145.637931,,0.002352917585264445,1144.836,0.5460000038146973,-2.4081857931159503
1146.103448,,0.0002953539678965795,1145.295,0.5649999976158142,-2.366658851317385
1146.568966,,0.0003665828020152225,1145.761,0.5699999928474426,-2.355706370603558
1147.0344830000001,,0.002339252019787927,1146.226,0.550000011920929,-2.399295866061095
1147.5,,0.004083132047315591,1146.693,0.5400000214576721,-2.421175786568968
1147.965517,,0.003639704537676647,1147.159,0.546999990940094,-2.40609411709485
1148.431034,,0.0014474618620758557,1147.626,0.515999972820282,-2.473872396262995
1148.8965520000002,,0.0001929272833354165,1148.091,0.5540000200271606,-2.3913884820083138
1149.362069,,0.00022565226120889028,1148.555,0.5419999957084656,-2.4178923006698887
1149.827586,,0.002087404954464139,1149.021,0.5540000200271606,-2.392152209360598
1150.2931030000002,,0.0039530296828740475,1149.482,0.5360000133514404,-2.431803218945506
1150.758621,,0.005175327417111869,1149.952,0.5669999718666077,-2.3647184731662394
1151.2241379999998,,0.005812734206128739,1150.415,0.5529999732971191,-2.3956761391928674
1151.689655,,0.005848292299268309,1150.877,0.5690000057220459,-2.3612628495677037
1152.155172,,0.005336075555845713,1151.341,0.5400000214576721,-2.42486351758896
1152.62069,,0.004850599087053394,1151.811,0.48399999737739563,-2.5472509361784694
1153.086207,,0.00493573237026232,1152.276,0.5410000085830688,-2.4234032209696665
1153.551724,,0.005281092479985562,1152.739,0.5730000138282776,-2.3539612935296597
1154.017241,,0.005153758085292921,1153.205,0.5659999847412109,-2.369414869920508
1154.482759,,0.004589191999529243,1153.67,0.574999988079071,-2.3499305015997134
1154.948276,,0.0044403246979141595,1154.136,0.5450000166893005,-2.415329667741749
1155.413793,,0.004974928509440722,1154.6,0.5669999718666077,-2.3673540818913255
1155.87931,,0.005003814305289008,1155.065,0.5419999957084656,-2.421690639441529
1156.344828,,0.0031298020447853986,1155.53,0.5419999957084656,-2.4214807168198775
1156.810345,,0.00019937878977458384,1155.996,0.5789999961853027,-2.3405861987453327
1157.2758620000002,,0.0026975830795641573,1156.456,0.5429999828338623,-2.418666176950952
1157.741379,,0.002751528262104547,1156.925,0.5460000038146973,-2.4117229809312306
1158.2068969999998,,0.0014046443846474986,1157.386,0.5460000038146973,-2.411272957580001
1158.672414,,0.0011413961266864578,1157.856,0.5299999713897705,-2.4456526486573984
1159.137931,,0.002815443553889313,1158.319,0.5400000214576721,-2.423373775871607
1159.6034479999998,,0.004533863607553392,1158.781,0.5460000038146973,-2.409811298619386
1160.068966,,0.0039727988502160265,1159.248,0.5490000247955322,-2.4028012568771455
1160.534483,,0.0012895592695480744,1159.714,0.5669999718666077,-2.363142629464021
1161.0,,0.0010182455841263865,1160.18,0.5669999718666077,-2.362743971176918
1161.4655169999999,,0.0010898617685211266,1160.644,0.5699999928474426,-2.3558662085222988
1161.931034,,0.000270558725487854,1161.109,0.5429999828338623,-2.414416511657551
1162.396552,,0.000945224743007199,1161.575,0.5640000104904175,-2.3684698568145253
1162.862069,,0.00028965646882535035,1162.04,0.5379999876022339,-2.4250051505371535
1163.327586,,0.0003373858811761034,1162.5,0.5419999957084656,-2.416270935469828
1163.793103,,8.944959677124245e-05,1162.966,0.5130000114440918,-2.479524439533888
1164.2586210000002,,0.00045501868600518247,1163.433,0.5429999828338623,-2.414328961845246
1164.724138,,0.0009795558447343539,1163.895,0.5600000023841858,-2.3775416868738084
1165.1896550000001,,0.003722409435045965,1164.363,0.5440000295639038,-2.4127275703372013
1165.655172,,0.004992598668817603,1164.826,0.5540000200271606,-2.3913367789783733
1166.12069,,0.0027978169608307455,1165.292,0.550000011920929,-2.400503267488346
1166.5862069999998,,0.0017146711772319293,1165.755,0.5519999861717224,-2.396640232041468
1167.051724,,0.005392814990092623,1166.221,0.5649999976158142,-2.36883884889427
1167.517241,,0.0062005551294187266,1166.688,0.5669999718666077,-2.3650128414862692
1167.982759,,0.004878569678290705,1167.154,0.5630000233650208,-2.374251897586212
1168.4482759999999,,0.0036593932844031546,1167.622,0.5450000166893005,-2.413969498691866
1168.913793,,0.003806766033698323,1168.08,0.5699999928474426,-2.359966981155883
1169.37931,,0.00468763576505919,1168.552,0.5669999718666077,-2.3669130989525486
1169.844828,,0.004832723796969694,1169.01,0.578000009059906,-2.3432907382984305
1170.310345,,0.0033074076921746215,1169.478,0.5440000295639038,-2.417629528255715
1170.775862,,0.00033048274899192723,1169.941,0.550000011920929,-2.4047365518375994
1171.241379,,0.0026681165718047298,1170.411,0.5540000200271606,-2.3961091612734355
1171.706897,,0.003679488597138223,1170.873,0.6190000176429749,-2.2544877518678232
1172.1724140000001,,0.0016944168072338753,1171.341,0.5419999957084656,-2.422136781412759
1172.637931,,0.0019364529483656822,1171.803,0.5460000038146973,-2.413221758338235
1173.103448,,0.004182194986109887,1172.269,0.5249999761581421,-2.4586870722902527
1173.568966,,0.002945534023133384,1172.732,0.5519999861717224,-2.399499793892316
1174.034483,,0.0008933725642141521,1173.198,0.5659999847412109,-2.368567588523605
1174.5,,0.004250158246322706,1173.663,0.5460000038146973,-2.4116543422973566
1174.9655169999999,,0.004795816777057403,1174.129,0.5690000057220459,-2.361018969485419
1175.431034,,0.0030736098803010106,1174.596,0.5419999957084656,-2.4192919658991534
1175.896552,,0.0015193961726971653,1175.061,0.5519999861717224,-2.3969481702473185
1176.362069,,0.0015300095300307074,1175.521,0.5339999794960022,-2.4356175043172277
1176.8275859999999,,0.002080205740661414,1175.986,0.5540000200271606,-2.3915261342096503
1177.293103,,0.0015099966392577322,1176.451,0.5360000133514404,-2.4302677384818923
1177.758621,,7.193797526347295e-05,1176.92,0.5540000200271606,-2.3906370131642785
1178.224138,,0.0010230423801466328,1177.381,0.5339999794960022,-2.4338673175202823
1178.689655,,0.00040102391663089193,1177.851,0.5529999732971191,-2.3922135047660342
1179.155172,,0.000961678405297276,1178.315,0.5410000085830688,-2.4181893267080197
1179.62069,,0.0015200200645625194,1178.777,0.5419999957084656,-2.415940119718657
1180.086207,,0.0005031722083025005,1179.243,0.5669999718666077,-2.361503022775557
1180.5517240000001,,0.0016209411676461857,1179.708,0.5419999957084656,-2.4160970381246014
1181.017241,,0.0037682406193614527,1180.174,0.5669999718666077,-2.3618539794680076
1181.4827590000002,,0.005277954863864034,1180.641,0.5419999957084656,-2.416632143453527
1181.948276,,0.00636538108839168,1181.106,0.5400000214576721,-2.421381554087346
1182.413793,,0.007539942410396889,1181.57,0.5410000085830688,-2.419664094945089
1182.8793099999998,,0.008873124406938082,1182.036,0.5429999828338623,-2.4158230499462636
1183.344828,,0.010045798525814414,1182.501,0.5540000200271606,-2.392413052764988
1183.8103449999999,,0.010687141844694464,1182.967,0.5669999718666077,-2.36466728041753
1184.275862,,0.01032227495523746,1183.429,0.5419999957084656,-2.419713405226654
1184.741379,,0.008551992273680352,1183.892,0.5410000085830688,-2.42245816169328
1185.206897,,0.005885559228684277,1184.36,0.4959999918937683,-2.5210335159681585
1185.672414,,0.0038328197584995742,1184.823,0.5690000057220459,-2.3624817306086165
1186.137931,,0.003254677472370117,1185.288,0.550000011920929,-2.4043022364127604
1186.603448,,0.0029524090272018562,1185.751,0.5809999704360962,-2.337112118430777
1187.068966,,0.0009677213729042424,1186.217,0.5649999976158142,-2.372228406438418
1187.5344830000001,,0.0027709648910651916,1186.681,0.5440000295639038,-2.4181399727012423
1188.0,,0.006205083698642189,1187.147,0.546999990940094,-2.4116617977931796
1188.465517,,0.0077490693754557185,1187.611,0.546999990940094,-2.4116152164600706
1188.9310340000002,,0.008043149549145383,1188.077,0.5360000133514404,-2.4354305809583625
1189.3965520000002,,0.008539359530938923,1188.541,0.5640000104904175,-2.3741795806469663
1189.862069,,0.009277104059354654,1189.006,0.5669999718666077,-2.3673021320467353
1190.3275859999999,,0.009156136145545543,1189.474,0.5270000100135803,-2.454023948817418
1190.793103,,0.008077946547504997,1189.937,0.5389999747276306,-2.4273876680575452
1191.258621,,0.007495498480689177,1190.4,0.5699999928474426,-2.3593030906369816
1191.724138,,0.00843551597612609,1190.87,0.5540000200271606,-2.3935767350111283
1192.189655,,0.010042656993221032,1191.333,0.5400000214576721,-2.4234730782234224
1192.655172,,0.010819395874948552,1191.796,0.550000011920929,-2.4010810870493557
1193.12069,,0.0104621118140856,1192.262,0.550000011920929,-2.400493428257327
1193.586207,,0.009556972262041174,1192.728,0.4790000021457672,-2.554627161583515
1194.051724,,0.008068254756142215,1193.194,0.5809999704360962,-2.331909812522581
1194.517241,,0.005157406026531827,1193.659,0.5130000114440918,-2.479632128566508
1194.982759,,0.0003801535507315731,1194.125,0.5440000295639038,-2.4117511070523894
1195.448276,,0.005576801721041502,1194.59,0.5429999828338623,-2.4136808758977266
1195.913793,,0.01134177102761875,1195.055,0.550000011920929,-2.398282470758909
1196.37931,,0.015803058455946997,1195.515,0.5199999809265137,-2.463600615839526
1196.844828,,0.018904512377693753,1195.981,0.5720000267028809,-2.350377400114728
1197.310345,,0.02181046681719233,1196.449,0.5450000166893005,-2.4093730613888926
1197.7758620000002,,0.025892327346141813,1196.911,0.5419999957084656,-2.4161817872957396
1198.241379,,0.03099393342637429,1197.381,0.5630000233650208,-2.3707956358050604
1198.706897,,0.034784616934352065,1197.844,0.5400000214576721,-2.4213517142139445
1199.172414,,0.034157461881142326,1198.312,0.5400000214576721,-2.4218674745143387
1199.637931,,0.027174406011733678,1198.774,0.5419999957084656,-2.4180793973329155
1200.1034479999998,,0.013756852281086532,1199.24,0.5339999794960022,-2.436113955075935
1200.568966,,0.004471843667788779,1199.703,0.5379999876022339,-2.428022513152929
1201.034483,,0.02414051210060226,1200.169,0.5249999761581421,-2.4569670959904717
1201.5,,0.04067821491552349,1200.634,0.5329999923706055,-2.4401399859384867
1201.965517,,0.05043450799290565,1201.1,0.5440000295639038,-2.4167379308409562
1202.431034,,0.05274420943285788,1201.567,0.5299999713897705,-2.447745480943644
1202.896552,,0.04950626743238172,1202.025,0.546999990940094,-2.411141993185282
1203.362069,,0.04283435883864419,1202.492,0.5419999957084656,-2.4223820644234966
1203.827586,,0.033717102250989374,1202.955,0.5139999985694885,-2.483633598070586
1204.293103,,0.022926525355890518,1203.422,0.5419999957084656,-2.422775774815726
1204.7586210000002,,0.01226678149509651,1203.885,0.5669999718666077,-2.3683429756259873
1205.224138,,0.003962377063043567,1204.355,0.5630000233650208,-2.37697693542064
1205.6896550000001,,0.001255217304952132,1204.818,0.550000011920929,-2.4051069023542433
1206.1551720000002,,0.004721670766736096,1205.283,0.5699999928474426,-2.3612352000714294
1206.62069,,0.008005974060200611,1205.746,0.5379999876022339,-2.4305559363421176
1207.0862069999998,,0.010949623113133019,1206.212,0.5669999718666077,-2.3668940376529655
1207.551724,,0.012159361540090593,1206.678,0.5440000295639038,-2.416451290689379
1208.017241,,0.011087029236318274,1207.143,0.5889999866485596,-2.3178065668412264
1208.482759,,0.008802899461259879,1207.607,0.5429999828338623,-2.417383096144078
1208.948276,,0.006885491246112957,1208.072,0.5360000133514404,-2.431977413813012
1209.413793,,0.006327322743666328,1208.538,0.5419999957084656,-2.4182560476253805
1209.87931,,0.007271368132514994,1209.003,0.4970000088214874,-2.5156734268909977
1210.344828,,0.008869056468526504,1209.466,0.5529999732971191,-2.393095030318586
1210.810345,,0.009653424003027006,1209.936,0.5230000019073486,-2.457945320549132
1211.275862,,0.009243497366522599,1210.397,0.546999990940094,-2.405229250344639
1211.741379,,0.00969948136711386,1210.866,0.5540000200271606,-2.389643792451926
1212.206897,,0.014068133433541767,1211.33,0.5410000085830688,-2.4177352470799236
1212.6724140000001,,0.023188501004152845,1211.792,0.5339999794960022,-2.4328666294770422
1213.137931,,0.03439177923664099,1212.257,0.531000018119812,-2.439399619762975
1213.603448,,0.04348212040932755,1212.721,0.5299999713897705,-2.441692498996223
1214.0689659999998,,0.04788854862003092,1213.187,0.5730000138282776,-2.3482376413459747
1214.534483,,0.04808269535946507,1213.651,0.5630000233650208,-2.3703561005919505
1215.0,,0.04599676879713266,1214.117,0.5509999990463257,-2.3969265401847366
1215.4655169999999,,0.04183648855258803,1214.581,0.5630000233650208,-2.3712913702363587
1215.931034,,0.03271599399569014,1215.047,0.5410000085830688,-2.41979713315483
1216.396552,,0.015348906212453056,1215.512,0.48899999260902405,-2.533713133286165
1216.862069,,0.009447225443011723,1215.978,0.5379999876022339,-2.4276184967539525
1217.3275859999999,,0.03557494383100728,1216.44,0.5809999704360962,-2.3346067017757077
1217.793103,,0.05580342087518011,1216.911,0.5419999957084656,-2.420232382970101
1218.258621,,0.06703075272772525,1217.374,0.5540000200271606,-2.394715253470409
1218.724138,,0.07109617433413103,1217.837,0.5090000033378601,-2.4933311211892715
1219.1896550000001,,0.07100867162167171,1218.307,0.5690000057220459,-2.363120983128772
1219.655172,,0.06747897563943218,1218.77,0.5419999957084656,-2.4223686622402516
1220.12069,,0.05924766046422142,1219.236,0.5649999976158142,-2.3725851993034017
1220.586207,,0.045872458591870634,1219.7,0.5519999861717224,-2.4011239931883637
1221.0517240000001,,0.029456105126163996,1220.166,0.5419999957084656,-2.423010890784775
1221.517241,,0.01357442660040687,1220.626,0.527999997138977,-2.4534939650929646
1221.982759,,0.000708039853753146,1221.091,0.5490000247955322,-2.407606376860551
1222.4482759999999,,0.009113758357587336,1221.555,0.5180000066757202,-2.4748946943977077
1222.913793,,0.017218384575262466,1222.021,0.5630000233650208,-2.376498957047877
1223.37931,,0.02420549317670905,1222.489,0.5419999957084656,-2.421797518953422
1223.844828,,0.02917662697519738,1222.952,0.5320000052452087,-2.4430480694936607
1224.3103449999999,,0.030883222076244693,1223.415,0.515999972820282,-2.4773052146602956
1224.775862,,0.02931403036475874,1223.885,0.5440000295639038,-2.4156548454150797
1225.241379,,0.025889365065287828,1224.348,0.5659999847412109,-2.367048527493007
1225.706897,,0.022120572117008387,1224.811,0.5450000166893005,-2.4121157181120707
1226.1724140000001,,0.018469346719905293,1225.276,0.5460000038146973,-2.409265961992772
1226.637931,,0.014712642454931245,1225.746,0.5419999957084656,-2.417343913519156
1227.103448,,0.01094569321371773,1226.212,0.5659999847412109,-2.364473659546649
1227.568966,,0.007711379052419849,1226.671,0.5419999957084656,-2.4162503386858014
1228.0344830000001,,0.005296739000003883,1227.137,0.5649999976158142,-2.3657184481668714
1228.5,,0.0033045959962684493,1227.604,0.5450000166893005,-2.408969771809233
1228.965517,,0.0010557101041865627,1228.069,0.3720000088214874,-2.7856697445751606
1229.4310340000002,,0.001492188643748418,1228.533,0.546999990940094,-2.4043253855050133
1229.896552,,0.003193038154498987,1228.999,0.5360000133514404,-2.42833488989991
1230.3620689999998,,0.0025263626796168718,1229.467,0.5320000052452087,-2.43721508154635
1230.8275859999999,,0.0005218951582615766,1229.929,0.6060000061988831,-2.2762757518051786
1231.293103,,0.003694871940019475,1230.396,0.5419999957084656,-2.416095150646036
1231.758621,,0.004329468272014262,1230.858,0.5540000200271606,-2.390431298363528
1232.224138,,0.002030101114829744,1231.322,0.5429999828338623,-2.414957026366217
1232.689655,,0.00099997297359326,1231.785,0.5419999957084656,-2.4177597748851514
1233.155172,,0.002191850465186775,1232.25,0.5440000295639038,-2.4140712751901785
1233.62069,,0.0007184161280824069,1232.722,0.5419999957084656,-2.4191217499296287
1234.086207,,0.0022678936745247503,1233.18,0.5460000038146973,-2.411103147661736
1234.551724,,0.004685895984831262,1233.645,0.5419999957084656,-2.4204952331677867
1235.017241,,0.004950086481866121,1234.11,0.546999990940094,-2.410240023418441
1235.482759,,0.0032006829009073937,1234.577,0.5709999799728394,-2.358530776307036
1235.948276,,0.0012599038770145033,1235.043,0.5389999747276306,-2.428747872056541
1236.4137930000002,,0.0008567786793003694,1235.508,0.5669999718666077,-2.368152728219641
1236.87931,,0.0018793988969015639,1235.974,0.5419999957084656,-2.422920031706718
1237.344828,,0.0027462896504024067,1236.437,0.5419999957084656,-2.42310627000265
1237.8103449999999,,0.0023170715055261474,1236.907,0.546999990940094,-2.4122788846412604
1238.275862,,0.0009615526855046262,1237.37,0.5440000295639038,-2.4187578856084335
1238.7413789999998,,0.00010641031718840699,1237.833,0.5419999957084656,-2.422937303898416
1239.206897,,3.094412300792667e-05,1238.304,0.5419999957084656,-2.4226436693939903
1239.672414,,0.0010787720113476778,1238.766,0.5789999961853027,-2.341632509554244
1240.137931,,0.0022048063969939144,1239.232,0.5379999876022339,-2.4304600479466365
1240.603448,,0.0020651021007746973,1239.697,0.546999990940094,-2.410274958280017
1241.068966,,0.00022738561706689124,1240.155,0.5540000200271606,-2.3943849123785426
1241.534483,,0.0023430843122750275,1240.622,0.5649999976158142,-2.369737128280132
1242.0,,0.004304690845791763,1241.088,0.5509999990463257,-2.3995329448470994
1242.465517,,0.005483819069837789,1241.553,0.5460000038146973,-2.409720447983273
1242.931034,,0.006834324019432625,1242.018,0.5540000200271606,-2.3916070845427324
1243.3965520000002,,0.008837491583671276,1242.481,0.5450000166893005,-2.4105734944012376
1243.862069,,0.010617875792547265,1242.951,0.5720000267028809,-2.3511707314585473
1244.327586,,0.010967422593384927,1243.412,0.5630000233650208,-2.370278905294411
1244.793103,,0.009820380242391687,1243.882,0.5379999876022339,-2.424340957621726
1245.2586210000002,,0.008320849378581087,1244.345,0.5529999732971191,-2.3913659259815847
1245.724138,,0.007644485950589442,1244.807,0.5730000138282776,-2.3476153440379295
1246.189655,,0.008092742508574202,1245.272,0.5540000200271606,-2.3889550408672084
1246.655172,,0.00909093032559588,1245.735,0.5659999847412109,-2.3628816833826494
1247.12069,,0.009555541286785459,1246.201,0.5419999957084656,-2.4153630890029594
1247.5862069999998,,0.008466744609138226,1246.666,0.5529999732971191,-2.391710151341141
1248.051724,,0.005793135427586143,1247.132,0.5759999752044678,-2.3420219654854217
1248.517241,,0.002859363444527342,1247.597,0.5720000267028809,-2.351252120062774
1248.982759,,0.0011975860842938103,1248.063,0.45399999618530273,-2.608929691374434
1249.448276,,0.00098260929941187,1248.53,0.5540000200271606,-2.391727259749199
1249.913793,,0.000966678649376564,1248.996,0.5249999761581421,-2.4556150247269852
1250.37931,,0.0001319471404432063,1249.459,0.5649999976158142,-2.3691967626549415
1250.844828,,0.002380019804839213,1249.922,0.5669999718666077,-2.3655646194812063
1251.310345,,0.004514931543576503,1250.385,0.5370000004768372,-2.4316236748558877
1251.775862,,0.004969641004779529,1250.855,0.47600001096725464,-2.565175866098359
1252.241379,,0.003377085594365235,1251.315,0.5669999718666077,-2.3675090932262557
1252.706897,,0.0012028629050411367,1251.786,0.5370000004768372,-2.43337401629358
1253.1724140000001,,0.0005691932499277634,1252.251,0.574999988079071,-2.3509888067501468
1253.6379310000002,,0.0021993994385114657,1252.711,0.5690000057220459,-2.3643483509925587
1254.1034479999998,,0.004572010460892814,1253.176,0.5669999718666077,-2.3688678925466857
1254.5689659999998,,0.005291158661257635,1253.64,0.5419999957084656,-2.423365984978457
1255.034483,,0.0034574869238539947,1254.106,0.5490000247955322,-2.4080165537800187
1255.5,,0.000641623831785,1254.57,0.5649999976158142,-2.3729313228287943
1255.9655169999999,,0.0007128855365756502,1255.036,0.5419999957084656,-2.4226917305153295
1256.431034,,0.00019412299371127334,1255.5,0.5540000200271606,-2.3960886358389653
1256.896552,,0.0020392684515198795,1255.966,0.574999988079071,-2.3497807351769375
1257.362069,,0.003479539750081787,1256.43,0.5490000247955322,-2.405788711818689
1257.827586,,0.004858958941329802,1256.9,0.5759999752044678,-2.3462677536957397
1258.293103,,0.006981353528748975,1257.363,0.5450000166893005,-2.41306926119635
1258.758621,,0.008881938628900589,1257.825,0.5540000200271606,-2.392709331344724
1259.224138,,0.008452885565638916,1258.291,0.5529999732971191,-2.3941442152390846
1259.6896550000001,,0.005534976919838997,1258.755,0.515999972820282,-2.4740424414508833
1260.155172,,0.0028804889242020557,1259.22,0.5540000200271606,-2.3905969639190436
1260.6206900000002,,0.0031152876206746926,1259.685,0.5440000295639038,-2.411801908560572
1261.086207,,0.005580990137703182,1260.152,0.5540000200271606,-2.389526867275101
1261.5517240000001,,0.007157709669602708,1260.619,0.6660000085830688,-2.145135728572741
1262.017241,,0.005915257643180035,1261.085,0.527999997138977,-2.4455234558641528
1262.482759,,0.003121925159247565,1261.549,0.5419999957084656,-2.4148845637076515
1262.9482759999999,,0.0014935728393252793,1262.014,0.5070000290870667,-2.491134982354712
1263.413793,,0.0020768154521221627,1262.477,0.574999988079071,-2.3431205475610786
1263.87931,,0.003428374395945974,1262.947,0.5410000085830688,-2.4174590195398227
1264.344828,,0.0036382469878991357,1263.407,0.5419999957084656,-2.415667741621973
1264.8103449999999,,0.0023940464578585557,1263.87,0.5540000200271606,-2.3900227411805526
1265.275862,,0.0007932283215591002,1264.341,0.5709999799728394,-2.35358003889631
1265.741379,,0.0002735083144675986,1264.803,0.5419999957084656,-2.417431832076102
1266.206897,,0.0009597803799202836,1265.269,0.5889999866485596,-2.315762204877326
1266.6724140000001,,0.0018840055155303446,1265.731,0.4830000102519989,-2.5474599109308085
1267.137931,,0.0032618058373750985,1266.197,0.5419999957084656,-2.419692926323102
1267.603448,,0.0047209778178410634,1266.663,0.5540000200271606,-2.3943100573844895
1268.068966,,0.005670000028583407,1267.129,0.5529999732971191,-2.3972119886647407
1268.5344830000001,,0.005739087711920726,1267.597,0.5410000085830688,-2.424018284450072
1269.0,,0.005098762329038046,1268.055,0.5910000205039978,-2.3156663018866133
1269.465517,,0.0044687684058698175,1268.523,0.5419999957084656,-2.4228993807939596
1269.9310340000002,,0.004587086958238599,1268.989,0.5540000200271606,-2.3971187925811623
1270.396552,,0.005481417594134898,1269.452,0.5419999957084656,-2.4234988934081962
1270.862069,,0.00638898386535106,1269.921,0.5540000200271606,-2.3974565144156106
1271.3275859999999,,0.0065491010015882615,1270.382,0.5690000057220459,-2.3647393766581817
1271.793103,,0.006038800359732136,1270.851,0.5289999842643738,-2.4517097803633336
1272.258621,,0.005734161571960552,1271.315,0.5460000038146973,-2.414364892675406
1272.724138,,0.006357604044003459,1271.777,0.5239999890327454,-2.4618649580343503
1273.189655,,0.007508663375571121,1272.242,0.5540000200271606,-2.3959657281401605
1273.655172,,0.007761667391983582,1272.707,0.5669999718666077,-2.367009823165488
1274.12069,,0.005960427799785843,1273.173,0.5099999904632568,-2.490484847762627
1274.586207,,0.0025551012387310347,1273.637,0.5400000214576721,-2.424366200633928
1275.0517240000001,,0.000427977210357215,1274.102,0.5640000104904175,-2.371291398465234
1275.517241,,0.0010879679367780592,1274.567,0.5410000085830688,-2.4206083844049155
1275.982759,,0.00041086429550535563,1275.033,0.546999990940094,-2.4067648717774603
1276.448276,,0.001809426544113915,1275.5,0.5690000057220459,-2.3581071481330813
1276.9137930000002,,0.0009575451407594092,1275.966,0.5400000214576721,-2.4206272586815643
1277.37931,,0.0020973201034409105,1276.429,0.5009999871253967,-2.505022981141728
1277.844828,,0.005385489221840902,1276.892,0.5759999752044678,-2.341160408860047
1278.3103449999999,,0.007112093238779537,1277.355,0.5339999794960022,-2.4323210637959036
1278.775862,,0.007230260138451123,1277.826,0.5419999957084656,-2.414681639556806
1279.2413789999998,,0.007131297118243805,1278.291,0.5540000200271606,-2.3884672673211504
1279.706897,,0.008205553389743752,1278.755,0.5410000085830688,-2.4168611746837674
1280.172414,,0.010870278302338934,1279.221,0.5540000200271606,-2.388750386154693
1280.637931,,0.014616383834944026,1279.686,0.546999990940094,-2.4043466633825705
1281.103448,,0.018441038299051457,1280.151,0.5419999957084656,-2.415709352481085
1281.568966,,0.02129652635612014,1280.616,0.5289999842643738,-2.4446114035008732
1282.034483,,0.022724733466053297,1281.082,0.5450000166893005,-2.4104252377645174
1282.5,,0.023204514734537357,1281.54,0.5329999923706055,-2.43731327302421
1282.965517,,0.02340648538393219,1282.006,0.546999990940094,-2.4076051590358114
1283.431034,,0.022962584860184484,1282.474,0.5669999718666077,-2.364848680357244
1283.8965520000002,,0.02041006527240188,1282.937,0.5379999876022339,-2.42884354055506
1284.362069,,0.0145760572963526,1283.4,0.5289999842643738,-2.449238524141433
1284.827586,,0.0057551129472829315,1283.87,0.574999988079071,-2.349756208558181
1285.2931030000002,,0.004588914068322998,1284.333,0.5440000295639038,-2.4179541177933874
1285.758621,,0.014923741203269902,1284.796,0.5540000200271606,-2.396731114928649
1286.2241379999998,,0.02418126347301751,1285.262,0.546999990940094,-2.41243124788983
1286.689655,,0.03150353968930361,1285.728,0.515999972820282,-2.4802912748835984
1287.155172,,0.03599343099105604,1286.194,0.5820000171661377,-2.336684130143356
1287.62069,,0.03696225219912291,1286.655,0.4950000047683716,-2.5262659252999526
1288.086207,,0.03447132652615449,1287.12,0.5540000200271606,-2.397619549812469
1288.551724,,0.029646461307941737,1287.585,0.5699999928474426,-2.362511758721734
1289.017241,,0.024267444083449063,1288.051,0.5419999957084656,-2.423127115868712
1289.482759,,0.01970611976810682,1288.515,0.5669999718666077,-2.368148632280814
1289.948276,,0.01612654619445548,1288.981,0.5630000233650208,-2.3762405448121116
1290.413793,,0.012809611521514469,1289.448,0.5400000214576721,-2.4256358328836045
1290.87931,,0.009302843266447043,1289.91,0.5410000085830688,-2.422675410998547
1291.344828,,0.006093104864842064,1290.381,0.5419999957084656,-2.4196714175986345
1291.810345,,0.00389533758460694,1290.844,0.5360000133514404,-2.431900020051922
1292.2758620000002,,0.002355076615020597,1291.312,0.5350000262260437,-2.433243988261221
1292.741379,,4.6622652474122754e-05,1291.774,0.546999990940094,-2.406300204903809
1293.2068969999998,,0.0038316790600743996,1292.239,0.5699999928474426,-2.3554499702409637
1293.672414,,0.008133654172633568,1292.703,0.5419999957084656,-2.415792360378518
1294.137931,,0.010639520473868652,1293.169,0.5709999799728394,-2.3520542398601467
1294.6034479999998,,0.01018801345858412,1293.633,0.5419999957084656,-2.414797906481534
1295.068966,,0.007757865939604264,1294.099,0.5709999799728394,-2.3513142835420466
1295.534483,,0.005519549158823578,1294.565,0.5529999732971191,-2.3903712266745343
1296.0,,0.004825747773382804,1295.03,0.5339999794960022,-2.4317568933290374
1296.4655169999999,,0.0051302058695034255,1295.493,0.5519999861717224,-2.392684240310101
1296.931034,,0.005052048905620023,1295.956,0.5540000200271606,-2.3886174135613087
1297.396552,,0.004295626018602776,1296.426,0.5540000200271606,-2.3890465748744374
1297.862069,,0.003936135025540839,1296.888,0.5730000138282776,-2.348206817533406
1298.327586,,0.004850752338896753,1297.356,0.5429999828338623,-2.41422941712827
1298.793103,,0.006532775013096114,1297.818,0.5630000233650208,-2.371408089103125
1299.258621,,0.00760853380550387,1298.283,0.5419999957084656,-2.4179773942195992
1299.724138,,0.007096857954357282,1298.746,0.5759999752044678,-2.3447614430354715
1300.1896550000001,,0.005163769632162532,1299.212,0.5920000076293945,-2.3107738234424025
1300.655172,,0.0031143779008007987,1299.678,0.5379999876022339,-2.4292773034907964
1301.12069,,0.002593188038526729,1300.144,0.574999988079071,-2.3494836079759307
1301.5862069999998,,0.004119296787190168,1300.611,0.5339999794960022,-2.4395594466017467
1302.051724,,0.006202064769690522,1301.076,0.5379999876022339,-2.431508120483697
1302.517241,,0.006472520968028758,1301.541,0.5669999718666077,-2.368881833092942
1302.982759,,0.00399695621610524,1302.007,0.5630000233650208,-2.378023278717009
1303.4482759999999,,0.00013202920858251373,1302.47,0.550000011920929,-2.4066312194684807
1303.913793,,0.0029615516473058797,1302.933,0.5709999799728394,-2.361014367037866
1304.37931,,0.004198691882153541,1303.4,0.5730000138282776,-2.3566355632798
1304.844828,,0.003993745200770032,1303.863,0.5540000200271606,-2.3978522444624137
1305.310345,,0.003422607626325433,1304.326,0.5419999957084656,-2.423668051103686
1305.775862,,0.003235695946006171,1304.796,0.5419999957084656,-2.423200020072208
1306.241379,,0.0034551310952983757,1305.261,0.5540000200271606,-2.396462105892787
1306.706897,,0.003619642144150841,1305.721,0.574999988079071,-2.3500074858881277
1307.1724140000001,,0.003196153487842585,1306.186,0.5680000185966492,-2.3644663917454753
1307.637931,,0.0019107344527276838,1306.655,0.5419999957084656,-2.4202557901164585
1308.103448,,0.00018529526334342498,1307.121,0.5299999713897705,-2.445507767110802
1308.568966,,0.0008340029158976285,1307.585,0.5460000038146973,-2.4097492496506896
1309.0344830000001,,0.00041261258308863914,1308.051,0.5460000038146973,-2.408868456851207
1309.5,,0.0006357552672828616,1308.511,0.5419999957084656,-2.4167486377689253
1309.9655169999999,,0.0008009543077809192,1308.976,0.550000011920929,-2.3985573034587584
1310.431034,,0.0001523047140827376,1309.444,0.5659999847412109,-2.363032491611498
1310.896552,,0.0010717395715159302,1309.906,0.527999997138977,-2.445271186656313
1311.362069,,0.0014162285842901946,1310.375,0.5540000200271606,-2.3882109048870532
1311.8275859999999,,0.0022077606065771314,1310.838,0.5429999828338623,-2.4119086354351063
1312.293103,,0.004314192154850995,1311.308,0.5419999957084656,-2.4139763533301544
1312.758621,,0.0066832161119288165,1311.77,0.5730000138282776,-2.346487505723444
1313.224138,,0.007486415646377989,1312.235,0.5649999976158142,-2.3641243197342177
1313.689655,,0.0067787448489327875,1312.7,0.5270000100135803,-2.447273415173139
1314.155172,,0.006753770977410198,1313.166,0.5429999828338623,-2.4129191175576135
1314.62069,,0.008997663872841542,1313.626,0.5540000200271606,-2.3895863615522153
1315.086207,,0.01239227894754045,1314.091,0.5429999828338623,-2.4142928908292567
1315.5517240000001,,0.01434242665552312,1314.556,0.5419999957084656,-2.4172993547411283
1316.017241,,0.013666044427173753,1315.022,0.5460000038146973,-2.4094739938607352
1316.482759,,0.011709455612486375,1315.485,0.5519999861717224,-2.3973252627365316
1316.948276,,0.010589378876955805,1315.954,0.5690000057220459,-2.3612161175711863
1317.4137930000002,,0.010733947501948534,1316.415,0.5540000200271606,-2.3947994153243175
1317.8793099999998,,0.01052904218380432,1316.885,0.5299999713897705,-2.4479390284463456
1318.344828,,0.00825158505731084,1317.348,0.5400000214576721,-2.4269271660889298
1318.8103449999999,,0.0037932513131218796,1317.811,0.5490000247955322,-2.407992529983035
1319.275862,,0.0016381219675764304,1318.276,0.5709999799728394,-2.3606118842572257
1319.741379,,0.006834147074718967,1318.746,0.6660000085830688,-2.154045785662854
1320.206897,,0.011085368992886719,1319.211,0.5419999957084656,-2.4244454320683966
1320.672414,,0.013878814266557786,1319.671,0.5429999828338623,-2.4223502308832927
1321.137931,,0.01495851475123717,1320.136,0.5479999780654907,-2.4113759804320822
1321.603448,,0.014775509134203587,1320.604,0.5419999957084656,-2.4242044141134405
1322.068966,,0.014354285168318433,1321.07,0.5419999957084656,-2.4238058259417454
1322.5344830000001,,0.01448795208317365,1321.534,0.5519999861717224,-2.4014774190338057
1323.0,,0.015166341055881102,1322.0,0.5529999732971191,-2.3986294456931057
1323.465517,,0.015698860789704307,1322.462,0.5820000171661377,-2.3346712734001946
1323.931034,,0.01526107042299691,1322.925,0.5690000057220459,-2.3621314155983395
1324.3965520000002,,0.013456386710768936,1323.393,0.5299999713897705,-2.446178492946972
1324.862069,,0.010468621457932897,1323.855,0.5419999957084656,-2.419086095969825
1325.327586,,0.006694696075294668,1324.323,0.5759999752044678,-2.3440641304153162
1325.793103,,0.0024953595437962437,1324.785,0.546999990940094,-2.4063259040725713
1326.258621,,0.0014380419871403648,1325.25,0.5429999828338623,-2.414179387006299
1326.724138,,0.003868419019316004,1325.715,0.46799999475479126,-2.5768036367984073
1327.189655,,0.003928377054508817,1326.18,0.5540000200271606,-2.3887773819528477
1327.655172,,0.002351832884015218,1326.645,0.5379999876022339,-2.42310459205926
1328.12069,,0.0010884249219619928,1327.111,0.5389999747276306,-2.420541349859956
1328.586207,,0.0012561535985267402,1327.577,0.5419999957084656,-2.4137796125957705
1329.051724,,0.0019001804500822477,1328.043,0.5339999794960022,-2.43114915852495
1329.517241,,0.0011905829698488821,1328.507,0.531000018119812,-2.437793754240729
1329.982759,,0.0015649405648267007,1328.973,0.5389999747276306,-2.4206387745504707
1330.448276,,0.005521175354201448,1329.441,0.5519999861717224,-2.3927470791928975
1330.913793,,0.00927712443430388,1329.903,0.5630000233650208,-2.369355349243429
1331.37931,,0.011502249424002166,1330.37,0.5429999828338623,-2.413626883761645
1331.844828,,0.01119225524310433,1330.833,0.5759999752044678,-2.3425335190365963
1332.310345,,0.008439643148815396,1331.304,0.5720000267028809,-2.352128350748031
1332.7758620000002,,0.004748723646762614,1331.766,0.5180000066757202,-2.470707760566487
1333.241379,,0.0015168328087738715,1332.225,0.5699999928474426,-2.3583749316923592
1333.7068969999998,,0.0018933542139871042,1332.696,0.5920000076293945,-2.3113954838457684
1334.172414,,0.0077041901752729494,1333.155,0.5699999928474426,-2.360240145121295
1334.637931,,0.016868199570453036,1333.622,0.5429999828338623,-2.4199144772812042
1335.1034479999998,,0.027005511541618284,1334.087,0.5540000200271606,-2.3967116753315163
1335.568966,,0.03396796137362596,1334.552,0.5669999718666077,-2.369039913720639
1336.034483,,0.03597697911671255,1335.018,0.5490000247955322,-2.408773911118368
1336.5,,0.03565534769062561,1335.486,0.5379999876022339,-2.4331101256943777
1336.965517,,0.036834650940326244,1335.948,0.5680000185966492,-2.3679628777423964
1337.431034,,0.039492305413054894,1336.411,0.5440000295639038,-2.4202969392451976
1337.896552,,0.039321093306354325,1336.881,0.5929999947547913,-2.3134217544511104
1338.362069,,0.032685308528965416,1337.345,0.5529999732971191,-2.400281295999026
1338.827586,,0.020455959981515802,1337.807,0.5640000104904175,-2.3758735781961193
1339.293103,,0.006143529318393682,1338.273,0.550000011920929,-2.4057901706489826
1339.7586210000002,,0.008005183271374864,1338.736,0.5419999957084656,-2.422511147373338
1340.224138,,0.02121736510358986,1339.201,0.5669999718666077,-2.3672346042025714
1340.6896550000001,,0.031584758874505695,1339.666,0.5820000171661377,-2.333665901539334
1341.155172,,0.03582746928468201,1340.132,0.5410000085830688,-2.422050018484465
1341.62069,,0.03241385359515194,1340.597,0.5540000200271606,-2.39276511611672
1342.0862069999998,,0.023740247822182713,1341.063,0.5419999957084656,-2.417954526555966
1342.551724,,0.014459013754089114,1341.53,0.5419999957084656,-2.41703747652686
1343.017241,,0.007939027015844506,1341.995,0.5260000228881836,-2.451044688264502
1343.482759,,0.004461239514915586,1342.456,0.5540000200271606,-2.3892834004084498
1343.948276,,0.002275769575468646,1342.925,0.5460000038146973,-2.406068080997324
1344.413793,,0.00018238304139223954,1343.389,0.5619999766349792,-2.3706989095783975
1344.87931,,0.0030348571681571798,1343.851,0.5649999976158142,-2.363800868800309
1345.344828,,0.005217685381134235,1344.315,0.5540000200271606,-2.3875635852036927
1345.810345,,0.005541717732575156,1344.785,0.5320000052452087,-2.435458201485629
1346.275862,,0.0037517762487807777,1345.25,0.5669999718666077,-2.3593380659245153
1346.741379,,0.0009422932048974556,1345.715,0.5230000019073486,-2.4554952471372786
1347.206897,,0.0011013152479127028,1346.18,0.546999990940094,-2.4036600859423785
1347.6724140000001,,0.0012870287266737183,1346.645,0.5669999718666077,-2.3606810428213296
1348.137931,,0.00023210355613502757,1347.111,0.5419999957084656,-2.415863802476409
1348.603448,,8.288892945446266e-05,1347.57,0.5419999957084656,-2.4166817921753756
1349.0689659999998,,0.0019230058474683637,1348.036,0.5440000295639038,-2.413219311633501
1349.534483,,0.0056951161902682014,1348.501,0.5730000138282776,-2.3509823886578367
1350.0,,0.008929354123543823,1348.966,0.5429999828338623,-2.4173054137856145
1350.4655169999999,,0.010089707691658073,1349.437,0.5540000200271606,-2.39429425520207
1350.931034,,0.010072961694631656,1349.9,0.5630000233650208,-2.375601918557448
1351.396552,,0.010764220648717826,1350.363,0.5519999861717224,-2.4004158263781914
1351.862069,,0.012420814372113557,1350.825,0.5419999957084656,-2.4229586855479086
1352.3275859999999,,0.013502167749040648,1351.291,0.5690000057220459,-2.3647762090677977
1352.793103,,0.013129607195943561,1351.755,0.5669999718666077,-2.3696389779351112
1353.258621,,0.012673161746388124,1352.221,0.5669999718666077,-2.3699928383657194
1353.724138,,0.014159712199095408,1352.689,0.5630000233650208,-2.378898979707595
1354.1896550000001,,0.017541148821826214,1353.154,0.5419999957084656,-2.424674858767368
1354.655172,,0.020379604111743204,1353.619,0.5419999957084656,-2.4245317343585477
1355.12069,,0.020370206640669276,1354.084,0.5699999928474426,-2.3632233835891387
1355.586207,,0.017763499901052308,1354.549,0.5669999718666077,-2.3692984969990243
1356.0517240000001,,0.015085809908092301,1355.014,0.5699999928474426,-2.362160526750341
1356.517241,,0.014523638770783054,1355.477,0.5519999861717224,-2.4006518345586043
1356.982759,,0.01573458958911534,1355.947,0.5809999704360962,-2.3366464584429254
1357.4482759999999,,0.01645609693267879,1356.407,0.5339999794960022,-2.4381435333429575
1357.913793,,0.015197544434663063,1356.87,0.578000009059906,-2.341336550681322
1358.3793099999998,,0.012857907314290238,1357.341,0.515999972820282,-2.4754489295413666
1358.844828,,0.011560292599787907,1357.803,0.574999988079071,-2.3459568872326213
1359.3103449999999,,0.012413123987236986,1358.269,0.5429999828338623,-2.414762825116474
1359.775862,,0.014722897553347656,1358.732,0.5640000104904175,-2.368168628730528
1360.241379,,0.01697720141411392,1359.198,0.550000011920929,-2.3979213329237705
1360.706897,,0.018096658371633812,1359.663,0.5690000057220459,-2.3558953445723434
1361.1724140000001,,0.017815516018656948,1360.129,0.5440000295639038,-2.409865850209364
1361.637931,,0.016379090767177164,1360.593,0.5630000233650208,-2.3681271820178833
1362.103448,,0.014285368014491746,1361.059,0.5410000085830688,-2.4158751346665075
1362.568966,,0.012208983668423474,1361.526,0.5440000295639038,-2.409324709022444
1363.0344830000001,,0.010717555116743023,1361.991,0.5540000200271606,-2.387692240134602
1363.5,,0.009810759816751924,1362.452,0.5419999957084656,-2.4141535472058653
1363.965517,,0.008859864349930874,1362.921,0.5429999828338623,-2.412446321045307
1364.4310340000002,,0.007163154201908211,1363.382,0.5270000100135803,-2.4479159738272025
1364.896552,,0.004572581033298593,1363.851,0.5770000219345093,-2.3397155966147345
1365.3620689999998,,0.001596912441682601,1364.315,0.5410000085830688,-2.4189765093021545
1365.8275859999999,,0.0009858170860322715,1364.777,0.5680000185966492,-2.3610543275855043
1366.293103,,0.002625073328740442,1365.243,0.5130000114440918,-2.481826348269234
1366.758621,,0.0033761830209654265,1365.708,0.5649999976158142,-2.3694994309851545
1367.224138,,0.003912112127247766,1366.173,0.5450000166893005,-2.4140216556378395
1367.689655,,0.0049506222324525884,1366.641,0.5649999976158142,-2.371354778340868
1368.155172,,0.006639130395404779,1367.106,0.5299999713897705,-2.4484429473625373
1368.62069,,0.00871856429278336,1367.57,0.5360000133514404,-2.436110928006667
1369.086207,,0.011052214299450596,1368.036,0.5540000200271606,-2.3975172112431156
1369.551724,,0.013526136435988345,1368.503,0.5669999718666077,-2.3696787914316237
1370.017241,,0.015765040696731167,1368.962,0.546999990940094,-2.4135823158606304
1370.482759,,0.01772810496943097,1369.43,0.550000011920929,-2.4072139216187143
1370.948276,,0.02050782667612348,1369.892,0.5709999799728394,-2.3614617516722594
1371.4137930000002,,0.025721896347224497,1370.356,0.5669999718666077,-2.3700068651486257
1371.87931,,0.03374303236767945,1370.826,0.5400000214576721,-2.428497432953086
1372.344828,,0.042845869074120656,1371.291,0.574999988079071,-2.3517593155301304
1372.810345,,0.05041549960563586,1371.755,0.5410000085830688,-2.425210090387623
1373.275862,,0.0550183755820693,1372.221,0.5910000205039978,-2.3155354673863013
1373.7413789999998,,0.057441418667603224,1372.681,0.5699999928474426,-2.360448188850551
1374.206897,,0.06018477409105077,1373.147,0.5339999794960022,-2.4379701885773497
1374.672414,,0.06584573038537886,1373.612,0.5509999990463257,-2.3999827559511266
1375.137931,,0.07455081560822911,1374.077,0.5630000233650208,-2.3728767057397384
1375.6034479999998,,0.08191702564029987,1374.544,0.5339999794960022,-2.4351129627868504
1376.068966,,0.08144699600081404,1375.01,0.5410000085830688,-2.4189650084334815
1376.534483,,0.07172908963842979,1375.47,0.5370000004768372,-2.4268575029802744
0.0,,0.05993048564425315,1375.94,0.5460000038146973,-2.406527793701396
13.5,,0.05441268004324156,1376.403,0.5400000214576721,-2.4189999586055606
27.0,,0.05515359488120369,1376.866,0.578000009059906,-2.3357513983169156
40.5,,0.0567853226178717,1377.33,0.5460000038146973,-2.4051612893734617
54.0,,0.060135171684640165,1377.799,0.5619999766349792,-2.3701585365691282
67.5,,0.07137843476754946,1378.265,0.5540000200271606,-2.387610119018906
81.0,,0.08492643043325128,1378.729,0.4880000054836273,-2.531590792861879
94.5,,0.07728882853336115,1379.195,0.5669999718666077,-2.3598298265116684
108.0,,0.03171087186357783,1379.659,0.5630000233650208,-2.369046348009325
121.5,,0.03442299051314649,1380.125,0.5429999828338623,-2.413254666891577
135.0,,0.08211455454005673,1380.589,0.5429999828338623,-2.4140042633438767
148.5,,0.0916605696677722,1381.055,0.5929999947547913,-2.3059119912210364
162.0,,0.07821974084035818,1381.515,0.5820000171661377,-2.3307803442258166
175.5,,0.06670765717319382,1381.98,0.5669999718666077,-2.3643984849735635
189.0,,0.06525329285314205,1382.448,0.49399998784065247,-2.5243865813537507
202.5,,0.06668534041115415,1382.91,0.546999990940094,-2.4098463857454404
216.0,,0.0645103224273341,1383.378,0.5389999747276306,-2.428156424463458
229.5,,0.05968858069549699,1383.84,0.5630000233650208,-2.3766740008986407
243.0,,0.055746504489642,1384.308,0.5789999961853027,-2.3425196784888924
256.5,,0.053542504952299994,1384.77,0.5419999957084656,-2.423710574185585
270.0,,0.05157410507325467,1385.236,0.5669999718666077,-2.3696850550486728
283.5,,0.04872593372850904,1385.701,0.5630000233650208,-2.378686450893804
297.0,,0.04531108382530712,1386.166,0.5770000219345093,-2.348309323374959
310.5,,0.04213196463156429,1386.634,0.5379999876022339,-2.433234415228649
324.0,,0.039475354329181936,1387.099,0.5370000004768372,-2.435207216774124
337.5,,0.037057072562686776,1387.567,0.5540000200271606,-2.3978077764001458
351.0,,0.034486251798767756,1388.025,0.5669999718666077,-2.368976969903465
364.5,,0.03161933399374232,1388.5,0.550000011920929,-2.405374602661372
378.0,,0.028642833598937233,1388.958,0.5669999718666077,-2.3675873184189298
391.5,,0.025903326423410762,1389.426,0.550000011920929,-2.403786059752053
405.0,,0.023564143176342475,1389.888,0.5440000295639038,-2.415958083352211
418.5,,0.021399382502558413,1390.356,0.531000018119812,-2.4433475492126417
432.0,,0.019015452993192742,1390.818,0.5260000228881836,-2.4533039436249005
445.5,,0.016311122708027155,1391.284,0.5669999718666077,-2.363067088105995
459.0,,0.013640667901016862,1391.747,0.5519999861717224,-2.394885638002701
472.5,,0.011463973585005827,1392.212,0.5419999957084656,-2.4158883798861592
486.0,,0.009894019403519774,1392.678,0.5699999928474426,-2.3542038967881216
499.5,,0.008647537191251319,1393.144,0.5400000214576721,-2.4190028536021795
513.0,,0.0073588367179445845,1393.611,0.5460000038146973,-2.4055098683074125
526.5,,0.005852262122299434,1394.07,0.5709999799728394,-2.350774468537049
540.0,,0.0041908390027252836,1394.541,0.550000011920929,-2.3964161167088345
553.5,,0.0025930585442848143,1395.006,0.5540000200271606,-2.3877543232776617
567.0,,0.0012903374399476704,1395.47,0.5460000038146973,-2.405397726954823
580.5,,0.00035496871428264247,1395.933,0.5419999957084656,-2.4144814610462992
594.0,,0.00038260992305446,1396.4,0.5429999828338623,-2.412815737923337
607.5,,0.0012044376612862788,1396.862,0.5929999947547913,-2.3045231836552924
621.0,,0.002257964279179036,1397.33,0.5370000004768372,-2.4272739523242235
634.5,,0.003446098283433283,1397.792,0.5379999876022339,-2.4259264755856913
648.0,,0.004525621717659915,1398.259,0.5540000200271606,-2.3919591157540365
661.5,,0.005255669128016243,1398.722,0.5410000085830688,-2.421204954265683
675.0,,0.005518601510344482,1399.188,0.5709999799728394,-2.3567725356892097
688.5,,0.005418279544609321,1399.652,0.5720000267028809,-2.355495144594246
702.0,,0.005224233264134883,1400.118,0.5389999747276306,-2.4282388977999725
715.5,,0.005117982323040427,1400.585,0.5360000133514404,-2.4355452476757913
729.0,,0.005051358458544929,1401.051,0.5789999961853027,-2.342532583820962
742.5,,0.0049434155850137185,1401.515,0.5410000085830688,-2.425867970740928
756.0,,0.004902958576818884,1401.981,0.5460000038146973,-2.4153829365117034
769.5,,0.005096581612254571,1402.441,0.5260000228881836,-2.459214088768887
783.0,,0.005470567501409808,1402.912,0.5690000057220459,-2.3656324926245462
796.5,,0.0057946095897357846,1403.374,0.5379999876022339,-2.433109386193231
810.0,,0.0059785134447825315,1403.836,0.5659999847412109,-2.371886173679654
823.5,,0.006167419513548309,1404.304,0.5519999861717224,-2.4020130847817502
837.0,,0.006474129400217237,1404.767,0.5460000038146973,-2.4145692646805643
850.5,,0.006786493586045929,1405.233,0.5540000200271606,-2.396499035190644
864.0,,0.006953174536590771,1405.7,0.5460000038146973,-2.413181562181793
877.5,,0.0070404063173337686,1406.166,0.5630000233650208,-2.375314784403174
891.0,,0.007262962116060424,1406.63,0.5400000214576721,-2.4245363705507272
904.5,,0.007712629098719697,1407.096,0.5649999976158142,-2.3691524153121835
918.0,,0.0082830057824038,1407.555,0.531000018119812,-2.44230644315964
931.5,,0.008857557266935627,1408.021,0.550000011920929,-2.4000184640940203
945.0,,0.009455460056433376,1408.489,0.5460000038146973,-2.4078930548473942
958.5,,0.010152936166828516,1408.952,0.5419999957084656,-2.4158467709841
972.0,,0.010945834127676845,1409.415,0.5400000214576721,-2.4195456852686874
985.5,,0.011739202526935933,1409.885,0.5370000004768372,-2.4255461498057773
999.0,,0.012417939232798332,1410.348,0.5419999957084656,-2.414256482876493
1012.5,,0.01288660678924949,1410.811,0.5540000200271606,-2.387866917516516
1026.0,,0.013071721046661492,1411.277,0.5540000200271606,-2.387778715523036
1039.5,,0.012940016319711218,1411.74,0.5490000247955322,-2.398743687142958
1053.0,,0.01255374548428356,1412.206,0.5659999847412109,-2.3619359622602576
1066.5,,0.012088343830827852,1412.671,0.5460000038146973,-2.405888349030279
1080.0,,0.011706299923671242,1413.137,0.550000011920929,-2.397692094029714
1093.5,,0.011376718384350818,1413.604,0.5490000247955322,-2.400512358090556
1107.0,,0.010909626758046175,1414.069,0.5270000100135803,-2.449188349861924
1120.5,,0.010226155135899579,1414.533,0.5540000200271606,-2.3911920503767488
1134.0,,0.009497797236566841,1414.999,0.5379999876022339,-2.4269337484317464
1147.5,,0.008919796183049215,1415.463,0.546999990940094,-2.4082380565687407
1161.0,,0.00839903985295939,1415.925,0.5450000166893005,-2.4135085056127212
1174.5,,0.007585236371019348,1416.393,0.5540000200271606,-2.3947867523687236
1188.0,,0.006248466491873944,1416.855,0.5540000200271606,-2.3956183865374476
1201.5,,0.004567456690160417,1417.326,0.5339999794960022,-2.4399434654507637
1215.0,,0.002984688078000488,1417.788,0.5339999794960022,-2.440593663627968
1228.5,,0.0017824739418683894,1418.254,0.5410000085830688,-2.42587186097217
1242.0,,0.000850869985684866,1418.718,0.5419999957084656,-2.424084231898552
1255.5,,9.05103534953487e-05,1419.184,0.5490000247955322,-2.4090745595099863
1269.0,,0.0010804106146952814,1419.649,0.5490000247955322,-2.409157792835478
1282.5,,0.0018439488887328367,1420.114,0.5460000038146973,-2.4156166973210733
1296.0,,0.0021737499169792074,1420.581,0.5540000200271606,-2.3979523774196876
1309.5,,0.00222934077169426,1421.04,0.5540000200271606,-2.3975662338901205
1323.0,,0.0023194806740576062,1421.505,0.5540000200271606,-2.397040708206411
1336.5,,0.002503612433246351,1421.971,0.5889999866485596,-2.320138593502043
1350.0,,0.0025929229569389544,1422.44,0.5809999704360962,-2.336813184551289
1363.5,,0.002493573579943786,1422.903,0.5400000214576721,-2.425301494813697
,,,1423.366,0.5669999718666077,-2.365587242914991
,,,1423.836,0.5429999828338623,-2.4169569759648413
,,,1424.295,0.531000018119812,-2.4421847459665704
,,,1424.761,0.5669999718666077,-2.3628678135054426
,,,1425.227,0.5410000085830688,-2.418683820565611
,,,1425.692,0.5460000038146973,-2.4070443250105216
,,,1426.158,0.531000018119812,-2.439083793427248
,,,1426.623,0.5379999876022339,-2.4233190528780217
,,,1427.089,0.5540000200271606,-2.3880877388740753
,,,1427.555,0.5360000133514404,-2.427082936665698
,,,1428.021,0.5540000200271606,-2.387805766944451
,,,1428.481,0.550000011920929,-2.3966194350117065
,,,1428.951,0.5789999961853027,-2.3336943109555315
,,,1429.411,0.5419999957084656,-2.414708341204383
,,,1429.881,0.5419999957084656,-2.4152490490610314
,,,1430.344,0.5139999985694885,-2.4769131834821194
,,,1430.807,0.5809999704360962,-2.331706355500703
,,,1431.272,0.5490000247955322,-2.40226138619036
,,,1431.735,0.546999990940094,-2.4075070784534636
,,,1432.201,0.5460000038146973,-2.4105973568728327
,,,1432.666,0.5669999718666077,-2.3657524662952496
,,,1433.132,0.5379999876022339,-2.429806896900628
,,,1433.597,0.5370000004768372,-2.43280003803256
,,,1434.063,0.5379999876022339,-2.431352408399515
,,,1434.529,0.5540000200271606,-2.3971186740106236
,,,1434.995,0.5419999957084656,-2.4237614155599783
,,,1435.456,0.5419999957084656,-2.424119335034649
,,,1435.926,0.5699999928474426,-2.3633228304576224
,,,1436.389,0.5950000286102295,-2.3089021331042447
,,,1436.851,0.578000009059906,-2.345822301591415
,,,1437.315,0.5389999747276306,-2.4305149024919985
,,,1437.785,0.5699999928474426,-2.3625538967758186
,,,1438.25,0.5450000166893005,-2.4164624263357037
,,,1438.715,0.5699999928474426,-2.361321016291822
,,,1439.18,0.5540000200271606,-2.3954073134998795
,,,1439.645,0.6019999980926514,-2.289986521347866
,,,1440.111,0.5540000200271606,-2.39366791531396
,,,1440.57,0.5429999828338623,-2.4167201708694988
,,,1441.036,0.5680000185966492,-2.3613507663116944
,,,1441.501,0.5509999990463257,-2.3975221412214363
,,,1441.966,0.49000000953674316,-2.5296194569276995
,,,1442.43,0.5680000185966492,-2.358975761348326
,,,1442.899,0.5669999718666077,-2.360556687375613
,,,1443.36,0.5740000009536743,-2.3448361729255565
,,,1443.829,0.5540000200271606,-2.388081575106041
,,,1444.295,0.5400000214576721,-2.418408295259339
,,,1444.761,0.5669999718666077,-2.359569270087793
,,,1445.227,0.5389999747276306,-2.420714656950894
,,,1445.685,0.5410000085830688,-2.416655195596151
,,,1446.151,0.5540000200271606,-2.388776130917217
,,,1446.615,0.5419999957084656,-2.4154946515901488
,,,1447.08,0.5690000057220459,-2.3573587923993853
,,,1447.545,0.515999972820282,-2.4736067536015662
,,,1448.01,0.550000011920929,-2.4003804538703712
,,,1448.478,0.5630000233650208,-2.3729473458050347
,,,1448.941,0.5460000038146973,-2.410886855590257
,,,1449.411,0.5929999947547913,-2.3093774009034607
,,,1449.874,0.5360000133514404,-2.4344042043713707
,,,1450.337,0.5659999847412109,-2.3698200860482195
,,,1450.807,0.5130000114440918,-2.4859722668057156
,,,1451.265,0.5429999828338623,-2.42118505986754
,,,1451.736,0.6069999933242798,-2.2821931753187514
,,,1452.202,0.5410000085830688,-2.4262799335491727
,,,1452.666,0.5419999957084656,-2.4242438184647455
,,,1453.125,0.5419999957084656,-2.4242299150817637
,,,1453.596,0.5540000200271606,-2.3979161674210494
,,,1454.062,0.5370000004768372,-2.4346326699088805
,,,1454.526,0.5289999842643738,-2.451601305014412
,,,1454.992,0.5540000200271606,-2.3965489189269418
,,,1455.455,0.5540000200271606,-2.395854790168848
,,,1455.918,0.5519999861717224,-2.3994310804359382
,,,1456.381,0.5429999828338623,-2.4181953371059124
,,,1456.851,0.5680000185966492,-2.3628489369163357
,,,1457.311,0.5379999876022339,-2.427318901926997
,,,1457.781,0.5379999876022339,-2.4264479798011944
,,,1458.24,0.531000018119812,-2.440873766644608
,,,1458.707,0.5529999732971191,-2.3921903738554793
,,,1459.173,0.531000018119812,-2.4394617056383066
,,,1459.637,0.5199999809265137,-2.462883245025965
,,,1460.103,0.5460000038146973,-2.4058267362042205
,,,1460.57,0.5540000200271606,-2.388129587320234
,,,1461.036,0.5419999957084656,-2.414156628040969
,,,1461.501,0.5450000166893005,-2.407658550596728
,,,1461.967,0.5669999718666077,-2.359919294544214
,,,1462.429,0.5329999923706055,-2.434330918861161
,,,1462.892,0.5669999718666077,-2.360730778773592
,,,1463.355,0.5419999957084656,-2.4157922083741648
,,,1463.825,0.5419999957084656,-2.416490652329884
,,,1464.291,0.5360000133514404,-2.4303431113019234
,,,1464.755,0.550000011920929,-2.4006806201696693
,,,1465.22,0.5540000200271606,-2.3928362141492405
,,,1465.685,0.5529999732971191,-2.395889562167184
,,,1466.151,0.550000011920929,-2.4032775078650386
,,,1466.615,0.5139999985694885,-2.482513094965877
,,,1467.081,0.5460000038146973,-2.4135287078100514
,,,1467.541,0.5419999957084656,-2.4228809996836125
,,,1468.006,0.5440000295639038,-2.419046526001362
,,,1468.474,0.5720000267028809,-2.3584359280157075
,,,1468.936,0.5360000133514404,-2.437115216902789
,,,1469.4,0.5669999718666077,-2.369674130525946
,,,1469.87,0.5329999923706055,-2.443691499630209
,,,1470.33,0.5540000200271606,-2.397731756076737
,,,1470.8,0.5360000133514404,-2.4365947887124926
,,,1471.265,0.5709999799728394,-2.3598555036781494
,,,1471.729,0.5669999718666077,-2.367963768630895
,,,1472.195,0.5429999828338623,-2.419544056036127
,,,1472.659,0.515999972820282,-2.477582861889455
,,,1473.125,0.5680000185966492,-2.3634555896394143
,,,1473.585,0.5630000233650208,-2.373483295384244
,,,1474.05,0.5070000290870667,-2.4946209948351608
,,,1474.515,0.5410000085830688,-2.4197075027077224
,,,1474.981,0.5419999957084656,-2.4167421991774893
,,,1475.449,0.5540000200271606,-2.389887708356595
,,,1475.911,0.5460000038146973,-2.406703782924392
,,,1476.381,0.5709999799728394,-2.35174030121879
,,,1476.844,0.5389999747276306,-2.4210906305857938
,,,1477.307,0.47200000286102295,-2.566837588234072
,,,1477.77,0.5789999961853027,-2.3336514050564205
,,,1478.235,0.5839999914169312,-2.3228382793122977
,,,1478.7,0.5249999761581421,-2.4516057798801594
,,,1479.166,0.531000018119812,-2.438902825200357
,,,1479.633,0.5669999718666077,-2.3609711160948903
,,,1480.099,0.5860000252723694,-2.3201893854792566
,,,1480.563,0.546999990940094,-2.405863020229571
,,,1481.029,0.5740000009536743,-2.347818039806626
,,,1481.501,0.5479999780654907,-2.4052901313092354
,,,1481.959,0.5630000233650208,-2.3734608484787723
,,,1482.422,0.5540000200271606,-2.393916683447111
,,,1482.885,0.5419999957084656,-2.420880285237334
,,,1483.355,0.5400000214576721,-2.42600466995769
,,,1483.818,0.5709999799728394,-2.3591574585013593
,,,1484.283,0.5419999957084656,-2.4229311087260372
,,,1484.746,0.5419999957084656,-2.4234084564656904
,,,1485.212,0.5699999928474426,-2.3627536427666187
,,,1485.677,0.5669999718666077,-2.36949550329537
,,,1486.143,0.6140000224113464,-2.2671558163853396
,,,1486.607,0.550000011920929,-2.406495368100479
,,,1487.073,0.574999988079071,-2.3517884204733126
,,,1487.537,0.5529999732971191,-2.3993395876718284
,,,1488.002,0.5339999794960022,-2.4402290253925694
,,,1488.47,0.5360000133514404,-2.4352578701622356
,,,1488.933,0.5410000085830688,-2.423661158716221
,,,1489.396,0.546999990940094,-2.4098174809067197
,,,1489.866,0.5669999718666077,-2.365427381402473
,,,1490.329,0.5419999957084656,-2.419055708411816
,,,1490.792,0.527999997138977,-2.4487246884717675
,,,1491.258,0.5849999785423279,-2.3237406658667434
,,,1491.721,0.5429999828338623,-2.4144972030370595
,,,1492.187,0.5540000200271606,-2.389862573718319
,,,1492.651,0.5400000214576721,-2.4197924914292828
,,,1493.117,0.5699999928474426,-2.353977148669682
,,,1493.585,0.574999988079071,-2.3427559694921065
,,,1494.051,0.546999990940094,-2.40356775200488
,,,1494.516,0.5440000295639038,-2.410057398085101
,,,1494.981,0.5540000200271606,-2.3883705340472563
,,,1495.444,0.550000011920929,-2.3973270792120456
,,,1495.907,0.5649999976158142,-2.365023704864282
,,,1496.375,0.5709999799728394,-2.3524502974661505
,,,1496.837,0.5669999718666077,-2.361769673483597
,,,1497.307,0.5440000295639038,-2.4125714571143795
,,,1497.77,0.5540000200271606,-2.3915457151886352
,,,1498.236,0.5410000085830688,-2.42067370923474
,,,1498.701,0.5789999961853027,-2.3387103799519466
,,,1499.166,0.5540000200271606,-2.3939957714405242
,,,1499.626,0.5659999847412109,-2.3686402229603263
,,,1500.091,0.4830000102519989,-2.550202787163193
,,,1500.556,0.5540000200271606,-2.3961791908141667
,,,1501.022,0.5419999957084656,-2.4228883467664373
,,,1501.485,0.5419999957084656,-2.4233403265779083
,,,1501.954,0.5669999718666077,-2.369198757493277
,,,1502.418,0.5460000038146973,-2.4151371136873974
,,,1502.881,0.5849999785423279,-2.3302127274036866
,,,1503.352,0.5730000138282776,-2.356253304741795
,,,1503.814,0.5360000133514404,-2.4366178312558517
,,,1504.28,0.5699999928474426,-2.3621645433786322
,,,1504.743,0.5419999957084656,-2.4226653534945743
,,,1505.209,0.5410000085830688,-2.42423637971199
,,,1505.674,0.515999972820282,-2.4780085553024755
,,,1506.139,0.5649999976158142,-2.3704953141954364
,,,1506.604,0.5529999732971191,-2.3958366030873135
,,,1507.07,0.5379999876022339,-2.427694886488936
,,,1507.53,0.5419999957084656,-2.418165749593055
,,,1507.995,0.5540000200271606,-2.3912390115952964
,,,1508.463,0.5419999957084656,-2.4166551183012275
,,,1508.926,0.550000011920929,-2.39857551233802
,,,1509.396,0.550000011920929,-2.3980221751371844
,,,1509.859,0.5509999990463257,-2.3954038725434432
,,,1510.322,0.5450000166893005,-2.408163094679916
,,,1510.785,0.5490000247955322,-2.399272463284593
,,,1511.25,0.550000011920929,-2.39705966058928
,,,1511.722,0.5460000038146973,-2.405882842686287
,,,1512.18,0.5429999828338623,-2.4126669440174218
,,,1512.651,0.5529999732971191,-2.3912604743433845
,,,1513.11,0.5709999799728394,-2.352544354568206
,,,1513.575,0.5640000104904175,-2.3683979850152603
,,,1514.041,0.5460000038146973,-2.4083022825444687
,,,1514.508,0.5460000038146973,-2.409056174492455
,,,1514.974,0.5379999876022339,-2.4272821492017123
,,,1515.437,0.550000011920929,-2.4019537435843734
,,,1515.907,0.5400000214576721,-2.42454942160405
,,,1516.37,0.5630000233650208,-2.375218551008081
,,,1516.833,0.5350000262260437,-2.4369438204889007
,,,1517.3,0.5410000085830688,-2.4245185940151255
,,,1517.762,0.5540000200271606,-2.3967466641404758
,,,1518.228,0.5630000233650208,-2.3775757157249044
,,,1518.693,0.5540000200271606,-2.397493120032327
,,,1519.159,0.5460000038146973,-2.4150954656555195
,,,1519.626,0.5529999732971191,-2.3998767601554984
,,,1520.092,0.5509999990463257,-2.40412341755491
,,,1520.555,0.5540000200271606,-2.397337764992523
,,,1521.021,0.5419999957084656,-2.423100657428964
,,,1521.482,0.5680000185966492,-2.3659550184927944
,,,1521.951,0.546999990940094,-2.411101166501175
,,,1522.415,0.5630000233650208,-2.3755508015866416
,,,1522.877,0.5669999718666077,-2.366078887192558
,,,1523.341,0.5820000171661377,-2.332598499846573
,,,1523.811,0.5460000038146973,-2.410210750157555
,,,1524.276,0.5540000200271606,-2.3919697658096357
,,,1524.739,0.5419999957084656,-2.417334709939594
,,,1525.205,0.550000011920929,-2.3991834296823127
,,,1525.671,0.5210000276565552,-2.461721574209066
,,,1526.136,0.5630000233650208,-2.3696748444976867
,,,1526.6,0.5389999747276306,-2.4215342198308463
,,,1527.066,0.5529999732971191,-2.390732852909342
,,,1527.53,0.5630000233650208,-2.368782840434848
,,,1527.996,0.5540000200271606,-2.3883686002788593
,,,1528.459,0.5410000085830688,-2.416811302123033
,,,1528.921,0.5460000038146973,-2.406177462920348
,,,1529.389,0.5730000138282776,-2.3477440324992096
,,,1529.851,0.5669999718666077,-2.361323900100167
,,,1530.315,0.5419999957084656,-2.4164003698002623
,,,1530.785,0.5450000166893005,-2.4105594317447827
,,,1531.25,0.5519999861717224,-2.396067774694575
,,,1531.71,0.5540000200271606,-2.3925094567659646
,,,1532.176,0.5299999713897705,-2.445612269016807
,,,1532.641,0.5540000200271606,-2.394131283908837
,,,1533.107,0.5339999794960022,-2.438477898017503
,,,1533.574,0.5669999718666077,-2.3672988829360992
,,,1534.04,0.5419999957084656,-2.4224019844425073
,,,1534.504,0.5400000214576721,-2.427297534647142
,,,1534.969,0.515999972820282,-2.4800094126594754
,,,1535.43,0.5460000038146973,-2.414947274308554
,,,1535.899,0.5490000247955322,-2.408571965586867
,,,1536.367,0.5419999957084656,-2.4238409440358026
,,,1536.829,0.5379999876022339,-2.432431192562313
,,,1537.295,0.5429999828338623,-2.4212746975798134
,,,1537.76,0.546999990940094,-2.4121656414348083
,,,1538.226,0.5429999828338623,-2.420366376692343
,,,1538.685,0.5669999718666077,-2.367460707391116
,,,1539.151,0.5519999861717224,-2.3994363264932637
,,,1539.616,0.5540000200271606,-2.3943104394690637
,,,1540.081,0.550000011920929,-2.402215889081337
,,,1540.548,0.5540000200271606,-2.3926762793917087
,,,1541.013,0.5379999876022339,-2.4267194449174188
,,,1541.481,0.5460000038146973,-2.4085100427461366
,,,1541.944,0.550000011920929,-2.3990742905776856
,,,1542.407,0.5630000233650208,-2.3701113855121263
,,,1542.87,0.5370000004768372,-2.4262162642863045
,,,1543.337,0.5400000214576721,-2.4192580036521942
,,,1543.807,0.5410000085830688,-2.416788377483393
,,,1544.265,0.5370000004768372,-2.4253523253578626
,,,1544.736,0.531000018119812,-2.4384188788220738
,,,1545.195,0.5419999957084656,-2.4145942431544416
,,,1545.666,0.5849999785423279,-2.3211932876541197
,,,1546.125,0.5640000104904175,-2.3673563278845497
,,,1546.59,0.550000011920929,-2.398387223398513
,,,1547.055,0.5529999732971191,-2.392484300116278
,,,1547.522,0.5419999957084656,-2.417166592297431
,,,1547.987,0.5669999718666077,-2.3634799293730366
,,,1548.455,0.5540000200271606,-2.3926198480355487
,,,1548.918,0.5680000185966492,-2.3629492252952793
,,,1549.381,0.5329999923706055,-2.4400203714249016
,,,1549.851,0.5519999861717224,-2.399408001056938
,,,1550.312,0.5540000200271606,-2.3957721326550274
,,,1550.781,0.5410000085830688,-2.4247333300434235
,,,1551.24,0.546999990940094,-2.4121981255016114
,,,1551.711,0.5540000200271606,-2.397365410230204
,,,1552.177,0.5720000267028809,-2.358435160084555
,,,1552.637,0.5249999761581421,-2.4609759332019343
,,,1553.102,0.5419999957084656,-2.423938180481765
,,,1553.567,0.5389999747276306,-2.43032875167967
,,,1554.033,0.5730000138282776,-2.355967747349943
,,,1554.497,0.5450000166893005,-2.416549450907777
,,,1554.963,0.5540000200271606,-2.396400354423479
,,,1555.426,0.5450000166893005,-2.4153628633452904
,,,1555.896,0.5490000247955322,-2.405918442456991
,,,1556.359,0.5429999828338623,-2.4181984395242875
,,,1556.822,0.5540000200271606,-2.3934030723901114
,,,1557.287,0.5669999718666077,-2.3642371879428983
,,,1557.75,0.5540000200271606,-2.3917278816049774
,,,1558.216,0.5419999957084656,-2.417077928925763
,,,1558.681,0.5540000200271606,-2.3902029740927397
,,,1559.147,0.5540000200271606,-2.3895568264533775
,,,1559.614,0.5509999990463257,-2.3955514184206037
,,,1560.08,0.5419999957084656,-2.414739687823544
,,,1560.544,0.5519999861717224,-2.3926687618713376
,,,1561.01,0.5320000052452087,-2.4361015316691836
,,,1561.471,0.5370000004768372,-2.4252174477013955
,,,1561.94,0.5669999718666077,-2.360016129592455
,,,1562.403,0.5889999866485596,-2.3123866552824537
,,,1562.866,0.5370000004768372,-2.4261106428535433
,,,1563.334,0.5379999876022339,-2.424488236535721
,,,1563.796,0.5669999718666077,-2.361969281320484
,,,1564.262,0.5540000200271606,-2.391038216691812
,,,1564.728,0.5460000038146973,-2.4092762747126493
,,,1565.194,0.5529999732971191,-2.394872694446202
,,,1565.659,0.5630000233650208,-2.3739449692077224
,,,1566.124,0.5630000233650208,-2.3747891078347854
,,,1566.589,0.5659999847412109,-2.3690566003411213
,,,1567.054,0.5379999876022339,-2.4307971664021286
,,,1567.519,0.5450000166893005,-2.4161981963971897
,,,1567.984,0.5630000233650208,-2.377527233384717
,,,1568.445,0.5669999718666077,-2.369232842730578
,,,1568.915,0.5429999828338623,-2.421802724514247
,,,1569.378,0.5210000276565552,-2.4698697929493743
,,,1569.84,0.5669999718666077,-2.3696393924847023
,,,1570.311,0.5799999833106995,-2.34115318912053
,,,1570.774,0.5460000038146973,-2.414916318001907
,,,1571.24,0.5659999847412109,-2.370895127415731
,,,1571.703,0.5329999923706055,-2.442218833614197
,,,1572.169,0.550000011920929,-2.4045043228890064
,,,1572.633,0.5699999928474426,-2.3601682600722533
,,,1573.099,0.5540000200271606,-2.394200104014986
,,,1573.566,0.578000009059906,-2.3410475658320022
,,,1574.025,0.574999988079071,-2.3467058935364404
,,,1574.5,0.5419999957084656,-2.41773807073072
,,,1574.959,0.5419999957084656,-2.416917053436994
,,,1575.426,0.5669999718666077,-2.3616974739434378
,,,1575.888,0.5649999976158142,-2.365391267832974
,,,1576.356,0.5669999718666077,-2.360480645814891
,,,1576.818,0.5509999990463257,-2.3949131765652463
,,,1577.284,0.5440000295639038,-2.4098795336500345
,,,1577.746,0.5720000267028809,-2.348744048892131
,,,1578.212,0.5400000214576721,-2.4184825070340623
,,,1578.678,0.5669999718666077,-2.359835665980154
,,,1579.143,0.5370000004768372,-2.4255217278462196
,,,1579.608,0.5400000214576721,-2.419453397087704
,,,1580.074,0.5540000200271606,-2.3895471938199964
,,,1580.541,0.5419999957084656,-2.4163948394040835
,,,1581.006,0.5339999794960022,-2.434615774342999
,,,1581.466,0.5460000038146973,-2.4093277111813887
,,,1581.936,0.5540000200271606,-2.392791702112473
,,,1582.396,0.546999990940094,-2.408945157412024
,,,1582.866,0.5419999957084656,-2.420723283838045
,,,1583.326,0.5419999957084656,-2.421563219774667
,,,1583.796,0.5339999794960022,-2.439761654231094
,,,1584.262,0.5440000295639038,-2.4186497075541076
,,,1584.721,0.5440000295639038,-2.419208480079883
,,,1585.186,0.5789999961853027,-2.343380269527214
,,,1585.651,0.5669999718666077,-2.3697996307124587
,,,1586.117,0.5419999957084656,-2.4243837541403925
,,,1586.581,0.5519999861717224,-2.402554581136264
,,,1587.047,0.550000011920929,-2.4067095107851735
,,,1587.511,0.6449999809265137,-2.199379921014186
,,,1587.977,0.5849999785423279,-2.329593546529505
,,,1588.445,0.5540000200271606,-2.396495336506271
,,,1588.908,0.5770000219345093,-2.3456406519813933
,,,1589.37,0.5400000214576721,-2.4254188519380193
,,,1589.84,0.5419999957084656,-2.4201703593931363
,,,1590.304,0.5630000233650208,-2.3734958116669453
,,,1590.766,0.5170000195503235,-2.472787864252453
,,,1591.231,0.5410000085830688,-2.419601104728958
,,,1591.696,0.5099999904632568,-2.4862951063327716
,,,1592.161,0.5509999990463257,-2.396207435686687
,,,1592.626,0.5490000247955322,-2.399905477773656
,,,1593.091,0.5720000267028809,-2.3492604625592928
,,,1593.555,0.5400000214576721,-2.418580705848468
,,,1594.021,0.550000011920929,-2.3965501677677192
,,,1594.489,0.5400000214576721,-2.418253131868801
,,,1594.952,0.5360000133514404,-2.427047771739797
,,,1595.415,0.5540000200271606,-2.3880732790931885
