Trial: ,35
Threshold: ,0.0
Maximum EMG: ,0.46336823750484013
Success: ,True

EMG Time,Raw EMG,Filtered EMG,Force Time,Raw Force (V),Filtered Force (N)
0.0,samples,1.9089564869749156e-06,0.467,0.4749999940395355,-2.5669536686405054
0.46551699999999996,time,1.9335762159682673e-06,0.935,0.46399998664855957,-2.5908898343069318
0.9310339999999999,value,1.9523675624334187e-06,1.397,0.5009999871253967,-2.5101949206234826
1.396552,,1.9650118366260954e-06,1.86,0.49399998784065247,-2.525306014077569
1.862069,,1.9711984947547175e-06,2.33,0.4650000035762787,-2.5882970427148537
2.327586,,1.9706265976301972e-06,2.793,0.47600001096725464,-2.564098561690865
2.793103,,1.9630062980794994e-06,3.256,0.47999998927116394,-2.5551143194659067
3.258621,,1.94806035306385e-06,3.721,0.4909999966621399,-2.530850835503681
3.724138,,1.9255256561790928e-06,4.184,0.5009999871253967,-2.5087459687383675
4.189654999999999,,1.8951547859564102e-06,4.65,0.4860000014305115,-2.5410968463806807
4.655172,,1.8567175651274059e-06,5.115,0.4880000054836273,-2.5364109484725788
5.12069,,1.8100026257696354e-06,5.581,0.47600001096725464,-2.562237203342185
5.586207,,1.7548189750081406e-06,6.046,0.47200000286102295,-2.5706559495282235
6.051723999999999,,1.6909975557166203e-06,6.512,0.4699999988079071,-2.5747489136008532
6.517241,,1.618392796439733e-06,6.979,0.49000000953674316,-2.5309513514710296
6.982759,,1.5368841445468844e-06,7.445,0.4749999940395355,-2.5634531882641984
7.448276,,1.4463775764289428e-06,7.908,0.4699999988079071,-2.574221207466624
7.913793000000001,,1.3468070783638977e-06,8.371,0.48899999260902405,-2.532758676626507
8.379309999999998,,1.2381360915067235e-06,8.834,0.48399999737739563,-2.543642577312201
8.844828000000001,,1.12035891430395e-06,9.304,0.4830000102519989,-2.5458711366352516
9.310345,,9.935020554958444e-07,9.768,0.4729999899864197,-2.5677658951264033
9.775862,,8.576255307499574e-07,10.23,0.46700000762939453,-2.581001613544298
10.241379,,7.12824095870275e-07,10.696,0.4779999852180481,-2.557251297904988
10.706897,,5.592284094475596e-07,11.161,0.47600001096725464,-2.5618673976563073
11.172414,,3.970061177598267e-07,11.626,0.47600001096725464,-2.5621622016218315
11.637931,,2.2636285469847007e-07,12.093,0.45100000500679016,-2.6169505228053263
12.103447999999998,,4.754314948640144e-08,12.559,0.47699999809265137,-2.5606453599345538
12.568966000000001,,1.391687650291763e-07,13.019,0.45100000500679016,-2.617636807322365
13.034483,,3.334482506840708e-07,13.485,0.4880000054836273,-2.5373690240912823
13.5,,5.349296760090967e-07,13.949,0.492000013589859,-2.5289803900751564
13.965517,,7.432059489529484e-07,14.415,0.47200000286102295,-2.5728521862802323
14.431034,,9.578281771944673e-07,14.886,0.48100000619888306,-2.5535068105288916
14.896552,,1.1783054627651311e-06,15.348,0.48100000619888306,-2.55372450615454
15.362069,,1.4041048375141396e-06,15.816,0.49900001287460327,-2.5146741091954232
15.827586000000002,,1.6346513457285928e-06,16.278,0.4880000054836273,-2.5387462590685135
16.293103,,1.869328279969388e-06,16.745,0.4699999988079071,-2.578007459610944
16.758621,,2.1074775758991117e-06,17.21,0.48500001430511475,-2.545310657644943
17.224138,,2.348400371560983e-06,17.675,0.4729999899864197,-2.571375287126319
17.689655,,2.591357736217525e-06,18.135,0.4779999852180481,-2.560343044518736
18.155172,,2.835571573473935e-06,18.601,0.4779999852180481,-2.560148501104043
18.62069,,3.080225702993989e-06,19.068,0.47200000286102295,-2.572976286014564
19.086207,,3.3244671246658325e-06,19.534,0.4970000088214874,-2.5182237737177893
19.551724,,3.567407468591298e-06,19.994,0.48500001430511475,-2.5440474316102177
20.017241000000002,,3.808124633755787e-06,20.459,0.4519999921321869,-2.61559959113461
20.482758999999998,,4.045664617686642e-06,20.927,0.49000000953674316,-2.5324559559304824
20.948276,,4.2790435388268805e-06,21.39,0.4490000009536743,-2.621425235186542
21.413793000000002,,4.5072498527389e-06,21.86,0.47200000286102295,-2.570972150046621
21.87931,,4.7292467626100064e-06,22.322,0.4699999988079071,-2.5750073652435894
22.344828,,4.943974823859514e-06,22.79,0.4050000011920929,-2.716330596291764
22.810344999999998,,5.150354741946671e-06,23.253,0.4779999852180481,-2.5570436497220586
23.275862,,5.34729036175119e-06,23.719,0.49000000953674316,-2.530703590444194
23.741379,,5.533671846145057e-06,24.182,0.49000000953674316,-2.53056110886005
24.206897,,5.708379040597078e-06,24.647,0.47200000286102295,-2.569692704044193
24.672414,,5.87028501985224e-06,25.112,0.49000000953674316,-2.5304543484604793
25.137931,,6.018259811908038e-06,25.578,0.492000013589859,-2.5261363034761195
25.603448,,6.151174293671721e-06,26.046,0.4869999885559082,-2.537129398186759
26.068966,,6.267904251827919e-06,26.504,0.4860000014305115,-2.5394655847363254
26.534483,,6.367334601577858e-06,26.971,0.45399999618530273,-2.6093937232423947
27.0,,6.448363755031795e-06,27.437,0.4880000054836273,-2.5355789439032956
27.465517,,6.509908130147955e-06,27.905,0.4790000021457672,-2.555485638867368
27.931034,,6.550906790217085e-06,28.367,0.47200000286102295,-2.5710652007362294
28.396552,,6.570326202994514e-06,28.83,0.4779999852180481,-2.5583427015565183
28.862069,,6.56716510768457e-06,29.3,0.48500001430511475,-2.5434507435331932
29.327586,,6.540459477088416e-06,29.764,0.4819999933242798,-2.550343216704104
29.793103000000002,,6.4892875613392265e-06,30.226,0.503000020980835,-2.504934319269032
30.258620999999998,,6.412774998771528e-06,30.692,0.4749999940395355,-2.5662547763791785
30.724138,,6.310099978608126e-06,31.157,0.47600001096725464,-2.5643604367529487
31.189655000000002,,6.180498439301907e-06,31.622,0.4790000021457672,-2.558066509702964
31.655172000000004,,6.0232692855447725e-06,32.09,0.4779999852180481,-2.5604371212277055
32.12069,,5.837779606155813e-06,32.556,0.4729999899864197,-2.571466189569839
32.586207,,5.623469874289511e-06,33.015,0.48100000619888306,-2.5541123806467896
33.051724,,5.3798591106664075e-06,33.481,0.47600001096725464,-2.565017990481165
33.517241000000006,,5.106549989827054e-06,33.953,0.49000000953674316,-2.534465429891025
33.982759,,4.803233868749579e-06,34.411,0.492000013589859,-2.5299937365837204
34.448276,,4.469695716555707e-06,34.875,0.4880000054836273,-2.538534167780628
34.913793,,4.105818923463941e-06,35.345,0.4690000116825104,-2.5797002392680404
35.37931,,3.7115899666358244e-06,35.808,0.4429999887943268,-2.6360710851541467
35.844828,,3.2871029101059736e-06,36.27,0.48100000619888306,-2.5529714508206656
36.310345,,2.8325637155929963e-06,36.736,0.48100000619888306,-2.5526322471788867
36.775862,,2.348294340660512e-06,37.206,0.49399998784065247,-2.5239517950052583
37.241378999999995,,1.8347366004393653e-06,37.664,0.47200000286102295,-2.571516077488666
37.706897000000005,,1.2924557689376123e-06,38.13,0.44699999690055847,-2.625620781583235
38.172414,,7.221438958578621e-07,38.596,0.4779999852180481,-2.55773751400792
38.637931,,1.2462281481575835e-07,39.063,0.49000000953674316,-2.531274632062643
39.103448,,4.991531810875753e-07,39.529,0.47200000286102295,-2.570206617282377
39.568965999999996,,1.1480950202389929e-06,39.994,0.4860000014305115,-2.5394661595079375
40.034483,,1.8209769136936779e-06,40.46,0.4749999940395355,-2.5632438085971194
40.5,,2.516434819889841e-06,40.923,0.47699999809265137,-2.5587568970815244
40.965517,,3.232965335794106e-06,41.385,0.48100000619888306,-2.5499748035514536
41.431034,,3.968925036842568e-06,41.853,0.47999998927116394,-2.552150231663389
41.896552,,4.722530287408472e-06,42.315,0.4880000054836273,-2.534782075778652
42.362069000000005,,5.4918575427885456e-06,42.783,0.4909999966621399,-2.5283695429946547
42.827586000000004,,6.274844162854372e-06,43.245,0.46799999475479126,-2.5786607875178045
43.293103,,7.069289756561188e-06,43.71,0.46799999475479126,-2.5788974196776215
43.758621,,7.872858075442848e-06,44.177,0.4779999852180481,-2.5573950553908626
44.224138,,8.683079473047443e-06,44.643,0.4749999940395355,-2.564253653340909
44.689655,,9.497353945982643e-06,45.108,0.47999998927116394,-2.5537116598169036
45.155172,,1.0312954770843103e-05,45.573,0.4880000054836273,-2.5366512279519795
45.620689999999996,,1.1127032749784191e-05,46.038,0.4790000021457672,-2.556633897511453
46.086206999999995,,1.1936621075887656e-05,46.504,0.492000013589859,-2.528680696622608
46.551724,,1.273864082773649e-05,46.964,0.49000000953674316,-2.533390058388434
47.017241,,1.3529907100779553e-05,47.43,0.47200000286102295,-2.572929909795464
47.482759,,1.4307135781123672e-05,47.901,0.47999998927116394,-2.555787526989799
47.948276,,1.5066950965343804e-05,48.363,0.45500001311302185,-2.610494710020755
48.413793,,1.580589302775359e-05,48.831,0.47600001096725464,-2.5649311455848305
48.879310000000004,,1.6520427334332353e-05,49.293,0.4830000102519989,-2.5498092984265486
49.344828,,1.7206953600164078e-05,49.756,0.48100000619888306,-2.554231123372138
49.810345,,1.786181588481371e-05,50.226,0.49000000953674316,-2.5346211564455845
50.275862,,1.8481313217550317e-05,50.684,0.4830000102519989,-2.5498026009169217
50.741379,,1.906171084173147e-05,51.149,0.48500001430511475,-2.5453111639427486
51.206897,,1.9599252064993562e-05,51.615,0.49300000071525574,-2.527686661631646
51.672414,,2.0090170699155707e-05,52.082,0.492000013589859,-2.529614248024766
52.137931,,2.053070407094662e-05,52.548,0.47200000286102295,-2.5728883725338907
52.603448,,2.091710658181216e-05,53.012,0.4390000104904175,-2.644447528255682
53.068966,,2.1245663792163773e-05,53.478,0.4729999899864197,-2.570011099310285
53.534483,,2.1512707002493124e-05,53.949,0.49300000071525574,-2.5260595520021067
54.0,,2.1714628300814787e-05,54.408,0.4779999852180481,-2.558355086074893
54.465517,,2.184789604291635e-05,54.871,0.49399998784065247,-2.5231184076874165
54.931034,,2.1909070728903098e-05,55.334,0.47600001096725464,-2.561973365965354
55.396552,,2.1894821236533175e-05,55.804,0.48500001430511475,-2.542033797829191
55.862069,,2.1801941368859502e-05,56.267,0.4909999966621399,-2.528669374293958
56.327586,,2.162736667073756e-05,56.733,0.4790000021457672,-2.5545687160163717
56.793102999999995,,2.1368191465835238e-05,57.196,0.4819999933242798,-2.5478444729047536
57.258621000000005,,2.1021686062904093e-05,57.662,0.48899999260902405,-2.532467740123263
57.724138,,2.0585314077252646e-05,58.127,0.4699999988079071,-2.573802172279128
58.189655,,2.0056749810614604e-05,58.593,0.49399998784065247,-2.521523271847799
58.655172,,1.9433895629940876e-05,59.06,0.4699999988079071,-2.573887955767792
59.120689999999996,,1.87148992830769e-05,59.526,0.4519999921321869,-2.6132479435783096
59.586207,,1.7898171086829586e-05,59.99,0.4779999852180481,-2.5568109713217284
60.051724,,1.6982400920594816e-05,60.456,0.48100000619888306,-2.5505395821486307
60.517241,,1.5966574956519883e-05,60.916,0.47200000286102295,-2.570460325997665
60.982758999999994,,1.4849992055130428e-05,61.379,0.47999998927116394,-2.5533829601267324
61.448276,,1.3632279753470788e-05,61.849,0.48899999260902405,-2.534154759860348
61.913793,,1.2313409771105203e-05,62.312,0.4819999933242798,-2.5498008020905663
62.379310000000004,,1.0893712957818008e-05,62.775,0.47699999809265137,-2.5610934090762134
62.84482800000001,,9.373893605547916e-06,63.245,0.5040000081062317,-2.5026605987616306
63.310345000000005,,7.755043046008142e-06,63.711,0.47699999809265137,-2.561853772843505
63.775862000000004,,6.038652454593757e-06,64.17,0.5,-2.5120819742477747
64.241379,,4.226624780573513e-06,64.635,0.4729999899864197,-2.5711998719557396
64.706897,,2.321285723218104e-06,65.101,0.49000000953674316,-2.534405452632449
65.172414,,3.2539367344293816e-07,65.567,0.4449999928474426,-2.632628800211351
65.637931,,1.7578514592471216e-06,66.034,0.47600001096725464,-2.5652111231064936
66.103448,,3.924800614219355e-06,66.499,0.48399999737739563,-2.5478344476142545
66.56896599999999,,6.171349220479426e-06,66.964,0.4880000054836273,-2.539101497997372
67.03448300000001,,8.492932188514511e-06,67.43,0.48399999737739563,-2.54772703477049
67.5,,1.0884520329533774e-05,67.89,0.48500001430511475,-2.5453910787429237
67.965517,,1.3340618276640134e-05,68.36,0.4819999933242798,-2.5517063158148354
68.431034,,1.5855263980338223e-05,68.823,0.4860000014305115,-2.54271406653829
68.896552,,1.8422029848304286e-05,69.286,0.4830000102519989,-2.5489238138607426
69.362069,,2.103402559650846e-05,69.756,0.4749999940395355,-2.565988400915133
69.827586,,2.3683902875582912e-05,70.219,0.4790000021457672,-2.556882080370884
70.293103,,2.6363861732766726e-05,70.685,0.4830000102519989,-2.5477606018657046
70.75862099999999,,2.906565896582688e-05,71.145,0.4749999940395355,-2.564780216379739
71.22413800000001,,3.178061842105244e-05,71.611,0.47999998927116394,-2.5534873507035005
71.689655,,3.449964328274504e-05,72.076,0.492000013589859,-2.5269659339391075
72.15517200000001,,3.721323039658391e-05,72.541,0.503000020980835,-2.5026562114550415
72.62069,,3.9911486663829974e-05,73.009,0.47699999809265137,-2.559000180285745
73.086207,,4.258414753755397e-05,73.474,0.47200000286102295,-2.5696463826797844
73.551724,,4.522059764593301e-05,73.938,0.4819999933242798,-2.547675129130013
74.017241,,4.780989356116518e-05,74.401,0.4830000102519989,-2.5453795474507634
74.482759,,5.034078872570945e-05,74.864,0.4779999852180481,-2.5562275643218184
74.94827599999999,,5.280176054037901e-05,75.334,0.47999998927116394,-2.5518983753267688
75.41379300000001,,5.5181039611309945e-05,75.797,0.492000013589859,-2.5258552438307613
75.87931,,5.746664114500734e-05,76.26,0.5139999985694885,-2.4780945618446855
76.344828,,5.9646398472551326e-05,76.725,0.45899999141693115,-2.5981537430183517
76.810345,,6.170799867564186e-05,77.195,0.3930000066757202,-2.7422378677995503
77.275862,,6.363902027849171e-05,77.654,0.46399998664855957,-2.587900295303487
77.741379,,6.542697296066064e-05,78.119,0.47999998927116394,-2.553429196470875
78.206897,,6.705933923678135e-05,78.585,0.47099998593330383,-2.5734513950622255
78.67241399999999,,6.852361803978292e-05,79.052,0.5070000290870667,-2.495447799054912
79.137931,,6.98073701346935e-05,79.518,0.47600001096725464,-2.5634134156812474
79.603448,,7.089826528042723e-05,79.982,0.4819999933242798,-2.5507556209764912
80.068966,,7.178413104716012e-05,80.448,0.47099998593330383,-2.575109067158244
80.53448300000001,,7.245300318700241e-05,80.909,0.4819999933242798,-2.551494339524307
81.0,,7.289317744571504e-05,81.378,0.46399998664855957,-2.5910117071601
81.465517,,7.30932626932247e-05,81.841,0.49000000953674316,-2.5346101079950154
81.931034,,7.30422352407029e-05,82.304,0.4690000116825104,-2.5805387203245473
82.396552,,7.272949420202188e-05,82.772,0.4749999940395355,-2.5675719621564936
82.86206899999999,,7.214491774752342e-05,83.234,0.4729999899864197,-2.5719591861406452
83.327586,,7.127892008827243e-05,83.699,0.49300000071525574,-2.5283393225267035
83.79310299999999,,7.01225090193552e-05,84.171,0.48899999260902405,-2.5369308882466712
84.258621,,6.866734384136459e-05,84.629,0.4819999933242798,-2.5519857096204634
84.72413800000001,,6.690579347003047e-05,85.094,0.4729999899864197,-2.5713315836796604
85.189655,,6.483099453504811e-05,85.56,0.47999998927116394,-2.5557611517614935
85.65517200000001,,6.243690926057164e-05,86.027,0.4830000102519989,-2.5488570412148115
86.12069,,5.971838291162016e-05,86.493,0.49000000953674316,-2.533201147031978
86.586207,,5.667120058283294e-05,86.96,0.4690000116825104,-2.5785228392510136
87.051724,,5.3292143098656084e-05,87.419,0.4830000102519989,-2.5475810068445326
87.517241,,4.957904178718734e-05,87.89,0.48500001430511475,-2.5427857337035107
87.98275899999999,,4.5530831883597726e-05,88.352,0.47200000286102295,-2.5706866305589755
88.448276,,4.1147604313331565e-05,88.816,0.4740000069141388,-2.5659378037985507
88.913793,,3.643065560020718e-05,89.285,0.4959999918937683,-2.5176581711154045
89.37931,,3.138253564014393e-05,89.744,0.4000000059604645,-2.726513202500101
89.844828,,2.6007093077571096e-05,90.209,0.4790000021457672,-2.5541698293642177
90.310345,,2.0309518018675618e-05,90.675,0.4959999918937683,-2.516973693593559
90.775862,,1.429638181356136e-05,91.142,0.4819999933242798,-2.5473898261597188
91.241379,,7.975673638164069e-06,91.608,0.47600001096725464,-2.5604539821562367
91.706897,,1.3568336064351808e-06,92.075,0.4519999921321869,-2.612812473649137
92.17241399999999,,5.54921785608782e-06,92.541,0.47099998593330383,-2.571566170702783
92.63793100000001,,1.2730054644627988e-05,93.001,0.4729999899864197,-2.5674292259433815
93.103448,,2.0171723878147894e-05,93.466,0.4830000102519989,-2.5459279905596244
93.568966,,2.7858729334045302e-05,93.93,0.4869999885559082,-2.537554371807025
94.03448300000001,,3.577401967094449e-05,94.4,0.47600001096725464,-2.561905338655087
94.5,,4.3898981690153584e-05,94.86,0.4699999988079071,-2.575396571453168
94.965517,,5.221343887942053e-05,95.33,0.47999998927116394,-2.554050081033235
95.431034,,6.0695655474530536e-05,95.793,0.48100000619888306,-2.5523180909735976
95.896552,,6.932234626502594e-05,96.256,0.49000000953674316,-2.533149359043169
96.36206899999999,,7.806869235987867e-05,96.722,0.4819999933242798,-2.550996254023761
96.827586,,8.690836311729376e-05,97.184,0.49799999594688416,-2.516520904210892
97.293103,,9.58135444299588e-05,97.65,0.47999998927116394,-2.556072996293753
97.758621,,0.00010475497354297554,98.116,0.49000000953674316,-2.5345659267772422
98.224138,,0.00011370198056641405,98.581,0.4729999899864197,-2.5718171441377966
98.689655,,0.00012262253682791932,99.046,0.47200000286102295,-2.5741383811332326
99.155172,,0.00013148331019308587,99.512,0.48500001430511475,-2.5458826673035033
99.62069,,0.00014024972746240572,99.979,0.4659999907016754,-2.5872657106375856
100.086207,,0.00014888604393351154,100.444,0.49399998784065247,-2.5261743357527613
100.551724,,0.00015735542019619747,100.905,0.4740000069141388,-2.5695825989441237
101.017241,,0.0001656200062053361,101.374,0.4690000116825104,-2.5802410367009596
101.482759,,0.00017364103265335364,101.837,0.49000000953674316,-2.5341918723245387
101.948276,,0.00018137890963941294,102.3,0.46700000762939453,-2.5839494281082214
102.413793,,0.00018879333260693132,102.768,0.4880000054836273,-2.537803472806459
102.87931,,0.0001958433954945752,103.231,0.4880000054836273,-2.5373780095656886
103.344828,,0.00020248771101848194,103.696,0.4909999966621399,-2.5303981783858953
103.810345,,0.0002086845379752225,104.161,0.5009999871253967,-2.5081628165031624
104.275862,,0.0002143919154260003,104.627,0.3199999928474426,-2.9020613314349775
104.741379,,0.0002195678035928576,105.093,0.49300000071525574,-2.5247467861544335
105.206897,,0.00022417023126730488,105.559,0.4819999933242798,-2.548342130059684
105.672414,,0.00022815744950088754,106.024,0.4830000102519989,-2.5458404403782597
106.13793100000001,,0.00023148809131584442,106.489,0.48399999737739563,-2.5433956098838832
106.603448,,0.0002341213371422926,106.949,0.515999972820282,-2.473476934255439
107.068966,,0.0002360170856563883,107.415,0.47600001096725464,-2.560490842969092
107.534483,,0.00023713612966177127,107.882,0.4959999918937683,-2.516860517526907
108.0,,0.00023744033662441362,108.344,0.47200000286102295,-2.5691675858874414
108.46551699999999,,0.00023689283343887403,108.815,0.47200000286102295,-2.569264026624211
108.931034,,0.00023545819497203054,109.278,0.49000000953674316,-2.5302189687136614
109.396552,,0.00023310263589874938,109.745,0.47999998927116394,-2.5522447470040706
109.862069,,0.0002297942053127776,110.21,0.47600001096725464,-2.5612600347938996
110.32758600000001,,0.000225502983565554,110.675,0.49300000071525574,-2.5245761734515666
110.793103,,0.0002202012807557549,111.134,0.49399998784065247,-2.52279183169631
111.258621,,0.00021386383626336846,111.599,0.49000000953674316,-2.5319295443725904
111.724138,,0.00020646801869406606,112.064,0.49000000953674316,-2.5323688866072547
112.189655,,0.0001979940255727625,112.53,0.48899999260902405,-2.5349898614424875
112.655172,,0.00018842508209966969,112.997,0.4830000102519989,-2.548493683601346
113.12069,,0.00017774763825800915,113.463,0.47999998927116394,-2.5554385020150123
113.586207,,0.00016595156354000374,113.931,0.48899999260902405,-2.5362039610651337
114.051724,,0.00015303033853697074,114.393,0.49300000071525574,-2.527815412641792
114.51724100000001,,0.00013898124262044383,114.856,0.47600001096725464,-2.5651213022943025
114.982759,,0.00012380553692440842,115.319,0.49000000953674316,-2.534823978838862
115.448276,,0.00010750864182410084,115.79,0.47699999809265137,-2.5632788738528918
115.913793,,9.010030809454102e-05,116.252,0.4790000021457672,-2.5589787434269855
116.37931,,7.159478092218691e-05,116.718,0.47999998927116394,-2.5567803551889146
116.84482799999999,,5.2010955935966884e-05,117.181,0.4729999899864197,-2.5719347199836626
117.310345,,3.137252641961332e-05,117.647,0.5009999871253967,-2.5107624577569396
117.77586199999999,,9.708120865825582e-06,118.112,0.5080000162124634,-2.495271823768343
118.241379,,1.2948569965553841e-05,118.578,0.503000020980835,-2.505861583337089
118.70689700000001,,3.655867731834568e-05,119.042,0.47600001096725464,-2.5643279275000874
119.172414,,6.107805086468307e-05,119.507,0.47699999809265137,-2.5617502839561723
119.63793100000001,,8.645716809674497e-05,119.972,0.492000013589859,-2.5286419742741035
120.103448,,0.00011264105748362655,120.438,0.4819999933242798,-2.549983081637645
120.568966,,0.0001395692361726651,120.901,0.47099998593330383,-2.5734997614019957
121.034483,,0.00016717566299222968,121.364,0.4880000054836273,-2.5360250798045696
121.5,,0.0001953887074868125,121.834,0.47600001096725464,-2.5617552413744495
121.96551699999999,,0.00022413113568487414,122.297,0.4729999899864197,-2.567914378814987
122.431034,,0.000253320113265437,122.765,0.4779999852180481,-2.556692763388997
122.896552,,0.000282867226751588,123.226,0.4860000014305115,-2.5389933425648796
123.362069,,0.00031267852331800253,123.692,0.4749999940395355,-2.5627545337571305
123.827586,,0.0003426545697539425,124.16,0.4880000054836273,-2.53430056305333
124.293103,,0.00037269053107142144,124.625,0.47999998927116394,-2.5516746372697
124.758621,,0.0004026762691920339,125.085,0.4690000116825104,-2.5756628955083993
125.22413800000001,,0.0004324964620897111,125.551,0.4909999966621399,-2.5278336084014654
125.68965500000002,,0.0004620307437105438,126.015,0.46399998664855957,-2.586832767240145
126.15517200000001,,0.000491153864925957,126.481,0.48399999737739563,-2.5435049209259604
126.62069000000001,,0.0005197358756947036,126.953,0.48399999737739563,-2.5438119558587577
127.086207,,0.0005476423285249565,127.411,0.4699999988079071,-2.5746725148260046
127.55172400000001,,0.0005747345032653245,127.879,0.46700000762939453,-2.581610013266929
128.017241,,0.0006008696532073348,128.341,0.4819999933242798,-2.5493618483325897
128.48275900000002,,0.0006259012723959678,128.805,0.4749999940395355,-2.5650603819031663
128.948276,,0.0006496793838865676,129.275,0.5139999985694885,-2.4805430823396573
129.413793,,0.0006720508485449296,129.74,0.4749999940395355,-2.5659481757670233
129.87931,,0.0006928596940013036,130.204,0.4830000102519989,-2.548931714887171
130.344828,,0.000711947463466394,130.67,0.4779999852180481,-2.5602007790767134
130.81034499999998,,0.0007291535839560663,131.135,0.4819999933242798,-2.551813475501327
131.275862,,0.000744315752927215,131.601,0.4830000102519989,-2.5499036331192957
131.741379,,0.0007572703420052218,132.06,0.4860000014305115,-2.543569749020761
132.206897,,0.0007678528171223144,132.526,0.47999998927116394,-2.5567707670532753
132.67241399999997,,0.000775898175331703,132.99,0.492000013589859,-2.5306791057145746
133.13793099999998,,0.0007812413977746311,133.455,0.49000000953674316,-2.5350098167425967
133.60344800000001,,0.0007837179154752554,133.923,0.47600001096725464,-2.565406480703497
134.06896600000002,,0.0007831640837929685,134.386,0.47699999809265137,-2.563049367277522
134.53448300000002,,0.0007794176662204635,134.849,0.4819999933242798,-2.551909157434329
135.0,,0.0007723183336023151,135.319,0.49000000953674316,-2.5341716434806436
135.465517,,0.0007617081789303546,135.782,0.49000000953674316,-2.533811042240114
135.931034,,0.0007474322318543838,136.245,0.4830000102519989,-2.5486596335962606
136.396552,,0.0007293389562240547,136.71,0.4749999940395355,-2.565658221236633
136.862069,,0.0007072807460488489,137.177,0.46700000762939453,-2.5826417503648647
137.327586,,0.0006811144623361644,137.643,0.4749999940395355,-2.564765807117468
137.793103,,0.0006507020087247441,138.108,0.47200000286102295,-2.57086727444185
138.258621,,0.0006159108524482928,138.573,0.49399998784065247,-2.522527586217701
138.724138,,0.0005766144156904372,139.039,0.49000000953674316,-2.530869413021881
139.189655,,0.0005326924649188792,139.505,0.5249999761581421,-2.4542911186630807
139.655172,,0.0004840317491034021,139.965,0.48100000619888306,-2.5498825344836464
140.12069,,0.00043052681951947076,140.43,0.4729999899864197,-2.5671086009593487
140.586207,,0.00037208045633419244,140.898,0.47999998927116394,-2.551728048305334
141.05172399999998,,0.0003086033765578422,141.36,0.46799999475479126,-2.5778190892105157
141.51724099999998,,0.00024001414036929522,141.83,0.47999998927116394,-2.551701577131422
141.982759,,0.00016624065104880147,142.293,0.44999998807907104,-2.617165880997916
142.44827600000002,,8.722247046891713e-05,142.761,0.4779999852180481,-2.5563442594092796
142.913793,,2.910455146525897e-06,143.223,0.46799999475479126,-2.5783811612449
143.37931,,8.673748056745491e-05,143.689,0.4860000014305115,-2.5394775795254283
143.844828,,0.00018175824484461994,144.149,0.515999972820282,-2.4744813326505395
144.310345,,0.0002821756744404903,144.614,0.4690000116825104,-2.5772802734558558
144.77586200000002,,0.00038798976343738394,145.079,0.47699999809265137,-2.5602817249033856
145.241379,,0.0004991837741651431,145.544,0.47699999809265137,-2.560727894974807
145.706897,,0.000615751612697395,146.012,0.48399999737739563,-2.545925187836327
146.172414,,0.0007377046870132468,146.477,0.503000020980835,-2.504966029724155
146.637931,,0.0008650208218595216,146.949,0.4699999988079071,-2.5772706477635974
147.103448,,0.0009975892377308852,147.408,0.47999998927116394,-2.5558554953905874
147.568966,,0.0011352716357948666,147.871,0.4749999940395355,-2.567071285295993
148.034483,,0.0012780640950118178,148.334,0.4860000014305115,-2.543369914326637
148.5,,0.0014261007480280334,148.805,0.48500001430511475,-2.5457452470568707
148.965517,,0.0015793240573999867,149.267,0.4950000047683716,-2.524082096855257
149.43103399999998,,0.0017372145936635664,149.733,0.46299999952316284,-2.5938453476838506
149.89655199999999,,0.001899253940596973,150.196,0.4749999940395355,-2.567670595649995
150.362069,,0.0020658501670358874,150.662,0.503000020980835,-2.5065605523370436
150.82758600000003,,0.0022381248974400834,151.127,0.49799999594688416,-2.517271348120644
151.293103,,0.0024158412453697295,151.592,0.44999998807907104,-2.62159549435084
151.758621,,0.0025961896779780657,152.056,0.4790000021457672,-2.558104120152747
152.224138,,0.0027770812000627158,152.522,0.47200000286102295,-2.5729940928637287
152.68965500000002,,0.0029622719548648155,152.99,0.5090000033378601,-2.4919834490340356
153.155172,,0.003158680632457872,153.456,0.49000000953674316,-2.532948395012478
153.62069,,0.003363712392473226,153.919,0.47600001096725464,-2.56300472154859
154.086207,,0.0035606647225543335,154.381,0.46700000762939453,-2.5821670498246756
154.551724,,0.0037411293673984933,154.849,0.49000000953674316,-2.531625581021584
155.017241,,0.003932310298410435,155.311,0.4880000054836273,-2.5355758616143866
155.482759,,0.00417275250609057,155.779,0.47099998593330383,-2.572243773723467
155.948276,,0.004436810269271857,156.241,0.47999998927116394,-2.5523163578542256
156.413793,,0.004624306316251278,156.707,0.48399999737739563,-2.5433414020285703
156.87931,,0.004707596977558502,157.17,0.4830000102519989,-2.5453265099396862
157.34482799999998,,0.004870139570952765,157.636,0.4970000088214874,-2.5147043074338336
157.81034499999998,,0.005314577830179359,158.101,0.4729999899864197,-2.566946828233885
158.275862,,0.0058246447019243835,158.566,0.48500001430511475,-2.5408356784293202
158.741379,,0.005810594079014237,159.031,0.4729999899864197,-2.5670892387611994
159.20689700000003,,0.005248664628786038,159.497,0.46399998664855957,-2.5868808704037756
159.672414,,0.005344412932171103,159.964,0.4830000102519989,-2.5457389113274633
160.137931,,0.007131304536831406,160.43,0.49000000953674316,-2.5308010337576787
160.60344800000001,,0.008892767532462344,160.893,0.48899999260902405,-2.533342452160384
161.06896600000002,,0.0065227564969279495,161.356,0.4729999899864197,-2.5686027683324375
161.534483,,0.0017199877262486702,161.819,0.4880000054836273,-2.536352181660638
162.0,,0.011802020073167182,162.289,0.48899999260902405,-2.5346166381827047
162.465517,,0.017529302133754827,162.753,0.4860000014305115,-2.54159577179185
162.931034,,0.017005517455122764,163.215,0.4860000014305115,-2.5420257085899625
163.396552,,0.013564062357689947,163.681,0.41499999165534973,-2.6971148038326445
163.862069,,0.011320929044781596,164.145,0.47699999809265137,-2.562407709074316
164.327586,,0.011954374500484305,164.611,0.4909999966621399,-2.5322274161096794
164.793103,,0.014880326617676508,165.075,0.5009999871253967,-2.5107016098946278
165.258621,,0.018131501674527904,165.541,0.47999998927116394,-2.5566455068928704
165.72413799999998,,0.018993255785521596,166.008,0.5040000081062317,-2.504475995067113
166.189655,,0.015556773343535309,166.474,0.4749999940395355,-2.5676972282738957
166.655172,,0.00850624099525625,166.934,0.5239999890327454,-2.4609045684302946
167.12069,,0.0008423566397533233,167.404,0.4909999966621399,-2.5326824513192867
167.58620699999997,,0.004599505132578403,167.867,0.4650000035762787,-2.589135617717943
168.051724,,0.007116653389133225,168.33,0.47699999809265137,-2.5627333103005565
168.517241,,0.007699109281729825,168.798,0.4779999852180481,-2.5602373526467583
168.98275900000002,,0.00745053087434519,169.26,0.46799999475479126,-2.581657380325244
169.44827600000002,,0.006967343666302994,169.726,0.4699999988079071,-2.5768960892811594
169.913793,,0.006774440462995021,170.196,0.4830000102519989,-2.5481443320926185
170.37931,,0.007583765740309574,170.654,0.49000000953674316,-2.5324516391370313
170.844828,,0.00987229002365052,171.119,0.47999998927116394,-2.5537963363364784
171.310345,,0.013224497869938207,171.584,0.4860000014305115,-2.5402964917971746
171.775862,,0.01589810692448596,172.05,0.4480000138282776,-2.6226848487176206
172.241379,,0.015145267613378035,172.515,0.48500001430511475,-2.5417149706869524
172.706897,,0.00908382629878815,172.982,0.48100000619888306,-2.5501204720661494
173.172414,,0.0006735611375864425,173.447,0.4779999852180481,-2.556406948111057
173.637931,,0.009093335121565894,173.915,0.4749999940395355,-2.5627607159686296
174.103448,,0.012291561961380853,174.378,0.47600001096725464,-2.5604728325259023
174.568966,,0.012015697155860885,174.845,0.47999998927116394,-2.5517252168606874
175.034483,,0.013774755891574413,175.307,0.4819999933242798,-2.547411668852045
175.5,,0.020163393903715573,175.775,0.4790000021457672,-2.5540666513440193
175.96551699999998,,0.02778833073265817,176.238,0.4869999885559082,-2.536828040141299
176.43103399999998,,0.03156615590790797,176.704,0.47999998927116394,-2.5523346395793567
176.896552,,0.03047364837326124,177.167,0.48899999260902405,-2.5330404342279715
177.36206900000002,,0.02772088968236975,177.633,0.414000004529953,-2.696801939074723
177.827586,,0.026259240985498925,178.1,0.4869999885559082,-2.5381627785955776
178.293103,,0.025889357999113745,178.559,0.4659999907016754,-2.584342687003966
178.758621,,0.02484777225108292,179.027,0.47600001096725464,-2.5629965829785544
179.224138,,0.022632149519040398,179.492,0.4790000021457672,-2.556899678382101
179.68965500000002,,0.020006979766923425,179.96,0.47200000286102295,-2.5725741990293196
180.155172,,0.016663519249675383,180.426,0.4779999852180481,-2.5598983743416133
180.62069,,0.010387392081504299,180.886,0.47999998927116394,-2.555896901331045
181.086207,,0.0006013558605169353,181.349,0.4909999966621399,-2.5322361146426466
181.551724,,0.015109220889395463,181.819,0.503000020980835,-2.5063352381100454
182.01724099999998,,0.02968002729169533,182.282,0.46399998664855957,-2.5914769295493767
182.482759,,0.04148484141641127,182.748,0.48899999260902405,-2.5371118781932624
182.948276,,0.04958683910770568,183.211,0.4970000088214874,-2.5197074385972544
183.413793,,0.05392506576480212,183.677,0.4729999899864197,-2.571942545527653
183.87931,,0.054798359317390404,184.142,0.4740000069141388,-2.569636571006246
184.34482799999998,,0.05358144896232175,184.608,0.48100000619888306,-2.5541883377296664
184.81034499999998,,0.05219345215000948,185.072,0.48500001430511475,-2.545211505322865
185.27586200000002,,0.05088971014373602,185.538,0.4819999933242798,-2.551428720948455
185.74137900000002,,0.047689243908967775,186.004,0.47600001096725464,-2.5641353017820094
186.206897,,0.04089796583668602,186.47,0.4560000002384186,-2.607308504539477
186.672414,,0.03134594600579715,186.93,0.47600001096725464,-2.563313977114489
187.137931,,0.021384269094714452,187.4,0.47600001096725464,-2.5628833059131684
187.60344800000001,,0.012494929633844926,187.86,0.4860000014305115,-2.5406696175195242
188.06896600000002,,0.004557545721974188,188.331,0.48500001430511475,-2.5424371507020913
188.534483,,0.0032337881941377636,188.793,0.46799999475479126,-2.579091955382937
189.0,,0.01116675475763316,189.256,0.49000000953674316,-2.5308200338672604
189.465517,,0.018099322982114575,189.721,0.4790000021457672,-2.5544942992714006
189.931034,,0.021742105739825896,190.184,0.48399999737739563,-2.54336957019065
190.39655199999999,,0.020797376873212748,190.65,0.47600001096725464,-2.560633762940921
190.862069,,0.016987587180438354,191.115,0.47999998927116394,-2.551825806448454
191.327586,,0.014089531700768205,191.581,0.47600001096725464,-2.5605213046968163
191.793103,,0.014456890630804674,192.049,0.48500001430511475,-2.5409691014697873
192.25862099999998,,0.016718750986194766,192.514,0.4970000088214874,-2.5149533374001494
192.72413799999998,,0.01717284724604463,192.979,0.4699999988079071,-2.57397312087855
193.189655,,0.013613765642694406,193.444,0.5249999761581421,-2.454405573045348
193.655172,,0.00796568955017417,193.905,0.492000013589859,-2.526612023309215
194.12069000000002,,0.004891558347280523,194.374,0.4650000035762787,-2.585790883398918
194.586207,,0.0070629836170040825,194.838,0.47600001096725464,-2.562215844873928
195.051724,,0.01171293067587121,195.3,0.4909999966621399,-2.52994900790208
195.517241,,0.01297579806857086,195.768,0.5189999938011169,-2.4693686061795685
195.98275900000002,,0.008377917594523564,196.231,0.47699999809265137,-2.561289199361424
196.448276,,0.0021263762060559745,196.697,0.47600001096725464,-2.5638691755496663
196.913793,,0.0008303960941260359,197.164,0.5090000033378601,-2.492347246617849
197.37931,,0.0062363921906040285,197.629,0.4860000014305115,-2.5427897591397217
197.844828,,0.013247165019352218,198.094,0.4690000116825104,-2.580111003527638
198.310345,,0.015353368983748051,198.559,0.48100000619888306,-2.55419445253891
198.775862,,0.011161912041958452,199.019,0.47600001096725464,-2.565251092283386
199.241379,,0.004968882302073301,199.484,0.4830000102519989,-2.5500950904689392
199.706897,,0.0017994673956108832,199.949,0.46399998664855957,-2.591512540740682
200.172414,,0.003174471229953754,200.415,0.4749999940395355,-2.5674986800993542
200.63793099999998,,0.00713850616364054,200.886,0.4880000054836273,-2.539056922985477
201.103448,,0.010585423781919928,201.348,0.46799999475479126,-2.5824433184912277
201.568966,,0.011380985880437542,201.809,0.4790000021457672,-2.558230133509883
202.034483,,0.009604963054688697,202.279,0.47699999809265137,-2.5622854420167975
202.5,,0.007142741751074784,202.745,0.48399999737739563,-2.5466877232424
202.965517,,0.005635584968903962,203.209,0.4970000088214874,-2.517982852767567
203.431034,,0.005120236347997162,203.674,0.4860000014305115,-2.5415414525718463
203.896552,,0.004892281570387776,204.134,0.492000013589859,-2.5280511186526655
204.36206900000002,,0.004833926174592646,204.6,0.46299999952316284,-2.5908148589681965
204.827586,,0.00519480649517331,205.064,0.47600001096725464,-2.5620898934306204
205.293103,,0.005598967926434108,205.529,0.48399999737739563,-2.544284896446892
205.758621,,0.005165174880148377,205.994,0.47699999809265137,-2.559197194249085
206.224138,,0.003778951371762414,206.459,0.49000000953674316,-2.530584141008553
206.689655,,0.0027593965358831333,206.93,0.4790000021457672,-2.554314990007481
207.155172,,0.00390461644095664,207.393,0.47999998927116394,-2.551965576441653
207.62069,,0.00791611366133763,207.856,0.4230000078678131,-2.6760476773494246
208.086207,,0.013719349725948078,208.319,0.4860000014305115,-2.538765824603504
208.551724,,0.01919196018973574,208.79,0.49300000071525574,-2.523561552771432
209.01724099999998,,0.02278462212490735,209.252,0.4869999885559082,-2.536750188865933
209.482759,,0.024633625060591264,209.717,0.5019999742507935,-2.504253888221767
209.948276,,0.02582554687785091,210.18,0.46399998664855957,-2.587287354476029
210.413793,,0.026546557547693455,210.646,0.47699999809265137,-2.559264660722709
210.87930999999998,,0.02542771066582789,211.112,0.4790000021457672,-2.5552532416975096
211.344828,,0.02078108087363482,211.578,0.4860000014305115,-2.540383840328854
211.810345,,0.01212001295523221,212.046,0.453000009059906,-2.6126844874235515
212.27586200000002,,0.0006450605428422238,212.504,0.4959999918937683,-2.5194200369921873
212.741379,,0.011212996863254852,212.972,0.48500001430511475,-2.543801378812724
213.206897,,0.020867986512925183,213.437,0.48500001430511475,-2.544203512260617
213.672414,,0.02696591291402678,213.901,0.4909999966621399,-2.531507668191008
214.137931,,0.03005508170724299,214.37,0.4869999885559082,-2.5405607311897915
214.60344800000001,,0.03151875531363472,214.831,0.48100000619888306,-2.553923477468588
215.068966,,0.031617983820447115,215.301,0.4779999852180481,-2.560694457065382
215.534483,,0.029035857053886806,215.764,0.4819999933242798,-2.552152059772536
216.0,,0.022691109070001898,216.226,0.47699999809265137,-2.5631496123324196
216.465517,,0.013642970277594188,216.692,0.5339999794960022,-2.4389990158567474
216.93103399999998,,0.004990606731886919,217.157,0.49000000953674316,-2.534817817357922
217.39655199999999,,0.00021806530587182164,217.623,0.49000000953674316,-2.5347040021560017
217.862069,,0.0016632680071915749,218.09,0.47999998927116394,-2.556309194848524
218.327586,,0.010133584494237806,218.555,0.47699999809265137,-2.562602290752927
218.793103,,0.025273634969402017,219.019,0.4880000054836273,-2.5383403469653887
219.25862099999998,,0.045100160887905055,219.485,0.48500001430511475,-2.5445342770971537
219.724138,,0.06462214418563444,219.952,0.48100000619888306,-2.552872042600389
220.18965500000002,,0.07661167134096676,220.41,0.48899999260902405,-2.535042641778622
220.65517200000002,,0.07612190833324228,220.879,0.4729999899864197,-2.5694895722414297
221.12069,,0.06460141546837746,221.341,0.4880000054836273,-2.5363996743487345
221.586207,,0.04861753813360037,221.809,0.492000013589859,-2.5272882590267236
222.051724,,0.03438087084042218,222.271,0.4860000014305115,-2.53998828874863
222.517241,,0.023638858190354408,222.737,0.4779999852180481,-2.5570819739434536
222.98275900000002,,0.014181782715571,223.2,0.49000000953674316,-2.5306491513636424
223.448276,,0.0034539918589355403,223.666,0.4749999940395355,-2.5630951008479075
223.913793,,0.008564218500210146,224.13,0.4909999966621399,-2.528065010734592
224.37931,,0.019671987240745495,224.596,0.47600001096725464,-2.5606401599608954
224.844828,,0.027810136166047817,225.06,0.47999998927116394,-2.5518913971078825
225.31034499999998,,0.03242588095629009,225.525,0.48899999260902405,-2.5323205338455885
225.775862,,0.03398168355399256,225.99,0.492000013589859,-2.5258910066670683
226.241379,,0.03344857201358681,226.455,0.4880000054836273,-2.5347780293900106
226.706897,,0.0325888596875667,226.919,0.49000000953674316,-2.530653835567338
227.172414,,0.0333508229156044,227.388,0.47699999809265137,-2.55926326795173
227.63793099999998,,0.0357591650568207,227.849,0.47600001096725464,-2.561774481918143
228.103448,,0.03708513896520769,228.319,0.46799999475479126,-2.5795722973554187
228.56896600000002,,0.03458370462965369,228.779,0.4860000014305115,-2.540750008174653
229.03448300000002,,0.029009694853086763,229.249,0.4729999899864197,-2.569478530553668
229.5,,0.024097722046047983,229.714,0.4749999940395355,-2.5655277640414473
229.965517,,0.022346190463496392,230.178,0.5009999871253967,-2.50927732168075
230.431034,,0.022600606581114617,230.644,0.46700000762939453,-2.583721378105619
230.896552,,0.022226435714190345,231.108,0.4880000054836273,-2.538304628127691
231.362069,,0.020200249868314372,231.574,0.49799999594688416,-2.5168074816396406
231.827586,,0.016998284953549134,232.039,0.47699999809265137,-2.562793833456916
232.293103,,0.012793079838237516,232.504,0.4830000102519989,-2.5498955186039223
232.758621,,0.007730345102367496,232.964,0.4699999988079071,-2.5783257442741814
233.224138,,0.003497080293647063,233.429,0.5109999775886536,-2.4890395365485505
233.689655,,0.0023291790145992222,233.897,0.4740000069141388,-2.5696168082107347
234.155172,,0.0039518782292342815,234.36,0.4819999933242798,-2.552085478898275
234.62069,,0.005316299406508548,234.83,0.5019999742507935,-2.508344115828151
235.086207,,0.004129245059594019,235.292,0.4740000069141388,-2.5691163785871294
235.55172399999998,,0.001156937580859058,235.76,0.47999998927116394,-2.555760874000958
236.01724099999998,,0.0015916376588726588,236.223,0.46399998664855957,-2.5902910850769074
236.482759,,0.0032589194303193508,236.688,0.4790000021457672,-2.557248779366308
236.94827600000002,,0.003736320072801728,237.152,0.47200000286102295,-2.572113278166748
237.413793,,0.002548397518052626,237.618,0.47999998927116394,-2.5542860295795777
237.87931,,0.00016467198795567357,238.083,0.47699999809265137,-2.560423688754536
238.344828,,0.0023698989563448345,238.548,0.4950000047683716,-2.5208211034094217
238.810345,,0.0016912817152014306,239.015,0.49000000953674316,-2.5313499013903997
239.27586200000002,,0.0015387983903911125,239.474,0.46399998664855957,-2.5876640868383167
239.741379,,0.0040281071598637225,239.942,0.49000000953674316,-2.5307325746977463
240.206897,,0.002912211036441145,240.404,0.47699999809265137,-2.5588209187948427
240.672414,,0.0012518932581607532,240.875,0.5099999904632568,-2.486750187214273
241.137931,,0.005207556075380594,241.337,0.4790000021457672,-2.5541765461358925
241.603448,,0.006218009071358768,241.801,0.4869999885559082,-2.5367029207347027
242.068966,,0.00442410291942148,242.264,0.4830000102519989,-2.545441944772421
242.534483,,0.002258988629664978,242.729,0.46000000834465027,-2.5956439530858004
243.0,,0.0014765221139880398,243.199,0.4830000102519989,-2.545694352332004
243.465517,,0.0010579861551597751,243.665,0.4729999899864197,-2.567701395869288
243.93103399999998,,0.0011182354909886236,244.124,0.49000000953674316,-2.53093891907983
244.39655199999999,,0.0047270116195047675,244.589,0.4779999852180481,-2.5574029099650386
244.862069,,0.006506297543325005,245.056,0.492000013589859,-2.527257632227109
245.327586,,0.004011200366535484,245.522,0.49799999594688416,-2.514566218780563
245.793103,,0.0008829692915453791,245.987,0.4779999852180481,-2.558532673154647
246.258621,,0.0032556430055750364,246.453,0.49300000071525574,-2.526247890182058
246.724138,,0.00022514325897831608,246.916,0.4779999852180481,-2.559312448534139
247.18965500000002,,0.005652677343252658,247.386,0.46799999475479126,-2.5814624519423126
247.655172,,0.008633785236379561,247.849,0.4860000014305115,-2.542578466852205
248.12069,,0.00562503359711895,248.312,0.4790000021457672,-2.5581186202806405
248.586207,,0.0004014006267465008,248.775,0.4830000102519989,-2.5496426887523866
249.051724,,0.0030498172541454935,249.245,0.47600001096725464,-2.5650739576698647
249.517241,,0.0014404597049864293,249.711,0.47999998927116394,-2.556476883768766
249.982759,,0.010977965518057062,250.17,0.4699999988079071,-2.5783142359887092
250.44827600000002,,0.02019175190671903,250.635,0.48399999737739563,-2.5477959458852943
250.913793,,0.025171646516668582,251.1,0.4830000102519989,-2.5498894648046306
251.37931000000003,,0.025392463702488367,251.566,0.4959999918937683,-2.5214161355865703
251.844828,,0.022615496892783006,252.03,0.4740000069141388,-2.56913409935156
252.31034499999998,,0.01931827478680126,252.496,0.49000000953674316,-2.5340087219089646
252.77586200000002,,0.01724930430796411,252.96,0.46799999475479126,-2.5816256076670148
253.241379,,0.01604894253184427,253.426,0.4860000014305115,-2.542059637836195
253.706897,,0.013565063167278095,253.889,0.4729999899864197,-2.5700054939742727
254.172414,,0.008368778879832155,254.359,0.5049999952316284,-2.4998966128661197
254.63793099999998,,0.0018521173395311097,254.82,0.49000000953674316,-2.5321798447829313
255.10344800000001,,0.0025082956612800865,255.29,0.49000000953674316,-2.5317908865502585
255.56896600000002,,0.002062667577184337,255.753,0.48100000619888306,-2.5510294838435232
256.03448299999997,,0.002529268875998089,256.215,0.4830000102519989,-2.546334090473461
256.5,,0.007613407107062369,256.681,0.4620000123977661,-2.5917895169587104
256.965517,,0.009773994589161164,257.145,0.47999998927116394,-2.552328931953133
257.431034,,0.008812482259303797,257.611,0.46399998664855957,-2.587001042038866
257.896552,,0.007092039371953619,258.075,0.41499999165534973,-2.6936340027901617
258.362069,,0.006303500545408258,258.541,0.48899999260902405,-2.5323628752755396
258.827586,,0.005867451134412919,259.009,0.492000013589859,-2.5258450462719257
259.29310300000003,,0.004450568762297971,259.474,0.47600001096725464,-2.560788943378691
259.758621,,0.0019525460954223613,259.938,0.4690000116825104,-2.5761902836266635
260.224138,,0.0004373004037824284,260.401,0.4749999940395355,-2.563330290244623
260.689655,,0.0016280660593833195,260.864,0.4830000102519989,-2.546167233747885
261.155172,,0.0017606139251158553,261.334,0.4779999852180481,-2.5573725589042624
261.62068999999997,,0.001981670313405857,261.797,0.4880000054836273,-2.535934251511564
262.086207,,0.0028129940784344595,262.26,0.4880000054836273,-2.53630784841956
262.551724,,0.002829520003221634,262.725,0.4790000021457672,-2.556303364949403
263.017241,,0.00011184076620948625,263.196,0.4779999852180481,-2.558872479285262
263.482759,,0.004352997378877332,263.654,0.4519999921321869,-2.6158995102347737
263.94827599999996,,0.006120887414533343,264.119,0.503000020980835,-2.5051508183864013
264.413793,,0.0017579262839302343,264.585,0.48100000619888306,-2.553412063198846
264.87931,,0.006574400582921507,265.049,0.4970000088214874,-2.518842738251872
265.34482799999995,,0.012405138117564975,265.514,0.46399998664855957,-2.590977272277747
265.810345,,0.011126369072344664,265.979,0.47600001096725464,-2.565016145565627
266.27586199999996,,0.004336048476242023,266.444,0.47999998927116394,-2.556422712609068
266.741379,,0.0020255735212601307,266.912,0.47999998927116394,-2.556478351242178
267.206897,,0.003232236907969404,267.374,0.47200000286102295,-2.5738962145676973
267.672414,,0.0007507282121212212,267.845,0.46700000762939453,-2.584712071225998
268.137931,,0.006341146429981372,268.308,0.49000000953674316,-2.534462017827656
268.603448,,0.009808013284985408,268.771,0.4959999918937683,-2.521188757094711
269.06896600000005,,0.010041898221321684,269.241,0.515999972820282,-2.4773592391132864
269.53448299999997,,0.008859312124931936,269.699,0.4830000102519989,-2.548950425756343
270.0,,0.008641062788944314,270.164,0.46799999475479126,-2.5812888946730905
270.465517,,0.009726357431781294,270.629,0.49000000953674316,-2.532991304005279
270.931034,,0.010984308425762646,271.094,0.4880000054836273,-2.5369660201001616
271.396552,,0.012681785817064398,271.56,0.4819999933242798,-2.549651411150281
271.86206899999996,,0.016725157577851764,272.026,0.49799999594688416,-2.514414213168814
272.327586,,0.023363721838438885,272.492,0.47999998927116394,-2.5532701418506654
272.793103,,0.02978376941397976,272.957,0.4830000102519989,-2.5464045955645416
273.258621,,0.033473211827656606,273.422,0.47600001096725464,-2.5613660968449308
273.724138,,0.03541350789758738,273.89,0.4749999940395355,-2.5633051600248478
274.18965499999996,,0.03820472708209805,274.352,0.4860000014305115,-2.5391569174716917
274.655172,,0.04214229474651885,274.816,0.4819999933242798,-2.547750086253267
275.12069,,0.04499995712438968,275.286,0.47600001096725464,-2.5607657310476495
275.586207,,0.04503594494908829,275.744,0.4740000069141388,-2.5651339488106877
276.051724,,0.04234878157495323,276.209,0.46399998664855957,-2.586998396556023
276.517241,,0.037396691748129464,276.674,0.4790000021457672,-2.554461120980217
276.98275900000004,,0.029893221280963132,277.141,0.4729999899864197,-2.567735342252166
277.448276,,0.019735669003711417,277.607,0.49000000953674316,-2.530953652821399
277.913793,,0.008010736015593822,278.071,0.4050000011920929,-2.7164404651175817
278.37931,,0.0038036155065831675,278.537,0.4729999899864197,-2.5686324041080155
278.844828,,0.015437559743120244,279.002,0.460999995470047,-2.5951434004030234
279.31034500000004,,0.027795978196041755,279.467,0.5149999856948853,-2.4778774862430657
279.77586199999996,,0.04082885900459697,279.935,0.47999998927116394,-2.554512289464368
280.241379,,0.05196531447603634,280.397,0.46700000762939453,-2.5832065300420357
280.706897,,0.057594742885435916,280.86,0.5009999871253967,-2.5094832252902757
281.172414,,0.05609311729118907,281.33,0.4909999966621399,-2.5315877915766176
281.637931,,0.04870829271453588,281.793,0.4749999940395355,-2.5667220845980454
282.10344799999996,,0.0376418119772245,282.256,0.4779999852180481,-2.5604123448747074
282.568966,,0.024299979825240858,282.721,0.47600001096725464,-2.5649396074414064
283.034483,,0.009817988872614708,283.184,0.47699999809265137,-2.562869900449469
283.5,,0.0034981578097753674,283.65,0.4819999933242798,-2.5520213290931038
283.965517,,0.012385437873701806,284.115,0.47999998927116394,-2.55635780988224
284.431034,,0.01495654600599645,284.581,0.4830000102519989,-2.5497363621756466
284.89655200000004,,0.01278001540973755,285.046,0.49799999594688416,-2.516909134126695
285.362069,,0.009869221759091502,285.512,0.48399999737739563,-2.5472050959085726
285.827586,,0.008725688982862748,285.979,0.492000013589859,-2.529519814865418
286.293103,,0.007332711926255277,286.444,0.47699999809265137,-2.561900983472568
286.758621,,0.0008388898736921211,286.905,0.48100000619888306,-2.552854959277026
287.22413800000004,,0.013232712237770665,287.374,0.4659999907016754,-2.585181297393364
287.689655,,0.031714779298782476,287.838,0.4950000047683716,-2.5216359065961655
288.155172,,0.04811479476042129,288.3,0.47200000286102295,-2.5713800965049707
288.62069,,0.057959745317779525,288.764,0.47600001096725464,-2.5623119691775216
289.086207,,0.061428273187242276,289.234,0.49300000071525574,-2.524943435425313
289.55172400000004,,0.06113062029432082,289.7,0.49000000953674316,-2.531179246805894
290.01724099999996,,0.058490834443697085,290.16,0.4819999933242798,-2.5483487645708407
290.482759,,0.05297318469288803,290.625,0.48899999260902405,-2.5328869282711066
290.948276,,0.044126915928201664,291.09,0.47600001096725464,-2.5610528551528358
291.413793,,0.033010238161626564,291.556,0.48899999260902405,-2.5326334735517455
291.87931,,0.02122871354056853,292.02,0.4729999899864197,-2.5674571424676778
292.344828,,0.009649823153647858,292.486,0.4860000014305115,-2.539163102050905
292.81034500000004,,0.0011170251215159384,292.953,0.47200000286102295,-2.5697546661952555
293.275862,,0.009898380393641179,293.419,0.46799999475479126,-2.578619085432578
293.74137900000005,,0.01593361522352461,293.882,0.503000020980835,-2.502570284770045
294.206897,,0.020208144153536865,294.345,0.48899999260902405,-2.5333220589084733
294.672414,,0.024278922449076857,294.815,0.49799999594688416,-2.5140032305019324
295.13793100000004,,0.02772946885231804,295.278,0.4819999933242798,-2.549180209132706
295.603448,,0.028462986740790546,295.744,0.49000000953674316,-2.5320895043638236
296.068966,,0.026243029551933868,296.209,0.4830000102519989,-2.5476881848253394
296.534483,,0.02433267729694399,296.675,0.4880000054836273,-2.5371420221274015
297.0,,0.02602442870273237,297.135,0.46399998664855957,-2.5897654375933676
297.46551700000003,,0.030335902575410342,297.601,0.49900001287460327,-2.5138270990559093
297.931034,,0.032743094486966405,298.067,0.48899999260902405,-2.535896525482771
298.396552,,0.030000384636554845,298.533,0.4909999966621399,-2.5317817282371635
298.862069,,0.023221394122676927,298.998,0.43799999356269836,-2.6474461580146467
299.327586,,0.016463288409028796,299.464,0.4650000035762787,-2.5887677833926834
299.79310300000003,,0.013088077511719172,299.927,0.4819999933242798,-2.551820519831768
300.258621,,0.013279286636005753,300.389,0.49000000953674316,-2.5344217442317527
300.724138,,0.014432630483833506,300.856,0.4749999940395355,-2.567071571708799
301.189655,,0.01399288199420451,301.319,0.4869999885559082,-2.5408387297531907
301.65517200000005,,0.01219194914549239,301.79,0.4950000047683716,-2.5232639051007713
302.12069,,0.011688189967920206,302.252,0.46399998664855957,-2.5906046359419785
302.586207,,0.014114765646143293,302.718,0.48899999260902405,-2.5358958783386094
303.05172400000004,,0.017596773021753012,303.182,0.4699999988079071,-2.5770101827985843
303.517241,,0.018678320090605122,303.647,0.49000000953674316,-2.533128215855336
303.982759,,0.016260288744960827,304.112,0.4880000054836273,-2.5371568186932523
304.448276,,0.012185811450276933,304.577,0.47999998927116394,-2.5542475821196002
304.913793,,0.008099969487334293,305.042,0.4970000088214874,-2.516872708207539
305.37931000000003,,0.00360384090792499,305.507,0.47200000286102295,-2.571012184439213
305.844828,,0.001878794542762978,305.972,0.4880000054836273,-2.535848382893794
306.310345,,0.006986103330984536,306.437,0.5040000081062317,-2.5007148447102088
306.775862,,0.00950046384349367,306.901,0.47999998927116394,-2.5527655289813116
307.241379,,0.009110291725316222,307.37,0.4950000047683716,-2.519894561261944
307.70689699999997,,0.007983740968731225,307.834,0.4729999899864197,-2.567685533086139
308.172414,,0.008261626856454339,308.297,0.49900001287460327,-2.510957373430468
308.637931,,0.009660739731024574,308.76,0.49000000953674316,-2.5305401886090175
309.103448,,0.010209101336004282,309.23,0.4819999933242798,-2.5480032652543763
309.568966,,0.008874642464514903,309.689,0.4880000054836273,-2.5350233136404428
310.034483,,0.006564765824271839,310.157,0.4690000116825104,-2.576565106952658
310.5,,0.004719846588755764,310.622,0.4970000088214874,-2.5157613665871326
310.96551700000003,,0.003817631400697326,311.087,0.4880000054836273,-2.535611899302788
311.431034,,0.00336410858073731,311.552,0.44699999690055847,-2.6252165097777564
311.896552,,0.0026995292204740518,312.019,0.46799999475479126,-2.579774761175895
312.362069,,0.0015573712828573073,312.485,0.4779999852180481,-2.5583182234983655
312.827586,,0.0002097684389468885,312.953,0.4790000021457672,-2.55647844341906
313.29310300000003,,0.0006952365447644724,313.411,0.4779999852180481,-2.5589942248412973
313.758621,,0.0006959490634144695,313.875,0.45399999618530273,-2.611607018123135
314.224138,,0.00013289299424498592,314.345,0.5040000081062317,-2.502977733748552
314.689655,,5.199913925312235e-05,314.805,0.4779999852180481,-2.5598934289419137
315.155172,,0.0014389000838187552,315.275,0.4860000014305115,-2.5426939726683813
315.62068999999997,,0.004712567925738815,315.74,0.47200000286102295,-2.5733771469020215
316.086207,,0.009758834629861886,316.204,0.4779999852180481,-2.560434309939977
316.551724,,0.01589816131848912,316.67,0.48100000619888306,-2.5539702606038546
317.017241,,0.021750619550117794,317.13,0.4819999933242798,-2.5518040550432604
317.482759,,0.025805429201130537,317.596,0.4699999988079071,-2.5779005032541815
317.94827599999996,,0.027904792218350065,318.06,0.4620000123977661,-2.595224683558979
318.413793,,0.03021948028066508,318.525,0.4970000088214874,-2.5188124950184307
318.87931000000003,,0.03566880458063134,318.991,0.4779999852180481,-2.559997097457368
319.344828,,0.04413881080672645,319.456,0.47600001096725464,-2.564100894587568
319.810345,,0.05056280970995715,319.919,0.46799999475479126,-2.581241521172727
320.275862,,0.04817286161427502,320.389,0.46700000762939453,-2.5831057469635583
320.741379,,0.03418439778089875,320.852,0.5049999952316284,-2.4999861855399392
321.20689699999997,,0.011853081252763657,321.315,0.48100000619888306,-2.5519356556161683
321.672414,,0.012877161347438998,321.783,0.49399998784065247,-2.5232784917220594
322.137931,,0.036006079774202816,322.245,0.47600001096725464,-2.562173458572676
322.603448,,0.05668828767567032,322.71,0.47999998927116394,-2.553162738303361
323.068966,,0.07453480526108765,323.177,0.49399998784065247,-2.522399195581489
323.53448299999997,,0.08691245710763111,323.643,0.49799999594688416,-2.5134634119179675
324.0,,0.09019763879292597,324.108,0.4779999852180481,-2.556863482588623
324.465517,,0.08364936912942085,324.573,0.47099998593330383,-2.5719956220971865
324.931034,,0.07053607948800454,325.038,0.4860000014305115,-2.539256130334937
325.396552,,0.05498415192383335,325.504,0.47999998927116394,-2.552328648497029
325.86206899999996,,0.03921940740910529,325.968,0.4869999885559082,-2.5371388878395487
326.327586,,0.0245330267227513,326.434,0.48100000619888306,-2.550329849011775
326.793103,,0.012953357633018728,326.897,0.4819999933242798,-2.5483250741519328
327.258621,,0.005855146339778653,327.359,0.4959999918937683,-2.518047016260748
327.724138,,0.0015407772556676547,327.83,0.48899999260902405,-2.533562443606059
328.189655,,0.003560884327399152,328.293,0.4819999933242798,-2.549111638602902
328.655172,,0.010605323556162664,328.757,0.48899999260902405,-2.5341845011373416
329.12068999999997,,0.01661542188839442,329.219,0.492000013589859,-2.5279864213318994
329.586207,,0.017975351242264185,329.685,0.4790000021457672,-2.5566507880858733
330.051724,,0.014793887453707466,330.152,0.47999998927116394,-2.554807813584001
330.517241,,0.010810075440959488,330.618,0.48899999260902405,-2.5355189117247527
330.982759,,0.009393919688921129,331.083,0.48399999737739563,-2.5467041540048383
331.44827599999996,,0.010616984087815319,331.549,0.46299999952316284,-2.5927121003655387
331.913793,,0.01221187766927954,332.009,0.49000000953674316,-2.5341014791422327
332.37931,,0.012383862133619894,332.475,0.4779999852180481,-2.5604077218381427
332.844828,,0.011179200589075549,332.95,0.4819999933242798,-2.5517996474123654
333.310345,,0.00984400372005109,333.408,0.47999998927116394,-2.556204280484731
333.77586199999996,,0.009651902912295313,333.871,0.4779999852180481,-2.5605481038139177
334.241379,,0.011038752684681274,334.334,0.4950000047683716,-2.523436781077894
334.706897,,0.01317776908301968,334.805,0.4339999854564667,-2.6562021185833924
335.17241399999995,,0.01447719990281674,335.267,0.4690000116825104,-2.579764226144504
335.637931,,0.013920874100712317,335.733,0.492000013589859,-2.529422337480648
336.103448,,0.011966215931840688,336.196,0.48100000619888306,-2.5531124327926302
336.56896600000005,,0.010138946368258107,336.661,0.4699999988079071,-2.576768981002288
337.034483,,0.00976471410878488,337.127,0.47999998927116394,-2.5546502343573594
337.5,,0.010664802207252182,337.593,0.47200000286102295,-2.5717336526330694
337.965517,,0.010942193294021801,338.06,0.503000020980835,-2.5038464649613705
338.431034,,0.0089092372265038,338.526,0.4950000047683716,-2.520933348436035
338.89655200000004,,0.005729015200395137,338.99,0.47200000286102295,-2.5707174404525963
339.36206899999996,,0.0050172871397202185,339.449,0.4779999852180481,-2.5573493355917623
339.827586,,0.00859161550901545,339.919,0.4959999918937683,-2.5178752039882357
340.293103,,0.013340756236071229,340.381,0.47699999809265137,-2.559056697853776
340.758621,,0.014065905098041915,340.849,0.47200000286102295,-2.5697900177765067
341.224138,,0.009544967228644612,341.311,0.46399998664855957,-2.5871181579643783
341.68965499999996,,0.004093679477023499,341.779,0.47999998927116394,-2.552220989277612
342.155172,,0.0023992646789855756,342.241,0.4860000014305115,-2.539173490850752
342.62069,,0.004283639893004987,342.707,0.4819999933242798,-2.5479747567726947
343.086207,,0.005781682615720845,343.17,0.4620000123977661,-2.591694534854484
343.551724,,0.0042791978632211744,343.635,0.48399999737739563,-2.543967371394825
344.01724099999996,,0.0009064390969822411,344.102,0.4690000116825104,-2.57690012433568
344.48275900000004,,0.0018362194502997168,344.567,0.47600001096725464,-2.56194488852138
344.948276,,0.0030711545167977127,345.034,0.47699999809265137,-2.560094765265383
345.413793,,0.0034474886599289087,345.499,0.47699999809265137,-2.560446137594199
345.87931,,0.0033165721892708996,345.964,0.4819999933242798,-2.549916134303036
346.344828,,0.002648999021795487,346.43,0.4339999854564667,-2.6548558043927892
346.81034500000004,,0.002553783128050348,346.893,0.46700000762939453,-2.5833157466884846
347.275862,,0.004869944283557234,347.356,0.4790000021457672,-2.5575065270578694
347.741379,,0.009175531923338899,347.819,0.48500001430511475,-2.5447364886633523
348.206897,,0.011695572648919274,348.289,0.4779999852180481,-2.5602463301247433
348.672414,,0.009183540899323092,348.749,0.47699999809265137,-2.562633360313044
349.13793100000004,,0.0035289303273347977,349.219,0.48500001430511475,-2.5453549648279012
349.60344799999996,,0.0003473869399232011,349.684,0.4749999940395355,-2.5672296876399527
350.068966,,0.00238176189857913,350.149,0.48100000619888306,-2.5541803970545236
350.534483,,0.006231409835099542,350.614,0.5130000114440918,-2.4844190881695494
351.0,,0.006804015838937414,351.079,0.5019999742507935,-2.5082727032212233
351.465517,,0.003270135470225303,351.545,0.47600001096725464,-2.564742445273649
351.93103399999995,,0.001102197070577256,352.004,0.4790000021457672,-2.5579745152564706
352.396552,,0.003620832590208493,352.47,0.46799999475479126,-2.581658511923485
352.862069,,0.004313642385011513,352.938,0.4790000021457672,-2.5573719470465086
353.32758600000005,,0.003859606040763805,353.401,0.45100000500679016,-2.618022823662547
353.793103,,0.002000019004867113,353.864,0.48399999737739563,-2.5457574388751882
354.258621,,0.0010141123675476683,354.334,0.4830000102519989,-2.5475582840283097
354.72413800000004,,0.003240734199890357,354.797,0.4699999988079071,-2.5755066769178105
355.189655,,0.0030221178762173608,355.259,0.4869999885559082,-2.5381112373300576
355.655172,,0.001359177745411587,355.726,0.4970000088214874,-2.515992639819105
356.12069,,0.0008212520886953156,356.196,0.4819999933242798,-2.548376817306927
356.586207,,0.002503460762782902,356.654,0.4729999899864197,-2.5677355028453985
357.05172400000004,,0.0053299100325656,357.119,0.4909999966621399,-2.528325347918309
357.517241,,0.007881639283642073,357.585,0.4729999899864197,-2.567407443391612
357.982759,,0.009416692573592182,358.049,0.46399998664855957,-2.586947457523732
358.448276,,0.009297582476251301,358.514,0.46700000762939453,-2.5804123641931014
358.913793,,0.007023244086264049,358.979,0.4790000021457672,-2.5543382230481684
359.37931000000003,,0.0032272877423528733,359.445,0.5070000290870667,-2.493471320925662
359.844828,,0.00043460000877872405,359.915,0.45899999141693115,-2.598243148331894
360.310345,,0.0028939709039772035,360.378,0.46799999475479126,-2.5788882310989734
360.775862,,0.004438354070266726,360.841,0.47600001096725464,-2.5617608987393607
361.241379,,0.0054079182950579315,361.304,0.4860000014305115,-2.5403152501631956
361.706897,,0.00502688431590313,361.775,0.4749999940395355,-2.5646491991540836
362.172414,,0.0026302446720573407,362.238,0.47600001096725464,-2.5628559319443136
362.63793100000004,,0.0005681626434457682,362.703,0.4749999940395355,-2.5654247489955018
363.103448,,0.002419126678329444,363.167,0.4790000021457672,-2.5570926310264395
363.568966,,0.002263315547104393,363.633,0.5040000081062317,-2.5029885641181147
364.034483,,0.001059113433600834,364.097,0.5659999847412109,-2.3682405880402686
364.5,,0.00035974876789563967,364.563,0.4790000021457672,-2.5580657981364254
364.96551700000003,,0.0015649711593920554,365.027,0.49000000953674316,-2.534330983797596
365.431034,,0.001640570763434749,365.493,0.49399998784065247,-2.525788323682482
365.896552,,0.00011176868695524345,365.96,0.47600001096725464,-2.565112032208721
366.362069,,0.002525156605607069,366.425,0.47200000286102295,-2.5738682217511197
366.827586,,0.003066872990798381,366.886,0.46700000762939453,-2.584735816020133
367.29310300000003,,0.00039092892671131036,367.349,0.49000000953674316,-2.534534617110062
367.758621,,0.004333539433158013,367.82,0.49000000953674316,-2.534377780962066
368.224138,,0.008691801048910494,368.283,0.4749999940395355,-2.566840814493279
368.689655,,0.010850086963462189,368.753,0.4699999988079071,-2.5774647519497127
369.155172,,0.010172408141244949,369.215,0.47999998927116394,-2.55536501664567
369.62068999999997,,0.0071519104385181255,369.681,0.4950000047683716,-2.522337120883544
370.086207,,0.0032045478105500146,370.145,0.48899999260902405,-2.5350361775194945
370.55172400000004,,0.00020079671241455353,370.61,0.4729999899864197,-2.569508752013328
371.017241,,0.0026139009097421173,371.075,0.4830000102519989,-2.54733593252892
371.482759,,0.004352602287926966,371.534,0.48100000619888306,-2.5513184427110773
371.948276,,0.0052203781768655555,372.001,0.48100000619888306,-2.5509666566068496
372.413793,,0.004420459246696634,372.466,0.45399999618530273,-2.6094729063555095
372.87931000000003,,0.0021868130365443393,372.934,0.4650000035762787,-2.5852355897725463
373.344828,,0.000621170157474935,373.396,0.48899999260902405,-2.5327290862789718
373.810345,,0.0018387106487801814,373.86,0.4729999899864197,-2.5674277000838144
374.275862,,0.005370545236053714,374.33,0.47699999809265137,-2.558617471422714
374.741379,,0.0082427542968782,374.79,0.46700000762939453,-2.580375769785481
375.20689699999997,,0.007860510079849522,375.26,0.4740000069141388,-2.5651655052578133
375.672414,,0.004404329561134136,375.719,0.4860000014305115,-2.539128869814097
376.137931,,0.000342232826037153,376.189,0.47200000286102295,-2.5698002863498877
376.603448,,0.002003200862728147,376.655,0.4779999852180481,-2.5569568241685325
377.068966,,0.0022021346716970336,377.12,0.5009999871253967,-2.507126852651484
377.53448299999997,,0.0013318363398014128,377.586,0.49799999594688416,-2.5139827511402335
378.0,,0.0005647994505306748,378.045,0.503000020980835,-2.5034401380951055
378.465517,,0.0006589950756533691,378.511,0.4429999887943268,-2.6345307833602982
378.931034,,0.0021700514264304327,378.975,0.503000020980835,-2.504193940375793
379.396552,,0.004915970680252887,379.441,0.5120000243186951,-2.4849658082687007
379.862069,,0.0072639935978378554,379.908,0.4729999899864197,-2.5702980939906444
380.327586,,0.007052395178465807,380.371,0.48399999737739563,-2.5466729436763633
380.79310300000003,,0.003596518930212871,380.834,0.47999998927116394,-2.5556927108620373
381.258621,,0.001569780768123857,381.304,0.4690000116825104,-2.579918952733363
381.724138,,0.005913332721692086,381.768,0.49000000953674316,-2.5343766034715642
382.189655,,0.007709852918687975,382.23,0.4880000054836273,-2.538884398013289
382.655172,,0.007038667028537046,382.695,0.47200000286102295,-2.5738298873859433
383.12068999999997,,0.005505849525542644,383.16,0.47099998593330383,-2.576030294131889
383.586207,,0.004958682260967663,383.626,0.47999998927116394,-2.55637830381519
384.051724,,0.005916600213699355,384.093,0.47200000286102295,-2.5736986393387995
384.517241,,0.006874413321205431,384.559,0.4880000054836273,-2.5386698621110977
384.982759,,0.005524217237986344,385.024,0.47600001096725464,-2.5645866528493633
385.44827599999996,,0.0012464795992311337,385.489,0.4830000102519989,-2.5490594392795956
385.913793,,0.003830113041316354,385.949,0.46700000762939453,-2.583600162979575
386.37931,,0.006890724882391847,386.415,0.47600001096725464,-2.563643610021143
386.84482799999995,,0.007455170143034907,386.879,0.4830000102519989,-2.5480237663557994
387.310345,,0.0076879557231685,387.349,0.4860000014305115,-2.54110867958232
387.775862,,0.009654694541487457,387.812,0.48899999260902405,-2.534194973280628
388.241379,,0.012884925530167984,388.274,0.46399998664855957,-2.5882966337998723
388.70689699999997,,0.014926197116162034,388.74,0.4880000054836273,-2.5356691767677875
389.172414,,0.013961959795768898,389.204,0.49300000071525574,-2.5244707045615127
389.637931,,0.01058138045174729,389.67,0.4830000102519989,-2.545995421740439
390.103448,,0.007092432339566199,390.135,0.46799999475479126,-2.57846551565622
390.56896600000005,,0.005363157091714109,390.601,0.4699999988079071,-2.5739577716694
391.03448299999997,,0.005400782407724205,391.067,0.4650000035762787,-2.5847647485332774
391.5,,0.005873927121171346,391.533,0.47600001096725464,-2.560780110740681
391.965517,,0.005811479565135052,391.997,0.4819999933242798,-2.5477557217736426
392.431034,,0.005682353347686223,392.462,0.49399998784065247,-2.5217242534894972
392.896552,,0.0068659055311338325,392.931,0.48399999737739563,-2.543684085887892
393.36206899999996,,0.010254300606623024,393.393,0.4650000035762787,-2.58530806296763
393.827586,,0.015421436631696818,393.856,0.4259999990463257,-2.6705559938147387
394.293103,,0.020872802341308946,394.319,0.47200000286102295,-2.570662047687816
394.75862099999995,,0.02492522711120943,394.787,0.46399998664855957,-2.588447725083381
395.224138,,0.02666140304075333,395.256,0.4880000054836273,-2.5365370598416552
395.68965499999996,,0.026336566887964045,395.714,0.48100000619888306,-2.5521728120489473
396.155172,,0.02459585604546542,396.186,0.47600001096725464,-2.563447532348747
396.62069,,0.02088703703893943,396.644,0.4869999885559082,-2.539848559720035
397.086207,,0.01282496539391653,397.115,0.47999998927116394,-2.5554384067770144
397.551724,,0.0020680286289074816,397.574,0.4779999852180481,-2.560097873444426
398.017241,,0.023246648802548567,398.041,0.492000013589859,-2.529852417423701
398.48275900000004,,0.04583875917872943,398.507,0.49399998784065247,-2.525696065216141
398.94827599999996,,0.06328937986089525,398.972,0.4909999966621399,-2.532371696437565
399.413793,,0.07187659366874645,399.438,0.4690000116825104,-2.580376762245628
399.87931,,0.0723619848733123,399.901,0.47999998927116394,-2.556420097347567
400.344828,,0.06718461224852901,400.37,0.4880000054836273,-2.538932623421987
400.810345,,0.05727556772342761,400.831,0.4729999899864197,-2.571489163329918
401.27586199999996,,0.042806743026353795,401.3,0.49000000953674316,-2.5342678614817196
401.741379,,0.026094881305582112,401.764,0.47200000286102295,-2.573244103266561
402.206897,,0.01138538701662349,402.226,0.4790000021457672,-2.5577065471479923
402.672414,,0.0010270375642640827,402.692,0.47600001096725464,-2.563916939987916
403.137931,,0.00650993291907134,403.157,0.48399999737739563,-2.5461336084719943
403.60344799999996,,0.013610574471374858,403.622,0.4779999852180481,-2.5588335177842216
404.068966,,0.019565644791842963,404.09,0.4779999852180481,-2.558455180784515
404.534483,,0.021048476367816708,404.556,0.47999998927116394,-2.5537249064180796
405.0,,0.01608203841155259,405.015,0.503000020980835,-2.5032592364832373
405.465517,,0.006214982310411268,405.481,0.47099998593330383,-2.572646345696565
405.931034,,0.005163473698857358,405.953,0.4569999873638153,-2.6028557425615717
406.39655200000004,,0.015339770056402711,406.411,0.49900001287460327,-2.511108026158435
406.862069,,0.022654037009527554,406.875,0.49399998784065247,-2.521810439135521
407.327586,,0.02563708144494081,407.345,0.4699999988079071,-2.5739662476478893
407.793103,,0.02337488837861789,407.808,0.46399998664855957,-2.5869706374759307
408.258621,,0.016990863620582178,408.271,0.4830000102519989,-2.545575240314571
408.72413800000004,,0.009648098337074622,408.736,0.49000000953674316,-2.5303894006380006
409.18965499999996,,0.004068614299788733,409.2,0.3869999945163727,-2.754919927293283
409.655172,,0.0001985692898374177,409.666,0.47699999809265137,-2.559033931440763
410.12069,,0.004014880844639518,410.13,0.492000013589859,-2.5266015539670597
410.586207,,0.009636754570776777,410.596,0.4699999988079071,-2.5748245121428033
411.05172400000004,,0.01535832739773809,411.06,0.48399999737739563,-2.5446523593555384
411.51724099999996,,0.019286721826788776,411.526,0.4729999899864197,-2.568972511296827
411.982759,,0.02119365526217113,411.991,0.4560000002384186,-2.6063799555215406
412.448276,,0.02236864206819449,412.456,0.4790000021457672,-2.5566457512681007
412.913793,,0.0238451384578515,412.919,0.44600000977516174,-2.628908609677581
413.37931,,0.025304498635160648,413.389,0.4259999990463257,-2.672831541419662
413.844828,,0.025448316080540653,413.849,0.49300000071525574,-2.5271836519675452
414.31034500000004,,0.023506624154510363,414.319,0.48100000619888306,-2.553608791198764
414.775862,,0.02076425299488714,414.782,0.49000000953674316,-2.5342323230279353
415.241379,,0.020086299803805323,415.245,0.492000013589859,-2.53004913129392
415.706897,,0.023313651869631972,415.711,0.4880000054836273,-2.538875133307747
416.172414,,0.029647882704930673,416.177,0.46799999475479126,-2.582494008396812
416.63793100000004,,0.036955348784955606,416.643,0.4779999852180481,-2.5606873233004848
417.103448,,0.043860112372377615,417.108,0.46700000762939453,-2.584567207545336
417.568966,,0.05035825692513619,417.573,0.4650000035762787,-2.588777479241264
418.034483,,0.057421895889421606,418.038,0.47999998927116394,-2.5558937286610206
418.5,,0.06612193782505994,418.503,0.4749999940395355,-2.5665320597517596
418.96551700000003,,0.07582750198218659,418.968,0.47200000286102295,-2.572770330008465
419.43103399999995,,0.082852720857767,419.433,0.4690000116825104,-2.5789755661441762
419.896552,,0.08194579793921929,419.897,0.4790000021457672,-2.556835805067775
420.362069,,0.06963618381330582,420.359,0.47999998927116394,-2.554292085772022
420.827586,,0.045796255041908276,420.827,0.4909999966621399,-2.529961055933473
421.293103,,0.012684845774680547,421.289,0.47600001096725464,-2.562285437712993
421.758621,,0.02577606358817747,421.76,0.47200000286102295,-2.570666828047685
422.22413800000004,,0.06355930196305293,422.223,0.46399998664855957,-2.5877959205055907
422.689655,,0.09330096418238262,422.688,0.49900001287460327,-2.5112851415116575
423.15517200000005,,0.109420669454188,423.152,0.4779999852180481,-2.556828190975662
423.62069,,0.11117027829515473,423.618,0.492000013589859,-2.526174048130931
424.086207,,0.10272621144063757,424.085,0.47699999809265137,-2.5587613207642725
424.55172400000004,,0.0901166105793122,424.544,0.4830000102519989,-2.545660374664558
425.017241,,0.07733464513138173,425.009,0.47600001096725464,-2.560946363933234
425.482759,,0.06465067422306767,425.475,0.49000000953674316,-2.5305438684622272
425.948276,,0.05039133121790765,425.95,0.46399998664855957,-2.587347438705175
426.413793,,0.034256169299386144,426.408,0.46700000762939453,-2.5810257217244086
426.87931000000003,,0.01876410135001796,426.871,0.48399999737739563,-2.544251853851897
427.344828,,0.00748381790562164,427.334,0.4880000054836273,-2.5358401275342133
427.810345,,0.0019778308352225785,427.805,0.49000000953674316,-2.5318153514488175
428.275862,,0.0005871800493747436,428.267,0.4729999899864197,-2.5692042814695
428.741379,,0.00026726875004309174,428.733,0.4749999940395355,-2.5652076352501325
429.20689699999997,,0.0007415241031862164,429.196,0.47999998927116394,-2.5546726896807095
429.672414,,0.0025458144498385583,429.661,0.4819999933242798,-2.550659793372071
430.137931,,0.00515257323510861,430.126,0.5099999904632568,-2.489976667441209
430.603448,,0.008705862749024063,430.592,0.492000013589859,-2.529475276202449
431.068966,,0.012024529424811616,431.056,0.5,-2.5122842363549642
431.534483,,0.012755562765506143,431.521,0.492000013589859,-2.5298995486726223
432.0,,0.01000275815781089,431.986,0.4790000021457672,-2.5583509357454477
432.46551700000003,,0.005731164168439167,432.452,0.48899999260902405,-2.53663278666103
432.931034,,0.0027033015423404204,432.915,0.49000000953674316,-2.534459758962769
433.396552,,0.001775020648771911,433.385,0.4909999966621399,-2.532223942180923
433.862069,,0.001890866617723353,433.846,0.4490000009536743,-2.6236099048152104
434.327586,,0.002019776764402844,434.309,0.46799999475479126,-2.5820432651272403
434.79310300000003,,0.002135441502846629,434.779,0.4860000014305115,-2.5426055074567873
435.258621,,0.0024365157004835156,435.241,0.492000013589859,-2.5292676919870374
435.724138,,0.002592110125679379,435.706,0.48399999737739563,-2.5463951636719613
436.189655,,0.002475412505701159,436.17,0.4909999966621399,-2.530816542395233
436.655172,,0.003289101598835089,436.636,0.48100000619888306,-2.552258980506696
437.12068999999997,,0.006796035088719809,437.1,0.49000000953674316,-2.5323019830745395
437.586207,,0.012782311915670797,437.566,0.492000013589859,-2.5276011313745417
438.051724,,0.018035725250011465,438.031,0.47600001096725464,-2.5621323484591483
438.517241,,0.019060281213950297,438.497,0.47200000286102295,-2.5705469678186064
438.982759,,0.015969465945073192,438.964,0.47600001096725464,-2.5615692061042417
439.448276,,0.012807957046300226,439.429,0.48500001430511475,-2.5417429127708884
439.913793,,0.013350189191689935,439.89,0.4690000116825104,-2.576434124233184
440.37931000000003,,0.016876311130605875,440.36,0.48899999260902405,-2.532750358027614
440.844828,,0.018881666888067875,440.823,0.492000013589859,-2.52616265796596
441.310345,,0.016164091346988957,441.285,0.44699999690055847,-2.62421108827875
441.775862,,0.010495156502296682,441.756,0.47999998927116394,-2.5523862581133487
442.241379,,0.006625662973398776,442.219,0.4959999918937683,-2.51765671451757
442.70689699999997,,0.0070779860310341775,442.685,0.4560000002384186,-2.604985062480561
443.172414,,0.00974476218985426,443.145,0.46399998664855957,-2.58778697402721
443.637931,,0.01059903562860642,443.61,0.4749999940395355,-2.5640943766165347
444.103448,,0.007968511391364513,444.075,0.4790000021457672,-2.5556844340099323
444.568966,,0.003747478345228668,444.541,0.47999998927116394,-2.553832501200073
445.03448299999997,,0.0008700211983816859,445.009,0.49000000953674316,-2.532383997519317
445.5,,0.0002913373141186939,445.474,0.4749999940395355,-2.5654023575409295
445.965517,,0.0006766320706682966,445.938,0.4749999940395355,-2.565731234573664
446.431034,,0.0005419181992382088,446.401,0.47200000286102295,-2.5725763768876027
446.896552,,0.00015654521720545134,446.864,0.47200000286102295,-2.5728564022745464
447.36206899999996,,0.0007650448339737822,447.334,0.46399998664855957,-2.5905279805598362
447.827586,,0.0014601858003340854,447.797,0.492000013589859,-2.529722700373743
448.29310300000003,,0.003170057572010933,448.26,0.4819999933242798,-2.5516540480280776
448.758621,,0.0059993807619942285,448.725,0.4860000014305115,-2.5430275040921937
449.224138,,0.008515125946143457,449.195,0.47200000286102295,-2.5735576685500225
449.689655,,0.009185095540157255,449.654,0.4779999852180481,-2.560455558351415
450.155172,,0.008157576412664399,450.119,0.4519999921321869,-2.6170125551937082
450.62068999999997,,0.006861355030622161,450.585,0.47600001096725464,-2.56458284585809
451.086207,,0.006093838113038151,451.049,0.45500001311302185,-2.6101428047094672
451.551724,,0.005558064026282783,451.515,0.4959999918937683,-2.5205827182507776
452.017241,,0.005283386156234777,451.982,0.4779999852180481,-2.559525773564695
452.482759,,0.006153281268831445,452.448,0.48899999260902405,-2.535259208566518
452.94827599999996,,0.008386940530557208,452.911,0.4880000054836273,-2.5371171706644464
453.413793,,0.010494444994117658,453.374,0.4699999988079071,-2.576003292587563
453.87931,,0.010725616750786232,453.842,0.4699999988079071,-2.57567591434552
454.344828,,0.009230024235746596,454.304,0.4880000054836273,-2.536145361303224
454.810345,,0.007923762193805514,454.775,0.4729999899864197,-2.5685323108717086
455.27586199999996,,0.008019901649163956,455.237,0.4779999852180481,-2.5573775903224374
455.741379,,0.008255795088264935,455.703,0.47999998927116394,-2.5527983581069407
456.206897,,0.00615860040931401,456.167,0.3100000023841858,-2.922996231813443
456.672414,,0.0010509193729047132,456.633,0.4790000021457672,-2.554689877460694
457.137931,,0.004660561181840347,457.098,0.47999998927116394,-2.5524545132848644
457.603448,,0.00748651396452855,457.564,0.4959999918937683,-2.5175950728668277
458.06896600000005,,0.006091517564275229,458.024,0.48899999260902405,-2.532899344621129
458.53448299999997,,0.002359312673207933,458.49,0.4860000014305115,-2.5395416904718653
459.0,,0.0007512352327375846,458.956,0.4690000116825104,-2.576734672796737
459.465517,,0.0019903864897405973,459.422,0.45899999141693115,-2.5987224057696157
459.931034,,0.002119429499442255,459.89,0.4779999852180481,-2.557568265240838
460.39655200000004,,0.0019853212297731796,460.352,0.47600001096725464,-2.5621964218939786
460.86206899999996,,0.001342191749610926,460.816,0.47600001096725464,-2.5624891136672265
461.327586,,0.00023840942111074035,461.285,0.49000000953674316,-2.532292983473733
461.793103,,0.002184457202108406,461.744,0.47600001096725464,-2.563101433478004
462.258621,,0.0032975230009949902,462.21,0.4860000014305115,-2.541615224085029
462.724138,,0.0029841787981406053,462.675,0.4690000116825104,-2.5789363259223754
463.18965499999996,,0.0017658932774211266,463.142,0.4970000088214874,-2.518193291677905
463.655172,,0.001018890409216671,463.608,0.5789999961853027,-2.339768165851422
464.12069,,0.002438121681531313,464.075,0.4860000014305115,-2.542563094453384
464.58620699999994,,0.00671229602991223,464.534,0.47200000286102295,-2.5731983290108404
465.051724,,0.011919087894711885,465.002,0.4749999940395355,-2.566748788308764
465.517241,,0.014408777692334614,465.467,0.4699999988079071,-2.5776788436150135
465.98275900000004,,0.012737233032109182,465.93,0.45899999141693115,-2.6016310651195234
466.448276,,0.009983955564767263,466.4,0.47200000286102295,-2.5732471500102005
466.913793,,0.010608169624979291,466.86,0.4869999885559082,-2.540459340032933
467.37931,,0.01532471375370776,467.33,0.49000000953674316,-2.5337715381339736
467.844828,,0.02041472939908664,467.793,0.4950000047683716,-2.5226874119489504
468.31034500000004,,0.021960719782954562,468.256,0.47600001096725464,-2.5638581460606953
468.77586199999996,,0.019470019137398285,468.721,0.503000020980835,-2.504785645812932
469.241379,,0.014888656873029258,469.184,0.4790000021457672,-2.556806690363195
469.706897,,0.009063308717428512,469.65,0.48399999737739563,-2.545637955135484
470.172414,,0.0006239497248900636,470.115,0.4779999852180481,-2.5584344283480593
470.63793100000004,,0.011229066904330448,470.581,0.46000000834465027,-2.5973836299795883
471.10344799999996,,0.02395310508921004,471.046,0.4779999852180481,-2.557919127410152
471.568966,,0.032929654800062984,471.512,0.5019999742507935,-2.505406927566093
472.034483,,0.0354941210632243,471.979,0.46399998664855957,-2.5880012325908357
472.5,,0.03308967506059629,472.444,0.4909999966621399,-2.5290197109568617
472.965517,,0.029390280740832525,472.905,0.4699999988079071,-2.5746542412025297
473.43103399999995,,0.026655449021385957,473.375,0.5289999842643738,-2.4460400121099144
473.89655200000004,,0.02401148941685383,473.838,0.4779999852180481,-2.557121197003704
474.362069,,0.019074459619206917,474.3,0.4790000021457672,-2.554957816075824
474.827586,,0.010936225519440589,474.768,0.4749999940395355,-2.56373299156254
475.293103,,0.0013775638842274745,475.231,0.49000000953674316,-2.5311565325501255
475.758621,,0.006727272426981811,475.697,0.46399998664855957,-2.587943878322091
476.22413800000004,,0.011984269700388572,476.163,0.48399999737739563,-2.54454788598075
476.689655,,0.01549788289529702,476.629,0.48100000619888306,-2.551289378782134
477.155172,,0.019495986526054183,477.093,0.4779999852180481,-2.5580526108771826
477.62069,,0.0249068022799639,477.559,0.4830000102519989,-2.547401034140941
478.086207,,0.030060866291057444,478.019,0.48500001430511475,-2.5432921372491353
478.55172400000004,,0.031746479193036914,478.485,0.47699999809265137,-2.560968696818303
479.01724099999996,,0.027956362501434153,478.949,0.47600001096725464,-2.5633862258252607
479.482759,,0.020062164479309388,479.415,0.46700000762939453,-2.5832176368415714
479.948276,,0.012142414458272601,479.886,0.45899999141693115,-2.60084884687684
480.413793,,0.007442592799421978,480.348,0.49000000953674316,-2.5334849490060725
480.87931000000003,,0.0050751072775032605,480.812,0.47999998927116394,-2.5554120999110133
481.344828,,0.0007137924213061482,481.274,0.47999998927116394,-2.5555148361711306
481.810345,,0.008772578466269214,481.74,0.4749999940395355,-2.5664704180130467
482.275862,,0.021653887302228187,482.204,0.4779999852180481,-2.5599550691601327
482.74137900000005,,0.03288694107133727,482.67,0.4650000035762787,-2.588256310222654
483.206897,,0.03875546742976398,483.134,0.4650000035762787,-2.588194934897532
483.672414,,0.039051268552877216,483.6,0.48899999260902405,-2.5358078900854113
484.13793100000004,,0.03548768072983807,484.067,0.5090000033378601,-2.492099470056312
484.603448,,0.029757661665931075,484.533,0.4869999885559082,-2.5398622245027824
485.068966,,0.023191134449634877,484.997,0.49000000953674316,-2.5331324715577743
485.534483,,0.01668532598774174,485.463,0.5049999952316284,-2.500239176818365
486.0,,0.010084196138206419,485.931,0.47999998927116394,-2.554478793188705
486.46551700000003,,0.002168411372920679,486.393,0.4790000021457672,-2.5564257238904506
486.931034,,0.007896849797665485,486.856,0.492000013589859,-2.5278741660488437
487.396552,,0.018746100290317702,487.319,0.47200000286102295,-2.5712278271035003
487.862069,,0.026819508448149374,487.79,0.47699999809265137,-2.5601322603448113
488.327586,,0.028917228774006192,488.252,0.48899999260902405,-2.5338093690447945
488.79310300000003,,0.024790084694427967,488.718,0.47200000286102295,-2.570695695520275
489.258621,,0.01666441088735636,489.181,0.4749999940395355,-2.5640423254222693
489.724138,,0.006620709186601155,489.647,0.48899999260902405,-2.533460341593758
490.189655,,0.004319257928337683,490.112,0.4650000035762787,-2.5857055619435236
490.655172,,0.014560046244489002,490.578,0.4830000102519989,-2.5464872747000977
491.12069,,0.021106579601269056,491.045,0.4659999907016754,-2.5835612175017957
491.586207,,0.02162706798003111,491.504,0.47200000286102295,-2.570564133838637
492.05172400000004,,0.016955580363289844,491.975,0.4869999885559082,-2.537994181897292
492.517241,,0.010589730469821205,492.44,0.46700000762939453,-2.5817075346421516
492.982759,,0.005474314876587761,492.904,0.49000000953674316,-2.5317647989433443
493.448276,,0.0016486754738100325,493.367,0.47200000286102295,-2.5711666738362187
493.913793,,0.002796274220300706,493.83,0.48899999260902405,-2.534329494081657
494.37931000000003,,0.008707672360160186,494.3,0.47099998593330383,-2.573752133570617
494.844828,,0.014209398929821496,494.761,0.47699999809265137,-2.5608877593051718
495.310345,,0.016529498350261827,495.23,0.4779999852180481,-2.5589107117437506
495.775862,,0.015597416190419454,495.696,0.4740000069141388,-2.5678143794951827
496.241379,,0.014927498458001849,496.159,0.48500001430511475,-2.544019879783082
496.70689699999997,,0.01799254524354594,496.625,0.48100000619888306,-2.5528811686666786
497.172414,,0.024205395842134526,497.091,0.5019999742507935,-2.507247430149657
497.637931,,0.029586848441378693,497.549,0.47999998927116394,-2.555262948269822
498.103448,,0.03129576586255169,498.015,0.492000013589859,-2.5291697296129554
498.568966,,0.030445962984117877,498.481,0.546999990940094,-2.409357871621511
499.03448299999997,,0.030147464685879657,498.953,0.48100000619888306,-2.553124757004604
499.5,,0.031709430512126976,499.411,0.492000013589859,-2.529100602175883
499.96551700000003,,0.03371745914801508,499.875,0.48500001430511475,-2.5442606257923144
500.431034,,0.03433491573078937,500.345,0.4699999988079071,-2.576822280451141
500.89655200000004,,0.03292723286563847,500.808,0.4819999933242798,-2.550537680511275
501.362069,,0.029032014810087124,501.271,0.49000000953674316,-2.532949689749015
501.827586,,0.021288659246308336,501.736,0.47600001096725464,-2.5632793841350305
502.293103,,0.008607336458033436,502.199,0.4740000069141388,-2.5674589658360203
502.758621,,0.008139440445891901,502.665,0.492000013589859,-2.5280651822821847
503.224138,,0.02615344242856658,503.134,0.5009999871253967,-2.5082840229805967
503.68965499999996,,0.04184068236365795,503.599,0.4860000014305115,-2.540800289594718
504.15517200000005,,0.05171079389784931,504.064,0.48100000619888306,-2.551545708719504
504.62068999999997,,0.05349510984004324,504.529,0.47200000286102295,-2.5710266023225885
505.08620699999994,,0.047945379901769586,504.99,0.46000000834465027,-2.597068752230097
505.55172400000004,,0.039582031312108634,505.455,0.47200000286102295,-2.5708519380924866
506.017241,,0.03413828063664157,505.923,0.4749999940395355,-2.5642731173230056
506.48275899999993,,0.033810831377665426,506.386,0.4650000035762787,-2.5860474474423647
506.948276,,0.035198708988617586,506.849,0.4790000021457672,-2.555564714759027
507.413793,,0.03303734493784839,507.319,0.4659999907016754,-2.5839345818572195
507.87931,,0.026077314124441055,507.782,0.4790000021457672,-2.5556862255735675
508.344828,,0.018320176888390934,508.245,0.47600001096725464,-2.5623195888556665
508.810345,,0.014216344919818786,508.711,0.49900001287460327,-2.5123269263678423
509.27586199999996,,0.013760092403757663,509.177,0.47999998927116394,-2.553851502212954
509.74137900000005,,0.013213672214381699,509.642,0.5,-2.510417670388867
510.20689699999997,,0.00978789273281151,510.108,0.4970000088214874,-2.517096415536703
510.67241399999995,,0.004042699544167777,510.574,0.4749999940395355,-2.56516834532487
511.13793100000004,,0.0019422543438825392,511.039,0.49000000953674316,-2.532624772109681
511.603448,,0.006704327487626765,511.504,0.46399998664855957,-2.5893963194239893
512.0689659999999,,0.00937059260408846,511.964,0.48399999737739563,-2.545936596183241
512.534483,,0.009497331134283018,512.429,0.47600001096725464,-2.5634620791372265
513.0,,0.007930525373696241,512.897,0.49000000953674316,-2.533037149556355
513.465517,,0.006643284472593006,513.359,0.49000000953674316,-2.533090678116292
513.931034,,0.006893918017019621,513.83,0.49000000953674316,-2.533120071049938
514.396552,,0.008136434601530051,514.293,0.47699999809265137,-2.5614476778227364
514.862069,,0.00904256334738338,514.761,0.4830000102519989,-2.5483575294466037
515.327586,,0.00896413503971434,515.224,0.45100000500679016,-2.6180346560575805
515.793103,,0.008173358478116965,515.69,0.46700000762939453,-2.5831179775699162
516.258621,,0.007342150013205964,516.149,0.4339999854564667,-2.6549397550669536
516.724138,,0.007177251094563091,516.614,0.48500001430511475,-2.5437424847607675
517.189655,,0.008097052792565647,517.086,0.46799999475479126,-2.5806834412152853
517.655172,,0.009946828784893993,517.545,0.4650000035762787,-2.5871165520497406
518.1206900000001,,0.012405676432032388,518.012,0.4790000021457672,-2.5565098509895487
518.5862070000001,,0.0157176335076263,518.478,0.4819999933242798,-2.5498687118900407
519.051724,,0.020377092063882864,518.95,0.5120000243186951,-2.484407049176485
519.517241,,0.026100777107915096,519.408,0.47200000286102295,-2.5714570627145825
519.982759,,0.0321134410639017,519.871,0.47999998927116394,-2.553941987530178
520.448276,,0.038656317080149556,520.334,0.4779999852180481,-2.558226742313148
520.9137929999999,,0.04681227012238518,520.805,0.4779999852180481,-2.5581697243021235
521.37931,,0.05576973549381139,521.267,0.4970000088214874,-2.51673519134659
521.844828,,0.061226756744907906,521.733,0.49300000071525574,-2.5254269278633372
522.310345,,0.05819426816851614,522.196,0.48399999737739563,-2.545029549518646
522.7758620000001,,0.045513991168631356,522.661,0.4880000054836273,-2.5363274968578318
523.241379,,0.02650023210825075,523.126,0.5979999899864197,-2.29670362439537
523.7068969999999,,0.005061137275451098,523.592,0.4790000021457672,-2.5560020929159175
524.172414,,0.01734698798437505,524.056,0.5009999871253967,-2.508123233336565
524.637931,,0.04007950013405197,524.522,0.4860000014305115,-2.540866272478189
525.103448,,0.059822971860771096,524.989,0.49399998784065247,-2.5235101079230415
525.568966,,0.07073005413710794,525.455,0.4880000054836273,-2.5366621520769157
526.034483,,0.06898684104130573,525.916,0.49799999594688416,-2.51496015195048
526.5,,0.056821669829084605,526.385,0.5339999794960022,-2.436613732752926
526.9655170000001,,0.041076715224628135,526.846,0.5009999871253967,-2.5085907259752482
527.4310340000001,,0.027647058318578038,527.315,0.5040000081062317,-2.5021308162561997
527.8965519999999,,0.018009679735906163,527.779,0.5220000147819519,-2.4629834426428765
528.362069,,0.011132643654279807,528.241,0.5170000195503235,-2.473934508201925
528.827586,,0.006973746471551842,528.707,0.5400000214576721,-2.4238706385509188
529.293103,,0.0065374507786503675,529.17,0.527999997138977,-2.4500450626974604
529.7586210000001,,0.009363694771561258,529.636,0.5009999871253967,-2.5088846138424734
530.224138,,0.012894466636013256,530.1,0.5189999938011169,-2.4696711560553593
530.689655,,0.014578001988096317,530.566,0.5249999761581421,-2.456587913047398
531.155172,,0.013551295391545603,531.031,0.5180000066757202,-2.4718138236272273
531.62069,,0.010279557344972975,531.496,0.5,-2.510993588239828
532.086207,,0.005815978827147575,531.962,0.5299999713897705,-2.445588803147814
532.5517239999999,,0.001819570595100932,532.428,0.5070000290870667,-2.49564442250785
533.017241,,5.132082155622694e-05,532.89,0.5170000195503235,-2.4737992519753047
533.482759,,0.0006441610399855045,533.36,0.5320000052452087,-2.441057435268589
533.9482760000001,,0.0011617015474969703,533.823,0.5270000100135803,-2.4518868812971975
534.413793,,0.0015239344673614226,534.286,0.5180000066757202,-2.471431728317709
534.87931,,0.007920621261648032,534.757,0.5389999747276306,-2.4256202951025916
535.344828,,0.014823389102455163,535.219,0.5419999957084656,-2.419029041076963
535.810345,,0.01801890348855538,535.684,0.5419999957084656,-2.41897983003694
536.275862,,0.016298739058387322,536.149,0.5339999794960022,-2.4363676991845438
536.7413789999999,,0.012747353017264039,536.615,0.527999997138977,-2.4494078647336193
537.206897,,0.011762800356822724,537.075,0.5419999957084656,-2.418885901893811
537.672414,,0.014464050256961961,537.54,0.546999990940094,-2.4079827215586405
538.137931,,0.017237272960132922,538.005,0.5460000038146973,-2.4101621209590487
538.6034480000001,,0.015527241447242924,538.471,0.5139999985694885,-2.479890790007486
539.0689659999999,,0.009132980927399455,538.934,0.5519999861717224,-2.397125072507875
539.5344829999999,,0.0027017373764002236,539.404,0.5460000038146973,-2.4102292188061525
540.0,,0.00038387618474686354,539.867,0.5440000295639038,-2.4146263635476877
540.465517,,0.001151287856016275,540.33,0.6039999723434448,-2.2839525629036146
540.931034,,0.0006905637971900969,540.798,0.5630000233650208,-2.3733240991838436
541.396552,,0.002932842228699372,541.26,0.5299999713897705,-2.4452680121157253
541.862069,,0.0074118196941136754,541.726,0.5809999704360962,-2.3342059973972695
542.327586,,0.009893065967214251,542.196,0.5669999718666077,-2.364754202531758
542.7931030000001,,0.010352643045759995,542.654,0.578000009059906,-2.340831940296901
543.258621,,0.010122464656411798,543.119,0.5210000276565552,-2.4650532821731987
543.7241379999999,,0.008713932065331567,543.584,0.5910000205039978,-2.312581113584452
544.189655,,0.004488946216543815,544.049,0.5699999928474426,-2.358358848765947
544.655172,,0.0017445243838674416,544.515,0.6029999852180481,-2.286480460288417
545.12069,,0.006278980538179877,544.982,0.5989999771118164,-2.2952020222895877
545.5862070000001,,0.006474754990237722,545.448,0.5830000042915344,-2.3300571955124303
546.051724,,0.0033614433242938565,545.916,0.5889999866485596,-2.3169731965449065
546.517241,,0.0005420318574812016,546.378,0.5820000171661377,-2.3322036620090714
546.982759,,0.004075074002048561,546.845,0.578000009059906,-2.3408918245844523
547.448276,,0.006777940660074218,547.308,0.5879999995231628,-2.319073990402143
547.9137929999999,,0.0072652888426981786,547.771,0.6029999852180481,-2.286359026487215
548.3793099999999,,0.004666435935955662,548.234,0.5830000042915344,-2.329894167014459
548.844828,,0.0009967785295421513,548.7,0.5879999995231628,-2.318962752468401
549.310345,,0.00046509227378610605,549.171,0.6190000176429749,-2.2513874165945684
549.775862,,0.0004869196913117197,549.629,0.5210000276565552,-2.4648611429087377
550.241379,,0.0004406961671401747,550.101,0.6069999933242798,-2.277469802847301
550.706897,,0.0029798042500525554,550.559,0.6240000128746033,-2.2404109465469126
551.172414,,0.007822287730629585,551.024,0.6039999723434448,-2.2839671146229974
551.637931,,0.010587409484698452,551.49,0.5989999771118164,-2.2948495776388
552.103448,,0.010764697190438328,551.957,0.6019999980926514,-2.288309930469542
552.568966,,0.01051950316720515,552.423,0.593999981880188,-2.3057429335357136
553.034483,,0.010730696794927469,552.886,0.5989999771118164,-2.294860905419773
553.5,,0.010156935921883062,553.356,0.5889999866485596,-2.3166656998844113
553.965517,,0.009022010301662971,553.816,0.5960000157356262,-2.3014398953396737
554.4310340000001,,0.010549562972786433,554.285,0.5709999799728394,-2.3559368018447326
554.896552,,0.016944655185944874,554.744,0.5929999947547913,-2.3080419162911254
555.3620689999999,,0.02557964349697076,555.21,0.6060000061988831,-2.27975751812026
555.827586,,0.03133224139505389,555.675,0.5899999737739563,-2.314654341215631
556.293103,,0.031845448246915035,556.142,0.6060000061988831,-2.279832822324463
556.758621,,0.028827603629609,556.608,0.578000009059906,-2.34086898745617
557.224138,,0.02487180537545644,557.075,0.6019999980926514,-2.2886111203508284
557.689655,,0.020641184339886504,557.541,0.5529999732971191,-2.395389405980705
558.155172,,0.015162668787946964,558.001,0.5860000252723694,-2.3235124437937533
558.6206900000001,,0.00757666709180594,558.467,0.5699999928474426,-2.3583824674139042
559.0862070000001,,0.0022253417293994554,558.935,0.5830000042915344,-2.330063387768628
559.5517239999999,,0.01413415009831806,559.397,0.5730000138282776,-2.3518444585711347
560.017241,,0.02767328717875239,559.86,0.550000011920929,-2.401939496897972
560.482759,,0.041081722494246596,560.33,0.5540000200271606,-2.393203508452592
560.948276,,0.05178574520536322,560.793,0.5809999704360962,-2.3343513401058793
561.413793,,0.0582989204610526,561.256,0.550000011920929,-2.401853366151207
561.87931,,0.06069414395165584,561.721,0.5429999828338623,-2.4170624055204915
562.344828,,0.059113899768509066,562.184,0.5709999799728394,-2.3560145810048856
562.8103450000001,,0.05324011697975953,562.649,0.5320000052452087,-2.4409332683762206
563.275862,,0.04360411700584208,563.116,0.5270000100135803,-2.4517775277584244
563.7413789999999,,0.03201829165527728,563.582,0.5450000166893005,-2.4125145800682866
564.206897,,0.019968596488353096,564.049,0.515999972820282,-2.475651463081536
564.672414,,0.007547020903391238,564.514,0.527999997138977,-2.44946873917152
565.137931,,0.005166984284921914,564.979,0.5339999794960022,-2.4363644152060115
565.603448,,0.016428716818696357,565.445,0.5070000290870667,-2.49516290915065
566.068966,,0.023986674510901498,565.905,0.4970000088214874,-2.516933970173699
566.534483,,0.02802108400207978,566.374,0.515999972820282,-2.4755347093449367
567.0,,0.03140645761478055,566.838,0.4880000054836273,-2.536542401383368
567.465517,,0.03614369066227424,567.3,0.515999972820282,-2.475556367323502
567.931034,,0.04058399921269457,567.764,0.4970000088214874,-2.516976368814701
568.396552,,0.04127137782962142,568.234,0.5210000276565552,-2.464722902522346
568.862069,,0.036771403395827046,568.699,0.5090000033378601,-2.49090770510157
569.327586,,0.028439684570317793,569.164,0.5529999732971191,-2.3950926238843393
569.793103,,0.017829366049990115,569.629,0.47600001096725464,-2.5628967884232057
570.2586210000001,,0.0050792720974000725,570.093,0.48899999260902405,-2.534625577152135
570.724138,,0.009213957026989425,570.559,0.492000013589859,-2.528142772846696
571.189655,,0.021686620489010513,571.023,0.5130000114440918,-2.482443650558958
571.655172,,0.027780034617154357,571.489,0.5180000066757202,-2.471599376690712
572.12069,,0.02620920991593255,571.949,0.5040000081062317,-2.5021437639783968
572.586207,,0.020798674413660803,572.415,0.49900001287460327,-2.513073578911528
573.051724,,0.016939109130209733,572.882,0.4959999918937683,-2.519638589866386
573.517241,,0.016388026514918153,573.345,0.515999972820282,-2.476085848962995
573.982759,,0.01617762260075598,573.812,0.43799999356269836,-2.6460318165060555
574.4482760000001,,0.012700276172219976,574.275,0.503000020980835,-2.5044229314307738
574.913793,,0.006008090154586862,574.74,0.49000000953674316,-2.532739783477683
575.37931,,0.0007170032607782482,575.204,0.49399998784065247,-2.524009851576551
575.844828,,0.005252791627973566,575.67,0.5009999871253967,-2.508734477749699
576.310345,,0.008384314688254782,576.134,0.5090000033378601,-2.491271175079605
576.775862,,0.011821631275536731,576.6,0.5040000081062317,-2.5021217928497355
577.241379,,0.015650309592171497,577.067,0.4950000047683716,-2.5216800519311158
577.706897,,0.01879747208905193,577.533,0.5090000033378601,-2.4911242113496286
578.172414,,0.021199180777993876,577.998,0.5049999952316284,-2.4997804832887436
578.6379310000001,,0.024161944577080097,578.463,0.5249999761581421,-2.4561471456822614
579.1034480000001,,0.028287303495705608,578.931,0.492000013589859,-2.5279821357079184
579.5689659999999,,0.031830459989730726,579.393,0.5149999856948853,-2.4778155855365456
580.034483,,0.031740176385761404,579.856,0.5019999742507935,-2.506085203002223
580.5,,0.02609405420444322,580.319,0.492000013589859,-2.5278258648484226
580.965517,,0.01523103382454638,580.786,0.5009999871253967,-2.5081816978130367
581.431034,,0.0009674665576360753,581.256,0.503000020980835,-2.503798622039631
581.896552,,0.014511987144869823,581.714,0.503000020980835,-2.50378449696554
582.362069,,0.028812176970298396,582.186,0.4909999966621399,-2.5299267339868114
582.827586,,0.03919969537574988,582.644,0.5170000195503235,-2.4732929977064377
583.2931030000001,,0.043576893063569544,583.115,0.49000000953674316,-2.532140170895525
583.758621,,0.04208228616549188,583.581,0.5230000019073486,-2.4602801522978
584.2241379999999,,0.03705436627845197,584.046,0.503000020980835,-2.5038989121926414
584.689655,,0.030732375200977328,584.504,0.4970000088214874,-2.5170259637305024
585.155172,,0.023339169721353997,584.976,0.4959999918937683,-2.519268006120946
585.6206900000001,,0.014119371854936348,585.434,0.5080000162124634,-2.493193638928776
586.0862070000001,,0.003980183977327978,585.904,0.6060000061988831,-2.279757084393696
586.551724,,0.004123799962166256,586.367,0.5049999952316284,-2.4998689683851203
587.017241,,0.008121138661524637,586.834,0.5070000290870667,-2.495576835590805
587.482759,,0.00937704175412774,587.297,0.5019999742507935,-2.5065322123613187
587.948276,,0.011195352604387766,587.765,0.49000000953674316,-2.532733054578157
588.4137929999999,,0.014863198607689889,588.227,0.5130000114440918,-2.482674545600885
588.87931,,0.018167579030691394,588.693,0.4959999918937683,-2.519753261284303
589.344828,,0.018113505248251168,589.16,0.5019999742507935,-2.5067128042171514
589.810345,,0.014377589191126038,589.625,0.4959999918937683,-2.519804778026459
590.2758620000001,,0.009579479225375694,590.091,0.5070000290870667,-2.4958473642656345
590.741379,,0.006580328310881356,590.549,0.5019999742507935,-2.5067354585133885
591.2068969999999,,0.006101295983644571,591.016,0.503000020980835,-2.504538155595322
591.672414,,0.006825551482845271,591.482,0.515999972820282,-2.476184060463487
592.137931,,0.007136871010037913,591.949,0.4959999918937683,-2.519712598623496
592.603448,,0.006512508734362205,592.415,0.5139999985694885,-2.4804411391455625
593.068966,,0.005751683541175601,592.875,0.5099999904632568,-2.4890899341849093
593.534483,,0.006241350084412248,593.345,0.5059999823570251,-2.4977304388664283
594.0,,0.008553839914595657,593.805,0.503000020980835,-2.5041863835578213
594.4655170000001,,0.011373908416722906,594.275,0.48399999737739563,-2.5454980220207326
594.9310340000001,,0.012395334173986531,594.74,0.4950000047683716,-2.5214504136369076
595.3965519999999,,0.010954743416059719,595.204,0.47999998927116394,-2.5540508404096927
595.862069,,0.009437792721367,595.67,0.5120000243186951,-2.484260010172531
596.327586,,0.01133897754743536,596.135,0.5080000162124634,-2.4929075362451236
596.793103,,0.017841018839281467,596.6,0.515999972820282,-2.475419836089408
597.2586210000001,,0.026607907854475244,597.06,0.5,-2.5102301191050373
597.724138,,0.033795375345241144,597.525,0.5370000004768372,-2.429584083222198
598.189655,,0.03672233964107918,597.99,0.515999972820282,-2.4753125081522276
598.655172,,0.03457116833819748,598.456,0.492000013589859,-2.5275910887126174
599.12069,,0.027274014841298398,598.919,0.47200000286102295,-2.5711718678126294
599.586207,,0.014440245240611655,599.389,0.49000000953674316,-2.5319816060657545
600.0517239999999,,0.004460875377068702,599.849,0.5040000081062317,-2.501522587341287
600.517241,,0.02853224233634709,600.319,0.5049999952316284,-2.4994007375739398
600.982759,,0.053534019632037584,600.782,0.5139999985694885,-2.479862358762127
601.448276,,0.07219356355278453,601.245,0.5009999871253967,-2.5082649260526804
601.913793,,0.07833558869420654,601.711,0.49799999594688416,-2.514889644253761
602.37931,,0.071733216171083,602.177,0.5460000038146973,-2.410408769491682
602.844828,,0.058120281834284755,602.643,0.49000000953674316,-2.532509411935782
603.310345,,0.043697584235378915,603.108,0.492000013589859,-2.528248639046116
603.775862,,0.030230951931885804,603.574,0.5090000033378601,-2.491306077770977
604.2413789999999,,0.01604995077283097,604.039,0.5109999775886536,-2.4870375209801434
604.706897,,0.0005380994805013099,604.505,0.5090000033378601,-2.491474477487459
605.172414,,0.014260388556464642,604.965,0.5099999904632568,-2.4893640102707897
605.637931,,0.026105923542321396,605.43,0.49799999594688416,-2.5155623251523775
606.1034480000001,,0.03445093960547541,605.9,0.5080000162124634,-2.4938150552776976
606.5689659999999,,0.0394840445313814,606.362,0.49900001287460327,-2.51344546576925
607.0344829999999,,0.04119747901819795,606.831,0.5080000162124634,-2.493842483341134
607.5,,0.04012112761419995,607.293,0.4729999899864197,-2.57008248568702
607.965517,,0.03751937502987457,607.756,0.4860000014305115,-2.5417305734154736
608.431034,,0.03412303903801044,608.219,0.4880000054836273,-2.537327835202147
608.896552,,0.02958427402073191,608.685,0.4909999966621399,-2.530731132875841
609.362069,,0.02343994304108155,609.15,0.49799999594688416,-2.515405669054444
609.827586,,0.01563852797832819,609.616,0.503000020980835,-2.5044248122876773
610.293103,,0.005984862122775542,610.082,0.5139999985694885,-2.480361351759786
610.758621,,0.005816668384020982,610.548,0.49000000953674316,-2.5325424143420374
611.2241379999999,,0.019153018269971952,611.012,0.49000000953674316,-2.532431544093349
611.689655,,0.03226096407272489,611.477,0.40299999713897705,-2.7218641340702705
612.155172,,0.04315441115801703,611.949,0.4729999899864197,-2.569254896275373
612.62069,,0.05025255512040434,612.407,0.47200000286102295,-2.57133783782075
613.0862070000001,,0.05255957686804503,612.875,0.4790000021457672,-2.5560010578423173
613.551724,,0.050356203585264825,613.337,0.4779999852180481,-2.5581051806967063
614.017241,,0.0453647796128661,613.801,0.43799999356269836,-2.6451910345276657
614.4827590000001,,0.03900942888107363,614.271,0.4659999907016754,-2.5841459421788895
614.948276,,0.030940889981980562,614.729,0.5460000038146973,-2.409827640662968
615.4137929999999,,0.020635924082552482,615.199,0.4690000116825104,-2.577572546746342
615.8793099999999,,0.009969468455254508,615.665,0.5540000200271606,-2.3923917423144885
616.344828,,0.002438292979979696,616.13,0.4790000021457672,-2.5558100657555287
616.810345,,0.00045396866578048105,616.589,0.48100000619888306,-2.551488446406366
617.275862,,0.0008795642820045681,617.061,0.45899999141693115,-2.5994716027044147
617.741379,,0.0023282380232751256,617.519,0.47200000286102295,-2.571218490286058
618.206897,,0.006284540912980766,617.986,0.47699999809265137,-2.5604092540108137
618.672414,,0.011735877393327205,618.452,0.46799999475479126,-2.580113326659578
619.137931,,0.017319096149404856,618.92,0.4519999921321869,-2.615078145914323
619.603448,,0.022682640289703408,619.382,0.45899999141693115,-2.5999419426255783
620.068966,,0.027357574498082037,619.845,0.48100000619888306,-2.5521302617253943
620.534483,,0.0295799938815825,620.315,0.46399998664855957,-2.589286181319863
621.0,,0.027833622474366108,620.775,0.4650000035762787,-2.587223220416603
621.465517,,0.023586605354394583,621.246,0.49000000953674316,-2.5328658972391724
621.9310340000001,,0.021076270844380462,621.704,0.4729999899864197,-2.570001095330906
622.396552,,0.02320601190266048,622.174,0.46399998664855957,-2.58969351547794
622.862069,,0.027769545684443873,622.64,0.4880000054836273,-2.5374743948829677
623.327586,,0.028680176465589482,623.104,0.4950000047683716,-2.5222731377903806
623.793103,,0.021604642319849585,623.57,0.4749999940395355,-2.5658741508567595
624.258621,,0.008301400601009826,624.034,0.4490000009536743,-2.622525752222782
624.724138,,0.004871923599811369,624.5,0.4690000116825104,-2.578938708273657
625.189655,,0.012560673102019962,624.964,0.4729999899864197,-2.570189120236363
625.655172,,0.014316972199705146,625.429,0.49799999594688416,-2.5156665577827497
626.1206900000001,,0.013483776957724854,625.89,0.45100000500679016,-2.617986688759028
626.5862070000001,,0.013175451802730291,626.359,0.46399998664855957,-2.5895709226801187
627.0517239999999,,0.013641498789326049,626.82,0.4779999852180481,-2.5589621148053374
627.5172409999999,,0.013047268449529763,627.289,0.45100000500679016,-2.617666222654707
627.982759,,0.010285359140336636,627.753,0.47200000286102295,-2.5717872516246487
628.448276,,0.006588331854393417,628.215,0.46399998664855957,-2.589084649991114
628.913793,,0.003891268624551133,628.681,0.4569999873638153,-2.60420268715681
629.37931,,0.00187236265372779,629.145,0.47200000286102295,-2.5713937034230203
629.844828,,0.0020637457592121615,629.611,0.453000009059906,-2.612665816748755
630.3103450000001,,0.009219132015911522,630.076,0.45500001311302185,-2.608197315609239
630.7758620000001,,0.01710998730667633,630.541,0.4519999921321869,-2.614636793078397
631.2413789999999,,0.021633659140376484,631.008,0.45399999618530273,-2.6102005993099087
631.706897,,0.021354135800044794,631.473,0.44699999690055847,-2.6253924082936875
632.172414,,0.01887087571446907,631.936,0.4690000116825104,-2.57742515187856
632.637931,,0.018044039432897622,632.399,0.4650000035762787,-2.5861252015508778
633.103448,,0.020426614870735948,632.868,0.453000009059906,-2.6122773223216784
633.568966,,0.024518747714294808,633.329,0.46399998664855957,-2.5883437142662507
634.034483,,0.027836982568233432,633.797,0.3720000088214874,-2.7888347998973066
634.5,,0.02887268730011715,634.26,0.45500001311302185,-2.608086404243507
634.9655170000001,,0.027273932807493625,634.725,0.44699999690055847,-2.625615687199256
635.431034,,0.023511947860013052,635.196,0.453000009059906,-2.6126600295695903
635.8965519999999,,0.01909825944308761,635.654,0.4659999907016754,-2.584466308434078
636.362069,,0.016093638126138607,636.12,0.46399998664855957,-2.588960297473948
636.827586,,0.015098994039214499,636.585,0.4569999873638153,-2.6043514109849473
637.293103,,0.013912231979629219,637.05,0.4259999990463257,-2.6720306697662046
637.7586210000001,,0.009171687753328243,637.515,0.4620000123977661,-2.5937374207788206
638.224138,,0.0006077442363030028,637.982,0.47699999809265137,-2.5611876659137423
638.689655,,0.014234443757740033,638.448,0.4580000042915344,-2.602698958738907
639.155172,,0.029474577543628866,638.916,0.46399998664855957,-2.5897279188434825
639.62069,,0.04401296405312194,639.378,0.46700000762939453,-2.5832736753333485
640.086207,,0.05502689265709236,639.841,0.45100000500679016,-2.618192422788661
640.551724,,0.05988675713856406,640.304,0.46399998664855957,-2.5899075260929445
641.017241,,0.05817728109285917,640.775,0.45500001311302185,-2.609528875810354
641.482759,,0.05198017446365543,641.238,0.45500001311302185,-2.609518238453634
641.9482760000001,,0.04373827298594712,641.703,0.46799999475479126,-2.581161286842673
642.413793,,0.03469382570971951,642.167,0.45899999141693115,-2.600711426687671
642.87931,,0.025423516186488148,642.633,0.45100000500679016,-2.6180617320094965
643.344828,,0.016661542530596398,643.098,0.4650000035762787,-2.587463239044192
643.810345,,0.009000949953835505,643.564,0.48899999260902405,-2.535061844013201
644.275862,,0.0024255280494231567,644.024,0.46799999475479126,-2.5806858827819377
644.7413789999999,,0.003242340492249419,644.489,0.46399998664855957,-2.589263452056551
645.206897,,0.0076104220112911385,644.956,0.44699999690055847,-2.6261590159557793
645.672414,,0.009943968359918079,645.422,0.46399998664855957,-2.588980850937296
646.1379310000001,,0.010208512456747516,645.89,0.4690000116825104,-2.577950571918146
646.6034480000001,,0.009495278195768543,646.352,0.4429999887943268,-2.63446682136071
647.0689659999999,,0.009177879703173039,646.82,0.46399998664855957,-2.5885991767238563
647.534483,,0.009763506276395597,647.282,0.4860000014305115,-2.5405682775752036
648.0,,0.01055107866956751,647.753,0.4580000042915344,-2.6014876142957357
648.465517,,0.010287798840880059,648.215,0.47200000286102295,-2.570924303542098
648.931034,,0.008400934986659952,648.681,0.4440000057220459,-2.6318872613117588
649.396552,,0.0058431040630292,649.145,0.46799999475479126,-2.5795850090021766
649.862069,,0.0043809740391110245,649.611,0.4519999921321869,-2.614453570458032
650.327586,,0.004675259564943267,650.071,0.46399998664855957,-2.588344399274845
650.7931030000001,,0.005522700713888428,650.536,0.45899999141693115,-2.599295529928006
651.258621,,0.0055357120209028,651.001,0.48899999260902405,-2.5340148284510833
651.7241379999999,,0.004923096441184103,651.467,0.46000000834465027,-2.5972923742738154
652.189655,,0.00471547804274908,651.93,0.4519999921321869,-2.614834062849158
652.655172,,0.004913615163959571,652.4,0.4560000002384186,-2.60624497577869
653.12069,,0.0046031220035271415,652.861,0.4690000116825104,-2.5780570514743033
653.5862070000001,,0.00331906688217434,653.33,0.4749999940395355,-2.5651239857404584
654.051724,,0.0010846341904579332,653.793,0.46000000834465027,-2.597942343596144
654.517241,,0.002170068842588927,654.256,0.46399998664855957,-2.5893624967966353
654.982759,,0.005795944937063736,654.721,0.45399999618530273,-2.6112759891974977
655.448276,,0.00767019101042818,655.184,0.45899999141693115,-2.6004984761740264
655.9137929999999,,0.005889149254988913,655.649,0.46399998664855957,-2.5897060834760834
656.37931,,0.0012171929981476797,656.115,0.4519999921321869,-2.6159327247369064
656.844828,,0.003162468883825671,656.581,0.4779999852180481,-2.5593501041578475
657.310345,,0.004459203920870963,657.046,0.4569999873638153,-2.6051411216783804
657.7758620000001,,0.002565325632315595,657.512,0.47600001096725464,-2.56376202740224
658.241379,,4.204355432457471e-05,657.978,0.460999995470047,-2.5964325161833233
658.7068969999999,,0.00030278047593004044,658.444,0.4869999885559082,-2.539753823343028
659.172414,,0.0030231005915091814,658.906,0.46399998664855957,-2.589805200515477
659.637931,,0.008165230825986953,659.376,0.48500001430511475,-2.5439740137705984
660.103448,,0.011505467688447596,659.838,0.4659999907016754,-2.585269480157361
660.568966,,0.010730790697651406,660.3,0.47600001096725464,-2.5633678394556014
661.034483,,0.007380617110992325,660.768,0.4429999887943268,-2.635136238293363
661.5,,0.005685432650633925,661.23,0.4690000116825104,-2.57835679295261
661.965517,,0.008144049211316586,661.696,0.4779999852180481,-2.558610693817654
662.4310340000001,,0.01270546532547107,662.161,0.492000013589859,-2.5279706120566816
662.8965519999999,,0.01525537304836976,662.627,0.44699999690055847,-2.625874761416258
663.362069,,0.014585750284372973,663.093,0.4519999921321869,-2.614855761539677
663.827586,,0.013522978338733123,663.559,0.46799999475479126,-2.579885164301394
664.293103,,0.01475781038990184,664.019,0.4569999873638153,-2.603754601393164
664.7586210000001,,0.017074605322707312,664.486,0.4440000057220459,-2.632000991887045
665.224138,,0.016987477402800464,664.952,0.47999998927116394,-2.5535156073969483
665.689655,,0.013110174284632372,665.418,0.4569999873638153,-2.6035933110330887
666.155172,,0.007237925067795762,665.886,0.46399998664855957,-2.5883352203295926
666.62069,,0.0013328181040387851,666.349,0.46700000762939453,-2.5818155577826634
667.086207,,0.005074118975443278,666.812,0.4830000102519989,-2.546996176107808
667.5517239999999,,0.013741153582773898,667.274,0.47600001096725464,-2.5623065531259135
668.017241,,0.02432484167144193,667.74,0.4779999852180481,-2.5580279525712366
668.482759,,0.03316626969312507,668.204,0.4659999907016754,-2.5842669857633966
668.948276,,0.03644841832814217,668.67,0.46299999952316284,-2.590912297121204
669.413793,,0.03407558588074388,669.135,0.45500001311302185,-2.608462095361443
669.87931,,0.02910824092526102,669.601,0.4699999988079071,-2.5759106466144854
670.3448279999999,,0.023867214395223657,670.068,0.5789999961853027,-2.3385673958498017
670.810345,,0.018379384957496313,670.533,0.46000000834465027,-2.597951375124084
671.275862,,0.012330886979852056,670.998,0.46799999475479126,-2.58064084614446
671.7413789999999,,0.006367678826724906,671.464,0.47699999809265137,-2.561143921795016
672.206897,,0.001130386189317687,671.927,0.45899999141693115,-2.600459578624816
672.672414,,0.0031468006417308884,672.389,0.4729999899864197,-2.5700449433202484
673.137931,,0.005576489729852542,672.86,0.4690000116825104,-2.5788299451412735
673.6034480000001,,0.005039547565191873,673.322,0.460999995470047,-2.596311750347871
674.068966,,0.0026495664064772814,673.786,0.46399998664855957,-2.5898094398497786
674.5344829999999,,0.0019917494791231736,674.256,0.45899999141693115,-2.6007166001382243
675.0,,0.005143131305296131,674.714,0.48100000619888306,-2.5527799162340767
675.465517,,0.009532654198947943,675.185,0.47999998927116394,-2.5549314825389575
675.931034,,0.010743078256718958,675.651,0.46399998664855957,-2.5897427843553635
676.396552,,0.008065404086012274,676.115,0.4620000123977661,-2.5940350513652057
676.862069,,0.005294543719456565,676.581,0.4690000116825104,-2.578703825267547
677.327586,,0.005642049602844181,677.045,0.46399998664855957,-2.5895029642246654
677.793103,,0.00771141752779391,677.511,0.4690000116825104,-2.578504709928046
678.2586210000001,,0.007858159770793537,677.975,0.460999995470047,-2.595821262753706
678.7241379999999,,0.005315575585337738,678.44,0.45899999141693115,-2.600061625607449
679.1896549999999,,0.002888302574719479,678.901,0.4729999899864197,-2.569442595609276
679.655172,,0.0026809209920075124,679.37,0.4560000002384186,-2.606363808625729
680.12069,,0.0032236447583483424,679.831,0.46399998664855957,-2.5888244392965882
680.5862070000001,,0.0017976502395862656,680.3,0.46299999952316284,-2.590901539002518
681.051724,,0.0016026575960180656,680.764,0.5339999794960022,-2.436125996291491
681.517241,,0.00404454868516643,681.226,0.4740000069141388,-2.5667644505120712
681.9827590000001,,0.0033938585267501166,681.692,0.4790000021457672,-2.5558049440897954
682.448276,,0.0010721640818778123,682.16,0.4699999988079071,-2.5753637470868793
682.9137929999999,,5.275411652466265e-07,682.625,0.4690000116825104,-2.5775122882033945
683.3793099999999,,0.0004980067449891298,683.09,0.4690000116825104,-2.5775023323231054
683.844828,,0.000323051684565933,683.556,0.4959999918937683,-2.518688907439794
684.310345,,0.0010227794593634825,684.015,0.3869999945163727,-2.7561925923600454
684.775862,,0.000686289914341398,684.481,0.4569999873638153,-2.603740403352838
685.241379,,0.0032254003932347458,684.953,0.46000000834465027,-2.5972777986931344
685.706897,,0.00785227944902397,685.411,0.47200000286102295,-2.5712237221388516
686.172414,,0.008625259941952585,685.874,0.4970000088214874,-2.516859843300608
686.637931,,0.005318128663797457,686.344,0.47999998927116394,-2.5540080811247545
687.103448,,0.0026087771933655324,686.805,0.46700000762939453,-2.5824476036363904
687.5689659999999,,0.004215156449690239,687.275,0.45899999141693115,-2.5999974917859197
688.034483,,0.008421461939815182,687.74,0.5929999947547913,-2.308177245402307
688.5,,0.010719054643853664,688.204,0.46299999952316284,-2.5915127106941047
688.965517,,0.009578411029406295,688.67,0.4659999907016754,-2.5850794679499094
689.4310340000001,,0.007585427616181121,689.135,0.47200000286102295,-2.57210134499396
689.896552,,0.00713827778700507,689.601,0.47699999809265137,-2.561290185358028
690.362069,,0.007134958492831121,690.06,0.46399998664855957,-2.5896808045447157
690.827586,,0.004891271995927156,690.526,0.4620000123977661,-2.5940909420609115
691.293103,,0.00022153675510086583,690.991,0.46700000762939453,-2.583234195546231
691.758621,,0.0038469873664536336,691.456,0.46399998664855957,-2.58978922442261
692.224138,,0.004547836618715393,691.919,0.45100000500679016,-2.618112958032915
692.689655,,0.0024650904119853643,692.389,0.4490000009536743,-2.6224544086711536
693.155172,,0.0005115166494788673,692.852,0.44699999690055847,-2.6267793674297697
693.6206900000001,,0.0006856890972244983,693.315,0.4580000042915344,-2.6027660025362604
694.0862070000001,,0.00283499279781547,693.779,0.49000000953674316,-2.5329852807731417
694.551724,,0.006105279414152928,694.248,0.4749999940395355,-2.5655857841884484
695.0172409999999,,0.010372925236251187,694.714,0.47200000286102295,-2.5720290877611416
695.482759,,0.015905179147370246,695.178,0.48399999737739563,-2.545781856198067
695.948276,,0.022106789168513045,695.644,0.4699999988079071,-2.5761712251507674
696.4137929999999,,0.027160055809300098,696.108,0.4790000021457672,-2.5564464904012794
696.87931,,0.029343981248258436,696.574,0.46000000834465027,-2.597722196235244
697.344828,,0.02883278034498711,697.039,0.47200000286102295,-2.571461629833691
697.8103450000001,,0.027737286183868295,697.504,0.4699999988079071,-2.575707147263319
698.2758620000001,,0.027850897413207322,697.964,0.4779999852180481,-2.5581740142271707
698.741379,,0.028450831322467906,698.429,0.4779999852180481,-2.5580805564305944
699.206897,,0.026779086713709974,698.898,0.46399998664855957,-2.5885015204120383
699.672414,,0.020769942727797728,699.36,0.4650000035762787,-2.5862589404588925
700.137931,,0.010935653112275533,699.83,0.47699999809265137,-2.560069460301898
700.603448,,0.00047916193135420093,700.293,0.46299999952316284,-2.590544311351723
701.068966,,0.011468051197692428,700.756,0.4569999873638153,-2.603610832204145
701.534483,,0.020826995372106537,701.219,0.46000000834465027,-2.597091078513445
702.0,,0.027468413033758434,701.684,0.46299999952316284,-2.590592728178254
702.4655170000001,,0.030398751042998582,702.15,0.4909999966621399,-2.5296479150178857
702.931034,,0.029590074870518606,702.615,0.47200000286102295,-2.5711172031484284
703.3965519999999,,0.026207928921364167,703.082,0.49000000953674316,-2.5319920160331715
703.862069,,0.02170682358128949,703.548,0.4359999895095825,-2.6497435334702844
704.327586,,0.017093659498874505,704.013,0.4779999852180481,-2.5583567396390268
704.793103,,0.013117465904618953,704.479,0.47999998927116394,-2.5541242090551832
705.2586210000001,,0.010274535628204769,704.941,0.4650000035762787,-2.586933010396651
705.724138,,0.007922306225841627,705.411,0.46399998664855957,-2.589242083561262
706.189655,,0.004123153192167066,705.871,0.4790000021457672,-2.55669037988669
706.6551720000001,,0.0026086534663890336,706.334,0.4749999940395355,-2.5655266445885023
707.12069,,0.011746940564254814,706.805,0.46799999475479126,-2.580888930681981
707.586207,,0.021563471428637317,707.267,0.4560000002384186,-2.6071318611695977
708.051724,,0.030798029011751864,707.733,0.4620000123977661,-2.5941440262845172
708.517241,,0.03869584829553287,708.195,0.4880000054836273,-2.537565122428285
708.982759,,0.04397048397875847,708.661,0.4819999933242798,-2.5506818051973603
709.4482760000001,,0.044649742337288405,709.127,0.46000000834465027,-2.598634257864316
709.913793,,0.038838293155967846,709.592,0.4690000116825104,-2.579025946829063
710.37931,,0.025313519248398426,710.057,0.49000000953674316,-2.5332506332161975
710.844828,,0.004088802963709911,710.523,0.4880000054836273,-2.5375605344522305
711.310345,,0.022382704826657752,710.989,0.47999998927116394,-2.5549195956780077
711.775862,,0.04842970251173691,711.455,0.4729999899864197,-2.5700795005908357
712.2413789999999,,0.06696672830808793,711.916,0.4819999933242798,-2.5503632333867685
712.706897,,0.07354726159829475,712.385,0.46399998664855957,-2.5894558623693587
713.172414,,0.06902333358495888,712.846,0.4909999966621399,-2.5304980316665033
713.637931,,0.058160679831393926,713.315,0.4569999873638153,-2.6044304077910865
714.1034480000001,,0.0458907585413747,713.775,0.4749999940395355,-2.565070039060875
714.5689659999999,,0.03477856075318061,714.246,0.47999998927116394,-2.5540332275909705
715.034483,,0.025095263909285365,714.704,0.4690000116825104,-2.5778596929701636
715.5,,0.016285656192000453,715.175,0.48399999737739563,-2.5450504158603393
715.965517,,0.008199256589742727,715.64,0.4830000102519989,-2.547112039318968
716.431034,,0.0013640271602773366,716.1,0.4790000021457672,-2.5557255944279618
716.896552,,0.003583596847839998,716.566,0.47699999809265137,-2.560001107422558
717.362069,,0.0067289451278436056,717.031,0.46799999475479126,-2.5795493464844985
717.827586,,0.00915536768786257,717.497,0.47200000286102295,-2.5707995795984444
718.2931030000001,,0.012099965276305743,717.964,0.45899999141693115,-2.5991128837034245
718.758621,,0.015550421189570169,718.43,0.4779999852180481,-2.557735951915574
719.2241379999999,,0.018005360849379905,718.893,0.46799999475479126,-2.579565795900389
719.689655,,0.018196159053189373,719.356,0.47200000286102295,-2.570919415917798
720.155172,,0.016828562747991088,719.824,0.48100000619888306,-2.551402721058113
720.62069,,0.015821576364608937,720.286,0.46399998664855957,-2.5885512811133964
721.0862070000001,,0.015816999512153457,720.756,0.46799999475479126,-2.5799657418153075
721.551724,,0.015392860758244193,721.219,0.49300000071525574,-2.5256421921631507
722.017241,,0.013150614166132689,721.685,0.47200000286102295,-2.57154540800138
722.482759,,0.009761802475330972,722.145,0.4659999907016754,-2.584773847654179
722.948276,,0.007204838566342171,722.611,0.47600001096725464,-2.5631446209256774
723.4137929999999,,0.006406157037616594,723.075,0.46399998664855957,-2.5894418897735334
723.87931,,0.006344961475488112,723.54,0.4830000102519989,-2.548192377383802
724.344828,,0.005316768302768567,724.008,0.4779999852180481,-2.5592172470206225
724.810345,,0.0026101126846436477,724.474,0.46399998664855957,-2.5898326900858586
725.2758620000001,,0.0008675613301454225,724.934,0.48399999737739563,-2.546353549264183
725.741379,,0.0032198286926711684,725.404,0.47699999809265137,-2.5616741691936054
726.2068969999999,,0.002960353107503169,725.864,0.47600001096725464,-2.5638967240230075
726.672414,,0.00020041835799605937,726.334,0.4699999988079071,-2.5769852220920084
727.137931,,0.0033504970214698815,726.797,0.47999998927116394,-2.5551873298304164
727.603448,,0.005562305069103531,727.26,0.4779999852180481,-2.5595051229905375
728.068966,,0.005253063408724226,727.726,0.45100000500679016,-2.6182623591814926
728.534483,,0.0028057387174057176,728.196,0.47200000286102295,-2.5724201552361246
729.0,,0.0001961694412689446,728.654,0.45100000500679016,-2.6180594635976844
729.465517,,0.001989216705161782,729.119,0.4790000021457672,-2.5569261943201393
729.9310340000001,,0.00171682792362845,729.586,0.47200000286102295,-2.5720300017249427
730.3965519999999,,0.00017176309326120932,730.053,0.48899999260902405,-2.5348341828675642
730.8620689999999,,0.0025166272142270957,730.519,0.47200000286102295,-2.5717046952874116
731.327586,,0.004266901748709717,730.983,0.4729999899864197,-2.5693570186863894
731.793103,,0.004718409738378942,731.449,0.46700000762939453,-2.5822626365104537
732.2586210000001,,0.003623903339090986,731.912,0.4880000054836273,-2.536352336779268
732.724138,,0.0016666005874524533,732.375,0.414000004529953,-2.697426754107569
733.189655,,0.00038678564319919546,732.845,0.4699999988079071,-2.575295551275273
733.655172,,0.0009696116154100864,733.307,0.4740000069141388,-2.5664758960754015
734.12069,,0.003207770343932598,733.775,0.47200000286102295,-2.570752012444139
734.586207,,0.005824792380293142,734.238,0.49000000953674316,-2.5314811551508996
735.0517239999999,,0.007482752938388176,734.704,0.4830000102519989,-2.546703868073364
735.517241,,0.0075403560175606125,735.168,0.4480000138282776,-2.622957700279423
735.982759,,0.00648239768964359,735.634,0.4830000102519989,-2.546736048216662
736.448276,,0.005710998383622411,736.101,0.4690000116825104,-2.5772970819408294
736.913793,,0.006289915316355005,736.559,0.46399998664855957,-2.588277653473908
737.37931,,0.0075831468048053125,737.024,0.4620000123977661,-2.5927476381582135
737.844828,,0.00751943460056426,737.49,0.46399998664855957,-2.5885256219735138
738.310345,,0.004692381539138839,737.956,0.46700000762939453,-2.5821434227261033
738.775862,,0.00022038698846202592,738.422,0.47600001096725464,-2.5627032031336605
739.2413789999999,,0.002873745289974877,738.89,0.46399998664855957,-2.5890234858710643
739.706897,,0.0024090950887947263,739.352,0.47699999809265137,-2.560881148592907
740.172414,,0.0009178753105977751,739.82,0.46399998664855957,-2.5893821070943295
740.637931,,0.004328221812560439,740.282,0.4560000002384186,-2.606983226589904
741.1034480000001,,0.005649554128381517,740.753,0.46399998664855957,-2.5897147168496017
741.568966,,0.005139514294418456,741.215,0.4880000054836273,-2.5375709694363913
742.034483,,0.004838738938151755,741.681,0.4699999988079071,-2.576908632527364
742.5,,0.006427091086927352,742.145,0.3720000088214874,-2.7905145464430734
742.965517,,0.009822502435659346,742.61,0.45899999141693115,-2.601045965235372
743.431034,,0.013648172961411827,743.075,0.48399999737739563,-2.546624679219896
743.896552,,0.01670670986774154,743.54,0.46700000762939453,-2.5836737182434635
744.362069,,0.018742768910775583,744.005,0.4009999930858612,-2.7274442913146753
744.827586,,0.019680582195150405,744.464,0.4880000054836273,-2.53785044293232
745.293103,,0.018484404735442314,744.934,0.48100000619888306,-2.553017767179368
745.7586210000001,,0.013652582355078387,745.397,0.5419999957084656,-2.4200046041069494
746.2241379999999,,0.005213800484072413,745.864,0.5099999904632568,-2.4895750060347335
746.6896549999999,,0.004572941714737465,746.326,0.46299999952316284,-2.591799458854727
747.155172,,0.01313989633030048,746.794,0.47600001096725464,-2.5632865443262687
747.62069,,0.01960202225749372,747.256,0.48399999737739563,-2.545654552307031
748.086207,,0.02446902818970189,747.722,0.4830000102519989,-2.5476236876550296
748.551724,,0.028416648472407477,748.185,0.46399998664855957,-2.5888087099437476
749.017241,,0.031972812056761155,748.651,0.46700000762939453,-2.5820707574283173
749.4827590000001,,0.03534546411833825,749.115,0.46799999475479126,-2.579704246226714
749.9482760000001,,0.03759154747891055,749.581,0.47999998927116394,-2.553392377282205
750.4137929999999,,0.03668938368990022,750.046,0.4860000014305115,-2.5401770685830294
750.8793099999999,,0.0316302128706791,750.512,0.4339999854564667,-2.653353474271626
751.344828,,0.024346663660828927,750.979,0.46299999952316284,-2.590094383110275
751.810345,,0.018563977996432803,751.445,0.4779999852180481,-2.557373972990392
752.275862,,0.016343401363852515,751.908,0.48899999260902405,-2.5334059215042553
752.741379,,0.016143028088527373,752.37,0.46399998664855957,-2.587907281573883
753.206897,,0.01439758631998149,752.838,0.47200000286102295,-2.5705510120684814
753.672414,,0.008843452820019502,753.3,0.4729999899864197,-2.5684814072157423
754.1379310000001,,0.00070361556985134,753.768,0.46399998664855957,-2.588231224888888
754.603448,,0.005968757994606186,754.23,0.49000000953674316,-2.5317568950736677
755.0689659999999,,0.007662794335457711,754.696,0.45500001311302185,-2.608203612480752
755.534483,,0.004768513532598155,755.161,0.4729999899864197,-2.5692000109236504
756.0,,0.00127738741549291,755.626,0.4950000047683716,-2.521492854492907
756.465517,,0.0009241049870078776,756.093,0.46399998664855957,-2.589257846041611
756.931034,,0.004097141771879552,756.559,0.515999972820282,-2.476191350809735
757.396552,,0.008382421491852102,757.023,0.4729999899864197,-2.570085359830605
757.862069,,0.011038497138556709,757.488,0.46000000834465027,-2.5986030324219134
758.3275860000001,,0.010728690914837885,757.953,0.4440000057220459,-2.6336352808549544
758.793103,,0.008094971345463402,758.418,0.46799999475479126,-2.581494983893069
759.258621,,0.005475387452991835,758.879,0.46399998664855957,-2.590324906573791
759.724138,,0.005281957083681827,759.349,0.48899999260902405,-2.535937338238351
760.189655,,0.0077153179019513645,759.812,0.46799999475479126,-2.5817277290942786
760.655172,,0.01052982469269566,760.274,0.46299999952316284,-2.5926186341419992
761.1206900000001,,0.011792790420765422,760.74,0.460999995470047,-2.596932808130309
761.5862070000001,,0.012102948333733977,761.204,0.47699999809265137,-2.5619912701255116
762.051724,,0.012961388108622438,761.67,0.48100000619888306,-2.5531550273579695
762.517241,,0.013826585279608802,762.135,0.48100000619888306,-2.552997853579038
762.982759,,0.012617858573182624,762.601,0.45399999618530273,-2.6116336581021744
763.448276,,0.009000558906400192,763.067,0.42500001192092896,-2.6746032247389855
763.9137929999999,,0.005321679647835694,763.533,0.47600001096725464,-2.5632643307998153
764.37931,,0.0036149210043142825,763.997,0.4690000116825104,-2.578276106584057
764.844828,,0.003034425190382075,764.463,0.47999998927116394,-2.5540675651115263
765.310345,,0.0014411208307305867,764.931,0.5249999761581421,-2.455786553675276
765.7758620000001,,0.0012450393237833125,765.393,0.47200000286102295,-2.5710213055032254
766.241379,,0.0027868288919202272,765.856,0.46700000762939453,-2.5816977858266337
766.706897,,0.0017256825660071193,766.319,0.43799999356269836,-2.644687422055903
767.172414,,0.000536876126013859,766.786,0.4620000123977661,-2.5922410672359852
767.637931,,0.001401479285137898,767.256,0.46799999475479126,-2.5790477415975355
768.103448,,0.0003241192178003625,767.714,0.4359999895095825,-2.648684354028852
768.568966,,0.0003401726557704102,768.185,0.46299999952316284,-2.5898253383981453
769.034483,,0.001926980278438005,768.65,0.47200000286102295,-2.570227593069592
769.5,,0.006637039128972665,769.115,0.4819999933242798,-2.548495787571319
769.9655170000001,,0.010669442783557796,769.574,0.4830000102519989,-2.5464144181875112
770.4310340000001,,0.011809567626117567,770.041,0.4779999852180481,-2.557444902416607
770.8965519999999,,0.010876072336294666,770.507,0.46399998664855957,-2.5881195911446686
771.362069,,0.009929518630823907,770.975,0.4729999899864197,-2.5687171922744962
771.827586,,0.009389630047823122,771.441,0.46399998664855957,-2.5885563949467367
772.293103,,0.00775325971599837,771.901,0.47200000286102295,-2.571377543116484
772.7586210000001,,0.0036980134555994705,772.37,0.46700000762939453,-2.5825326010482863
773.224138,,0.002133319990306361,772.831,0.4690000116825104,-2.578440597846685
773.689655,,0.007221605202288518,773.294,0.49000000953674316,-2.5329492412100914
774.155172,,0.008866834461166909,773.764,0.46799999475479126,-2.5811263418152866
774.62069,,0.006376573154580426,774.226,0.4830000102519989,-2.54867233858985
775.086207,,0.0020256627148160706,774.692,0.4650000035762787,-2.5880858987853075
775.551724,,0.0007153080955252171,775.16,0.46799999475479126,-2.581713983330006
776.017241,,0.000644559185510968,775.625,0.46299999952316284,-2.5927324162868755
776.482759,,0.00013881695091693644,776.085,0.49000000953674316,-2.533990723146702
776.9482760000001,,0.002215087303791421,776.551,0.4659999907016754,-2.586313544198838
777.413793,,0.006766278736324297,777.016,0.45500001311302185,-2.610266339774052
777.87931,,0.010716433786912019,777.482,0.48399999737739563,-2.5470260785144174
778.344828,,0.011441808962238788,777.949,0.4880000054836273,-2.538205315364894
778.810345,,0.00890585992395289,778.415,0.46299999952316284,-2.592521404631525
779.275862,,0.004787200315184268,778.875,0.46299999952316284,-2.5923323939548264
779.7413789999999,,0.0006945999480575931,779.345,0.4659999907016754,-2.585574521025535
780.206897,,0.002865699781190189,779.808,0.4620000123977661,-2.5940407016481593
780.672414,,0.006813028100048117,780.271,0.4690000116825104,-2.5785227180268695
781.137931,,0.012943130912660134,780.736,0.46299999952316284,-2.5913160707433978
781.6034480000001,,0.022168459210901218,781.199,0.46700000762939453,-2.5823201857869327
782.0689659999999,,0.03275292675393177,781.665,0.4830000102519989,-2.547186031065035
782.5344829999999,,0.040787436543364135,782.133,0.4699999988079071,-2.5752462593127476
783.0,,0.04323704985629063,782.599,0.46399998664855957,-2.588077877498048
783.465517,,0.040592117702111845,783.063,0.4650000035762787,-2.5856887758462754
783.931034,,0.035943774336661516,783.529,0.46799999475479126,-2.5789789821048124
784.396552,,0.03140646464944849,783.993,0.4880000054836273,-2.535273724318732
784.862069,,0.026210060230520128,784.459,0.47699999809265137,-2.559151998264169
785.327586,,0.018652977520440598,784.919,0.46299999952316284,-2.5896148844379727
785.7931030000001,,0.009103252209024868,785.389,0.4620000123977661,-2.5918063055554383
786.258621,,9.650318493805816e-05,785.849,0.4699999988079071,-2.574441105648325
786.7241379999999,,0.006325287123311643,786.319,0.4779999852180481,-2.557125079410867
787.189655,,0.01037142431528543,786.782,0.47200000286102295,-2.570355835038594
787.655172,,0.013389979839565825,787.245,0.4740000069141388,-2.5661987340159746
788.12069,,0.015886894353602878,787.71,0.4339999854564667,-2.6535812676968376
788.5862070000001,,0.017266558333936075,788.177,0.4729999899864197,-2.5688805423868386
789.051724,,0.017121532143304315,788.643,0.46700000762939453,-2.5822405318742403
789.517241,,0.016219357027433205,789.108,0.46799999475479126,-2.5803623473603023
789.982759,,0.016129875628252823,789.573,0.48399999737739563,-2.5458073255580076
790.448276,,0.0177806425683221,790.038,0.45100000500679016,-2.6179997429799373
790.9137929999999,,0.020314941974589457,790.504,0.49000000953674316,-2.5333140995939294
791.3793099999999,,0.021762187417674606,790.964,0.5789999961853027,-2.339669450254708
791.844828,,0.02094569910512489,791.43,0.4740000069141388,-2.5686460951097727
792.310345,,0.018195206255592837,791.897,0.49000000953674316,-2.533964820131046
792.7758620000001,,0.014356255456430224,792.359,0.4749999940395355,-2.566776529719747
793.241379,,0.010231264692008326,792.83,0.4819999933242798,-2.5516087871400086
793.7068969999999,,0.007071599954043974,793.293,0.46399998664855957,-2.5908558943687536
794.172414,,0.006210676232415327,793.76,0.492000013589859,-2.529832611262018
794.637931,,0.00757822404570383,794.223,0.4650000035762787,-2.5885829529981623
795.103448,,0.009512737288352283,794.689,0.492000013589859,-2.529636075760743
795.568966,,0.010660625354730467,795.153,0.46700000762939453,-2.5839324214588277
796.034483,,0.011474036218520405,795.619,0.4690000116825104,-2.5793640312533146
796.5,,0.013412181614838436,796.086,0.46299999952316284,-2.592190428967615
796.965517,,0.01716433364517537,796.544,0.4729999899864197,-2.5701312610191946
797.4310340000001,,0.022032970119299222,797.009,0.4729999899864197,-2.5698392151274816
797.8965519999999,,0.02670403581022013,797.474,0.492000013589859,-2.5281415671800764
798.3620689999999,,0.03029099838679153,797.95,0.47200000286102295,-2.571408806202072
798.827586,,0.03262072084350194,798.408,0.48399999737739563,-2.5449660795485745
799.293103,,0.033398692930271694,798.871,0.46399998664855957,-2.5882562559679343
799.758621,,0.031308813745680876,799.341,0.46799999475479126,-2.579283915660427
800.224138,,0.02476310417341453,799.801,0.49000000953674316,-2.5311285976918207
800.689655,,0.013766954759991597,800.264,0.47200000286102295,-2.5701582999349073
801.155172,,0.00017532262313098496,800.73,0.4659999907016754,-2.5830893032848303
801.62069,,0.014271282557629718,801.2,0.45899999141693115,-2.5982490663631723
802.086207,,0.029338642501335995,801.666,0.46299999952316284,-2.5894969652556377
802.5517239999999,,0.045141649087651926,802.13,0.46799999475479126,-2.5786206612258615
803.017241,,0.06004359668142938,802.596,0.49000000953674316,-2.5307606074961
803.482759,,0.07042373535836688,803.061,0.47999998927116394,-2.5526679884249464
803.948276,,0.07282284883624662,803.519,0.4830000102519989,-2.5462998081253305
804.413793,,0.06623286496980507,803.986,0.47600001096725464,-2.5617604246590533
804.87931,,0.052512609255545156,804.452,0.47600001096725464,-2.562006788039351
805.344828,,0.035517197264123807,804.919,0.46399998664855957,-2.58842637039798
805.810345,,0.020088269504696096,805.381,0.47600001096725464,-2.5625796934706973
806.275862,,0.010131856818415545,805.849,0.47699999809265137,-2.560710581033907
806.7413789999999,,0.00578991351409147,806.311,0.48500001430511475,-2.543593551913527
807.206897,,0.003095551631157261,806.779,0.47999998927116394,-2.5547921843282726
807.672414,,0.0018271026450837203,807.241,0.49000000953674316,-2.533294822595792
808.137931,,0.008429500381606631,807.706,0.4749999940395355,-2.5662389524114437
808.603448,,0.01304200513421079,808.17,0.4650000035762787,-2.588257600873223
809.068966,,0.013934458250698709,808.636,0.49000000953674316,-2.533984557536047
809.534483,,0.012886378006548347,809.1,0.4740000069141388,-2.5689908845722362
810.0,,0.011671823288065899,809.566,0.47600001096725464,-2.5647318362060365
810.465517,,0.009524319386974086,810.031,0.4819999933242798,-2.5517056483884355
810.931034,,0.005360795345327812,810.497,0.47200000286102295,-2.5734836577571727
811.396552,,0.0008376948124892567,810.964,0.4819999933242798,-2.5516348115787997
811.862069,,0.0006623516475280173,811.43,0.47999998927116394,-2.555877433374323
812.327586,,0.0021307775072291666,811.893,0.4869999885559082,-2.540462968653317
812.793103,,0.006724998829417854,812.356,0.4690000116825104,-2.5794703618600514
813.2586210000001,,0.009423553428266545,812.823,0.4819999933242798,-2.550901838389963
813.724138,,0.008973244182171864,813.286,0.4880000054836273,-2.537552933476363
814.1896549999999,,0.007145718467890832,813.756,0.49399998784065247,-2.5241808791380254
814.655172,,0.006117314099496307,814.219,0.4690000116825104,-2.578332733106801
815.12069,,0.006260710054458577,814.684,0.4659999907016754,-2.584550564534395
815.586207,,0.006500456409018624,815.149,0.49399998784065247,-2.5232359867004206
816.051724,,0.005651907743219998,815.615,0.46000000834465027,-2.597012384922418
816.517241,,0.0030548986514707353,816.075,0.46700000762939453,-2.581488547219247
816.982759,,0.0009491510231701796,816.541,0.4650000035762787,-2.5856055228045034
817.4482760000001,,0.004500861413462384,817.005,0.48500001430511475,-2.541831930476952
817.913793,,0.0051266075318692214,817.471,0.44699999690055847,-2.6244658235347225
818.3793099999999,,0.0022205869373779627,817.934,0.4690000116825104,-2.576431742149639
818.844828,,0.0015048491655148123,818.404,0.47699999809265137,-2.5589526974048935
819.310345,,0.0019363544487015752,818.867,0.45399999618530273,-2.609066828579439
819.775862,,0.0023654393121616724,819.33,0.4690000116825104,-2.5764475703164806
820.241379,,0.00808680017750735,819.798,0.46700000762939453,-2.5809187604036175
820.706897,,0.009923829528165028,820.26,0.48500001430511475,-2.5418663022711714
821.172414,,0.005842298826677227,820.727,0.47200000286102295,-2.570396038265261
821.6379310000001,,0.0009279899498792162,821.189,0.47200000286102295,-2.5706412479269285
822.1034480000001,,0.00556664718444755,821.655,0.4659999907016754,-2.5839893133866885
822.5689659999999,,0.00674399316778656,822.123,0.4659999907016754,-2.5842883339775042
823.034483,,0.007348976439593967,822.589,0.4790000021457672,-2.5562786681621126
823.5,,0.010656094804762713,823.049,0.5109999775886536,-2.4868780638252463
823.965517,,0.017018983512150237,823.514,0.48399999737739563,-2.5460106117426924
824.431034,,0.024697301474422898,823.979,0.45899999141693115,-2.6007705696561128
824.896552,,0.03277719699786702,824.445,0.47999998927116394,-2.555289675440337
825.362069,,0.04184103314728911,824.915,0.47600001096725464,-2.5642437476357247
825.827586,,0.05154231898403371,825.378,0.4779999852180481,-2.5600874781725436
826.293103,,0.05857993891010256,825.845,0.4830000102519989,-2.5493506086059714
826.758621,,0.05816400634531399,826.308,0.4699999988079071,-2.5777804194720537
827.224138,,0.04760955534584324,826.771,0.46299999952316284,-2.593086650983136
827.689655,,0.028128788439537977,827.234,0.47200000286102295,-2.573481597747183
828.155172,,0.003442651912958825,827.699,0.5049999952316284,-2.5015352538447977
828.6206900000001,,0.022468241575481742,828.171,0.46700000762939453,-2.584220115172696
829.0862070000001,,0.046231039730110494,828.629,0.4699999988079071,-2.5775314689417823
829.551724,,0.06488392260060466,829.094,0.4790000021457672,-2.557727009175651
830.017241,,0.07590999270547297,829.56,0.46399998664855957,-2.590172066165212
830.482759,,0.07789133377906372,830.027,0.4909999966621399,-2.5310825923531293
830.948276,,0.07132786060327254,830.492,0.4749999940395355,-2.565651348828034
831.4137929999999,,0.05881152541902995,830.957,0.4659999907016754,-2.5849547321131277
831.87931,,0.043964799688787096,831.423,0.47999998927116394,-2.554143774527949
832.344828,,0.02973772550303601,831.886,0.47699999809265137,-2.560373320265849
832.810345,,0.017563147627861223,832.349,0.46399998664855957,-2.5884020600032853
833.2758620000001,,0.00788751554458434,832.819,0.46700000762939453,-2.5815941697189073
833.741379,,0.0008715593891420407,833.282,0.4790000021457672,-2.555208240091173
834.2068969999999,,0.0038391761915013718,833.753,0.47200000286102295,-2.570253111763277
834.672414,,0.007509772933753781,834.215,0.4650000035762787,-2.5853406466282935
835.137931,,0.011497561036510787,834.681,0.4749999940395355,-2.563438775671626
835.603448,,0.01580815205091655,835.145,0.4950000047683716,-2.5198006771652026
836.068966,,0.01910046173424144,835.604,0.492000013589859,-2.526322781117907
836.534483,,0.020398360439657696,836.071,0.43799999356269836,-2.6440084239957224
837.0,,0.020217176141222915,836.537,0.48899999260902405,-2.5329881582814764
837.4655170000001,,0.019675687427732777,837.004,0.49000000953674316,-2.5309489577822095
837.9310340000001,,0.01915513029652516,837.47,0.4830000102519989,-2.5463825965975793
838.3965519999999,,0.01844213982092389,837.934,0.46799999475479126,-2.5792841718542636
838.862069,,0.017674636655393938,838.397,0.5049999952316284,-2.4989281124585965
839.327586,,0.017219596819914224,838.86,0.4690000116825104,-2.577637668417258
839.793103,,0.01666647943644746,839.33,0.4749999940395355,-2.5648606677196213
840.2586210000001,,0.014869047272747814,839.794,0.4690000116825104,-2.5782359396955123
840.724138,,0.011395051654697536,840.256,0.4860000014305115,-2.541501795624128
841.189655,,0.007315975789236855,840.721,0.4729999899864197,-2.5701174215228484
841.655172,,0.004124935776504251,841.184,0.46399998664855957,-2.590000462059481
842.12069,,0.00240330965607792,841.65,0.47200000286102295,-2.572820804246082
842.586207,,0.0018356000577234798,842.116,0.47600001096725464,-2.5643225902852294
843.0517239999999,,0.0017697798220012116,842.581,0.4180000126361847,-2.6908618662461588
843.517241,,0.0014157922299450642,843.046,0.5540000200271606,-2.3946986624053785
843.982759,,0.0004155148568085545,843.512,0.46399998664855957,-2.590859439913643
844.4482760000001,,0.00023687409281002774,843.979,0.4950000047683716,-2.523350491588921
844.913793,,0.0012968684289058644,844.445,0.4790000021457672,-2.5581850077768706
845.37931,,0.0054685378416295845,844.908,0.4749999940395355,-2.5668234630028968
845.844828,,0.010120788043886447,845.37,0.47999998927116394,-2.555804410889434
846.310345,,0.012373122648316904,845.838,0.48899999260902405,-2.5360245405845308
846.775862,,0.011630399478674183,846.3,0.4740000069141388,-2.5684909770638864
847.2413789999999,,0.009965537281495693,846.764,0.46700000762939453,-2.583493848832275
847.706897,,0.00952184128178731,847.234,0.4650000035762787,-2.58757699845129
848.172414,,0.010341014698453483,847.699,0.47200000286102295,-2.5720339773519636
848.637931,,0.010746715383628754,848.163,0.4970000088214874,-2.5172648494417547
849.1034480000001,,0.008717048169340906,848.629,0.4790000021457672,-2.5561754399363106
849.5689659999999,,0.00251978449540065,849.093,0.4880000054836273,-2.5362692830199793
850.0344829999999,,0.008672109883764356,849.558,0.48399999737739563,-2.544701282001313
850.5,,0.023532979276085924,850.023,0.46399998664855957,-2.5880160874845966
850.965517,,0.038205544848337436,850.489,0.4970000088214874,-2.5158946842098646
851.431034,,0.04804958855464016,850.953,0.4490000009536743,-2.620282946466094
851.896552,,0.050221296539227425,851.418,0.46799999475479126,-2.578747087284305
852.362069,,0.04508074551441541,851.879,0.47999998927116394,-2.552511296315104
852.827586,,0.036015885473147734,852.349,0.47200000286102295,-2.569900013835129
853.2931030000001,,0.0277881892436491,852.812,0.47999998927116394,-2.552483059063339
853.758621,,0.02334751760769844,853.275,0.49000000953674316,-2.5307606624645307
854.2241379999999,,0.021270130361619212,853.74,0.46299999952316284,-2.5896983522029546
854.689655,,0.017342893697517348,854.204,0.4779999852180481,-2.5571799445757177
855.155172,,0.009382416812273808,854.67,0.4790000021457672,-2.555204868744215
855.62069,,0.00035930496527432175,855.137,0.4690000116825104,-2.577231101875757
856.0862070000001,,0.007721826409165713,855.603,0.46799999475479126,-2.5796789782969842
856.551724,,0.010474559715602814,856.067,0.47699999809265137,-2.560361827568685
857.017241,,0.00977674833996814,856.533,0.4790000021457672,-2.5563077520592286
857.482759,,0.009088810334186903,856.998,0.4729999899864197,-2.569686313491688
857.948276,,0.011458759103773497,857.463,0.47999998927116394,-2.5547367829422334
858.4137929999999,,0.016650315222926874,857.926,0.421999990940094,-2.681385830840654
858.8793099999999,,0.021031956313090433,858.396,0.4659999907016754,-2.5857917089077165
859.344828,,0.021118419919493987,858.856,0.48899999260902405,-2.535919284248803
859.810345,,0.016900875334211647,859.319,0.46700000762939453,-2.584047709186324
860.275862,,0.011268265841111895,859.79,0.47699999809265137,-2.562415289085038
860.741379,,0.007153785820588691,860.252,0.47099998593330383,-2.575592613820058
861.206897,,0.005991323983967879,860.718,0.47999998927116394,-2.556038160325027
861.672414,,0.007728164777268779,861.181,0.47200000286102295,-2.5734669691400054
862.137931,,0.010949169496014207,861.647,0.48899999260902405,-2.5363755999041677
862.603448,,0.01349851812283436,862.112,0.5170000195503235,-2.475265569224786
863.068966,,0.014083632450381313,862.578,0.47200000286102295,-2.5731462781336307
863.534483,,0.013153863305075423,863.042,0.47200000286102295,-2.572942932608834
864.0,,0.011909334367311009,863.508,0.5540000200271606,-2.394050976788004
864.465517,,0.011213070677006541,863.975,0.4880000054836273,-2.537565392869168
864.9310340000001,,0.011859319215441323,864.44,0.4869999885559082,-2.5394432675282905
865.3965519999999,,0.01474968643629011,864.901,0.45500001311302185,-2.6088459743574695
865.8620689999999,,0.019819448084677914,865.371,0.5080000162124634,-2.493060231279269
866.327586,,0.025257091811767884,865.831,0.47999998927116394,-2.55375072086545
866.793103,,0.028385141700751515,866.294,0.49000000953674316,-2.53166746591349
867.258621,,0.027327677024462625,866.764,0.45899999141693115,-2.598933797296905
867.724138,,0.022167395222779655,867.226,0.47200000286102295,-2.5703734580780124
868.189655,,0.014916615527612089,867.692,0.4740000069141388,-2.5658195628524854
868.655172,,0.007897877142345456,868.157,0.46700000762939453,-2.5809205834581763
869.1206900000001,,0.0016055360073570528,868.623,0.4819999933242798,-2.5481428547343956
869.586207,,0.0053812373493566275,869.09,0.4830000102519989,-2.545920087574873
870.0517239999999,,0.013971216158548305,869.556,0.4749999940395355,-2.563360232350639
870.517241,,0.022806141381906675,870.02,0.4699999988079071,-2.5743192915339113
870.982759,,0.029644718282196638,870.479,0.47600001096725464,-2.561366172390902
871.448276,,0.03387665403722343,870.953,0.4779999852180481,-2.5571767580169293
871.913793,,0.03666628454365289,871.411,0.46700000762939453,-2.581353432746611
872.37931,,0.03882214469647521,871.879,0.46799999475479126,-2.5794238734658843
872.844828,,0.039645178515718,872.341,0.4659999907016754,-2.5840601468764905
873.3103450000001,,0.03820237921028053,872.804,0.4699999988079071,-2.5756456806016246
873.775862,,0.034697048843309056,873.274,0.47200000286102295,-2.57160020121796
874.2413789999999,,0.029707583292786974,873.74,0.47699999809265137,-2.561020527156055
874.706897,,0.02288023304188828,874.204,0.46399998664855957,-2.589648569478713
875.172414,,0.013910475619414976,874.67,0.47600001096725464,-2.563793016783307
875.637931,,0.0047212010371477,875.134,0.4790000021457672,-2.5575189129541585
876.103448,,0.0011717126209341417,875.6,0.4650000035762787,-2.588247205316191
876.568966,,0.002401673815862235,876.06,0.47699999809265137,-2.562289274273366
877.034483,,0.0016815523749251773,876.525,0.5049999952316284,-2.501425195703523
877.5,,0.002856656105807766,876.99,0.37599998712539673,-2.782558266778325
877.965517,,0.006678459092816159,877.455,0.4819999933242798,-2.551657648552939
878.431034,,0.010527482331856174,877.923,0.47999998927116394,-2.555997470266105
878.896552,,0.011924707302366314,878.385,0.503000020980835,-2.5058154804951105
879.362069,,0.011207233031099266,878.853,0.46799999475479126,-2.5819418875023583
879.827586,,0.010617457719846308,879.315,0.45500001311302185,-2.610089629057413
880.293103,,0.011713218576838134,879.783,0.4860000014305115,-2.5423346278935264
880.7586210000001,,0.014368784811366275,880.245,0.46700000762939453,-2.5834760290300363
881.224138,,0.017838814434949647,880.712,0.4880000054836273,-2.537443096510501
881.689655,,0.02172635711464001,881.177,0.4860000014305115,-2.5414991146186128
882.155172,,0.025604452128466692,881.643,0.47600001096725464,-2.562973606807167
882.62069,,0.028385630131297544,882.108,0.4699999988079071,-2.575733159300271
883.086207,,0.028522077877427558,882.573,0.48899999260902405,-2.5340359258963416
883.551724,,0.024655099926420013,883.039,0.4690000116825104,-2.5773246880737717
884.017241,,0.016320485630972586,883.504,0.47200000286102295,-2.5705325609704626
884.482759,,0.004758358676676391,883.964,0.5139999985694885,-2.47880860113335
884.9482760000001,,0.00695086989619817,884.43,0.4860000014305115,-2.539631407624432
885.413793,,0.015442784211617539,884.898,0.4790000021457672,-2.554749999915012
885.87931,,0.01952384476030524,885.36,0.46399998664855957,-2.5873505339896705
886.344828,,0.021103612062754993,885.83,0.4880000054836273,-2.5350392085324134
886.810345,,0.023284852261203772,886.293,0.45899999141693115,-2.598252653100468
887.275862,,0.027272403349768114,886.76,0.39899998903274536,-2.7290612907399017
887.741379,,0.031133809056704424,887.223,0.46700000762939453,-2.5810585766859706
888.206897,,0.031446372682414576,887.689,0.4959999918937683,-2.518072429118427
888.672414,,0.026115684882546914,888.149,0.4690000116825104,-2.577131627403176
889.1379310000001,,0.016242759772757943,888.614,0.47200000286102295,-2.5708653487175055
889.6034480000001,,0.00595339404825515,889.086,0.47699999809265137,-2.560267397545399
890.0689659999999,,0.00012458473040919841,889.544,0.4699999988079071,-2.5758293393296894
890.534483,,0.0004243503600951069,890.015,0.46399998664855957,-2.5892191430142
891.0,,0.0022651467608047005,890.474,0.4749999940395355,-2.56556838455239
891.465517,,0.0035131840473838433,890.942,0.4790000021457672,-2.557154306918521
891.931034,,0.0010869387117212741,891.405,0.47200000286102295,-2.5726817425891593
892.396552,,0.0041190851060616965,891.875,0.4659999907016754,-2.585998418052154
892.862069,,0.010015970667585802,892.338,0.47699999809265137,-2.5622382569920146
893.327586,,0.014998886848671936,892.801,0.4779999852180481,-2.5602180543251474
893.7931030000001,,0.01803550657059043,893.27,0.49799999594688416,-2.5167512551681823
894.258621,,0.018609098472866473,893.729,0.46299999952316284,-2.5930545263964304
894.7241379999999,,0.017438157623466892,894.199,0.49799999594688416,-2.516795456723573
895.189655,,0.016637158802803812,894.665,0.48500001430511475,-2.545054471534245
895.655172,,0.01808661598519618,895.13,0.4790000021457672,-2.5580080484898966
896.1206900000001,,0.02139996155783309,895.596,0.48500001430511475,-2.5447670746391027
896.5862070000001,,0.024138756854079155,896.06,0.4729999899864197,-2.570696791602138
897.051724,,0.02454655015504042,896.519,0.47999998927116394,-2.555194207316243
897.517241,,0.02369733640793855,896.986,0.49399998784065247,-2.524411020643443
897.982759,,0.024292957573616353,897.452,0.46700000762939453,-2.5829313046018307
898.448276,,0.027628437570270448,897.92,0.4729999899864197,-2.569545553181292
898.9137929999999,,0.03253847303216543,898.382,0.47200000286102295,-2.5714099784075826
899.37931,,0.03695977522919447,898.845,0.47600001096725464,-2.5623907839803417
899.844828,,0.03940854624389767,899.315,0.46799999475479126,-2.5795347969931965
900.310345,,0.03927856057325092,899.778,0.47200000286102295,-2.570563558634331
900.7758620000001,,0.03724683183195313,900.241,0.45899999141693115,-2.598666367773788
901.241379,,0.035408266123092016,900.707,0.47200000286102295,-2.570168296807299
901.7068969999999,,0.03529717616256658,901.171,0.47200000286102295,-2.5700419663763476
902.172414,,0.03517440310235281,901.636,0.4860000014305115,-2.539467188326846
902.637931,,0.03054096792690851,902.101,0.492000013589859,-2.5263757569278313
903.103448,,0.018166039379369565,902.568,0.48500001430511475,-2.541661082240624
903.568966,,0.0008880880778750168,903.034,0.4729999899864197,-2.5678931339744095
904.034483,,0.022503267011168074,903.499,0.46700000762939453,-2.58110439346047
904.5,,0.04318922250135405,903.964,0.47600001096725464,-2.5616828706818335
904.9655170000001,,0.06212677301649865,904.429,0.4729999899864197,-2.568445902364131
905.4310340000001,,0.0797730316115385,904.89,0.48899999260902405,-2.533847564956141
905.8965519999999,,0.0951029017048469,905.36,0.4699999988079071,-2.5755264021672923
906.362069,,0.10501551045762235,905.823,0.4490000009536743,-2.6215786814512514
906.827586,,0.10669381371161958,906.285,0.46399998664855957,-2.5892069794538184
907.293103,,0.10001798111391012,906.756,0.46700000762939453,-2.582976230737419
907.7586210000001,,0.08734265675740464,907.219,0.4880000054836273,-2.5375164850311753
908.224138,,0.07139756768812716,907.684,0.47099998593330383,-2.574822185581322
908.689655,,0.05384792331513747,908.15,0.46399998664855957,-2.590309850540313
909.155172,,0.03554752044052711,908.615,0.47699999809265137,-2.562185757315045
909.62069,,0.01756267023212926,909.075,0.48500001430511475,-2.5449093041022954
910.086207,,0.0017388078358242254,909.541,0.46399998664855957,-2.5907631643451317
910.5517239999999,,0.009756716673694201,910.004,0.4830000102519989,-2.549417388986148
911.017241,,0.015795319066356044,910.47,0.4569999873638153,-2.6060560453374912
911.482759,,0.01757107694463534,910.938,0.4410000145435333,-2.64085439107003
911.948276,,0.01831682127073746,911.401,0.4749999940395355,-2.5666690746777565
912.413793,,0.021115247809519237,911.864,0.4650000035762787,-2.5882957337116266
912.87931,,0.02652153606211344,912.334,0.4959999918937683,-2.5205535555964365
913.344828,,0.032160466429976435,912.797,0.492000013589859,-2.529025395908537
913.810345,,0.03476071784612668,913.26,0.47699999809265137,-2.5614314790439674
914.275862,,0.032954391805458325,913.725,0.4749999940395355,-2.5654936232644223
914.7413789999999,,0.02837852491732199,914.195,0.4790000021457672,-2.5564721940260986
915.206897,,0.024092156510236756,914.654,0.4779999852180481,-2.558342246786067
915.672414,,0.0219113606973754,915.119,0.3779999911785126,-2.775908527410813
916.137931,,0.021144615904693714,915.585,0.47200000286102295,-2.5708384707922733
916.6034480000001,,0.01963819980909923,916.05,0.4519999921321869,-2.6141636675081896
917.0689659999999,,0.016032996481279618,916.516,0.47600001096725464,-2.5616638018278466
917.5344829999999,,0.011198131022352786,916.982,0.46299999952316284,-2.5898159853997758
918.0,,0.007401337038773135,917.448,0.4869999885559082,-2.537405019502815
918.465517,,0.006014495302539807,917.912,0.46799999475479126,-2.5787263388791266
918.931034,,0.006438518435301098,918.375,0.49000000953674316,-2.5307755154854994
919.396552,,0.007506351056399671,918.845,0.5040000081062317,-2.500306275865371
919.862069,,0.009167578187007978,919.308,0.4729999899864197,-2.5679272521021024
920.327586,,0.01188697586987901,919.775,0.4950000047683716,-2.520128590901705
920.793103,,0.014848528809237819,920.238,0.5019999742507935,-2.505054117201729
921.258621,,0.01602369679013423,920.704,0.43799999356269836,-2.6447030178695528
921.7241379999999,,0.014212592525195002,921.167,0.4650000035762787,-2.586129286696145
922.189655,,0.010278262620022384,921.633,0.47999998927116394,-2.5537258992577994
922.655172,,0.006389006916673573,922.098,0.47200000286102295,-2.5714482611525518
923.12069,,0.004599646754519268,922.563,0.4880000054836273,-2.5368904111310324
923.5862070000001,,0.005668757203216146,923.031,0.47200000286102295,-2.5720470580648143
924.051724,,0.008280243759701433,923.489,0.48399999737739563,-2.5461899036352835
924.517241,,0.009747823803472081,923.954,0.4790000021457672,-2.5573490309742573
924.982759,,0.008489564945297054,924.42,0.4740000069141388,-2.568479087175277
925.448276,,0.0056960818573774455,924.89,0.4699999988079071,-2.577394326133861
925.9137929999999,,0.0037845341383196643,925.352,0.4729999899864197,-2.571016662285308
926.3793099999999,,0.0033407172922922113,925.819,0.47999998927116394,-2.555876824476876
926.844828,,0.002483088181055059,926.282,0.45899999141693115,-2.6016881305596606
927.310345,,0.0004182437637741384,926.753,0.46399998664855957,-2.5908021551981255
927.775862,,0.004132372713048139,927.215,0.46799999475479126,-2.5820421937060543
928.241379,,0.005586114089344914,927.681,0.4790000021457672,-2.557979943371301
928.706897,,0.0033805444393553994,928.145,0.4740000069141388,-2.56872687866633
929.1724139999999,,0.0005685080449193987,928.611,0.49000000953674316,-2.533677145330158
929.637931,,0.0030386726309537576,929.076,0.47200000286102295,-2.5726622229412963
930.103448,,0.002437746882251794,929.534,0.47200000286102295,-2.572399878251866
930.568966,,0.0004247555157529465,930.002,0.5049999952316284,-2.5002183319622686
931.034483,,0.0037578594326609033,930.467,0.47699999809265137,-2.560918851656507
931.5,,0.006388989105694874,930.935,0.48899999260902405,-2.5344676386380756
931.965517,,0.008134812525765362,931.397,0.46799999475479126,-2.579916274741458
932.4310340000001,,0.0091786917477603,931.86,0.46399998664855957,-2.5883426176041904
932.896552,,0.009379517385677508,932.33,0.48100000619888306,-2.5510414032460176
933.3620689999999,,0.008063360531784492,932.79,0.4729999899864197,-2.568238655494075
933.827586,,0.004692238425695357,933.26,0.4749999940395355,-2.563688899638246
934.293103,,0.0003492867602426677,933.719,0.4819999933242798,-2.548291569129716
934.758621,,0.0017873777983126989,934.189,0.47200000286102295,-2.5699815583521874
935.224138,,0.0010223925122576233,934.655,0.47999998927116394,-2.5525094861037965
935.689655,,0.0074881502407685005,935.12,0.4749999940395355,-2.5634148566419985
936.155172,,0.012468212668963011,935.585,0.47999998927116394,-2.5525884903392337
936.6206900000001,,0.011753171324123367,936.045,0.49000000953674316,-2.530921294950622
937.0862070000001,,0.0062348287946098245,936.511,0.4729999899864197,-2.568126399126526
937.5517239999999,,0.000850361732619609,936.975,0.4830000102519989,-2.5465516568230537
938.0172409999999,,0.000225397694875651,937.441,0.48100000619888306,-2.5511579422217316
938.482759,,0.002900548405728796,937.908,0.4429999887943268,-2.6342256545807397
938.948276,,0.0065812155732082695,938.371,0.4880000054836273,-2.5364873080614654
939.413793,,0.007273176855111397,938.834,0.4830000102519989,-2.5476929891537794
939.87931,,0.004524167486636712,939.304,0.4690000116825104,-2.578507787313212
940.344828,,0.001027746438006296,939.765,0.492000013589859,-2.5287040746169893
940.8103450000001,,6.709113625578412e-05,940.235,0.48399999737739563,-2.546419894694963
941.2758620000001,,0.0024702996316518316,940.701,0.48899999260902405,-2.5357852737533277
941.7413789999999,,0.005763810370708559,941.159,0.4779999852180481,-2.559973000518388
942.206897,,0.006600171170967015,941.625,0.47200000286102295,-2.573224705055413
942.672414,,0.004091522347865193,942.091,0.48100000619888306,-2.5537484702404765
943.137931,,0.0004474400657606511,942.556,0.4869999885559082,-2.540755391568
943.603448,,0.0014922445730521214,943.023,0.47999998927116394,-2.5560290052051604
944.068966,,0.0006818558170279485,943.489,0.492000013589859,-2.5298516022203463
944.534483,,0.0021961939590807973,943.949,0.46799999475479126,-2.5820501162888037
945.0,,0.006119020973421323,944.414,0.4880000054836273,-2.53833546029736
945.465517,,0.009996602854875093,944.883,0.4860000014305115,-2.5425026931958246
945.931034,,0.012125755159250629,945.345,0.4959999918937683,-2.5204831523519604
946.3965519999999,,0.010976143866079521,945.815,0.47699999809265137,-2.5616087338755413
946.862069,,0.006968722121439567,946.278,0.49900001287460327,-2.513382582351661
947.327586,,0.0025897041419780968,946.744,0.48100000619888306,-2.55228457057967
947.793103,,0.00033491252344959116,947.21,0.47999998927116394,-2.5541418957515636
948.2586210000001,,0.0007442515207855384,947.675,0.49399998784065247,-2.523322127500171
948.724138,,0.002106001378849727,948.135,0.46700000762939453,-2.5818397620674713
949.189655,,0.001712396986513156,948.6,0.4909999966621399,-2.5292692459072383
949.655172,,0.0019527490656693197,949.067,0.4560000002384186,-2.605271206321095
950.12069,,0.007443640082577195,949.533,0.46399998664855957,-2.587632226877124
950.586207,,0.010954418685530697,949.997,0.47200000286102295,-2.5700410354211876
951.051724,,0.009525543644264393,950.463,0.47999998927116394,-2.55250232626771
951.517241,,0.004110172872202334,950.931,0.47999998927116394,-2.552448238021839
951.982759,,0.0008180339000099638,951.393,0.47600001096725464,-2.561165810553421
952.4482760000001,,0.0012139884013378792,951.86,0.47999998927116394,-2.5525113902855106
952.913793,,0.0029360442648839083,952.322,0.4860000014305115,-2.5395546281125623
953.37931,,0.00810878688087015,952.79,0.46799999475479126,-2.578936926497599
953.844828,,0.01080814030864641,953.252,0.4699999988079071,-2.5747929187134395
954.310345,,0.009944559644836603,953.718,0.49399998784065247,-2.5227584236713994
954.775862,,0.006367640422877766,954.182,0.5170000195503235,-2.472932865320815
955.2413789999999,,0.00181150378444678,954.647,0.4690000116825104,-2.5778125050841023
955.706897,,0.00117451029068686,955.112,0.47200000286102295,-2.5715937776992597
956.172414,,4.288244260371047e-05,955.578,0.4860000014305115,-2.5414131733704983
956.6379310000001,,0.005597357095077723,956.045,0.5019999742507935,-2.506867625792535
957.1034480000001,,0.011574506640514216,956.511,0.48899999260902405,-2.5354846348571836
957.5689659999999,,0.013100271028761414,956.976,0.4659999907016754,-2.5858613649265902
958.034483,,0.009910482880054076,957.434,0.4659999907016754,-2.5860950341050906
958.5,,0.007420066813439314,957.904,0.4790000021457672,-2.5579649379223723
958.965517,,0.010706936861698676,958.367,0.4749999940395355,-2.5668241146890316
959.431034,,0.018094797706687996,958.835,0.4729999899864197,-2.5712735095751484
959.896552,,0.022533168608030094,959.297,0.4690000116825104,-2.5800249184588
960.362069,,0.019653848282980797,959.76,0.49399998784065247,-2.5255388298200336
960.827586,,0.012820905238457305,960.23,0.48399999737739563,-2.5472484674567792
961.2931030000001,,0.0089275571177967,960.689,0.492000013589859,-2.529687558063884
961.758621,,0.010284530698935668,961.161,0.4659999907016754,-2.586150404719653
962.2241379999999,,0.012849513736327789,961.619,0.46399998664855957,-2.590281754270693
962.689655,,0.01243049751870152,962.085,0.4650000035762787,-2.5878408200376324
963.155172,,0.009958795653518794,962.551,0.47999998927116394,-2.554870457545126
963.62069,,0.009069875680709069,963.016,0.47600001096725464,-2.5632744878415115
964.0862070000001,,0.010250751411516672,963.482,0.46799999475479126,-2.580383030782234
964.551724,,0.009721847917308544,963.946,0.48100000619888306,-2.551739852130817
965.017241,,0.0038775758637120497,964.411,0.503000020980835,-2.503498069409285
965.482759,,0.006898580026277945,964.875,0.49900001287460327,-2.511919237928114
965.948276,,0.019142371390794947,965.345,0.47699999809265137,-2.5595835390978645
966.4137929999999,,0.02958623613087891,965.808,0.47699999809265137,-2.55935431065464
966.87931,,0.036690843331354486,966.27,0.48100000619888306,-2.5504549224769733
967.344828,,0.04000253546818231,966.736,0.4749999940395355,-2.5633924416501817
967.810345,,0.039491997764368604,967.199,0.46700000762939453,-2.580742256342229
968.2758620000001,,0.035622413191541386,967.665,0.4650000035762787,-2.585078368770944
968.741379,,0.029242340809242023,968.13,0.46399998664855957,-2.5872950658111393
969.2068969999999,,0.021079096998750022,968.596,0.4860000014305115,-2.5394605502985033
969.672414,,0.011694064097487718,969.06,0.4699999988079071,-2.5744691092793897
970.137931,,0.002177744593646025,969.526,0.492000013589859,-2.52673846200732
970.603448,,0.005663433612495455,969.99,0.4650000035762787,-2.5858049641313565
971.068966,,0.010649704841659252,970.455,0.47600001096725464,-2.562118861584512
971.534483,,0.013483984321040891,970.923,0.47600001096725464,-2.5624253871766918
972.0,,0.015513097605797275,971.385,0.4729999899864197,-2.569285610135981
972.465517,,0.01626244193778372,971.853,0.49000000953674316,-2.53258006174151
972.9310340000001,,0.013512245003586129,972.315,0.4740000069141388,-2.567766564317813
973.3965519999999,,0.0060236479108586715,972.783,0.4790000021457672,-2.5571878561636208
973.862069,,0.005021026191670547,973.245,0.4650000035762787,-2.5879803285507523
974.327586,,0.017301167969586584,973.711,0.5669999718666077,-2.3660157175547525
974.793103,,0.02842718411864076,974.177,0.4740000069141388,-2.5688437654969767
975.2586210000001,,0.03542140738795185,974.643,0.46299999952316284,-2.5929739511717136
975.724138,,0.03533108073644225,975.108,0.47200000286102295,-2.573479249979273
976.189655,,0.028092710183951097,975.573,0.47600001096725464,-2.564822155432865
976.655172,,0.01786407993726365,976.038,0.46399998664855957,-2.5909659672908574
977.12069,,0.009931227726947225,976.504,0.4880000054836273,-2.5386206357716907
977.586207,,0.006366107862173157,976.968,0.46299999952316284,-2.5929730259950743
978.0517239999999,,0.0052879171209671725,977.433,0.4779999852180481,-2.5601270095566755
978.517241,,0.0036671724550172715,977.894,0.47600001096725464,-2.5642705445761993
978.982759,,5.029750176191366e-05,978.363,0.46399998664855957,-2.5901598891876985
979.448276,,0.005472777692031752,978.827,0.49000000953674316,-2.533227526735543
979.913793,,0.010995450258605606,979.289,0.47200000286102295,-2.572131338968804
980.37931,,0.01450165941546482,979.757,0.4779999852180481,-2.5587328781111043
980.8448279999999,,0.014117248636541518,980.22,0.47600001096725464,-2.562759092153903
981.310345,,0.009557921727786614,980.686,0.46399998664855957,-2.588577962963833
981.775862,,0.0032795606145833984,981.152,0.4749999940395355,-2.564304281066494
982.2413789999999,,0.0005350410882569263,981.618,0.4909999966621399,-2.5291629304250987
982.706897,,0.0007305178839608822,982.083,0.4050000011920929,-2.7162789896423094
983.172414,,0.0057367528974720874,982.549,0.46700000762939453,-2.580999621065891
983.637931,,0.01056567771607952,983.009,0.47200000286102295,-2.569953413192974
984.1034480000001,,0.012475769780129806,983.474,0.4880000054836273,-2.5349952091871164
984.568966,,0.012008643661103931,983.949,0.4429999887943268,-2.632990996409404
985.0344829999999,,0.011541758317264634,984.408,0.41100001335144043,-2.702723871650606
985.5,,0.012288370894864417,984.871,0.47200000286102295,-2.569902354605381
985.965517,,0.013098525476390784,985.334,0.4779999852180481,-2.5569621479043967
986.431034,,0.0121580301167483,985.804,0.4309999942779541,-2.6595411224088656
986.896552,,0.009403308201075315,986.267,0.46399998664855957,-2.587874206928931
987.362069,,0.0067357166095459355,986.732,0.47200000286102295,-2.570711690710224
987.827586,,0.005772425647015692,987.195,0.4779999852180481,-2.557935268887166
988.293103,,0.005905876805636457,987.661,0.47200000286102295,-2.571321697198708
988.758621,,0.005184821819015417,988.127,0.45100000500679016,-2.6173976699343786
989.2241379999999,,0.0029726959493455787,988.593,0.47200000286102295,-2.5719705278555858
989.6896549999999,,0.0009297756768205594,989.057,0.48100000619888306,-2.5526766385408415
990.155172,,0.0010574323879637363,989.523,0.4860000014305115,-2.542076276662379
990.62069,,0.003243771044328776,989.989,0.46799999475479126,-2.581554726907558
991.0862070000001,,0.00494965130936474,990.455,0.43799999356269836,-2.647139950705796
991.551724,,0.0032733074042067896,990.916,0.47200000286102295,-2.573248572571139
992.017241,,0.002100483185354853,991.379,0.515999972820282,-2.477520720516513
992.4827590000001,,0.007672390096909292,991.849,0.4869999885559082,-2.540778443233166
992.948276,,0.008777078732620142,992.311,0.49399998784065247,-2.525547134771191
993.4137929999999,,0.004134943805869717,992.779,0.5130000114440918,-2.484113970743325
993.8793099999999,,0.0029109505507083208,993.241,0.49000000953674316,-2.5341273294792517
994.344828,,0.007908058622551145,993.707,0.4490000009536743,-2.6233043029346663
994.810345,,0.009089275110725784,994.17,0.49399998784065247,-2.52507155796276
995.275862,,0.007785971171284189,994.636,0.46700000762939453,-2.5836616419090808
995.741379,,0.006627971492942848,995.101,0.46799999475479126,-2.581217579456659
996.206897,,0.007617141565579066,995.566,0.48399999737739563,-2.546070467909308
996.672414,,0.010445941916728802,996.034,0.4909999966621399,-2.530516429062561
997.137931,,0.012162876298408799,996.5,0.46799999475479126,-2.5803166074034443
997.603448,,0.009807500082678725,996.96,0.49000000953674316,-2.532082336801663
998.0689659999999,,0.004019722318706868,997.426,0.46799999475479126,-2.5797230438803997
998.534483,,0.0011126744784658543,997.894,0.47999998927116394,-2.553313192096075
999.0,,0.0024824030019033236,998.356,0.46700000762939453,-2.5814014482823975
999.465517,,0.0011202994979637262,998.819,0.4659999907016754,-2.5833853094501142
999.9310340000001,,0.00011452821270402686,999.289,0.4749999940395355,-2.5636278643300057
1000.396552,,0.0005525622045357898,999.753,0.48899999260902405,-2.5330261451423364
1000.862069,,0.0008375195969556636,1000.215,0.48899999260902405,-2.532976515533907
1001.3275859999999,,0.0005961314641688618,1000.682,0.46799999475479126,-2.578730772088481
1001.793103,,0.003231624709049785,1001.149,0.4790000021457672,-2.5548205608208177
1002.258621,,0.005217204569307803,1001.615,0.47099998593330383,-2.572355025811248
1002.724138,,0.005521175496781392,1002.079,0.4880000054836273,-2.5354695151597677
1003.1896549999999,,0.0052480534630785815,1002.545,0.47200000286102295,-2.570520463613941
1003.655172,,0.00699073444290647,1003.004,0.4779999852180481,-2.5576759113778027
1004.12069,,0.012604210140963199,1003.47,0.46700000762939453,-2.5818958925482876
1004.5862070000001,,0.021248026147323858,1003.938,0.4729999899864197,-2.5690984318571966
1005.051724,,0.029896878629475723,1004.401,0.4749999940395355,-2.565026149714332
1005.5172409999999,,0.036275501631072266,1004.864,0.46799999475479126,-2.580563193099912
1005.9827589999999,,0.04087234847440893,1005.334,0.4650000035762787,-2.587378297208792
1006.448276,,0.045100972319515986,1005.797,0.4959999918937683,-2.5201029206851344
1006.913793,,0.04761984653298016,1006.26,0.48500001430511475,-2.5443051861783648
1007.3793099999999,,0.04369246158027793,1006.725,0.5009999871253967,-2.5096507031899717
1007.8448280000001,,0.028806368808549403,1007.195,0.48399999737739563,-2.5468520023147017
1008.310345,,0.002716240234136909,1007.654,0.46299999952316284,-2.5927242627387517
1008.7758620000001,,0.029773665128766877,1008.119,0.46799999475479126,-2.5819056287948734
1009.241379,,0.061063209590519786,1008.585,0.5019999742507935,-2.507857829248355
1009.706897,,0.08370833496135613,1009.049,0.4650000035762787,-2.588444601987926
1010.1724139999999,,0.09279999968851747,1009.514,0.48899999260902405,-2.5360859517261902
1010.637931,,0.08773080548850816,1009.979,0.5070000290870667,-2.4967533657170455
1011.1034480000001,,0.07268931443161795,1010.445,0.47600001096725464,-2.5641326068934704
1011.568966,,0.054569410193221424,1010.915,0.5009999871253967,-2.5094712487021167
1012.0344830000001,,0.038800366915148876,1011.378,0.49399998784065247,-2.524496752459606
1012.5,,0.02633909265287689,1011.845,0.503000020980835,-2.5046410968279016
1012.9655170000001,,0.014664716338800355,1012.308,0.47600001096725464,-2.563202723819369
1013.431034,,0.0016609485927857443,1012.771,0.4650000035762787,-2.5869014335240466
1013.896552,,0.011847162064630866,1013.234,0.4880000054836273,-2.5365306775171277
1014.3620689999999,,0.02344827552204641,1013.699,0.4749999940395355,-2.56460395026676
1014.827586,,0.03209484547072883,1014.171,0.515999972820282,-2.47505000967544
1015.2931030000001,,0.03864050122999152,1014.629,0.46399998664855957,-2.588137074601475
1015.7586210000001,,0.043818532959874625,1015.101,0.4830000102519989,-2.546573825035807
1016.2241380000002,,0.046995355098227186,1015.559,0.47999998927116394,-2.5529801944554835
1016.689655,,0.047017632680404466,1016.024,0.47699999809265137,-2.559429335177749
1017.1551720000001,,0.043004303085621094,1016.49,0.46799999475479126,-2.5789959200009185
1017.62069,,0.03377368215032909,1016.956,0.49000000953674316,-2.5310706762849757
1018.0862070000001,,0.017836480927425836,1017.422,0.46700000762939453,-2.581230104216844
1018.5517239999999,,0.004220376013117716,1017.89,0.48500001430511475,-2.5421082559852284
1019.017241,,0.027245481896218112,1018.352,0.5019999742507935,-2.505204393211026
1019.482759,,0.04339362881072213,1018.816,0.49799999594688416,-2.5140855693139073
1019.9482760000001,,0.04826650240894618,1019.285,0.46700000762939453,-2.5818184375385713
1020.4137929999999,,0.04480614444448783,1019.744,0.46700000762939453,-2.582035933252707
1020.87931,,0.03996006446543301,1020.21,0.503000020980835,-2.5038373340267257
1021.3448279999999,,0.03806083185438418,1020.675,0.4699999988079071,-2.5759724255997627
1021.810345,,0.038743487892515166,1021.142,0.492000013589859,-2.5282807966279366
1022.2758620000001,,0.04043181127455524,1021.609,0.492000013589859,-2.528510565104618
1022.7413789999999,,0.04317797587958712,1022.076,0.47200000286102295,-2.572296986806975
1023.2068969999999,,0.04712909502525175,1022.534,0.4880000054836273,-2.537629320894083
1023.672414,,0.050299984000750225,1023.001,0.47999998927116394,-2.5552205472071017
1024.137931,,0.05008656009889939,1023.467,0.4880000054836273,-2.537919465167706
1024.6034479999998,,0.04637594054303269,1023.935,0.4779999852180481,-2.5597965271589818
1025.068966,,0.041194033946812786,1024.397,0.5070000290870667,-2.496665653301313
1025.534483,,0.03548159026654449,1024.86,0.4650000035762787,-2.5881772631978235
1026.0,,0.028110107297359455,1025.33,0.46399998664855957,-2.5903237342877885
1026.465517,,0.0180266369760301,1025.79,0.4699999988079071,-2.5771813304998488
1026.931034,,0.0054713989552174006,1026.26,0.46399998664855957,-2.5901471379948786
1027.396552,,0.008918519016406756,1026.725,0.4819999933242798,-2.550793300124431
1027.862069,,0.02414688082996289,1027.188,0.4740000069141388,-2.5680567128152614
1028.327586,,0.037626911844535385,1027.654,0.4620000123977661,-2.5940129744408984
1028.793103,,0.04586540109576355,1028.119,0.4779999852180481,-2.5589519651478763
1029.2586210000002,,0.047530332947447324,1028.585,0.4860000014305115,-2.5413110868570805
1029.724138,,0.045084347253599305,1029.045,0.46799999475479126,-2.580312850215202
1030.1896550000001,,0.04259908576665979,1029.511,0.4690000116825104,-2.577925395988122
1030.655172,,0.04219104562917478,1029.975,0.46700000762939453,-2.582086151901491
1031.12069,,0.042901573217866716,1030.441,0.43799999356269836,-2.645089505776216
1031.5862069999998,,0.0425183794222317,1030.904,0.4950000047683716,-2.520753594051681
1032.051724,,0.03962409670374828,1031.374,0.47200000286102295,-2.5707377520023265
1032.517241,,0.033966182107153894,1031.838,0.4729999899864197,-2.56846590805264
1032.982759,,0.026092728175631904,1032.3,0.4819999933242798,-2.5487992411465132
1033.448276,,0.01760371242081679,1032.768,0.48899999260902405,-2.533525291895526
1033.913793,,0.011158600981858858,1033.231,0.4620000123977661,-2.5923612016976256
1034.37931,,0.008747188259080501,1033.697,0.4650000035762787,-2.5858735436330638
1034.844828,,0.009439761428503718,1034.164,0.4790000021457672,-2.5554547418353915
1035.310345,,0.009786559975498764,1034.63,0.4909999966621399,-2.52942340282096
1035.775862,,0.007235039303032413,1035.094,0.46299999952316284,-2.590563993091803
1036.241379,,0.0027050652676502414,1035.56,0.48899999260902405,-2.534079084493215
1036.706897,,0.0007525796828093337,1036.019,0.5009999871253967,-2.508110713011904
1037.1724140000001,,0.0013135033625585142,1036.485,0.4830000102519989,-2.547510775141306
1037.637931,,0.00025501359678627806,1036.949,0.48100000619888306,-2.552055987162958
1038.103448,,0.0021061664786823733,1037.415,0.47600001096725464,-2.5631350611519514
1038.5689659999998,,0.0031983663317042385,1037.883,0.47999998927116394,-2.5545985238026545
1039.034483,,0.003497555334774601,1038.345,0.49799999594688416,-2.5155470276604546
1039.5,,0.003141119911709559,1038.816,0.46700000762939453,-2.5832302849621156
1039.9655169999999,,0.0023228112267917223,1039.278,0.47999998927116394,-2.5550301823327657
1040.431034,,0.001986977747306873,1039.744,0.4650000035762787,-2.5878060938762326
1040.896552,,0.003667185041567503,1040.209,0.46399998664855957,-2.590052483670651
1041.362069,,0.007976812460216375,1040.674,0.46399998664855957,-2.5900901826131
1041.8275859999999,,0.013668727405960176,1041.134,0.4740000069141388,-2.5683103013500865
1042.293103,,0.01864243765484225,1041.6,0.4729999899864197,-2.570464351913914
1042.758621,,0.02153630996738315,1042.071,0.46700000762939453,-2.5834813394217377
1043.224138,,0.022149420686529045,1042.529,0.5,-2.5115024946085818
1043.6896550000001,,0.020995878357738446,1042.994,0.4880000054836273,-2.537536309529886
1044.155172,,0.019010599874150484,1043.46,0.47600001096725464,-2.563547435917704
1044.62069,,0.01739125749261636,1043.93,0.47699999809265137,-2.561218625495427
1045.086207,,0.01717117698430323,1044.393,0.46799999475479126,-2.580664128756291
1045.5517240000001,,0.01863093091371094,1044.86,0.4880000054836273,-2.5369219209528286
1046.017241,,0.021098312172072916,1045.322,0.47999998927116394,-2.5541801946327767
1046.482759,,0.023681699664216016,1045.786,0.492000013589859,-2.5278688773915152
1046.9482759999999,,0.026364898775186427,1046.249,0.47600001096725464,-2.562568666406705
1047.413793,,0.029646868561595492,1046.714,0.48399999737739563,-2.544995054794521
1047.8793099999998,,0.032599124098662384,1047.185,0.4880000054836273,-2.5361546427717263
1048.344828,,0.032471650736909025,1047.651,0.46399998664855957,-2.588339197596301
1048.8103449999999,,0.027672022248698202,1048.115,0.48899999260902405,-2.533796131288929
1049.275862,,0.020460561057078275,1048.574,0.492000013589859,-2.5272112949570933
1049.741379,,0.014862293928790214,1049.039,0.46700000762939453,-2.581657916910734
1050.206897,,0.011754549357305364,1049.505,0.47600001096725464,-2.5620607757922134
1050.6724140000001,,0.0075993294962065135,1049.972,0.4749999940395355,-2.5642800524824376
1051.137931,,0.001131668991759398,1050.438,0.48500001430511475,-2.5425620882715485
1051.603448,,0.01320193923574929,1050.901,0.4830000102519989,-2.547013144915175
1052.068966,,0.023391963639766866,1051.37,0.4819999933242798,-2.5493073787156715
1052.5344830000001,,0.02790254164328418,1051.831,0.46299999952316284,-2.590835511383748
1053.0,,0.027992010999746936,1052.3,0.47200000286102295,-2.5713757591291366
1053.465517,,0.027796844183773012,1052.764,0.48500001430511475,-2.543210468552327
1053.9310340000002,,0.029475356582031313,1053.226,0.47699999809265137,-2.560800185146762
1054.3965520000002,,0.03177415196861297,1053.692,0.47600001096725464,-2.5631373542289553
1054.8620689999998,,0.03292428149507355,1054.157,0.4690000116825104,-2.578539599812705
1055.3275859999999,,0.03297047511365242,1054.622,0.44699999690055847,-2.626610494969394
1055.793103,,0.03266388443221908,1055.09,0.48100000619888306,-2.552661582692326
1056.258621,,0.031866935474078525,1055.555,0.4749999940395355,-2.5658384565823895
1056.724138,,0.030469367610313363,1056.019,0.47099998593330383,-2.5746340544945747
1057.189655,,0.02990727592772699,1056.485,0.4650000035762787,-2.5877607101315725
1057.655172,,0.03213850595032805,1056.953,0.4690000116825104,-2.579073218283039
1058.12069,,0.037049561464924295,1057.411,0.46399998664855957,-2.589965220605337
1058.586207,,0.04187311128147948,1057.878,0.4749999940395355,-2.565970382805818
1059.051724,,0.04351691661226553,1058.341,0.4869999885559082,-2.5397690669254516
1059.517241,,0.04107682203392639,1058.809,0.49000000953674316,-2.5331489651320718
1059.982759,,0.03604915829975365,1059.271,0.4830000102519989,-2.548291521148207
1060.448276,,0.03067728697577443,1059.737,0.5009999871253967,-2.5089476045779002
1060.9137930000002,,0.02649588204976954,1060.2,0.47600001096725464,-2.5632695499869453
1061.37931,,0.024199701614851764,1060.666,0.47600001096725464,-2.5631149294375852
1061.844828,,0.024108743442313188,1061.13,0.4659999907016754,-2.584742428790912
1062.310345,,0.025936513066088164,1061.596,0.48899999260902405,-2.534475428104637
1062.775862,,0.028058451560381545,1062.063,0.46399998664855957,-2.5887897685457286
1063.2413789999998,,0.02791832058546561,1062.529,0.48100000619888306,-2.5516123024909625
1063.706897,,0.02398101634662634,1062.993,0.48500001430511475,-2.5427733381643205
1064.172414,,0.01725436641172508,1063.459,0.4690000116825104,-2.577527459778089
1064.637931,,0.0106063019680482,1063.919,0.4659999907016754,-2.583983361984268
1065.1034479999998,,0.0065552329583387706,1064.389,0.47999998927116394,-2.553429201898584
1065.568966,,0.0054927863760087904,1064.853,0.48399999737739563,-2.544689741600439
1066.034483,,0.005621083803264874,1065.315,0.47200000286102295,-2.570837507723513
1066.5,,0.004638577158440783,1065.779,0.48100000619888306,-2.5512624996259663
1066.965517,,0.001831839587214951,1066.249,0.47699999809265137,-2.560037612346354
1067.431034,,0.0014792392655782732,1066.714,0.4659999907016754,-2.5840890118920385
1067.8965520000002,,0.003668205580137533,1067.178,0.47999998927116394,-2.5536971602793375
1068.362069,,0.004629926142887705,1067.644,0.45500001311302185,-2.6082919524827677
1068.827586,,0.005521323220165823,1068.109,0.5789999961853027,-2.3382814022103826
1069.293103,,0.007019631455191575,1068.574,0.492000013589859,-2.5279716848181506
1069.7586210000002,,0.008576360901068872,1069.034,0.4699999988079071,-2.57605214812353
1070.224138,,0.00955897909232711,1069.5,0.492000013589859,-2.5282713572493907
1070.6896550000001,,0.010497192870576736,1069.967,0.47699999809265137,-2.5610949560057423
1071.155172,,0.012647096028075525,1070.433,0.49000000953674316,-2.532905774255354
1071.62069,,0.01650677085418484,1070.901,0.5040000081062317,-2.5025225645504428
1072.0862069999998,,0.021199913404635035,1071.363,0.4880000054836273,-2.537479091342634
1072.551724,,0.025356993769446532,1071.831,0.4740000069141388,-2.568055975917442
1073.017241,,0.028395834192173612,1072.293,0.49000000953674316,-2.5332491283306076
1073.482759,,0.03088480414734748,1072.756,0.46799999475479126,-2.581205167256481
1073.948276,,0.033687296855940255,1073.219,0.4819999933242798,-2.550703441243629
1074.413793,,0.0367472762653164,1073.685,0.4830000102519989,-2.5484976713081924
1074.87931,,0.03889833841707774,1074.152,0.4740000069141388,-2.5680527703691873
1075.344828,,0.03926747619404514,1074.618,0.4749999940395355,-2.565797770620788
1075.810345,,0.038775511520366256,1075.085,0.47600001096725464,-2.563521692199707
1076.275862,,0.03930148995999848,1075.544,0.4749999940395355,-2.5655851077645955
1076.741379,,0.04080947063325356,1076.009,0.46399998664855957,-2.5894210836912173
1077.206897,,0.040326245645800556,1076.474,0.46799999475479126,-2.5805679092745453
1077.6724140000001,,0.035014935195914206,1076.949,0.46799999475479126,-2.580424485653655
1078.1379310000002,,0.025773616434813688,1077.407,0.47699999809265137,-2.560672696558633
1078.603448,,0.01648402313102079,1077.869,0.4269999861717224,-2.6694659194039128
1079.0689659999998,,0.009808220171811407,1078.339,0.4819999933242798,-2.5495106860996346
1079.534483,,0.0049146167824200004,1078.804,0.49000000953674316,-2.5319644831898183
1080.0,,0.0004993204607480167,1079.266,0.40799999237060547,-2.7105131628631627
1080.4655169999999,,0.007129899815030847,1079.732,0.4779999852180481,-2.557928219388924
1080.931034,,0.013715215977580894,1080.194,0.4050000011920929,-2.716913799647246
1081.396552,,0.018923254096429625,1080.66,0.47099998593330383,-2.573092676250624
1081.862069,,0.022364029846346934,1081.127,0.4659999907016754,-2.5839807512838195
1082.3275859999999,,0.02376335606691666,1081.593,0.4749999940395355,-2.5643915315912227
1082.793103,,0.022365284015585317,1082.06,0.4659999907016754,-2.584040851138788
1083.258621,,0.01791406707837539,1082.519,0.47999998927116394,-2.5536024062504663
1083.724138,,0.011703707239317096,1082.986,0.46799999475479126,-2.579827663778009
1084.1896550000001,,0.005978000536338396,1083.452,0.4790000021457672,-2.555960051876954
1084.655172,,0.0024498294525906656,1083.92,0.4860000014305115,-2.5408195995137333
1085.1206900000002,,0.0016028497280992187,1084.382,0.49300000071525574,-2.525687560550047
1085.586207,,0.002815479080934924,1084.845,0.46399998664855957,-2.588991770932947
1086.0517240000001,,0.004599990409672936,1085.315,0.503000020980835,-2.504149011599402
1086.517241,,0.005273676732456732,1085.775,0.4790000021457672,-2.5565583300802106
1086.982759,,0.0042716008831376814,1086.245,0.5049999952316284,-2.500028317487634
1087.4482759999999,,0.00268933589703502,1086.711,0.5370000004768372,-2.430415131221416
1087.913793,,0.0018982998823155381,1087.169,0.46700000762939453,-2.583009707040083
1088.37931,,0.0017733439707114697,1087.635,0.46299999952316284,-2.5917988245515184
1088.844828,,0.0010135469214086357,1088.1,0.48500001430511475,-2.54392762521176
1089.3103449999999,,0.0008312251705308071,1088.566,0.44699999690055847,-2.6267586975969266
1089.775862,,0.0026441285726768317,1089.031,0.47600001096725464,-2.5636030757435364
1090.241379,,0.003526388327740899,1089.497,0.4729999899864197,-2.5701464933955656
1090.706897,,0.004362999892538612,1089.964,0.4490000009536743,-2.6224238025116797
1091.1724140000001,,0.006447223776119057,1090.43,0.4830000102519989,-2.5483226984583394
1091.637931,,0.008921814299416929,1090.893,0.4699999988079071,-2.57660183757335
1092.103448,,0.009197745897682305,1091.356,0.47600001096725464,-2.5634714612648986
1092.568966,,0.006585062943331418,1091.823,0.47200000286102295,-2.5721144287769127
1093.0344830000001,,0.0041996407648820875,1092.285,0.4860000014305115,-2.5415304518280784
1093.5,,0.005659722065475386,1092.756,0.47699999809265137,-2.5610463391151983
1093.965517,,0.010258483774881467,1093.219,0.46299999952316284,-2.5914493992777463
1094.4310340000002,,0.013371440855209448,1093.684,0.4880000054836273,-2.536882089003351
1094.896552,,0.012255629336149569,1094.149,0.46700000762939453,-2.582532162860273
1095.362069,,0.009423502947333686,1094.615,0.4909999966621399,-2.530145231467592
1095.8275859999999,,0.008621792245466322,1095.075,0.46399998664855957,-2.588874294904251
1096.293103,,0.009215247912312477,1095.54,0.48399999737739563,-2.545214405340164
1096.758621,,0.007375915351030755,1096.004,0.4690000116825104,-2.5778171613913368
1097.224138,,0.0022852520133859406,1096.47,0.47699999809265137,-2.5603229912194467
1097.689655,,0.001964506246589765,1096.938,0.46399998664855957,-2.588594238106368
1098.155172,,0.0015554733611865886,1097.4,0.46299999952316284,-2.5907369903962216
1098.62069,,0.00213210064578963,1097.864,0.4699999988079071,-2.575466825222712
1099.086207,,0.004261470271633508,1098.334,0.4880000054836273,-2.536247439632672
1099.551724,,0.0022453375426085965,1098.797,0.46399998664855957,-2.5885467864953022
1100.017241,,0.0016169793403859867,1099.26,0.4779999852180481,-2.558072550737581
1100.482759,,0.0032070460984051233,1099.726,0.5009999871253967,-2.5080041063719234
1100.948276,,0.0014216009728400508,1100.196,0.4860000014305115,-2.540735793223497
1101.4137930000002,,0.000877568308079556,1100.654,0.46299999952316284,-2.5909071995999953
1101.87931,,0.0007133656443149063,1101.119,0.47200000286102295,-2.5713714942008457
1102.344828,,0.0014374268896359184,1101.585,0.48100000619888306,-2.551843367882627
1102.8103449999999,,0.0029806507014009907,1102.049,0.4830000102519989,-2.5475706249855357
1103.275862,,0.0032163431905226393,1102.515,0.46399998664855957,-2.589052246731237
1103.7413789999998,,0.004137933756666868,1102.982,0.4830000102519989,-2.547745769978152
1104.206897,,0.00712023578098446,1103.448,0.4650000035762787,-2.587047735774697
1104.672414,,0.010675642457627291,1103.916,0.4749999940395355,-2.565343782042335
1105.137931,,0.012488870578139561,1104.378,0.48100000619888306,-2.552348366536281
1105.603448,,0.012331645705215062,1104.841,0.49000000953674316,-2.532808496338708
1106.068966,,0.011594615902566323,1105.304,0.4729999899864197,-2.5699032232204955
1106.534483,,0.010896112080592546,1105.772,0.4659999907016754,-2.5852003082486985
1107.0,,0.009862779186269032,1106.234,0.5049999952316284,-2.5002671970675117
1107.465517,,0.008863748537245116,1106.7,0.4749999940395355,-2.5656470711738533
1107.931034,,0.009213076622620072,1107.164,0.47600001096725464,-2.563474981579643
1108.3965520000002,,0.011455892954074672,1107.63,0.45500001311302185,-2.6092203471214117
1108.862069,,0.014601198855350953,1108.097,0.47200000286102295,-2.5721649863360176
1109.327586,,0.017064218765052264,1108.563,0.49000000953674316,-2.532918874393724
1109.793103,,0.01746209341512369,1109.027,0.46799999475479126,-2.580807011775658
1110.258621,,0.014949716416345606,1109.493,0.4699999988079071,-2.5763973741493897
1110.7241379999998,,0.0102296057941113,1109.957,0.47600001096725464,-2.563264592481632
1111.189655,,0.006186883377195726,1110.423,0.49399998784065247,-2.523980551644941
1111.655172,,0.006002202404308531,1110.886,0.46700000762939453,-2.5827295675769433
1112.12069,,0.009960024213767448,1111.356,0.4779999852180481,-2.5586863167686875
1112.586207,,0.014832848175862903,1111.819,0.49900001287460327,-2.5128544668985477
1113.051724,,0.016875934652042183,1112.282,0.48399999737739563,-2.545453412497854
1113.517241,,0.014981441748456817,1112.749,0.47600001096725464,-2.562803471546384
1113.982759,,0.010766323701469242,1113.212,0.49000000953674316,-2.532227364291454
1114.448276,,0.006518779872015165,1113.677,0.47600001096725464,-2.562659347310794
1114.913793,,0.0038607313412797398,1114.142,0.46399998664855957,-2.588742293916914
1115.37931,,0.003679850513646654,1114.608,0.4880000054836273,-2.5364038269443454
1115.844828,,0.005835100962884076,1115.075,0.4790000021457672,-2.555971695488152
1116.310345,,0.0085492212426334,1115.541,0.47200000286102295,-2.571194175409735
1116.775862,,0.009214844909459454,1116.005,0.4880000054836273,-2.536320503385038
1117.241379,,0.00680531772990065,1116.464,0.4860000014305115,-2.5406752947222824
1117.706897,,0.003269085281260584,1116.934,0.46700000762939453,-2.582080087342537
1118.1724140000001,,0.0018744374248860084,1117.396,0.4970000088214874,-2.5167440203107354
1118.637931,,0.004055065830932677,1117.864,0.4880000054836273,-2.536387066411286
1119.1034479999998,,0.00804060165985739,1118.326,0.492000013589859,-2.5277182871498947
1119.568966,,0.010596171042641144,1118.79,0.47600001096725464,-2.562632381958805
1120.034483,,0.01016666978083188,1119.26,0.4569999873638153,-2.60409188038288
1120.5,,0.00829082518658156,1119.726,0.48100000619888306,-2.5518777407845796
1120.9655169999999,,0.007605652822661281,1120.188,0.49399998784065247,-2.523634551165962
1121.431034,,0.008562884620307729,1120.654,0.46700000762939453,-2.5825405146209173
1121.896552,,0.008997255857878009,1121.119,0.48100000619888306,-2.5521235494961494
1122.362069,,0.007260936068447603,1121.585,0.4790000021457672,-2.556564441990586
1122.827586,,0.004611920783634029,1122.049,0.47200000286102295,-2.571895762084071
1123.293103,,0.0034499521191418726,1122.515,0.4699999988079071,-2.576329200080405
1123.758621,,0.004063630889841097,1122.98,0.46399998664855957,-2.5894708290149957
1124.224138,,0.004614434089592621,1123.445,0.47200000286102295,-2.5721030173652326
1124.6896550000001,,0.003963995153416669,1123.908,0.48100000619888306,-2.5525461287030455
1125.155172,,0.0028695876694604253,1124.37,0.4690000116825104,-2.5787285808711604
1125.6206900000002,,0.0021654217104192983,1124.838,0.47600001096725464,-2.563503304965909
1126.086207,,0.0012423889029363738,1125.301,0.4909999966621399,-2.5308342121608622
1126.551724,,0.0009008123435973511,1125.764,0.49000000953674316,-2.5330075843892605
1127.0172409999998,,0.0040353625306522685,1126.234,0.47999998927116394,-2.5547728667744494
1127.482759,,0.00699938947924657,1126.699,0.46399998664855957,-2.589595072793549
1127.9482759999999,,0.009056153088569479,1127.164,0.47600001096725464,-2.563401471479907
1128.413793,,0.010134520488156374,1127.629,0.49000000953674316,-2.5328378242587624
1128.87931,,0.010181480524432131,1128.094,0.4749999940395355,-2.565443314929606
1129.344828,,0.009386135771732045,1128.56,0.4659999907016754,-2.5849675429258996
1129.810345,,0.00907942707287309,1129.019,0.5009999871253967,-2.508624029660706
1130.275862,,0.011302426596593125,1129.485,0.4790000021457672,-2.5564580175868
1130.741379,,0.016779166900934304,1129.949,0.5049999952316284,-2.499713761171973
1131.206897,,0.023802138857188588,1130.415,0.47699999809265137,-2.5606161921579593
1131.6724140000001,,0.0299266517021133,1130.883,0.47600001096725464,-2.5626982016245035
1132.137931,,0.03477025443178719,1131.346,0.5,-2.510320142095828
1132.603448,,0.040418640081008185,1131.815,0.47699999809265137,-2.5603469826930763
1133.068966,,0.048712858792032396,1132.278,0.460999995470047,-2.5951349564830504
1133.5344830000001,,0.05863848472652931,1132.744,0.47699999809265137,-2.560220804519183
1134.0,,0.06676254732238189,1133.21,0.47200000286102295,-2.5710745749275463
1134.465517,,0.06965165486126576,1133.676,0.4880000054836273,-2.536193967127222
1134.931034,,0.06533709547667066,1134.134,0.503000020980835,-2.5035093265591195
1135.396552,,0.053243871528965744,1134.6,0.46700000762939453,-2.581953422341161
1135.862069,,0.03408366029863104,1135.064,0.4690000116825104,-2.5776273158002523
1136.3275859999999,,0.010185354065309724,1135.53,0.48899999260902405,-2.5341036688356864
1136.793103,,0.014543215013298022,1135.997,0.45100000500679016,-2.6169584371302013
1137.258621,,0.03523388420738636,1136.463,0.4690000116825104,-2.577824677484257
1137.724138,,0.047101411220968385,1136.93,0.4880000054836273,-2.536525550078829
1138.189655,,0.04740976857183301,1137.393,0.47600001096725464,-2.562774263294831
1138.655172,,0.03782730577759953,1137.861,0.46700000762939453,-2.5824940342309537
1139.12069,,0.024253649383357855,1138.323,0.4690000116825104,-2.578252890202307
1139.586207,,0.0124502988258923,1138.79,0.4729999899864197,-2.5696553116476593
1140.0517240000001,,0.0032256463781257278,1139.252,0.47200000286102295,-2.5719480036837283
1140.517241,,0.0070015926704546485,1139.719,0.47600001096725464,-2.5633409379372076
1140.982759,,0.020465307578360598,1140.182,0.4690000116825104,-2.578689143312008
1141.448276,,0.034330210200218064,1140.647,0.49000000953674316,-2.533021970367782
1141.9137930000002,,0.043719511377777895,1141.112,0.48500001430511475,-2.5439831451503636
1142.37931,,0.04695031442130036,1141.578,0.4650000035762787,-2.5876054760860785
1142.844828,,0.04590674382680427,1142.042,0.4620000123977661,-2.594171289887769
1143.3103449999999,,0.04224003531540766,1142.507,0.4779999852180481,-2.5593224337062574
1143.775862,,0.03562132066228181,1142.972,0.4819999933242798,-2.5505956876066587
1144.2413789999998,,0.025767405180789384,1143.437,0.47200000286102295,-2.5723482372351625
1144.706897,,0.014138910370350654,1143.901,0.48100000619888306,-2.552685552382441
1145.172414,,0.003001826472071541,1144.37,0.47600001096725464,-2.563504384070693
1145.637931,,0.005838460119509085,1144.831,0.48899999260902405,-2.535089805748014
1146.103448,,0.010808437450851187,1145.3,0.4830000102519989,-2.5480540304794785
1146.568966,,0.010481980957574799,1145.764,0.4519999921321869,-2.615472794013377
1147.0344830000001,,0.005060485165915215,1146.226,0.4650000035762787,-2.5870237070127162
1147.5,,0.0025733542780011125,1146.692,0.4959999918937683,-2.51935503845403
1147.965517,,0.008674591488903302,1147.16,0.47200000286102295,-2.5715110429757377
1148.431034,,0.0118648310021188,1147.626,0.4740000069141388,-2.567025480666202
1148.8965520000002,,0.013801828979522953,1148.091,0.4749999940395355,-2.5647262158545283
1149.362069,,0.016317135058728338,1148.549,0.4819999933242798,-2.5493662051629458
1149.827586,,0.018610870035015794,1149.017,0.47600001096725464,-2.5623430783028045
1150.2931030000002,,0.017951456949699567,1149.482,0.46399998664855957,-2.588409820376078
1150.758621,,0.012861997047045739,1149.949,0.4779999852180481,-2.557852381121603
1151.2241379999998,,0.005038022482535059,1150.415,0.5109999775886536,-2.4859224071328514
1151.689655,,0.0017903049984710432,1150.875,0.47200000286102295,-2.570877454585483
1152.155172,,0.0046046730990585375,1151.344,0.45100000500679016,-2.616641140832831
1152.62069,,0.0032635839004627114,1151.805,0.49300000071525574,-2.5251749016222758
1153.086207,,0.0007536678680164314,1152.274,0.4880000054836273,-2.5361282097023814
1153.551724,,0.0009464163705403718,1152.74,0.4790000021457672,-2.5558172212774535
1154.017241,,0.005094799241542561,1153.204,0.4880000054836273,-2.5363097037556566
1154.482759,,0.010506352243094616,1153.67,0.46700000762939453,-2.582178281437001
1154.948276,,0.01320386939173312,1154.135,0.4729999899864197,-2.569237172170909
1155.413793,,0.011719160870106717,1154.601,0.46799999475479126,-2.58027141960963
1155.87931,,0.008187484458552604,1155.061,0.46299999952316284,-2.5913119190689238
1156.344828,,0.006429086415528973,1155.526,0.48899999260902405,-2.5348159149268694
1156.810345,,0.00889234559944238,1155.994,0.5740000009536743,-2.349774136357702
1157.2758620000002,,0.014415437014742639,1156.459,0.48100000619888306,-2.552520168074423
1157.741379,,0.01923572834708917,1156.92,0.4650000035762787,-2.5874966628506857
1158.2068969999998,,0.021545407293991153,1157.39,0.49000000953674316,-2.5331332461506255
1158.672414,,0.024570230881649988,1157.853,0.47699999809265137,-2.5615396988007046
1159.137931,,0.03329198862566891,1158.315,0.4830000102519989,-2.548530180881329
1159.6034479999998,,0.0482755810648017,1158.779,0.47200000286102295,-2.5725343443098656
1160.068966,,0.06462381397769582,1159.248,0.4480000138282776,-2.624836881887625
1160.534483,,0.07717754920789448,1159.714,0.4830000102519989,-2.548574861021466
1161.0,,0.08491524704062955,1160.178,0.4749999940395355,-2.5659697533450565
1161.4655169999999,,0.08967452691078479,1160.644,0.47200000286102295,-2.572446700225418
1161.931034,,0.09229964970636102,1161.108,0.49000000953674316,-2.533148715420958
1162.396552,,0.09158970368812802,1161.574,0.46399998664855957,-2.589690050565846
1162.862069,,0.08663668722730018,1162.039,0.47200000286102295,-2.5721391825958855
1163.327586,,0.07906067934203807,1162.505,0.4729999899864197,-2.5698243865127504
1163.793103,,0.07254274019981881,1162.964,0.4880000054836273,-2.536997234000563
1164.2586210000002,,0.07015268677993566,1163.429,0.46799999475479126,-2.5804156294278817
1164.724138,,0.07188223341840211,1163.899,0.4830000102519989,-2.5475786522375987
1165.1896550000001,,0.0747784753644542,1164.361,0.492000013589859,-2.527815241576337
1165.655172,,0.07595291659519776,1164.831,0.4950000047683716,-2.5211293425658154
1166.12069,,0.0755315178020594,1165.292,0.492000013589859,-2.527525212604915
1166.5862069999998,,0.07611381509039183,1165.761,0.47200000286102295,-2.570972855043845
1167.051724,,0.07936710451739565,1166.223,0.46399998664855957,-2.5882963585519203
1167.517241,,0.08413686558223882,1166.689,0.47099998593330383,-2.5729637258340006
1167.982759,,0.08827657673753224,1167.149,0.48100000619888306,-2.551121206468018
1168.4482759999999,,0.09111675252847869,1167.614,0.4650000035762787,-2.585951526978041
1168.913793,,0.09307886538018684,1168.086,0.4880000054836273,-2.535843597964769
1169.37931,,0.09391219074987116,1168.544,0.4569999873638153,-2.6034121959591774
1169.844828,,0.09306397373385897,1169.009,0.492000013589859,-2.5272187859032704
1170.310345,,0.09148506732217743,1169.475,0.47600001096725464,-2.5621636133607777
1170.775862,,0.09128276848816375,1169.949,0.49399998784065247,-2.523058811608182
1171.241379,,0.09316343218919301,1170.407,0.46399998664855957,-2.5885506962144076
1171.706897,,0.09541533594026537,1170.875,0.47699999809265137,-2.560379056737479
1172.1724140000001,,0.09600566712794953,1171.337,0.4779999852180481,-2.5583654406151033
1172.637931,,0.09487744575312784,1171.801,0.47600001096725464,-2.562896839908283
1173.103448,,0.09335126525987646,1172.271,0.4880000054836273,-2.536931081407605
1173.568966,,0.09164920608097184,1172.729,0.48500001430511475,-2.5436432441289027
1174.034483,,0.08829073652841296,1173.199,0.46799999475479126,-2.5808496854495084
1174.5,,0.08248429037051999,1173.665,0.48899999260902405,-2.5352557021968125
1174.9655169999999,,0.07601562467474615,1174.126,0.4880000054836273,-2.5375749526766076
1175.431034,,0.07151036788302698,1174.592,0.4779999852180481,-2.5594805445901696
1175.896552,,0.06924134711759253,1175.058,0.47699999809265137,-2.5617532795156004
1176.362069,,0.06697276525928675,1175.524,0.47600001096725464,-2.5639982432112682
1176.8275859999999,,0.0631376130030417,1175.99,0.4650000035762787,-2.5879999521426864
1177.293103,,0.05896541643161632,1176.455,0.46799999475479126,-2.581469727678091
1177.758621,,0.056471283621883736,1176.919,0.47600001096725464,-2.5640147532987037
1178.224138,,0.05468757554247847,1177.381,0.46799999475479126,-2.5813869512847702
1178.689655,,0.049163742373209855,1177.849,0.46399998664855957,-2.59001476898203
1179.155172,,0.036308908261623335,1178.311,0.47999998927116394,-2.555041998566329
1179.62069,,0.01779799972576134,1178.775,0.46799999475479126,-2.5810465446914845
1180.086207,,0.002953694694115262,1179.245,0.4830000102519989,-2.5482063529631698
1180.5517240000001,,0.03426246741407574,1179.711,0.46399998664855957,-2.589423635701845
1181.017241,,0.10701869738388349,1180.17,0.48899999260902405,-2.5347686070997346
1181.4827590000002,,0.2629667059273306,1180.636,0.4729999899864197,-2.569431715668753
1181.948276,,0.5182475103303181,1181.1,0.4650000035762787,-2.586665112535989
1182.413793,,0.8318045830870165,1181.566,0.48399999737739563,-2.5450806142064097
1182.8793099999998,,1.1152788538618053,1182.03,0.492000013589859,-2.5274718274993657
1183.344828,,1.2849849610592234,1182.496,0.46399998664855957,-2.5883105074445396
1183.8103449999999,,1.3125028912990355,1182.96,0.492000013589859,-2.5271662119954668
1184.275862,,1.230484466854578,1183.426,0.4880000054836273,-2.5357643780708523
1184.741379,,1.0962197226608648,1183.893,0.48100000619888306,-2.550927710508254
1185.206897,,0.9525616432120938,1184.356,0.46799999475479126,-2.579195851325424
1185.672414,,0.815236157130735,1184.824,0.48399999737739563,-2.5443184659962275
1186.137931,,0.6820485600259913,1185.286,0.3700000047683716,-2.792703662885245
1186.603448,,0.5454812440739835,1185.757,0.47600001096725464,-2.561826087968266
1187.068966,,0.3997001262637731,1186.219,0.4729999899864197,-2.5684581850920623
1187.5344830000001,,0.24418654745851867,1186.685,0.4819999933242798,-2.5489786217310315
1188.0,,0.08647587386810851,1187.149,0.48500001430511475,-2.542599138419012
1188.465517,,0.059818511094840404,1187.615,0.49000000953674316,-2.5318857662615186
1188.9310340000002,,0.18473768408944433,1188.075,0.46000000834465027,-2.5974435627214953
1189.3965520000002,,0.29041549862024907,1188.541,0.48399999737739563,-2.5453675458278258
1189.862069,,0.3852264219050685,1189.009,0.49000000953674316,-2.5325136792320495
1190.3275859999999,,0.46923629593014743,1189.474,0.4790000021457672,-2.5566964351052013
1190.793103,,0.532304314698202,1189.938,0.49000000953674316,-2.5329419852217336
1191.258621,,0.5694468988827002,1190.401,0.4699999988079071,-2.5767126210849822
1191.724138,,0.5912337570950037,1190.864,0.5759999752044678,-2.3459529581104577
1192.189655,,0.6131781633129192,1191.334,0.4819999933242798,-2.5508953150327813
1192.655172,,0.6384747513470733,1191.797,0.47999998927116394,-2.5553713292286995
1193.12069,,0.6566922612407231,1192.26,0.4779999852180481,-2.5598149910839854
1193.586207,,0.6578544058081224,1192.725,0.4740000069141388,-2.568581100942561
1194.051724,,0.6428616451489301,1193.195,0.4580000042915344,-2.6034551118245712
1194.517241,,0.6199074367462403,1193.661,0.4699999988079071,-2.577290838954868
1194.982759,,0.5950491644356958,1194.119,0.4830000102519989,-2.548911774028257
1195.448276,,0.569059992696652,1194.585,0.49399998784065247,-2.524854490637417
1195.913793,,0.541799119327813,1195.052,0.4779999852180481,-2.559587230937455
1196.37931,,0.515912283483665,1195.518,0.48100000619888306,-2.5528959494532617
1196.844828,,0.4941581795932361,1195.982,0.46799999475479126,-2.5810383059920636
1197.310345,,0.4743950892609517,1196.448,0.47699999809265137,-2.5612309177128214
1197.7758620000002,,0.45033132563147865,1196.915,0.47999998927116394,-2.5544815861804318
1198.241379,,0.41856388517870236,1197.378,0.47200000286102295,-2.5716894950680915
1198.706897,,0.38315979490735813,1197.846,0.46700000762939453,-2.582360364057311
1199.172414,,0.3513902652476921,1198.308,0.4880000054836273,-2.5363916630005017
1199.637931,,0.32533034338328826,1198.771,0.46700000762939453,-2.5819375532042144
1200.1034479999998,,0.29907877150323564,1199.234,0.45899999141693115,-2.5991789599599415
1200.568966,,0.26465884425941844,1199.7,0.4699999988079071,-2.5750499219244305
1201.034483,,0.22015646219678386,1200.164,0.4320000112056732,-2.657703920645581
1201.5,,0.17172557685337703,1200.629,0.4830000102519989,-2.5464916421219113
1201.965517,,0.12776742420219278,1201.101,0.47600001096725464,-2.561676409717327
1202.431034,,0.09146443947234531,1201.559,0.46700000762939453,-2.5812553160491576
1202.896552,,0.05908361869864836,1202.027,0.4860000014305115,-2.5398699051340943
1203.362069,,0.025140905332158237,1202.493,0.49000000953674316,-2.5312012704195106
1203.827586,,0.011544852357833674,1202.96,0.46399998664855957,-2.587928016131996
1204.293103,,0.04713592052055997,1203.425,0.4740000069141388,-2.566257614179241
1204.7586210000002,,0.07733593046359523,1203.886,0.4779999852180481,-2.557690335047462
1205.224138,,0.10187364214953679,1204.356,0.4699999988079071,-2.5752935901431435
1205.6896550000001,,0.124444535986454,1204.816,0.503000020980835,-2.5035937242036166
1206.1551720000002,,0.1484885444617378,1205.279,0.47600001096725464,-2.562628287090967
1206.62069,,0.17315496946089184,1205.745,0.4259999990463257,-2.6717825495942877
1207.0862069999998,,0.19388097053835263,1206.21,0.47600001096725464,-2.5630777246995042
1207.551724,,0.20750016240502686,1206.675,0.46799999475479126,-2.5807331570257275
1208.017241,,0.21634158027476724,1207.142,0.4880000054836273,-2.5373773016252383
1208.482759,,0.226171435458566,1207.608,0.46399998664855957,-2.5898665276199018
1208.948276,,0.23997734924990455,1208.075,0.4749999940395355,-2.566081818752317
1209.413793,,0.2548525870840428,1208.541,0.39800000190734863,-2.7339932201678563
1209.87931,,0.26558740652876844,1209.005,0.49000000953674316,-2.533684139430377
1210.344828,,0.27056753597903155,1209.464,0.47200000286102295,-2.572992126778017
1210.810345,,0.27297850549972597,1209.934,0.48899999260902405,-2.536008657576608
1211.275862,,0.27602270586300587,1210.397,0.4729999899864197,-2.570879992909033
1211.741379,,0.2782412837377237,1210.86,0.4819999933242798,-2.551243932015974
1212.206897,,0.27511689223899694,1211.33,0.4880000054836273,-2.5381030613647573
1212.6724140000001,,0.26516723402470277,1211.794,0.4650000035762787,-2.5881041363210193
1213.137931,,0.2528297674068961,1212.256,0.49000000953674316,-2.5334943633225326
1213.603448,,0.24454367965940393,1212.722,0.5019999742507935,-2.507174772059995
1214.0689659999998,,0.2426505160698383,1213.185,0.4830000102519989,-2.5483653025956445
1214.534483,,0.2435424663798999,1213.651,0.4860000014305115,-2.5416041869767834
1215.0,,0.2412899872225189,1214.115,0.5019999742507935,-2.506505816333119
1215.4655169999999,,0.232598270740118,1214.581,0.4699999988079071,-2.5759747556379406
1215.931034,,0.21818314991994744,1215.046,0.4819999933242798,-2.5495835926619765
1216.396552,,0.19998405243961326,1215.511,0.47600001096725464,-2.5624162258830814
1216.862069,,0.17878806798316738,1215.976,0.48500001430511475,-2.542584433946525
1217.3275859999999,,0.1558607297565128,1216.441,0.46399998664855957,-2.5881345039149215
1217.793103,,0.13526487127055692,1216.904,0.4650000035762787,-2.5857833314335728
1218.258621,,0.12134847851088826,1217.374,0.46399998664855957,-2.5878243943676034
1218.724138,,0.11352077726135941,1217.835,0.4729999899864197,-2.568117926792129
1219.1896550000001,,0.10614141994256156,1218.304,0.4830000102519989,-2.546274382771898
1219.655172,,0.09450695793030026,1218.767,0.4659999907016754,-2.583297696063043
1220.12069,,0.078896227384562,1219.23,0.4429999887943268,-2.633437540656827
1220.586207,,0.062209898777832895,1219.696,0.48399999737739563,-2.5441880794300493
1221.0517240000001,,0.04618764639148787,1220.159,0.46399998664855957,-2.5878776113314386
1221.517241,,0.031099190012353575,1220.625,0.47099998593330383,-2.5727813277683187
1221.982759,,0.017090680485879733,1221.09,0.4740000069141388,-2.5664327656913994
1222.4482759999999,,0.004283589274445806,1221.555,0.492000013589859,-2.52743144771049
1222.913793,,0.007684553306550489,1222.02,0.49399998784065247,-2.5233083154859925
1223.37931,,0.019327642956134025,1222.486,0.47999998927116394,-2.5540560540048376
1223.844828,,0.030525426261717295,1222.952,0.47099998593330383,-2.5739163594439924
1224.3103449999999,,0.04019924217485038,1223.418,0.47699999809265137,-2.5610956132511067
1224.775862,,0.0472251373227329,1223.879,0.47200000286102295,-2.572231237855855
1225.241379,,0.052371595379728554,1224.349,0.5540000200271606,-2.3938068117178863
1225.706897,,0.05883896393399546,1224.812,0.46799999475479126,-2.581369904464073
1226.1724140000001,,0.06919071004255242,1225.275,0.48500001430511475,-2.5445018389989253
1226.637931,,0.08114101326318969,1225.74,0.4339999854564667,-2.655748784735287
1227.103448,,0.08796221003368396,1226.204,0.46799999475479126,-2.5817741561853844
1227.568966,,0.0849863245581335,1226.67,0.4699999988079071,-2.577476659193173
1228.0344830000001,,0.07567545687136602,1227.137,0.4740000069141388,-2.568779552045502
1228.5,,0.06949595232385403,1227.603,0.48500001430511475,-2.544788580019423
1228.965517,,0.07271070296602125,1228.068,0.47999998927116394,-2.5556130087696176
1229.4310340000002,,0.08223278192486297,1228.534,0.49399998784065247,-2.5250016600579137
1229.896552,,0.08980806111233645,1228.994,0.48399999737739563,-2.5466394368551284
1230.3620689999998,,0.09140315549604838,1229.459,0.4620000123977661,-2.5943874590099396
1230.8275859999999,,0.09035555348370504,1229.927,0.44200000166893005,-2.6377514772360313
1231.293103,,0.09120137486466937,1230.39,0.4880000054836273,-2.53730431517433
1231.758621,,0.09324074729872181,1230.86,0.47699999809265137,-2.5610254845765525
1232.224138,,0.0924031405036776,1231.322,0.48100000619888306,-2.552058841573017
1232.689655,,0.08791480510420444,1231.79,0.47699999809265137,-2.560520965693943
1233.155172,,0.08396909553242107,1232.252,0.4830000102519989,-2.547203540033586
1233.62069,,0.08431277273733279,1232.718,0.4970000088214874,-2.516470832345385
1234.086207,,0.0874031202857884,1233.181,0.492000013589859,-2.5271527217326497
1234.551724,,0.08837045948736914,1233.647,0.47600001096725464,-2.561826654827097
1235.017241,,0.08493212769146459,1234.112,0.47999998927116394,-2.55296078042975
1235.482759,,0.0799728273131872,1234.577,0.47600001096725464,-2.5615620369497334
1235.948276,,0.07808107710597516,1235.042,0.4959999918937683,-2.5179170858164914
1236.4137930000002,,0.08036415766373525,1235.508,0.4790000021457672,-2.554925362457946
1236.87931,,0.08327339763218802,1235.975,0.4729999899864197,-2.5680132608686566
1237.344828,,0.08211240746836339,1236.44,0.47200000286102295,-2.570252875601355
1237.8103449999999,,0.07494437511663854,1236.901,0.47999998927116394,-2.5529281028900166
1238.275862,,0.06336800403310548,1237.371,0.47699999809265137,-2.5596086578844712
1238.7413789999998,,0.05082973973509137,1237.831,0.47200000286102295,-2.5706826469269854
1239.206897,,0.04086613372100981,1238.294,0.46700000762939453,-2.5817878252515465
1239.672414,,0.03587457261327712,1238.764,0.4790000021457672,-2.5558809847675557
1240.137931,,0.0357074678683161,1239.226,0.4699999988079071,-2.5757435377493567
1240.603448,,0.03689996598592881,1239.692,0.4819999933242798,-2.5498644928604457
1241.068966,,0.034577780572862225,1240.157,0.47600001096725464,-2.5632029855918295
1241.534483,,0.02643474241544223,1240.622,0.4860000014305115,-2.5416768114223873
1242.0,,0.014832268560910978,1241.09,0.46700000762939453,-2.583317294785174
1242.465517,,0.0048635163731070305,1241.549,0.4830000102519989,-2.548683655137716
1242.931034,,0.0007429963059507709,1242.016,0.4690000116825104,-2.579381221290442
1243.3965520000002,,0.0034054323318939857,1242.482,0.46799999475479126,-2.58172229028162
1243.862069,,0.009704122946888416,1242.949,0.45500001311302185,-2.610168443027675
1244.327586,,0.013313890272786275,1243.415,0.4690000116825104,-2.579748764689157
1244.793103,,0.008233334631866325,1243.875,0.46399998664855957,-2.5906782133342325
1245.2586210000002,,0.006532785279950746,1244.345,0.4490000009536743,-2.6233476153489454
1245.724138,,0.02566094330626509,1244.805,0.48899999260902405,-2.5361447832450716
1246.189655,,0.041863116499853234,1245.275,0.47200000286102295,-2.5730788047987527
1246.655172,,0.05167907954067811,1245.734,0.4830000102519989,-2.548966994499198
1247.12069,,0.05674663237120327,1246.204,0.4580000042915344,-2.6032474276385122
1247.5862069999998,,0.0605562978621561,1246.67,0.4729999899864197,-2.5703485476341905
1248.051724,,0.06537690347135885,1247.135,0.4790000021457672,-2.5570302751880067
1248.517241,,0.07143793329489963,1247.601,0.47200000286102295,-2.572014173066226
1248.982759,,0.07688205149124736,1248.06,0.4749999940395355,-2.565199330839848
1249.448276,,0.07806179088564902,1248.526,0.46000000834465027,-2.5975965229455436
1249.913793,,0.07121541360766606,1248.993,0.47099998593330383,-2.5733541469757855
1250.37931,,0.05488757473471973,1249.459,0.48899999260902405,-2.533874355324227
1250.844828,,0.031160025380804146,1249.92,0.47099998593330383,-2.5728467071014416
1251.310345,,0.004941696383636955,1250.39,0.47600001096725464,-2.5617385809279165
1251.775862,,0.01811458171084887,1250.852,0.47200000286102295,-2.5702738580641373
1252.241379,,0.0340254629562633,1251.315,0.492000013589859,-2.526562400497395
1252.706897,,0.04191873229453688,1251.783,0.492000013589859,-2.5264686988942517
1253.1724140000001,,0.04364361106111365,1252.245,0.4650000035762787,-2.585246665344141
1253.6379310000002,,0.04179116959486173,1252.711,0.47200000286102295,-2.5700013580727488
1254.1034479999998,,0.037499610527923326,1253.177,0.47600001096725464,-2.5613432614197587
1254.5689659999998,,0.03024224935426818,1253.643,0.47200000286102295,-2.57016419761995
1255.034483,,0.020418948445720262,1254.108,0.46399998664855957,-2.587746972604457
1255.5,,0.011721938097715571,1254.574,0.48100000619888306,-2.550906444004465
1255.9655169999999,,0.009300297606542895,1255.039,0.47200000286102295,-2.5707479014547214
1256.431034,,0.014765767794811582,1255.504,0.47200000286102295,-2.5710117731155337
1256.896552,,0.023643444557753173,1255.964,0.46700000762939453,-2.5821916150312667
1257.362069,,0.02844473052973886,1256.43,0.4690000116825104,-2.5781352385426644
1257.827586,,0.024378583199203278,1256.898,0.47600001096725464,-2.5631907584036697
1258.293103,,0.012336557488047236,1257.36,0.48500001430511475,-2.543884315037135
1258.758621,,0.0028149284052125033,1257.83,0.46799999475479126,-2.5812087455107577
1259.224138,,0.01605922253205937,1258.293,0.47600001096725464,-2.56404424037445
1259.6896550000001,,0.024815839111397727,1258.756,0.4860000014305115,-2.542491429640351
1260.155172,,0.029298067118432497,1259.219,0.47200000286102295,-2.5731874708267304
1260.6206900000002,,0.03130731844911621,1259.685,0.4869999885559082,-2.540657822575498
1261.086207,,0.03227254465921897,1260.149,0.47699999809265137,-2.562544431687532
1261.5517240000001,,0.03171264858116514,1260.615,0.492000013589859,-2.5299112738122043
1262.017241,,0.027618717270591214,1261.083,0.36000001430511475,-2.81748636141658
1262.482759,,0.018790390491908067,1261.548,0.47600001096725464,-2.564705475483292
1262.9482759999999,,0.006638864910089664,1262.013,0.46299999952316284,-2.5929189704783955
1263.413793,,0.005934551190416621,1262.479,0.5299999713897705,-2.446788963736491
1263.87931,,0.016969181557845766,1262.942,0.5,-2.5119388568035435
1264.344828,,0.025354203917893593,1263.404,0.4790000021457672,-2.557438231581636
1264.8103449999999,,0.028850059939210384,1263.875,0.45500001311302185,-2.609439982174086
1265.275862,,0.025029976081499823,1264.337,0.47600001096725464,-2.5633783843496776
1265.741379,,0.015085602147886176,1264.805,0.46700000762939453,-2.582661232831688
1266.206897,,0.004033623296905508,1265.267,0.48399999737739563,-2.545293636712524
1266.6724140000001,,0.004584659382122443,1265.733,0.4740000069141388,-2.566753751819626
1267.137931,,0.01233667765710409,1266.195,0.46399998664855957,-2.5882284503800137
1267.603448,,0.022544848891847928,1266.661,0.4480000138282776,-2.622800011405567
1268.068966,,0.03474761690110323,1267.128,0.4690000116825104,-2.576796060222062
1268.5344830000001,,0.04453621192127423,1267.593,0.47099998593330383,-2.5722283878657572
1269.0,,0.048695648933696024,1268.06,0.45100000500679016,-2.6156394331815256
1269.465517,,0.048941229224160394,1268.519,0.421999990940094,-2.6787134644264774
1269.9310340000002,,0.04964326337871623,1268.991,0.47600001096725464,-2.561018649524776
1270.396552,,0.05229847279172257,1269.449,0.4740000069141388,-2.565387680488309
1270.862069,,0.05363345522370053,1269.919,0.4779999852180481,-2.556743225718857
1271.3275859999999,,0.05004663062785842,1270.382,0.47699999809265137,-2.559048401124102
1271.793103,,0.042895404165446786,1270.845,0.46799999475479126,-2.5788358675175704
1272.258621,,0.03747225264215259,1271.315,0.47600001096725464,-2.5616343729825606
1272.724138,,0.03663472101041226,1271.778,0.47600001096725464,-2.561903461683395
1273.189655,,0.03734437641241211,1272.241,0.46799999475479126,-2.5796352138268044
1273.655172,,0.03444664228585876,1272.707,0.48500001430511475,-2.542925099683502
1274.12069,,0.026498870702099254,1273.171,0.47200000286102295,-2.5715889708186213
1274.586207,,0.016668380194836376,1273.636,0.4869999885559082,-2.5392547577581883
1275.0517240000001,,0.008807104559671156,1274.103,0.46700000762939453,-2.583166931421243
1275.517241,,0.0038640043820261224,1274.569,0.46399998664855957,-2.590026147570196
1275.982759,,0.00040382875992717935,1275.03,0.4729999899864197,-2.5707159835772058
1276.448276,,0.007309475678404923,1275.496,0.4950000047683716,-2.523047983474356
1276.9137930000002,,0.01852440031784132,1275.96,0.47600001096725464,-2.5646604942899494
1277.37931,,0.03239685016630745,1276.426,0.46399998664855957,-2.590972114287554
1277.844828,,0.044733774230979455,1276.894,0.47999998927116394,-2.55622627314321
1278.3103449999999,,0.05161383198077073,1277.356,0.4880000054836273,-2.53885016675701
1278.775862,,0.05148248567558059,1277.819,0.492000013589859,-2.5301266733317016
1279.2413789999998,,0.04492850203439442,1278.289,0.4729999899864197,-2.571450225286884
1279.706897,,0.034008177011480775,1278.757,0.48899999260902405,-2.536461261899343
1280.172414,,0.022601426911610156,1279.22,0.4819999933242798,-2.5515251007171873
1280.637931,,0.015341072874104507,1279.685,0.47999998927116394,-2.555645010399601
1281.103448,,0.013644287601160298,1280.145,0.49399998784065247,-2.5248627892100397
1281.568966,,0.013601047209845157,1280.61,0.46399998664855957,-2.5899058507886856
1282.034483,,0.010174561293572701,1281.076,0.49300000071525574,-2.5263831013934235
1282.5,,0.0031984260856275887,1281.541,0.4749999940395355,-2.5652415558383552
1282.965517,,0.002694106751495371,1282.008,0.45500001311302185,-2.6084532155835705
1283.431034,,0.0037308295886419075,1282.474,0.47600001096725464,-2.56234792419987
1283.8965520000002,,0.0007403019121212257,1282.934,0.47600001096725464,-2.562012220751004
1284.362069,,0.0025218498196950385,1283.404,0.4740000069141388,-2.566061654041031
1284.827586,,0.0027137761147297914,1283.864,0.49000000953674316,-2.530932405575315
1285.2931030000002,,0.0019080634460485082,1284.334,0.4699999988079071,-2.5742797192987577
1285.758621,,0.011476325876654616,1284.797,0.48500001430511475,-2.5414265790584043
1286.2241379999998,,0.023550140926887862,1285.26,0.46399998664855957,-2.587062878296359
1286.689655,,0.0326262402019342,1285.725,0.46299999952316284,-2.58918830082389
1287.155172,,0.03291377571066365,1286.195,0.4359999895095825,-2.6480235929239235
1287.62069,,0.023240300103313544,1286.654,0.47999998927116394,-2.552239714956603
1288.086207,,0.009141294597282232,1287.119,0.46399998664855957,-2.5872366869897663
1288.551724,,0.0009404749947020556,1287.585,0.4740000069141388,-2.5656460869344904
1289.017241,,0.0024971854469529177,1288.051,0.4729999899864197,-2.568072131778875
1289.482759,,0.0015568720442583313,1288.516,0.45899999141693115,-2.5988646533495023
1289.948276,,0.0041562617939311115,1288.982,0.48100000619888306,-2.551261162863174
1290.413793,,0.0007306827070374146,1289.448,0.4740000069141388,-2.566863572511576
1290.87931,,0.007322399732413905,1289.911,0.47999998927116394,-2.554157668794917
1291.344828,,0.014943062975096913,1290.374,0.49000000953674316,-2.5327397647087926
1291.810345,,0.018138846386772475,1290.845,0.46399998664855957,-2.589744799525495
1292.2758620000002,,0.016598540310908527,1291.307,0.48399999737739563,-2.5465128331789586
1292.741379,,0.012991821503442118,1291.775,0.47999998927116394,-2.5555388631676452
1293.2068969999998,,0.010656317043082227,1292.238,0.460999995470047,-2.597205622942777
1293.672414,,0.011565789402097187,1292.704,0.4779999852180481,-2.56039422835026
1294.137931,,0.015380805935772077,1293.167,0.4560000002384186,-2.6084965056291036
1294.6034479999998,,0.019750159667710664,1293.633,0.4779999852180481,-2.560679478694847
1295.068966,,0.02189850797333992,1294.1,0.48899999260902405,-2.536764583713864
1295.534483,,0.02062709990532259,1294.559,0.49000000953674316,-2.5345707272802454
1296.0,,0.016801792334788967,1295.026,0.4699999988079071,-2.57806364267164
1296.4655169999999,,0.01192581046328308,1295.492,0.46299999952316284,-2.5931724047330196
1296.931034,,0.007100000119067798,1295.956,0.4860000014305115,-2.5428644538409735
1297.396552,,0.0036018316265586875,1296.422,0.5049999952316284,-2.5012187867930464
1297.862069,,0.002895421327988841,1296.89,0.47200000286102295,-2.572817601361101
1298.327586,,0.004729277485376321,1297.352,0.5090000033378601,-2.491874949589147
1298.793103,,0.006142796147582425,1297.816,0.4819999933242798,-2.550339739386064
1299.258621,,0.0040298582990675345,1298.285,0.4729999899864197,-2.5695741870900806
1299.724138,,0.0012256765204473761,1298.744,0.47600001096725464,-2.5626624148279595
1300.1896550000001,,0.00577459176644334,1299.21,0.48100000619888306,-2.5514025438512067
1300.655172,,0.006327079466341411,1299.675,0.47699999809265137,-2.5597707783858237
1301.12069,,0.0034654873132415674,1300.142,0.4790000021457672,-2.555098029791129
1301.5862069999998,,0.0006954388636233422,1300.608,0.47200000286102295,-2.5700739225955234
1302.051724,,0.0010471733720399934,1301.075,0.4830000102519989,-2.545883395295193
1302.517241,,0.005062260844999528,1301.534,0.4699999988079071,-2.574036692484973
1302.982759,,0.01097207832532269,1302.001,0.4779999852180481,-2.5564999258703875
1303.4482759999999,,0.015511574225672318,1302.466,0.4819999933242798,-2.5477424824269232
1303.913793,,0.015212298588730614,1302.934,0.46700000762939453,-2.580445464081196
1304.37931,,0.008998862116803306,1303.397,0.4659999907016754,-2.5827133476586965
1304.844828,,0.00020769083525443144,1303.86,0.47600001096725464,-2.561079336694696
1305.310345,,0.0055900523107304334,1304.329,0.4749999940395355,-2.5634688481307206
1305.775862,,0.006155284261334279,1304.79,0.4860000014305115,-2.5397659661348353
1306.241379,,0.005227642420487228,1305.26,0.48500001430511475,-2.542249864707265
1306.706897,,0.008455601801962094,1305.725,0.4830000102519989,-2.546945935226431
1307.1724140000001,,0.016979991537647312,1306.188,0.4819999933242798,-2.549486583685661
1307.637931,,0.025795576784621944,1306.654,0.47699999809265137,-2.5607540489383718
1308.103448,,0.028457548117912373,1307.119,0.46700000762939453,-2.5829159372435875
1308.568966,,0.023231882174422437,1307.585,0.4740000069141388,-2.568030817976287
1309.0344830000001,,0.014585383486282967,1308.049,0.47200000286102295,-2.572732291184788
1309.5,,0.008521672570402147,1308.515,0.49000000953674316,-2.533828513863135
1309.9655169999999,,0.006796634684667048,1308.975,0.46399998664855957,-2.5907433673641806
1310.431034,,0.006304157278653305,1309.441,0.46700000762939453,-2.584427556076391
1310.896552,,0.003560851336209658,1309.904,0.4740000069141388,-2.569340886876245
1311.362069,,0.0015701154977885083,1310.374,0.48399999737739563,-2.547656373776139
1311.8275859999999,,0.006597294840407621,1310.838,0.4790000021457672,-2.5585860337615287
1312.293103,,0.009477650468340175,1311.3,0.4790000021457672,-2.558555735918717
1312.758621,,0.01028983918888818,1311.764,0.4749999940395355,-2.5671743703421273
1313.224138,,0.01029442753787588,1312.234,0.48500001430511475,-2.5452290302886356
1313.689655,,0.01001568216730518,1312.699,0.48500001430511475,-2.545011940838265
1314.155172,,0.008787460000760885,1313.164,0.49300000071525574,-2.527313711946808
1314.62069,,0.006296717202865507,1313.629,0.49399998784065247,-2.5248220084224267
1315.086207,,0.003929715338992435,1314.093,0.46700000762939453,-2.5832983791621684
1315.5517240000001,,0.0038924542594415247,1314.559,0.460999995470047,-2.5960009953933554
1316.017241,,0.007042815323268739,1315.024,0.48899999260902405,-2.534618951432227
1316.482759,,0.011836858845296018,1315.49,0.4699999988079071,-2.5756339880332404
1316.948276,,0.015259321565037107,1315.95,0.46700000762939453,-2.5818031738733715
1317.4137930000002,,0.014954235944638726,1316.416,0.4699999988079071,-2.5749247779756783
1317.8793099999998,,0.011273874026393071,1316.886,0.4699999988079071,-2.5746170860365294
1318.344828,,0.007452445264952588,1317.348,0.4729999899864197,-2.5678175975366533
1318.8103449999999,,0.006847658978501479,1317.809,0.46700000762939453,-2.580678122775786
1319.275862,,0.00956248000038462,1318.278,0.4690000116825104,-2.576168318369617
1319.741379,,0.012448799173280563,1318.745,0.4950000047683716,-2.5194339926380027
1320.206897,,0.012625414491378531,1319.21,0.4909999966621399,-2.528123959494962
1320.672414,,0.01029221073997553,1319.675,0.48500001430511475,-2.5412365009552476
1321.137931,,0.008036545341631703,1320.134,0.4819999933242798,-2.5478776342889153
1321.603448,,0.008099610019538617,1320.6,0.48500001430511475,-2.5415082144132803
1322.068966,,0.010442169118105535,1321.065,0.492000013589859,-2.5264804302315875
1322.5344830000001,,0.012991940484589624,1321.53,0.46799999475479126,-2.5790403587255715
1323.0,,0.013557374645839398,1321.997,0.47600001096725464,-2.5619253184823347
1323.465517,,0.011472056915673025,1322.463,0.46799999475479126,-2.5797013432137725
1323.931034,,0.007440663471262026,1322.93,0.4790000021457672,-2.5561049336426427
1324.3965520000002,,0.0023458408324325006,1323.393,0.4659999907016754,-2.5848067867367983
1324.862069,,0.0033047246397147844,1323.856,0.48899999260902405,-2.5350760855187167
1325.327586,,0.009196206516009222,1324.319,0.4729999899864197,-2.5702996180655853
1325.793103,,0.0149627466838871,1324.787,0.4729999899864197,-2.570640594886331
1326.258621,,0.01970302410613497,1325.249,0.453000009059906,-2.61452051824705
1326.724138,,0.021661587937081384,1325.715,0.4749999940395355,-2.5668540914481217
1327.189655,,0.01957230073114629,1326.186,0.46399998664855957,-2.5910314616450374
1327.655172,,0.01489261041602767,1326.644,0.4749999940395355,-2.567220040868763
1328.12069,,0.011349236853192213,1327.115,0.4749999940395355,-2.567310212328439
1328.586207,,0.011076001168115182,1327.581,0.492000013589859,-2.5302962736986134
1329.051724,,0.012113527202704769,1328.046,0.49000000953674316,-2.5346082215405006
1329.517241,,0.011013019627344677,1328.504,0.4729999899864197,-2.571532780317188
1329.982759,,0.0072577367428908685,1328.971,0.4749999940395355,-2.5669997876495563
1330.448276,,0.003725643496015354,1329.437,0.48500001430511475,-2.544979779549435
1330.913793,,0.0031218074569396175,1329.905,0.4909999966621399,-2.5316232600285375
1331.37931,,0.005290074347179843,1330.367,0.4830000102519989,-2.5487250372559194
1331.844828,,0.007871540236005127,1330.83,0.46700000762939453,-2.5832238902167366
1332.310345,,0.008239054708960575,1331.3,0.49000000953674316,-2.532734681606378
1332.7758620000002,,0.004821091924788701,1331.761,0.49000000953674316,-2.532344880759774
1333.241379,,0.0017858406522077827,1332.231,0.4749999940395355,-2.5646372637538115
1333.7068969999998,,0.008330569868096053,1332.689,0.47699999809265137,-2.5599075524194124
1334.172414,,0.010928987633014899,1333.157,0.47600001096725464,-2.5617405861909286
1334.637931,,0.008790961706055086,1333.622,0.46399998664855957,-2.5875766712475574
1335.1034479999998,,0.0052359448140899744,1334.089,0.4620000123977661,-2.591674105793045
1335.568966,,0.0040160263528696985,1334.555,0.47200000286102295,-2.569684007644485
1336.034483,,0.005391402929926072,1335.019,0.4650000035762787,-2.5847932582054276
1336.5,,0.006963866128945434,1335.485,0.49399998784065247,-2.521537451463925
1336.965517,,0.007306642853053916,1335.95,0.48899999260902405,-2.532423452179339
1337.431034,,0.006751641825186965,1336.416,0.4749999940395355,-2.5629852678107423
1337.896552,,0.005119175665284531,1336.879,0.46399998664855957,-2.587078138225539
1338.362069,,0.001343626525514445,1337.341,0.45899999141693115,-2.5981629546571794
1338.827586,,0.0037844372092067447,1337.804,0.48100000619888306,-2.550482182078716
1339.293103,,0.0066260753684700725,1338.274,0.4699999988079071,-2.5747466102498904
1339.7586210000002,,0.004348515985023396,1338.74,0.48899999260902405,-2.5336916640593454
1340.224138,,0.0011767685211466186,1339.204,0.4790000021457672,-2.5558467849000412
1340.6896550000001,,0.004856884950840454,1339.67,0.4729999899864197,-2.569305342857599
1341.155172,,0.0036870246240394942,1340.135,0.4819999933242798,-2.550090383580801
1341.62069,,0.0007420197591158979,1340.6,0.46700000762939453,-2.583157117666564
1342.0862069999998,,0.004896071416251507,1341.06,0.45100000500679016,-2.618385359734437
1342.551724,,0.006790443175291936,1341.526,0.4740000069141388,-2.568618039009015
1343.017241,,0.006348670717901168,1341.991,0.46399998664855957,-2.5907069152888695
1343.482759,,0.0038098298755004866,1342.456,0.47200000286102295,-2.5735310610185844
1343.948276,,0.0006290147710624724,1342.919,0.45100000500679016,-2.619479393155291
1344.413793,,0.005549861930558898,1343.389,0.5090000033378601,-2.4932510681874764
1344.87931,,0.008170885120745663,1343.853,0.4650000035762787,-2.5891763356078723
1345.344828,,0.006979778909508631,1344.315,0.4749999940395355,-2.5673841667571975
1345.810345,,0.004053759076233217,1344.786,0.47099998593330383,-2.5760232626530297
1346.275862,,0.0028344257929642487,1345.249,0.48500001430511475,-2.5453786995280807
1346.741379,,0.003411902198675623,1345.714,0.5009999871253967,-2.5103126704784353
1347.206897,,0.0020892830254588854,1346.178,0.48500001430511475,-2.5449048393336535
1347.6724140000001,,0.0034346468950599254,1346.644,0.47099998593330383,-2.5750901952559975
1348.137931,,0.010027347587166745,1347.109,0.4830000102519989,-2.548591367194165
1348.603448,,0.011836961703644669,1347.575,0.4860000014305115,-2.5416721149953143
1349.0689659999998,,0.006794749256030384,1348.034,0.4880000054836273,-2.5369147742833174
1349.534483,,0.0008731554750442987,1348.5,0.49000000953674316,-2.5321531170394023
1350.0,,0.00531874781494651,1348.967,0.4659999907016754,-2.584045144637646
1350.4655169999999,,0.005345263526990418,1349.433,0.47699999809265137,-2.559706288600732
1350.931034,,0.004426449547711539,1349.901,0.4880000054836273,-2.5354009712463252
1351.396552,,0.004835015437066,1350.363,0.46700000762939453,-2.5808565234193903
1351.862069,,0.004503666923840503,1350.827,0.4180000126361847,-2.6873692207960627
1352.3275859999999,,0.0010956347157626291,1351.289,0.47999998927116394,-2.552115591045986
1352.793103,,0.0034075779385485064,1351.757,0.4729999899864197,-2.567256691237214
1353.258621,,0.005102923214794692,1352.219,0.46799999475479126,-2.5781110818300528
1353.724138,,0.003742124398997351,1352.684,0.4569999873638153,-2.6021097091966796
1354.1896550000001,,0.0025518865584107943,1353.149,0.492000013589859,-2.5259614714245138
1354.655172,,0.0028793854532377355,1353.615,0.46399998664855957,-2.5871354106667264
1355.12069,,0.002436525325376143,1354.082,0.4880000054836273,-2.5350811556792348
1355.586207,,0.0005097201075856808,1354.547,0.4740000069141388,-2.5658697999427957
1356.0517240000001,,0.004190205247213714,1355.012,0.4749999940395355,-2.564023931920995
1356.517241,,0.005965530561567056,1355.477,0.4909999966621399,-2.5295329545512084
1356.982759,,0.00576164711192756,1355.949,0.4830000102519989,-2.547352200623691
1357.4482759999999,,0.00517272908789654,1356.408,0.4699999988079071,-2.576075440349746
1357.913793,,0.004458853663754392,1356.871,0.47999998927116394,-2.5546883520486765
1358.3793099999998,,0.0024013480490435286,1357.334,0.4819999933242798,-2.5507163842661185
1358.844828,,0.0010028544173168862,1357.804,0.39399999380111694,-2.7427981539436415
1359.3103449999999,,0.0033302455639217924,1358.267,0.492000013589859,-2.529616539001503
1359.775862,,0.002049150143904724,1358.733,0.4970000088214874,-2.51900237080361
1360.241379,,0.0025436628394278874,1359.195,0.47200000286102295,-2.5736903125921016
1360.706897,,0.007349558886914135,1359.661,0.4790000021457672,-2.5585978019784172
1361.1724140000001,,0.009203337590619235,1360.126,0.4699999988079071,-2.578295398287849
1361.637931,,0.007397654529909438,1360.592,0.46399998664855957,-2.5913862469806213
1362.103448,,0.004029193957779984,1361.056,0.48399999737739563,-2.547760731133468
1362.568966,,0.0022053727909169627,1361.522,0.48500001430511475,-2.5454590516640576
1363.0344830000001,,0.003526354467564987,1361.987,0.46799999475479126,-2.5823063870749716
1363.5,,0.0068911197419835495,1362.452,0.46399998664855957,-2.5907711376872893
1363.965517,,0.009654083361760216,1362.915,0.4790000021457672,-2.5577893945931933
1364.4310340000002,,0.009927314980684592,1363.385,0.4909999966621399,-2.531300285354164
1364.896552,,0.007877976540423723,1363.846,0.4779999852180481,-2.5592444082194223
1365.3620689999998,,0.0050584714800640624,1364.309,0.4830000102519989,-2.5479518210536063
1365.8275859999999,,0.002635118998685839,1364.779,0.4690000116825104,-2.5780455765594956
1366.293103,,0.0003925370457052821,1365.241,0.46700000762939453,-2.5820008260744256
1366.758621,,0.002379826759058955,1365.707,0.4729999899864197,-2.568545093709928
1367.224138,,0.0053310293288213375,1366.17,0.3190000057220459,-2.9037061406037594
1367.689655,,0.00709545550437166,1366.636,0.46700000762939453,-2.5809619751996107
1368.155172,,0.006981617929912478,1367.101,0.49000000953674316,-2.530602054161534
1368.62069,,0.005803183403563562,1367.567,0.492000013589859,-2.526050794826211
1369.086207,,0.004540821503890216,1368.034,0.47600001096725464,-2.560777913110924
1369.551724,,0.00278274361249692,1368.499,0.46700000762939453,-2.5803218310192015
1370.017241,,0.0006931531651551719,1368.965,0.46000000834465027,-2.5955784143567127
1370.482759,,0.0058642974311511,1369.43,0.48100000619888306,-2.5499025266223505
1370.948276,,0.010712306153657288,1369.893,0.5270000100135803,-2.4498261142543005
1371.4137930000002,,0.01287720345827822,1370.356,0.47600001096725464,-2.5611387852299963
1371.87931,,0.01182196352996471,1370.824,0.47600001096725464,-2.5613952509055635
1372.344828,,0.00923415345575997,1371.286,0.47999998927116394,-2.552985055592138
1372.810345,,0.0076407244740575595,1371.756,0.4699999988079071,-2.5751144551391043
1373.275862,,0.008877090172830898,1372.219,0.5009999871253967,-2.5079470473225394
1373.7413789999998,,0.013494091919552283,1372.684,0.48500001430511475,-2.5431917978912724
1374.206897,,0.020892963774004573,1373.149,0.4959999918937683,-2.519616857346753
1374.672414,,0.029661701698850164,1373.614,0.4740000069141388,-2.5679294014456606
1375.137931,,0.0379248381929937,1374.078,0.4819999933242798,-2.550863519467123
1375.6034479999998,,0.0435307768227997,1374.544,0.414000004529953,-2.6993462675692803
1376.068966,,0.043983164415754825,1375.009,0.4729999899864197,-2.5711030628482887
1376.534483,,0.03676949317403021,1375.475,0.4790000021457672,-2.5582804983808636
1377.0,,0.020804248708789438,1375.938,0.47999998927116394,-2.55629448571687
1377.465517,,0.0019868334020840704,1376.401,0.4569999873638153,-2.6065336015458436
1377.931034,,0.026962039330690416,1376.864,0.4860000014305115,-2.543416733759092
1378.3965520000002,,0.0490836160314192,1377.334,0.47999998927116394,-2.556483870502428
1378.862069,,0.06509147190221007,1377.797,0.45899999141693115,-2.6021620755207278
1379.327586,,0.07386408992642468,1378.26,0.48399999737739563,-2.547556364363528
1379.793103,,0.07549536257246726,1378.726,0.492000013589859,-2.529925117706216
1380.2586210000002,,0.07061947468837526,1379.196,0.4869999885559082,-2.5405592943855133
1380.724138,,0.0606328100370723,1379.654,0.4880000054836273,-2.538072299533127
1381.1896550000001,,0.04797284442531477,1380.119,0.4790000021457672,-2.5573323301823567
1381.655172,,0.03537514962184754,1380.585,0.49000000953674316,-2.532990647108471
1382.12069,,0.024539910160505655,1381.049,0.4860000014305115,-2.54131146489887
1382.5862069999998,,0.015748098034436137,1381.515,0.47699999809265137,-2.5605205223386927
1383.051724,,0.008788616189960918,1381.982,0.4950000047683716,-2.5209134498306778
1383.517241,,0.003770658925958048,1382.448,0.46399998664855957,-2.5880798759319803
1383.982759,,0.0007707906211609606,1382.916,0.46299999952316284,-2.589918777093453
1384.448276,,0.0007648880889363509,1383.378,0.49000000953674316,-2.530798189185077
1384.913793,,0.0015335193286166678,1383.841,0.46700000762939453,-2.5806614336938836
1385.37931,,0.0014726214760428162,1384.304,0.4650000035762787,-2.5848324225752823
1385.844828,,0.0002552259750997301,1384.775,0.460999995470047,-2.59342646396177
1386.310345,,0.001149328572083322,1385.237,0.4950000047683716,-2.519300828391926
1386.775862,,0.000550467152444069,1385.703,0.4729999899864197,-2.567249438330124
1387.241379,,0.0028429362149823734,1386.167,0.4880000054836273,-2.534657141579947
1387.706897,,0.00648599471283991,1386.633,0.46399998664855957,-2.5870990325019485
1388.1724140000001,,0.006580251577071903,1387.097,0.4909999966621399,-2.528491906068983
1388.6379310000002,,0.0022980702796515846,1387.563,0.47200000286102295,-2.5701579345198047
1389.103448,,0.0031926150345331526,1388.03,0.47999998927116394,-2.553047440223811
1389.5689659999998,,0.006366104728151469,1388.489,0.4650000035762787,-2.5860832929414936
1390.034483,,0.006933831742451709,1388.96,0.47600001096725464,-2.562500969296054
1390.5,,0.007046285103784582,1389.426,0.46399998664855957,-2.589042595917837
1390.9655169999999,,0.007836418151825147,1389.886,0.48500001430511475,-2.5436911688417103
1391.431034,,0.008058487755709802,1390.349,0.4909999966621399,-2.5310089850948625
1391.896552,,0.0061954082541088905,1390.819,0.4790000021457672,-2.5575193780074246
1392.362069,,0.0031029285380035562,1391.282,0.44699999690055847,-2.6275693091415717
1392.8275859999999,,0.0019313130995969683,1391.753,0.4659999907016754,-2.586465405525883
1393.293103,,0.0050116433229176315,1392.215,0.4880000054836273,-2.5387732207420814
1393.758621,,0.01076728783563554,1392.674,0.47200000286102295,-2.5738091323584165
1394.224138,,0.014558669248556831,1393.139,0.48500001430511475,-2.5455979462341314
1394.6896550000001,,0.013539590970038434,1393.605,0.47999998927116394,-2.556532678585096
1395.155172,,0.01019029896693316,1394.071,0.4959999918937683,-2.521644172801847
1395.6206900000002,,0.00969555569476993,1394.536,0.46700000762939453,-2.5847242426086208
1396.086207,,0.013815685300335272,1395.001,0.492000013589859,-2.5300900840280636
1396.5517240000001,,0.018784652206672154,1395.467,0.4659999907016754,-2.58650519919682
1397.017241,,0.01981357685714874,1395.93,0.47099998593330383,-2.575327783136219
1397.482759,,0.016418176429202815,1396.4,0.4729999899864197,-2.570640997324497
1397.9482759999999,,0.012253990083150262,1396.864,0.49399998784065247,-2.524524231037851
1398.413793,,0.010469090267028537,1397.326,0.48899999260902405,-2.5350272552577193
1398.87931,,0.010532814639829587,1397.79,0.47200000286102295,-2.571661213055631
1399.344828,,0.009598192420033586,1398.26,0.4620000123977661,-2.5930452371329213
1399.8103449999999,,0.0059917881752036455,1398.725,0.4860000014305115,-2.5403686027992856
1400.275862,,0.0009778369419023323,1399.188,0.46399998664855957,-2.587935007847933
1400.741379,,0.0025563009809846096,1399.653,0.4790000021457672,-2.554927894960964
1401.206897,,0.002966375950567567,1400.12,0.4740000069141388,-2.56554047476636
1401.6724140000001,,0.001562261229107823,1400.585,0.47200000286102295,-2.569672473420184
1402.137931,,0.0014231779179884787,1401.045,0.47699999809265137,-2.5586163505141797
1402.603448,,0.004254165691248637,1401.511,0.4880000054836273,-2.5345554318451313
1403.068966,,0.008597810867614585,1401.975,0.49000000953674316,-2.5301719319249623
1403.5344830000001,,0.011765386613570069,1402.44,0.46700000762939453,-2.580325240601285
1404.0,,0.013373153978582892,1402.908,0.4659999907016754,-2.582618377469479
1404.465517,,0.01577071960012392,1403.371,0.4819999933242798,-2.5479411722200154
1404.9310340000002,,0.020663952862717647,1403.834,0.4749999940395355,-2.563433597805469
1405.396552,,0.026779071658541827,1404.304,0.4699999988079071,-2.5746219835006
1405.862069,,0.031769168551167785,1404.768,0.47600001096725464,-2.5618895421759107
1406.3275859999999,,0.03527072992898304,1405.23,0.47200000286102295,-2.5709773815472268
1406.793103,,0.03903441446560294,1405.696,0.47200000286102295,-2.5713727980437024
1407.258621,,0.04477014995708875,1406.163,0.47999998927116394,-2.5543488757530373
1407.724138,,0.052600602535111514,1406.629,0.4740000069141388,-2.5678230064202023
1408.189655,,0.060989145972849934,1407.094,0.4909999966621399,-2.5311725347665965
1408.655172,,0.06755675099648863,1407.559,0.4860000014305115,-2.5424241257479467
1409.12069,,0.07045265645311599,1408.019,0.47999998927116394,-2.5558150595255023
1409.586207,,0.06966076215569122,1408.485,0.492000013589859,-2.529941079116837
1410.051724,,0.06716731736116544,1408.949,0.46299999952316284,-2.5933344988895786
1410.517241,,0.06556506744037546,1409.415,0.4830000102519989,-2.549910661239772
1410.982759,,0.06592289451664224,1409.886,0.492000013589859,-2.530383603250811
1411.448276,,0.0667074568955505,1410.348,0.5270000100135803,-2.454139451089932
1411.9137930000002,,0.06514163512430667,1410.809,0.49399998784065247,-2.525970195380185
1412.37931,,0.06011748035985713,1411.278,0.4749999940395355,-2.5672295645090846
1412.844828,,0.05379643861589625,1411.744,0.4830000102519989,-2.5496006833254086
1413.3103449999999,,0.050010342787341476,1412.21,0.4860000014305115,-2.5428067567912938
1413.775862,,0.05084278738712672,1412.676,0.48399999737739563,-2.5468556500780317
1414.2413789999998,,0.05474751164121523,1413.134,0.48899999260902405,-2.5356132208306996
1414.706897,,0.0578598120246169,1413.6,0.5239999890327454,-2.4589806985813754
1415.172414,,0.056893817056119456,1414.068,0.46399998664855957,-2.5893008880387085
1415.637931,,0.051222164232348974,1414.533,0.5040000081062317,-2.5017505120310513
1416.103448,,0.04324530192427239,1414.998,0.5040000081062317,-2.501352884331289
1416.568966,,0.03688538842915924,1415.464,0.46299999952316284,-2.590299124467765
1417.034483,,0.034486698076702925,1415.926,0.4690000116825104,-2.5768813249206333
1417.5,,0.03449006541852315,1416.389,0.4779999852180481,-2.5569713606591638
1417.965517,,0.032859164969483115,1416.857,0.4830000102519989,-2.545828419526625
1418.431034,,0.027249991801783842,1417.32,0.4959999918937683,-2.517316017166976
1418.8965520000002,,0.019195563377679685,1417.79,0.4779999852180481,-2.5564069235924936
1419.362069,,0.012028792151525983,1418.253,0.48100000619888306,-2.549815481648979
1419.827586,,0.007498954881548659,1418.718,0.48500001430511475,-2.5411164954367376
1420.293103,,0.004907286213028929,1419.182,0.47699999809265137,-2.558631718748568
1420.758621,,0.0028867398726236376,1419.647,0.4779999852180481,-2.556606798810962
1421.2241379999998,,0.0009946385359959132,1420.112,0.46299999952316284,-2.5895033163073773
1421.689655,,0.0007810876456164816,1420.577,0.4880000054836273,-2.535310087233076
1422.155172,,0.0034186667806436455,1421.043,0.47200000286102295,-2.5704885979490633
1422.62069,,0.008711511182927286,1421.509,0.49000000953674316,-2.531629695192275
1423.086207,,0.017290927520386214,1421.975,0.4690000116825104,-2.577763475241669
1423.551724,,0.02731545239966873,1422.44,0.49000000953674316,-2.5324072869593675
1424.017241,,0.03589234710228271,1422.901,0.48500001430511475,-2.5436964460857387
1424.482759,,0.04200191664221125,1423.37,0.46000000834465027,-2.5985468687780684
1424.948276,,0.04772651293690402,1423.834,0.4749999940395355,-2.5662282524736697
1425.413793,,0.05641714428680014,1424.297,0.4819999933242798,-2.551304133324937
1425.87931,,0.06960605091695808,1424.76,0.4779999852180481,-2.560299786265681
1426.344828,,0.0854010978083295,1425.23,0.44699999690055847,-2.62806533741189
1426.810345,,0.09961801091297344,1425.689,0.5049999952316284,-2.501870589450623
1427.275862,,0.10890459893450385,1426.16,0.49000000953674316,-2.5346501474593954
1427.741379,,0.11351938316147869,1426.625,0.48500001430511475,-2.545572695576793
1428.206897,,0.1171728658691054,1427.09,0.4860000014305115,-2.5433525062126616
1428.672414,,0.12382012170285138,1427.549,0.4659999907016754,-2.5868149645413507
1429.137931,,0.13483536392823586,1428.016,0.4790000021457672,-2.5583171052452136
1429.6034479999998,,0.1496197596722639,1428.482,0.4860000014305115,-2.5428317661104636
1430.068966,,0.16762942139034648,1428.95,0.4699999988079071,-2.5774033057692036
1430.534483,,0.18762273107112493,1429.415,0.4869999885559082,-2.5400367120508855
0.0,,0.20573669143273568,1429.878,0.46399998664855957,-2.589783953388038
13.5,,0.2185109295389883,1430.341,0.4880000054836273,-2.537114119745837
27.0,,0.2290501864760665,1430.805,0.4880000054836273,-2.5367230553182014
40.5,,0.2446818309523524,1431.274,0.4830000102519989,-2.5472284124266773
54.0,,0.2639197543697126,1431.74,0.47200000286102295,-2.5708215571828825
67.5,,0.27251830235738433,1432.204,0.47699999809265137,-2.559584355278387
81.0,,0.26542738400206434,1432.669,0.46399998664855957,-2.5876020185915705
94.5,,0.269633805239489,1433.134,0.4169999957084656,-2.6897437273801366
108.0,,0.3169858532735501,1433.6,0.48500001430511475,-2.5413994289718125
121.5,,0.3751661617125896,1434.06,0.5009999871253967,-2.5064076993772946
135.0,,0.33825127247402254,1434.525,0.47600001096725464,-2.5608057730661637
148.5,,0.13830348273204263,1434.99,0.4880000054836273,-2.5346615417003213
162.0,,0.14454958007265653,1435.455,0.46000000834465027,-2.595731283576295
175.5,,0.34350451838991475,1435.923,0.492000013589859,-2.526147999318594
189.0,,0.3792938824643172,1436.386,0.47099998593330383,-2.5720944613988657
202.5,,0.32046412560962373,1436.849,0.46700000762939453,-2.5810590007343825
216.0,,0.27276269827355487,1437.319,0.47699999809265137,-2.559570062217347
229.5,,0.2681087886673538,1437.779,0.49399998784065247,-2.522867983509198
243.0,,0.27444529934333833,1438.249,0.4659999907016754,-2.584231520376385
256.5,,0.264487171600724,1438.715,0.46399998664855957,-2.5889659156780875
270.0,,0.2430326968458103,1439.178,0.49000000953674316,-2.532701963093923
283.5,,0.22510395236376168,1439.644,0.47200000286102295,-2.572289882463459
297.0,,0.21414265143706998,1440.109,0.4699999988079071,-2.5769991325502715
310.5,,0.2041830560951787,1440.574,0.47600001096725464,-2.564248102549444
324.0,,0.191333238733968,1441.034,0.4819999933242798,-2.5514557117021006
337.5,,0.1770831346572855,1441.499,0.4779999852180481,-2.5603993600287134
351.0,,0.16387987414979135,1441.965,0.47999998927116394,-2.55621352865634
364.5,,0.15185196005743062,1442.43,0.49000000953674316,-2.534535440205311
378.0,,0.13985856917320502,1442.9,0.4659999907016754,-2.5868652525579208
391.5,,0.12750849637742892,1443.363,0.46399998664855957,-2.591198080617246
405.0,,0.11527997457629054,1443.831,0.46799999475479126,-2.582393706409793
418.5,,0.10352607809460629,1444.293,0.4690000116825104,-2.580062825985698
432.0,,0.09215579975360379,1444.757,0.45500001311302185,-2.6103543534297606
445.5,,0.08108009726858346,1445.219,0.4729999899864197,-2.570878660483642
459.0,,0.07043985697795788,1445.684,0.4819999933242798,-2.5509679286299467
472.5,,0.06034201033816977,1446.149,0.48100000619888306,-2.5528097709275968
486.0,,0.050649687363688696,1446.616,0.46700000762939453,-2.582950955964804
499.5,,0.04112110710122502,1447.083,0.48500001430511475,-2.543363802863252
513.0,,0.031645376983387256,1447.549,0.4699999988079071,-2.5756721579485604
526.5,,0.022333289230410117,1448.016,0.4790000021457672,-2.555704687536998
540.0,,0.013429204850968449,1448.474,0.47600001096725464,-2.5619041173970074
553.5,,0.0050675573833530475,1448.949,0.47099998593330383,-2.5724946641447315
567.0,,0.00292958823818541,1449.408,0.47600001096725464,-2.5613420163198977
580.5,,0.010900825522780678,1449.871,0.46700000762939453,-2.5807421336621843
594.0,,0.01891966102797442,1450.334,0.4779999852180481,-2.556627451970952
607.5,,0.026635673506992658,1450.805,0.46700000762939453,-2.5805057108948213
621.0,,0.03364218232153065,1451.267,0.4860000014305115,-2.5390898224519827
634.5,,0.039907442236239904,1451.733,0.48500001430511475,-2.5413122624855062
648.0,,0.045724992339459196,1452.196,0.46399998664855957,-2.5871717921026303
661.5,,0.051310285574032576,1452.661,0.49300000071525574,-2.524159599984063
675.0,,0.05656735348976405,1453.127,0.4749999940395355,-2.563599088269248
688.5,,0.06122092424420753,1453.592,0.47600001096725464,-2.561692348866191
702.0,,0.065094469219941,1454.056,0.4790000021457672,-2.555468193466454
715.5,,0.06826532147611494,1454.522,0.4790000021457672,-2.555809840732047
729.0,,0.07097107028825633,1454.99,0.39500001072883606,-2.739178638071592
742.5,,0.07334965465604501,1455.455,0.4830000102519989,-2.5478304745822933
756.0,,0.0752965919713513,1455.916,0.4779999852180481,-2.5590939584478396
769.5,,0.07662287111100309,1456.379,0.47200000286102295,-2.57252007904703
783.0,,0.07730524984079701,1456.849,0.4959999918937683,-2.520559459522285
796.5,,0.07748841334030693,1457.312,0.4569999873638153,-2.6058159542091697
810.0,,0.07725646578461993,1457.775,0.5669999718666077,-2.3664057421868496
823.5,,0.07651432983836529,1458.245,0.46000000834465027,-2.599705321822254
837.0,,0.07514478018146248,1458.711,0.49300000071525574,-2.5279327370925464
850.5,,0.07320342478531229,1459.169,0.47699999809265137,-2.562849928710443
864.0,,0.07087442861798356,1459.635,0.492000013589859,-2.530162947799926
877.5,,0.06828817478441754,1460.104,0.4880000054836273,-2.5388045815507363
891.0,,0.06547173702499853,1460.569,0.46700000762939453,-2.584420235828739
904.5,,0.06239788081639371,1461.034,0.4690000116825104,-2.579869291225627
918.0,,0.05895289303530471,1461.5,0.46299999952316284,-2.592696649477003
931.5,,0.05493854725682505,1461.96,0.4880000054836273,-2.537942507606992
945.0,,0.05026638860251218,1462.425,0.47999998927116394,-2.555049034374385
958.5,,0.045099030245109,1462.893,0.46700000762939453,-2.5830242800343037
972.0,,0.03965045932113586,1463.356,0.4959999918937683,-2.519482997106136
985.5,,0.033883024780890905,1463.819,0.4880000054836273,-2.5365490621870572
999.0,,0.027565670116974455,1464.289,0.4869999885559082,-2.5383733027461646
1012.5,,0.020689222140977726,1464.749,0.46299999952316284,-2.5903269132115696
1026.0,,0.013756529452428449,1465.219,0.4690000116825104,-2.576952885180231
1039.5,,0.007554807649052732,1465.685,0.4779999852180481,-2.5570843814311717
1053.0,,0.0025161086788880087,1466.15,0.4729999899864197,-2.567766071477522
1066.5,,0.0017242655982060526,1466.616,0.492000013589859,-2.5262155307992464
1080.0,,0.005980362752719465,1467.075,0.45399999618530273,-2.6089083601709704
1093.5,,0.010642679765937933,1467.541,0.48100000619888306,-2.5500526332302313
1107.0,,0.015353573430097099,1468.005,0.4950000047683716,-2.519583347709937
1120.5,,0.019742915769731438,1468.471,0.47699999809265137,-2.5588929426601794
1134.0,,0.02424985848075874,1468.934,0.46799999475479126,-2.578654225935596
1147.5,,0.029696676764616365,1469.403,0.4819999933242798,-2.5483615177195027
1161.0,,0.035890105182014465,1469.864,0.47200000286102295,-2.5704044070869294
1174.5,,0.041223173948553446,1470.334,0.4779999852180481,-2.5576287636119175
1188.0,,0.0443597770716084,1470.797,0.48500001430511475,-2.5427045108095028
1201.5,,0.04604360631553615,1471.26,0.4790000021457672,-2.556122253506914
1215.0,,0.04824712952648603,1471.726,0.48899999260902405,-2.5346899785149155
1228.5,,0.05142441262032467,1472.196,0.5,-2.5110757039564855
1242.0,,0.05362513480601549,1472.654,0.47600001096725464,-2.563699615926855
1255.5,,0.052713981573379406,1473.119,0.4749999940395355,-2.56619028358675
1269.0,,0.04861107865248689,1473.585,0.4729999899864197,-2.570825971191524
1282.5,,0.04280767527677353,1474.05,0.49399998784065247,-2.525310145773568
1296.0,,0.03636101639973176,1474.516,0.460999995470047,-2.5973913362021324
1309.5,,0.029188873719655114,1474.982,0.47200000286102295,-2.5735568548205303
1323.0,,0.02115105921627955,1475.448,0.4830000102519989,-2.54966328317687
1336.5,,0.013003448224919261,1475.912,0.4490000009536743,-2.6237477625573677
1350.0,,0.005990873808054677,1476.374,0.47999998927116394,-2.5561591179909584
1363.5,,0.0010482978950902676,1476.845,0.47999998927116394,-2.5560488018029526
1377.0,,0.001126570612533396,1477.307,0.4830000102519989,-2.5493456311985248
1390.5,,0.0003360269286171947,1477.771,0.492000013589859,-2.5295188008799356
1404.0,,0.005898161207439236,1478.241,0.48399999737739563,-2.5466839827150713
1417.5,,0.01436938664127807,1478.699,0.49900001287460327,-2.513703356756753
,,,1479.171,0.48899999260902405,-2.535161594730662
,,,1479.629,0.4860000014305115,-2.541352397658002
,,,1480.094,0.4779999852180481,-2.558431132028448
,,,1480.56,0.4749999940395355,-2.5646227805103865
,,,1481.026,0.49000000953674316,-2.53161588148156
,,,1481.492,0.460999995470047,-2.5944971973287285
,,,1481.957,0.4819999933242798,-2.5484835174128024
,,,1482.423,0.49000000953674316,-2.530837614925636
,,,1482.886,0.47999998927116394,-2.5524591708133935
,,,1483.356,0.46700000762939453,-2.5806739261188545
,,,1483.816,0.4909999966621399,-2.5283396279955475
,,,1484.285,0.48500001430511475,-2.541426503619726
,,,1484.744,0.48399999737739563,-2.543681199190911
,,,1485.209,0.47600001096725464,-2.5612451737636412
,,,1485.675,0.4699999988079071,-2.5745067848554215
,,,1486.141,0.4790000021457672,-2.5551376080605364
,,,1486.607,0.4740000069141388,-2.5663107060211505
,,,1487.071,0.4749999940395355,-2.5644441577371513
,,,1487.537,0.46700000762939453,-2.5822078077071073
,,,1488.004,0.49399998784065247,-2.523730275057068
,,,1488.47,0.4740000069141388,-2.567649072434155
,,,1488.93,0.45500001311302185,-2.609378685116671
,,,1489.4,0.4959999918937683,-2.5203684344625885
,,,1489.86,0.46700000762939453,-2.583831885934286
,,,1490.33,0.47200000286102295,-2.57318082737338
,,,1490.793,0.4749999940395355,-2.5668391490607
,,,1491.256,0.43700000643730164,-2.6497683991872125
,,,1491.722,0.47999998927116394,-2.5561695124315147
,,,1492.184,0.4880000054836273,-2.538761894161255
,,,1492.65,0.4779999852180481,-2.5605069772270856
,,,1493.115,0.47999998927116394,-2.5560466087731877
,,,1493.581,0.47699999809265137,-2.562421295348378
,,,1494.045,0.46799999475479126,-2.5818151002167977
,,,1494.511,0.4779999852180481,-2.559768816956614
,,,1494.976,0.492000013589859,-2.5289699219221635
,,,1495.441,0.4729999899864197,-2.5700378100904087
,,,1495.904,0.4749999940395355,-2.5653361398913685
,,,1496.374,0.5009999871253967,-2.5083399117563565
,,,1496.835,0.49000000953674316,-2.5319571551412876
,,,1497.304,0.48399999737739563,-2.54469602618205
,,,1497.767,0.49000000953674316,-2.5313169840242833
,,,1498.23,0.46399998664855957,-2.587691110787365
,,,1498.696,0.46799999475479126,-2.578751656658318
,,,1499.16,0.47600001096725464,-2.5611511154582973
,,,1499.625,0.47600001096725464,-2.5610385967906417
,,,1500.09,0.49000000953674316,-2.530487113275974
,,,1500.556,0.4880000054836273,-2.5348573995045616
,,,1501.023,0.4819999933242798,-2.5480053134517404
,,,1501.489,0.4790000021457672,-2.5546782573791114
,,,1501.949,0.46799999475479126,-2.5788376084774782
,,,1502.415,0.5669999718666077,-2.3633952407035785
,,,1502.883,0.46399998664855957,-2.5880803168491187
,,,1503.345,0.4959999918937683,-2.5186805846464844
,,,1503.815,0.4959999918937683,-2.519021177682104
,,,1504.278,0.4790000021457672,-2.5564112613409464
,,,1504.745,0.4779999852180481,-2.558944944084495
,,,1505.21,0.4429999887943268,-2.6355442863200818
,,,1505.675,0.4749999940395355,-2.566155372684344
,,,1506.134,0.4790000021457672,-2.5577386568019707
,,,1506.6,0.5019999742507935,-2.507886812514698
,,,1507.068,0.47200000286102295,-2.5734535602354973
,,,1507.534,0.4779999852180481,-2.5605330404491484
,,,1507.994,0.47200000286102295,-2.573695569600475
,,,1508.46,0.4699999988079071,-2.5780798228003206
,,,1508.93,0.4740000069141388,-2.569327338051136
,,,1509.392,0.4819999933242798,-2.5517960752348903
,,,1509.854,0.47699999809265137,-2.5625256030335377
,,,1510.324,0.46299999952316284,-2.5928065540084946
,,,1510.786,0.4690000116825104,-2.579465278642159
,,,1511.256,0.4790000021457672,-2.5573683787132833
,,,1511.714,0.46700000762939453,-2.583170026815074
,,,1512.186,0.46700000762939453,-2.582807146282136
,,,1512.644,0.4129999876022339,-2.700083249244565
,,,1513.109,0.4490000009536743,-2.6212857472818096
,,,1513.575,0.5019999742507935,-2.5054663733036686
,,,1514.042,0.46399998664855957,-2.587928182618846
,,,1514.507,0.48899999260902405,-2.533169621991736
,,,1514.975,0.492000013589859,-2.5263849103080975
,,,1515.441,0.47200000286102295,-2.5697606645670548
,,,1515.904,0.4909999966621399,-2.5282274222924936
,,,1516.366,0.46700000762939453,-2.58043926590131
,,,1516.835,0.4819999933242798,-2.5477501308567825
,,,1517.297,0.47999998927116394,-2.552164983147207
,,,1517.765,0.44999998807907104,-2.617648003251436
,,,1518.226,0.4009999930858612,-2.7245899921735437
,,,1518.692,0.4740000069141388,-2.5657968890156524
,,,1519.157,0.47200000286102295,-2.570453322106353
,,,1519.623,0.4740000069141388,-2.566435380722913
,,,1520.09,0.46799999475479126,-2.5798764267981573
,,,1520.555,0.47699999809265137,-2.5606559286693695
,,,1521.019,0.4699999988079071,-2.5762997775862004
,,,1521.485,0.47600001096725464,-2.5636146705566745
,,,1521.95,0.48500001430511475,-2.544374605867975
,,,1522.416,0.4749999940395355,-2.566497914156939
,,,1522.878,0.47699999809265137,-2.56243575092753
,,,1523.341,0.4740000069141388,-2.5692158583167375
,,,1523.809,0.4779999852180481,-2.5606865881661074
,,,1524.272,0.48899999260902405,-2.5368414060256423
,,,1524.738,0.48899999260902405,-2.5368915329264436
,,,1525.201,0.4749999940395355,-2.5673711054039057
,,,1525.666,0.503000020980835,-2.5062761406972687
,,,1526.131,0.4519999921321869,-2.617226237409903
,,,1526.596,0.47699999809265137,-2.5625363563862833
,,,1527.063,0.4699999988079071,-2.5775077053524384
,,,1527.529,0.47699999809265137,-2.5619306873256593
,,,1527.994,0.4650000035762787,-2.587710928923338
,,,1528.46,0.46799999475479126,-2.580785980939557
,,,1528.923,0.4729999899864197,-2.569490407320065
,,,1529.385,0.48899999260902405,-2.534228408448238
,,,1529.849,0.5170000195503235,-2.4728327637916188
,,,1530.318,0.4699999988079071,-2.5748580878635203
,,,1530.779,0.4749999940395355,-2.5636287647122007
,,,1531.249,0.47999998927116394,-2.552445977031294
,,,1531.715,0.47999998927116394,-2.5522120421591197
,,,1532.178,0.4690000116825104,-2.5760065758440915
,,,1532.644,0.47099998593330383,-2.5715481999595537
,,,1533.108,0.47099998593330383,-2.5715201190586816
,,,1533.574,0.47999998927116394,-2.5519582240707748
,,,1534.034,0.48399999737739563,-2.543362038203907
,,,1534.5,0.4399999976158142,-2.639410567594661
,,,1534.964,0.47200000286102295,-2.5699465858170734
,,,1535.43,0.49000000953674316,-2.5310400517685054
,,,1535.898,0.4790000021457672,-2.555360075897785
,,,1536.36,0.4880000054836273,-2.536141634567457
,,,1536.83,0.49300000071525574,-2.525659948782704
,,,1537.293,0.5120000243186951,-2.4846856461784648
,,,1537.761,0.4699999988079071,-2.576604398448412
,,,1538.223,0.4779999852180481,-2.5595740389917205
,,,1538.689,0.5989999771118164,-2.296325361388792
,,,1539.152,0.4699999988079071,-2.5776941689081894
,,,1539.618,0.47600001096725464,-2.5648929590975533
,,,1540.083,0.4749999940395355,-2.5672837434177245
,,,1540.549,0.4880000054836273,-2.5391078010677632
,,,1541.009,0.4819999933242798,-2.5522556763806854
,,,1541.474,0.46399998664855957,-2.5914746122334
,,,1541.949,0.49300000071525574,-2.528224280550327
,,,1542.407,0.49399998784065247,-2.5259047117136286
,,,1542.875,0.4880000054836273,-2.5387678984778437
,,,1543.337,0.4569999873638153,-2.6060367950357657
,,,1543.801,0.47999998927116394,-2.5556070516162017
,,,1544.271,0.47699999809265137,-2.561780214515074
,,,1544.729,0.5049999952316284,-2.5003835755965205
,,,1545.199,0.492000013589859,-2.5282911661603182
,,,1545.665,0.46799999475479126,-2.5801568316286976
,,,1546.13,0.4779999852180481,-2.5579552537303534
,,,1546.589,0.4880000054836273,-2.535773199401255
,,,1547.056,0.44699999690055847,-2.6247343729591384
,,,1547.522,0.49000000953674316,-2.5307328380302105
,,,1547.986,0.4880000054836273,-2.5348235423892618
,,,1548.452,0.47600001096725464,-2.5607614953731477
,,,1548.92,0.47699999809265137,-2.5584447356752706
,,,1549.382,0.4959999918937683,-2.516984160260691
,,,1549.845,0.43799999356269836,-2.6433539574788445
,,,1550.315,0.48100000619888306,-2.549755424062234
,,,1550.775,0.4819999933242798,-2.547732441868822
,,,1551.245,0.47099998593330383,-2.571920083270724
,,,1551.704,0.48500001430511475,-2.5417015743203133
,,,1552.175,0.47999998927116394,-2.5529287684337154
,,,1552.641,0.43799999356269836,-2.6448076097424975
,,,1553.105,0.49000000953674316,-2.531924191399364
,,,1553.564,0.49000000953674316,-2.5323476215738134
,,,1554.031,0.47200000286102295,-2.571990047362477
,,,1554.496,0.48500001430511475,-2.5440848115956296
,,,1554.964,0.48100000619888306,-2.5531941540914924
,,,1555.43,0.4869999885559082,-2.5404820805481942
,,,1555.893,0.492000013589859,-2.529902223103319
,,,1556.356,0.4790000021457672,-2.55848202681404
,,,1556.824,0.4819999933242798,-2.5521397081309796
,,,1557.286,0.4779999852180481,-2.5609784228779873
,,,1557.756,0.47200000286102295,-2.5741012357808786
,,,1558.219,0.4690000116825104,-2.5806137428690206
,,,1558.685,0.49300000071525574,-2.5282288552872285
,,,1559.145,0.4659999907016754,-2.5868837987205473
,,,1559.61,0.4880000054836273,-2.538718916101177
,,,1560.075,0.49000000953674316,-2.5340679336150447
,,,1560.541,0.46700000762939453,-2.5838330734918
,,,1561.008,0.48100000619888306,-2.552949232674666
,,,1561.474,0.49000000953674316,-2.532931214254815
,,,1561.934,0.4909999966621399,-2.530327055253645
,,,1562.404,0.4790000021457672,-2.5560431048186043
,,,1562.867,0.4749999940395355,-2.56434155474992
,,,1563.33,0.492000013589859,-2.5269128360431488
,,,1563.798,0.49799999594688416,-2.5134853485232496
,,,1564.26,0.4749999940395355,-2.5632856188437376
,,,1564.726,0.45100000500679016,-2.6153223115679674
,,,1565.189,0.47200000286102295,-2.569386396582926
,,,1565.655,0.5320000052452087,-2.4385540228357137
,,,1566.119,0.47999998927116394,-2.551803172225476
,,,1566.585,0.4650000035762787,-2.584517459366445
,,,1567.049,0.4729999899864197,-2.5671985252058716
,,,1567.514,0.4790000021457672,-2.554309028274594
,,,1567.986,0.4740000069141388,-2.5654510169670917
,,,1568.444,0.5049999952316284,-2.4982198320513
,,,1568.912,0.47999998927116394,-2.5530410895053546
,,,1569.374,0.4000000059604645,-2.727727000611536
,,,1569.842,0.49000000953674316,-2.5320711324956062
,,,1570.304,0.4819999933242798,-2.549936590569315
,,,1570.775,0.5049999952316284,-2.500262072671036
,,,1571.237,0.47699999809265137,-2.5616830757682156
,,,1571.704,0.48399999737739563,-2.546823172793249
,,,1572.167,0.4830000102519989,-2.5493523188864726
,,,1572.633,0.503000020980835,-2.5060782965971016
,,,1573.098,0.4860000014305115,-2.5433530722645767
,,,1573.563,0.5379999876022339,-2.430231633084559
,,,1574.03,0.4880000054836273,-2.5392570532951355
,,,1574.489,0.503000020980835,-2.5065928112769007
,,,1574.96,0.48100000619888306,-2.554461640838091
,,,1575.419,0.46799999475479126,-2.5826484685600084
,,,1575.89,0.4819999933242798,-2.551942605271298
,,,1576.352,0.4909999966621399,-2.5320668847151633
,,,1576.816,0.4959999918937683,-2.5208504283136413
,,,1577.285,0.4959999918937683,-2.520481651005884
,,,1577.744,0.4959999918937683,-2.5200787909528533
,,,1578.21,0.47600001096725464,-2.5632277940262993
,,,1578.675,0.48100000619888306,-2.5519034647530585
,,,1579.143,0.48500001430511475,-2.5427641787250908
,,,1579.608,0.4650000035762787,-2.585932294058716
,,,1580.075,0.48399999737739563,-2.5441657439880325
,,,1580.54,0.48399999737739563,-2.5438373482199235
,,,1581.005,0.47999998927116394,-2.5522772223055745
,,,1581.47,0.49000000953674316,-2.530277971966591
,,,1581.934,0.4749999940395355,-2.5628134987013698
,,,1582.396,0.48500001430511475,-2.5409556879706274
,,,1582.86,0.4740000069141388,-2.5649246876633653
,,,1583.33,0.4779999852180481,-2.556288929982931
,,,1583.79,0.44699999690055847,-2.6239787497786646
,,,1584.26,0.47600001096725464,-2.5610181288787786
,,,1584.726,0.48500001430511475,-2.5416912507171925
,,,1585.188,0.48899999260902405,-2.533308450013843
,,,1585.654,0.47200000286102295,-2.570717435465589
,,,1586.119,0.4830000102519989,-2.547153056768397
,,,1586.585,0.5049999952316284,-2.499639259616726
,,,1587.05,0.4819999933242798,-2.550166662143144
,,,1587.515,0.4819999933242798,-2.550574534055644
,,,1587.975,0.4869999885559082,-2.5400662482486878
,,,1588.44,0.4880000054836273,-2.538237484244349
,,,1588.908,0.4779999852180481,-2.560328212700256
,,,1589.371,0.47699999809265137,-2.562756379868474
,,,1589.838,0.3970000147819519,-2.737237339004915
,,,1590.3,0.49399998784065247,-2.5260324765323374
,,,1590.764,0.4779999852180481,-2.560944343174383
,,,1591.234,0.47600001096725464,-2.565281726881359
,,,1591.699,0.492000013589859,-2.530330937834292
,,,1592.163,0.4749999940395355,-2.567205829022478
,,,1592.629,0.4690000116825104,-2.580051322987214
,,,1593.094,0.48500001430511475,-2.544909797826687
,,,1593.56,0.47699999809265137,-2.5620077063739117
,,,1594.019,0.4729999899864197,-2.5703532928929
,,,1594.485,0.4659999907016754,-2.585209097217946
,,,1594.95,0.4729999899864197,-2.569550650188656
,,,1595.415,0.47699999809265137,-2.56042747658886
,,,1595.879,0.49000000953674316,-2.531707982099541
,,,1596.349,0.4880000054836273,-2.535691602809635
,,,1596.812,0.4909999966621399,-2.52881672026392
,,,1597.274,0.47999998927116394,-2.5524883316379046
,,,1597.74,0.49000000953674316,-2.5304629645974814
,,,1598.204,0.47699999809265137,-2.558608830947077
,,,1598.67,0.4959999918937683,-2.5171055926101764
,,,1599.135,0.4740000069141388,-2.5649979565523418
,,,1599.6,0.47600001096725464,-2.560675418744934
,,,1600.065,0.47200000286102295,-2.569496796608048
,,,1600.53,0.492000013589859,-2.526098950000162
,,,1600.997,0.48899999260902405,-2.5328724114614176
