EMG_time_ms,EMG_value,FORCE_time_ms,FORCE_newtons,Force_LPF,ENVELOPE_time_ms,EMG_Envelope
0.0,0.0,0.467,0.005607885707905158,0.005719346090119838,0.0,0.0
0.4655172734839499,0.0,0.93,0.0077865068961333606,0.006908612659806234,0.4655172734839499,0.0
0.9310345469678998,0.0,1.399,0.014322500318431741,0.008030185336565887,0.9310345469678998,0.0
1.3965518204518497,0.0,1.863,0.0034292645196769556,0.009070735067706235,1.3965518204518497,0.0
1.8620690939357996,0.0,2.325,0.018357207077832394,0.010030796340719449,1.8620690939357996,0.0
2.3275863674197494,0.0,2.793,0.003106728902621425,0.010925773863090063,2.3275863674197494,0.0
2.7931036409036993,0.0,3.255,0.020858493740730122,0.011784312091828042,2.7931036409036993,0.0
3.2586209143876492,0.0,3.721,0.024893200500130774,0.012643887066772691,3.2586209143876492,0.0
3.724138187871599,0.0,4.187,0.00746397127907783,0.013543830244859972,3.724138187871599,0.0
4.189655461355549,0.0,4.652,0.001250643331448753,0.014516582189090401,4.189655461355549,0.0
4.655172734839499,0.0,5.118,0.00746397127907783,0.015578749570020792,4.655172734839499,0.0
5.120690008323448,0.0,5.585,0.018679742694887924,0.016723962147591996,5.120690008323448,0.0
5.586207281807399,0.0,6.052,0.02925044287658718,0.017919054153553163,5.586207281807399,0.0
6.051724555291348,0.0,6.51,0.027071821688358977,0.019103957771186942,6.051724555291348,0.0
6.5172418287752985,0.0,6.975,0.0077865068961333606,0.020194820227227548,6.5172418287752985,0.0
6.982759102259248,0.0,7.441,0.018357207077832394,0.02108988564206838,6.982759102259248,0.0
7.448276375743198,0.0,7.911,0.001250643331448753,0.02167828888300792,7.448276375743198,0.0
7.913793649227148,0.0,8.373,0.024893200500130774,0.021852140556776405,7.913793649227148,0.0
8.379310922711097,0.0,8.841,0.03360781511065736,0.021521513469087032,8.379310922711097,0.0
8.844828196195047,0.0,9.303,0.023037114928958324,0.020630444504748265,8.844828196195047,0.0
9.310345469678998,0.0,9.767,0.05353820113699426,0.019170801433365817,9.310345469678998,0.0
9.775862743162946,0.0,10.236,0.001250643331448753,0.017190770588386285,9.775862743162946,0.0
10.241380016646897,0.0,10.695,0.003106728902621425,0.014796059121185591,10.241380016646897,0.0
10.706897290130847,0.0,11.16,0.009965257941975336,0.012144005000023645,10.706897290130847,0.0
11.172414563614797,0.0,11.625,0.014322500318431741,0.009432401818649492,11.172414563614797,0.0
11.637931837098746,0.0,12.097,0.00746397127907783,0.006885138834255129,11.637931837098746,0.0
12.103449110582696,0.0,12.555,0.003106728902621425,0.004736072731463956,12.103449110582696,0.0
12.568966384066647,0.0,13.022,0.003106728902621425,0.003211863861667078,12.568966384066647,0.0
13.034483657550597,0.0,13.488,0.009965257941975336,0.0025143075155358388,13.034483657550597,0.0
13.500000931034545,0.0,13.96,0.003106728902621425,0.00280279799543693,13.500000931034545,0.0
13.965518204518496,0.0,14.418,0.0009279778567794494,0.004177786304923788,13.965518204518496,0.0
14.431035478002446,0.0,14.881,0.001250643331448753,0.00666643346739229,14.431035478002446,0.0
14.896552751486396,0.0,15.351,0.005607885707905158,0.01021201126463946,14.896552751486396,0.0
15.362070024970345,0.0,15.811,0.03610897191594109,0.01466867465502651,15.362070024970345,0.0
15.827587298454295,0.0,16.281,0.003106728902621425,0.019802954664342523,15.827587298454295,0.0
16.293104571938244,0.0,16.747,0.020858493740730122,0.02530303831326733,16.293104571938244,0.0
16.758621845422194,0.0,17.21,0.025215736117186305,0.03079688780845684,16.758621845422194,0.0
17.224139118906145,0.0,17.675,0.001250643331448753,0.03588017977535132,17.224139118906145,0.0
17.689656392390095,0.0,18.141,0.003106728902621425,0.04015420153354036,17.689656392390095,0.0
18.155173665874045,0.0,18.606,0.0077865068961333606,0.04327159016265481,18.155173665874045,0.0
18.620690939357996,0.0,19.066,0.26268849728798305,0.04498390510633672,18.620690939357996,0.0
19.086208212841946,0.0,19.532,0.027071821688358977,0.04518080246397598,19.086208212841946,0.0
19.551725486325893,0.0,19.997,0.001250643331448753,0.043909777151307734,19.551725486325893,0.0
20.017242759809843,0.0,20.463,0.001250643331448753,0.04137103841196853,20.017242759809843,0.0
20.482760033293793,0.0,20.926,0.023037114928958324,0.03789126478958999,20.482760033293793,0.0
20.948277306777744,0.0,21.395,0.014322500318431741,0.03388580193227198,20.948277306777744,0.0
21.413794580261694,0.0,21.856,0.04264496533823947,0.02981785759506113,21.413794580261694,0.0
21.879311853745644,0.0,22.325,0.10768184451371243,0.026158169137323415,21.879311853745644,0.0
22.344829127229595,0.0,22.786,0.014322500318431741,0.02334421679164086,22.344829127229595,0.0
22.810346400713545,0.0,23.255,0.005607885707905158,0.021737301666897114,22.810346400713545,0.0
23.275863674197492,0.0,23.721,0.005285350090849628,0.02157892723762356,23.275863674197492,0.0
23.741380947681442,0.0,24.18,0.00746397127907783,0.02295243676998027,23.741380947681442,0.0
24.206898221165392,0.0,24.646,0.012143879130203539,0.025758425819108498,24.206898221165392,0.0
24.672415494649343,0.0,25.111,0.003106728902621425,0.02971171529333802,24.672415494649343,0.0
25.137932768133293,0.0,25.576,0.009642592467306033,0.03436462187739038,25.137932768133293,0.0
25.603450041617243,0.0,26.041,0.0009279778567794494,0.03915717265070546,25.603450041617243,0.0
26.068967315101194,0.0,26.507,0.001250643331448753,0.04349007505960818,26.068967315101194,0.0
26.53448458858514,0.0,26.974,0.22129424020999933,0.046810558729128475,26.53448458858514,0.0
27.00000186206909,0.0,27.44,0.0009279778567794494,0.048695614523731195,27.00000186206909,0.0
27.46551913555304,0.0,27.9,0.186435781767893,0.048914560544903625,27.46551913555304,0.0
27.93103640903699,0.0,28.37,0.023037114928958324,0.047456280731516,27.93103640903699,0.0
28.396553682520942,0.0,28.83,0.001250643331448753,0.044515762892075005,28.396553682520942,0.0
28.862070956004892,0.0,29.299,0.005285350090849628,0.040445858324802124,28.862070956004892,0.0
29.327588229488843,0.0,29.767,0.011821343513148008,0.03568857272309261,29.327588229488843,0.0
29.793105502972793,0.0,30.23,0.04232242972118394,0.030702565944944707,29.793105502972793,0.0
30.25862277645674,0.0,30.696,0.0009279778567794494,0.02590028917677475,30.25862277645674,0.0
30.72414004994069,0.0,31.155,0.014322500318431741,0.021602580890913183,30.72414004994069,0.0
31.18965732342464,0.0,31.621,0.020858493740730122,0.018013640780917647,31.18965732342464,0.0
31.65517459690859,0.0,32.086,0.0077865068961333606,0.015215912170498449,31.65517459690859,0.0
32.12069187039254,0.0,32.552,0.024893200500130774,0.013181991885826543,32.12069187039254,0.0
32.58620914387649,0.0,33.018,0.016501121506659944,0.011798966290932095,32.58620914387649,0.0
33.05172641736044,0.0,33.484,0.03142919392242938,0.010899722694920828,33.05172641736044,0.0
33.51724369084439,0.0,33.951,0.001250643331448753,0.010295971078595804,33.51724369084439,0.0
33.98276096432834,0.0,34.414,0.005607885707905158,0.009808847208974781,33.98276096432834,0.0
34.44827823781229,0.0,34.882,0.005607885707905158,0.009294583278877775,34.44827823781229,0.0
34.91379551129624,0.0,35.344,0.020858493740730122,0.008664033090606085,34.91379551129624,0.0
35.37931278478019,0.0,35.807,0.001250643331448753,0.007895314885251074,35.37931278478019,0.0
35.84483005826414,0.0,36.27,0.018357207077832394,0.00703875345667969,35.84483005826414,0.0
36.31034733174809,0.0,36.735,0.0034292645196769556,0.006213309984524758,36.31034733174809,0.0
36.77586460523204,0.0,37.205,0.024893200500130774,0.0055940982994587786,36.77586460523204,0.0
37.24138187871599,0.0,37.671,0.003106728902621425,0.005391348951424933,37.24138187871599,0.0
37.70689915219994,0.0,38.137,0.0009279778567794494,0.005822247647623406,37.70689915219994,0.0
38.17241642568389,0.0,38.595,0.005607885707905158,0.007078368351823863,38.17241642568389,0.0
38.63793369916784,0.0,39.06,0.0077865068961333606,0.009292587746887057,38.63793369916784,0.0
39.103450972651785,0.0,39.526,0.00746397127907783,0.012509949071007088,39.103450972651785,0.0
39.56896824613574,0.0,39.992,0.0077865068961333606,0.016666830991748694,39.56896824613574,0.0
40.034485519619686,0.0,40.458,0.009965257941975336,0.021582192712506387,40.034485519619686,0.0
40.50000279310364,0.0,40.926,0.016501121506659944,0.026963729247899658,40.50000279310364,0.0
40.96552006658759,0.0,41.389,0.01399996470137621,0.03243035782080264,40.96552006658759,0.0
41.43103734007154,0.0,41.852,0.00746397127907783,0.03755041827585415,41.43103734007154,0.0
41.89655461355549,0.0,42.321,0.005285350090849628,0.04189218864306491,41.89655461355549,0.0
42.36207188703944,0.0,42.782,0.22129424020999933,0.04507973325332384,42.36207188703944,0.0
42.82758916052339,0.0,43.251,0.031751729539484685,0.04684358749834291,42.82758916052339,0.0
43.293106434007335,0.0,43.71,0.03142919392242938,0.04705501540012126,43.293106434007335,0.0
43.75862370749129,0.0,44.181,0.012143879130203539,0.04573690656983161,43.75862370749129,0.0
44.224140980975235,0.0,44.647,0.051359579948766054,0.0430519498673409,44.224140980975235,0.0
44.68965825445919,0.0,45.111,0.020858493740730122,0.03927435380516403,44.68965825445919,0.0
45.155175527943136,0.0,45.576,0.0883965297214866,0.03475229305244549,45.155175527943136,0.0
45.62069280142709,0.0,46.037,0.005285350090849628,0.029866380948963798,45.62069280142709,0.0
46.08621007491104,0.0,46.502,0.00746397127907783,0.024988074253936923,46.08621007491104,0.0
46.551727348394984,0.0,46.97,0.003106728902621425,0.020442164448928185,46.551727348394984,0.0
47.01724462187894,0.0,47.436,0.0077865068961333606,0.01647815286697763,47.01724462187894,0.0
47.482761895362884,0.0,47.896,0.001250643331448753,0.013254575772048863,47.482761895362884,0.0
47.94827916884684,0.0,48.366,0.003106728902621425,0.010837843856620611,47.94827916884684,0.0
48.413796442330785,0.0,48.829,0.05353820113699426,0.009213921015204267,48.413796442330785,0.0
48.87931371581474,0.0,49.292,0.003106728902621425,0.008308475819709685,48.87931371581474,0.0
49.344830989298686,0.0,49.763,0.00746397127907783,0.008009954659843426,49.344830989298686,0.0
49.81034826278263,0.0,50.226,0.016178585889604413,0.00819073662081732,49.81034826278263,0.0
50.275865536266586,0.0,50.691,0.009965257941975336,0.008723491246837519,50.275865536266586,0.0
50.74138280975053,0.0,51.15,0.0077865068961333606,0.0094918143924917,50.74138280975053,0.0
51.20690008323449,0.0,51.616,0.012143879130203539,0.010395496401569585,51.20690008323449,0.0
51.672417356718434,0.0,52.081,0.003106728902621425,0.011351517458579796,51.672417356718434,0.0
52.13793463020239,0.0,52.547,0.016501121506659944,0.012292269208344015,52.13793463020239,0.0
52.603451903686334,0.0,53.012,0.00746397127907783,0.013162559715676637,52.603451903686334,0.0
53.06896917717028,0.0,53.478,0.022714579311902794,0.013916708844213435,53.06896917717028,0.0
53.534486450654235,0.0,53.941,0.005285350090849628,0.014516677573492261,53.534486450654235,0.0
54.00000372413818,0.0,54.41,0.001250643331448753,0.01493189034599037,54.00000372413818,0.0
54.465520997622136,0.0,54.871,0.0077865068961333606,0.01514115099231619,54.465520997622136,0.0
54.93103827110608,0.0,55.34,0.04046634415001127,0.015136482485722793,54.93103827110608,0.0
55.396555544590036,0.0,55.804,0.016178585889604413,0.01492768824465485,55.396555544590036,0.0
55.86207281807398,0.0,56.265,0.020858493740730122,0.014545497817495898,55.86207281807398,0.0
56.32759009155794,0.0,56.731,0.016501121506659944,0.014041190777719346,56.32759009155794,0.0
56.793107365041884,0.0,57.2,0.016178585889604413,0.013481748855297742,56.793107365041884,0.0
57.25862463852583,0.0,57.666,0.0009279778567794494,0.012941164110827873,57.25862463852583,0.0
57.724141912009785,0.0,58.125,0.009965257941975336,0.012489766390421996,57.724141912009785,0.0
58.18965918549373,0.0,58.591,0.001250643331448753,0.012183960946995627,58.18965918549373,0.0
58.655176458977685,0.0,59.056,0.02925044287658718,0.01205849812111788,58.655176458977685,0.0
59.12069373246163,0.0,59.522,0.003106728902621425,0.012122528327107472,59.12069373246163,0.0
59.586211005945586,0.0,59.989,0.00746397127907783,0.012359760824053668,59.586211005945586,0.0
60.05172827942953,0.0,60.454,0.003106728902621425,0.012732499532174908,60.05172827942953,0.0
60.51724555291348,0.0,60.915,0.020858493740730122,0.013189051200221475,60.51724555291348,0.0
60.98276282639743,0.0,61.385,0.0009279778567794494,0.013673510529734352,60.98276282639743,0.0
61.44828009988138,0.0,61.848,0.047002207714695876,0.014136096010728929,61.44828009988138,0.0
61.913797373365334,0.0,62.31,0.025215736117186305,0.014541498691338126,61.913797373365334,0.0
62.37931464684928,0.0,62.778,0.016501121506659944,0.014872803236450483,62.37931464684928,0.0
62.844831920333235,0.0,63.24,0.001250643331448753,0.015129868780081832,62.844831920333235,0.0
63.31034919381718,0.0,63.706,0.001250643331448753,0.015323245644487442,63.31034919381718,0.0
63.77586646730113,0.0,64.17,0.00746397127907783,0.015466527383130263,63.77586646730113,0.0
64.24138374078508,0.0,64.636,0.003106728902621425,0.01557032114741608,64.24138374078508,0.0
64.70690101426904,0.0,65.103,0.05571682232522246,0.01563964727854171,64.70690101426904,0.0
65.17241828775298,0.0,65.569,0.009965257941975336,0.01567454426876901,65.17241828775298,0.0
65.63793556123693,0.0,66.034,0.001250643331448753,0.015672335954188498,65.63793556123693,0.0
66.10345283472088,0.0,66.5,0.009642592467306033,0.015630153799291495,66.10345283472088,0.0
66.56897010820484,0.0,66.96,0.00746397127907783,0.015547262958966858,66.56897010820484,0.0
67.03448738168878,0.0,67.426,0.05571682232522246,0.015427149533469778,67.03448738168878,0.0
67.50000465517273,0.0,67.896,0.005285350090849628,0.01527877478208528,67.50000465517273,0.0
67.96552192865668,0.0,68.358,0.001250643331448753,0.015115916210400593,67.96552192865668,0.0
68.43103920214062,0.0,68.826,0.023037114928958324,0.014954066047327042,68.43103920214062,0.0
68.89655647562458,0.0,69.288,0.018679742694887924,0.014805530708985298,68.89655647562458,0.0
69.36207374910853,0.0,69.755,0.00746397127907783,0.014674100157559523,69.36207374910853,0.0
69.82759102259249,0.0,70.219,0.005285350090849628,0.014550677028416122,69.82759102259249,0.0
70.29310829607643,0.0,70.685,0.025215736117186305,0.014411035883917718,70.29310829607643,0.0
70.75862556956038,0.0,71.151,0.009642592467306033,0.01421660387848707,70.75862556956038,0.0
71.22414284304433,0.0,71.61,0.003106728902621425,0.013918717890976033,71.22414284304433,0.0
71.68966011652827,0.0,72.075,0.012143879130203539,0.013466320411670129,71.68966011652827,0.0
72.15517739001223,0.0,72.54,0.00746397127907783,0.01281656736183999,72.15517739001223,0.0
72.62069466349618,0.0,73.007,0.020858493740730122,0.011947131816446412,72.62069466349618,0.0
73.08621193698013,0.0,73.473,0.027071821688358977,0.010868079868341166,73.08621193698013,0.0
73.55172921046407,0.0,73.941,0.011821343513148008,0.009630542253085005,73.55172921046407,0.0
74.01724648394803,0.0,74.404,0.01399996470137621,0.00832959964464913,74.01724648394803,0.0
74.48276375743198,0.0,74.866,0.0009279778567794494,0.007099976854687056,74.48276375743198,0.0
74.94828103091592,0.0,75.337,0.009965257941975336,0.006104801664227561,74.94828103091592,0.0
75.41379830439988,0.0,75.8,0.0034292645196769556,0.00551909189958635,75.41379830439988,0.0
75.87931557788383,0.0,76.263,0.001250643331448753,0.005510397867978368,75.87931557788383,0.0
76.34483285136778,0.0,76.728,0.005285350090849628,0.006219230719142898,76.34483285136778,0.0
76.81035012485172,0.0,77.192,0.0009279778567794494,0.0077417767576810894,76.81035012485172,0.0
77.27586739833568,0.0,77.657,0.003106728902621425,0.010117024572764227,77.27586739833568,0.0
77.74138467181963,0.0,78.123,0.012143879130203539,0.013319795056370163,77.74138467181963,0.0
78.20690194530357,0.0,78.588,0.003106728902621425,0.017260245966538117,78.20690194530357,0.0
78.67241921878752,0.0,79.056,0.018357207077832394,0.02178924569992537,78.67241921878752,0.0
79.13793649227148,0.0,79.521,0.10364713775431156,0.0267076933982143,79.13793649227148,0.0
79.60345376575543,0.0,79.982,0.027071821688358977,0.03177692830651559,79.60345376575543,0.0
80.06897103923937,0.0,80.447,0.001250643331448753,0.03672793914773352,80.06897103923937,0.0
80.53448831272333,0.0,80.915,0.016501121506659944,0.0412697634259183,80.53448831272333,0.0
81.00000558620728,0.0,81.377,0.03796505748711376,0.04510071203730691,81.00000558620728,0.0
81.46552285969122,0.0,81.845,0.024893200500130774,0.047927040691621244,81.46552285969122,0.0
81.93104013317517,0.0,82.307,0.020858493740730122,0.04949130941999474,81.93104013317517,0.0
82.39655740665913,0.0,82.77,0.003106728902621425,0.049608211798919444,82.39655740665913,0.0
82.86207468014308,0.0,83.24,0.2953682696130542,0.048200710074589107,82.86207468014308,0.0
83.32759195362702,0.0,83.706,0.003106728902621425,0.045325435504521706,83.32759195362702,0.0
83.79310922711097,0.0,84.17,0.009642592467306033,0.041176528092114605,83.79310922711097,0.0
84.25862650059493,0.0,84.635,0.003106728902621425,0.0360637287392141,84.25862650059493,0.0
84.72414377407888,0.0,85.1,0.005607885707905158,0.030370481300027636,84.72414377407888,0.0
85.18966104756282,0.0,85.566,0.025215736117186305,0.024504105598470906,85.18966104756282,0.0
85.65517832104678,0.0,86.026,0.009965257941975336,0.018849521863387605,85.65517832104678,0.0
86.12069559453073,0.0,86.491,0.025215736117186305,0.013733361342712302,86.12069559453073,0.0
86.58621286801467,0.0,86.963,0.003106728902621425,0.009400725213126786,86.58621286801467,0.0
87.05173014149862,0.0,87.421,0.001250643331448753,0.006004130083165821,87.05173014149862,0.0
87.51724741498258,0.0,87.885,0.00746397127907783,0.0036030655292566605,87.51724741498258,0.0
87.98276468846653,0.0,88.355,0.003106728902621425,0.0021722383953297142,87.98276468846653,0.0
88.44828196195047,0.0,88.818,0.003106728902621425,0.001616368802162312,88.44828196195047,0.0
88.91379923543442,0.0,89.281,0.003106728902621425,0.001789228304253565,88.91379923543442,0.0
89.37931650891838,0.0,89.747,0.001250643331448753,0.0025146244683006834,89.37931650891838,0.0
89.84483378240232,0.0,90.21,0.00746397127907783,0.0036072549615945347,89.84483378240232,0.0
90.31035105588627,0.0,90.676,0.0077865068961333606,0.004891640358241417,90.31035105588627,0.0
90.77586832937023,0.0,91.142,0.003106728902621425,0.006217623813249068,90.77586832937023,0.0
91.24138560285418,0.0,91.608,0.011821343513148008,0.007471233668494114,91.24138560285418,0.0
91.70690287633812,0.0,92.073,0.024893200500130774,0.008580071832478246,91.70690287633812,0.0
92.17242014982207,0.0,92.539,0.005285350090849628,0.009512849547464126,92.17242014982207,0.0
92.63793742330603,0.0,93.004,0.0009279778567794494,0.010273377442655678,92.63793742330603,0.0
93.10345469678997,0.0,93.47,0.020858493740730122,0.010890266647254012,93.10345469678997,0.0
93.56897197027392,0.0,93.933,0.001250643331448753,0.011404474563830926,93.56897197027392,0.0
94.03448924375787,0.0,94.395,0.003106728902621425,0.011857203652247293,94.03448924375787,0.0
94.50000651724183,0.0,94.863,0.005607885707905158,0.012280460880712014,94.50000651724183,0.0
94.96552379072577,0.0,95.325,0.011821343513148008,0.012691923481979775,94.96552379072577,0.0
95.43104106420972,0.0,95.796,0.016501121506659944,0.013094669057298019,95.43104106420972,0.0
95.89655833769368,0.0,96.259,0.011821343513148008,0.013481004467806066,95.89655833769368,0.0
96.36207561117762,0.0,96.725,0.03142919392242938,0.013838532602986418,96.36207561117762,0.0
96.82759288466157,0.0,97.188,0.01399996470137621,0.014156140381116008,96.82759288466157,0.0
97.29311015814552,0.0,97.654,0.020535828266060596,0.014427911280999524,97.29311015814552,0.0
97.75862743162948,0.0,98.119,0.003106728902621425,0.014653949595831332,97.75862743162948,0.0
98.22414470511342,0.0,98.585,0.023037114928958324,0.014838373190927625,98.22414470511342,0.0
98.68966197859737,0.0,99.051,0.011821343513148008,0.01498574390024598,98.68966197859737,0.0
99.15517925208133,0.0,99.51,0.003106728902621425,0.01509764191883549,99.15517925208133,0.0
99.62069652556526,0.0,99.975,0.0077865068961333606,0.015171027613905416,99.62069652556526,0.0
100.08621379904922,0.0,100.44,0.001250643331448753,0.015199573234093138,100.08621379904922,0.0
100.55173107253317,0.0,100.911,0.016501121506659944,0.015178144111925482,100.55173107253317,0.0
101.01724834601713,0.0,101.374,0.06225281574752084,0.015109025052123823,101.01724834601713,0.0
101.48276561950107,0.0,101.837,0.020858493740730122,0.015006938498662414,101.48276561950107,0.0
101.94828289298502,0.0,102.307,0.011821343513148008,0.01489960283158261,101.94828289298502,0.0
102.41380016646897,0.0,102.767,0.003106728902621425,0.014822313171816879,102.41380016646897,0.0
102.87931743995291,0.0,103.236,0.0009279778567794494,0.01480800623862491,102.87931743995291,0.0
103.34483471343687,0.0,103.695,0.003106728902621425,0.014876563556464094,103.34483471343687,0.0
103.81035198692082,0.0,104.16,0.018679742694887924,0.015027394476849063,103.81035198692082,0.0
104.27586926040478,0.0,104.625,0.005607885707905158,0.015237837009389327,104.27586926040478,0.0
104.74138653388871,0.0,105.093,0.00746397127907783,0.015467702580143515,104.74138653388871,0.0
105.20690380737267,0.0,105.559,0.04918082890292408,0.015668292336188345,105.20690380737267,0.0
105.67242108085662,0.0,106.026,0.03142919392242938,0.01579287428614272,105.67242108085662,0.0
106.13793835434056,0.0,106.492,0.003106728902621425,0.01580529827263965,106.13793835434056,0.0
106.60345562782452,0.0,106.952,0.003106728902621425,0.01568449664443292,106.60345562782452,0.0
107.06897290130847,0.0,107.415,0.023037114928958324,0.015424645294216614,107.06897290130847,0.0
107.53449017479242,0.0,107.885,0.009965257941975336,0.015032389238144603,107.53449017479242,0.0
108.00000744827636,0.0,108.348,0.024893200500130774,0.014522859680883276,108.00000744827636,0.0
108.46552472176032,0.0,108.811,0.001250643331448753,0.013915682471479602,108.46552472176032,0.0
108.93104199524427,0.0,109.281,0.009965257941975336,0.013231721734415709,108.93104199524427,0.0
109.39655926872823,0.0,109.746,0.005607885707905158,0.012491132860494086,109.39655926872823,0.0
109.86207654221217,0.0,110.209,0.024893200500130774,0.011713005080884256,109.86207654221217,0.0
110.32759381569612,0.0,110.676,0.025215736117186305,0.010916233027791404,110.32759381569612,0.0
110.79311108918007,0.0,111.14,0.001250643331448753,0.010120678397088984,110.79311108918007,0.0
111.25862836266401,0.0,111.606,0.001250643331448753,0.009347798169820612,111.25862836266401,0.0
111.72414563614797,0.0,112.071,0.003106728902621425,0.008620734239256465,111.72414563614797,0.0
112.18966290963192,0.0,112.536,0.0077865068961333606,0.007964582757610784,112.18966290963192,0.0
112.65518018311587,0.0,112.997,0.012143879130203539,0.007407450093103266,112.65518018311587,0.0
113.12069745659981,0.0,113.462,0.005607885707905158,0.00698207903722463,113.12069745659981,0.0
113.58621473008377,0.0,113.926,0.020858493740730122,0.006727012899135697,113.58621473008377,0.0
114.05173200356772,0.0,114.396,0.003106728902621425,0.006686002652572963,114.05173200356772,0.0
114.51724927705166,0.0,114.856,0.00746397127907783,0.006904738010899033,114.51724927705166,0.0
114.98276655053562,0.0,115.325,0.016178585889604413,0.00742478151252722,114.98276655053562,0.0
115.44828382401957,0.0,115.786,0.001250643331448753,0.00827548063276664,115.44828382401957,0.0
115.91380109750352,0.0,116.255,0.001250643331448753,0.00946536839866875,115.91380109750352,0.0
116.37931837098746,0.0,116.721,0.009642592467306033,0.010975007548361533,116.37931837098746,0.0
116.84483564447142,0.0,117.18,0.009642592467306033,0.01275325123912565,116.84483564447142,0.0
117.31035291795537,0.0,117.646,0.001250643331448753,0.014718369085213867,117.31035291795537,0.0
117.77587019143931,0.0,118.11,0.03393035072771289,0.016764534109841987,117.77587019143931,0.0
118.24138746492326,0.0,118.576,0.0034292645196769556,0.01877308195710096,118.24138746492326,0.0
118.70690473840722,0.0,119.04,0.011821343513148008,0.020627000303377743,118.70690473840722,0.0
119.17242201189117,0.0,119.506,0.020858493740730122,0.022226356197874532,119.17242201189117,0.0
119.63793928537511,0.0,119.97,0.09275390195555677,0.023501678585055048,119.63793928537511,0.0
120.10345655885907,0.0,120.436,0.016501121506659944,0.024421822913659172,120.10345655885907,0.0
120.56897383234302,0.0,120.904,0.012143879130203539,0.024993510106898358,120.56897383234302,0.0
121.03449110582696,0.0,121.366,0.01399996470137621,0.02525232138997709,121.03449110582696,0.0
121.50000837931091,0.0,121.837,0.009965257941975336,0.02524836325452516,121.50000837931091,0.0
121.96552565279487,0.0,122.299,0.012143879130203539,0.02503180182649624,121.96552565279487,0.0
122.43104292627882,0.0,122.767,0.0009279778567794494,0.024642870739987617,122.43104292627882,0.0
122.89656019976276,0.0,123.229,0.0753246727345036,0.0241084809036104,122.89656019976276,0.0
123.36207747324671,0.0,123.695,0.00746397127907783,0.023444581929235268,123.36207747324671,0.0
123.82759474673067,0.0,124.155,0.05353820113699426,0.022661298252607216,123.82759474673067,0.0
124.29311202021461,0.0,124.62,0.005607885707905158,0.021767607680855214,124.29311202021461,0.0
124.75862929369856,0.0,125.085,0.003106728902621425,0.020773880523475834,124.75862929369856,0.0
125.22414656718252,0.0,125.551,0.024893200500130774,0.019692658503894993,125.22414656718252,0.0
125.68966384066647,0.0,126.015,0.00746397127907783,0.018539156553382605,125.68966384066647,0.0
126.15518111415041,0.0,126.481,0.025215736117186305,0.017332591172439144,126.15518111415041,0.0
126.62069838763436,0.0,126.951,0.029573108351256705,0.01609817159588319,126.62069838763436,0.0
127.08621566111832,0.0,127.414,0.024893200500130774,0.014868486485859006,127.08621566111832,0.0
127.55173293460226,0.0,127.877,0.003106728902621425,0.013682834304987955,127.55173293460226,0.0
128.0172502080862,0.0,128.34,0.003106728902621425,0.01258388745004008,128.0172502080862,0.0
128.48276748157016,0.0,128.808,0.025215736117186305,0.011612353071246221,128.48276748157016,0.0
128.94828475505412,0.0,129.27,0.0009279778567794494,0.010801110057871191,128.94828475505412,0.0
129.41380202853807,0.0,129.736,0.00746397127907783,0.010170320082366995,129.41380202853807,0.0
129.87931930202203,0.0,130.206,0.005607885707905158,0.009724619703701597,129.87931930202203,0.0
130.34483657550595,0.0,130.672,0.0009279778567794494,0.0094530594120058,130.34483657550595,0.0
130.8103538489899,0.0,131.13,0.016501121506659944,0.00933187154656839,130.8103538489899,0.0
131.27587112247386,0.0,131.596,0.020858493740730122,0.009329319545734578,131.27587112247386,0.0
131.7413883959578,0.0,132.063,0.020535828266060596,0.009411108294760098,131.7413883959578,0.0
132.20690566944177,0.0,132.528,0.001250643331448753,0.009544675491743104,132.20690566944177,0.0
132.67242294292572,0.0,132.993,0.0009279778567794494,0.009701426835541477,132.67242294292572,0.0
133.13794021640967,0.0,133.459,0.01399996470137621,0.009857208937976175,133.13794021640967,0.0
133.6034574898936,0.0,133.922,0.0077865068961333606,0.009992168180455879,133.6034574898936,0.0
134.06897476337755,0.0,134.385,0.003106728902621425,0.010091157526060114,134.06897476337755,0.0
134.5344920368615,0.0,134.856,0.00746397127907783,0.010145309537403568,134.5344920368615,0.0
135.00000931034546,0.0,135.318,0.016501121506659944,0.010154741365617358,135.00000931034546,0.0
135.46552658382942,0.0,135.786,0.005607885707905158,0.010131728429009518,135.46552658382942,0.0
135.93104385731337,0.0,136.248,0.014322500318431741,0.010103116947885512,135.93104385731337,0.0
136.39656113079732,0.0,136.714,0.03142919392242938,0.010110420430795254,136.39656113079732,0.0
136.86207840428125,0.0,137.177,0.016178585889604413,0.010206168773859818,136.86207840428125,0.0
137.3275956777652,0.0,137.642,0.003106728902621425,0.01044584065708546,137.3275956777652,0.0
137.79311295124916,0.0,138.107,0.003106728902621425,0.01087616300726554,137.79311295124916,0.0
138.2586302247331,0.0,138.573,0.0077865068961333606,0.011522236576774925,138.2586302247331,0.0
138.72414749821706,0.0,139.038,0.003106728902621425,0.01237695642618122,138.72414749821706,0.0
139.18966477170102,0.0,139.503,0.001250643331448753,0.013396020930615397,139.18966477170102,0.0
139.65518204518497,0.0,139.97,0.00746397127907783,0.014500663282725236,139.65518204518497,0.0
140.1206993186689,0.0,140.436,0.0077865068961333606,0.01558852194418841,140.1206993186689,0.0
140.58621659215285,0.0,140.9,0.04264496533823947,0.016551069673885765,140.58621659215285,0.0
141.0517338656368,0.0,141.362,0.005285350090849628,0.017294104830410054,141.0517338656368,0.0
141.51725113912076,0.0,141.826,0.04232242972118394,0.017756588466838752,141.51725113912076,0.0
141.9827684126047,0.0,142.296,0.046679672097640346,0.01792310304174737,141.9827684126047,0.0
142.44828568608867,0.0,142.755,0.0077865068961333606,0.01782650096616132,142.44828568608867,0.0
142.91380295957262,0.0,143.22,0.009965257941975336,0.017539684370508624,142.91380295957262,0.0
143.37932023305655,0.0,143.686,0.016501121506659944,0.01715836807373558,143.37932023305655,0.0
143.8448375065405,0.0,144.153,0.005607885707905158,0.016779085980887384,143.8448375065405,0.0
144.31035478002445,0.0,144.619,0.005285350090849628,0.016477661757231154,144.31035478002445,0.0
144.7758720535084,0.0,145.086,0.009965257941975336,0.01629282851397493,144.7758720535084,0.0
145.24138932699236,0.0,145.551,0.016501121506659944,0.01621822905287251,145.24138932699236,0.0
145.70690660047632,0.0,146.011,0.014322500318431741,0.016204183847282626,145.70690660047632,0.0
146.17242387396027,0.0,146.477,0.012143879130203539,0.016168791481373037,146.17242387396027,0.0
146.6379411474442,0.0,146.94,0.0009279778567794494,0.01601647946514725,146.6379411474442,0.0
147.10345842092815,0.0,147.41,0.01399996470137621,0.015661068751101504,147.10345842092815,0.0
147.5689756944121,0.0,147.874,0.053215665519938726,0.015049420966657906,147.5689756944121,0.0
148.03449296789606,0.0,148.336,0.04450105090941214,0.014180762551519779,148.03449296789606,0.0
148.50001024138,0.0,148.8,0.005285350090849628,0.013116654836046843,148.50001024138,0.0
148.96552751486396,0.0,149.27,0.001250643331448753,0.011978363031478725,148.96552751486396,0.0
149.43104478834792,0.0,149.735,0.009965257941975336,0.0109318134716004,149.43104478834792,0.0
149.89656206183184,0.0,150.198,0.003106728902621425,0.01016358960855036,149.89656206183184,0.0
150.3620793353158,0.0,150.663,0.012143879130203539,0.00985289202279026,150.3620793353158,0.0
150.82759660879975,0.0,151.13,0.005285350090849628,0.010144118672760594,150.82759660879975,0.0
151.2931138822837,0.0,151.596,0.003106728902621425,0.011123758465001767,151.2931138822837,0.0
151.75863115576766,0.0,152.056,0.0034292645196769556,0.012804350385052926,151.75863115576766,0.0
152.2241484292516,0.0,152.521,0.020535828266060596,0.015117359090837118,152.2241484292516,0.0
152.68966570273557,0.0,152.986,0.01399996470137621,0.017915742252060354,152.68966570273557,0.0
153.1551829762195,0.0,153.452,0.023037114928958324,0.020985782928592482,153.1551829762195,0.0
153.62070024970345,0.0,153.915,0.027071821688358977,0.02406676594696435,153.62070024970345,0.0
154.0862175231874,0.0,154.385,0.022714579311902794,0.02687654060999788,154.0862175231874,0.0
154.55173479667135,0.0,154.848,0.00746397127907783,0.029140857440683166,154.55173479667135,0.0
155.0172520701553,0.0,155.31,0.02925044287658718,0.03062423949988781,155.0172520701553,0.0
155.48276934363926,0.0,155.781,0.020858493740730122,0.031159550565342187,155.48276934363926,0.0
155.94828661712322,0.0,156.244,0.12728969492299358,0.03067212212053878,155.94828661712322,0.0
156.41380389060714,0.0,156.709,0.025215736117186305,0.02919307848231255,156.41380389060714,0.0
156.8793211640911,0.0,157.174,0.009642592467306033,0.026857163296656123,156.8793211640911,0.0
157.34483843757505,0.0,157.639,0.012143879130203539,0.023884003158026523,157.34483843757505,0.0
157.810355711059,0.0,158.103,0.0034292645196769556,0.02054678488695623,157.810355711059,0.0
158.27587298454296,0.0,158.569,0.016178585889604413,0.017135628824984997,158.27587298454296,0.0
158.7413902580269,0.0,159.034,0.005285350090849628,0.013922980334173133,158.7413902580269,0.0
159.20690753151086,0.0,159.5,0.001250643331448753,0.011136191306900889,159.20690753151086,0.0
159.6724248049948,0.0,159.967,0.011821343513148008,0.008939877327855042,159.6724248049948,0.0
160.13794207847874,0.0,160.425,0.012143879130203539,0.007428456595168192,160.13794207847874,0.0
160.6034593519627,0.0,160.893,0.0077865068961333606,0.006627631165510874,160.6034593519627,0.0
161.06897662544665,0.0,161.355,0.005285350090849628,0.006502544531901642,161.06897662544665,0.0
161.5344938989306,0.0,161.826,0.018679742694887924,0.006970036575442911,161.5344938989306,0.0
162.00001117241456,0.0,162.288,0.003106728902621425,0.007912675374700725,162.00001117241456,0.0
162.4655284458985,0.0,162.755,0.00746397127907783,0.00919279072400116,162.4655284458985,0.0
162.93104571938244,0.0,163.22,0.01399996470137621,0.01066535575620633,162.93104571938244,0.0
163.3965629928664,0.0,163.686,0.016501121506659944,0.0121890892093372,163.3965629928664,0.0
163.86208026635035,0.0,164.151,0.009965257941975336,0.013635470280935452,163.86208026635035,0.0
164.3275975398343,0.0,164.61,0.0077865068961333606,0.01489555374343452,164.3275975398343,0.0
164.79311481331825,0.0,165.081,0.027394357305414507,0.015884656695543637,164.79311481331825,0.0
165.2586320868022,0.0,165.54,0.012143879130203539,0.016545082720877135,165.2586320868022,0.0
165.72414936028616,0.0,166.012,0.020858493740730122,0.016847002537156174,165.72414936028616,0.0
166.1896666337701,0.0,166.47,0.009965257941975336,0.01678759955882492,166.1896666337701,0.0
166.65518390725404,0.0,166.94,0.001250643331448753,0.016388724507787566,166.65518390725404,0.0
167.120701180738,0.0,167.403,0.053215665519938726,0.015693364221474736,167.120701180738,0.0
167.58621845422195,0.0,167.871,0.00746397127907783,0.014761017626346401,167.58621845422195,0.0
168.0517357277059,0.0,168.333,0.0034292645196769556,0.013661918405384815,168.0517357277059,0.0
168.51725300118986,0.0,168.796,0.005607885707905158,0.012470488955714386,168.51725300118986,0.0
168.9827702746738,0.0,169.266,0.00746397127907783,0.011259252863018371,168.9827702746738,0.0
169.44828754815777,0.0,169.725,0.00746397127907783,0.010094743951525377,169.44828754815777,0.0
169.9138048216417,0.0,170.196,0.009965257941975336,0.009036252789883365,169.9138048216417,0.0
170.37932209512564,0.0,170.662,0.005285350090849628,0.00813702491318799,170.37932209512564,0.0
170.8448393686096,0.0,171.122,0.029573108351256705,0.007446469502720523,170.8448393686096,0.0
171.31035664209355,0.0,171.588,0.0077865068961333606,0.007011420884223518,171.31035664209355,0.0
171.7758739155775,0.0,172.056,0.011821343513148008,0.006874707714369124,171.7758739155775,0.0
172.24139118906146,0.0,172.521,0.003106728902621425,0.007070299740449786,172.24139118906146,0.0
172.7069084625454,0.0,172.986,0.001250643331448753,0.007615802334702457,172.7069084625454,0.0
173.17242573602934,0.0,173.452,0.005607885707905158,0.008504370153792282,173.17242573602934,0.0
173.6379430095133,0.0,173.914,0.0034292645196769556,0.009698656669540753,173.6379430095133,0.0
174.10346028299725,0.0,174.377,0.001250643331448753,0.011129120827582549,174.10346028299725,0.0
174.5689775564812,0.0,174.841,0.0009279778567794494,0.012698103368461278,174.5689775564812,0.0
175.03449482996515,0.0,175.311,0.02925044287658718,0.014289778131193307,175.03449482996515,0.0
175.5000121034491,0.0,175.774,0.011821343513148008,0.015784545297046607,175.5000121034491,0.0
175.96552937693306,0.0,176.237,0.020858493740730122,0.017075018746607013,175.96552937693306,0.0
176.431046650417,0.0,176.702,0.05353820113699426,0.018079987501829053,176.431046650417,0.0
176.89656392390094,0.0,177.17,0.023037114928958324,0.01875295655739321,176.89656392390094,0.0
177.3620811973849,0.0,177.635,0.012143879130203539,0.01908321955150915,177.3620811973849,0.0
177.82759847086885,0.0,178.101,0.001250643331448753,0.01908975299971757,177.82759847086885,0.0
178.2931157443528,0.0,178.566,0.011821343513148008,0.01881075152389793,178.2931157443528,0.0
178.75863301783676,0.0,179.026,0.005607885707905158,0.01829301025472487,178.75863301783676,0.0
179.2241502913207,0.0,179.491,0.001250643331448753,0.017584833272146695,179.2241502913207,0.0
179.68966756480464,0.0,179.963,0.027071821688358977,0.01673409636876595,179.68966756480464,0.0
180.1551848382886,0.0,180.421,0.05103691447409675,0.015790488594516844,180.1551848382886,0.0
180.62070211177254,0.0,180.889,0.022714579311902794,0.014808839364582601,180.62070211177254,0.0
181.0862193852565,0.0,181.351,0.001250643331448753,0.013849868116118094,181.0862193852565,0.0
181.55173665874045,0.0,181.815,0.016501121506659944,0.01297613875985767,181.55173665874045,0.0
182.0172539322244,0.0,182.285,0.012143879130203539,0.012243542199785792,182.0172539322244,0.0
182.48277120570836,0.0,182.75,0.005285350090849628,0.011690643982507975,182.48277120570836,0.0
182.94828847919229,0.0,183.215,0.001250643331448753,0.011328964974032558,182.94828847919229,0.0
183.41380575267624,0.0,183.68,0.003106728902621425,0.011137049065117623,183.41380575267624,0.0
183.8793230261602,0.0,184.145,0.00746397127907783,0.011060416367050066,183.8793230261602,0.0
184.34484029964415,0.0,184.611,0.012143879130203539,0.011018263259885147,184.34484029964415,0.0
184.8103575731281,0.0,185.07,0.018679742694887924,0.010916220640151004,184.8103575731281,0.0
185.27587484661206,0.0,185.535,0.009642592467306033,0.010663100953799973,185.27587484661206,0.0
185.741392120096,0.0,186.002,0.012143879130203539,0.010188820611984771,185.741392120096,0.0
186.20690939357993,0.0,186.467,0.018679742694887924,0.009460681017181442,186.20690939357993,0.0
186.6724266670639,0.0,186.93,0.003106728902621425,0.008495677864687157,186.6724266670639,0.0
187.13794394054784,0.0,187.399,0.0009279778567794494,0.007367169564912666,187.13794394054784,0.0
187.6034612140318,0.0,187.863,0.023037114928958324,0.006204854844595729,187.6034612140318,0.0
188.06897848751575,0.0,188.325,0.016501121506659944,0.005187452948737745,188.06897848751575,0.0
188.5344957609997,0.0,188.796,0.001250643331448753,0.004527862550651941,188.5344957609997,0.0
189.00001303448366,0.0,189.259,0.001250643331448753,0.004451309119217081,189.00001303448366,0.0
189.46553030796758,0.0,189.725,0.012143879130203539,0.005168228211209698,189.46553030796758,0.0
189.93104758145154,0.0,190.189,0.001250643331448753,0.006844900961180874,189.93104758145154,0.0
190.3965648549355,0.0,190.654,0.001250643331448753,0.00957562235361992,190.3965648549355,0.0
190.86208212841944,0.0,191.119,0.001250643331448753,0.013360371326904825,190.86208212841944,0.0
191.3275994019034,0.0,191.585,0.005607885707905158,0.018091627964902365,191.3275994019034,0.0
191.79311667538735,0.0,192.052,0.016501121506659944,0.02355298781675526,191.79311667538735,0.0
192.2586339488713,0.0,192.51,0.0753246727345036,0.029430494602422683,192.2586339488713,0.0
192.72415122235523,0.0,192.975,0.012143879130203539,0.035335685559296254,192.72415122235523,0.0
193.1896684958392,0.0,193.44,0.020858493740730122,0.040838230542567536,193.1896684958392,0.0
193.65518576932314,0.0,193.911,0.020535828266060596,0.045506174989034365,193.65518576932314,0.0
194.1207030428071,0.0,194.373,0.01399996470137621,0.048952060945207945,194.1207030428071,0.0
194.58622031629105,0.0,194.841,0.0077865068961333606,0.05088173001490729,194.58622031629105,0.0
195.051737589775,0.0,195.304,0.3233680691581926,0.051138768124573075,195.051737589775,0.0
195.51725486325896,0.0,195.767,0.0009279778567794494,0.049733453494595604,195.51725486325896,0.0
195.98277213674288,0.0,196.236,0.003106728902621425,0.04684529495625342,195.98277213674288,0.0
196.44828941022683,0.0,196.695,0.001250643331448753,0.04279570998296595,196.44828941022683,0.0
196.9138066837108,0.0,197.163,0.020535828266060596,0.03799828270497257,196.9138066837108,0.0
197.37932395719474,0.0,197.628,0.029573108351256705,0.032900458906676706,197.37932395719474,0.0
197.8448412306787,0.0,198.093,0.047002207714695876,0.02792919023930407,197.8448412306787,0.0
198.31035850416265,0.0,198.56,0.001250643331448753,0.02344763193421891,198.31035850416265,0.0
198.7758757776466,0.0,199.027,0.020858493740730122,0.019725381972904285,198.7758757776466,0.0
199.24139305113053,0.0,199.485,0.023037114928958324,0.016922489643337174,199.24139305113053,0.0
199.70691032461448,0.0,199.959,0.003106728902621425,0.015086590435115422,199.70691032461448,0.0
200.17242759809844,0.0,200.418,0.0077865068961333606,0.014161910418054256,200.17242759809844,0.0
200.6379448715824,0.0,200.886,0.018679742694887924,0.014008185889284049,200.6379448715824,0.0
201.10346214506635,0.0,201.348,0.020858493740730122,0.014426775070054099,201.10346214506635,0.0
201.5689794185503,0.0,201.811,0.023037114928958324,0.015190466201563769,201.5689794185503,0.0
202.03449669203425,0.0,202.281,0.025215736117186305,0.01607305075940057,202.03449669203425,0.0
202.50001396551818,0.0,202.746,0.0034292645196769556,0.016875047529433574,202.50001396551818,0.0
202.96553123900213,0.0,203.209,0.020535828266060596,0.01744297498016128,202.96553123900213,0.0
203.4310485124861,0.0,203.675,0.04918082890292408,0.01768071257780376,203.4310485124861,0.0
203.89656578597004,0.0,204.14,0.003106728902621425,0.017552334348492744,203.89656578597004,0.0
204.362083059454,0.0,204.606,0.024893200500130774,0.017076574537159713,204.362083059454,0.0
204.82760033293795,0.0,205.071,0.003106728902621425,0.0163142563707223,204.82760033293795,0.0
205.2931176064219,0.0,205.537,0.014322500318431741,0.015351370279681108,205.2931176064219,0.0
205.75863487990583,0.0,205.996,0.003106728902621425,0.014281260011656312,205.75863487990583,0.0
206.22415215338978,0.0,206.462,0.011821343513148008,0.013189152412047447,206.22415215338978,0.0
206.68966942687373,0.0,206.929,0.016178585889604413,0.012141275430947155,206.68966942687373,0.0
207.1551867003577,0.0,207.391,0.003106728902621425,0.011179521288821031,207.1551867003577,0.0
207.62070397384164,0.0,207.859,0.01399996470137621,0.010321451897260815,207.62070397384164,0.0
208.0862212473256,0.0,208.322,0.003106728902621425,0.009564636692782421,208.0862212473256,0.0
208.55173852080955,0.0,208.785,0.024893200500130774,0.008893811312840566,208.55173852080955,0.0
209.01725579429348,0.0,209.255,0.011821343513148008,0.008289041381034066,209.01725579429348,0.0
209.48277306777743,0.0,209.721,0.003106728902621425,0.007733081848334853,209.48277306777743,0.0
209.94829034126138,0.0,210.18,0.0009279778567794494,0.007216621478017594,209.94829034126138,0.0
210.41380761474534,0.0,210.646,0.018679742694887924,0.006740914396049385,210.41380761474534,0.0
210.8793248882293,0.0,211.11,0.00746397127907783,0.006317931646353474,210.8793248882293,0.0
211.34484216171325,0.0,211.576,0.003106728902621425,0.005968422291021322,211.34484216171325,0.0
211.8103594351972,0.0,212.04,0.001250643331448753,0.0057184637663680715,211.8103594351972,0.0
212.27587670868112,0.0,212.506,0.003106728902621425,0.005595417704370341,212.27587670868112,0.0
212.74139398216508,0.0,212.97,0.003106728902621425,0.0056244337759762605,212.74139398216508,0.0
213.20691125564903,0.0,213.436,0.001250643331448753,0.005826447170462454,213.20691125564903,0.0
213.672428529133,0.0,213.9,0.011821343513148008,0.0062180358472193244,213.672428529133,0.0
214.13794580261694,0.0,214.37,0.001250643331448753,0.006812806163541095,214.13794580261694,0.0
214.6034630761009,0.0,214.833,0.005285350090849628,0.007623380275669819,214.6034630761009,0.0
215.06898034958485,0.0,215.296,0.04046634415001127,0.008662669063486044,215.06898034958485,0.0
215.5344976230688,0.0,215.766,0.001250643331448753,0.009943026222319297,215.5344976230688,0.0
216.00001489655273,0.0,216.229,0.011821343513148008,0.011472332986763025,216.00001489655273,0.0
216.46553217003668,0.0,216.694,0.009965257941975336,0.013247216666499162,216.46553217003668,0.0
216.93104944352064,0.0,217.159,0.012143879130203539,0.015245047131427863,216.93104944352064,0.0
217.3965667170046,0.0,217.624,0.003106728902621425,0.017417290977061642,217.3965667170046,0.0
217.86208399048854,0.0,218.089,0.005607885707905158,0.019686807705211293,217.86208399048854,0.0
218.3276012639725,0.0,218.555,0.025215736117186305,0.021950806577849282,218.3276012639725,0.0
218.79311853745645,0.0,219.015,0.011821343513148008,0.024089607765920496,218.79311853745645,0.0
219.25863581094038,0.0,219.481,0.09711114433201318,0.02597939828120441,219.25863581094038,0.0
219.72415308442433,0.0,219.948,0.003106728902621425,0.027505690957347333,219.72415308442433,0.0
220.18967035790828,0.0,220.411,0.009965257941975336,0.028574294694112913,220.18967035790828,0.0
220.65518763139224,0.0,220.882,0.011821343513148008,0.0291185075199734,220.65518763139224,0.0
221.1207049048762,0.0,221.344,0.018357207077832394,0.029103415182330877,221.1207049048762,0.0
221.58622217836015,0.0,221.812,0.08807399410443106,0.028528560470402226,221.58622217836015,0.0
222.0517394518441,0.0,222.273,0.02925044287658718,0.027428719468907004,222.0517394518441,0.0
222.51725672532802,0.0,222.739,0.005607885707905158,0.025871230566584,222.51725672532802,0.0
222.98277399881198,0.0,223.202,0.003106728902621425,0.02394914019258618,222.98277399881198,0.0
223.44829127229593,0.0,223.668,0.022714579311902794,0.021771656629305042,223.44829127229593,0.0
223.9138085457799,0.0,224.133,0.02925044287658718,0.019454677675476473,223.9138085457799,0.0
224.37932581926384,0.0,224.599,0.023037114928958324,0.017113366891581158,224.37932581926384,0.0
224.8448430927478,0.0,225.064,0.009965257941975336,0.0148570833400278,224.8448430927478,0.0
225.31036036623175,0.0,225.529,0.001250643331448753,0.012786059607028052,225.31036036623175,0.0
225.77587763971567,0.0,225.996,0.023037114928958324,0.010989329641674102,225.77587763971567,0.0
226.24139491319963,0.0,226.461,0.012143879130203539,0.00954370589603162,226.24139491319963,0.0
226.70691218668358,0.0,226.922,0.0009279778567794494,0.008513561101480986,226.70691218668358,0.0
227.17242946016754,0.0,227.385,0.003106728902621425,0.007951019126621555,227.17242946016754,0.0
227.6379467336515,0.0,227.855,0.011821343513148008,0.007896174970290055,227.6379467336515,0.0
228.10346400713544,0.0,228.318,0.023037114928958324,0.008376950364043172,228.10346400713544,0.0
228.5689812806194,0.0,228.781,0.003106728902621425,0.009408000162226263,228.5689812806194,0.0
229.03449855410332,0.0,229.251,0.003106728902621425,0.010988051214754008,229.03449855410332,0.0
229.50001582758728,0.0,229.717,0.02925044287658718,0.013095467685258419,229.50001582758728,0.0
229.96553310107123,0.0,230.18,0.003106728902621425,0.015682419047658873,229.96553310107123,0.0
230.43105037455518,0.0,230.646,0.040143678675341965,0.018668394010711763,230.43105037455518,0.0
230.89656764803914,0.0,231.111,0.022714579311902794,0.02193405555395452,230.89656764803914,0.0
231.3620849215231,0.0,231.577,0.012143879130203539,0.025316945089420482,231.3620849215231,0.0
231.82760219500705,0.0,232.041,0.016178585889604413,0.028611399065872758,231.82760219500705,0.0
232.29311946849097,0.0,232.507,0.016501121506659944,0.03157576729245974,232.29311946849097,0.0
232.75863674197493,0.0,232.967,0.003106728902621425,0.033949816151573366,232.75863674197493,0.0
233.22415401545888,0.0,233.432,0.003106728902621425,0.03548347969803661,233.22415401545888,0.0
233.68967128894283,0.0,233.9,0.016501121506659944,0.03597478379526221,233.68967128894283,0.0
234.1551885624268,0.0,234.362,0.23000872496291191,0.035310184457647754,234.1551885624268,0.0
234.62070583591074,0.0,234.826,0.00746397127907783,0.0334963733722987,234.62070583591074,0.0
235.0862231093947,0.0,235.296,0.016501121506659944,0.030672222467357388,235.0862231093947,0.0
235.55174038287862,0.0,235.767,0.005607885707905158,0.027095276374622154,235.55174038287862,0.0
236.01725765636257,0.0,236.222,0.0009279778567794494,0.023106317217115122,236.01725765636257,0.0
236.48277492984653,0.0,236.688,0.00746397127907783,0.01908204057883556,236.48277492984653,0.0
236.94829220333048,0.0,237.155,0.020858493740730122,0.015386763449947667,236.94829220333048,0.0
237.41380947681444,0.0,237.622,0.003106728902621425,0.012331130389729158,237.41380947681444,0.0
237.8793267502984,0.0,238.081,0.005607885707905158,0.01014212487731897,237.8793267502984,0.0
238.34484402378234,0.0,238.547,0.009965257941975336,0.008945970834513537,238.34484402378234,0.0
238.81036129726627,0.0,239.011,0.005285350090849628,0.008763833621166386,238.81036129726627,0.0
239.27587857075022,0.0,239.476,0.009965257941975336,0.009519138171515295,239.27587857075022,0.0
239.74139584423418,0.0,239.945,0.005607885707905158,0.011054502364768893,239.74139584423418,0.0
240.20691311771813,0.0,240.407,0.020858493740730122,0.013155670690820962,240.20691311771813,0.0
240.67243039120208,0.0,240.87,0.014322500318431741,0.015579394326146117,240.67243039120208,0.0
241.13794766468604,0.0,241.34,0.003106728902621425,0.018081915356825407,241.13794766468604,0.0
241.60346493817,0.0,241.8,0.06443143693574904,0.02044458604101021,241.60346493817,0.0
242.06898221165392,0.0,242.27,0.027071821688358977,0.022493238742523854,242.06898221165392,0.0
242.53449948513787,0.0,242.736,0.03578643629888556,0.02410854050019589,242.53449948513787,0.0
243.00001675862183,0.0,243.199,0.001250643331448753,0.025226243163086345,243.00001675862183,0.0
243.46553403210578,0.0,243.664,0.016178585889604413,0.025828825056304926,243.46553403210578,0.0
243.93105130558973,0.0,244.13,0.044823586526467674,0.02593225611787766,243.93105130558973,0.0
244.3965685790737,0.0,244.596,0.0009279778567794494,0.025572301112193954,244.3965685790737,0.0
244.86208585255764,0.0,245.055,0.005607885707905158,0.02479400588951492,244.86208585255764,0.0
245.32760312604157,0.0,245.521,0.009642592467306033,0.02364663261283952,245.32760312604157,0.0
245.79312039952552,0.0,245.985,0.022714579311902794,0.02218452991599285,245.79312039952552,0.0
246.25863767300947,0.0,246.451,0.10582575894253976,0.02047198455075678,246.25863767300947,0.0
246.72415494649343,0.0,246.919,0.003106728902621425,0.01858775662864683,246.72415494649343,0.0
247.18967221997738,0.0,247.381,0.003106728902621425,0.016624686605047265,247.18967221997738,0.0
247.65518949346134,0.0,247.848,0.00746397127907783,0.014682469433163935,247.65518949346134,0.0
248.1207067669453,0.0,248.311,0.001250643331448753,0.012855719799547267,248.1207067669453,0.0
248.58622404042922,0.0,248.781,0.0034292645196769556,0.011221916737335002,248.58622404042922,0.0
249.05174131391317,0.0,249.244,0.001250643331448753,0.009833587904761817,249.05174131391317,0.0
249.51725858739712,0.0,249.709,0.003106728902621425,0.008717182200054498,249.51725858739712,0.0
249.98277586088108,0.0,250.174,0.005607885707905158,0.007878773963149016,249.98277586088108,0.0
250.44829313436503,0.0,250.639,0.04232242972118394,0.007314647283241565,250.44829313436503,0.0
250.91381040784898,0.0,251.103,0.003106728902621425,0.007023307784739297,250.91381040784898,0.0
251.37932768133294,0.0,251.569,0.00746397127907783,0.00701510795335661,251.37932768133294,0.0
251.84484495481686,0.0,252.034,0.005285350090849628,0.007316713474332824,251.84484495481686,0.0
252.31036222830082,0.0,252.5,0.014322500318431741,0.007969469878513115,252.31036222830082,0.0
252.77587950178477,0.0,252.967,0.001250643331448753,0.009022274441384029,252.77587950178477,0.0
253.24139677526873,0.0,253.425,0.020858493740730122,0.010520321871888833,253.24139677526873,0.0
253.70691404875268,0.0,253.892,0.014322500318431741,0.012491360053895045,253.70691404875268,0.0
254.17243132223663,0.0,254.355,0.016178585889604413,0.014931304658788443,254.17243132223663,0.0
254.6379485957206,0.0,254.822,0.009965257941975336,0.01779143982108437,254.6379485957206,0.0
255.1034658692045,0.0,255.285,0.012143879130203539,0.02096993724289072,255.1034658692045,0.0
255.56898314268847,0.0,255.75,0.00746397127907783,0.024310721001080376,255.56898314268847,0.0
256.0345004161724,0.0,256.222,0.005607885707905158,0.027612295899998838,256.0345004161724,0.0
256.5000176896564,0.0,256.68,0.003106728902621425,0.030647669467148128,256.5000176896564,0.0
256.9655349631403,0.0,257.145,0.005285350090849628,0.03319375562124615,256.9655349631403,0.0
257.4310522366243,0.0,257.611,0.2256514825864555,0.03506481756652407,257.4310522366243,0.0
257.89656951010824,0.0,258.077,0.011821343513148008,0.03614097169658927,257.89656951010824,0.0
258.3620867835922,0.0,258.543,0.0009279778567794494,0.03638261125862697,258.3620867835922,0.0
258.82760405707614,0.0,259.008,0.001250643331448753,0.03582690702738353,258.82760405707614,0.0
259.2931213305601,0.0,259.474,0.01399996470137621,0.03457052443811484,259.2931213305601,0.0
259.75863860404405,0.0,259.937,0.005285350090849628,0.03274739174944647,259.75863860404405,0.0
260.22415587752795,0.0,260.407,0.10146851656608336,0.030508966040661226,260.22415587752795,0.0
260.6896731510119,0.0,260.867,0.022714579311902794,0.028009604599961203,260.6896731510119,0.0
261.15519042449586,0.0,261.337,0.016501121506659944,0.02539576182775107,261.15519042449586,0.0
261.6207076979798,0.0,261.8,0.003106728902621425,0.022797129610189645,261.6207076979798,0.0
262.08622497146376,0.0,262.262,0.012143879130203539,0.020319628710665782,262.08622497146376,0.0
262.5517422449477,0.0,262.728,0.029573108351256705,0.018041656618975947,262.5517422449477,0.0
263.0172595184317,0.0,263.191,0.020535828266060596,0.01601459893277712,263.0172595184317,0.0
263.4827767919156,0.0,263.657,0.0077865068961333606,0.014267056688197862,263.4827767919156,0.0
263.9482940653996,0.0,264.122,0.022714579311902794,0.01281110276948965,263.9482940653996,0.0
264.41381133888353,0.0,264.588,0.012143879130203539,0.011648756362662554,264.41381133888353,0.0
264.8793286123675,0.0,265.055,0.0034292645196769556,0.010777331777732574,264.8793286123675,0.0
265.34484588585144,0.0,265.521,0.023037114928958324,0.010192865459685436,265.34484588585144,0.0
265.8103631593354,0.0,265.985,0.003106728902621425,0.009891273831621554,265.8103631593354,0.0
266.27588043281935,0.0,266.45,0.0077865068961333606,0.009867234237541631,266.27588043281935,0.0
266.74139770630325,0.0,266.911,0.020858493740730122,0.01011104211328786,266.74139770630325,0.0
267.2069149797872,0.0,267.381,0.016178585889604413,0.010603920066935718,267.2069149797872,0.0
267.67243225327115,0.0,267.841,0.00746397127907783,0.011312526057104736,267.67243225327115,0.0
268.1379495267551,0.0,268.31,0.003106728902621425,0.012183890804036642,268.1379495267551,0.0
268.60346680023906,0.0,268.774,0.0009279778567794494,0.01314266081190602,268.60346680023906,0.0
269.068984073723,0.0,269.237,0.0009279778567794494,0.01409282832768994,269.068984073723,0.0
269.53450134720697,0.0,269.703,0.014322500318431741,0.014925507625748215,269.53450134720697,0.0
270.0000186206909,0.0,270.17,0.003106728902621425,0.015532673287077227,270.0000186206909,0.0
270.4655358941749,0.0,270.636,0.04918082890292408,0.01582458956250205,270.4655358941749,0.0
270.93105316765883,0.0,271.101,0.04232242972118394,0.015746730255996304,270.93105316765883,0.0
271.3965704411428,0.0,271.567,0.018357207077832394,0.01529126086278145,271.3965704411428,0.0
271.86208771462674,0.0,272.026,0.005607885707905158,0.014499375845656323,271.86208771462674,0.0
272.3276049881107,0.0,272.491,0.0077865068961333606,0.013453719627134056,272.3276049881107,0.0
272.79312226159465,0.0,272.963,0.005285350090849628,0.012263281270939555,272.79312226159465,0.0
273.25863953507854,0.0,273.421,0.003106728902621425,0.011044929186485867,273.25863953507854,0.0
273.7241568085625,0.0,273.889,0.003106728902621425,0.009905717748937636,273.7241568085625,0.0
274.18967408204645,0.0,274.352,0.020858493740730122,0.008928906301844609,274.18967408204645,0.0
274.6551913555304,0.0,274.815,0.005285350090849628,0.008165119101545288,274.6551913555304,0.0
275.12070862901436,0.0,275.285,0.003106728902621425,0.0076288548349884725,275.12070862901436,0.0
275.5862259024983,0.0,275.751,0.0077865068961333606,0.0072999496438776856,275.5862259024983,0.0
276.05174317598227,0.0,276.215,0.003106728902621425,0.007129482730955254,276.05174317598227,0.0
276.5172604494662,0.0,276.68,0.005607885707905158,0.0070495474954715125,276.5172604494662,0.0
276.9827777229502,0.0,277.145,0.012143879130203539,0.006986019836825253,276.9827777229502,0.0
277.44829499643413,0.0,277.61,0.003106728902621425,0.0068730256419243345,277.44829499643413,0.0
277.9138122699181,0.0,278.07,0.0009279778567794494,0.006667453255120048,277.9138122699181,0.0
278.37932954340204,0.0,278.536,0.018357207077832394,0.006361659031456514,278.37932954340204,0.0
278.844846816886,0.0,279.001,0.016178585889604413,0.005992417829159939,278.844846816886,0.0
279.31036409036994,0.0,279.466,0.003106728902621425,0.005644215823688149,279.31036409036994,0.0
279.77588136385384,0.0,279.933,0.0009279778567794494,0.005445421464280597,279.77588136385384,0.0
280.2413986373378,0.0,280.396,0.018357207077832394,0.0055567785756021285,280.2413986373378,0.0
280.70691591082175,0.0,280.866,0.016501121506659944,0.006152685849029317,280.70691591082175,0.0
281.1724331843057,0.0,281.329,0.003106728902621425,0.007396570849116131,281.1724331843057,0.0
281.63795045778966,0.0,281.796,0.0077865068961333606,0.009412534819176638,281.63795045778966,0.0
282.1034677312736,0.0,282.258,0.012143879130203539,0.012256531795610023,282.1034677312736,0.0
282.56898500475756,0.0,282.724,0.016501121506659944,0.01589134162006309,282.56898500475756,0.0
283.0345022782415,0.0,283.188,0.0034292645196769556,0.02017007844368454,283.0345022782415,0.0
283.5000195517255,0.0,283.654,0.005607885707905158,0.024832869921947897,283.5000195517255,0.0
283.9655368252094,0.0,284.118,0.0009279778567794494,0.029520618183251503,283.9655368252094,0.0
284.4310540986934,0.0,284.584,0.011821343513148008,0.03380803285689659,284.4310540986934,0.0
284.89657137217733,0.0,285.049,0.016501121506659944,0.037254965780189477,284.89657137217733,0.0
285.3620886456613,0.0,285.514,0.0009279778567794494,0.039470490446653364,285.3620886456613,0.0
285.82760591914524,0.0,285.982,0.2692244907102814,0.04017885547156512,285.82760591914524,0.0
286.29312319262914,0.0,286.44,0.025215736117186305,0.03927229985503163,286.29312319262914,0.0
286.7586404661131,0.0,286.908,0.003106728902621425,0.03683616136881285,286.7586404661131,0.0
287.22415773959705,0.0,287.37,0.022714579311902794,0.033138974350463424,287.22415773959705,0.0
287.689675013081,0.0,287.841,0.011821343513148008,0.028591262178793517,287.689675013081,0.0
288.15519228656495,0.0,288.303,0.0077865068961333606,0.023684792330678935,288.15519228656495,0.0
288.6207095600489,0.0,288.767,0.01399996470137621,0.018925773802137103,288.6207095600489,0.0
289.08622683353286,0.0,289.236,0.005285350090849628,0.014772883721030885,289.08622683353286,0.0
289.5517441070168,0.0,289.695,0.00746397127907783,0.01158739776464408,289.5517441070168,0.0
290.01726138050077,0.0,290.16,0.005607885707905158,0.009599563517225148,290.01726138050077,0.0
290.4827786539847,0.0,290.625,0.0009279778567794494,0.008892902819541502,290.4827786539847,0.0
290.9482959274687,0.0,291.092,0.012143879130203539,0.009406238466452142,290.9482959274687,0.0
291.41381320095263,0.0,291.558,0.005285350090849628,0.010951742287867793,291.41381320095263,0.0
291.8793304744366,0.0,292.022,0.009965257941975336,0.013246079943485676,291.8793304744366,0.0
292.34484774792054,0.0,292.488,0.014322500318431741,0.015950739480535735,292.34484774792054,0.0
292.8103650214045,0.0,292.96,0.003106728902621425,0.018716802926848335,292.8103650214045,0.0
293.2758822948884,0.0,293.419,0.08621790853325839,0.021228646041722945,293.2758822948884,0.0
293.74139956837234,0.0,293.881,0.027394357305414507,0.023240521086872017,293.74139956837234,0.0
294.2069168418563,0.0,294.351,0.016178585889604413,0.02460049374602171,294.2069168418563,0.0
294.67243411534025,0.0,294.811,0.025215736117186305,0.025258522957711655,294.67243411534025,0.0
295.1379513888242,0.0,295.281,0.025215736117186305,0.025258987096195278,295.1379513888242,0.0
295.60346866230816,0.0,295.746,0.027071821688358977,0.024720899546816427,295.60346866230816,0.0
296.0689859357921,0.0,296.21,0.005607885707905158,0.02381036056415022,296.0689859357921,0.0
296.53450320927607,0.0,296.676,0.04232242972118394,0.02270987384675725,296.53450320927607,0.0
297.00002048276,0.0,297.14,0.003106728902621425,0.02158878209108074,297.00002048276,0.0
297.465537756244,0.0,297.606,0.012143879130203539,0.02057855870251171,297.465537756244,0.0
297.93105502972793,0.0,298.071,0.01399996470137621,0.01975606215158978,297.93105502972793,0.0
298.3965723032119,0.0,298.537,0.001250643331448753,0.0191369635600707,298.3965723032119,0.0
298.86208957669584,0.0,298.997,0.031751729539484685,0.01868014022551627,298.86208957669584,0.0
299.3276068501798,0.0,299.463,0.014322500318431741,0.01830192855386985,299.3276068501798,-6.061742593456004e-05
299.7931241236637,0.0,299.926,0.024893200500130774,0.017897257589507342,299.7931241236637,-6.15240964892621e-05
300.25864139714764,0.0,300.395,0.012143879130203539,0.017363444841756667,300.25864139714764,-6.638434540007633e-05
300.7241586706316,0.0,300.856,0.05757290789639513,0.016622082566110554,300.7241586706316,-7.477876029909675e-05
301.18967594411555,0.0,301.325,0.01399996470137621,0.015634902035449764,301.18967594411555,-8.629615259033699e-05
301.6551932175995,0.0,301.789,0.00746397127907783,0.014410792565682536,301.6551932175995,-9.604337798155994e-05
302.12071049108346,0.0,302.251,0.009965257941975336,0.013003294232379383,302.12071049108346,-8.609672557372196e-05
302.5862277645674,0.0,302.717,0.001250643331448753,0.011500260326860105,302.5862277645674,-7.61809123162867e-05
303.05174503805137,0.0,303.181,0.016178585889604413,0.010008886452604579,303.05174503805137,-8.650585770198172e-05
303.5172623115353,0.0,303.646,0.003106728902621425,0.008639421232176562,303.5172623115353,-0.00010166226909621974
303.9827795850193,0.0,304.111,0.00746397127907783,0.007490120012791951,303.9827795850193,-0.00011430837411766506
304.4482968585032,0.0,304.577,0.003106728902621425,0.006635154710881428,304.4482968585032,-0.0001334779862201371
304.9138141319872,0.0,305.041,0.005607885707905158,0.0061165830284497,304.9138141319872,-0.00014938070493320153
305.37933140547113,0.0,305.507,0.0009279778567794494,0.005941021265299328,305.37933140547113,-0.00015310607338183503
305.8448486789551,0.0,305.974,0.001250643331448753,0.006081194846603112,305.8448486789551,-0.00013660713074258518
306.310365952439,0.0,306.44,0.005607885707905158,0.006481980692035504,306.310365952439,-0.00011064468257241403
306.77588322592294,0.0,306.9,0.014322500318431741,0.007069882981910239,306.77588322592294,-8.508314328903329e-05
307.2414004994069,0.0,307.37,0.023037114928958324,0.0077641938207274296,307.2414004994069,-6.890698371474404e-05
307.70691777289085,0.0,307.833,0.003106728902621425,0.008487708476490703,307.70691777289085,-5.2276460747593675e-05
308.1724350463748,0.0,308.296,0.001250643331448753,0.009175161338218404,308.1724350463748,-2.623177488104035e-05
308.63795231985875,0.0,308.767,0.014322500318431741,0.009778456866984832,308.63795231985875,-5.127520000966379e-06
309.1034695933427,0.0,309.229,0.020858493740730122,0.010268680110228098,309.1034695933427,6.97376056428341e-06
309.56898686682666,0.0,309.695,0.0009279778567794494,0.010635290231285332,309.56898686682666,1.9903586144741863e-05
310.0345041403106,0.0,310.16,0.00746397127907783,0.010882996970132638,310.0345041403106,4.710371194320166e-05
310.50002141379457,0.0,310.625,0.020535828266060596,0.011026972958005811,310.50002141379457,3.7858136530710446e-05
310.9655386872785,0.0,311.086,0.009965257941975336,0.011087232496780567,310.9655386872785,2.2557809036616944e-05
311.4310559607625,0.0,311.551,0.00746397127907783,0.011083040821419848,311.4310559607625,2.8937400260198315e-05
311.89657323424643,0.0,312.019,0.003106728902621425,0.01102822393465479,311.89657323424643,3.2732671152301796e-05
312.3620905077304,0.0,312.485,0.0077865068961333606,0.010928308692096786,312.3620905077304,3.432191522123499e-05
312.8276077812143,0.0,312.948,0.01399996470137621,0.010780271013945906,312.8276077812143,3.85653816715561e-05
313.29312505469824,0.0,313.411,0.012143879130203539,0.010575091924025786,313.29312505469824,4.539316844194745e-05
313.7586423281822,0.0,313.881,0.0034292645196769556,0.010302542638644226,313.7586423281822,6.371573240743254e-05
314.22415960166614,0.0,314.344,0.020858493740730122,0.009957048635217541,314.22415960166614,9.259967545512246e-05
314.6896768751501,0.0,314.807,0.012143879130203539,0.00954327019890907,314.6896768751501,0.00014010840595230878
315.15519414863405,0.0,315.27,0.001250643331448753,0.009080103903071388,315.15519414863405,0.00018651720694952797
315.620711422118,0.0,315.736,0.022714579311902794,0.008602101481689323,315.620711422118,0.00021386124868813782
316.08622869560196,0.0,316.206,0.003106728902621425,0.008157770977030906,316.08622869560196,0.0002193732319171503
316.5517459690859,0.0,316.671,0.01399996470137621,0.007804751492045038,316.5517459690859,0.00019619452774125663
317.01726324256987,0.0,317.137,0.001250643331448753,0.0076023824001469785,317.01726324256987,0.00019217104460312958
317.4827805160538,0.0,317.595,0.0077865068961333606,0.007602718446298525,317.4827805160538,0.00021036202876546076
317.9482977895378,0.0,318.063,0.005285350090849628,0.00784145016950716,317.9482977895378,0.0002152531177735032
318.41381506302173,0.0,318.529,0.0077865068961333606,0.008330300929326054,318.41381506302173,0.00019031658289732958
318.8793323365057,0.0,318.996,0.005607885707905158,0.00905227318021058,318.8793323365057,0.00019032069259304277
319.3448496099896,0.0,319.455,0.003106728902621425,0.00996073677211585,319.3448496099896,0.00024031094735072226
319.81036688347353,0.0,319.922,0.011821343513148008,0.010982879851564844,319.81036688347353,0.00029766764577697806
320.2758841569575,0.0,320.385,0.012143879130203539,0.012027457497198054,320.2758841569575,0.0003167879135196902
320.74140143044144,0.0,320.855,0.003106728902621425,0.012996071739067248,320.74140143044144,0.0003304866598952516
321.2069187039254,0.0,321.318,0.020535828266060596,0.013796502411273346,321.2069187039254,0.00035747707790129596
321.67243597740935,0.0,321.781,0.03578643629888556,0.01435599853150549,321.67243597740935,0.0004057485650663907
322.1379532508933,0.0,322.251,0.003106728902621425,0.014632077978078677,322.1379532508933,0.00047346310494706816
322.60347052437726,0.0,322.717,0.027394357305414507,0.014618556811116148,322.60347052437726,0.000545345041202437
323.0689877978612,0.0,323.181,0.023037114928958324,0.014345418869334362,323.0689877978612,0.000620917395061153
323.53450507134517,0.0,323.646,0.003106728902621425,0.013872479430668492,323.53450507134517,0.0007086917704601326
324.0000223448291,-0.004531929735094309,324.11,0.00746397127907783,0.013278136393700056,324.0000223448291,0.0007714227043749355
324.4655396183131,0.0005035477224737406,324.576,0.016501121506659944,0.012645515179516339,324.4655396183131,0.0008426960813257237
324.931056891797,-0.000839246204122901,325.041,0.003106728902621425,0.012048739500801734,324.931056891797,0.0009148679053131127
325.396574165281,-0.0011749446857720613,325.5,0.012143879130203539,0.01154179758320571,325.396574165281,0.0009921836985906595
325.8620914387649,-0.0015106431674212217,325.967,0.00746397127907783,0.011151779917914986,325.8620914387649,0.0010582555396653308
326.32760871224883,-0.0015106431674212217,326.432,0.003106728902621425,0.010877486193545645,326.32760871224883,0.0011049542299944762
326.7931259857328,-0.0001678492408245802,326.896,0.001250643331448753,0.010693625114475549,326.7931259857328,0.001142958337415861
327.25864325921674,-0.0001678492408245802,327.366,0.012143879130203539,0.01055994482214694,327.25864325921674,0.0011842951283620848
327.7241605327007,-0.001678492408245802,327.826,0.023037114928958324,0.010433532379579781,327.7241605327007,0.0012421411413915291
328.18967780618465,-0.0021820401307195425,328.296,0.03796505748711376,0.010281389084691117,328.18967780618465,0.001317156334200752
328.6551950796686,-0.0021820401307195425,328.755,0.003106728902621425,0.01008985299336347,328.6551950796686,0.0013918528558024554
329.12071235315256,-0.0028534370940178633,329.22,0.0077865068961333606,0.009868181873381746,329.12071235315256,0.0014457966889190991
329.5862296266365,-0.0028534370940178633,329.686,0.012143879130203539,0.00964554737615234,329.5862296266365,0.0015009124094886737
330.05174690012046,-0.0021820401307195425,330.152,0.001250643331448753,0.009462810506295124,330.05174690012046,0.0015726586527772847
330.5172641736044,-0.000839246204122901,330.617,0.001250643331448753,0.00936171700498912,330.5172641736044,0.0016368205223672976
330.98278144708837,-0.0001678492408245802,331.082,0.005607885707905158,0.009374329337782676,330.98278144708837,0.0016983158338667102
331.4482987205723,0.0001678492408245802,331.548,0.020858493740730122,0.009514916493138447,331.4482987205723,0.0017257009953404467
331.9138159940563,-0.000839246204122901,332.015,0.0034292645196769556,0.009775548105226574,331.9138159940563,0.0017354564426013826
332.3793332675402,-0.000839246204122901,332.481,0.014322500318431741,0.010125738533413255,332.3793332675402,0.0017539352592942428
332.84485054102413,-0.0001678492408245802,332.944,0.001250643331448753,0.010516048366451097,332.84485054102413,0.0017983477406846267
333.3103678145081,0.0005035477224737406,333.406,0.005285350090849628,0.010885526580966292,333.3103678145081,0.001863983721405511
333.77588508799204,0.0011749446857720613,333.87,0.009965257941975336,0.011172819881255997,333.77588508799204,0.0019261883332415543
334.241402361476,0.0011749446857720613,334.34,0.003106728902621425,0.011330310456307528,334.241402361476,0.0019669967464341167
334.70691963495995,-0.0001678492408245802,334.804,0.018679742694887924,0.011339753334746773,334.70691963495995,0.0019791514822640383
335.1724369084439,-0.0028534370940178633,335.266,0.005607885707905158,0.011226830727296347,335.1724369084439,0.0019741863777344784
335.63795418192785,-0.003524834057316184,335.732,0.06007419455929264,0.011071178905893117,335.63795418192785,0.001987418427882664
336.1034714554118,-0.0021820401307195425,336.195,0.001250643331448753,0.01100821430398701,336.1034714554118,0.0020306878049106123
336.56898872889576,-0.002517738612368703,336.66,0.012143879130203539,0.011220010336459226,336.56898872889576,0.00206293115968015
337.0345060023797,-0.0028534370940178633,337.125,0.012143879130203539,0.011914677528345003,337.0345060023797,0.0020625240808140994
337.50002327586367,-0.0028534370940178633,337.591,0.020535828266060596,0.01329638159862389,337.50002327586367,0.0020593764301982103
337.9655405493476,-0.0028534370940178633,338.056,0.00746397127907783,0.015530150934896791,337.9655405493476,0.002103200912195781
338.4310578228316,-0.0021820401307195425,338.522,0.02925044287658718,0.018706616781784976,338.4310578228316,0.002135678644818665
338.89657509631553,-0.0015106431674212217,338.989,0.001250643331448753,0.02281224344141276,338.89657509631553,0.0021374303095380255
339.3620923697994,-0.0001678492408245802,339.455,0.00746397127907783,0.027710769282974907,339.3620923697994,0.0021381498876987585
339.8276096432834,-0.0001678492408245802,339.915,0.0077865068961333606,0.033141231438743285,339.8276096432834,0.0021693776070839553
340.29312691676733,-0.0015106431674212217,340.384,0.011821343513148008,0.03873646815373416,340.29312691676733,0.0022281960811856858
340.7586441902513,-0.0031891355756670237,340.848,0.0009279778567794494,0.044062874363474114,340.7586441902513,0.002278065035421625
341.22416146373524,-0.00553902518004179,341.311,0.0009279778567794494,0.0486773422934507,341.22416146373524,0.0023104317469952573
341.6896787372192,-0.004531929735094309,341.781,0.35201313472386286,0.052191223165041614,341.6896787372192,0.0023175987653897188
342.15519601070315,-0.0031891355756670237,342.244,0.012143879130203539,0.05432583699333295,342.15519601070315,0.0023016878206460426
342.6207132841871,-0.004364080261439085,342.709,0.024893200500130774,0.05494399231721334,342.6207132841871,0.0022939657001309907
343.08623055767106,-0.0068818191066384315,343.174,0.012143879130203539,0.05405037996475727,343.08623055767106,0.0023161164310344907
343.551747831155,-0.00553902518004179,343.639,0.005607885707905158,0.05176669193492672,343.551747831155,0.0023540012934835553
344.01726510463897,-0.0021820401307195425,344.104,0.001250643331448753,0.04829597678491419,344.01726510463897,0.002376653674314453
344.4827823781229,-0.001678492408245802,344.57,0.025215736117186305,0.0438902245037942,344.4827823781229,0.0023626814837067406
344.9482996516069,-0.004531929735094309,345.037,0.1708626381180125,0.03882797034424264,344.9482996516069,0.0023399777034828536
345.4138169250908,-0.00520332669839263,345.502,0.016178585889604413,0.03340032105158888,345.4138169250908,0.0023182833914760035
345.8793341985747,-0.004531929735094309,345.96,0.020535828266060596,0.02789908551708973,345.8793341985747,0.00227951858511497
346.3448514720587,-0.0031891355756670237,346.425,0.0034292645196769556,0.022601898794212018,346.3448514720587,0.0022522321086133777
346.81036874554263,-0.0018463416490703821,346.893,0.005285350090849628,0.017754246919918237,346.81036874554263,0.0022533690471203765
347.2758860190266,-0.0015106431674212217,347.355,0.003106728902621425,0.013552391282158295,347.2758860190266,0.002271222857888828
347.74140329251054,-0.0011749446857720613,347.826,0.014322500318431741,0.010131698343390737,347.74140329251054,0.002286019481337749
348.2069205659945,0.0001678492408245802,348.288,0.0009279778567794494,0.007562765390941915,348.2069205659945,0.0023066858218860043
348.67243783947845,0.0018463416490703821,348.755,0.018679742694887924,0.005855125565405651,348.67243783947845,0.002332304928964542
349.1379551129624,0.0011749446857720613,349.219,0.009642592467306033,0.004966470818653746,349.1379551129624,0.0024060824477160347
349.60347238644636,0.0010070954449474812,349.685,0.009642592467306033,0.004814576789542382,349.60347238644636,0.0024410560954473723
350.0689896599303,0.0005035477224737406,350.151,0.001250643331448753,0.005289350774847569,350.0689896599303,0.0024493764982842117
350.53450693341426,0.0011749446857720613,350.61,0.014322500318431741,0.006263323940823735,350.53450693341426,0.002483474314100764
351.0000242068982,0.002517738612368703,351.081,0.00746397127907783,0.007599988980093871,351.0000242068982,0.00250792153346685
351.46554148038217,0.0031891355756670237,351.547,0.001250643331448753,0.009160265059768139,351.46554148038217,0.0025327943329271135
351.9310587538661,0.0030212863348424435,352.012,0.0009279778567794494,0.010807947809909456,351.9310587538661,0.002553867749657796
352.39657602735,0.0018463416490703821,352.47,0.0077865068961333606,0.012415208090199678,352.39657602735,0.0025581564477976486
352.862093300834,0.0005035477224737406,352.94,0.018357207077832394,0.013868831552252412,352.862093300834,0.002564435298639408
353.32761057431793,-0.0003356984816491604,353.402,0.04046634415001127,0.015076928048414985,353.32761057431793,0.0025636663768432936
353.7931278478019,-0.001678492408245802,353.87,0.0034292645196769556,0.01597484159693964,353.7931278478019,0.0025773507340934314
354.25864512128584,-0.0015106431674212217,354.333,0.00746397127907783,0.016528757925245368,354.25864512128584,0.0026274992959329667
354.7241623947698,-0.0001678492408245802,354.796,0.023037114928958324,0.016736209978662115,354.7241623947698,0.0026531656886648095
355.18967966825375,0.0005035477224737406,355.266,0.024893200500130774,0.016623575965991757,355.18967966825375,0.002669165037402347
355.6551969417377,-0.0005035477224737406,355.725,0.011821343513148008,0.01624100964016733,355.6551969417377,0.002660275140322163
356.12071421522165,-0.0028534370940178633,356.195,0.022714579311902794,0.015655204565532075,356.12071421522165,0.0026394936689433887
356.5862314887056,-0.0041962312534451485,356.661,0.0034292645196769556,0.01494056435597063,356.5862314887056,0.0026202418190390143
357.05174876218956,-0.0036926832981407642,357.12,0.023037114928958324,0.014169810370426975,357.05174876218956,0.0026208791614198306
357.5172660356735,-0.0018463416490703821,357.586,0.001250643331448753,0.013405426910057224,357.5172660356735,0.0026176348833518675
357.98278330915747,-0.0001678492408245802,358.052,0.016178585889604413,0.012693372756898583,357.98278330915747,0.0025916683233670346
358.4483005826414,-0.0001678492408245802,358.517,0.003106728902621425,0.01206020762420857,358.4483005826414,0.0025577370401752785
358.9138178561253,-0.0015106431674212217,358.982,0.009965257941975336,0.011514283731100356,358.9138178561253,0.002531030340512333
359.3793351296093,-0.003524834057316184,359.448,0.01399996470137621,0.011050978436978968,359.3793351296093,0.0025115235530624408
359.8448524030932,-0.004867628216743469,359.911,0.003106728902621425,0.010661159397322607,359.8448524030932,0.0024880282361288125
360.3103696765772,-0.0036926832981407642,360.38,0.018357207077832394,0.010341321605406413,360.3103696765772,0.0025031476401415923
360.77588695006114,-0.0015106431674212217,360.841,0.023037114928958324,0.010103278332483109,360.77588695006114,0.002516975911860308
361.2414042235451,-0.0021820401307195425,361.31,0.003106728902621425,0.009981075481150726,361.2414042235451,0.002497267641587711
361.70692149702904,-0.004531929735094309,361.774,0.03142919392242938,0.010033094451388738,361.70692149702904,0.0024570163889569697
362.172438770513,-0.004867628216743469,362.236,0.003106728902621425,0.01033818390386117,362.172438770513,0.0024080335432735346
362.63795604399695,-0.0015106431674212217,362.702,0.001250643331448753,0.010985943179310056,362.63795604399695,0.0023540547563456445
363.1034733174809,0.0021820401307195425,363.166,0.003106728902621425,0.012062569933590775,363.1034733174809,0.002318345078928504
363.56899059096486,0.004364080261439085,363.632,0.03796505748711376,0.013634473361988949,363.56899059096486,0.0023143791644211365
364.0345078644488,0.004531929735094309,364.096,0.0077865068961333606,0.015731856091552456,364.0345078644488,0.0023106085643770833
364.50002513793277,0.0023498893715441227,364.562,0.020535828266060596,0.018334065858058485,364.50002513793277,0.00227500374311199
364.9655424114167,-0.0001678492408245802,365.027,0.001250643331448753,0.021358446966633696,364.9655424114167,0.0022443331848789536
365.4310596849006,-0.0005035477224737406,365.492,0.04885829328586855,0.024654785931350766,365.4310596849006,0.002223950565197715
365.89657695838457,-0.0015106431674212217,365.959,0.012143879130203539,0.028007649592376848,365.89657695838457,0.002212013759158257
366.3620942318685,-0.0031891355756670237,366.424,0.0077865068961333606,0.031148630847267676,366.3620942318685,0.0022488685952181653
366.8276115053525,-0.004867628216743469,366.885,0.0009279778567794494,0.03377990146210434,366.8276115053525,0.002255649097558711
367.29312877883643,-0.004364080261439085,367.355,0.003106728902621425,0.035609251753337026,367.29312877883643,0.002241384964334046
367.7586460523204,-0.0021820401307195425,367.818,0.003106728902621425,0.0363940295337687,367.7586460523204,0.0022507210004676466
368.22416332580434,-0.000839246204122901,368.281,0.2667232689761907,0.03598670641817227,368.22416332580434,0.002317993513086755
368.6896805992883,-0.001678492408245802,368.747,0.00746397127907783,0.03437009401054077,368.6896805992883,0.00238369528547168
369.15519787277225,-0.0041962312534451485,369.21,0.009965257941975336,0.03166973165004612,369.15519787277225,0.0023883561075712144
369.6207151462562,-0.004867628216743469,369.676,0.001250643331448753,0.028137514119694246,369.6207151462562,0.002388787854864066
370.08623241974016,-0.004867628216743469,370.142,0.001250643331448753,0.02411112949555644,370.08623241974016,0.002428722493895768
370.5517496932241,-0.006210422143340111,370.608,0.003106728902621425,0.01996135345893054,370.5517496932241,0.002479944260101186
371.01726696670806,-0.00553902518004179,371.075,0.014322500318431741,0.01604008101033743,371.01726696670806,0.0025192292215847146
371.482784240192,-0.003524834057316184,371.54,0.003106728902621425,0.012638247012693464,371.482784240192,0.0025318691588542214
371.9483015136759,-0.0021820401307195425,372.0,0.020535828266060596,0.009958136197193289,371.9483015136759,0.0024923210394412914
372.41381878715987,-0.0021820401307195425,372.466,0.0009279778567794494,0.008100965905491914,372.41381878715987,0.002434814254904549
372.8793360606438,-0.0015106431674212217,372.937,0.003106728902621425,0.007068434362933633,372.8793360606438,0.002380555860495694
373.3448533341278,-0.000839246204122901,373.399,0.0034292645196769556,0.006775862681314615,373.3448533341278,0.0023456480047421044
373.81037060761173,-0.0018463416490703821,373.863,0.009965257941975336,0.00707403499866524,373.81037060761173,0.0023471056683262823
374.2758878810957,0.0005035477224737406,374.325,0.023037114928958324,0.007776367449353719,374.2758878810957,0.0023243566591734876
374.74140515457964,0.002517738612368703,374.793,0.0034292645196769556,0.00868759617092908,374.74140515457964,0.0022762146950700388
375.2069224280636,0.000839246204122901,375.255,0.012143879130203539,0.009630143050628209,375.2069224280636,0.002226584228457309
375.67243970154755,-0.001678492408245802,375.721,0.022714579311902794,0.010464901708529423,375.67243970154755,0.002222961657166227
376.1379569750315,-0.0015106431674212217,376.187,0.024893200500130774,0.011104149761035138,376.1379569750315,0.002254598507878305
376.60347424851545,-0.0001678492408245802,376.653,0.001250643331448753,0.011515389222111495,376.60347424851545,0.0022847509676562033
377.0689915219994,0.0010070954449474812,377.118,0.016501121506659944,0.01171621101297,377.0689915219994,0.0023029111119294943
377.53450879548336,0.0021820401307195425,377.584,0.00746397127907783,0.011761741305139774,377.53450879548336,0.0022770247336980627
378.0000260689673,0.0031891355756670237,378.049,0.01399996470137621,0.01172742229002749,378.0000260689673,0.0022169110166340624
378.4655433424512,0.0021820401307195425,378.515,0.003106728902621425,0.011690436126784366,378.4655433424512,0.002161953601346805
378.93106061593517,-0.0001678492408245802,378.981,0.001250643331448753,0.011713071575477383,378.93106061593517,0.0021535694656949753
379.3965778894191,-0.0018463416490703821,379.447,0.0009279778567794494,0.011830936347472574,379.3965778894191,0.002155210107904921
379.8620951629031,-0.0018463416490703821,379.907,0.01399996470137621,0.012048062658670724,379.8620951629031,0.0021435981415578557
380.327612436387,-0.0021820401307195425,380.37,0.005607885707905158,0.012339537220587863,380.327612436387,0.0021340009992227515
380.793129709871,-0.0021820401307195425,380.841,0.020858493740730122,0.012660545613850683,380.793129709871,0.0020947715506095216
381.25864698335494,-0.0018463416490703821,381.303,0.03360781511065736,0.01295918709677474,381.25864698335494,0.0020785152087456757
381.7241642568389,-0.000839246204122901,381.767,0.009965257941975336,0.013189615229936159,381.7241642568389,0.0021013423462413667
382.18968153032284,-0.000839246204122901,382.237,0.022714579311902794,0.013322315297778465,382.18968153032284,0.0021159971071749045
382.6551988038068,-0.0015106431674212217,382.695,0.0077865068961333606,0.013349590514636722,382.6551988038068,0.0021068584398990266
383.12071607729075,-0.0021820401307195425,383.162,0.003106728902621425,0.013286038861541559,383.12071607729075,0.002084985261702784
383.5862333507747,-0.0021820401307195425,383.628,0.014322500318431741,0.013165169722409602,383.5862333507747,0.002062519971825654
384.05175062425866,-0.0015106431674212217,384.093,0.005607885707905158,0.0130338172161562,384.05175062425866,0.002054253024065263
384.5172678977426,0.0005035477224737406,384.558,0.029573108351256705,0.012945654323703622,384.5172678977426,0.0020673473237636936
384.98278517122657,-0.0001678492408245802,385.026,0.01399996470137621,0.012954353723547906,384.98278517122657,0.0020950963883398176
385.44830244471046,-0.000839246204122901,385.485,0.011821343513148008,0.013106436556015115,385.44830244471046,0.0020713913647459727
385.9138197181944,-0.0018463416490703821,385.959,0.009965257941975336,0.013434018077670293,385.9138197181944,0.002019347223019787
386.3793369916784,-0.0036926832981407642,386.417,0.0009279778567794494,0.01394831954120991,386.3793369916784,0.0020049021664136253
386.8448542651623,-0.004867628216743469,386.886,0.016501121506659944,0.014635328164424284,386.8448542651623,0.002033002797156613
387.3103715386463,-0.00553902518004179,387.347,0.020858493740730122,0.015454828066288602,387.3103715386463,0.002067378166088243
387.77588881213023,-0.004531929735094309,387.811,0.00746397127907783,0.016343240305401373,387.77588881213023,0.0020588254423990877
388.2414060856142,-0.001678492408245802,388.281,0.027394357305414507,0.0172198087631287,388.2414060856142,0.0020616914259349167
388.70692335909814,-0.000839246204122901,388.74,0.018357207077832394,0.017995112026199283,388.70692335909814,0.002076200214480541
389.1724406325821,-0.0015106431674212217,389.21,0.009965257941975336,0.018580755335147456,389.1724406325821,0.002077460509797338
389.63795790606605,-0.000839246204122901,389.675,0.022714579311902794,0.018899234036441524,389.63795790606605,0.00204645277685
390.10347517955,0.0011749446857720613,390.14,0.00746397127907783,0.01889312263002171,390.10347517955,0.001989716973371945
390.56899245303396,0.0021820401307195425,390.606,0.04918082890292408,0.018532699667060566,390.56899245303396,0.0019318832962627534
391.0345097265179,0.0011749446857720613,391.071,0.0009279778567794494,0.01782088247025689,391.0345097265179,0.001892606560410572
391.50002700000186,0.002517738612368703,391.536,0.04046634415001127,0.016794320130941905,391.50002700000186,0.001864633398982202
391.96554427348576,0.0028534370940178633,392.0,0.001250643331448753,0.015520083765836605,391.96554427348576,0.001873918039575707
392.4310615469697,0.002517738612368703,392.467,0.003106728902621425,0.014088503239642437,392.4310615469697,0.0018852853472194773
392.89657882045367,0.0011749446857720613,392.93,0.003106728902621425,0.012603740486684882,392.89657882045367,0.0018595511077732529
393.3620960939376,-0.0001678492408245802,393.392,0.024893200500130774,0.01117399539577142,393.3620960939376,0.0018429493669697358
393.8276133674216,-0.0011749446857720613,393.855,0.018679742694887924,0.009902580279513004,393.8276133674216,0.0018496394041117152
394.29313064090553,-0.000839246204122901,394.325,0.005607885707905158,0.008880032771913673,394.29313064090553,0.0018861200583781626
394.7586479143895,-0.000839246204122901,394.789,0.00746397127907783,0.008176928783118416,394.7586479143895,0.0019290974926979
395.22416518787344,-0.000839246204122901,395.251,0.0009279778567794494,0.00783746574437562,395.22416518787344,0.0017321422727303287
395.6896824613574,-0.0011749446857720613,395.717,0.0077865068961333606,0.007874625758255711,395.6896824613574,0.001163262849527325
396.15519973484135,-0.0018463416490703821,396.18,0.005607885707905158,0.008268044036587121,396.15519973484135,0.00020977408354132718
396.6207170083253,-0.004364080261439085,396.646,0.00746397127907783,0.008965415303476715,396.6207170083253,-0.0009503431589701361
397.08623428180925,-0.00553902518004179,397.113,0.0034292645196769556,0.009887655565127417,397.08623428180925,-0.0021564436144564034
397.5517515552932,-0.00520332669839263,397.578,0.016178585889604413,0.010937383492196768,397.5517515552932,-0.0032926584553104174
398.01726882877716,-0.0028534370940178633,398.044,0.023037114928958324,0.012009693479965137,398.01726882877716,-0.004247999643263641
398.48278610226106,-0.0018463416490703821,398.509,0.005285350090849628,0.013003755374993603,398.48278610226106,-0.0048914214051327
398.948303375745,-0.0028534370940178633,398.974,0.020858493740730122,0.013833706703317277,398.948303375745,-0.005147898267891541
399.41382064922897,-0.004531929735094309,399.44,0.005607885707905158,0.01443768520731539,399.41382064922897,-0.005046324433726417
399.8793379227129,-0.0041962312534451485,399.9,0.0009279778567794494,0.01478438725006249,399.8793379227129,-0.00455989861755665
400.3448551961969,-0.0015106431674212217,400.37,0.047002207714695876,0.014876770647303793,400.3448551961969,-0.0038061426332616265
400.81037246968083,-0.0001678492408245802,400.833,0.012143879130203539,0.01475230112838832,400.81037246968083,-0.002812254557989083
401.2758897431648,-0.000839246204122901,401.296,0.020858493740730122,0.014478908599782321,401.2758897431648,-0.0018834370717828984
401.74140701664874,-0.0015106431674212217,401.767,0.00746397127907783,0.01414626131036805,401.74140701664874,-0.0011901114007401617
402.2069242901327,-0.003524834057316184,402.229,0.003106728902621425,0.01385318101442566,402.2069242901327,-0.0006603339638998872
402.67244156361664,-0.004699778743088245,402.695,0.020858493740730122,0.013693250689965852,402.67244156361664,-0.000248925380722812
403.1379588371006,-0.0041962312534451485,403.155,0.001250643331448753,0.013741106489658865,403.1379588371006,0.00010233044204041647
403.60347611058455,-0.0021820401307195425,403.621,0.024893200500130774,0.014041484467824602,403.60347611058455,0.0004152428771934619
404.0689933840685,-0.0011749446857720613,404.086,0.016178585889604413,0.014602313547950708,404.0689933840685,0.0007106757074185992
404.53451065755246,0.0005035477224737406,404.551,0.001250643331448753,0.015392524174449845,404.53451065755246,0.0010335801055293035
405.00002793103636,0.0003356984816491604,405.015,0.005285350090849628,0.016344955147574995,405.00002793103636,0.0013736556547388203
405.4655452045203,-0.0021820401307195425,405.481,0.011821343513148008,0.017364512701927272,405.4655452045203,0.001747029341571486
405.93106247800426,-0.0028534370940178633,405.951,0.018679742694887924,0.01834102127461326,405.93106247800426,0.002168458642123875
406.3965797514882,-0.0015106431674212217,406.414,0.06410890131869351,0.01916481923153188,406.3965797514882,0.0026414961879580733
406.8620970249722,-0.001678492408245802,406.881,0.012143879130203539,0.019741787009291526,406.8620970249722,0.003165673255171598
407.3276142984561,-0.0015106431674212217,407.345,0.014322500318431741,0.020004329926026035,407.3276142984561,0.0037205229130302443
407.7931315719401,-0.0005035477224737406,407.807,0.024893200500130774,0.019916359291601734,407.7931315719401,0.0043141887880418965
408.25864884542403,-0.0001678492408245802,408.277,0.01399996470137621,0.019472620419219516,408.25864884542403,0.0049572466122979235
408.724166118908,-0.0001678492408245802,408.735,0.012143879130203539,0.018694388330728166,408.724166118908,0.005658495849056366
409.18968339239194,0.0005035477224737406,409.205,0.003106728902621425,0.017624032049438326,409.18968339239194,0.006383684531819835
409.6552006658759,-0.000839246204122901,409.671,0.016501121506659944,0.01632052933745471,409.6552006658759,0.007145164687025981
410.12071793935985,-0.003524834057316184,410.13,0.029573108351256705,0.014857000145867947,410.12071793935985,0.007958865826191455
410.5862352128438,-0.003524834057316184,410.597,0.016178585889604413,0.013319991166641563,410.5862352128438,0.0088636082491833
411.05175248632776,-0.0015106431674212217,411.064,0.003106728902621425,0.01180920158870025,411.05175248632776,0.00984669435696157
411.51726975981165,0.000839246204122901,411.529,0.0077865068961333606,0.010436153696321776,411.51726975981165,0.010900149228698785
411.9827870332956,0.000839246204122901,411.996,0.023037114928958324,0.009320786058018277,411.9827870332956,0.012014677949527923
412.44830430677956,0.0005035477224737406,412.462,0.009965257941975336,0.008585393139208359,412.44830430677956,0.013191579934514738
412.9138215802635,-0.0001678492408245802,412.922,0.016501121506659944,0.008345535410767027,412.9138215802635,0.014408901749948471
413.37933885374747,-0.0015106431674212217,413.385,0.003106728902621425,0.008697926924012155,413.37933885374747,0.015608153883675195
413.8448561272314,-0.0028534370940178633,413.856,0.001250643331448753,0.009706146504545035,413.8448561272314,0.016837060899032336
414.3103734007154,-0.0031891355756670237,414.318,0.03142919392242938,0.01138597348049776,414.3103734007154,0.01816781936807864
414.77589067419933,-0.0028534370940178633,414.781,0.005607885707905158,0.013692740234196322,414.77589067419933,0.019591629776495947
415.2414079476833,-0.0031891355756670237,415.251,0.001250643331448753,0.016513307843438213,415.2414079476833,0.02115326648527708
415.70692522116724,-0.0028534370940178633,415.716,0.005607885707905158,0.019665376699674192,415.70692522116724,0.022917105200265554
416.1724424946512,-0.0038605325389653444,416.18,0.003106728902621425,0.02290667502583989,416.1724424946512,0.024857829044597306
416.63795976813515,-0.0031891355756670237,416.646,0.03360781511065736,0.025955476933087997,416.63795976813515,0.026969323617122166
417.1034770416191,-0.0028534370940178633,417.111,0.00746397127907783,0.028521618564659127,417.1034770416191,0.02921037960048065
417.56899431510305,-0.003524834057316184,417.576,0.05975152908462311,0.03034429911178271,417.56899431510305,0.031203369618424494
418.03451158858695,-0.0015106431674212217,418.037,0.009965257941975336,0.03123041840676519,418.03451158858695,0.032998487446995024
418.5000288620709,0.0005035477224737406,418.502,0.13818293072174836,0.031085720475326144,418.5000288620709,0.03463230012037937
418.96554613555486,-0.000839246204122901,418.967,0.024893200500130774,0.029931184051383796,418.96554613555486,0.036152842641833
419.4310634090388,0.0011749446857720613,419.433,0.0009279778567794494,0.027899703992837484,419.4310634090388,0.03755801595857068
419.89658068252277,0.01930266246199608,419.896,0.014322500318431741,0.0252132316497056,419.89658068252277,0.03884289191277051
420.3620979560067,0.05052262172102928,420.366,0.0009279778567794494,0.022146236584412424,420.3620979560067,0.040015143335885774
420.8276152294907,0.08358892053365707,420.83,0.016501121506659944,0.018984555711265918,420.8276152294907,0.04112762027706036
421.29313250297463,0.10490577667951584,421.292,0.003106728902621425,0.015988159155801016,421.29313250297463,0.04223855114657301
421.7586497764586,0.11665522307157516,421.763,0.005285350090849628,0.013363479977814924,421.7586497764586,0.04337457479765464
422.22416704994254,0.12202639877796173,422.226,0.025215736117186305,0.0112476945056109,422.22416704994254,0.044508994801713095
422.6896843234265,0.11866941303014755,422.691,0.003106728902621425,0.009704670073340903,422.6896843234265,0.0456185173073437
423.15520159691044,0.10490577667951584,423.156,0.01399996470137621,0.00873048019220652,423.15520159691044,0.04669087041511169
423.6207188703944,0.08577096462249756,423.621,0.014322500318431741,0.00826551553806049,423.6207188703944,0.04774741336672891
424.08623614387835,0.0642862617969513,424.081,0.00746397127907783,0.00821016964735361,424.08623614387835,0.04878903425370259
424.55175341736225,0.042130161076784134,424.547,0.012143879130203539,0.008441519309257467,424.55175341736225,0.04982666046895356
425.0172706908462,0.022659648209810257,425.012,0.014322500318431741,0.008829071321203807,425.0172706908462,0.0508483942247555
425.48278796433016,0.00587472366169095,425.477,0.005607885707905158,0.009248371127569748,425.48278796433016,0.051844453380192494
425.9483052378141,-0.009231708012521267,425.94,0.001250643331448753,0.009591972353711333,425.9483052378141,0.05283110865063403
426.41382251129806,-0.024338139221072197,426.41,0.016501121506659944,0.009777821928522152,426.41382251129806,0.053849314395354814
426.879339784782,-0.03776608034968376,426.87,0.009642592467306033,0.009755351123645789,426.879339784782,0.05488674323561366
427.344857058266,-0.04951552674174309,427.34,0.003106728902621425,0.009509436083021077,427.344857058266,0.05594032562091531
427.8103743317499,-0.057907987385988235,427.804,0.014322500318431741,0.009062119860194354,427.8103743317499,0.056980813696819295
428.2758916052339,-0.0632791668176651,428.266,0.0077865068961333606,0.008471797324164327,428.2758916052339,0.05798733345962302
428.74140887871783,-0.06630045175552368,428.732,0.020858493740730122,0.007829474041290058,428.74140887871783,0.05894559201765446
429.2069261522018,-0.06999313086271286,429.195,0.0034292645196769556,0.007251748556145906,429.2069261522018,0.05987744198541652
429.67244342568574,-0.07301442325115204,429.661,0.003106728902621425,0.006870503955769415,429.67244342568574,0.060765742957230744
430.1379606991697,-0.07536430656909943,430.125,0.003106728902621425,0.006819941920317468,430.1379606991697,0.061613548059431145
430.60347797265365,-0.07637140154838562,430.591,0.005607885707905158,0.007222197650600605,430.60347797265365,0.062437820811626694
431.0689952461376,-0.07670710235834122,431.056,0.024893200500130774,0.008172937971379145,431.0689952461376,0.06323922736668104
431.5345125196215,-0.07620355486869812,431.522,0.001250643331448753,0.009728109435172622,431.5345125196215,0.06399391057469499
432.00002979310545,-0.07804989814758301,431.989,0.003106728902621425,0.011892834051226438,432.00002979310545,0.06471732904480566
432.4655470665894,-0.0800640881061554,432.455,0.02925044287658718,0.01461364529766646,432.4655470665894,0.06538417619164788
432.93106434007336,-0.08140688389539719,432.915,0.003106728902621425,0.017775573718967992,432.93106434007336,0.06598310527182735
433.3965816135573,-0.08140688389539719,433.385,0.0009279778567794494,0.021205634852282423,433.3965816135573,0.06648528578668399
433.86209888704127,-0.08308537304401398,433.848,0.0077865068961333606,0.024683872829119047,433.86209888704127,0.06690827548304355
434.3276161605252,-0.08342107385396957,434.311,0.07314605154627563,0.027962084324071313,434.3276161605252,0.06727326703420486
434.7931334340092,-0.08308537304401398,434.781,0.016501121506659944,0.03078862073613653,434.7931334340092,0.06759302371801139
435.25865070749313,-0.08073548227548599,435.244,0.00746397127907783,0.032935973987223185,435.25865070749313,0.06789541385803152
435.7241679809771,-0.0793926939368248,435.71,0.029573108351256705,0.03422716778811981,435.7241679809771,0.06811984058092156
436.18968525446104,-0.0793926939368248,436.17,0.12511107373476538,0.034557060463241605,436.18968525446104,0.06822754320020896
436.655202527945,-0.0793926939368248,436.636,0.025215736117186305,0.03390470371937238,436.655202527945,0.06824278183963739
437.12071980142895,-0.0787212923169136,437.103,0.011821343513148008,0.03233359745678128,437.12071980142895,0.06815841826518057
437.5862370749129,-0.07771419733762741,437.569,0.01399996470137621,0.029979458002101757,437.5862370749129,0.06795025813985069
438.0517543483968,-0.0787212923169136,438.034,0.009965257941975336,0.027029116865063776,438.0517543483968,0.06761381128417952
438.51727162188075,-0.07804989814758301,438.5,0.04232242972118394,0.023696514562288835,438.51727162188075,0.06718312411391478
438.9827888953647,-0.07335011661052704,438.967,0.005285350090849628,0.020201081060598168,438.9827888953647,0.0666599647400192
439.44830616884866,-0.06730754673480988,439.425,0.003106728902621425,0.01675148864802364,439.44830616884866,0.0660088928174047
439.9138234423326,-0.05824368819594383,439.893,0.025215736117186305,0.01353569502593685,439.9138234423326,0.06521820591551526
440.37934071581657,-0.04414435103535652,440.355,0.003106728902621425,0.010716821914232165,440.37934071581657,0.064290934497717
440.8448579893005,-0.02836652100086212,440.826,0.022714579311902794,0.008433328128954554,440.8448579893005,0.06326148271383043
441.3103752627845,-0.013931486755609512,441.288,0.009965257941975336,0.006801092173992258,441.3103752627845,0.062144094136814765
441.77589253626843,-0.0001678492408245802,441.754,0.012143879130203539,0.005914797449179253,441.77589253626843,0.060901885149604346
442.2414098097524,0.01258869282901287,442.219,0.009965257941975336,0.00584658127579561,442.2414098097524,0.059549082883843106
442.70692708323634,0.021316854283213615,442.685,0.003106728902621425,0.00664104090442785,442.70692708323634,0.05812727905295344
443.1724443567203,0.02836652100086212,443.145,0.014322500318431741,0.008306990165164228,443.1724443567203,0.05657317940318829
443.63796163020425,0.03457694500684738,443.611,0.00746397127907783,0.010807475619136064,443.63796163020425,0.054898802977202614
444.1034789036882,0.04011596739292145,444.077,0.020858493740730122,0.014050326734823013,444.1034789036882,0.053131374571930984
444.5689961771721,0.046829938888549805,444.543,0.003106728902621425,0.01788198420723887,444.5689961771721,0.05126807754859943
445.03451345065605,0.05354390665888786,445.007,0.003106728902621425,0.022087602543869222,445.03451345065605,0.04952048693337668
445.50003072414,0.05723658949136734,445.473,0.012143879130203539,0.026400270961516183,445.50003072414,0.04813152267930334
445.96554799762396,0.05723658949136734,445.941,0.016501121506659944,0.03052116655122962,445.96554799762396,0.04721259220093955
446.4310652711079,0.05723658949136734,446.403,0.025215736117186305,0.034150218866352396,446.4310652711079,0.0466410626673723
446.89658254459187,0.057907987385988235,446.87,0.003106728902621425,0.03702365504799478,446.89658254459187,0.046299634266751766
447.3620998180758,0.05874723568558693,447.333,0.21475824678770072,0.03895131877347724,447.3620998180758,0.04609709303907019
447.8276170915598,0.05824368819594383,447.796,0.023037114928958324,0.03984422814101146,447.8276170915598,0.04587388134787483
448.2931343650437,0.05723658949136734,448.266,0.00746397127907783,0.039723698368401505,448.2931343650437,0.045492053675946276
448.7586516385277,0.058075837790966034,448.732,0.0077865068961333606,0.03870891517406843,448.7586516385277,0.04484759164289733
449.22416891201163,0.05891508236527443,449.194,0.04885829328586855,0.03698761980051,449.22416891201163,0.04389908237718269
449.6896861854956,0.05857938528060913,449.66,0.005607885707905158,0.03477948262836311,449.6896861854956,0.04264501474367209
450.15520345897954,0.056229494512081146,450.125,0.023037114928958324,0.032301547752473965,450.15520345897954,0.0411037935427355
450.6207207324635,0.05354390665888786,450.591,0.051359579948766054,0.0297419294295566,450.6207207324635,0.03928705541726898
451.0862380059474,0.04951552674174309,451.055,0.0077865068961333606,0.02724451644569151,451.0862380059474,0.03743453154189412
451.55175527943135,0.04599069058895111,451.521,0.0009279778567794494,0.024904886962696743,451.55175527943135,0.03571470233130867
452.0172725529153,0.043808650225400925,451.985,0.016501121506659944,0.022775913580704767,452.0172725529153,0.03414240761550275
452.48278982639926,0.04280155524611473,452.451,0.09057528076732857,0.020880071618924537,452.48278982639926,0.03268845297865977
452.9483070998832,0.04145876318216324,452.914,0.025215736117186305,0.019223911423496425,452.9483070998832,0.0312992481837324
453.41382437336716,0.03927672281861305,453.377,0.005607885707905158,0.017809539206761853,453.41382437336716,0.029957741316742875
453.8793416468511,0.03608758747577667,453.841,0.00746397127907783,0.016639711998777642,453.8793416468511,0.028680945242102022
454.34485892033507,0.034073397517204285,454.311,0.011821343513148008,0.0157167104551982,454.34485892033507,0.027534524676396832
454.810376193819,0.0320592038333416,454.774,0.001250643331448753,0.015038038377033307,454.810376193819,0.026490852002755815
455.275893467303,0.030716411769390106,455.236,0.009642592467306033,0.014592604657102997,455.275893467303,0.02548741404913572
455.74141074078693,0.028030823916196823,455.702,0.01399996470137621,0.014359820288855853,455.74141074078693,0.024483219498466068
456.2069280142709,0.024673838168382645,456.167,0.011821343513148008,0.014312158998968543,456.2069280142709,0.023515328825474403
456.67244528775484,0.021316854283213615,456.633,0.04264496533823947,0.01441995925383207,456.67244528775484,0.02258208284337398
457.1379625612388,0.01913481391966343,457.1,0.009965257941975336,0.014656089421859052,457.1379625612388,0.02169526007714017
457.6034798347227,0.016617074608802795,457.565,0.027394357305414507,0.014997997056877686,457.6034798347227,0.0208623523475372
458.06899710820664,0.016617074608802795,458.03,0.018357207077832394,0.015425742954894928,458.06899710820664,0.020105720130227114
458.5345143816906,0.015609979629516602,458.496,0.009965257941975336,0.01591645397151336,458.5345143816906,0.01939848811370783
459.00003165517455,0.013260089792311192,458.963,0.001250643331448753,0.016437475063555126,459.00003165517455,0.0187393281109882
459.4655489286585,0.009735256433486938,459.421,0.0009279778567794494,0.016941708850259522,459.4655489286585,0.018139025679814676
459.93106620214246,0.006378271151334047,459.885,0.005607885707905158,0.01736872193250055,459.93106620214246,0.017584881188558422
460.3965834756264,0.004531929735094309,460.355,0.020535828266060596,0.017653921327960818,460.3965834756264,0.017046275492430606
460.86210074911037,0.0031891355756670237,460.815,0.003106728902621425,0.017745720738718353,460.86210074911037,0.016536728573150184
461.3276180225943,0.0011749446857720613,461.285,0.029573108351256705,0.017627892554811578,461.3276180225943,0.016082712680967275
461.7931352960783,-0.0001678492408245802,461.751,0.00746397127907783,0.017342000668868887,461.7931352960783,0.015667395804245657
462.25865256956223,0.0005035477224737406,462.214,0.10800438013076796,0.017003336373687193,462.25865256956223,0.015308481603085212
462.7241698430462,0.0011749446857720613,462.68,0.005607885707905158,0.016803557837360043,462.7241698430462,0.015014087009449038
463.18968711653014,0.0011749446857720613,463.145,0.024893200500130774,0.016995091877249322,463.18968711653014,0.014775712741956538
463.6552043900141,-0.0011749446857720613,463.611,0.0009279778567794494,0.017856667176400772,463.6552043900141,0.014572717180304989
464.120721663498,-0.0028534370940178633,464.07,0.003106728902621425,0.019644706507829384,464.120721663498,0.014356695124593711
464.58623893698194,-0.004867628216743469,464.536,0.04885829328586855,0.02253919671355301,464.58623893698194,0.014130368724800746
465.0517562104659,-0.007553216069936752,465.0,0.003106728902621425,0.02659381193334692,465.0517562104659,0.01385833049700255
465.51727348394985,-0.007217517588287592,465.466,0.005607885707905158,0.03169934069594606,465.51727348394985,0.013393399575285578
465.9827907574338,-0.007217517588287592,465.937,0.016178585889604413,0.03756819913947826,465.9827907574338,0.012719514925048261
466.44830803091776,-0.008224613033235073,466.398,0.0077865068961333606,0.043746092728059446,466.44830803091776,0.011817344539957572
466.9138253044017,-0.008560311049222946,466.867,0.018357207077832394,0.04965381830802794,466.9138253044017,0.010685545886432805
467.37934257788567,-0.0068818191066384315,467.329,0.05353820113699426,0.05465729877553266,467.37934257788567,0.009690615465428862
467.8448598513696,-0.0068818191066384315,467.796,0.03142919392242938,0.05815773499225563,467.8448598513696,0.008785908059403226
468.3103771248536,-0.0068818191066384315,468.259,0.1385054663388039,0.05968737754576123,468.3103771248536,0.007950596933012836
468.7758943983375,-0.006210422143340111,468.725,0.264867183405018,0.05899152126117228,468.7758943983375,0.0072019417770173245
469.2414116718215,-0.0057068741880357265,469.188,0.018357207077832394,0.05607662553636648,469.2414116718215,0.006534508668513145
469.70692894530544,-0.008896009996533394,469.654,0.003106728902621425,0.051211024916551155,469.70692894530544,0.005983137678821792
470.1724462187894,-0.01040665339678526,470.118,0.005607885707905158,0.04487814239081507,470.1724462187894,0.005570736072373451
470.6379634922733,-0.008896009996533394,470.583,0.03142919392242938,0.03769606004323763,470.6379634922733,0.005256756559764635
471.10348076575724,-0.0068818191066384315,471.048,0.001250643331448753,0.030324155031959878,471.10348076575724,0.004973916357222693
471.5689980392412,-0.00520332669839263,471.514,0.003106728902621425,0.02337580852904351,471.5689980392412,0.004733017389124252
472.03451531272515,-0.004531929735094309,471.979,0.003106728902621425,0.017350215733811875,472.03451531272515,0.004504458202081968
472.5000325862091,-0.0068818191066384315,472.444,0.012143879130203539,0.012590075465955504,472.5000325862091,0.004318894977055881
472.96554985969306,-0.008224613033235073,472.907,0.003106728902621425,0.009266606349629884,472.96554985969306,0.0041917945550372995
473.431067133177,-0.01040665339678526,473.37,0.011821343513148008,0.007388994925058147,473.431067133177,0.004110208552773149
473.89658440666096,-0.011581597849726677,473.84,0.02925044287658718,0.006832275943134203,473.89658440666096,0.004090989609204285
474.3621016801449,-0.010238803923130035,474.303,0.009965257941975336,0.007376007879547928,474.3621016801449,0.0041316931561747984
474.82761895362887,-0.008224613033235073,474.767,0.027071821688358977,0.008745978339992515,474.82761895362887,0.004217569901034391
475.2931362271128,-0.006210422143340111,475.237,0.00746397127907783,0.010652435492207544,475.2931362271128,0.004302036248547487
475.7586535005968,-0.006546120624989271,475.695,0.016501121506659944,0.012820555189344631,475.7586535005968,0.004371169368396752
476.22417077408073,-0.007553216069936752,476.163,0.018357207077832394,0.015011279499304551,476.22417077408073,0.0044414826253374555
476.6896880475647,-0.007217517588287592,476.628,0.020535828266060596,0.017032656924357698,476.6896880475647,0.004533282515619306
477.1552053210486,-0.008560311049222946,477.093,0.003106728902621425,0.01874315584149877,477.1552053210486,0.004633162256225451
477.62072259453254,-0.011581597849726677,477.559,0.024893200500130774,0.020049205579029443,477.62072259453254,0.004738576599659879
478.0862398680165,-0.013763638213276863,478.026,0.00746397127907783,0.020899497197953313,478.0862398680165,0.004854977924689347
478.55175714150045,-0.012924391776323318,478.492,0.024893200500130774,0.02127826759902877,478.55175714150045,0.0049970148032574754
479.0172744149844,-0.008224613033235073,478.952,0.02925044287658718,0.021198962867387195,479.0172744149844,0.005159639898474201
479.48279168846835,-0.004867628216743469,479.421,0.020858493740730122,0.020698704096594543,479.48279168846835,0.005313309320298391
479.9483089619523,-0.00553902518004179,479.885,0.014322500318431741,0.019833341298856937,479.9483089619523,0.005443598519332841
480.41382623543626,-0.008224613033235073,480.347,0.0077865068961333606,0.018672797965771308,480.41382623543626,0.005601054974379987
480.8793435089202,-0.007888914085924625,480.811,0.046679672097640346,0.01729661410924062,480.8793435089202,0.005749683210850238
481.34486078240417,-0.0068818191066384315,481.281,0.0009279778567794494,0.01578966154956669,481.34486078240417,0.005876321068125548
481.8103780558881,-0.007553216069936752,481.747,0.005607885707905158,0.01423795601280137,481.8103780558881,0.005960997142227826
482.2758953293721,-0.008224613033235073,482.21,0.016178585889604413,0.012724652535431372,482.2758953293721,0.006000187531030138
482.74141260285603,-0.0068818191066384315,482.674,0.00746397127907783,0.011326557191226628,482.74141260285603,0.00601178715509725
483.20692987634,-0.006210422143340111,483.14,0.02925044287658718,0.010111349342973275,483.20692987634,0.006021452133098539
483.67244714982394,-0.007553216069936752,483.606,0.001250643331448753,0.009135243383492286,483.67244714982394,0.006022938576450769
484.13796442330784,-0.007049668114632368,484.071,0.005607885707905158,0.008440643121035842,484.13796442330784,0.006023257237648176
484.6034816967918,-0.0068818191066384315,484.537,0.005285350090849628,0.008053750226527618,484.6034816967918,0.006000518511373019
485.06899897027574,-0.0068818191066384315,484.996,0.005607885707905158,0.007982665981523087,485.06899897027574,0.005932999284509752
485.5345162437597,-0.0068818191066384315,485.462,0.0034292645196769556,0.008216692577254742,485.5345162437597,0.005843045610955169
486.00003351724365,-0.006378271151334047,485.929,0.016501121506659944,0.008727165245702228,486.00003351724365,0.005744206148419065
486.4655507907276,-0.007217517588287592,486.392,0.022714579311902794,0.00946954454966128,486.4655507907276,0.005619075286747591
486.93106806421156,-0.006210422143340111,486.86,0.0009279778567794494,0.010386108510160462,486.93106806421156,0.0054699351226484725
487.3965853376955,-0.0041962312534451485,487.323,0.003106728902621425,0.011408727091590177,487.3965853376955,0.005315153450704418
487.86210261117947,-0.004867628216743469,487.785,0.025215736117186305,0.012461795988186097,487.86210261117947,0.005178036440535934
488.3276198846634,-0.00553902518004179,488.255,0.0009279778567794494,0.013465928929452682,488.3276198846634,0.005025417619990761
488.7931371581474,-0.00553902518004179,488.721,0.003106728902621425,0.014343044206532214,488.7931371581474,0.0048577534084104455
489.2586544316313,-0.003524834057316184,489.187,0.025215736117186305,0.015023090859871137,489.2586544316313,0.004695652578225821
489.7241717051153,-0.0001678492408245802,489.645,0.005607885707905158,0.015452006444015308,489.7241717051153,0.004569608879134642
490.18968897859924,0.0011749446857720613,490.111,0.04232242972118394,0.01559966295703941,490.18968897859924,0.004481929076051839
490.65520625208313,0.0003356984816491604,490.577,0.001250643331448753,0.015465860541506522,490.65520625208313,0.004378031994751892
491.1207235255671,-0.000839246204122901,491.041,0.044823586526467674,0.015082369794860346,491.1207235255671,0.0042724243689068984
491.58624079905104,-0.000839246204122901,491.507,0.001250643331448753,0.01450980846375453,491.58624079905104,0.004184543083454842
492.051758072535,-0.000839246204122901,491.974,0.00746397127907783,0.013829533361752449,492.051758072535,0.004056204945230537
492.51727534601895,-0.0015106431674212217,492.44,0.001250643331448753,0.013132222159209207,492.51727534601895,0.003909930766697788
492.9827926195029,-0.0028534370940178633,492.903,0.016501121506659944,0.01250575234806893,492.9827926195029,0.003781500117313533
493.44830989298686,-0.0028534370940178633,493.366,0.014322500318431741,0.012024875531296041,493.44830989298686,0.0036762152740287186
493.9138271664708,-0.0031891355756670237,493.837,0.003106728902621425,0.01174422084966635,493.9138271664708,0.0035507328469461304
494.37934443995476,-0.0028534370940178633,494.3,0.00746397127907783,0.011695065119777595,494.37934443995476,0.003380691961168597
494.8448617134387,-0.0015106431674212217,494.767,0.005285350090849628,0.011885530887655087,494.8448617134387,0.003277103270959153
495.3103789869227,0.0005035477224737406,495.229,0.05353820113699426,0.01230326138981304,495.3103789869227,0.0032223740691299705
495.7758962604066,0.000839246204122901,495.695,0.003106728902621425,0.012919066747987255,495.7758962604066,0.0031541784377221633
496.2414135338906,-0.0005035477224737406,496.155,0.003106728902621425,0.013690036139304834,496.2414135338906,0.003026977242850211
496.70693080737453,-0.0031891355756670237,496.621,0.014322500318431741,0.01456161900414697,496.70693080737453,0.0028462310659602558
497.17244808085843,-0.0041962312534451485,497.088,0.001250643331448753,0.015469615524318928,497.17244808085843,0.00265903334037002
497.6379653543424,-0.0028534370940178633,497.554,0.011821343513148008,0.016343679020443574,497.6379653543424,0.0025268115304339
498.10348262782634,-0.0018463416490703821,498.019,0.024893200500130774,0.01711331418496191,498.10348262782634,0.00244514124997334
498.5689999013103,-0.0015106431674212217,498.485,0.018679742694887924,0.017715965866754144,498.5689999013103,0.0024211257819897066
499.03451717479425,-0.0015106431674212217,498.948,0.03360781511065736,0.018105468503572388,499.03451717479425,0.002422916507258622
499.5000344482782,-0.0015106431674212217,499.411,0.025215736117186305,0.01825851962638478,499.5000344482782,0.002374505216931978
499.96555172176215,-0.0028534370940178633,499.881,0.00746397127907783,0.018177245424157277,499.96555172176215,0.0023128742133384844
500.4310689952461,-0.004867628216743469,500.344,0.022714579311902794,0.017887143463959136,500.4310689952461,0.0022346517499967594
500.89658626873006,-0.0041962312534451485,500.811,0.01399996470137621,0.01743108746349589,500.89658626873006,0.0021731893339329554
501.362103542214,-0.0021820401307195425,501.274,0.00746397127907783,0.016860996522904802,501.362103542214,0.0021243606875920554
501.82762081569797,-0.0021820401307195425,501.74,0.029573108351256705,0.016228968435210163,501.82762081569797,0.0020813750313170487
502.2931380891819,-0.003524834057316184,502.203,0.009965257941975336,0.01557938687719386,502.2931380891819,0.0020318144626760336
502.7586553626659,-0.0041962312534451485,502.668,0.005285350090849628,0.014943115417595245,502.7586553626659,0.0020408071564489115
503.22417263614983,-0.0028534370940178633,503.135,0.003106728902621425,0.014334605793775745,503.22417263614983,0.0021083346063454625
503.6896899096337,-0.0005035477224737406,503.601,0.024893200500130774,0.01375243125509594,503.6896899096337,0.002173497718834873
504.1552071831177,-0.0011749446857720613,504.06,0.025215736117186305,0.013183085389706391,504.1552071831177,0.0021743221518500454
504.62072445660164,-0.0028534370940178633,504.526,0.0077865068961333606,0.012606986389820678,504.62072445660164,0.0021070373059714916
505.0862417300856,-0.0015106431674212217,504.993,0.001250643331448753,0.012005162051084,505.0862417300856,0.002051121824923109
505.55175900356954,0.0011749446857720613,505.458,0.012143879130203539,0.011365386824203298,505.55175900356954,0.0020505893360249776
506.0172762770535,0.000839246204122901,505.922,0.025215736117186305,0.010687049385737583,506.0172762770535,0.0020634410292499406
506.48279355053745,-0.001678492408245802,506.391,0.012143879130203539,0.009984114068971246,506.48279355053745,0.0020647753362866934
506.9483108240214,-0.0038605325389653444,506.852,0.012143879130203539,0.009285405113526771,506.9483108240214,0.002075842477553001
507.41382809750536,-0.004364080261439085,507.321,0.001250643331448753,0.008631749993125536,507.41382809750536,0.0020889388347087616
507.8793453709893,-0.00553902518004179,507.782,0.00746397127907783,0.008070373058855149,507.8793453709893,0.0020654106237939862
508.34486264447327,-0.006210422143340111,508.251,0.00746397127907783,0.00764775620420445,508.34486264447327,0.002033617522279555
508.8103799179572,-0.004867628216743469,508.717,0.00746397127907783,0.007402468408950044,508.8103799179572,0.0020295097491182545
509.2758971914412,-0.003524834057316184,509.18,0.003106728902621425,0.007359248932137455,509.2758971914412,0.0020051714906918375
509.7414144649251,-0.003524834057316184,509.646,0.0077865068961333606,0.00752525117539263,509.7414144649251,0.0019646694121619795
510.206931738409,-0.0031891355756670237,510.11,0.0009279778567794494,0.007889012975815162,510.206931738409,0.0019483863424262396
510.672449011893,-0.0021820401307195425,510.576,0.005607885707905158,0.008422358735744533,510.672449011893,0.001955043484951101
511.13796628537693,-0.0015106431674212217,511.041,0.01399996470137621,0.009084940552101841,511.13796628537693,0.001967011128378497
511.6034835588609,-0.0015106431674212217,511.507,0.020858493740730122,0.009830501117644818,511.6034835588609,0.002002971629681325
512.0690008323448,-0.0015106431674212217,511.967,0.005285350090849628,0.010613424332991972,512.0690008323448,0.0020500301113808997
512.5345181058289,0.0001678492408245802,512.433,0.024893200500130774,0.011394082286221208,512.5345181058289,0.0020769444639598847
513.0000353793127,0.0005035477224737406,512.9,0.003106728902621425,0.012142031678160118,513.0000353793127,0.002115643481902322
513.4655526527966,-0.000839246204122901,513.362,0.001250643331448753,0.012837001417689226,513.4655526527966,0.002180551661161114
513.9310699262807,-0.0015106431674212217,513.826,0.005607885707905158,0.013468351600741871,513.9310699262807,0.0022345427834103595
514.3965871997646,-0.0005035477224737406,514.296,0.03796505748711376,0.014033803890880821,514.3965871997646,0.002267407032398016
514.8621044732486,-0.0001678492408245802,514.755,0.018357207077832394,0.014537650472673228,514.8621044732486,0.0022586384359565012
515.3276217467325,-0.000839246204122901,515.226,0.0077865068961333606,0.014987947184109,515.3276217467325,0.0022492880075661095
515.7931390202165,-0.000839246204122901,515.685,0.016501121506659944,0.015392236727762174,515.7931390202165,0.002241584389417085
516.2586562937004,0.0005035477224737406,516.151,0.022714579311902794,0.015752208328267694,516.2586562937004,0.0022413746833443555
516.7241735671844,0.0038605325389653444,516.617,0.003106728902621425,0.016058635313401494,516.7241735671844,0.0022392508942717534
517.1896908406683,0.0036926832981407642,517.081,0.003106728902621425,0.016288367906231296,517.1896908406683,0.002223784035173838
517.6552081141523,0.002517738612368703,517.547,0.00746397127907783,0.01640503893831035,517.6552081141523,0.0022102045316459437
518.1207253876362,0.000839246204122901,518.012,0.016501121506659944,0.016364393571573276,518.1207253876362,0.0022186811843212
518.5862426611202,-0.0015106431674212217,518.478,0.040143678675341965,0.016123684396433,518.5862426611202,0.0022308626461607353
519.0517599346041,-0.0041962312534451485,518.94,0.024893200500130774,0.015652864953754776,519.0517599346041,0.0022378261246316475
519.5172772080881,-0.0028534370940178633,519.41,0.00746397127907783,0.014944411872627572,519.5172772080881,0.0022086296778859667
519.982794481572,-0.0011749446857720613,519.87,0.00746397127907783,0.014019173584073223,519.982794481572,0.0021670276711138227
520.4483117550559,-0.000839246204122901,520.34,0.027394357305414507,0.012927198802714026,520.4483117550559,0.0021381601750738184
520.9138290285399,-0.0031891355756670237,520.804,0.003106728902621425,0.011743882432234355,520.9138290285399,0.002119810883233587
521.3793463020238,-0.00553902518004179,521.266,0.012143879130203539,0.010562381680908244,521.3793463020238,0.002083727027162909
521.8448635755078,-0.00553902518004179,521.732,0.014322500318431741,0.00948341073141326,521.8448635755078,0.002079193671976705
522.3103808489917,-0.0041962312534451485,522.195,0.005285350090849628,0.00860364953355405,522.3103808489917,0.002108011827144804
522.7758981224757,-0.0021820401307195425,522.66,0.0009279778567794494,0.008004160563321282,522.7758981224757,0.0020949175255299073
523.2414153959596,0.0005035477224737406,523.125,0.009965257941975336,0.007740301150311628,523.2414153959596,0.002076736820902807
523.7069326694436,-0.0001678492408245802,523.591,0.0009279778567794494,0.007834542283571635,523.7069326694436,0.0020521662454142274
524.1724499429275,-0.0028534370940178633,524.056,0.012143879130203539,0.008273255695918373,524.1724499429275,0.0020167238433679156
524.6379672164115,-0.0021820401307195425,524.522,0.00746397127907783,0.0090079628373667,524.6379672164115,0.0019802616935237056
525.1034844898954,-0.0015106431674212217,524.989,0.001250643331448753,0.009960959838006057,525.1034844898954,0.001971472536109522
525.5690017633794,-0.0006713969632983208,525.454,0.003106728902621425,0.01103476042695577,525.5690017633794,0.0019921573805951934
526.0345190368633,0.000839246204122901,525.915,0.029573108351256705,0.012124319803593209,526.0345190368633,0.002016830754692935
526.5000363103474,-0.0001678492408245802,526.384,0.0077865068961333606,0.013130367291934512,526.5000363103474,0.0020059260323402575
526.9655535838313,-0.0021820401307195425,526.848,0.011821343513148008,0.013971548619631626,526.9655535838313,0.002002792774383277
527.4310708573151,-0.0015106431674212217,527.311,0.05571682232522246,0.014592872821984355,527.4310708573151,0.0020083602670489214
527.8965881307992,-0.0001678492408245802,527.781,0.012143879130203539,0.014968439697246849,527.8965881307992,0.002006493473250096
528.362105404283,0.0001678492408245802,528.244,0.003106728902621425,0.015097701228758956,528.362105404283,0.001974790831749506
528.8276226777671,-0.0005035477224737406,528.71,0.003106728902621425,0.014996547117358655,528.8276226777671,0.0019204645936350066
529.293139951251,-0.0021820401307195425,529.174,0.001250643331448753,0.014686595203943791,529.293139951251,0.0019018377493612985
529.758657224735,-0.0021820401307195425,529.639,0.009965257941975336,0.014186951213475733,529.758657224735,0.0018713398902587234
530.2241744982189,-0.0011749446857720613,530.103,0.0034292645196769556,0.013511768808624246,530.2241744982189,0.0018147911775946938
530.6896917717029,-0.0001678492408245802,530.569,0.005607885707905158,0.012674775440898917,530.6896917717029,0.0017797250130652275
531.1552090451868,0.0001678492408245802,531.034,0.027071821688358977,0.011699500847527054,531.1552090451868,0.0017610200427073163
531.6207263186708,0.0003356984816491604,531.5,0.03142919392242938,0.010631893039645741,531.6207263186708,0.0017239164385592554
532.0862435921547,-0.0011749446857720613,531.967,0.01399996470137621,0.009550813555418258,532.0862435921547,0.001714313127648018
532.5517608656387,-0.0028534370940178633,532.425,0.012143879130203539,0.008572085110448628,532.5517608656387,0.001737833114023717
533.0172781391226,-0.0031891355756670237,532.893,0.016178585889604413,0.007843404696553726,533.0172781391226,0.0017849224340780187
533.4827954126065,-0.0030212863348424435,533.355,0.001250643331448753,0.007529824719428878,533.4827954126065,0.0018314484260039327
533.9483126860905,-0.004531929735094309,533.822,0.0009279778567794494,0.007791672055229604,533.9483126860905,0.0018366746356027995
534.4138299595744,-0.006210422143340111,534.285,0.025215736117186305,0.008758192819019479,534.4138299595744,0.0018194746129024284
534.8793472330584,-0.00520332669839263,534.751,0.001250643331448753,0.010500864287805342,534.8793472330584,0.0018166332993419733
535.3448645065423,-0.0041962312534451485,535.221,0.001250643331448753,0.013010485884439964,535.3448645065423,0.0018313209555770814
535.8103817800263,-0.0038605325389653444,535.68,0.00746397127907783,0.016182155393258908,535.8103817800263,0.001851502091403233
536.2758990535102,-0.003524834057316184,536.145,0.00746397127907783,0.019811975193645876,536.2758990535102,0.0018700795916537039
536.7414163269942,-0.0021820401307195425,536.611,0.014322500318431741,0.023608384017950814,536.7414163269942,0.0018772260488844207
537.2069336004781,-0.0018463416490703821,537.077,0.00746397127907783,0.027219181421735787,537.2069336004781,0.001864857495298294
537.6724508739621,-0.0018463416490703821,537.543,0.0009279778567794494,0.030272826345891894,537.6724508739621,0.0018374476628196536
538.137968147446,-0.000839246204122901,538.008,0.016501121506659944,0.032429595520463456,538.137968147446,0.001826386688866095
538.60348542093,-0.0018463416490703821,538.474,0.1708626381180125,0.03343466018503481,538.60348542093,0.001826296226602117
539.0690026944139,-0.0015106431674212217,538.937,0.05103691447409675,0.033161910351073964,539.0690026944139,0.001828212364635219
539.534519967898,0.0010070954449474812,539.406,0.03578643629888556,0.031636940407978965,539.534519967898,0.0017908682154722136
540.0000372413818,0.0018463416490703821,539.87,0.0009279778567794494,0.029032307326014237,540.0000372413818,0.0017294530858488351
540.4655545148657,0.0006713969632983208,540.333,0.01399996470137621,0.025636602152327843,540.4655545148657,0.001673465645641142
540.9310717883498,-0.0003356984816491604,540.796,0.001250643331448753,0.021806286732316084,540.9310717883498,0.0016142914906489632
541.3965890618337,-0.0001678492408245802,541.266,0.0077865068961333606,0.01791209183074488,541.3965890618337,0.0015742992870219187
541.8621063353177,0.000839246204122901,541.732,0.001250643331448753,0.014290333131048544,541.8621063353177,0.0016095217013156525
542.3276236088016,0.0011749446857720613,542.195,0.016501121506659944,0.011206053956270444,542.3276236088016,0.001643093193339464
542.7931408822856,0.000839246204122901,542.661,0.0009279778567794494,0.008831261668640372,542.7931408822856,0.0016623265389641944
543.2586581557695,0.0005035477224737406,543.125,0.005285350090849628,0.007238538544230369,543.2586581557695,0.0016401593607450055
543.7241754292535,0.0011749446857720613,543.591,0.001250643331448753,0.006408232640399148,543.7241754292535,0.0016171615815048857
544.1896927027374,0.003524834057316184,544.056,0.022714579311902794,0.0062461225456738895,544.1896927027374,0.0016022066514503734
544.6552099762214,0.0031891355756670237,544.521,0.009642592467306033,0.0066076261085648395,544.6552099762214,0.0015674200956595536
545.1207272497053,0.0011749446857720613,544.982,0.00746397127907783,0.007324282162866736,545.1207272497053,0.0015246790933080845
545.5862445231893,-0.0005035477224737406,545.448,0.01399996470137621,0.00822857822451931,545.5862445231893,0.0014880853638232778
546.0517617966732,-0.0011749446857720613,545.911,0.022714579311902794,0.00917416032336635,546.0517617966732,0.0014912042288760883
546.5172790701571,-0.0015106431674212217,546.38,0.003106728902621425,0.010049671360098562,546.5172790701571,0.001550146061076668
546.9827963436411,0.0001678492408245802,546.84,0.003106728902621425,0.010785673827549249,546.9827963436411,0.0016003789190623724
547.448313617125,0.0018463416490703821,547.31,0.012143879130203539,0.011355214476184785,547.448313617125,0.001619077720761446
547.913830890609,0.0011749446857720613,547.771,0.016178585889604413,0.011769295144581353,547.913830890609,0.0016143428815148203
548.3793481640929,0.0011749446857720613,548.24,0.016178585889604413,0.012068581897501195,548.3793481640929,0.001597395744329771
548.8448654375769,0.0018463416490703821,548.705,0.018357207077832394,0.01231239677255758,548.8448654375769,0.0015848030943191802
549.3103827110608,0.0018463416490703821,549.17,0.00746397127907783,0.012565987671892414,549.3103827110608,0.0016420014846483093
549.7758999845448,0.0011749446857720613,549.636,0.00746397127907783,0.012887511002778023,549.7758999845448,0.0016932458640505183
550.2414172580287,0.0011749446857720613,550.096,0.003106728902621425,0.013316778140565888,550.2414172580287,0.0017148147624233578
550.7069345315127,-0.0003356984816491604,550.562,0.0034292645196769556,0.01386805706068155,550.7069345315127,0.0017141034066656406
551.1724518049966,-0.000839246204122901,551.026,0.014322500318431741,0.014528691618112146,551.1724518049966,0.0017213608858410998
551.6379690784806,-0.0001678492408245802,551.492,0.003106728902621425,0.015263993783204609,551.6379690784806,0.0017148209316212016
552.1034863519645,0.000839246204122901,551.959,0.03360781511065736,0.01602712457187175,552.1034863519645,0.0017085276905018567
552.5690036254485,0.0021820401307195425,552.425,0.05103691447409675,0.016771050035811957,552.5690036254485,0.0016727686714228382
553.0345208989324,0.0031891355756670237,552.885,0.003106728902621425,0.017458815557421757,553.0345208989324,0.0016213557027370308
553.5000381724163,0.002517738612368703,553.355,0.020535828266060596,0.018068958346709747,553.5000381724163,0.001581098280897037
553.9655554459003,-0.0005035477224737406,553.818,0.022714579311902794,0.018594825319835823,553.9655554459003,0.0015447060352045757
554.4310727193842,-0.0030212863348424435,554.281,0.003106728902621425,0.019038825505228753,554.4310727193842,0.0015369386804332957
554.8965899928683,-0.0036926832981407642,554.746,0.03393035072771289,0.019404063732519516,554.8965899928683,0.001550775177834693
555.3621072663522,-0.0018463416490703821,555.216,0.001250643331448753,0.01968613414985343,555.3621072663522,0.0015606519289768884
555.8276245398362,-0.0001678492408245802,555.682,0.011821343513148008,0.019867534665169252,555.8276245398362,0.0015508574176072464
556.2931418133201,-0.0021820401307195425,556.14,0.018679742694887924,0.019916513723403976,556.2931418133201,0.0015352281399807052
556.7586590868041,-0.002517738612368703,556.606,0.00746397127907783,0.019791149141886462,556.7586590868041,0.0015300574442132235
557.224176360288,-0.000839246204122901,557.074,0.04232242972118394,0.019448042055017076,557.224176360288,0.0015489741763187678
557.689693633772,0.0005035477224737406,557.54,0.024893200500130774,0.01885350534992017,557.689693633772,0.0015861065631466525
558.1552109072559,-0.0015106431674212217,558.004,0.03360781511065736,0.01799420771569501,558.1552109072559,0.0016288804574316174
558.6207281807399,-0.003524834057316184,558.47,0.005285350090849628,0.01688450137811174,558.6207281807399,0.0016613849164519717
559.0862454542238,-0.0041962312534451485,558.933,0.003106728902621425,0.01556909288622512,559.0862454542238,0.0017134249490071906
559.5517627277077,-0.003524834057316184,559.395,0.01399996470137621,0.01412146720818838,559.5517627277077,0.0018078790854694016
560.0172800011917,-0.0021820401307195425,559.863,0.016501121506659944,0.012639430042254336,560.0172800011917,0.0019017945651075773
560.4827972746756,-0.000839246204122901,560.325,0.018679742694887924,0.011238878245138492,560.4827972746756,0.0019818365417595836
560.9483145481596,-0.0001678492408245802,560.796,0.014322500318431741,0.010046078587626765,560.9483145481596,0.002032131076263666
561.4138318216435,-0.000839246204122901,561.259,0.003106728902621425,0.009188297427867644,561.4138318216435,0.0020840683091516753
561.8793490951275,-0.0021820401307195425,561.724,0.0077865068961333606,0.00878294090551825,561.8793490951275,0.0021468938160043648
562.3448663686114,-0.0018463416490703821,562.188,0.00746397127907783,0.008926032380280316,562.3448663686114,0.002217544241781637
562.8103836420954,-0.000839246204122901,562.654,0.016501121506659944,0.0096812815707168,562.8103836420954,0.0022812620277735418
563.2759009155793,-0.0001678492408245802,563.118,0.005285350090849628,0.011071004661725605,563.2759009155793,0.0023237213632959154
563.7414181890633,-0.0005035477224737406,563.584,0.003106728902621425,0.013069984139253064,563.7414181890633,0.002373614988576684
564.2069354625472,-0.0021820401307195425,564.051,0.0034292645196769556,0.015603201871056793,564.2069354625472,0.002408500230046915
564.6724527360312,-0.003524834057316184,564.51,0.047002207714695876,0.018548037980031604,564.6724527360312,0.0024442962542002185
565.1379700095151,-0.0038605325389653444,564.975,0.016501121506659944,0.021740790215296776,565.1379700095151,0.002499171429150249
565.6034872829991,-0.0041962312534451485,565.44,0.023037114928958324,0.02498661351433813,565.6034872829991,0.002543789504516363
566.069004556483,-0.002517738612368703,565.911,0.02925044287658718,0.02807189464920329,566.069004556483,0.0025656174518928986
566.5345218299669,-0.0005035477224737406,566.373,0.0009279778567794494,0.03077868628003033,566.5345218299669,0.0025814502694829146
567.000039103451,0.0005035477224737406,566.841,0.05975152908462311,0.0329013256014536,567.000039103451,0.0026101039474387467
567.4655563769348,-0.0003356984816491604,567.303,0.00746397127907783,0.034265047537238524,567.4655563769348,0.002642382252811161
567.9310736504189,-0.0015106431674212217,567.766,0.005285350090849628,0.03474530556747503,567.9310736504189,0.0026596809575747554
568.3965909239027,-0.0021820401307195425,568.236,0.14722008094933048,0.034285084359788796,568.3965909239027,0.0026756864741469353
568.8621081973868,-0.004531929735094309,568.695,0.0009279778567794494,0.03290628141796899,568.8621081973868,0.0026973540576288096
569.3276254708707,-0.005035477224737406,569.16,0.020535828266060596,0.030711279570217038,569.3276254708707,0.002750230855489008
569.7931427443547,-0.0041962312534451485,569.626,0.03360781511065736,0.02787308567631765,569.7931427443547,0.002793539294663566
570.2586600178386,-0.003524834057316184,570.092,0.020535828266060596,0.024615986544603282,570.2586600178386,0.0027892156468220315
570.7241772913226,-0.0031891355756670237,570.558,0.003106728902621425,0.021191228828469466,570.7241772913226,0.00276505626105308
571.1896945648065,-0.0018463416490703821,571.022,0.009965257941975336,0.017852670688073523,571.1896945648065,0.002749704534953117
571.6552118382905,-0.0028534370940178633,571.487,0.005607885707905158,0.014836378057991872,571.6552118382905,0.002757029859864763
572.1207291117744,-0.0041962312534451485,571.96,0.00746397127907783,0.01234647142407985,572.1207291117744,0.002752081205129179
572.5862463852583,-0.0041962312534451485,572.418,0.04885829328586855,0.010547428368900809,572.5862463852583,0.0027675932948728354
573.0517636587423,-0.003524834057316184,572.881,0.0009279778567794494,0.00956109222295388,573.0517636587423,0.002780259959475231
573.5172809322262,-0.0028534370940178633,573.351,0.003106728902621425,0.009465759857757347,573.5172809322262,0.0027802455677203696
573.9827982057102,-0.0005035477224737406,573.815,0.003106728902621425,0.010295325474773723,573.9827982057102,0.0027603378716346528
574.4483154791941,-0.0001678492408245802,574.277,0.00746397127907783,0.012037772722925943,574.4483154791941,0.002718661848106125
574.9138327526781,-0.0015106431674212217,574.743,0.047002207714695876,0.01463305173690824,574.9138327526781,0.0026632068980827635
575.379350026162,-0.0021820401307195425,575.206,0.03360781511065736,0.017970221016721518,575.379350026162,0.002621479476159406
575.844867299646,-0.001678492408245802,575.672,0.023037114928958324,0.021883711603277102,575.844867299646,0.002582225356991871
576.3103845731299,-0.0018463416490703821,576.137,0.005607885707905158,0.02614984981831563,576.3103845731299,0.0025716557542118947
576.7759018466139,-0.0038605325389653444,576.602,0.003106728902621425,0.030487185631643748,576.7759018466139,0.0025440177127440816
577.2414191200978,-0.00553902518004179,577.066,0.001250643331448753,0.03456608305164446,577.2414191200978,0.0024916096670713514
577.7069363935818,-0.00553902518004179,577.532,0.01399996470137621,0.038032648953085335,577.7069363935818,0.002450620328940163
578.1724536670657,-0.004867628216743469,577.997,0.005285350090849628,0.040548776466146706,578.1724536670657,0.002436654305562494
578.6379709405497,-0.005035477224737406,578.463,0.003106728902621425,0.04184446902706125,578.6379709405497,0.002447927041540318
579.1034882140336,-0.004867628216743469,578.926,0.3236906697040549,0.04177198388298951,579.1034882140336,0.0024473040913507013
579.5690054875175,-0.003524834057316184,579.395,0.003106728902621425,0.04034613215956774,579.5690054875175,0.002470001702296891
580.0345227610015,-0.0028534370940178633,579.856,0.003106728902621425,0.0377554688146897,580.0345227610015,0.0024751682873676486
580.5000400344854,-0.0031891355756670237,580.326,0.0009279778567794494,0.03433769292156209,580.5000400344854,0.0024405852707788524
580.9655573079694,-0.003524834057316184,580.789,0.027394357305414507,0.030525317276819834,580.9655573079694,0.002390227003619484
581.4310745814533,-0.0028534370940178633,581.252,0.005607885707905158,0.026776338473080794,581.4310745814533,0.002395580679244746
581.8965918549374,-0.0018463416490703821,581.717,0.011821343513148008,0.02350551684944434,581.8965918549374,0.002425268495894921
582.3621091284213,-0.0021820401307195425,582.181,0.001250643331448753,0.021027977318427118,582.3621091284213,0.002421282022391241
582.8276264019053,-0.0021820401307195425,582.646,0.02925044287658718,0.019522209276722616,582.8276264019053,0.002386086334366642
583.2931436753892,-0.0028534370940178633,583.111,0.011821343513148008,0.019015588601875758,583.2931436753892,0.002368053658252956
583.7586609488732,-0.0031891355756670237,583.577,0.001250643331448753,0.01939231390224273,583.7586609488732,0.0023963084823038923
584.2241782223571,-0.0021820401307195425,584.041,0.0009279778567794494,0.02042119342853943,584.2241782223571,0.0024430955797097847
584.6896954958411,-0.0015106431674212217,584.507,0.03610897191594109,0.021798784058315618,584.6896954958411,0.002448381408928668
585.155212769325,-0.001678492408245802,584.974,0.020858493740730122,0.02320135277587505,585.155212769325,0.002431471277656358
585.620730042809,-0.0036926832981407642,585.44,0.11421783793601081,0.024336989305949346,585.620730042809,0.002417969899764921
586.0862473162929,-0.003524834057316184,585.9,0.012143879130203539,0.02498814056243761,586.0862473162929,0.0024002990694303307
586.5517645897768,-0.0015106431674212217,586.37,0.04046634415001127,0.02503645354118316,586.5517645897768,0.002391921101285178
587.0172818632608,-0.0005035477224737406,586.833,0.014322500318431741,0.024466435185668597,587.0172818632608,0.002385191999330077
587.4827991367447,-0.000839246204122901,587.296,0.001250643331448753,0.023350301963702077,587.4827991367447,0.002358565481135346
587.9483164102287,-0.0011749446857720613,587.767,0.0077865068961333606,0.02182084423345011,587.9483164102287,0.002329994040801748
588.4138336837126,-0.0015106431674212217,588.229,0.003106728902621425,0.020040653097022895,588.4138336837126,0.0023017597750370038
588.8793509571966,-0.0021820401307195425,588.694,0.001250643331448753,0.018174813637570637,588.8793509571966,0.002264002381309366
589.3448682306805,-0.0015106431674212217,589.16,0.053215665519938726,0.016371181359712227,589.3448682306805,0.0022557148741762134
589.8103855041645,-0.000839246204122901,589.625,0.003106728902621425,0.014748904138828378,589.8103855041645,0.002259865821991794
590.2759027776484,-0.0001678492408245802,590.089,0.03360781511065736,0.013393265520764577,590.2759027776484,0.0022594484644261146
590.7414200511324,0.0011749446857720613,590.555,0.009642592467306033,0.012354126657628623,590.7414200511324,0.002273809228339739
591.2069373246163,0.0011749446857720613,591.015,0.003106728902621425,0.011646130803964278,591.2069373246163,0.00225954715089835
591.6724545981003,-0.0006713969632983208,591.48,0.003106728902621425,0.011250403470642422,591.6724545981003,0.0022100133156191053
592.1379718715842,-0.0005035477224737406,591.948,0.005285350090849628,0.011118635722353512,592.1379718715842,0.002166042861969407
592.6034891450681,-0.0010070954449474812,592.411,0.003106728902621425,0.011180568255736477,592.6034891450681,0.0021198005912527354
593.0690064185521,-0.0005035477224737406,592.881,0.018679742694887924,0.011354997591423947,593.0690064185521,0.002085861083253825
593.534523692036,0.0005035477224737406,593.344,0.020858493740730122,0.011562998964483217,593.534523692036,0.0020561568177194247
594.00004096552,0.0005035477224737406,593.807,0.03142919392242938,0.011740830316345114,594.00004096552,0.002043013176233633
594.4655582390039,-0.000839246204122901,594.27,0.0077865068961333606,0.011849622912195261,594.4655582390039,0.0020195178586611836
594.931075512488,-0.0021820401307195425,594.736,0.001250643331448753,0.01187979756093843,594.931075512488,0.00197761979882633
595.3965927859718,-0.0028534370940178633,595.206,0.011821343513148008,0.011849791964569195,595.3965927859718,0.001957958815085418
595.8621100594559,-0.0028534370940178633,595.672,0.020535828266060596,0.011800168005413211,595.8621100594559,0.0019530060473601956
596.3276273329398,-0.0015106431674212217,596.13,0.009965257941975336,0.011784755480119275,596.3276273329398,0.0019323664346353525
596.7931446064238,-0.000839246204122901,596.596,0.001250643331448753,0.011860370682215075,596.7931446064238,0.0019194119367067534
597.2586618799077,-0.000839246204122901,597.063,0.016178585889604413,0.012076465642619931,597.2586618799077,0.0019253803413221114
597.7241791533917,-0.0001678492408245802,597.528,0.016501121506659944,0.01246600257820453,597.7241791533917,0.0019099504916504553
598.1896964268756,-0.000839246204122901,597.993,0.005607885707905158,0.013038669630550068,598.1896964268756,0.0018610211007839457
598.6552137003596,-0.0028534370940178633,598.458,0.009642592467306033,0.013777229588626327,598.6552137003596,0.0017982963327702092
599.1207309738435,-0.004531929735094309,598.926,0.011821343513148008,0.014637493970770417,599.1207309738435,0.001706056447578985
599.5862482473274,-0.005035477224737406,599.389,0.024893200500130774,0.015552086455555548,599.5862482473274,0.001626411272433785
600.0517655208114,-0.0041962312534451485,599.852,0.00746397127907783,0.016437660259568658,600.0517655208114,0.0015774551580815784
600.5172827942953,-0.0031891355756670237,600.321,0.016178585889604413,0.017204706637245066,600.5172827942953,0.0015701606722062606
600.9828000677793,-0.0015106431674212217,600.781,0.024893200500130774,0.017768769358132937,600.9828000677793,0.0015312313916302901
601.4483173412632,-0.0018463416490703821,601.251,0.00746397127907783,0.018061723677831168,601.4483173412632,0.0014585846430007394
601.9138346147472,-0.0041962312534451485,601.717,0.03796505748711376,0.01804163431577016,601.9138346147472,0.0014099430848358724
602.3793518882311,-0.004867628216743469,602.18,0.014322500318431741,0.017699627519471045,602.3793518882311,0.00142651193286744
602.8448691617151,-0.0041962312534451485,602.646,0.02925044287658718,0.017062419077448904,602.8448691617151,0.0014870923525014065
603.310386435199,-0.0018463416490703821,603.111,0.003106728902621425,0.01618979684023101,603.310386435199,0.0015288238871320656
603.775903708683,-0.0005035477224737406,603.576,0.024893200500130774,0.015167374013121269,603.775903708683,0.0015733268297226744
604.2414209821669,-0.0011749446857720613,604.042,0.005607885707905158,0.014095930948363115,604.2414209821669,0.0016296761191203156
604.7069382556509,-0.0031891355756670237,604.5,0.00746397127907783,0.013079260084365427,604.7069382556509,0.0016524662480852394
605.1724555291348,-0.004364080261439085,604.967,0.003106728902621425,0.012212500946183934,605.1724555291348,0.0016581221481983754
605.6379728026187,-0.0038605325389653444,605.432,0.0077865068961333606,0.01157253467940978,605.6379728026187,0.0016614507208011916
606.1034900761027,-0.0018463416490703821,605.896,0.04232242972118394,0.011211136929952565,606.1034900761027,0.0016817408229314048
606.5690073495866,-0.0003356984816491604,606.366,0.009965257941975336,0.011150554426200339,606.5690073495866,0.0017217556419540456
607.0345246230706,-0.000839246204122901,606.826,0.003106728902621425,0.011380697831239107,607.0345246230706,0.0017416797861197553
607.5000418965545,-0.002517738612368703,607.296,0.003106728902621425,0.011857772973584752,607.5000418965545,0.0017289555557071148
607.9655591700385,-0.0021820401307195425,607.755,0.001250643331448753,0.012505422445198491,607.9655591700385,0.001702793681920604
608.4310764435224,-0.000839246204122901,608.22,0.003106728902621425,0.013220101118098486,608.4310764435224,0.0016969918114073173
608.8965937170065,0.0001678492408245802,608.686,0.02925044287658718,0.013881739677649562,608.8965937170065,0.0017135503766867292
609.3621109904904,0.002517738612368703,609.152,0.0009279778567794494,0.014369119152039445,609.3621109904904,0.0017363672323400154
609.8276282639744,0.0028534370940178633,609.618,0.03796505748711376,0.014577709016233767,609.8276282639744,0.0017471033669861852
610.2931455374583,0.0011749446857720613,610.085,0.014322500318431741,0.014436763734284807,610.2931455374583,0.0017259888298159607
610.7586628109423,0.0005035477224737406,610.551,0.014322500318431741,0.013922489885806712,610.7586628109423,0.0017193131804362058
611.2241800844262,-0.0001678492408245802,611.015,0.029573108351256705,0.013064940956458222,611.2241800844262,0.0017442867206404814
611.6896973579102,0.0011749446857720613,611.481,0.001250643331448753,0.011947615845387245,611.6896973579102,0.0017529730804892929
612.1552146313941,0.0021820401307195425,611.944,0.003106728902621425,0.01070013522533821,612.1552146313941,0.0017296689643876673
612.620731904878,0.0011749446857720613,612.406,0.005607885707905158,0.009485489232206972,612.620731904878,0.001712405208992083
613.086249178362,-0.0001678492408245802,612.874,0.003106728902621425,0.008483839303173521,613.086249178362,0.0017172551796281995
613.5517664518459,-0.000839246204122901,613.336,0.03578643629888556,0.007874524911586992,613.5517664518459,0.0017363384434345285
614.0172837253299,-0.0001678492408245802,613.8,0.00746397127907783,0.007817133808179832,614.0172837253299,0.0017718795307153578
614.4828009988138,0.0005035477224737406,614.271,0.003106728902621425,0.008432111569937452,614.4828009988138,0.0017841802384711875
614.9483182722978,0.0011749446857720613,614.736,0.005607885707905158,0.009782003501561469,614.9483182722978,0.0017758927331461298
615.4138355457817,0.0005035477224737406,615.199,0.009965257941975336,0.01185566246307848,615.4138355457817,0.0017583925472481454
615.8793528192657,0.000839246204122901,615.664,0.003106728902621425,0.014558643667409624,615.8793528192657,0.001784550310449156
616.3448700927496,0.0011749446857720613,616.129,0.001250643331448753,0.017712955979926635,616.3448700927496,0.0018065961876104503
616.8103873662336,0.0005035477224737406,616.595,0.01399996470137621,0.021068412505418993,616.8103873662336,0.0017993818842015055
617.2759046397175,-0.0001678492408245802,617.056,0.016501121506659944,0.024326203087241805,617.2759046397175,0.0017893015961986832
617.7414219132015,0.0001678492408245802,617.521,0.016501121506659944,0.027173100827836305,617.7414219132015,0.0017949102089958667
618.2069391866854,0.0003356984816491604,617.986,0.014322500318431741,0.029322171510831406,618.2069391866854,0.001810140634859277
618.6724564601693,-0.0015106431674212217,618.452,0.1385054663388039,0.030553404413129134,618.6724564601693,0.0018219910903838274
619.1379737336533,-0.0030212863348424435,618.915,0.029573108351256705,0.030746066267542106,619.1379737336533,0.0018124844101529954
619.6034910071372,-0.0038605325389653444,619.385,0.01399996470137621,0.029895197294479967,619.6034910071372,0.001806222007864642
620.0690082806212,-0.0018463416490703821,619.848,0.018679742694887924,0.02810851750490054,620.0690082806212,0.0018026775621159063
620.5345255541051,-0.0005035477224737406,620.31,0.024893200500130774,0.025585645617675623,620.5345255541051,0.001826684808161381
621.0000428275891,-0.0001678492408245802,620.778,0.016178585889604413,0.02258572231161788,621.0000428275891,0.0018789571582151022
621.465560101073,-0.0005035477224737406,621.24,0.001250643331448753,0.019390602162719574,621.465560101073,0.0019102506660217484
621.931077374557,-0.0005035477224737406,621.706,0.024893200500130774,0.016269713608203534,621.931077374557,0.001919710059301669
622.396594648041,-0.0021820401307195425,622.17,0.0077865068961333606,0.013450998007509122,622.396594648041,0.001939638314155548
622.862111921525,-0.0041962312534451485,622.636,0.003106728902621425,0.011100669246798747,622.862111921525,0.001945401121797846
623.3276291950089,-0.004867628216743469,623.101,0.001250643331448753,0.009313081139612642,623.3276291950089,0.0019423686052921435
623.7931464684929,-0.004867628216743469,623.566,0.003106728902621425,0.008110799632905874,623.7931464684929,0.001965923543323064
624.2586637419768,-0.0036926832981407642,624.034,0.016178585889604413,0.007453824648161716,624.2586637419768,0.0020250421863603966
624.7241810154608,-0.0028534370940178633,624.499,0.023037114928958324,0.007255642036228109,624.7241810154608,0.002085711007216192
625.1896982889447,-0.0005035477224737406,624.964,0.003106728902621425,0.007402775173643137,625.1896982889447,0.0021273870301686385
625.6552155624286,-0.0021820401307195425,625.429,0.00746397127907783,0.007774342888396931,625.6552155624286,0.0021654116952060246
626.1207328359126,-0.004867628216743469,625.892,0.005285350090849628,0.008258906054348676,626.1207328359126,0.002187782410325766
626.5862501093965,-0.00553902518004179,626.355,0.023037114928958324,0.008766982326242442,626.5862501093965,0.0021940920988178375
627.0517673828805,-0.0030212863348424435,626.826,0.01399996470137621,0.009238388404360292,627.0517673828805,0.002234090472330031
627.5172846563644,-0.0001678492408245802,627.288,0.005285350090849628,0.009644069084982705,627.5172846563644,0.0023042330820563918
627.9828019298484,0.0010070954449474812,627.754,0.011821343513148008,0.00998274573258247,627.9828019298484,0.0023526032558733897
628.4483192033323,0.0011749446857720613,628.22,0.003106728902621425,0.010273652940071478,628.4483192033323,0.0023775151171237787
628.9138364768163,0.0003356984816491604,628.685,0.0034292645196769556,0.010547400147699192,628.9138364768163,0.002367381374286919
629.3793537503002,-0.0015106431674212217,629.145,0.003106728902621425,0.010837165752048697,629.3793537503002,0.0023647888302491147
629.8448710237842,-0.0021820401307195425,629.61,0.025215736117186305,0.011171923369134714,629.8448710237842,0.002399310168833702
630.3103882972681,-0.0028534370940178633,630.075,0.009965257941975336,0.011572448656405143,630.3103882972681,0.0024290062091930557
630.7759055707521,-0.0021820401307195425,630.54,0.003106728902621425,0.012049936116736503,630.7759055707521,0.0024240308239732527
631.241422844236,-0.0001678492408245802,631.007,0.005285350090849628,0.012606598141039087,631.241422844236,0.0024139854867273078
631.70694011772,-0.0005035477224737406,631.473,0.03828759310416929,0.013237541705793845,631.70694011772,0.002419785301970659
632.1724573912039,-0.0031891355756670237,631.941,0.009965257941975336,0.013933104706026114,632.1724573912039,0.00243406793789217
632.6379746646878,-0.004364080261439085,632.403,0.009965257941975336,0.014680700115113401,632.6379746646878,0.002465336774656838
633.1034919381718,-0.0038605325389653444,632.871,0.005285350090849628,0.015465499870778748,633.1034919381718,0.0024956722132515796
633.5690092116557,-0.0028534370940178633,633.333,0.03578643629888556,0.016269953552648934,633.5690092116557,0.0025004646162066144
634.0345264851397,-0.0015106431674212217,633.796,0.016178585889604413,0.017072579952176068,634.0345264851397,0.0024837641911924055
634.5000437586236,-0.001678492408245802,634.266,0.016501121506659944,0.01784651802718327,634.5000437586236,0.0024584781451227077
634.9655610321076,-0.0041962312534451485,634.731,0.0009279778567794494,0.018558465339003797,634.9655610321076,0.0024446724880096147
635.4310783055915,-0.00553902518004179,635.194,0.011821343513148008,0.019169043987152582,635.4310783055915,0.00241294928464942
635.8965955790756,-0.003524834057316184,635.66,0.025215736117186305,0.019635713670027533,635.8965955790756,0.002373360043684713
636.3621128525594,-0.0028534370940178633,636.126,0.024893200500130774,0.01991854239696465,636.3621128525594,0.0023365997836056517
636.8276301260435,-0.0041962312534451485,636.592,0.005607885707905158,0.019987758313324583,636.8276301260435,0.0023346733653614236
637.2931473995274,-0.0041962312534451485,637.051,0.06661005812397702,0.019830887897089686,637.2931473995274,0.0023713863394078795
637.7586646730114,-0.0030212863348424435,637.517,0.005285350090849628,0.019457002015788254,637.7586646730114,0.0023891620225920357
638.2241819464953,-0.0023498893715441227,637.981,0.016178585889604413,0.01889627689483897,638.2241819464953,0.0023936522021657265
638.6896992199792,-0.0018463416490703821,638.446,0.020858493740730122,0.018194598282136584,638.6896992199792,0.002398767388331167
639.1552164934632,-0.0028534370940178633,638.915,0.014322500318431741,0.017404691861679894,639.1552164934632,0.0023950954741262308
639.6207337669471,-0.0036926832981407642,639.377,0.005285350090849628,0.016576394244717137,639.6207337669471,0.0023916168184872594
640.0862510404311,-0.0036926832981407642,639.841,0.001250643331448753,0.015748848979239144,640.0862510404311,0.0023847294093134125
640.551768313915,-0.0015106431674212217,640.311,0.003106728902621425,0.01494680643813125,640.551768313915,0.002372196380642524
641.017285587399,0.001678492408245802,640.774,0.03828759310416929,0.01418191741195351,641.017285587399,0.0023627822173980435
641.4828028608829,0.0031891355756670237,641.236,0.027071821688358977,0.013458090051307733,641.4828028608829,0.0023365175454158936
641.9483201343669,0.0031891355756670237,641.702,0.009965257941975336,0.012778418180088812,641.9483201343669,0.0022897839050513968
642.4138374078508,0.002517738612368703,642.167,0.005607885707905158,0.012150918316455952,642.4138374078508,0.002240940867115341
642.8793546813348,0.0011749446857720613,642.633,0.011821343513148008,0.011591443691537364,642.8793546813348,0.0021895073409504227
643.3448719548187,0.0011749446857720613,643.1,0.005285350090849628,0.011123609801970977,643.3448719548187,0.0021423974627981517
643.8103892283027,0.002517738612368703,643.566,0.02925044287658718,0.010776292616675032,643.8103892283027,0.002127623455760095
644.2759065017866,0.002517738612368703,644.03,0.009642592467306033,0.010579204718803657,644.2759065017866,0.0021184971240137615
644.7414237752706,0.0036926832981407642,644.496,0.001250643331448753,0.010556934833098526,644.7414237752706,0.002135444261064771
645.2069410487545,0.002517738612368703,644.963,0.012143879130203539,0.01072217591952011,645.2069410487545,0.0021027527107341645
645.6724583222384,0.0005035477224737406,645.421,0.003106728902621425,0.011069461508502496,645.6724583222384,0.0020475876476157766
646.1379755957224,0.0005035477224737406,645.885,0.020858493740730122,0.01157098915837801,646.1379755957224,0.001998882357266184
646.6034928692063,0.0011749446857720613,646.355,0.0009279778567794494,0.012175803452793925,646.6034928692063,0.001960230628014309
647.0690101426903,0.0001678492408245802,646.818,0.009642592467306033,0.012813038946931185,647.0690101426903,0.0019128000221639754
647.5345274161742,-0.0001678492408245802,647.28,0.001250643331448753,0.01339937610344465,647.5345274161742,0.0018906616267786126
648.0000446896582,0.0011749446857720613,647.746,0.014322500318431741,0.013850230798386742,648.0000446896582,0.0018736137495568195
648.4655619631421,0.0011749446857720613,648.21,0.03796505748711376,0.014093241371693063,648.4655619631421,0.001846833038504737
648.9310792366261,-0.0003356984816491604,648.676,0.023037114928958324,0.014081520729187606,648.9310792366261,0.0017990817061855054
649.39659651011,-0.000839246204122901,649.14,0.001250643331448753,0.013803629929589268,649.39659651011,0.0017426686832199738
649.862113783594,-0.0015106431674212217,649.605,0.027071821688358977,0.013287898789043724,649.862113783594,0.0017168604308046686
650.327631057078,-0.000839246204122901,650.07,0.00746397127907783,0.012600260116578998,650.327631057078,0.0016948515609478312
650.793148330562,-0.0001678492408245802,650.535,0.00746397127907783,0.01183624487154777,650.793148330562,0.0016753303820282667
651.2586656040459,-0.0015106431674212217,651.0,0.023037114928958324,0.011108653815377222,651.2586656040459,0.001665838096315771
651.7241828775298,-0.0015106431674212217,651.465,0.001250643331448753,0.010532793038720865,651.7241828775298,0.0016566727026652377
652.1897001510138,0.0001678492408245802,651.933,0.003106728902621425,0.010211321301558298,652.1897001510138,0.0016281300435570024
652.6552174244977,0.0011749446857720613,652.396,0.009965257941975336,0.010220807772212258,652.6552174244977,0.0015531107376811396
653.1207346979817,-0.0005035477224737406,652.863,0.003106728902621425,0.01060191859605971,653.1207346979817,0.0014963420378691326
653.5862519714656,-0.0015106431674212217,653.326,0.0009279778567794494,0.011354557232454751,653.5862519714656,0.0014552725219914382
654.0517692449496,-0.0015106431674212217,653.796,0.03578643629888556,0.012438298255288966,654.0517692449496,0.0013962093899592732
654.5172865184335,-0.000839246204122901,654.259,0.00746397127907783,0.013777363146645858,654.5172865184335,0.0013549342768090715
654.9828037919175,0.002517738612368703,654.724,0.018357207077832394,0.015268625989737512,654.9828037919175,0.0013255260667529266
655.4483210654014,0.004867628216743469,655.188,0.024893200500130774,0.01679107894298511,655.4483210654014,0.001290854642876344
655.9138383388854,0.003524834057316184,655.654,0.0077865068961333606,0.018215792504319345,655.9138383388854,0.0012607145175300139
656.3793556123693,0.000839246204122901,656.118,0.003106728902621425,0.01941620109313428,656.3793556123693,0.0012225397703291487
656.8448728858533,-0.0005035477224737406,656.584,0.018679742694887924,0.02027898954667635,656.8448728858533,0.001197379142082879
657.3103901593372,-0.000839246204122901,657.049,0.005607885707905158,0.02071553447315195,657.3103901593372,0.0012192461534511925
657.7759074328212,0.0005035477224737406,657.514,0.09678860871495765,0.020672661463966322,657.7759074328212,0.001250658907966957
658.2414247063051,0.000839246204122901,657.982,0.003106728902621425,0.020140108966743096,658.2414247063051,0.0012694235011618108
658.706941979789,-0.0015106431674212217,658.44,0.00746397127907783,0.019151979966643227,658.706941979789,0.001268372912693455
659.172459253273,-0.004531929735094309,658.908,0.009965257941975336,0.017781423513779718,659.172459253273,0.0012555746693431035
659.6379765267569,-0.004364080261439085,659.37,0.00746397127907783,0.01613066722787651,659.6379765267569,0.001268917740868507
660.1034938002409,-0.0041962312534451485,659.841,0.003106728902621425,0.014320149292074699,660.1034938002409,0.0013319406218663104
660.5690110737248,-0.0041962312534451485,660.303,0.0009279778567794494,0.012479965598281021,660.5690110737248,0.0013935202310889822
661.0345283472088,-0.0036926832981407642,660.767,0.020535828266060596,0.010744924404817146,661.0345283472088,0.001408380585704506
661.5000456206927,-0.0021820401307195425,661.236,0.04232242972118394,0.009252279210743855,661.5000456206927,0.0014114932854437385
661.9655628941767,-0.0003356984816491604,661.695,0.0009279778567794494,0.008139533325359227,661.9655628941767,0.001459106874294627
662.4310801676606,0.0005035477224737406,662.16,0.009965257941975336,0.007539382506873127,662.4310801676606,0.001515581577591505
662.8965974411446,-0.0001678492408245802,662.625,0.009965257941975336,0.0075701520620127544,662.8965974411446,0.001563246562008154
663.3621147146285,-0.0005035477224737406,663.092,0.001250643331448753,0.008322155598554402,663.3621147146285,0.001629972193694785
663.8276319881126,0.0001678492408245802,663.558,0.012143879130203539,0.009842032122262359,663.8276319881126,0.0016922898835354785
664.2931492615965,-0.0001678492408245802,664.022,0.012143879130203539,0.012117815694643628,664.2931492615965,0.0017533575599474095
664.7586665350804,-0.000839246204122901,664.488,0.020858493740730122,0.015067541137395963,664.7586665350804,0.0018268534115760632
665.2241838085644,-0.0003356984816491604,664.96,0.003106728902621425,0.018534035691491094,665.2241838085644,0.0019060956237366617
665.6897010820483,-0.0001678492408245802,665.418,0.00746397127907783,0.022288419160110595,665.6897010820483,0.001954169740224533
666.1552183555323,-0.0015106431674212217,665.882,0.011821343513148008,0.026044555203331394,666.1552183555323,0.002011715585923986
666.6207356290162,-0.0021820401307195425,666.345,0.0009279778567794494,0.02948571436203462,666.6207356290162,0.0020888422324673423
667.0862529025002,-0.0018463416490703821,666.815,0.001250643331448753,0.032302527163431204,667.0862529025002,0.002156429303486852
667.5517701759841,-0.0018463416490703821,667.277,0.06193028013046531,0.034237830277353394,667.5517701759841,0.00222575159028446
668.0172874494681,-0.0015106431674212217,667.743,0.19264910971552207,0.03512980259220234,668.0172874494681,0.0022670616538835366
668.482804722952,0.0001678492408245802,668.206,0.003106728902621425,0.034941792244444075,668.482804722952,0.0023102138422956674
668.948321996436,0.0011749446857720613,668.672,0.024893200500130774,0.03376859752174897,668.948321996436,0.0023655248773941503
669.4138392699199,0.0001678492408245802,669.137,0.018357207077832394,0.03181592406078181,669.4138392699199,0.0024065347730272643
669.8793565434039,-0.001678492408245802,669.602,0.0077865068961333606,0.02935883986801335,669.8793565434039,0.002456325601030702
670.3448738168878,-0.0018463416490703821,670.066,0.009965257941975336,0.026690944517672635,670.3448738168878,0.002491815289568772
670.8103910903718,-0.000839246204122901,670.532,0.005607885707905158,0.024076640716884888,670.8103910903718,0.0025126090975893262
671.2759083638557,-0.0001678492408245802,670.997,0.003106728902621425,0.021716074717467844,671.2759083638557,0.0025465486049265993
671.7414256373396,0.0005035477224737406,671.462,0.005607885707905158,0.01972817915100329,671.7414256373396,0.0025884877863018223
672.2069429108236,0.0001678492408245802,671.93,0.01399996470137621,0.01815282091213729,672.2069429108236,0.0026122154246638473
672.6724601843075,-0.0018463416490703821,672.392,0.05789544351345066,0.016968773575943934,672.6724601843075,0.002631202058417185
673.1379774577915,-0.003524834057316184,672.855,0.03393035072771289,0.016120759203044902,673.1379774577915,0.0026512577824231243
673.6034947312754,-0.00553902518004179,673.325,0.025215736117186305,0.015547203014323666,673.6034947312754,0.002659800225644483
674.0690120047594,-0.00553902518004179,673.789,0.003106728902621425,0.015201409226230169,674.0690120047594,0.0026588462681445724
674.5345292782433,-0.0028534370940178633,674.251,0.03578643629888556,0.015062055965998767,674.5345292782433,0.0026710462337333003
675.0000465517273,-0.0001678492408245802,674.717,0.005607885707905158,0.015132476399511376,675.0000465517273,0.002694163256448502
675.4655638252112,-0.0015106431674212217,675.181,0.024893200500130774,0.01543074460382592,675.4655638252112,0.002682008521303032
675.9310810986952,-0.0036926832981407642,675.646,0.003106728902621425,0.015974025643098556,675.9310810986952,0.0026426125415765053
676.3965983721791,-0.004867628216743469,676.11,0.005607885707905158,0.016761475662365855,676.3965983721791,0.0026241069983720996
676.8621156456632,-0.0041962312534451485,676.576,0.001250643331448753,0.01776028510373713,676.8621156456632,0.002601543023628344
677.327632919147,-0.004867628216743469,677.041,0.0077865068961333606,0.018898916504366255,677.327632919147,0.0025690694036243546
677.7931501926311,-0.004531929735094309,677.507,0.022714579311902794,0.0200699679798891,677.7931501926311,0.0025809506973724448
678.258667466115,-0.0036926832981407642,677.974,0.00746397127907783,0.021142629066509776,678.258667466115,0.0025658991379864677
678.7241847395989,-0.0041962312534451485,678.44,0.07314605154627563,0.0219820738708795,678.7241847395989,0.0025736849931246066
679.1897020130829,-0.0041962312534451485,678.904,0.003106728902621425,0.022471226444414145,679.1897020130829,0.002580786219153464
679.6552192865668,-0.0041962312534451485,679.366,0.04232242972118394,0.02252987359909484,679.6552192865668,0.002556949615123346
680.1207365600508,-0.00553902518004179,679.837,0.003106728902621425,0.02212727243919495,680.1207365600508,0.00256000063328781
680.5862538335347,-0.004867628216743469,680.299,0.040143678675341965,0.021286473664527027,680.5862538335347,0.0026060825413446874
681.0517711070187,-0.003524834057316184,680.763,0.02925044287658718,0.020080412915879725,681.0517711070187,0.0026163293600558394
681.5172883805026,-0.0028534370940178633,681.225,0.0077865068961333606,0.018620949251922286,681.5172883805026,0.002582287055002044
681.9828056539866,-0.0021820401307195425,681.691,0.00746397127907783,0.017042858036837694,681.9828056539866,0.002558020758726565
682.4483229274705,-0.0028534370940178633,682.155,0.001250643331448753,0.01548559190258483,682.4483229274705,0.0025311886455208687
682.9138402009545,-0.003524834057316184,682.621,0.03360781511065736,0.014075951076149278,682.9138402009545,0.0024793233705002666
683.3793574744384,-0.0041962312534451485,683.086,0.003106728902621425,0.012914180631635554,683.3793574744384,0.002427018123590699
683.8448747479224,-0.0038605325389653444,683.551,0.005285350090849628,0.01206481508951795,683.8448747479224,0.0024069665100590366
684.3103920214063,-0.0021820401307195425,684.019,0.016178585889604413,0.01155263784811529,684.3103920214063,0.0024478694973245354
684.7759092948902,-0.0011749446857720613,684.484,0.00746397127907783,0.011363651986214765,684.7759092948902,0.0024849916022501263
685.2414265683742,-0.0028534370940178633,684.945,0.001250643331448753,0.011450596846791259,685.2414265683742,0.002487000260355318
685.7069438418581,-0.004531929735094309,685.415,0.03142919392242938,0.011742043724720702,685.7069438418581,0.00249314958784739
686.1724611153421,-0.005035477224737406,685.877,0.01399996470137621,0.012153582687389017,686.1724611153421,0.0024960772495015034
686.637978388826,-0.003524834057316184,686.34,0.005607885707905158,0.012599343768726356,686.637978388826,0.0024938239347720406
687.10349566231,-0.0031891355756670237,686.811,0.012143879130203539,0.013002321183292122,687.10349566231,0.0024669424790118273
687.5690129357939,-0.0028534370940178633,687.273,0.018357207077832394,0.013302588982536018,687.5690129357939,0.002433360705005869
688.0345302092779,-0.000839246204122901,687.739,0.003106728902621425,0.013463018866830118,688.0345302092779,0.0023842771208570776
688.5000474827618,0.0005035477224737406,688.202,0.027071821688358977,0.013472212514741993,688.5000474827618,0.0023209458486689533
688.9655647562458,-0.0015106431674212217,688.668,0.029573108351256705,0.013344229251461368,688.9655647562458,0.002244596345757202
689.4310820297297,-0.0015106431674212217,689.133,0.001250643331448753,0.013114751733849139,689.4310820297297,0.002160483602372824
689.8965993032137,0.0011749446857720613,689.599,0.003106728902621425,0.012833910620885236,689.8965993032137,0.002074726104818391
690.3621165766976,0.0011749446857720613,690.064,0.016178585889604413,0.012556969196810722,690.3621165766976,0.0019900890963962087
690.8276338501817,0.0005035477224737406,690.529,0.003106728902621425,0.012334782993260256,690.8276338501817,0.0019214843346482744
691.2931511236656,0.0005035477224737406,690.993,0.025215736117186305,0.012205829358849592,691.2931511236656,0.0018847281823855342
691.7586683971494,0.0011749446857720613,691.459,0.003106728902621425,0.012190865521831316,691.7586683971494,0.0018413683414680347
692.2241856706335,0.0003356984816491604,691.922,0.011821343513148008,0.01229058365614615,692.2241856706335,0.001797132669032161
692.6897029441174,0.000839246204122901,692.392,0.0009279778567794494,0.01248630355051577,692.6897029441174,0.0017833619629725418
693.1552202176014,0.0005035477224737406,692.855,0.027071821688358977,0.012743553427155822,693.1552202176014,0.001778974580553552
693.6207374910853,-0.000839246204122901,693.318,0.012143879130203539,0.013018015268994444,693.6207374910853,0.0017494347915983
694.0862547645693,-0.0018463416490703821,693.781,0.005285350090849628,0.013262813709281717,694.0862547645693,0.001732358128867614
694.5517720380532,-0.002517738612368703,694.251,0.018357207077832394,0.013435857770101018,694.5517720380532,0.0016994424812997561
695.0172893115372,-0.002517738612368703,694.71,0.02925044287658718,0.013506008991310749,695.0172893115372,0.0016862782778203221
695.4828065850211,-0.0015106431674212217,695.181,0.00746397127907783,0.013457060474084888,695.4828065850211,0.001652645102798652
695.9483238585051,-0.0003356984816491604,695.647,0.012143879130203539,0.01328887146726949,695.9483238585051,0.0015836414849299085
696.413841131989,0.0001678492408245802,696.112,0.016501121506659944,0.013015671571183577,696.413841131989,0.0014984164771234692
696.879358405473,-0.0001678492408245802,696.57,0.005285350090849628,0.012662345161813407,696.879358405473,0.001438537134541888
697.3448756789569,-0.0001678492408245802,697.037,0.003106728902621425,0.0122599961694275,697.3448756789569,0.0014016802447263952
697.8103929524408,0.000839246204122901,697.502,0.020535828266060596,0.011842074346423233,697.8103929524408,0.0013940588639429349
698.2759102259248,0.0015106431674212217,697.967,0.009965257941975336,0.011441895879321068,698.2759102259248,0.001399223392409075
698.7414274994087,0.0011749446857720613,698.433,0.01399996470137621,0.011091742317819505,698.7414274994087,0.001427640636140799
699.2069447728927,0.0005035477224737406,698.896,0.005607885707905158,0.01082322515684889,699.2069447728927,0.0014442937746090637
699.6724620463766,-0.0001678492408245802,699.366,0.003106728902621425,0.010668471990245587,699.6724620463766,0.0014249637960908655
700.1379793198606,0.0018463416490703821,699.826,0.020858493740730122,0.010661727508923198,700.1379793198606,0.0013709788428597945
700.6034965933445,0.0030212863348424435,700.297,0.0034292645196769556,0.01084081991770351,700.6034965933445,0.0013513034662289718
701.0690138668285,0.0028534370940178633,700.755,0.020858493740730122,0.01124758073693415,701.0690138668285,0.0013831027372463985
701.5345311403124,0.0031891355756670237,701.22,0.03360781511065736,0.011926031151626862,701.5345311403124,0.0014437016607864105
702.0000484137964,0.002517738612368703,701.686,0.003106728902621425,0.012917327792333184,702.0000484137964,0.0015089305680683785
702.4655656872803,-0.0001678492408245802,702.151,0.003106728902621425,0.014251299247397282,702.4655656872803,0.001594330332083309
702.9310829607643,-0.0011749446857720613,702.617,0.024893200500130774,0.015935711901621456,702.9310829607643,0.0016739631762020888
703.3966002342482,-0.0003356984816491604,703.081,0.014322500318431741,0.017945507797075246,703.3966002342482,0.001764975661463642
703.8621175077323,-0.0001678492408245802,703.547,0.009965257941975336,0.020214584747522628,703.8621175077323,0.0018591789735125674
704.3276347812161,-0.0015106431674212217,704.014,0.024893200500130774,0.022632363770577306,704.3276347812161,0.0019501523993139857
704.7931520547,-0.0011749446857720613,704.48,0.00746397127907783,0.025046823591686616,704.7931520547,0.0020269809375931427
705.258669328184,0.0005035477224737406,704.94,0.029573108351256705,0.027274929100735396,705.258669328184,0.002128731616860403
705.724186601668,0.0018463416490703821,705.41,0.0077865068961333606,0.029120268581150757,705.724186601668,0.0022092896360816046
706.189703875152,0.0023498893715441227,705.874,0.07718075830567628,0.030396246848089555,706.189703875152,0.0022727709896888664
706.6552211486359,0.0011749446857720613,706.336,0.00746397127907783,0.03095168612198669,706.6552211486359,0.002345269709097735
707.1207384221199,-0.0015106431674212217,706.804,0.022714579311902794,0.030694780229802775,707.1207384221199,0.002406234588280818
707.5862556956038,-0.0028534370940178633,707.266,0.06628752250692171,0.029611431792273664,707.5862556956038,0.0024610686453893724
708.0517729690878,-0.0031891355756670237,707.732,0.040143678675341965,0.027774758181874564,708.0517729690878,0.002527712038866282
708.5172902425717,-0.0015106431674212217,708.195,0.014322500318431741,0.02534357614159921,708.5172902425717,0.002606869960573071
708.9828075160557,-0.0001678492408245802,708.661,0.02925044287658718,0.02254922633186443,708.9828075160557,0.0026822326083219836
709.4483247895396,-0.0003356984816491604,709.125,0.003106728902621425,0.019672286536827354,709.4483247895396,0.0027516576926421856
709.9138420630236,-0.0028534370940178633,709.591,0.011821343513148008,0.017012666246399525,709.9138420630236,0.002803134394644916
710.3793593365075,-0.0028534370940178633,710.059,0.027394357305414507,0.014857302150364567,710.3793593365075,0.0028635832317094006
710.8448766099914,-0.0028534370940178633,710.524,0.00746397127907783,0.013449189953917869,710.8448766099914,0.0029588001238242496
711.3103938834754,-0.0018463416490703821,710.989,0.001250643331448753,0.012960552485028224,711.3103938834754,0.0030345698480807037
711.7759111569593,-0.001678492408245802,711.456,0.023037114928958324,0.013472231296314446,711.7759111569593,0.0031095829852235794
712.2414284304433,-0.0021820401307195425,711.918,0.020858493740730122,0.014960983123652778,712.2414284304433,0.003148029120428427
712.7069457039272,-0.0028534370940178633,712.381,0.012143879130203539,0.01729603595455372,712.7069457039272,0.00318173425102459
713.1724629774112,-0.0041962312534451485,712.849,0.005607885707905158,0.020246047233171978,713.1724629774112,0.003212756375934977
713.6379802508951,-0.004867628216743469,713.312,0.003106728902621425,0.023497596763706313,713.6379802508951,0.0032359741411965804
714.1034975243791,-0.00553902518004179,713.782,0.0034292645196769556,0.026686053949290828,714.1034975243791,0.0032841140471639497
714.569014797863,-0.006546120624989271,714.244,0.005285350090849628,0.029438228170685837,714.569014797863,0.0033289397729507056
715.034532071347,-0.006210422143340111,714.709,0.011821343513148008,0.0314231901361906,715.034532071347,0.0033633007488726454
715.5000493448309,-0.005035477224737406,715.174,0.2209715747353298,0.032403465014508394,715.5000493448309,0.0033649783991456486
715.9655666183149,-0.0041962312534451485,715.639,0.00746397127907783,0.032275245611912175,715.9655666183149,0.0033471369266702177
716.4310838917988,-0.00553902518004179,716.103,0.001250643331448753,0.03108653554291874,716.4310838917988,0.003328542978967168
716.8966011652828,-0.00553902518004179,716.569,0.009965257941975336,0.02902805243028272,716.8966011652828,0.0033549042803663384
717.3621184387667,-0.003524834057316184,717.034,0.029573108351256705,0.026400371113539947,717.3621184387667,0.0033520115690070964
717.8276357122506,-0.002517738612368703,717.499,0.027394357305414507,0.023566539346378444,717.8276357122506,0.0033532389672826755
718.2931529857347,-0.0028534370940178633,717.96,0.003106728902621425,0.020900039147856892,718.2931529857347,0.0033513865628773524
718.7586702592185,-0.0028534370940178633,718.425,0.012143879130203539,0.018735937708376338,718.7586702592185,0.0033374493255390273
719.2241875327026,-0.0028534370940178633,718.893,0.0009279778567794494,0.01733107311413134,719.2241875327026,0.0033387219542692715
719.6897048061865,-0.0028534370940178633,719.355,0.016501121506659944,0.016837492685444683,719.6897048061865,0.0033423815327022527
720.1552220796705,-0.004531929735094309,719.826,0.009965257941975336,0.017291441919739654,720.1552220796705,0.0033423445255603527
720.6207393531544,-0.006210422143340111,720.288,0.003106728902621425,0.018617907337243837,720.6207393531544,0.003330979272502066
721.0862566266384,-0.0068818191066384315,720.754,0.001250643331448753,0.020648419133185787,721.0862566266384,0.003319959417767443
721.5517739001223,-0.00553902518004179,721.22,0.1385054663388039,0.023147717366895495,721.5517739001223,0.0033095172829132177
722.0172911736063,-0.003524834057316184,721.686,0.003106728902621425,0.02584334701549879,722.0172911736063,0.003258556623713536
722.4828084470902,-0.0030212863348424435,722.152,0.001250643331448753,0.02845253215167474,722.4828084470902,0.0032176536374747154
722.9483257205742,-0.0038605325389653444,722.61,0.003106728902621425,0.030703737974329227,722.9483257205742,0.0032201947822478654
723.4138429940581,-0.004531929735094309,723.078,0.027071821688358977,0.032354470502793824,723.4138429940581,0.0032119154990206712
723.8793602675421,-0.00587472366169095,723.543,0.020858493740730122,0.03320866634446434,723.8793602675421,0.0032141215248941654
724.344877541026,-0.006210422143340111,724.011,0.00746397127907783,0.033135131795706214,724.344877541026,0.003197256623588849
724.8103948145099,-0.006210422143340111,724.477,0.16214802350748592,0.03208467153407922,724.8103948145099,0.0031658109745728927
725.2759120879939,-0.00520332669839263,724.937,0.01399996470137621,0.03010048682967625,725.2759120879939,0.0031583293968340557
725.7414293614778,-0.0038605325389653444,725.4,0.003106728902621425,0.02731630366799899,725.7414293614778,0.0031692094457520252
726.2069466349618,-0.0031891355756670237,725.87,0.00746397127907783,0.023940346767247756,726.2069466349618,0.0031709199888825344
726.6724639084457,-0.0023498893715441227,726.332,0.005607885707905158,0.02022867877786254,726.6724639084457,0.00318011416436303
727.1379811819297,-0.001678492408245802,726.796,0.001250643331448753,0.016454733641994294,727.1379811819297,0.0031686049939386516
727.6034984554136,-0.0018463416490703821,727.266,0.040143678675341965,0.012881287629789786,727.6034984554136,0.003129743558012299
728.0690157288976,-0.0001678492408245802,727.732,0.003106728902621425,0.009738199228161324,728.0690157288976,0.003095401084658872
728.5345330023815,0.0003356984816491604,728.195,0.003106728902621425,0.0072065421768365825,728.5345330023815,0.0030447282561188844
729.0000502758655,-0.0005035477224737406,728.66,0.00746397127907783,0.005408539504844393,729.0000502758655,0.0029819911540756926
729.4655675493494,-0.0015106431674212217,729.126,0.003106728902621425,0.0044027264934265445,729.4655675493494,0.0029250888181125844
729.9310848228334,-0.0011749446857720613,729.591,0.003106728902621425,0.004184083282609289,729.9310848228334,0.0028767063097613482
730.3966020963173,-0.0021820401307195425,730.052,0.003106728902621425,0.0046889143734708105,730.3966020963173,0.0028030130872872105
730.8621193698012,-0.0021820401307195425,730.517,0.001250643331448753,0.0058040679893894285,730.8621193698012,0.0027135877890336717
731.3276366432852,-0.000839246204122901,730.982,0.003106728902621425,0.007379832498741285,731.3276366432852,0.002639070133230654
731.7931539167691,-0.000839246204122901,731.448,0.01399996470137621,0.009245479990038497,731.7931539167691,0.0025862241722821293
732.2586711902532,-0.0018463416490703821,731.911,0.016501121506659944,0.011225912351438596,732.2586711902532,0.0025068729943393637
732.724188463737,-0.001678492408245802,732.38,0.03142919392242938,0.01315738453986657,732.724188463737,0.002443566395315019
733.1897057372211,-0.0015106431674212217,732.841,0.001250643331448753,0.014900219246823275,733.1897057372211,0.002387996309627194
733.655223010705,-0.0015106431674212217,733.311,0.024893200500130774,0.016347071291392942,733.655223010705,0.0023265421150338405
734.120740284189,0.0001678492408245802,733.774,0.018357207077832394,0.017426462037667675,734.120740284189,0.0022422299462926424
734.5862575576729,-0.0001678492408245802,734.237,0.003106728902621425,0.018102415247316924,734.5862575576729,0.002133018252024531
735.0517748311569,-0.0010070954449474812,734.702,0.014322500318431741,0.018371641725215822,735.0517748311569,0.0020402746609287058
735.5172921046408,-0.0001678492408245802,735.17,0.0077865068961333606,0.0182597023136383,735.5172921046408,0.0019455285781592073
735.9828093781248,0.0021820401307195425,735.635,0.06193028013046531,0.017816913985517043,735.9828093781248,0.0018761281637630454
736.4483266516087,0.000839246204122901,736.1,0.001250643331448753,0.01711375440201113,736.4483266516087,0.0018240716842429186
736.9138439250927,-0.0031891355756670237,736.566,0.003106728902621425,0.016234998305166545,736.9138439250927,0.0017299732266235028
737.3793611985766,-0.003356984816491604,737.029,0.022714579311902794,0.015272371484241147,737.3793611985766,0.0016496208036652427
737.8448784720605,-0.0015106431674212217,737.495,0.003106728902621425,0.014316546054672911,737.8448784720605,0.0015989459175196263
738.3103957455445,-0.0015106431674212217,737.96,0.027071821688358977,0.01344970803194347,738.3103957455445,0.0015351212233911085
738.7759130190284,-0.0005035477224737406,738.426,0.009642592467306033,0.012739486936744406,738.7759130190284,0.0014980525714116085
739.2414302925124,0.0005035477224737406,738.889,0.005285350090849628,0.012234456262133944,739.2414302925124,0.0014918559594326516
739.7069475659963,-0.0006713969632983208,739.351,0.014322500318431741,0.011961222533611019,739.7069475659963,0.0014892654716600906
740.1724648394803,-0.0028534370940178633,739.819,0.025215736117186305,0.011923196455522386,740.1724648394803,0.0014912761845019148
740.6379821129642,-0.003524834057316184,740.281,0.0034292645196769556,0.012101191686944181,740.6379821129642,0.001480307726123025
741.1034993864482,-0.003524834057316184,740.746,0.003106728902621425,0.012456060372378217,741.1034993864482,0.0014688170615724922
741.5690166599321,-0.000839246204122901,741.216,0.003106728902621425,0.012933774186967754,741.5690166599321,0.001473481997194968
742.0345339334161,0.0018463416490703821,741.675,0.009965257941975336,0.013473386497742271,742.0345339334161,0.001490359234360648
742.5000512069,0.0018463416490703821,742.14,0.00746397127907783,0.014017637875120356,742.5000512069,0.0014711505571712738
742.965568480384,-0.0015106431674212217,742.606,0.05757290789639513,0.014524584523596505,742.965568480384,0.0014334342812195176
743.4310857538679,-0.002517738612368703,743.071,0.011821343513148008,0.014977275459157639,743.4310857538679,0.0014005659187574025
743.8966030273518,-0.0023498893715441227,743.536,0.020858493740730122,0.015388215598927996,743.8966030273518,0.0013770685443407777
744.3621203008358,-0.0028534370940178633,744.004,0.003106728902621425,0.015796661938236874,744.3621203008358,0.001357621377537581
744.8276375743197,-0.0031891355756670237,744.469,0.022714579311902794,0.01625908986353017,744.8276375743197,0.0013328616540172024
745.2931548478037,-0.0030212863348424435,744.937,0.003106728902621425,0.01683508077686505,745.2931548478037,0.001341399986362168
745.7586721212876,-0.001678492408245802,745.4,0.03578643629888556,0.017571600112964485,745.7586721212876,0.0013734377472215686
746.2241893947717,0.0011749446857720613,745.863,0.011821343513148008,0.0184884232768125,746.2241893947717,0.001403277705294944
746.6897066682556,0.0038605325389653444,746.325,0.014322500318431741,0.019567070835048023,746.6897066682556,0.001397155109028581
747.1552239417396,0.0030212863348424435,746.793,0.003106728902621425,0.020745476962227873,747.1552239417396,0.001354687546500251
747.6207412152235,-0.0003356984816491604,747.255,0.016178585889604413,0.021920540721684263,747.6207412152235,0.0013101948804019135
748.0862584887075,-0.0015106431674212217,747.721,0.003106728902621425,0.022960078532994053,748.0862584887075,0.0012961795164118603
748.5517757621914,-0.0001678492408245802,748.187,0.005285350090849628,0.0237240731669564,748.5517757621914,0.0012965023021376284
749.0172930356754,0.0005035477224737406,748.653,0.012143879130203539,0.02409255243918947,749.0172930356754,0.0013264265551536764
749.4828103091593,0.000839246204122901,749.118,0.16464931017038364,0.02399434572031566,749.4828103091593,0.0013680655715403037
749.9483275826433,0.0005035477224737406,749.584,0.005285350090849628,0.023428508038145023,749.9483275826433,0.0014349721274269235
750.4138448561272,-0.0001678492408245802,750.049,0.0077865068961333606,0.022470592480376275,750.4138448561272,0.001506220835169495
750.8793621296111,0.0005035477224737406,750.515,0.005607885707905158,0.021260593929549505,750.8793621296111,0.0015653764831727408
751.3448794030951,-0.0001678492408245802,750.982,0.003106728902621425,0.01997616088559351,751.3448794030951,0.0016112096206489178
751.810396676579,-0.000839246204122901,751.44,0.005607885707905158,0.01879926448153033,751.810396676579,0.0016386359006086565
752.275913950063,0.0001678492408245802,751.908,0.023037114928958324,0.017884837622727252,752.275913950063,0.001663183860379379
752.7414312235469,0.0005035477224737406,752.37,0.00746397127907783,0.017337359047983135,752.7414312235469,0.0016754619524287594
753.2069484970309,0.0005035477224737406,752.84,0.00746397127907783,0.017198270543087372,753.2069484970309,0.0016454122903901967
753.6724657705148,-0.000839246204122901,753.303,0.03360781511065736,0.017444678917020267,753.6724657705148,0.0016355663799983108
754.1379830439988,-0.0015106431674212217,753.767,0.005285350090849628,0.01799813266965621,754.1379830439988,0.0016443555367594129
754.6035003174827,-0.0003356984816491604,754.236,0.024893200500130774,0.018741177114991393,754.6035003174827,0.0016511422050409506
755.0690175909667,0.0011749446857720613,754.702,0.020858493740730122,0.01953879251431321,755.0690175909667,0.0016343636548694007
755.5345348644506,0.003524834057316184,755.162,0.003106728902621425,0.020261615987491276,755.5345348644506,0.001659929306295411
756.0000521379346,0.0030212863348424435,755.628,0.05539428670816693,0.020807796783833377,756.0000521379346,0.0016399270374971063
756.4655694114185,-0.0001678492408245802,756.093,0.003106728902621425,0.021120271701818256,756.4655694114185,0.001590426095691374
756.9310866849024,-0.0021820401307195425,756.558,0.05539428670816693,0.021196343619324685,756.9310866849024,0.0015620396916861332
757.3966039583864,-0.0023498893715441227,757.023,0.024893200500130774,0.021087100948546326,757.3966039583864,0.0015901834958342769
757.8621212318703,-0.0021820401307195425,757.489,0.03393035072771289,0.020885708258782817,757.8621212318703,0.0016100932483249788
758.3276385053543,-0.000839246204122901,757.952,0.00746397127907783,0.020705872031511256,758.3276385053543,0.0016220094944868917
758.7931557788382,0.000839246204122901,758.422,0.003106728902621425,0.020654399033623757,758.7931557788382,0.0016376058785600675
759.2586730523223,0.002517738612368703,758.885,0.005285350090849628,0.020803858046551802,759.2586730523223,0.0015873462939630018
759.7241903258061,0.0038605325389653444,759.348,0.003106728902621425,0.02117194165634175,759.7241903258061,0.0015181884848852953
760.1897075992902,0.0041962312534451485,759.811,0.022714579311902794,0.02171276060002442,760.1897075992902,0.0014757332600881636
760.655224872774,0.002517738612368703,760.281,0.01399996470137621,0.02232245234949858,760.655224872774,0.001428500024076601
761.1207421462581,-0.0001678492408245802,760.746,0.016501121506659944,0.022858172282984472,761.1207421462581,0.0013987875344052398
761.586259419742,-0.0028534370940178633,761.209,0.009965257941975336,0.02316664228823354,761.586259419742,0.0013501521458061099
762.051776693226,-0.0023498893715441227,761.675,0.09678860871495765,0.0231162746631014,762.051776693226,0.001366813509617682
762.5172939667099,0.000839246204122901,762.14,0.04232242972118394,0.022625627111825492,762.5172939667099,0.0014216393429143906
762.9828112401939,0.0031891355756670237,762.606,0.001250643331448753,0.02168135306645617,762.9828112401939,0.001441822536947917
763.4483285136778,0.0021820401307195425,763.071,0.016178585889604413,0.020341732028311743,763.4483285136778,0.0014349618538578336
763.9138457871617,-0.000839246204122901,763.536,0.003106728902621425,0.018726418099030223,763.9138457871617,0.0014337426816670527
764.3793630606457,-0.0018463416490703821,764.0,0.01399996470137621,0.01699665045988588,764.3793630606457,0.0014453279222982477
764.8448803341296,-0.0015106431674212217,764.466,0.020858493740730122,0.015331083720341756,764.8448803341296,0.00145286912303088
765.3103976076136,-0.0015106431674212217,764.926,0.027071821688358977,0.013901213671118273,765.3103976076136,0.0015067759497898923
765.7759148810975,-0.000839246204122901,765.395,0.005285350090849628,0.01284882633425828,765.7759148810975,0.0015727573296130046
766.2414321545815,0.0011749446857720613,765.856,0.003106728902621425,0.012267178306869249,766.2414321545815,0.0016259630797017843
766.7069494280654,0.0005035477224737406,766.325,0.005607885707905158,0.012187786486603822,766.7069494280654,0.0016328032036501095
767.1724667015494,-0.0011749446857720613,766.789,0.0009279778567794494,0.012574973332901043,767.1724667015494,0.0016448284157367845
767.6379839750333,-0.0015106431674212217,767.251,0.011821343513148008,0.013329855539503985,767.6379839750333,0.00165839558500137
768.1035012485173,-0.0015106431674212217,767.717,0.0034292645196769556,0.014304121963594672,768.1035012485173,0.0016820122034948237
768.5690185220012,-0.000839246204122901,768.18,0.03578643629888556,0.015322151701077967,768.5690185220012,0.0017470930799505001
769.0345357954852,0.0005035477224737406,768.646,0.020535828266060596,0.01620835238296945,769.0345357954852,0.0017991989002027905
769.5000530689691,0.000839246204122901,769.11,0.00746397127907783,0.016815587946332134,769.5000530689691,0.0018309262135809612
769.9655703424531,0.0001678492408245802,769.576,0.016501121506659944,0.017050524231070178,769.9655703424531,0.0018655606302757175
770.431087615937,-0.0003356984816491604,770.041,0.003106728902621425,0.016892350369709448,770.431087615937,0.001914547584856339
770.8966048894209,-0.0015106431674212217,770.507,0.08589537291620286,0.01640186284669391,770.8966048894209,0.001972582744434601
771.3621221629049,-0.0031891355756670237,770.975,0.024893200500130774,0.01571811481247543,771.3621221629049,0.0020117073404264147
771.8276394363888,-0.0041962312534451485,771.44,0.001250643331448753,0.015040757667378335,771.8276394363888,0.0020924565579328864
772.2931567098728,-0.0041962312534451485,771.9,0.0009279778567794494,0.014598961668788239,772.2931567098728,0.0021123436922331484
772.7586739833567,-0.0031891355756670237,772.37,0.001250643331448753,0.014611725405918399,772.7586739833567,0.0020793951481345575
773.2241912568408,-0.0031891355756670237,772.833,0.003106728902621425,0.015247180944363833,773.2241912568408,0.00206189084793792
773.6897085303247,-0.0028534370940178633,773.296,0.016178585889604413,0.016588644476027883,773.6897085303247,0.00203370798013452
774.1552258038087,-0.0028534370940178633,773.763,0.016178585889604413,0.01861318296506689,774.1552258038087,0.0020036953233042803
774.6207430772926,-0.0015106431674212217,774.225,0.020858493740730122,0.02118587065534419,774.6207430772926,0.0019730329887119773
775.0862603507766,-0.0005035477224737406,774.691,0.0009279778567794494,0.02407075895876056,775.0862603507766,0.0019599736381277393
775.5517776242605,0.0001678492408245802,775.156,0.003106728902621425,0.026958057348012827,775.5517776242605,0.001989135135901821
776.0172948977445,0.0005035477224737406,775.622,0.001250643331448753,0.029505517578065174,776.0172948977445,0.002047528030867606
776.4828121712284,0.0010070954449474812,776.089,0.04046634415001127,0.031389605886441733,776.4828121712284,0.002096159308467712
776.9483294447123,0.0005035477224737406,776.554,0.17957725272853908,0.032358499023170666,776.9483294447123,0.002122438373893038
777.4138467181963,-0.0015106431674212217,777.019,0.012143879130203539,0.03227584467347271,777.4138467181963,0.002110131498259786
777.8793639916802,-0.0028534370940178633,777.485,0.022714579311902794,0.031144710294166517,777.8793639916802,0.002129572497439379
778.3448812651642,-0.0015106431674212217,777.948,0.0009279778567794494,0.02910680143246396,778.3448812651642,0.0021735902388984062
778.8103985386481,0.0001678492408245802,778.411,0.001250643331448753,0.026420044215027385,778.8103985386481,0.002204071651674896
779.2759158121321,0.0011749446857720613,778.881,0.003106728902621425,0.023422864972533812,779.2759158121321,0.002254639627262649
779.741433085616,0.002517738612368703,779.344,0.07314605154627563,0.020493555072181847,779.741433085616,0.0022663400007121286
780.2069503591,0.0005035477224737406,779.811,0.003106728902621425,0.018009790436601288,780.2069503591,0.00228466051045432
780.6724676325839,-0.0038605325389653444,780.274,0.03142919392242938,0.016310092037262854,780.6724676325839,0.0023375845963890716
781.1379849060679,-0.004867628216743469,780.739,0.0077865068961333606,0.015657973271213602,781.1379849060679,0.002392850401275298
781.6035021795518,-0.003524834057316184,781.202,0.0077865068961333606,0.01621062199561869,781.6035021795518,0.0024144604194773754
782.0690194530358,-0.0005035477224737406,781.668,0.005607885707905158,0.017995581928104958,782.0690194530358,0.002458056691804175
782.5345367265197,0.000839246204122901,782.133,0.0077865068961333606,0.020899603642382015,782.5345367265197,0.0024859578953195078
783.0000540000037,0.0011749446857720613,782.599,0.022714579311902794,0.024673203466915948,783.0000540000037,0.002492769235644035
783.4655712734876,-0.000839246204122901,783.063,0.001250643331448753,0.02895272986151765,783.4655712734876,0.00247173899603166
783.9310885469715,-0.0041962312534451485,783.529,0.009965257941975336,0.03329930438130374,783.9310885469715,0.0024551125861796315
784.3966058204555,-0.0057068741880357265,783.993,0.09275390195555677,0.037251156741090134,784.3966058204555,0.0024939843010252085
784.8621230939394,-0.004867628216743469,784.459,0.012143879130203539,0.040382859084298325,784.8621230939394,0.0025399284596190827
785.3276403674234,-0.004531929735094309,784.922,0.014322500318431741,0.04236249030148186,785.3276403674234,0.0025990286006582794
785.7931576409073,-0.00553902518004179,785.392,0.22129424020999933,0.04299669980608279,785.7931576409073,0.0026303323893975793
786.2586749143913,-0.00587472366169095,785.855,0.018357207077832394,0.04225443232183661,786.2586749143913,0.002597548323469489
786.7241921878752,-0.0038605325389653444,786.318,0.0034292645196769556,0.04026344769609199,786.7241921878752,0.00260575359263533
787.1897094613593,-0.0015106431674212217,786.781,0.0034292645196769556,0.03728040258594298,787.1897094613593,0.0026271107289468293
787.6552267348432,-0.0021820401307195425,787.251,0.01399996470137621,0.03364296745736978,787.6552267348432,0.0026264528277322578
788.1207440083272,-0.0041962312534451485,787.717,0.025215736117186305,0.029716544122769795,788.1207440083272,0.002649483501435493
788.5862612818111,-0.0028534370940178633,788.18,0.020535828266060596,0.02584652191630266,788.5862612818111,0.0026576044765513006
789.0517785552951,-0.0018463416490703821,788.646,0.04046634415001127,0.02232216649007552,789.0517785552951,0.002676196369166936
789.517295828779,-0.0021820401307195425,789.111,0.00746397127907783,0.019353753963619127,789.517295828779,0.0026924938293200035
789.9828131022629,-0.0010070954449474812,789.577,0.020535828266060596,0.017062057243948398,789.9828131022629,0.0027253375184785973
790.4483303757469,-0.000839246204122901,790.041,0.0077865068961333606,0.01547853032643146,790.4483303757469,0.002723168498591991
790.9138476492308,-0.0018463416490703821,790.5,0.020858493740730122,0.014554567564316964,790.9138476492308,0.0027106128546738055
791.3793649227148,-0.002517738612368703,790.967,0.001250643331448753,0.014178211079514651,791.3793649227148,0.0027105203370030024
791.8448821961987,-0.0031891355756670237,791.433,0.005607885707905158,0.014196358858181947,791.8448821961987,0.002709889162174493
792.3103994696827,-0.0031891355756670237,791.9,0.03828759310416929,0.014439948320746483,792.3103994696827,0.002712977188099716
792.7759167431666,-0.0021820401307195425,792.362,0.024893200500130774,0.014748873645104715,792.7759167431666,0.002711464013538888
793.2414340166506,-0.0001678492408245802,792.826,0.009965257941975336,0.014992917423740568,793.2414340166506,0.002701515304834437
793.7069512901345,-0.000839246204122901,793.296,0.04232242972118394,0.015085368246052382,793.7069512901345,0.002694120077214096
794.1724685636185,-0.0028534370940178633,793.755,0.003106728902621425,0.014987465106601868,794.1724685636185,0.002687510219715125
794.6379858371024,-0.0031891355756670237,794.22,0.009965257941975336,0.014703852707170048,794.6379858371024,0.0026857359400079893
795.1035031105864,-0.0021820401307195425,794.686,0.003106728902621425,0.014271134559948159,795.1035031105864,0.00266953305237073
795.5690203840703,-0.0001678492408245802,795.151,0.025215736117186305,0.013742799407339926,795.5690203840703,0.002641366632436285
796.0345376575543,0.000839246204122901,795.617,0.001250643331448753,0.013173952695160055,796.0345376575543,0.0026216049073068347
796.5000549310382,-0.0005035477224737406,796.082,0.0077865068961333606,0.012608630958837184,796.5000549310382,0.0026196312007427903
796.9655722045221,-0.0041962312534451485,796.548,0.003106728902621425,0.012071591398302385,796.9655722045221,0.002596834903886185
797.4310894780061,-0.00553902518004179,797.015,0.024893200500130774,0.011565604715535463,797.4310894780061,0.0025881670508152666
797.89660675149,-0.00587472366169095,797.48,0.00746397127907783,0.01107432817072299,797.89660675149,0.0026138951205930856
798.362124024974,-0.00553902518004179,797.941,0.001250643331448753,0.01056991154630768,798.362124024974,0.0026247916176224185
798.8276412984579,-0.006210422143340111,798.411,0.0077865068961333606,0.010023919212633521,798.8276412984579,0.0026128054691938523
799.293158571942,-0.0068818191066384315,798.874,0.001250643331448753,0.009419880386040795,799.293158571942,0.002606645863079152
799.7586758454258,-0.00553902518004179,799.336,0.03578643629888556,0.008765358422371325,799.7586758454258,0.0025816784904927766
800.2241931189099,-0.0021820401307195425,799.804,0.027071821688358977,0.008100768135707873,800.2241931189099,0.0025545277063704548
800.6897103923937,-0.0001678492408245802,800.266,0.003106728902621425,0.007501939883043197,800.6897103923937,0.0025323975349138637
801.1552276658778,0.0001678492408245802,800.731,0.003106728902621425,0.007074437990199682,801.1552276658778,0.002505427673591255
801.6207449393617,-0.0021820401307195425,801.202,0.00746397127907783,0.006939793789736077,801.6207449393617,0.002476963141630975
802.0862622128457,-0.0041962312534451485,801.66,0.00746397127907783,0.007215996678827123,802.0862622128457,0.0024355626163497066
802.5517794863296,-0.0021820401307195425,802.126,0.005285350090849628,0.007995794807698879,802.5517794863296,0.0024164300093928153
803.0172967598135,-0.0001678492408245802,802.591,0.003106728902621425,0.00932657578274434,803.0172967598135,0.002409032724874114
803.4828140332975,0.0011749446857720613,803.059,0.003106728902621425,0.011195353649251087,803.4828140332975,0.0023402655423131946
803.9483313067814,0.0001678492408245802,803.525,0.00746397127907783,0.01352192167126367,803.9483313067814,0.002243710231230001
804.4138485802654,-0.0015106431674212217,803.99,0.003106728902621425,0.016162415208872277,804.4138485802654,0.0021618795839772665
804.8793658537493,-0.001678492408245802,804.455,0.0077865068961333606,0.018924239913721556,804.8793658537493,0.0021189103742479403
805.3448831272333,-0.0015106431674212217,804.918,0.001250643331448753,0.02159155809335436,805.3448831272333,0.0020789634005964445
805.8104004007172,-0.000839246204122901,805.381,0.03360781511065736,0.023958307504978064,805.8104004007172,0.002083770193629432
806.2759176742012,-0.0001678492408245802,805.848,0.09025261529265927,0.0258632001005408,806.2759176742012,0.002089831115196918
806.7414349476851,-0.0003356984816491604,806.31,0.025215736117186305,0.02721908764840139,806.7414349476851,0.002042906267960129
807.2069522211691,-0.0015106431674212217,806.778,0.047002207714695876,0.028028960415957493,807.2069522211691,0.0019470294185736532
807.672469494653,-0.0028534370940178633,807.241,0.03360781511065736,0.028383603576694713,807.672469494653,0.0018572957270079936
808.137986768137,-0.003524834057316184,807.707,0.03610897191594109,0.0284406735327333,808.137986768137,0.001765066120855772
808.6035040416209,-0.0031891355756670237,808.174,0.001250643331448753,0.028389655172399934,808.6035040416209,0.0016841442012785473
809.0690213151049,-0.000839246204122901,808.639,0.003106728902621425,0.028410427901096123,809.0690213151049,0.001662421110578807
809.5345385885888,0.001678492408245802,809.104,0.020858493740730122,0.028634494544473366,809.5345385885888,0.0016718188255322552
810.0000558620727,0.0011749446857720613,809.57,0.025215736117186305,0.029117061319058335,810.0000558620727,0.0016816647393549575
810.4655731355567,-0.0015106431674212217,810.036,0.018679742694887924,0.029825368662724176,810.4655731355567,0.0016931492399237422
810.9310904090406,-0.0036926832981407642,810.495,0.022714579311902794,0.03064509608889233,810.9310904090406,0.0017231290037367701
811.3966076825246,-0.003524834057316184,810.96,0.020858493740730122,0.03140347697483374,811.3966076825246,0.0017631294338364698
811.8621249560085,-0.0021820401307195425,811.426,0.025215736117186305,0.031905252026113835,811.8621249560085,0.0017791534536929852
812.3276422294925,-0.0021820401307195425,811.896,0.005607885707905158,0.03197537493995603,812.3276422294925,0.0017726361146205671
812.7931595029764,-0.0028534370940178633,812.359,0.16464931017038364,0.03150020139068005,812.7931595029764,0.0017660118664162287
813.2586767764604,-0.0030212863348424435,812.822,0.05103691447409675,0.030457366450333104,813.2586767764604,0.0017717643951592654
813.7241940499443,-0.000839246204122901,813.292,0.012143879130203539,0.0289255584663699,813.7241940499443,0.0017764231624451668
814.1897113234284,0.0018463416490703821,813.75,0.0009279778567794494,0.027070562829946607,814.1897113234284,0.0017953008312833105
814.6552285969123,-0.0001678492408245802,814.222,0.003106728902621425,0.02511178783093651,814.6552285969123,0.00183070416969718
815.1207458703963,-0.002517738612368703,814.68,0.0077865068961333606,0.02327957852799185,815.1207458703963,0.0018236954602810767
815.5862631438802,-0.002517738612368703,815.145,0.016501121506659944,0.02177487527149415,815.5862631438802,0.0018121554524402404
816.0517804173642,-0.0018463416490703821,815.611,0.0009279778567794494,0.02073995435217905,816.0517804173642,0.0018310557362633075
816.5172976908481,-0.0010070954449474812,816.077,0.0077865068961333606,0.020244721868798075,816.5172976908481,0.0018346474685608392
816.982814964332,0.0011749446857720613,816.543,0.024893200500130774,0.02028901497856549,816.982814964332,0.0018641852011681435
817.448332237816,0.001678492408245802,817.007,0.024893200500130774,0.020817945631590874,817.448332237816,0.0018934865002357927
817.9138495112999,0.0021820401307195425,817.473,0.06193028013046531,0.021744569890385063,817.9138495112999,0.0018965889178132085
818.3793667847839,0.0011749446857720613,817.941,0.05353820113699426,0.022972649004922876,818.3793667847839,0.0018921665839871115
818.8448840582678,0.0005035477224737406,818.403,0.0009279778567794494,0.02441284213312318,818.8448840582678,0.0018519585065553603
819.3104013317518,-0.0001678492408245802,818.867,0.04046634415001127,0.025988568527090423,819.3104013317518,0.001831898670229975
819.7759186052357,-0.0001678492408245802,819.337,0.00746397127907783,0.027631884697403318,819.7759186052357,0.0018557332164291656
820.2414358787197,0.000839246204122901,819.8,0.01399996470137621,0.029273088174463443,820.2414358787197,0.0018423387470507904
820.7069531522036,0.0011749446857720613,820.263,0.05757290789639513,0.030829109759459846,820.7069531522036,0.001768807942298195
821.1724704256876,-0.0015106431674212217,820.729,0.016501121506659944,0.03219528762615351,821.1724704256876,0.001715310246144537
821.6379876991715,-0.0041962312534451485,821.192,0.005285350090849628,0.03324391002286736,821.6379876991715,0.0016961509129527332
822.1035049726555,-0.003524834057316184,821.658,0.00746397127907783,0.03383179625852416,822.1035049726555,0.0017483225247606933
822.5690222461394,-0.0001678492408245802,822.123,0.03142919392242938,0.033817884388625194,822.5690222461394,0.001806596175535574
823.0345395196233,0.0011749446857720613,822.588,0.005607885707905158,0.03308932374963011,823.0345395196233,0.0018503877641680043
823.5000567931073,0.002517738612368703,823.056,0.18175587391676729,0.03159081263785367,823.5000567931073,0.0019084722686108096
823.9655740665912,0.0021820401307195425,823.522,0.005607885707905158,0.02934861813072945,823.9655740665912,0.0019939707169676184
824.4310913400752,0.0021820401307195425,823.982,0.009965257941975336,0.02648065027442912,824.4310913400752,0.0020841238204562917
824.8966086135591,0.0011749446857720613,824.448,0.014322500318431741,0.023188430414007918,824.8966086135591,0.0021602224979651538
825.3621258870431,-0.0001678492408245802,824.911,0.003106728902621425,0.01973343097630626,825.3621258870431,0.002191024636557461
825.827643160527,-0.0005035477224737406,825.381,0.003106728902621425,0.01640477521304275,825.827643160527,0.0021963577534459314
826.293160434011,-0.000839246204122901,825.841,0.024893200500130774,0.01348571551061592,826.293160434011,0.002171267026048929
826.7586777074949,-0.0010070954449474812,826.311,0.005285350090849628,0.011224104136002628,826.7586777074949,0.002152389355154577
827.224194980979,-0.0001678492408245802,826.774,0.001250643331448753,0.009809484741007084,827.224194980979,0.0021579691855999022
827.6897122544628,-0.0005035477224737406,827.236,0.012143879130203539,0.009357614764580064,827.6897122544628,0.0021592726517637158
828.1552295279469,-0.003524834057316184,827.702,0.024893200500130774,0.009902217603444403,828.1552295279469,0.002160831058196596
828.6207468014308,-0.0041962312534451485,828.167,0.016178585889604413,0.011393208266163713,828.6207468014308,0.0021567849639863306
829.0862640749148,-0.0041962312534451485,828.632,0.003106728902621425,0.013700507312316939,829.0862640749148,0.0021250658740720766
829.5517813483987,-0.0028534370940178633,829.096,0.00746397127907783,0.016623053684517237,829.5517813483987,0.002135999380553335
830.0172986218826,-0.0005035477224737406,829.562,0.001250643331448753,0.019903418262570312,830.0172986218826,0.0021808374426310886
830.4828158953666,-0.0005035477224737406,830.026,0.03393035072771289,0.023248605610189634,830.4828158953666,0.0022114072603425603
830.9483331688505,-0.0015106431674212217,830.492,0.003106728902621425,0.02635664065855208,830.9483331688505,0.0022389425061300964
831.4138504423345,-0.0041962312534451485,830.964,0.0753246727345036,0.02894671541519861,831.4138504423345,0.002248220978170284
831.8793677158184,-0.004867628216743469,831.422,0.03393035072771289,0.03078896859580105,831.8793677158184,0.002251111635286267
832.3448849893024,-0.004867628216743469,831.885,0.00746397127907783,0.031729349310591785,832.3448849893024,0.002267534509010604
832.8104022627863,-0.00553902518004179,832.355,0.040143678675341965,0.031705860846531944,832.8104022627863,0.0022790519026992667
833.2759195362703,-0.004531929735094309,832.818,0.06443143693574904,0.030754126279227315,833.2759195362703,0.00229098870867028
833.7414368097542,-0.0038605325389653444,833.281,0.02925044287658718,0.029001567122106862,833.7414368097542,0.002335432029011435
834.2069540832382,-0.003524834057316184,833.746,0.02925044287658718,0.02665048437176853,834.2069540832382,0.0023589047308717305
834.6724713567221,-0.0030212863348424435,834.217,0.0009279778567794494,0.02395185510848087,834.6724713567221,0.0023903894424392638
835.1379886302061,-0.0028534370940178633,834.675,0.003106728902621425,0.02117371780268507,835.1379886302061,0.002397831956713919
835.60350590369,-0.0028534370940178633,835.14,0.03360781511065736,0.01856931040187682,835.60350590369,0.002389727430088776
836.0690231771739,-0.0028534370940178633,835.606,0.009965257941975336,0.016349637136313284,836.0690231771739,0.002417817779539773
836.5345404506579,-0.0028534370940178633,836.071,0.020858493740730122,0.01466336328007444,836.5345404506579,0.0024724996954076477
837.0000577241418,-0.0021820401307195425,836.537,0.003106728902621425,0.013585232494026822,837.0000577241418,0.0024843480951460715
837.4655749976258,-0.0028534370940178633,837.003,0.005607885707905158,0.013113362245280546,837.4655749976258,0.002495982676729026
837.9310922711097,-0.0041962312534451485,837.469,0.005607885707905158,0.013175473259090723,837.9310922711097,0.0025217621459283526
838.3966095445937,-0.0031891355756670237,837.937,0.00746397127907783,0.013643586728279668,838.3966095445937,0.0025570092324647084
838.8621268180776,-0.0011749446857720613,838.399,0.04232242972118394,0.01435563089538627,838.8621268180776,0.0025668222483107746
839.3276440915616,-0.0001678492408245802,838.863,0.003106728902621425,0.015141068770968154,839.3276440915616,0.002583300631212222
839.7931613650455,-0.0018463416490703821,839.325,0.009965257941975336,0.015846812448899152,839.7931613650455,0.002568787729548623
840.2586786385295,-0.0018463416490703821,839.796,0.0077865068961333606,0.016359718239731424,840.2586786385295,0.0025896411589402513
840.7241959120134,0.0005035477224737406,840.259,0.07718075830567628,0.01662242876078267,840.7241959120134,0.0026005602717672936
841.1897131854975,0.0021820401307195425,840.725,0.020858493740730122,0.016639721180252778,841.1897131854975,0.0025925893804091688
841.6552304589814,0.0010070954449474812,841.189,0.001250643331448753,0.016473376005822955,841.6552304589814,0.002563255185461018
842.1207477324654,-0.0010070954449474812,841.655,0.011821343513148008,0.016225863592884582,842.1207477324654,0.0025517789111509956
842.5862650059493,-0.0018463416490703821,842.122,0.003106728902621425,0.016016360839193753,842.5862650059493,0.0025617584576939833
843.0517822794332,-0.0001678492408245802,842.58,0.001250643331448753,0.015954853570397415,843.0517822794332,0.0025631564981531798
843.5172995529172,0.0031891355756670237,843.052,0.001250643331448753,0.016120130190770778,843.5172995529172,0.002540273851933828
843.9828168264011,0.0038605325389653444,843.51,0.03360781511065736,0.016545708654662452,843.9828168264011,0.0024975760271883393
844.4483340998851,0.0011749446857720613,843.975,0.0077865068961333606,0.017215201121229307,844.4483340998851,0.0024578963266518334
844.913851373369,-0.0028534370940178633,844.441,0.03142919392242938,0.018066263708631916,844.913851373369,0.0024337760025018927
845.379368646853,-0.00520332669839263,844.911,0.016501121506659944,0.019000831087708975,845.379368646853,0.0024198284841310974
845.8448859203369,-0.004531929735094309,845.373,0.03142919392242938,0.019899022663750727,845.8448859203369,0.002411571815843197
846.3104031938209,-0.001678492408245802,845.837,0.003106728902621425,0.020634597649330788,846.3104031938209,0.0023753543229426692
846.7759204673048,-0.0001678492408245802,846.306,0.020858493740730122,0.02109061269180903,846.7759204673048,0.0023714171941039007
847.2414377407888,-0.0011749446857720613,846.767,0.003106728902621425,0.021174489180405008,847.2414377407888,0.002374877344912815
847.7069550142727,-0.0028534370940178633,847.236,0.06193028013046531,0.02083159117378858,847.7069550142727,0.002353115187164077
848.1724722877567,-0.0018463416490703821,847.702,0.009965257941975336,0.02005567755554487,848.1724722877567,0.0023299467643372123
848.6379895612406,-0.000839246204122901,848.167,0.03360781511065736,0.018893996818911192,848.6379895612406,0.0023239516331418635
849.1035068347245,-0.0015106431674212217,848.625,0.014322500318431741,0.01744523764596655,849.1035068347245,0.0023190112006153665
849.5690241082085,-0.0015106431674212217,849.09,0.003106728902621425,0.01585005359500239,849.5690241082085,0.0023077713587185073
850.0345413816924,-0.0015106431674212217,849.555,0.020858493740730122,0.014275553531573395,850.0345413816924,0.002257953802666358
850.5000586551764,-0.0011749446857720613,850.022,0.018357207077832394,0.0128961247569017,850.5000586551764,0.002183876119371164
850.9655759286603,-0.0031891355756670237,850.488,0.003106728902621425,0.011873091905768154,850.9655759286603,0.002131686004960468
851.4310932021443,-0.004867628216743469,850.951,0.003106728902621425,0.011335468885282115,851.4310932021443,0.0021045208284216476
851.8966104756282,-0.00553902518004179,851.421,0.020858493740730122,0.011363837562050741,851.8966104756282,0.002057760459261246
852.3621277491122,-0.0041962312534451485,851.885,0.0009279778567794494,0.011979120345814116,852.3621277491122,0.0019920525195179424
852.8276450225961,-0.0021820401307195425,852.348,0.016178585889604413,0.013137516150996635,852.8276450225961,0.0019239514620661452
853.2931622960801,-0.003524834057316184,852.815,0.009642592467306033,0.014732250590072521,853.2931622960801,0.0018847569628323336
853.758679569564,-0.004531929735094309,853.277,0.003106728902621425,0.016602224741924108,853.758679569564,0.00185422621065551
854.224196843048,-0.0028534370940178633,853.743,0.04046634415001127,0.01854706476674231,854.224196843048,0.001828325442300495
854.689714116532,0.0005035477224737406,854.206,0.005285350090849628,0.020347373134434778,854.689714116532,0.0017873504968339185
855.155231390016,0.0011749446857720613,854.671,0.03142919392242938,0.0217883167114374,855.155231390016,0.0017192247683059207
855.6207486634999,0.0005035477224737406,855.137,0.0009279778567794494,0.0226843325922619,855.6207486634999,0.001645893392084291
856.0862659369838,0.000839246204122901,855.603,0.027394357305414507,0.022902640911591124,856.0862659369838,0.0015870029592852553
856.5517832104678,0.0011749446857720613,856.067,0.06007419455929264,0.02238302105155442,856.5517832104678,0.0015909256997600533
857.0173004839517,0.0011749446857720613,856.533,0.03360781511065736,0.021150870987324048,857.0173004839517,0.0016294581846014295
857.4828177574357,0.0028534370940178633,857.0,0.003106728902621425,0.019320713657784795,857.4828177574357,0.0016645942518880724
857.9483350309196,0.0036926832981407642,857.465,0.0009279778567794494,0.01708886041049153,857.9483350309196,0.0016842901876492468
858.4138523044036,0.0011749446857720613,857.926,0.020858493740730122,0.014716350459237571,858.4138523044036,0.0016719792002441109
858.8793695778875,-0.0001678492408245802,858.396,0.018679742694887924,0.012504887993658845,858.8793695778875,0.0016334796083058705
859.3448868513715,-0.0001678492408245802,858.859,0.011821343513148008,0.010768449256040154,859.3448868513715,0.001588462677375065
859.8104041248554,0.0011749446857720613,859.322,0.009965257941975336,0.009802391872501768,859.8104041248554,0.0015752409048770148
860.2759213983394,0.002517738612368703,859.789,0.031751729539484685,0.009851514176815694,860.2759213983394,0.0015994660811721065
860.7414386718233,0.0021820401307195425,860.252,0.0009279778567794494,0.011078937676861527,860.7414386718233,0.0015970339007266635
861.2069559453073,-0.0001678492408245802,860.718,0.0034292645196769556,0.013538641232836848,861.2069559453073,0.001584038282073333
861.6724732187912,-0.0018463416490703821,861.181,0.001250643331448753,0.01715557239983111,861.6724732187912,0.0015976794640189603
862.1379904922752,-0.0018463416490703821,861.647,0.022714579311902794,0.021717896452507324,862.1379904922752,0.0016281423713579422
862.6035077657591,-0.0015106431674212217,862.111,0.0009279778567794494,0.02688546007892059,862.6035077657591,0.0016739158860000294
863.069025039243,-0.0010070954449474812,862.576,0.009642592467306033,0.03221683188331117,863.069025039243,0.0017316673277941621
863.534542312727,-0.0005035477224737406,863.041,0.005607885707905158,0.03721466927484436,863.534542312727,0.0017604032431355206
864.0000595862109,0.000839246204122901,863.507,0.001250643331448753,0.04138569753164461,864.0000595862109,0.0017298622073024942
864.4655768596949,0.0011749446857720613,863.974,0.24525933299573688,0.0443071207791028,864.4655768596949,0.0016529473249650931
864.9310941331788,0.000839246204122901,864.439,0.016178585889604413,0.04568692412822412,864.9310941331788,0.001593361989051348
865.3966114066628,-0.0015106431674212217,864.9,0.01399996470137621,0.04540445074766605,865.3966114066628,0.0015677737196573443
865.8621286801467,-0.0021820401307195425,865.37,0.09711114433201318,0.043522342717420316,865.8621286801467,0.0015582135850858512
866.3276459536307,-0.0028534370940178633,865.83,0.0009279778567794494,0.040269330149646856,866.3276459536307,0.0015861785217156235
866.7931632271146,-0.001678492408245802,866.3,0.031751729539484685,0.03600040527961959,866.7931632271146,0.0015926732457375253
867.2586805005986,-0.0005035477224737406,866.763,0.003106728902621425,0.03114410684474439,867.2586805005986,0.0016140139339490686
867.7241977740825,-0.0015106431674212217,867.225,0.02925044287658718,0.026146826404054538,867.7241977740825,0.0016654597951473041
868.1897150475666,-0.0021820401307195425,867.691,0.018357207077832394,0.02142241650841556,868.1897150475666,0.0016844998830274128
868.6552323210504,-0.0028534370940178633,868.155,0.0034292645196769556,0.017312640107502573,868.6552323210504,0.0017428783838170875
869.1207495945343,-0.0021820401307195425,868.621,0.011821343513148008,0.014061135128439008,869.1207495945343,0.0017966392366053907
869.5862668680184,-0.000839246204122901,869.086,0.018679742694887924,0.011801314651567332,869.5862668680184,0.0017762874536704169
870.0517841415023,-0.0005035477224737406,869.551,0.016178585889604413,0.010556981486569165,870.0517841415023,0.0017817624266803474
870.5173014149863,0.0001678492408245802,870.015,0.016501121506659944,0.010253294958230427,870.5173014149863,0.0018610128643411065
870.9828186884702,0.0023498893715441227,870.481,0.001250643331448753,0.010735297233126847,870.9828186884702,0.0019468669910844092
871.4483359619542,0.0028534370940178633,870.952,0.003106728902621425,0.01179154986517004,871.4483359619542,0.0019692562107975014
871.9138532354381,0.0018463416490703821,871.414,0.0077865068961333606,0.013181029038392503,871.9138532354381,0.001966554702315063
872.3793705089221,-0.0001678492408245802,871.877,0.024893200500130774,0.0146615313639641,872.3793705089221,0.0020008663352318883
872.844887782406,-0.0010070954449474812,872.34,0.011821343513148008,0.01601719314114421,872.844887782406,0.0020203505073090005
873.31040505589,-0.0010070954449474812,872.811,0.05975152908462311,0.0170818274799971,873.31040505589,0.0020271988537630087
873.7759223293739,-0.0005035477224737406,873.273,0.00746397127907783,0.017754502650755424,873.7759223293739,0.002046999640922141
874.2414396028579,0.000839246204122901,873.739,0.018357207077832394,0.01800474254498311,874.2414396028579,0.002086965116759997
874.7069568763418,0.002517738612368703,874.201,0.009965257941975336,0.017866828318398822,874.7069568763418,0.0021233573636302862
875.1724741498258,0.0031891355756670237,874.667,0.03360781511065736,0.01742500103274949,875.1724741498258,0.002153964186886604
875.6379914233097,0.0018463416490703821,875.133,0.003106728902621425,0.016792873481829118,875.6379914233097,0.0021696140248954727
876.1035086967936,-0.0001678492408245802,875.598,0.0009279778567794494,0.016090854020947714,876.1035086967936,0.002202801056454713
876.5690259702776,-0.0015106431674212217,876.063,0.018357207077832394,0.015425307287475196,876.5690259702776,0.0022588912961613553
877.0345432437615,-0.0018463416490703821,876.529,0.00746397127907783,0.014872673639524742,877.0345432437615,0.0023278373475639196
877.5000605172455,-0.0021820401307195425,876.997,0.016501121506659944,0.014470688749854022,877.5000605172455,0.002378787730311257
877.9655777907294,-0.0031891355756670237,877.455,0.003106728902621425,0.01421740167204331,877.9655777907294,0.0024071350727716346
878.4310950642134,-0.003524834057316184,877.926,0.020858493740730122,0.014077373718933252,878.4310950642134,0.0024591175356779723
878.8966123376973,-0.003524834057316184,878.388,0.01399996470137621,0.013993447476895576,878.8966123376973,0.0025401628119166983
879.3621296111813,-0.003524834057316184,878.852,0.001250643331448753,0.013901721709325876,879.3621296111813,0.002583995517058774
879.8276468846652,-0.0031891355756670237,879.322,0.04885829328586855,0.013746830662098367,879.8276468846652,0.002593387065355407
880.2931641581492,-0.003524834057316184,879.785,0.024893200500130774,0.01349442230782954,880.2931641581492,0.002614102747539872
880.7586814316331,-0.003524834057316184,880.247,0.003106728902621425,0.013138154246263344,880.7586814316331,0.0026044192567774393
881.2241987051171,-0.0018463416490703821,880.713,0.001250643331448753,0.012699906336341299,881.2241987051171,0.0025777207818674613
881.689715978601,-0.0001678492408245802,881.177,0.023037114928958324,0.012223932795061055,881.689715978601,0.0025386023553700876
882.1552332520849,-0.0005035477224737406,881.642,0.001250643331448753,0.011767251362664806,882.1552332520849,0.0024954645571870597
882.620750525569,-0.002517738612368703,882.107,0.003106728902621425,0.011388945832412314,882.620750525569,0.0024892268238616623
883.0862677990528,-0.0041962312534451485,882.573,0.016178585889604413,0.011140543903497552,883.0862677990528,0.002517814712035696
883.5517850725369,-0.00587472366169095,883.037,0.016501121506659944,0.011058836380218384,883.5517850725369,0.002535761039288568
884.0173023460208,-0.006546120624989271,883.503,0.005607885707905158,0.011161716693281235,884.0173023460208,0.002541774673428878
884.4828196195048,-0.0041962312534451485,883.97,0.0009279778567794494,0.011447044719805953,884.4828196195048,0.0025308925681030727
884.9483368929887,-0.0015106431674212217,884.436,0.024893200500130774,0.011894292007506765,884.9483368929887,0.002519167526098458
885.4138541664727,-0.003524834057316184,884.896,0.014322500318431741,0.012468586804403615,885.4138541664727,0.0025051316010131055
885.8793714399566,-0.004531929735094309,885.366,0.001250643331448753,0.013126540781273913,885.8793714399566,0.0024859887138080124
886.3448887134406,-0.0028534370940178633,885.826,0.012143879130203539,0.013823063521127301,886.3448887134406,0.0024572116811499237
886.8104059869245,-0.0010070954449474812,886.296,0.022714579311902794,0.014518351273513431,886.8104059869245,0.0024822201727213796
887.2759232604085,-0.0005035477224737406,886.755,0.024893200500130774,0.015184126358779838,887.2759232604085,0.0025244698020540977
887.7414405338924,-0.0010070954449474812,887.22,0.0077865068961333606,0.015807960964450873,887.7414405338924,0.002532393407325431
888.2069578073764,-0.0021820401307195425,887.686,0.023037114928958324,0.01639455438144192,888.2069578073764,0.0025146732326253775
888.6724750808603,-0.004531929735094309,888.151,0.003106728902621425,0.016963354352776003,888.6724750808603,0.0024858016234331768
889.1379923543442,-0.007049668114632368,888.617,0.05975152908462311,0.017542565094154233,889.1379923543442,0.0024577852867459266
889.6035096278282,-0.007888914085924625,889.081,0.0077865068961333606,0.018160071248266414,889.6035096278282,0.002435895660358467
890.0690269013121,-0.00587472366169095,889.547,0.003106728902621425,0.018832451184530752,890.0690269013121,0.002437563031963212
890.5345441747961,-0.003524834057316184,890.012,0.003106728902621425,0.019554420972516424,890.5345441747961,0.002465468347786584
891.00006144828,-0.002517738612368703,890.477,0.00746397127907783,0.020292169631330126,891.00006144828,0.0025075062155627457
891.465578721764,-0.0028534370940178633,890.94,0.016178585889604413,0.020983895733833368,891.465578721764,0.002559435224924098
891.9310959952479,-0.001678492408245802,891.41,0.020535828266060596,0.021548974110690886,891.9310959952479,0.002592603754502313
892.3966132687319,-0.0001678492408245802,891.87,0.0077865068961333606,0.021904371054280145,892.3966132687319,0.0026054924624352243
892.8621305422158,0.0005035477224737406,892.34,0.08589537291620286,0.0219843381969817,892.8621305422158,0.0026241090274189637
893.3276478156998,0.0005035477224737406,892.804,0.016501121506659944,0.021757853027124182,893.3276478156998,0.002663252127023079
893.7931650891837,-0.0015106431674212217,893.266,0.031751729539484685,0.02123839219208737,893.7931650891837,0.0026821195168678508
894.2586823626677,-0.0041962312534451485,893.732,0.020858493740730122,0.020482792492552967,894.2586823626677,0.002673507172751595
894.7241996361516,-0.0041962312534451485,894.195,0.003106728902621425,0.019579465295282244,894.7241996361516,0.0026553429174593175
895.1897169096355,-0.0015106431674212217,894.66,0.020858493740730122,0.018629430410410548,895.1897169096355,0.0026576887492435765
895.6552341831195,-0.0005035477224737406,895.126,0.005285350090849628,0.017725280652497725,895.6552341831195,0.0026594959238758335
896.1207514566034,-0.0021820401307195425,895.592,0.005607885707905158,0.01693318255797769,896.1207514566034,0.0026762148528502753
896.5862687300875,-0.0023498893715441227,896.059,0.005285350090849628,0.0162819030025564,896.5862687300875,0.0027051481389772287
897.0517860035714,0.0005035477224737406,896.525,0.00746397127907783,0.015761103823116608,897.0517860035714,0.0027174323987614367
897.5173032770554,0.0031891355756670237,896.99,0.012143879130203539,0.015328989857638033,897.5173032770554,0.002674979232556686
897.9828205505393,0.0031891355756670237,897.455,0.06410890131869351,0.01492706558491162,897.9828205505393,0.0026600489749330184
898.4483378240233,0.0011749446857720613,897.918,0.001250643331448753,0.01449787347545216,898.4483378240233,0.002646181639738715
898.9138550975072,-0.0001678492408245802,898.381,0.003106728902621425,0.014001069692446876,898.9138550975072,0.002616565781226876
899.3793723709912,-0.0001678492408245802,898.849,0.020858493740730122,0.013424371181889818,899.3793723709912,0.0026012510619921807
899.8448896444751,0.0003356984816491604,899.311,0.03578643629888556,0.012787833076434793,899.8448896444751,0.0025921535142375387
900.3104069179591,-0.000839246204122901,899.781,0.005285350090849628,0.012141319178017545,900.3104069179591,0.002573545174166471
900.775924191443,-0.0015106431674212217,900.244,0.00746397127907783,0.0115558499363813,900.775924191443,0.002536462130386481
901.241441464927,-0.001678492408245802,900.71,0.003106728902621425,0.011110475471288848,901.241441464927,0.002492158614769708
901.7069587384109,-0.001678492408245802,901.174,0.003106728902621425,0.010877391106159177,901.7069587384109,0.0024720412122775912
902.1724760118948,-0.0018463416490703821,901.64,0.012143879130203539,0.010908405594804573,902.1724760118948,0.0024487535456191594
902.6379932853788,-0.0015106431674212217,902.104,0.0077865068961333606,0.011225249116891692,902.6379932853788,0.0024321805886419238
903.1035105588627,-0.0011749446857720613,902.57,0.00746397127907783,0.01181501272137746,903.1035105588627,0.0024322237627372356
903.5690278323467,-0.0001678492408245802,903.037,0.020858493740730122,0.012630844955596996,903.5690278323467,0.002426506184511518
904.0345451058306,0.0011749446857720613,903.496,0.020535828266060596,0.013597196258473316,904.0345451058306,0.0024069932287991997
904.5000623793146,0.0011749446857720613,903.963,0.003106728902621425,0.014618484597547958,904.5000623793146,0.002393006647725677
904.9655796527985,-0.000839246204122901,904.428,0.01399996470137621,0.01559008382528099,904.9655796527985,0.002374735481390717
905.4310969262825,-0.0021820401307195425,904.896,0.0009279778567794494,0.016410806271134847,905.4310969262825,0.0023526608204516228
905.8966141997664,-0.0036926832981407642,905.359,0.04264496533823947,0.016996061797760885,905.8966141997664,0.0023366758625278255
906.3621314732504,-0.005035477224737406,905.822,0.009642592467306033,0.01729033753773183,906.3621314732504,0.0023196917162245216
906.8276487467343,-0.00553902518004179,906.285,0.027071821688358977,0.017276957516937048,906.8276487467343,0.0022614283466788907
907.2931660202183,-0.004867628216743469,906.75,0.003106728902621425,0.016982939813037775,907.2931660202183,0.002204032584979531
907.7586832937022,-0.003524834057316184,907.222,0.06193028013046531,0.01647733524671981,907.7586832937022,0.0021680885322415177
908.2242005671862,-0.0018463416490703821,907.68,0.003106728902621425,0.015862364635901145,908.2242005671862,0.002133809796645396
908.6897178406701,-0.0015106431674212217,908.145,0.005607885707905158,0.015257878409241662,908.6897178406701,0.0021235814822481098
909.155235114154,-0.002517738612368703,908.61,0.011821343513148008,0.014781286514887384,909.155235114154,0.002138781070851916
909.620752387638,-0.003524834057316184,909.077,0.0009279778567794494,0.014526692337232775,909.620752387638,0.0021261473036244113
910.086269661122,-0.00520332669839263,909.543,0.016501121506659944,0.014547555524854924,910.086269661122,0.002073212938921585
910.551786934606,-0.00553902518004179,910.007,0.003106728902621425,0.014846464449503065,910.551786934606,0.0020615948042750193
911.0173042080899,-0.004364080261439085,910.473,0.00746397127907783,0.015374069866708442,911.0173042080899,0.002087051492736523
911.4828214815739,-0.0021820401307195425,910.937,0.012143879130203539,0.016037538607615677,911.4828214815739,0.0020983468427752594
911.9483387550578,-0.000839246204122901,911.406,0.016178585889604413,0.01671721562668331,911.9483387550578,0.0020765312310594562
912.4138560285418,-0.0028534370940178633,911.866,0.025215736117186305,0.017288544851625644,912.4138560285418,0.002025887186816311
912.8793733020257,-0.0041962312534451485,912.337,0.029573108351256705,0.017644904792838065,912.8793733020257,0.001966762377718206
913.3448905755097,-0.004531929735094309,912.8,0.06225281574752084,0.017716320106098648,913.3448905755097,0.0019199321075773505
913.8104078489936,-0.004867628216743469,913.262,0.014322500318431741,0.017479559752480837,913.8104078489936,0.0019225678288903169
914.2759251224776,-0.004867628216743469,913.728,0.001250643331448753,0.01695729825143848,914.2759251224776,0.0019879324232926813
914.7414423959615,-0.0028534370940178633,914.191,0.003106728902621425,0.01620743110407448,914.7414423959615,0.002074674709323927
915.2069596694454,-0.0015106431674212217,914.657,0.005607885707905158,0.015306831534837997,915.2069596694454,0.0021327571566858512
915.6724769429294,-0.0010070954449474812,915.122,0.005285350090849628,0.01433514307691046,915.6724769429294,0.0021641616847688887
916.1379942164133,-0.000839246204122901,915.588,0.003106728902621425,0.013363211150772165,916.1379942164133,0.002171700826683842
916.6035114898973,-0.000839246204122901,916.056,0.023037114928958324,0.01244842462462015,916.6035114898973,0.002183676693492451
917.0690287633812,0.000839246204122901,916.522,0.011821343513148008,0.011636752307505879,917.0690287633812,0.0021828830983956662
917.5345460368652,0.0011749446857720613,916.982,0.009642592467306033,0.010969352379674788,917.5345460368652,0.002162438800239657
918.0000633103491,-0.0001678492408245802,917.447,0.024893200500130774,0.010490640264085615,918.0000633103491,0.00211560852982217
918.4655805838331,-0.0021820401307195425,917.911,0.00746397127907783,0.01025461084190037,918.4655805838331,0.0020405008164874074
918.931097857317,-0.003524834057316184,918.381,0.03142919392242938,0.010326762817981155,918.931097857317,0.0019634358456781615
919.396615130801,-0.0028534370940178633,918.841,0.003106728902621425,0.010779963094243871,919.396615130801,0.0019659276511907195
919.8621324042849,-0.000839246204122901,919.311,0.016178585889604413,0.011683949505594397,919.8621324042849,0.002008567911457792
920.3276496777689,0.0001678492408245802,919.774,0.00746397127907783,0.013089718657824384,920.3276496777689,0.002008082708606525
920.7931669512528,0.0010070954449474812,920.236,0.029573108351256705,0.015011394601059682,920.7931669512528,0.001990557850280547
921.2586842247368,0.0005035477224737406,920.703,0.003106728902621425,0.017409031456877097,921.2586842247368,0.001978399003075153
921.7242014982207,0.0005035477224737406,921.17,0.00746397127907783,0.0201762269751392,921.7242014982207,0.001971133300104958
922.1897187717046,0.002517738612368703,921.635,0.00746397127907783,0.023136528338079682,922.1897187717046,0.0019189945855977385
922.6552360451886,0.0011749446857720613,922.1,0.001250643331448753,0.02605210573539536,922.6552360451886,0.0018968027364791656
923.1207533186725,-0.000839246204122901,922.566,0.018357207077832394,0.028646531829093137,923.1207533186725,0.0018650178542449366
923.5862705921566,-0.0011749446857720613,923.026,0.025215736117186305,0.030640587662441734,923.5862705921566,0.001820042045208134
924.0517878656404,-0.0001678492408245802,923.491,0.003106728902621425,0.03179625285852559,924.0517878656404,0.0017975603082520208
924.5173051391245,0.0011749446857720613,923.963,0.19482786076136405,0.031960258934276405,924.5173051391245,0.0017828068608947295
924.9828224126084,0.002517738612368703,924.421,0.02925044287658718,0.03109616910276328,924.9828224126084,0.0017569410416681665
925.4483396860924,0.002517738612368703,924.885,0.003106728902621425,0.02929504737219986,925.4483396860924,0.001734960954610933
925.9138569595763,0.0011749446857720613,925.355,0.005607885707905158,0.026760670791712047,925.9138569595763,0.001711011274116183
926.3793742330603,0.0005035477224737406,925.815,0.016501121506659944,0.0237735725768379,926.3793742330603,0.001670476301539584
926.8448915065442,0.000839246204122901,926.285,0.003106728902621425,0.0206440712693864,926.8448915065442,0.0016308027690088345
927.3104087800282,0.0005035477224737406,926.751,0.012143879130203539,0.017665277023308223,927.3104087800282,0.0016123876868278369
927.7759260535121,-0.0001678492408245802,927.214,0.005607885707905158,0.015074448575488007,927.7759260535121,0.0015883434327050438
928.241443326996,-0.000839246204122901,927.68,0.003106728902621425,0.013027650594574188,928.241443326996,0.0015559849451086667
928.70696060048,-0.0018463416490703821,928.145,0.001250643331448753,0.01158962710825973,928.70696060048,0.0015074646896843064
929.1724778739639,-0.0015106431674212217,928.611,0.023037114928958324,0.010738219155921734,929.1724778739639,0.001464271382458207
929.6379951474479,-0.0015106431674212217,929.07,0.020858493740730122,0.010380426673041973,929.6379951474479,0.001429285399545253
930.1035124209318,-0.0021820401307195425,929.536,0.016501121506659944,0.010375580078960642,930.1035124209318,0.0013966884223122382
930.5690296944158,-0.0018463416490703821,930.004,0.025215736117186305,0.0105605391169266,930.5690296944158,0.0013763407532909142
931.0345469678997,-0.0001678492408245802,930.47,0.012143879130203539,0.010772618642024234,931.0345469678997,0.0013549712805458226
931.5000642413837,0.0011749446857720613,930.933,0.003106728902621425,0.01086770177538708,931.5000642413837,0.0013612562967610493
931.9655815148676,0.0011749446857720613,931.395,0.001250643331448753,0.010733010301771623,931.9655815148676,0.0014022127387465098
932.4310987883516,-0.0015106431674212217,931.863,0.011821343513148008,0.010295503779083535,932.4310987883516,0.00144119958760531
932.8966160618355,-0.0031891355756670237,932.325,0.0009279778567794494,0.009527355866155543,932.8966160618355,0.0014536729926293214
933.3621333353195,-0.003524834057316184,932.796,0.025215736117186305,0.008449431259570485,933.3621333353195,0.0014159197106022694
933.8276506088034,-0.0028534370940178633,933.259,0.0009279778567794494,0.007132743880530555,933.8276506088034,0.00135704777911977
934.2931678822874,-0.0028534370940178633,933.725,0.003106728902621425,0.005697211743565486,934.2931678822874,0.0013474156853690025
934.7586851557713,-0.0031891355756670237,934.189,0.003106728902621425,0.004306926657833958,934.7586851557713,0.001362820865170804
935.2242024292552,-0.0023498893715441227,934.654,0.012143879130203539,0.003161382383159289,935.2242024292552,0.0013866718620965362
935.6897197027392,-0.000839246204122901,935.118,0.0034292645196769556,0.002482261972594752,935.6897197027392,0.0014122457394932686
936.1552369762231,-0.0001678492408245802,935.584,0.016501121506659944,0.002495462550912066,936.1552369762231,0.0014411769686163418
936.6207542497071,-0.0005035477224737406,936.049,0.001250643331448753,0.003408389925456369,936.6207542497071,0.001446880153906518
937.086271523191,-0.0018463416490703821,936.514,0.0077865068961333606,0.005383422349416039,937.086271523191,0.0014338907055775258
937.551788796675,-0.0028534370940178633,936.981,0.00746397127907783,0.008509666003713468,937.551788796675,0.0014586977129459663
938.017306070159,-0.0031891355756670237,937.44,0.022714579311902794,0.012776318590442804,938.017306070159,0.001499763120773484
938.482823343643,-0.0021820401307195425,937.907,0.00746397127907783,0.01805184212522254,938.482823343643,0.0015176128176225823
938.9483406171269,-0.0005035477224737406,938.37,0.003106728902621425,0.024073703573296617,938.9483406171269,0.0015112846255980609
939.4138578906109,-0.0001678492408245802,938.84,0.003106728902621425,0.030453616973490978,939.4138578906109,0.0014977195148545583
939.8793751640948,0.0005035477224737406,939.303,0.00746397127907783,0.036702509876965474,939.8793751640948,0.0014579945827853742
940.3448924375788,-0.0001678492408245802,939.767,0.003106728902621425,0.04227708035258384,940.3448924375788,0.0014359836556908014
940.8104097110627,-0.000839246204122901,940.237,0.05103691447409675,0.046645461596107045,940.8104097110627,0.0014484611723383997
941.2759269845466,-0.000839246204122901,940.695,0.020858493740730122,0.04936361042613323,941.2759269845466,0.0014736485318503053
941.7414442580306,0.0005035477224737406,941.163,0.3320826837687192,0.05014791739677486,941.7414442580306,0.001485472258821361
942.2069615315145,-0.0001678492408245802,941.628,0.001250643331448753,0.04892594947237269,942.2069615315145,0.0015076209347943
942.6724788049985,-0.0021820401307195425,942.093,0.003106728902621425,0.045850100739111416,942.6724788049985,0.001544078973844822
943.1379960784824,-0.0041962312534451485,942.558,0.011821343513148008,0.041269658980554354,943.1379960784824,0.001556683962379436
943.6035133519664,-0.00553902518004179,943.026,0.018679742694887924,0.03567029164414161,943.6035133519664,0.0016162261290831466
944.0690306254503,-0.0028534370940178633,943.485,0.016501121506659944,0.029598053624167356,944.0690306254503,0.0017092349355514428
944.5345478989343,0.0001678492408245802,943.96,0.00746397127907783,0.023584787452738284,944.5345478989343,0.001795401563719784
945.0000651724182,0.0005035477224737406,944.418,0.001250643331448753,0.018086870509774016,945.0000651724182,0.0018449703508396221
945.4655824459022,-0.0005035477224737406,944.881,0.005285350090849628,0.013443922042313802,945.4655824459022,0.0018644401326705206
945.9310997193861,-0.001678492408245802,945.351,0.009965257941975336,0.009859660813062067,945.9310997193861,0.0018902812817334854
946.3966169928701,-0.0015106431674212217,945.815,0.023037114928958324,0.007403416684387289,946.3966169928701,0.001922220357612186
946.862134266354,-0.0028534370940178633,946.277,0.0077865068961333606,0.006027923862277902,946.862134266354,0.0019656315952561636
947.327651539838,-0.003524834057316184,946.743,0.012143879130203539,0.0055974365375212895,947.327651539838,0.002017328283046524
947.7931688133219,-0.004531929735094309,947.206,0.003106728902621425,0.005920120938234738,947.7931688133219,0.0020818006004514377
948.2586860868058,-0.0036926832981407642,947.672,0.027394357305414507,0.006779656626233637,948.2586860868058,0.0021151418291914855
948.7242033602898,-0.0010070954449474812,948.137,0.00746397127907783,0.007962321279025028,948.7242033602898,0.002169359102887017
949.1897206337737,-0.0001678492408245802,948.603,0.014322500318431741,0.009277210006239317,949.1897206337737,0.0022077127204866566
949.6552379072577,-0.000839246204122901,949.067,0.001250643331448753,0.010568722389948895,949.6552379072577,0.0022492592174713864
950.1207551807416,-0.000839246204122901,949.533,0.001250643331448753,0.011721943564917932,950.1207551807416,0.0022807110343619117
950.5862724542257,-0.0015106431674212217,950.0,0.022714579311902794,0.0126625654437447,950.5862724542257,0.0023136801371088853
951.0517897277095,-0.0028534370940178633,950.465,0.020858493740730122,0.013353150099296723,951.0517897277095,0.002323947517408712
951.5173070011936,-0.0028534370940178633,950.926,0.005285350090849628,0.013787072826127244,951.5173070011936,0.002331229668438937
951.9828242746775,-0.0015106431674212217,951.396,0.016178585889604413,0.013981101341785642,951.9828242746775,0.0023577040471240824
952.4483415481615,-0.0015106431674212217,951.855,0.003106728902621425,0.013967650884825461,952.4483415481615,0.0023946390636283774
952.9138588216454,-0.001678492408245802,952.325,0.014322500318431741,0.013787974678733814,952.9138588216454,0.0024218823648625345
953.3793760951294,-0.001678492408245802,952.789,0.01399996470137621,0.013487390111001238,953.3793760951294,0.0024313335354856206
953.8448933686133,-0.0021820401307195425,953.251,0.020858493740730122,0.013113031163058276,953.8448933686133,0.0024489385759043757
954.3104106420972,-0.0015106431674212217,953.717,0.00746397127907783,0.012713929009283802,954.3104106420972,0.002470199082878708
954.7759279155812,-0.000839246204122901,954.181,0.003106728902621425,0.012342855557401961,954.7759279155812,0.002498725292281375
955.2414451890651,-0.0011749446857720613,954.647,0.003106728902621425,0.012059339952649248,955.2414451890651,0.0025412689208584756
955.7069624625491,-0.0028534370940178633,955.111,0.03142919392242938,0.011933166783430493,955.7069624625491,0.0025788145519886206
956.172479736033,-0.002517738612368703,955.577,0.001250643331448753,0.012047128128940925,956.172479736033,0.0025887776520372627
956.637997009517,-0.000839246204122901,956.041,0.016501121506659944,0.012497061450453331,956.637997009517,0.0025994192132065387
957.1035142830009,0.0005035477224737406,956.507,0.05975152908462311,0.013386852730778519,957.1035142830009,0.0026071372233956135
957.5690315564849,0.0011749446857720613,956.974,0.0034292645196769556,0.014816512159496894,957.5690315564849,0.002625850416578619
958.0345488299688,0.0031891355756670237,957.44,0.02925044287658718,0.01686284759816566,958.0345488299688,0.0026658919621726936
958.5000661034528,0.004531929735094309,957.9,0.005285350090849628,0.019554708934350375,958.5000661034528,0.0027098151280501377
958.9655833769367,0.0021820401307195425,958.37,0.003106728902621425,0.022847602391288035,958.9655833769367,0.0027433516699302265
959.4311006504207,-0.0015106431674212217,958.833,0.016501121506659944,0.026604401048753567,959.4311006504207,0.002771057557456487
959.8966179239046,-0.0028534370940178633,959.296,0.00746397127907783,0.030588968888477078,959.8966179239046,0.0027938703006277696
960.3621351973886,-0.003524834057316184,959.763,0.016178585889604413,0.034477715555099556,960.3621351973886,0.0028048839869744837
960.8276524708725,-0.002517738612368703,960.225,0.027071821688358977,0.037890921420518274,960.8276524708725,0.002795412257406417
961.2931697443564,-0.0021820401307195425,960.691,0.009965257941975336,0.0404417129554702,961.2931697443564,0.002780066698681945
961.7586870178404,-0.0021820401307195425,961.155,0.005285350090849628,0.04179621951302036,961.7586870178404,0.002756374011396208
962.2242042913243,-0.0015106431674212217,961.621,0.2797951259631737,0.04173399866554487,962.2242042913243,0.0027494084761324547
962.6897215648083,-0.0018463416490703821,962.086,0.001250643331448753,0.0401944985437144,962.6897215648083,0.0027649966352958086
963.1552388382922,-0.0041962312534451485,962.552,0.027071821688358977,0.03729615943431027,963.1552388382922,0.002789285545087492
963.6207561117762,-0.0068818191066384315,963.018,0.011821343513148008,0.03332199630494137,963.6207561117762,0.002798138434923107
964.0862733852601,-0.008224613033235073,963.484,0.0009279778567794494,0.028676255839820065,964.0862733852601,0.0027804244295093045
964.5517906587442,-0.008896009996533394,963.945,0.001250643331448753,0.02382447627549408,964.5517906587442,0.002744692139756641
965.017307932228,-0.0068818191066384315,964.415,0.024893200500130774,0.019230540510212606,965.017307932228,0.002681019584843966
965.4828252057121,-0.0041962312534451485,964.878,0.016501121506659944,0.015300949349424865,965.4828252057121,0.0026231961876464534
965.948342479196,-0.0031891355756670237,965.34,0.003106728902621425,0.012342032130683326,965.948342479196,0.002595648606708673
966.41385975268,-0.0041962312534451485,965.808,0.020858493740730122,0.010532321089206906,966.41385975268,0.002569244130004993
966.8793770261639,-0.003524834057316184,966.27,0.0009279778567794494,0.009910414066343715,966.8793770261639,0.002534138902547501
967.3448942996479,-0.0028534370940178633,966.735,0.003106728902621425,0.010377885806707355,967.3448942996479,0.002476430637905899
967.8104115731318,-0.003524834057316184,967.205,0.003106728902621425,0.011716447168190446,967.8104115731318,0.0024494463850936537
968.2759288466157,-0.0021820401307195425,967.671,0.016178585889604413,0.013618051907747753,968.2759288466157,0.0024509287221382093
968.7414461200997,0.0011749446857720613,968.13,0.001250643331448753,0.015725735289734356,968.7414461200997,0.002455778694032006
969.2069633935836,0.0010070954449474812,968.596,0.003106728902621425,0.017681661887980368,969.2069633935836,0.0024263972121443505
969.6724806670676,-0.0015106431674212217,969.063,0.020858493740730122,0.01917732966127191,969.6724806670676,0.0023570358630176113
970.1379979405515,-0.0028534370940178633,969.529,0.10582575894253976,0.01999922716724962,970.1379979405515,0.0023111636623852575
970.6035152140355,-0.0031891355756670237,969.993,0.03360781511065736,0.02006202124859724,970.6035152140355,0.00225985143657667
971.0690324875194,-0.0021820401307195425,970.459,0.003106728902621425,0.019422089917128006,971.0690324875194,0.0022205623652633896
971.5345497610034,0.0011749446857720613,970.922,0.0077865068961333606,0.018268080540577745,971.5345497610034,0.0021910636943692076
972.0000670344873,0.002517738612368703,971.392,0.016178585889604413,0.016890843301722046,972.0000670344873,0.0021561126626409143
972.4655843079713,-0.0001678492408245802,971.852,0.00746397127907783,0.015639441163047753,972.4655843079713,0.0021322842823827174
972.9311015814552,-0.0018463416490703821,972.321,0.0077865068961333606,0.014871247120302996,972.9311015814552,0.0021254297707349098
973.3966188549392,-0.0005035477224737406,972.785,0.001250643331448753,0.01490324088578287,973.3966188549392,0.002105328815307516
973.8621361284231,0.0003356984816491604,973.248,0.018357207077832394,0.015969991340558355,973.8621361284231,0.0020577131749340677
974.327653401907,-0.000839246204122901,973.713,0.024893200500130774,0.01819207444131017,974.327653401907,0.0020142669868782903
974.793170675391,-0.0028534370940178633,974.177,0.020858493740730122,0.021556995539241647,974.793170675391,0.001971865217810687
975.2586879488749,-0.0028534370940178633,974.643,0.016178585889604413,0.025913422047601328,975.2586879488749,0.0019085051659600328
975.7242052223589,-0.0031891355756670237,975.107,0.05103691447409675,0.03097898079899569,975.7242052223589,0.0018402725292013095
976.1897224958428,-0.002685587853193283,975.572,0.003106728902621425,0.036361846223985715,976.1897224958428,0.00178817493290346
976.6552397693268,-0.0015106431674212217,976.037,0.003106728902621425,0.041596334573894514,976.6552397693268,0.0017436637661559268
977.1207570428107,-0.0001678492408245802,976.502,0.009642592467306033,0.04619205457285601,977.1207570428107,0.0016731079136929913
977.5862743162947,-0.0001678492408245802,976.967,0.00746397127907783,0.04969383812076956,977.5862743162947,0.0015952986912369687
978.0517915897786,-0.0018463416490703821,977.433,0.25397394760626346,0.05174498991461032,978.0517915897786,0.0015224956901908977
978.5173088632627,-0.0021820401307195425,977.896,0.09025261529265927,0.052140872713464896,978.5173088632627,0.0014523921425255912
978.9828261367466,-0.0015106431674212217,978.366,0.031751729539484685,0.050857976182287164,978.9828261367466,0.00137211579235225
979.4483434102306,0.000839246204122901,978.83,0.005607885707905158,0.04804935779185223,979.4483434102306,0.0012714547643558887
979.9138606837145,0.0003356984816491604,979.292,0.04232242972118394,0.044008771012698074,979.9138606837145,0.0011846137853073336
980.3793779571985,-0.0001678492408245802,979.758,0.003106728902621425,0.039115743048269556,980.3793779571985,0.001132608707455999
980.8448952306824,-0.0001678492408245802,980.221,0.001250643331448753,0.033777130930008385,980.8448952306824,0.0011104518097131626
981.3104125041663,-0.000839246204122901,980.687,0.003106728902621425,0.02837796000279658,981.3104125041663,0.0011082745657751522
981.7759297776503,-0.000839246204122901,981.155,0.031751729539484685,0.023248829860488537,981.7759297776503,0.0010902706727034792
982.2414470511342,-0.0001678492408245802,981.621,0.08153800068213268,0.018650995871153465,982.2414470511342,0.0010685907535095398
982.7069643246182,-0.0001678492408245802,982.086,0.003106728902621425,0.014774968391654096,982.7069643246182,0.0010526551389273807
983.1724815981021,-0.0001678492408245802,982.551,0.003106728902621425,0.011746007743503485,983.1724815981021,0.0010675710046279257
983.6379988715861,-0.0001678492408245802,983.011,0.020858493740730122,0.009630984965558037,983.6379988715861,0.0011012617449664653
984.10351614507,0.0005035477224737406,983.477,0.003106728902621425,0.008444074338719952,984.10351614507,0.0011013624857161804
984.569033418554,0.0011749446857720613,983.944,0.005285350090849628,0.008151181932831377,984.569033418554,0.0010894935263682886
985.0345506920379,0.0011749446857720613,984.407,0.003106728902621425,0.008673988655664893,985.0345506920379,0.001089898546542143
985.5000679655219,0.0010070954449474812,984.87,0.016178585889604413,0.009894554372701104,985.5000679655219,0.0010815041306934457
985.9655852390058,0.0005035477224737406,985.339,0.020858493740730122,0.011661161584313434,985.9655852390058,0.0010468306516068172
986.4311025124898,0.0011749446857720613,985.8,0.003106728902621425,0.01379574578988468,986.4311025124898,0.0009979752777761752
986.8966197859737,0.0011749446857720613,986.271,0.00746397127907783,0.016103158765844932,986.8966197859737,0.0009539616495948274
987.3621370594576,0.0005035477224737406,986.737,0.01399996470137621,0.01838266614567754,987.3621370594576,0.0009293725706194276
987.8276543329416,-0.0001678492408245802,987.199,0.009965257941975336,0.020442007884347003,987.8276543329416,0.0009085376434569379
988.2931716064255,0.0001678492408245802,987.665,0.04046634415001127,0.022113590727655102,988.2931716064255,0.0008855645358320256
988.7586888799095,-0.0001678492408245802,988.13,0.03142919392242938,0.02327112526911684,988.7586888799095,0.0008899436941539812
989.2242061533934,0.000839246204122901,988.595,0.009642592467306033,0.02384401117886751,989.2242061533934,0.000938698326296638
989.6897234268774,0.0030212863348424435,989.06,0.04232242972118394,0.023826641238528463,989.6897234268774,0.0010269887455994938
990.1552407003613,0.0021820401307195425,989.525,0.03393035072771289,0.02328049237688991,990.1552407003613,0.0011056532401127206
990.6207579738453,0.0005035477224737406,989.985,0.005285350090849628,0.022327901198195117,990.6207579738453,0.001152438283027242
991.0862752473292,-0.0001678492408245802,990.45,0.05353820113699426,0.02113751526189604,991.0862752473292,0.0011840257922685177
991.5517925208133,-0.0001678492408245802,990.918,0.001250643331448753,0.019902608309017633,991.5517925208133,0.0012336151416101496
992.0173097942971,-0.0011749446857720613,991.381,0.020858493740730122,0.01881469243136465,992.0173097942971,0.0012779083786755904
992.4828270677812,-0.000839246204122901,991.852,0.016178585889604413,0.018035957922480476,992.4828270677812,0.0013070616515911849
992.948344341265,-0.000839246204122901,992.314,0.003106728902621425,0.01767478437621051,992.948344341265,0.0013654751049515356
993.4138616147491,-0.0021820401307195425,992.781,0.003106728902621425,0.017768631674165286,993.4138616147491,0.001436407195071059
993.879378888233,-0.0021820401307195425,993.244,0.009642592467306033,0.018277878464430325,993.879378888233,0.0014640904686191126
994.3448961617169,-0.0023498893715441227,993.71,0.012143879130203539,0.019092612974667585,994.3448961617169,0.0014845964451785938
994.8104134352009,-0.000839246204122901,994.17,0.011821343513148008,0.020052121949041792,994.8104134352009,0.0015034782267382995
995.2759307086848,0.0010070954449474812,994.636,0.009965257941975336,0.020974230572671844,995.2759307086848,0.0015210894323765202
995.7414479821688,0.0011749446857720613,995.1,0.09678860871495765,0.02168922213881762,995.7414479821688,0.0015714518130531254
996.2069652556527,-0.0001678492408245802,995.566,0.012143879130203539,0.022071426003779,996.2069652556527,0.0016488005012329787
996.6724825291367,-0.0018463416490703821,996.033,0.001250643331448753,0.02206160844873395,996.6724825291367,0.0016942388983699807
997.1379998026206,-0.0018463416490703821,996.499,0.07096743035804742,0.02167555082874338,997.1379998026206,0.001758205453590791
997.6035170761046,-0.0018463416490703821,996.963,0.005607885707905158,0.020997706301391025,997.6035170761046,0.0018062137793500397
998.0690343495885,-0.0021820401307195425,997.429,0.016501121506659944,0.0201619729802068,998.0690343495885,0.001861154744786283
998.5345516230725,-0.0015106431674212217,997.892,0.001250643331448753,0.01932384696641078,998.5345516230725,0.0019091342872411441
999.0000688965564,-0.0001678492408245802,998.355,0.009642592467306033,0.01862966499575156,999.0000688965564,0.0019284149215878068
999.4655861700404,-0.0005035477224737406,998.822,0.01399996470137621,0.018188948506367823,999.4655861700404,0.0019667212522194227
999.9311034435243,-0.0018463416490703821,999.285,0.02925044287658718,0.01805468704256199,999.9311034435243,0.0020321084637313627
1000.3966207170082,-0.0028534370940178633,999.751,0.0009279778567794494,0.018214368915516893,1000.3966207170082,0.002084214283541611
1000.8621379904922,-0.0031891355756670237,1000.222,0.001250643331448753,0.01859271459163189,1000.8621379904922,0.0021472741674976007
1001.3276552639761,-0.0028534370940178633,1000.68,0.001250643331448753,0.01906573747582083,1001.3276552639761,0.002220229304964668
1001.7931725374601,-0.003524834057316184,1001.145,0.04232242972118394,0.01948436412551453,1001.7931725374601,0.0022596458445487766
1002.258689810944,-0.0041962312534451485,1001.611,0.00746397127907783,0.019703802197835036,1002.258689810944,0.0022787743387555864
1002.724207084428,-0.0041962312534451485,1002.077,0.10550322332548423,0.019612613574700496,1002.724207084428,0.0022955426103701015
1003.1897243579119,-0.0041962312534451485,1002.543,0.00746397127907783,0.01915446709362347,1003.1897243579119,0.002314362713027254
1003.6552416313959,-0.0057068741880357265,1003.012,0.00746397127907783,0.018337113376160306,1003.6552416313959,0.0023061944490212535
1004.1207589048798,-0.0068818191066384315,1003.47,0.003106728902621425,0.017227181408446823,1004.1207589048798,0.0023003165088572673
1004.5862761783638,-0.00553902518004179,1003.94,0.005607885707905158,0.01593401636819237,1004.5862761783638,0.0022995928145726763
1005.0517934518477,-0.003524834057316184,1004.403,0.003106728902621425,0.014588433613901773,1005.0517934518477,0.0023111616067217626
1005.5173107253318,-0.0031891355756670237,1004.87,0.001250643331448753,0.013321999972385196,1005.5173107253318,0.0023374715099742168
1005.9828279988157,-0.0015106431674212217,1005.333,0.040143678675341965,0.012250284215476536,1005.9828279988157,0.0023699944728492826
1006.4483452722997,0.000839246204122901,1005.8,0.01399996470137621,0.011460994639865512,1006.4483452722997,0.002375037701791842
1006.9138625457836,0.0005035477224737406,1006.263,0.00746397127907783,0.011006206140931592,1006.9138625457836,0.002351349124412858
1007.3793798192675,-0.0005035477224737406,1006.729,0.01399996470137621,0.010897592586580641,1007.3793798192675,0.0023209992920156033
1007.8448970927515,-0.0001678492408245802,1007.192,0.003106728902621425,0.011104478177324578,1007.8448970927515,0.002328758422039619
1008.3104143662354,-0.0001678492408245802,1007.657,0.001250643331448753,0.011555610689908938,1008.3104143662354,0.002362060587572156
1008.7759316397194,-0.0001678492408245802,1008.122,0.003106728902621425,0.012145975615358393,1008.7759316397194,0.0023957986129422896
1009.2414489132033,-0.0001678492408245802,1008.587,0.0034292645196769556,0.012749464535833917,1009.2414489132033,0.0023985330181009066
1009.7069661866873,-0.0005035477224737406,1009.052,0.00746397127907783,0.01323689323002522,1009.7069661866873,0.00240110705963294
1010.1724834601712,-0.0018463416490703821,1009.517,0.05571682232522246,0.013497027194809864,1010.1724834601712,0.0024312841915393847
1010.6380007336552,-0.0028534370940178633,1009.982,0.024893200500130774,0.013456563963686365,1010.6380007336552,0.002474970924692811
1011.1035180071391,-0.0036926832981407642,1010.448,0.0077865068961333606,0.013094471053607521,1011.1035180071391,0.0025028268968266165
1011.5690352806231,-0.003524834057316184,1010.911,0.0077865068961333606,0.012447416018759785,1011.5690352806231,0.002531887651472512
1012.034552554107,-0.0015106431674212217,1011.381,0.00746397127907783,0.01160570355406195,1012.034552554107,0.0025648464739342087
1012.500069827591,-0.0015106431674212217,1011.841,0.009965257941975336,0.010701538347247052,1012.500069827591,0.0025687527660723437
1012.9655871010749,-0.0041962312534451485,1012.311,0.00746397127907783,0.009892420327136315,1012.9655871010749,0.0025693777731403576
1013.4311043745589,-0.00553902518004179,1012.774,0.005607885707905158,0.009342237394573887,1013.4311043745589,0.0025662568520247882
1013.8966216480428,-0.004531929735094309,1013.236,0.016178585889604413,0.009201938159215092,1013.8966216480428,0.002561610421143961
1014.3621389215267,-0.0031891355756670237,1013.701,0.020858493740730122,0.009591062372874217,1014.3621389215267,0.002569548417169145
1014.8276561950107,-0.002517738612368703,1014.167,0.001250643331448753,0.0105811106770525,1014.8276561950107,0.002587788743392618
1015.2931734684946,-0.002517738612368703,1014.633,0.012143879130203539,0.01218190709466431,1015.2931734684946,0.002585588884435462
1015.7586907419786,-0.0028534370940178633,1015.1,0.012143879130203539,0.014332663592560923,1015.7586907419786,0.0025795814190053236
1016.2242080154625,-0.0028534370940178633,1015.566,0.0077865068961333606,0.016899949398465567,1016.2242080154625,0.0025718243460251147
1016.6897252889465,-0.0028534370940178633,1016.026,0.0034292645196769556,0.019684756321756106,1016.6897252889465,0.0025594043942922715
1017.1552425624304,-0.003524834057316184,1016.492,0.001250643331448753,0.022440179898661945,1017.1552425624304,0.0025615939733006736
1017.6207598359144,-0.0023498893715441227,1016.956,0.005285350090849628,0.02489979460018286,1017.6207598359144,0.0025416163750253042
1018.0862771093983,-0.0001678492408245802,1017.422,0.003106728902621425,0.026814347531748498,1018.0862771093983,0.002527724367896384
1018.5517943828823,0.0021820401307195425,1017.885,0.17739863154031088,0.027990976970090873,1018.5517943828823,0.0025252962987494117
1019.0173116563662,0.002517738612368703,1018.355,0.011821343513148008,0.028325984045649927,1019.0173116563662,0.002512354137128922
1019.4828289298503,0.0031891355756670237,1018.818,0.016501121506659944,0.027821816764348424,1019.4828289298503,0.002483278990870759
1019.9483462033342,0.004867628216743469,1019.281,0.016501121506659944,0.026583143997095434,1019.9483462033342,0.002415387637963082
1020.413863476818,0.0031891355756670237,1019.746,0.024893200500130774,0.02479381506306781,1020.413863476818,0.0023240482555945837
1020.8793807503021,-0.0003356984816491604,1020.217,0.00746397127907783,0.022681819393278457,1020.8793807503021,0.0022187284642964026
1021.344898023786,-0.0015106431674212217,1020.675,0.005285350090849628,0.02048088503959868,1021.344898023786,0.002129114018222106
1021.81041529727,-0.0015106431674212217,1021.14,0.009965257941975336,0.018396200050742283,1021.81041529727,0.0020975018388257874
1022.2759325707539,-0.0001678492408245802,1021.606,0.001250643331448753,0.01657957198917071,1022.2759325707539,0.00206464375789237
1022.7414498442379,0.0011749446857720613,1022.071,0.02925044287658718,0.015116754668559997,1022.7414498442379,0.0020037734506518677
1023.2069671177218,-0.0001678492408245802,1022.537,0.020858493740730122,0.014026946172387124,1023.2069671177218,0.0019472781902808475
1023.6724843912058,-0.0018463416490703821,1023.004,0.003106728902621425,0.013272218169813157,1023.6724843912058,0.0019125800375855448
1024.1380016646897,-0.000839246204122901,1023.47,0.027071821688358977,0.012773485981399088,1024.1380016646897,0.0018682724107130792
1024.6035189381737,-0.000839246204122901,1023.933,0.005285350090849628,0.012429592923067419,1024.6035189381737,0.0018273036351316519
1025.0690362116577,-0.0018463416490703821,1024.395,0.016501121506659944,0.012136606761537322,1025.0690362116577,0.0018317711992983394
1025.5345534851415,-0.0015106431674212217,1024.863,0.027394357305414507,0.011804999998690249,1025.5345534851415,0.001830971437442072
1026.0000707586255,-0.0003356984816491604,1025.326,0.003106728902621425,0.011372932576849834,1026.0000707586255,0.0018091434875644353
1026.4655880321095,-0.0015106431674212217,1025.796,0.00746397127907783,0.010814536427430849,1026.4655880321095,0.0017774264521444037
1026.9311053055933,-0.0015106431674212217,1026.259,0.016501121506659944,0.010142934874749187,1026.9311053055933,0.0017689456844689315
1027.3966225790773,-0.0015106431674212217,1026.724,0.009965257941975336,0.009408448243246761,1027.3966225790773,0.0017926486549146425
1027.8621398525613,-0.0030212863348424435,1027.188,0.003106728902621425,0.008692791991158574,1027.8621398525613,0.0018467919173065933
1028.3276571260453,-0.00553902518004179,1027.653,0.009965257941975336,0.00810016723504365,1028.3276571260453,0.0019153308926351015
1028.793174399529,-0.005035477224737406,1028.118,0.00746397127907783,0.007746187025081828,1028.793174399529,0.002010241445344563
1029.2586916730131,-0.0041962312534451485,1028.584,0.016178585889604413,0.007745578070968903,1029.2586916730131,0.0021192886652950716
1029.7242089464971,-0.0028534370940178633,1029.048,0.0009279778567794494,0.008199538796809689,1029.7242089464971,0.0022166128985764938
1030.1897262199811,-0.0015106431674212217,1029.514,0.009965257941975336,0.00918367740893456,1030.1897262199811,0.002281305201669221
1030.655243493465,-0.000839246204122901,1029.978,0.005607885707905158,0.01073765791111131,1030.655243493465,0.00233589048897564
1031.120760766949,-0.003356984816491604,1030.444,0.00746397127907783,0.01285782951437985,1031.120760766949,0.0023562155423675147
1031.586278040433,-0.00553902518004179,1030.907,0.00746397127907783,0.015493932628209748,1031.586278040433,0.0023647312591856995
1032.051795313917,-0.00553902518004179,1031.37,0.020858493740730122,0.01855037124578822,1032.051795313917,0.0023744517584931594
1032.5173125874007,-0.0028534370940178633,1031.84,0.020858493740730122,0.021891601551186864,1032.5173125874007,0.0023889790523907357
1032.9828298608847,-0.000839246204122901,1032.303,0.07500213711744808,0.025350173094573734,1032.9828298608847,0.0023755701929800365
1033.4483471343688,-0.0005035477224737406,1032.767,0.01399996470137621,0.028735444493549686,1033.4483471343688,0.002335952172364206
1033.9138644078525,-0.0028534370940178633,1033.237,0.029573108351256705,0.0318417122978718,1033.9138644078525,0.0022991919123935166
1034.3793816813366,-0.003524834057316184,1033.695,0.0009279778567794494,0.034456545359642946,1034.3793816813366,0.0022737640100312455
1034.8448989548206,-0.0015106431674212217,1034.162,0.001250643331448753,0.036372288755073624,1034.8448989548206,0.0022632375822905547
1035.3104162283046,-0.0001678492408245802,1034.628,0.018679742694887924,0.03740405824302076,1035.3104162283046,0.0022545738387927186
1035.7759335017884,0.0005035477224737406,1035.093,0.0077865068961333606,0.03741496439804834,1035.7759335017884,0.0022324518924512846
1036.2414507752724,0.000839246204122901,1035.559,0.21911548916415713,0.03634438090319653,1036.2414507752724,0.002243243537178614
1036.7069680487564,-0.0003356984816491604,1036.026,0.020858493740730122,0.034230282349292845,1036.7069680487564,0.0022849976830867464
1037.1724853222404,-0.0015106431674212217,1036.492,0.001250643331448753,0.0312157696241085,1037.1724853222404,0.0022779889732998993
1037.6380025957242,-0.0011749446857720613,1036.956,0.009965257941975336,0.027535012628991235,1037.6380025957242,0.002259898730754255
1038.1035198692082,-0.0011749446857720613,1037.415,0.001250643331448753,0.023482196816822076,1038.1035198692082,0.002280012023984146
1038.5690371426922,-0.0010070954449474812,1037.885,0.009642592467306033,0.019372856285062995,1038.5690371426922,0.002313197002894332
1039.0345544161762,-0.0005035477224737406,1038.348,0.009642592467306033,0.01550729433977689,1039.0345544161762,0.0023366285885273188
1039.50007168966,0.0018463416490703821,1038.811,0.001250643331448753,0.012142443019655016,1039.50007168966,0.002362058547542688
1039.965588963144,0.002517738612368703,1039.281,0.018357207077832394,0.009474512658434516,1039.965588963144,0.002395868530064407
1040.431106236628,0.0010070954449474812,1039.747,0.018357207077832394,0.0076316309578462966,1040.431106236628,0.002418395497432407
1040.8966235101118,0.0005035477224737406,1040.21,0.022714579311902794,0.006673707548853595,1040.8966235101118,0.0024534513812402583
1041.3621407835958,0.0005035477224737406,1040.675,0.0077865068961333606,0.006596142501800828,1041.3621407835958,0.002473280951258883
1041.8276580570798,-0.0001678492408245802,1041.14,0.005285350090849628,0.0073347842950698145,1041.8276580570798,0.0024792452417409963
1042.2931753305638,0.0011749446857720613,1041.606,0.005607885707905158,0.008771301715138013,1042.2931753305638,0.002522952533368842
1042.7586926040476,0.0005035477224737406,1042.071,0.0009279778567794494,0.010739946620328808,1042.7586926040476,0.0025284624602926855
1043.2242098775316,-0.000839246204122901,1042.537,0.003106728902621425,0.01303771164736929,1043.2242098775316,0.0025106271545995524
1043.6897271510156,-0.0015106431674212217,1042.996,0.003106728902621425,0.01543981199571737,1043.6897271510156,0.002529558277136684
1044.1552444244996,-0.0028534370940178633,1043.462,0.003106728902621425,0.017721340164354792,1044.1552444244996,0.0025419885078914184
1044.6207616979834,-0.0041962312534451485,1043.929,0.003106728902621425,0.01968405436619865,1044.6207616979834,0.002545228673446006
1045.0862789714674,-0.006210422143340111,1044.392,0.05353820113699426,0.021184769049626226,1045.0862789714674,0.0025612239125876457
1045.5517962449514,-0.007721065077930689,1044.855,0.11018313117660994,0.02215921733280501,1045.5517962449514,0.002562194317243539
1046.0173135184355,-0.00587472366169095,1045.325,0.01399996470137621,0.022633885784370204,1046.0173135184355,0.002559684010360259
1046.4828307919192,-0.003524834057316184,1045.789,0.009965257941975336,0.02272006388768612,1046.4828307919192,0.0025696779486067745
1046.9483480654033,-0.0036926832981407642,1046.251,0.001250643331448753,0.022589614534540718,1046.9483480654033,0.0025675130399958252
1047.4138653388873,-0.00587472366169095,1046.717,0.014322500318431741,0.02243819209376284,1047.4138653388873,0.0025500806987417543
1047.879382612371,-0.006210422143340111,1047.181,0.0009279778567794494,0.022445238680661818,1047.879382612371,0.002531507309059673
1048.344899885855,-0.0041962312534451485,1047.646,0.016501121506659944,0.022739825198084176,1048.344899885855,0.0024958572569121315
1048.810417159339,-0.003524834057316184,1048.113,0.022714579311902794,0.023378645240818757,1048.810417159339,0.002481227165717261
1049.275934432823,-0.003524834057316184,1048.578,0.003106728902621425,0.024339039913106614,1049.275934432823,0.0024503921318804202
1049.7414517063069,-0.0015106431674212217,1049.045,0.027071821688358977,0.02552679722670705,1049.7414517063069,0.002385383213757009
1050.2069689797909,-0.0028534370940178633,1049.511,0.07750329392273181,0.02679590659074896,1050.2069689797909,0.002326455771779828
1050.6724862532749,-0.004867628216743469,1049.97,0.003106728902621425,0.02797564016935482,1050.6724862532749,0.002273992217871108
1051.138003526759,-0.00553902518004179,1050.436,0.022714579311902794,0.028899768427568775,1051.138003526759,0.0022187880918902872
1051.6035208002427,-0.004867628216743469,1050.904,0.014322500318431741,0.029433604962143204,1051.6035208002427,0.002190196091761848
1052.0690380737267,-0.003524834057316184,1051.366,0.051359579948766054,0.029495910696248566,1052.0690380737267,0.0021669063684987993
1052.5345553472107,-0.0015106431674212217,1051.834,0.0753246727345036,0.029073101383647604,1052.5345553472107,0.002146022098442418
1053.0000726206947,0.0005035477224737406,1052.296,0.025215736117186305,0.028222926864698454,1053.0000726206947,0.002135834899630767
1053.4655898941785,-0.0001678492408245802,1052.767,0.011821343513148008,0.027065559984103454,1053.4655898941785,0.0021607673221418645
1053.9311071676625,-0.0005035477224737406,1053.229,0.025215736117186305,0.025762718658581502,1053.9311071676625,0.002202513243154436
1054.3966244411465,-0.0001678492408245802,1053.695,0.025215736117186305,0.024488735921674932,1054.3966244411465,0.0022289259447679376
1054.8621417146303,-0.0005035477224737406,1054.16,0.011821343513148008,0.023399438790927405,1054.8621417146303,0.0022275505178819812
1055.3276589881143,-0.000839246204122901,1054.625,0.0009279778567794494,0.022604789478792027,1055.3276589881143,0.002206528499811354
1055.7931762615983,-0.0015106431674212217,1055.085,0.02925044287658718,0.022150231213701143,1055.7931762615983,0.0021739685296689047
1056.2586935350823,-0.0015106431674212217,1055.55,0.001250643331448753,0.022010112666725402,1056.2586935350823,0.002180309056581297
1056.724210808566,-0.000839246204122901,1056.015,0.001250643331448753,0.022094499549741384,1056.724210808566,0.002223541427676544
1057.1897280820501,-0.0001678492408245802,1056.48,0.025215736117186305,0.022268224935001888,1057.1897280820501,0.0022562021402113925
1057.6552453555341,-0.0015106431674212217,1056.948,0.07935937949390448,0.02237838806940952,1057.6552453555341,0.0022716998375784786
1058.1207626290181,-0.0031891355756670237,1057.411,0.029573108351256705,0.022284187910925377,1058.1207626290181,0.002256720236154021
1058.586279902502,-0.0028534370940178633,1057.881,0.0009279778567794494,0.02188218558920906,1058.586279902502,0.0022153299911523237
1059.051797175986,-0.0018463416490703821,1058.344,0.04450105090941214,0.021121795206391895,1059.051797175986,0.0022062262746504356
1059.51731444947,-0.000839246204122901,1058.807,0.023037114928958324,0.02000914949998901,1059.51731444947,0.0022258317458632732
1059.9828317229537,0.0018463416490703821,1059.27,0.003106728902621425,0.018600504867654372,1059.9828317229537,0.002206966411978594
1060.4483489964377,0.0038605325389653444,1059.735,0.020535828266060596,0.016988123440518057,1060.4483489964377,0.002157747135881167
1060.9138662699218,0.002517738612368703,1060.204,0.003106728902621425,0.015282428457779253,1060.9138662699218,0.0021243627325581355
1061.3793835434058,-0.0001678492408245802,1060.67,0.005607885707905158,0.013594401371812035,1061.3793835434058,0.002092462720009577
1061.8449008168895,-0.0015106431674212217,1061.137,0.003106728902621425,0.012021567366926758,1061.8449008168895,0.0020501699156404265
1062.3104180903736,-0.0021820401307195425,1061.595,0.0009279778567794494,0.010639590939776608,1062.3104180903736,0.002021471006197546
1062.7759353638576,-0.0021820401307195425,1062.06,0.04450105090941214,0.00949976306183924,1062.7759353638576,0.0019790096143899654
1063.2414526373416,-0.0028534370940178633,1062.526,0.003106728902621425,0.008630941120289476,1063.2414526373416,0.0019189596303320323
1063.7069699108254,-0.0028534370940178633,1062.992,0.012143879130203539,0.008043521753633641,1063.7069699108254,0.0018560868365056164
1064.1724871843094,-0.0015106431674212217,1063.458,0.0009279778567794494,0.007733354174799515,1064.1724871843094,0.001776231953607927
1064.6380044577934,-0.0001678492408245802,1063.926,0.003106728902621425,0.007684799274848156,1064.6380044577934,0.0016976928710460992
1065.1035217312774,-0.000839246204122901,1064.388,0.003106728902621425,0.007873332701887302,1065.1035217312774,0.0016208067699968044
1065.5690390047612,-0.0001678492408245802,1064.852,0.003106728902621425,0.008268401595439552,1065.5690390047612,0.0015244262144347989
1066.0345562782452,0.0011749446857720613,1065.322,0.03578643629888556,0.008836721155827709,1066.0345562782452,0.0014282142464338541
1066.5000735517292,0.0021820401307195425,1065.785,0.001250643331448753,0.009545414785753117,1066.5000735517292,0.001338359254357861
1066.965590825213,-0.0001678492408245802,1066.247,0.0034292645196769556,0.010364048449812908,1066.965590825213,0.0012471473432546685
1067.431108098697,-0.001678492408245802,1066.713,0.009642592467306033,0.01126501383507019,1067.431108098697,0.001160065818404049
1067.896625372181,-0.0010070954449474812,1067.177,0.027071821688358977,0.012222461759468067,1067.896625372181,0.0010884614356402066
1068.362142645665,-0.0001678492408245802,1067.643,0.0009279778567794494,0.013210392185135547,1068.362142645665,0.0010529511877464862
1068.8276599191488,-0.000839246204122901,1068.108,0.011821343513148008,0.014200490449529564,1068.8276599191488,0.0010378564535579303
1069.2931771926328,-0.0021820401307195425,1068.574,0.023037114928958324,0.01516025313520669,1069.2931771926328,0.0010346697410235815
1069.7586944661168,-0.0031891355756670237,1069.04,0.0077865068961333606,0.016051961995854184,1069.7586944661168,0.0010366681200184725
1070.2242117396008,-0.0028534370940178633,1069.506,0.027071821688358977,0.01683296072460787,1070.2242117396008,0.0010388967648524148
1070.6897290130846,-0.0001678492408245802,1069.971,0.00746397127907783,0.017457516356457408,1070.6897290130846,0.0010397376418722403
1071.1552462865686,-0.0001678492408245802,1070.437,0.0009279778567794494,0.01788046723376675,1071.1552462865686,0.0010264171872910034
1071.6207635600526,-0.000839246204122901,1070.9,0.03393035072771289,0.018062748274456655,1071.6207635600526,0.0010160531758259513
1072.0862808335366,0.0003356984816491604,1071.362,0.0034292645196769556,0.01797841602570739,1072.0862808335366,0.0010443758467481232
1072.5517981070204,0.0011749446857720613,1071.826,0.04885829328586855,0.017621928395233372,1072.5517981070204,0.0011201908038405667
1073.0173153805044,0.0011749446857720613,1072.296,0.016178585889604413,0.017013663729971266,1073.0173153805044,0.001209065110966835
1073.4828326539885,0.0011749446857720613,1072.763,0.01399996470137621,0.016201669977467748,1073.4828326539885,0.0012721373339259646
1073.9483499274722,-0.0011749446857720613,1073.225,0.01399996470137621,0.015258644618482807,1073.9483499274722,0.0013220885256044678
1074.4138672009562,-0.003524834057316184,1073.691,0.00746397127907783,0.01427465713460828,1074.4138672009562,0.0013549342716214956
1074.8793844744403,-0.0041962312534451485,1074.156,0.0077865068961333606,0.013347274652821334,1074.8793844744403,0.0013428864466602914
1075.3449017479243,-0.003524834057316184,1074.622,0.01399996470137621,0.01257101443872048,1075.3449017479243,0.0013702387128980513
1075.810419021408,-0.002517738612368703,1075.081,0.020858493740730122,0.01202754202460053,1075.810419021408,0.001446867823829775
1076.275936294892,-0.001678492408245802,1075.547,0.005285350090849628,0.011777259666985857,1076.275936294892,0.0015270907233328294
1076.741453568376,0.0011749446857720613,1076.012,0.02925044287658718,0.011852409968186954,1076.741453568376,0.0015930453788032721
1077.20697084186,0.000839246204122901,1076.478,0.003106728902621425,0.012251847320602612,1077.20697084186,0.0016349372744710049
1077.6724881153439,-0.0015106431674212217,1076.94,0.0009279778567794494,0.012938143410092962,1077.6724881153439,0.001660003332739643
1078.1380053888279,-0.001678492408245802,1077.41,0.005607885707905158,0.013838321556735632,1078.1380053888279,0.0016974585033540158
1078.603522662312,-0.0001678492408245802,1077.871,0.001250643331448753,0.01484969030624719,1078.603522662312,0.00171279995122491
1079.069039935796,0.0005035477224737406,1078.34,0.020535828266060596,0.01585148126600345,1079.069039935796,0.0017302137895682415
1079.5345572092797,0.0011749446857720613,1078.804,0.014322500318431741,0.01672131864220205,1079.5345572092797,0.0017447534195742943
1080.0000744827637,0.0011749446857720613,1079.266,0.06193028013046531,0.017353614502709683,1080.0000744827637,0.001769872932103742
1080.4655917562477,0.0011749446857720613,1079.732,0.014322500318431741,0.017675755054038744,1080.4655917562477,0.0017781995023217739
1080.9311090297315,0.000839246204122901,1080.195,0.014322500318431741,0.017658250613096105,1080.9311090297315,0.0017768466929389542
1081.3966263032155,-0.0005035477224737406,1080.661,0.003106728902621425,0.01731697515569152,1081.3966263032155,0.0017855022139311076
1081.8621435766995,-0.0015106431674212217,1081.126,0.020535828266060596,0.016708172869521056,1081.8621435766995,0.0018113700894999145
1082.3276608501835,-0.0001678492408245802,1081.591,0.018679742694887924,0.015918539314110653,1082.3276608501835,0.001824005915998547
1082.7931781236673,-0.0001678492408245802,1082.056,0.009965257941975336,0.015052822441688268,1082.7931781236673,0.0018296597600859987
1083.2586953971513,-0.0015106431674212217,1082.522,0.01399996470137621,0.014220733076347077,1083.2586953971513,0.001855174013308255
1083.7242126706353,-0.0015106431674212217,1082.989,0.009965257941975336,0.013524370979782705,1083.7242126706353,0.0019050635264492469
1084.1897299441193,-0.0001678492408245802,1083.454,0.020535828266060596,0.013047047605270774,1084.1897299441193,0.001908081651482425
1084.6552472176031,-0.000839246204122901,1083.915,0.016178585889604413,0.012844132263862447,1084.6552472176031,0.001906383443268305
1085.1207644910871,-0.0015106431674212217,1084.384,0.012143879130203539,0.012936381813190288,1085.1207644910871,0.0019363056380341988
1085.5862817645711,-0.0005035477224737406,1084.845,0.003106728902621425,0.013306329532571501,1085.5862817645711,0.001985290536058686
1086.051799038055,0.0005035477224737406,1085.314,0.003106728902621425,0.01389865399228236,1086.051799038055,0.002007622189240005
1086.517316311539,0.0005035477224737406,1085.778,0.003106728902621425,0.01462556456182898,1086.517316311539,0.001983156468260787
1086.982833585023,-0.0005035477224737406,1086.24,0.03360781511065736,0.015377619192589304,1086.982833585023,0.0019822600775521713
1087.448350858507,-0.0010070954449474812,1086.706,0.005285350090849628,0.016039020596442983,1087.448350858507,0.002009838497064274
1087.9138681319907,-0.0021820401307195425,1087.171,0.03578643629888556,0.016504954407540344,1087.9138681319907,0.00203721543411301
1088.3793854054747,-0.0021820401307195425,1087.637,0.022714579311902794,0.016697731791899286,1088.3793854054747,0.0020518249652050364
1088.8449026789588,-0.0028534370940178633,1088.103,0.00746397127907783,0.01657871723495657,1088.8449026789588,0.0020603571287970517
1089.3104199524428,-0.0041962312534451485,1088.569,0.027394357305414507,0.016154035007689617,1089.3104199524428,0.002066405713217975
1089.7759372259266,-0.005035477224737406,1089.034,0.020535828266060596,0.015473350135194734,1089.7759372259266,0.0020803367829726224
1090.2414544994106,-0.00520332669839263,1089.5,0.016501121506659944,0.014622174472509446,1090.2414544994106,0.002077931329757399
1090.7069717728946,-0.004867628216743469,1089.967,0.005285350090849628,0.013709076359376984,1090.7069717728946,0.002047005835473231
1091.1724890463786,-0.004531929735094309,1090.425,0.0034292645196769556,0.012850001281573731,1091.1724890463786,0.0020309694801983946
1091.6380063198624,-0.004364080261439085,1090.893,0.003106728902621425,0.01215247912307871,1091.6380063198624,0.002040064971858907
1092.1035235933464,-0.00520332669839263,1091.355,0.018679742694887924,0.011702358595322227,1092.1035235933464,0.0020483051911884347
1092.5690408668304,-0.003524834057316184,1091.826,0.012143879130203539,0.011554744882918612,1092.5690408668304,0.0020752195405533466
1093.0345581403142,-0.0011749446857720613,1092.288,0.00746397127907783,0.011729508490761924,1093.0345581403142,0.0020907624692449228
1093.5000754137982,0.0001678492408245802,1092.754,0.020535828266060596,0.012210760137110989,1093.5000754137982,0.0020556716341754103
1093.9655926872822,-0.0005035477224737406,1093.22,0.018679742694887924,0.012949332968154113,1093.9655926872822,0.0020079408584996873
1094.4311099607662,-0.0015106431674212217,1093.685,0.00746397127907783,0.013867439105596733,1094.4311099607662,0.001991834597989386
1094.89662723425,-0.0038605325389653444,1094.145,0.005285350090849628,0.014865072236544472,1094.89662723425,0.0020301861584881794
1095.362144507734,-0.006210422143340111,1094.61,0.023037114928958324,0.01582819670600191,1095.362144507734,0.002083147249739626
1095.827661781218,-0.006210422143340111,1095.077,0.0034292645196769556,0.016638936883835533,1095.827661781218,0.0020871234434884805
1096.293179054702,-0.0041962312534451485,1095.543,0.0009279778567794494,0.01718760473600506,1096.293179054702,0.0020968521656324415
1096.7586963281858,-0.0018463416490703821,1096.008,0.05975152908462311,0.017385562246891695,1096.7586963281858,0.002071913577186056
1097.2242136016698,-0.000839246204122901,1096.474,0.01399996470137621,0.017176921540245308,1097.2242136016698,0.002040237663531692
1097.6897308751538,0.0005035477224737406,1096.937,0.02925044287658718,0.016546526454008195,1097.6897308751538,0.002038767664075743
1098.1552481486378,0.0005035477224737406,1097.407,0.001250643331448753,0.01552225761290559,1098.1552481486378,0.0020320426743003464
1098.6207654221216,-0.000839246204122901,1097.867,0.005607885707905158,0.014171451933222355,1098.6207654221216,0.0020204697709155293
1099.0862826956056,-0.0021820401307195425,1098.336,0.016501121506659944,0.012593030385775712,1099.0862826956056,0.00200893798632757
1099.5517999690896,-0.003524834057316184,1098.797,0.001250643331448753,0.010907648519848675,1099.5517999690896,0.002031917260538001
1100.0173172425734,-0.0021820401307195425,1099.266,0.01399996470137621,0.009247698692596283,1100.0173172425734,0.0020678530907646286
1100.4828345160574,-0.000839246204122901,1099.725,0.020858493740730122,0.007747989188805997,1100.4828345160574,0.0020799769831121354
1100.9483517895414,-0.0015106431674212217,1100.196,0.001250643331448753,0.0065371281350661194,1100.9483517895414,0.002073202647830522
1101.4138690630255,-0.0021820401307195425,1100.662,0.001250643331448753,0.0057294328544488515,1101.4138690630255,0.0020854190612054993
1101.8793863365092,-0.0028534370940178633,1101.126,0.0009279778567794494,0.005417541625271768,1101.8793863365092,0.0020998271097286397
1102.3449036099933,-0.0021820401307195425,1101.585,0.009965257941975336,0.005666377244941629,1102.3449036099933,0.0020814058575655296
1102.8104208834773,-0.0001678492408245802,1102.052,0.001250643331448753,0.006509186574541403,1102.8104208834773,0.0020695142805376844
1103.2759381569613,0.0011749446857720613,1102.518,0.001250643331448753,0.007945995020443651,1103.2759381569613,0.0020669834121227666
1103.741455430445,0.0011749446857720613,1102.985,0.020858493740730122,0.009944274489074667,1103.741455430445,0.00203092011392476
1104.206972703929,0.000839246204122901,1103.451,0.02925044287658718,0.01244115110295944,1104.206972703929,0.0019696961857522417
1104.672489977413,-0.0001678492408245802,1103.911,0.009965257941975336,0.015346249707045708,1104.672489977413,0.0019230201103139068
1105.138007250897,-0.0015106431674212217,1104.381,0.009965257941975336,0.0185446115837693,1105.138007250897,0.0019266570716829415
1105.6035245243809,-0.0028534370940178633,1104.844,0.024893200500130774,0.02190009652446671,1105.6035245243809,0.001967152982107227
1106.0690417978649,-0.0021820401307195425,1105.307,0.001250643331448753,0.025260678854487326,1106.0690417978649,0.002018088970875234
1106.534559071349,-0.0001678492408245802,1105.774,0.001250643331448753,0.02846723818837596,1106.534559071349,0.0020593209086695913
1107.0000763448327,-0.0001678492408245802,1106.237,0.001250643331448753,0.03136636691215683,1107.0000763448327,0.0020719711270485684
1107.4655936183167,-0.0018463416490703821,1106.702,0.19732901756664778,0.03382531043759277,1107.4655936183167,0.00203104141220492
1107.9311108918007,-0.0021820401307195425,1107.17,0.001250643331448753,0.035744346311275835,1107.9311108918007,0.0019823566806320457
1108.3966281652847,-0.0001678492408245802,1107.635,0.001250643331448753,0.03706126276084227,1108.3966281652847,0.0019643301709612836
1108.8621454387685,0.002517738612368703,1108.1,0.029573108351256705,0.037746124237249955,1108.8621454387685,0.0019939439753154224
1109.3276627122525,0.0018463416490703821,1108.565,0.023037114928958324,0.03779017679199895,1109.3276627122525,0.0020246104223498027
1109.7931799857365,0.0005035477224737406,1109.029,0.003106728902621425,0.037195944258896954,1109.7931799857365,0.0020370406550267073
1110.2586972592205,0.0011749446857720613,1109.495,0.029573108351256705,0.03597431610594127,1110.2586972592205,0.0020387717603105645
1110.7242145327043,0.0018463416490703821,1109.96,0.009965257941975336,0.03415039731163321,1110.7242145327043,0.00205040017497433
1111.1897318061883,0.0028534370940178633,1110.426,0.1686840169297843,0.0317752451202151,1111.1897318061883,0.0020739674503970754
1111.6552490796723,0.002517738612368703,1110.889,0.001250643331448753,0.0289369695576872,1111.6552490796723,0.002076502429009638
1112.1207663531563,0.0011749446857720613,1111.351,0.014322500318431741,0.02576406317466107,1112.1207663531563,0.002037065328447156
1112.5862836266401,0.0011749446857720613,1111.815,0.005607885707905158,0.022417396102392118,1112.5862836266401,0.002000368800050889
1113.0518009001241,0.0028534370940178633,1112.285,0.011821343513148008,0.019072935614804908,1113.0518009001241,0.0020087097618555214
1113.5173181736081,0.003524834057316184,1112.751,0.005607885707905158,0.01590095247667941,1113.5173181736081,0.002043716303972976
1113.982835447092,0.002517738612368703,1113.214,0.01399996470137621,0.013047531562561093,1113.982835447092,0.0020946810753637688
1114.448352720576,0.0005035477224737406,1113.68,0.003106728902621425,0.01062203741964547,1114.448352720576,0.0021535694542817365
1114.91386999406,-0.0021820401307195425,1114.145,0.005285350090849628,0.008691772740534507,1114.91386999406,0.002202237737401021
1115.379387267544,-0.003524834057316184,1114.611,0.020535828266060596,0.007283221793994845,1115.379387267544,0.002243167454432064
1115.8449045410277,-0.003524834057316184,1115.071,0.012143879130203539,0.00638803557812653,1115.8449045410277,0.0022929952928599203
1116.3104218145118,-0.0028534370940178633,1115.536,0.00746397127907783,0.005971320967306164,1116.3104218145118,0.0023571859491309504
1116.7759390879958,-0.000839246204122901,1116.004,0.005607885707905158,0.00597998451609196,1116.7759390879958,0.002438539614170117
1117.2414563614798,0.000839246204122901,1116.469,0.005285350090849628,0.006349745974778357,1117.2414563614798,0.002516289214470797
1117.7069736349636,-0.000839246204122901,1116.93,0.0034292645196769556,0.007010464939455902,1117.7069736349636,0.002553943811554223
1118.1724909084476,-0.003524834057316184,1117.4,0.003106728902621425,0.007890088117129572,1118.1724909084476,0.0025771410174943985
1118.6380081819316,-0.00520332669839263,1117.863,0.011821343513148008,0.008917647980298057,1118.6380081819316,0.002596263344339978
1119.1035254554154,-0.004531929735094309,1118.326,0.02925044287658718,0.01002546362566478,1119.1035254554154,0.0025902168171168635
1119.5690427288994,-0.0018463416490703821,1118.796,0.005607885707905158,0.011150360865988074,1119.5690427288994,0.002594127221637185
1120.0345600023834,0.0005035477224737406,1119.259,0.005285350090849628,0.012233809701767278,1120.0345600023834,0.0026494362005474253
1120.5000772758674,0.0011749446857720613,1119.724,0.001250643331448753,0.013221542389490299,1120.5000772758674,0.002750794193633211
1120.9655945493512,-0.0005035477224737406,1120.188,0.009965257941975336,0.01406393889817775,1120.9655945493512,0.0028568335690867834
1121.4311118228352,-0.003524834057316184,1120.654,0.005607885707905158,0.014718429269365757,1121.4311118228352,0.0029244309229097838
1121.8966290963192,-0.003524834057316184,1121.118,0.046679672097640346,0.015154119418289,1121.8966290963192,0.0029314786968253
1122.3621463698032,-0.0021820401307195425,1121.583,0.012143879130203539,0.015357417972305129,1122.3621463698032,0.0029062091029480124
1122.827663643287,-0.002517738612368703,1122.048,0.001250643331448753,0.015336616157103109,1122.827663643287,0.0028655713320902185
1123.293180916771,-0.0028534370940178633,1122.513,0.020858493740730122,0.01512367093050407,1123.293180916771,0.0028442265334785474
1123.758698190255,-0.0028534370940178633,1122.978,0.03796505748711376,0.014772393894919356,1123.758698190255,0.00285424308898579
1124.224215463739,-0.0028534370940178633,1123.443,0.001250643331448753,0.014353016024122292,1124.224215463739,0.002903696742637114
1124.6897327372228,-0.0028534370940178633,1123.911,0.012143879130203539,0.013943590804942473,1124.6897327372228,0.002960765608989142
1125.1552500107068,-0.0041962312534451485,1124.374,0.01399996470137621,0.013619366948768329,1125.1552500107068,0.0029887140988764543
1125.6207672841908,-0.004867628216743469,1124.837,0.003106728902621425,0.013442009582170693,1125.6207672841908,0.002991168895715652
1126.0862845576746,-0.0028534370940178633,1125.307,0.011821343513148008,0.013450795124970511,1126.0862845576746,0.002987385961456772
1126.5518018311586,-0.0021820401307195425,1125.77,0.00746397127907783,0.013657449516796592,1126.5518018311586,0.0030109635162778575
1127.0173191046426,-0.0041962312534451485,1126.232,0.024893200500130774,0.014045406768354717,1127.0173191046426,0.003058792974393253
1127.4828363781266,-0.004531929735094309,1126.698,0.003106728902621425,0.014573263879418166,1127.4828363781266,0.0030746340155869273
1127.9483536516104,-0.0041962312534451485,1127.162,0.02925044287658718,0.015181396054437987,1127.9483536516104,0.003024158556808708
1128.4138709250944,-0.00520332669839263,1127.628,0.014322500318431741,0.015800289868855788,1128.4138709250944,0.0029839422537028316
1128.8793881985785,-0.007553216069936752,1128.093,0.016501121506659944,0.016359176205242913,1128.8793881985785,0.0029453542576338395
1129.3449054720625,-0.007553216069936752,1128.559,0.003106728902621425,0.016793879198182284,1129.3449054720625,0.0029235797665600636
1129.8104227455462,-0.0041962312534451485,1129.026,0.02925044287658718,0.017053207361148716,1129.8104227455462,0.002913452192353522
1130.2759400190303,-0.0015106431674212217,1129.491,0.03828759310416929,0.01710339635003981,1130.2759400190303,0.002930210184381472
1130.7414572925143,-0.0001678492408245802,1129.952,0.005607885707905158,0.016930086826959328,1130.7414572925143,0.0029588145197457123
1131.2069745659983,-0.0001678492408245802,1130.421,0.00746397127907783,0.016537600680545234,1131.2069745659983,0.0029494743713582602
1131.672491839482,-0.0030212863348424435,1130.882,0.00746397127907783,0.015946141166321988,1131.672491839482,0.0028931847058527574
1132.138009112966,-0.00553902518004179,1131.351,0.001250643331448753,0.015188337054742932,1132.138009112966,0.002836500299480481
1132.60352638645,-0.006210422143340111,1131.811,0.047002207714695876,0.014306356754452793,1132.60352638645,0.0028219257205170877
1133.0690436599339,-0.00553902518004179,1132.281,0.0077865068961333606,0.013349643493100478,1133.0690436599339,0.002834637616657865
1133.5345609334179,-0.0021820401307195425,1132.74,0.020858493740730122,0.012372209489979868,1133.5345609334179,0.002797969874181162
1134.000078206902,0.0005035477224737406,1133.21,0.005285350090849628,0.011428390726654282,1134.000078206902,0.0027660883637219994
1134.465595480386,-0.0021820401307195425,1133.676,0.00746397127907783,0.010567001131586349,1134.465595480386,0.002742940502329808
1134.9311127538697,-0.003524834057316184,1134.14,0.005607885707905158,0.009825045984140583,1134.9311127538697,0.002747632164697684
1135.3966300273537,-0.001678492408245802,1134.606,0.003106728902621425,0.009222748196020196,1135.3966300273537,0.002733775109369431
1135.8621473008377,-0.0005035477224737406,1135.066,0.0034292645196769556,0.008761436711753183,1135.8621473008377,0.002749334486066853
1136.3276645743217,-0.001678492408245802,1135.532,0.005285350090849628,0.008425075053910713,1136.3276645743217,0.002755304944574686
1136.7931818478055,-0.004531929735094309,1136.0,0.027394357305414507,0.00818515544047979,1136.7931818478055,0.0027577453488547904
1137.2586991212895,-0.004867628216743469,1136.465,0.003106728902621425,0.008007677059747689,1137.2586991212895,0.002745720138196909
1137.7242163947735,-0.0028534370940178633,1136.926,0.009642592467306033,0.007860398821780764,1137.7242163947735,0.002741024364131297
1138.1897336682575,-0.000839246204122901,1137.396,0.005607885707905158,0.007718776122039666,1138.1897336682575,0.0027515178966702344
1138.6552509417413,-0.0001678492408245802,1137.859,0.012143879130203539,0.00756970455985471,1138.6552509417413,0.002774088038142102
1139.1207682152253,-0.000839246204122901,1138.322,0.005607885707905158,0.007412850183948393,1139.1207682152253,0.0027711357033299118
1139.5862854887093,-0.002517738612368703,1138.785,0.0077865068961333606,0.007259691693482575,1139.5862854887093,0.002740942123902443
1140.0518027621931,-0.003524834057316184,1139.255,0.012143879130203539,0.0071305762364272446,1140.0518027621931,0.00269649263572094
1140.5173200356771,-0.0028534370940178633,1139.72,0.003106728902621425,0.007050268157225534,1140.5173200356771,0.0026697674318382422
1140.9828373091611,-0.001678492408245802,1140.187,0.005285350090849628,0.007042681890807361,1140.9828373091611,0.002672220170595546
1141.4483545826452,-0.0003356984816491604,1140.645,0.001250643331448753,0.007125684967287561,1141.4483545826452,0.0026734475672056243
1141.913871856129,-0.0015106431674212217,1141.111,0.014322500318431741,0.007306910240245071,1141.913871856129,0.0026430463368812486
1142.379389129613,-0.0028534370940178633,1141.577,0.005285350090849628,0.007581321354321657,1142.379389129613,0.0026034756007351904
1142.844906403097,-0.0015106431674212217,1142.041,0.00746397127907783,0.007930930777608787,1142.844906403097,0.0025506851510969865
1143.310423676581,0.0005035477224737406,1142.508,0.001250643331448753,0.008326813824590839,1143.310423676581,0.0025339600530815557
1143.7759409500648,0.0023498893715441227,1142.975,0.003106728902621425,0.008733447152995226,1143.7759409500648,0.0025375887938556695
1144.2414582235488,0.002517738612368703,1143.44,0.009965257941975336,0.009115186252610466,1144.2414582235488,0.0025208020210187297
1144.7069754970328,0.0011749446857720613,1143.903,0.020858493740730122,0.009444159384122072,1144.7069754970328,0.0024724606320917653
1145.1724927705166,-0.0003356984816491604,1144.366,0.00746397127907783,0.00970813396646414,1145.1724927705166,0.0024262697594020304
1145.6380100440006,-0.0001678492408245802,1144.834,0.023037114928958324,0.00991646920169702,1145.6380100440006,0.00238988162272083
1146.1035273174846,0.0010070954449474812,1145.296,0.0077865068961333606,0.01010248314669192,1146.1035273174846,0.0023395418568580347
1146.5690445909686,0.0030212863348424435,1145.767,0.003106728902621425,0.010321391670679587,1146.5690445909686,0.00233309236161104
1147.0345618644524,0.004364080261439085,1146.229,0.016178585889604413,0.010644024636176093,1147.0345618644524,0.002298332531410608
1147.5000791379364,0.00520332669839263,1146.694,0.005607885707905158,0.011147327108246953,1147.5000791379364,0.0022137243044847176
1147.9655964114204,0.0038605325389653444,1147.159,0.020858493740730122,0.01190296394071761,1147.9655964114204,0.0021231415074388156
1148.4311136849044,0.0018463416490703821,1147.625,0.003106728902621425,0.012965290086683545,1148.4311136849044,0.0020462307313834235
1148.8966309583882,-0.0001678492408245802,1148.089,0.025215736117186305,0.01435984512994143,1148.8966309583882,0.001995964979630463
1149.3621482318722,-0.000839246204122901,1148.554,0.0034292645196769556,0.01607354464508858,1149.3621482318722,0.001965637762759988
1149.8276655053562,-0.0015106431674212217,1149.019,0.04232242972118394,0.018047825700893857,1149.8276655053562,0.0019220743848478235
1150.2931827788402,-0.0018463416490703821,1149.485,0.0009279778567794494,0.020176123330812916,1150.2931827788402,0.0018638562455429678
1150.758700052324,-0.0028534370940178633,1149.948,0.001250643331448753,0.022307266392991527,1150.758700052324,0.00181330266214071
1151.224217325808,-0.0015106431674212217,1150.411,0.003106728902621425,0.02425652179223102,1151.224217325808,0.0017551420867667094
1151.689734599292,-0.0003356984816491604,1150.881,0.020535828266060596,0.025825412874801848,1151.689734599292,0.0017095597707064876
1152.1552518727758,-0.0018463416490703821,1151.344,0.0077865068961333606,0.026829386340286587,1152.1552518727758,0.0016863666772739825
1152.6207691462598,-0.004531929735094309,1151.811,0.10768184451371243,0.027129109568826006,1152.6207691462598,0.0016644153738633615
1153.0862864197438,-0.004867628216743469,1152.273,0.05975152908462311,0.026658081252795264,1153.0862864197438,0.0016620818788292532
1153.5518036932278,-0.004867628216743469,1152.739,0.014322500318431741,0.025438425320764246,1153.5518036932278,0.0017148476592335736
1154.0173209667116,-0.003356984816491604,1153.202,0.012143879130203539,0.023579601606178658,1154.0173209667116,0.0018178730218878592
1154.4828382401956,-0.001678492408245802,1153.667,0.016178585889604413,0.02126032070617026,1154.4828382401956,0.0019116384175287939
1154.9483555136796,-0.000839246204122901,1154.133,0.0009279778567794494,0.018699064757056676,1154.9483555136796,0.0019438200973228223
1155.4138727871637,-0.0011749446857720613,1154.599,0.009965257941975336,0.016120808318188202,1155.4138727871637,0.0019643281296370598
1155.8793900606474,-0.0031891355756670237,1155.063,0.003106728902621425,0.013726836264722812,1155.8793900606474,0.001968995121165441
1156.3449073341314,-0.004531929735094309,1155.529,0.005607885707905158,0.011672383974139899,1156.3449073341314,0.0019504176212372332
1156.8104246076155,-0.004531929735094309,1155.996,0.025215736117186305,0.010054302021172145,1156.8104246076155,0.0019836519402207983
1157.2759418810995,-0.0031891355756670237,1156.462,0.001250643331448753,0.008908676985290461,1157.2759418810995,0.002061751050206356
1157.7414591545833,-0.0015106431674212217,1156.922,0.016178585889604413,0.008216769233910105,1157.7414591545833,0.0021332094645521073
1158.2069764280673,-0.0028534370940178633,1157.391,0.001250643331448753,0.007916995626259441,1158.2069764280673,0.0021810615417933604
1158.6724937015513,-0.004867628216743469,1157.852,0.0009279778567794494,0.007920774140184722,1158.6724937015513,0.002184772520032854
1159.138010975035,-0.0036926832981407642,1158.315,0.001250643331448753,0.008130290378140002,1159.138010975035,0.0021802926213319277
1159.603528248519,-0.0001678492408245802,1158.785,0.031751729539484685,0.008456141275900268,1159.603528248519,0.0022176449943352994
1160.069045522003,0.0018463416490703821,1159.248,0.024893200500130774,0.008832320630762863,1160.069045522003,0.0022719630087006935
1160.534562795487,-0.0001678492408245802,1159.714,0.012143879130203539,0.009225729851009166,1160.534562795487,0.0022982523523123084
1161.0000800689709,-0.001678492408245802,1160.177,0.001250643331448753,0.009638145856157021,1161.0000800689709,0.0023039904897881568
1161.4655973424549,-0.0015106431674212217,1160.643,0.003106728902621425,0.010100447159290616,1161.4655973424549,0.00232215680246932
1161.931114615939,-0.0010070954449474812,1161.107,0.022714579311902794,0.010660911979410848,1161.931114615939,0.0023699985994338514
1162.396631889423,0.0001678492408245802,1161.573,0.001250643331448753,0.011370492339488726,1162.396631889423,0.002424230267382495
1162.8621491629067,0.0005035477224737406,1162.037,0.003106728902621425,0.012268027970022076,1162.8621491629067,0.0024598597600374965
1163.3276664363907,-0.0001678492408245802,1162.502,0.00746397127907783,0.013367959646104793,1163.3276664363907,0.002455472378434145
1163.7931837098747,-0.000839246204122901,1162.968,0.016501121506659944,0.014652503146087376,1163.7931837098747,0.0024469895583178066
1164.2587009833587,0.0005035477224737406,1163.433,0.024893200500130774,0.016069317825049553,1164.2587009833587,0.00243441129968848
1164.7242182568425,0.0030212863348424435,1163.896,0.018357207077832394,0.01753458672323646,1164.7242182568425,0.002443268302470956
1165.1897355303265,0.0031891355756670237,1164.366,0.016178585889604413,0.018940676210827984,1165.1897355303265,0.0024569608830452665
1165.6552528038105,0.0011749446857720613,1164.826,0.0009279778567794494,0.02016749348481374,1165.6552528038105,0.002457577666170248
1166.1207700772943,0.0005035477224737406,1165.295,0.025215736117186305,0.021096945205317727,1166.1207700772943,0.0024597590218059947
1166.5862873507783,0.0005035477224737406,1165.763,0.009965257941975336,0.021629778309161657,1166.5862873507783,0.0024442983306339843
1167.0518046242623,-0.000839246204122901,1166.225,0.005285350090849628,0.0217031421502672,1167.0518046242623,0.002436995621109377
1167.5173218977463,-0.0015106431674212217,1166.691,0.10550322332548423,0.021305696238093787,1167.5173218977463,0.0024513008722068875
1167.9828391712301,-0.0015106431674212217,1167.156,0.027394357305414507,0.020485832719706512,1167.9828391712301,0.0024267076820271277
1168.4483564447141,-0.0018463416490703821,1167.621,0.001250643331448753,0.019348904938955747,1168.4483564447141,0.0023771265607723155
1168.9138737181981,-0.0028534370940178633,1168.081,0.001250643331448753,0.018042192441174856,1168.9138737181981,0.0023619434214177757
1169.3793909916822,-0.002517738612368703,1168.547,0.016178585889604413,0.01673064230258092,1169.3793909916822,0.0023580679683558948
1169.844908265166,-0.000839246204122901,1169.011,0.003106728902621425,0.015569506372015129,1169.844908265166,0.0023337153231169317
1170.31042553865,0.0005035477224737406,1169.477,0.005607885707905158,0.014680258018103924,1170.31042553865,0.0022922839594467113
1170.775942812134,0.0005035477224737406,1169.944,0.001250643331448753,0.0141344081390305,1170.775942812134,0.002233757429801398
1171.241460085618,-0.0001678492408245802,1170.407,0.018357207077832394,0.013947496236485462,1171.241460085618,0.0021602944743099157
1171.7069773591018,-0.0021820401307195425,1170.87,0.022714579311902794,0.014083247680674659,1171.7069773591018,0.0021240358628863126
1172.1724946325858,-0.004531929735094309,1171.34,0.0034292645196769556,0.014465892464361769,1172.1724946325858,0.0021238323234048046
1172.6380119060698,-0.00553902518004179,1171.804,0.044823586526467674,0.014997320611476265,1172.6380119060698,0.0021662525971056844
1173.1035291795536,-0.00520332669839263,1172.266,0.003106728902621425,0.015575390876502788,1173.1035291795536,0.002168442175369745
1173.5690464530376,-0.003524834057316184,1172.732,0.020858493740730122,0.01611022516255989,1173.5690464530376,0.0021210300732087146
1174.0345637265216,-0.0021820401307195425,1173.195,0.027394357305414507,0.016536389093658756,1174.0345637265216,0.0020688769664447024
1174.5000810000056,-0.0031891355756670237,1173.661,0.003106728902621425,0.01682007348521001,1174.5000810000056,0.002042484825127973
1174.9655982734894,-0.00587472366169095,1174.127,0.005285350090849628,0.016961379597228935,1174.9655982734894,0.0020095424493859213
1175.4311155469734,-0.006546120624989271,1174.593,0.05103691447409675,0.016992353136294606,1175.4311155469734,0.001983026951307875
1175.8966328204574,-0.00553902518004179,1175.06,0.001250643331448753,0.016971476683110425,1175.8966328204574,0.001982003090146741
1176.3621500939414,-0.0041962312534451485,1175.525,0.001250643331448753,0.01697520215248161,1176.3621500939414,0.001969984045837672
1176.8276673674252,-0.004867628216743469,1175.985,0.03393035072771289,0.017087204279376485,1176.8276673674252,0.0019378475993787126
1177.2931846409092,-0.00553902518004179,1176.45,0.024893200500130774,0.017386288916996052,1177.2931846409092,0.0018965580946818366
1177.7587019143932,-0.0041962312534451485,1176.918,0.0009279778567794494,0.017933903957888454,1177.7587019143932,0.001885943262573689
1178.224219187877,-0.0015106431674212217,1177.381,0.040143678675341965,0.018762106597042937,1178.224219187877,0.0018849132368575776
1178.689736461361,0.0005035477224737406,1177.848,0.011821343513148008,0.01986306183788406,1178.689736461361,0.0018980075396388943
1179.155253734845,-0.0015106431674212217,1178.311,0.020535828266060596,0.021181653770337306,1179.155253734845,0.0018977361539192703
1179.620771008329,-0.0028534370940178633,1178.782,0.003106728902621425,0.022613287536482205,1179.620771008329,0.0018702708103299419
1180.0862882818128,-0.0010070954449474812,1179.244,0.001250643331448753,0.02400918126506042,1180.0862882818128,0.0018306548436550691
1180.5518055552968,-0.0005035477224737406,1179.71,0.024893200500130774,0.025190929408284896,1180.5518055552968,0.0018174618560841277
1181.0173228287808,-0.0018463416490703821,1180.174,0.003106728902621425,0.02597437795158916,1181.0173228287808,0.0018356384464268338
1181.4828401022648,-0.000839246204122901,1180.639,0.029573108351256705,0.026199981621229714,1181.4828401022648,0.0018551472911657958
1181.9483573757486,-0.0001678492408245802,1181.103,0.14471892414404675,0.02576362758731574,1181.9483573757486,0.0018643517499260457
1182.4138746492326,-0.0015106431674212217,1181.569,0.003106728902621425,0.02463984600513217,1182.4138746492326,0.001867351369595865
1182.8793919227166,-0.0028534370940178633,1182.034,0.003106728902621425,0.022890223763684634,1182.8793919227166,0.00186109924579325
1183.3449091962007,-0.0028534370940178633,1182.5,0.018357207077832394,0.02065437894059149,1183.3449091962007,0.0018505419773279168
1183.8104264696844,-0.001678492408245802,1182.967,0.001250643331448753,0.018126775096628887,1183.8104264696844,0.001836037298583525
1184.2759437431685,-0.0001678492408245802,1183.425,0.016178585889604413,0.015526330412621359,1184.2759437431685,0.001812821586561316
1184.7414610166525,-0.0001678492408245802,1183.892,0.005607885707905158,0.01306591431786268,1184.7414610166525,0.0017986890339754082
1185.2069782901362,-0.0001678492408245802,1184.355,0.001250643331448753,0.01092695374641653,1185.2069782901362,0.0018017606121771231
1185.6724955636203,-0.0001678492408245802,1184.826,0.009642592467306033,0.009242252449873613,1185.6724955636203,0.001784363222002194
1186.1380128371043,-0.0001678492408245802,1185.288,0.001250643331448753,0.00808833156482292,1186.1380128371043,0.0017996491573107917
1186.6035301105883,-0.000839246204122901,1185.755,0.003106728902621425,0.007487048664693881,1186.6035301105883,0.0018057039085710512
1187.069047384072,-0.000839246204122901,1186.22,0.01399996470137621,0.007414872152531298,1187.069047384072,0.0017843714433271977
1187.534564657556,-0.0001678492408245802,1186.685,0.00746397127907783,0.007817026498698046,1187.534564657556,0.0017183304388590488
1188.00008193104,0.000839246204122901,1187.145,0.04264496533823947,0.008622925950066567,1188.00008193104,0.001658148872114707
1188.465599204524,-0.0001678492408245802,1187.61,0.00746397127907783,0.009759182873226038,1188.465599204524,0.0016010512231798195
1188.9311164780079,-0.000839246204122901,1188.078,0.012143879130203539,0.011157389497310056,1188.9311164780079,0.0015516613043968428
1189.396633751492,-0.000839246204122901,1188.544,0.003106728902621425,0.01275583385136316,1189.396633751492,0.0014939694846667917
1189.862151024976,-0.0015106431674212217,1189.008,0.016501121506659944,0.014496587479640898,1189.862151024976,0.0014922424921273109
1190.32766829846,-0.0018463416490703821,1189.474,0.003106728902621425,0.01632093872097289,1190.32766829846,0.0015022878290053623
1190.7931855719437,-0.0005035477224737406,1189.937,0.0009279778567794494,0.018166428668680422,1190.7931855719437,0.0014691892023639922
1191.2587028454277,-0.0001678492408245802,1190.407,0.00746397127907783,0.019967944251781732,1191.2587028454277,0.0014137548079888322
1191.7242201189117,-0.0005035477224737406,1190.87,0.03578643629888556,0.021663694303281515,1191.7242201189117,0.0013731273182832871
1192.1897373923955,-0.0001678492408245802,1191.332,0.001250643331448753,0.023204643529724227,1192.1897373923955,0.0013643134901579438
1192.6552546658795,-0.0015106431674212217,1191.8,0.13164693729944998,0.024563690845329438,1192.6552546658795,0.0013765566299417992
1193.1207719393635,-0.0021820401307195425,1192.263,0.0034292645196769556,0.025739711156729003,1193.1207719393635,0.0013906007756848144
1193.5862892128475,-0.0015106431674212217,1192.728,0.00746397127907783,0.026752824702431326,1193.5862892128475,0.0014019886430064982
1194.0518064863313,-0.000839246204122901,1193.192,0.005285350090849628,0.02763111908091996,1194.0518064863313,0.0014170031936535205
1194.5173237598153,-0.000839246204122901,1193.657,0.027394357305414507,0.028393523446923325,1194.5173237598153,0.001427145159346845
1194.9828410332993,-0.0010070954449474812,1194.122,0.016178585889604413,0.029035679918799868,1194.9828410332993,0.0014167770377811117
1195.4483583067833,-0.0018463416490703821,1194.587,0.0034292645196769556,0.02952451201291867,1195.4483583067833,0.0014074697827017623
1195.9138755802671,-0.0036926832981407642,1195.052,0.003106728902621425,0.02980417225801522,1195.9138755802671,0.0013893713153489658
1196.3793928537511,-0.0031891355756670237,1195.518,0.009965257941975336,0.029812514089824077,1196.3793928537511,0.0013535012767863798
1196.8449101272352,-0.0021820401307195425,1195.985,0.19700648194959225,0.02950336210529259,1196.8449101272352,0.0013527467442297656
1197.3104274007192,-0.0001678492408245802,1196.451,0.003106728902621425,0.028866422999394948,1197.3104274007192,0.0013803683400103153
1197.775944674203,0.0018463416490703821,1196.911,0.0077865068961333606,0.027936319552761903,1197.775944674203,0.0014157655123605613
1198.241461947687,0.003524834057316184,1197.381,0.003106728902621425,0.02678688022079716,1198.241461947687,0.001441516200474267
1198.706979221171,0.0021820401307195425,1197.844,0.0077865068961333606,0.02551408358357159,1198.706979221171,0.0014384137816192068
1199.1724964946548,-0.000839246204122901,1198.307,0.005607885707905158,0.02421578005059524,1199.1724964946548,0.0014078398525921522
1199.6380137681388,-0.0018463416490703821,1198.775,0.003106728902621425,0.022975981099480448,1199.6380137681388,0.0013791183250016087
1200.1035310416228,-0.001678492408245802,1199.237,0.04232242972118394,0.02185775172043677,1200.1035310416228,0.0013864539290378143
1200.5690483151068,-0.000839246204122901,1199.703,0.05975152908462311,0.02090427690527347,1200.5690483151068,0.0014226344136129096
1201.0345655885906,0.0001678492408245802,1200.17,0.00746397127907783,0.02014436090512679,1201.0345655885906,0.0014630501412571145
1201.5000828620746,-0.0001678492408245802,1200.635,0.03393035072771289,0.01959764766290738,1201.5000828620746,0.0014714178333748533
1201.9656001355586,-0.0021820401307195425,1201.1,0.003106728902621425,0.01927636878097612,1201.9656001355586,0.0014999522672994867
1202.4311174090426,-0.0028534370940178633,1201.565,0.022714579311902794,0.0191830734068075,1202.4311174090426,0.001569502767324166
1202.8966346825264,-0.0028534370940178633,1202.029,0.03360781511065736,0.019305824308246546,1202.8966346825264,0.0016536998053745847
1203.3621519560104,-0.0021820401307195425,1202.495,0.00746397127907783,0.01961314670977946,1203.3621519560104,0.0017195002624635768
1203.8276692294944,-0.0018463416490703821,1202.96,0.001250643331448753,0.020051142784656504,1203.8276692294944,0.001763849010437222
1204.2931865029784,-0.0021820401307195425,1203.426,0.003106728902621425,0.0205451586041848,1204.2931865029784,0.0018109486100552736
1204.7587037764622,-0.0021820401307195425,1203.889,0.003106728902621425,0.021007885694087087,1204.7587037764622,0.001858948712635794
1205.2242210499462,-0.0005035477224737406,1204.351,0.027071821688358977,0.021354073578463355,1205.2242210499462,0.001907189360482225
1205.6897383234302,-0.0001678492408245802,1204.819,0.09057528076732857,0.021519147896996417,1205.6897383234302,0.0019436103920742874
1206.155255596914,-0.0015106431674212217,1205.281,0.001250643331448753,0.021476284720264308,1206.155255596914,0.00199711630976684
1206.620772870398,-0.002517738612368703,1205.746,0.05353820113699426,0.02124579277689378,1206.620772870398,0.0020484429278379243
1207.086290143882,-0.0018463416490703821,1206.217,0.005607885707905158,0.020892895571650652,1207.086290143882,0.0020864264759065105
1207.551807417366,-0.000839246204122901,1206.675,0.00746397127907783,0.02051404500339765,1207.551807417366,0.002139767917972444
1208.0173246908498,0.002517738612368703,1207.14,0.011821343513148008,0.02021553441763915,1208.0173246908498,0.0022080149465801406
1208.4828419643338,0.00520332669839263,1207.606,0.016178585889604413,0.020089936187043928,1208.4828419643338,0.002242057251767974
1208.9483592378178,0.00520332669839263,1208.071,0.03142919392242938,0.020195638929771595,1208.9483592378178,0.002225693999739826
1209.4138765113019,0.0011749446857720613,1208.536,0.005607885707905158,0.020543329072818566,1209.4138765113019,0.002191801778101487
1209.8793937847856,-0.0015106431674212217,1209.004,0.001250643331448753,0.02109174364008137,1209.8793937847856,0.0021784155319759893
1210.3449110582696,-0.0011749446857720613,1209.47,0.001250643331448753,0.021753879311676366,1210.3449110582696,0.002183676692018026
1210.8104283317537,-0.0001678492408245802,1209.933,0.005607885707905158,0.022413512645779385,1210.8104283317537,0.002205759577442011
1211.2759456052374,0.0005035477224737406,1210.395,0.0706447648833779,0.022949560777095784,1211.2759456052374,0.002215930329160419
1211.7414628787214,-0.0018463416490703821,1210.863,0.08403928734503019,0.023262754112528056,1211.7414628787214,0.0022069191296819565
1212.2069801522055,-0.0041962312534451485,1211.325,0.00746397127907783,0.023297123159858164,1212.2069801522055,0.0021992442933600432
1212.6724974256895,-0.0041962312534451485,1211.796,0.005607885707905158,0.023050014443093448,1212.6724974256895,0.0022076592701272242
1213.1380146991733,-0.0036926832981407642,1212.259,0.02925044287658718,0.0225687287370411,1213.1380146991733,0.0022530215980954946
1213.6035319726573,-0.0038605325389653444,1212.724,0.003106728902621425,0.02193669648144504,1213.6035319726573,0.0022709905417078965
1214.0690492461413,-0.0041962312534451485,1213.188,0.0009279778567794494,0.021254564768529417,1214.0690492461413,0.002277211827041709
1214.5345665196253,-0.0028534370940178633,1213.654,0.04232242972118394,0.020621242612458252,1214.5345665196253,0.0022734042224281546
1215.000083793109,-0.0023498893715441227,1214.118,0.025215736117186305,0.020118128961806574,1215.000083793109,0.0022949463946658976
1215.465601066593,-0.003524834057316184,1214.584,0.018679742694887924,0.01979780263818285,1215.465601066593,0.002345216258070963
1215.931118340077,-0.004531929735094309,1215.048,0.0009279778567794494,0.019677362685360543,1215.931118340077,0.0023459872381999362
1216.396635613561,-0.003524834057316184,1215.514,0.01399996470137621,0.019736595873576915,1216.396635613561,0.0023577904082679613
1216.8621528870449,-0.0015106431674212217,1215.981,0.016501121506659944,0.019921365290838794,1216.8621528870449,0.0023747992258699134
1217.327670160529,-0.0005035477224737406,1216.44,0.04885829328586855,0.020152050808686907,1217.327670160529,0.0023871533884740393
1217.793187434013,-0.0001678492408245802,1216.911,0.016501121506659944,0.020335629991597024,1217.793187434013,0.0023961728114734564
1218.2587047074967,0.0005035477224737406,1217.373,0.005285350090849628,0.020379152983834352,1218.2587047074967,0.002400007146186226
1218.7242219809807,0.0011749446857720613,1217.841,0.016178585889604413,0.020202644507805106,1218.7242219809807,0.0023945979611699627
1219.1897392544647,0.0011749446857720613,1218.303,0.016501121506659944,0.019750281078010183,1219.1897392544647,0.0024014915388543504
1219.6552565279487,0.000839246204122901,1218.771,0.06410890131869351,0.01899892615416732,1219.6552565279487,0.0024139978407826898
1220.1207738014325,-0.0001678492408245802,1219.233,0.009642592467306033,0.017962651820447786,1220.1207738014325,0.0024202479081318375
1220.5862910749165,0.0005035477224737406,1219.699,0.0009279778567794494,0.016691866510813093,1220.5862910749165,0.0024352645162561536
1221.0518083484005,0.0011749446857720613,1220.163,0.022714579311902794,0.015266936818716624,1221.0518083484005,0.002465990584598866
1221.5173256218845,0.0005035477224737406,1220.629,0.001250643331448753,0.013788028192027036,1221.5173256218845,0.0025037274184118866
1221.9828428953683,-0.000839246204122901,1221.096,0.00746397127907783,0.012363892716195195,1221.9828428953683,0.002494272136972295
1222.4483601688523,-0.0015106431674212217,1221.562,0.001250643331448753,0.011102019874508826,1222.4483601688523,0.0024784681035194154
1222.9138774423363,-0.0021820401307195425,1222.027,0.025215736117186305,0.010101451569015993,1222.9138774423363,0.0024877301267866012
1223.3793947158204,-0.0028534370940178633,1222.492,0.0034292645196769556,0.009448233948110516,1223.3793947158204,0.0025148706301160125
1223.8449119893041,-0.0036926832981407642,1222.959,0.025215736117186305,0.009212371952747076,1223.8449119893041,0.002504753334671842
1224.3104292627881,-0.004867628216743469,1223.418,0.016501121506659944,0.009444704338733796,1224.3104292627881,0.0024820742275290303
1224.7759465362722,-0.00553902518004179,1223.885,0.001250643331448753,0.01017254216989085,1224.7759465362722,0.0024699236042951883
1225.241463809756,-0.004867628216743469,1224.348,0.005285350090849628,0.011394002974687418,1225.241463809756,0.0024233996671743515
1225.70698108324,-0.0041962312534451485,1224.811,0.025215736117186305,0.013072176865076203,1225.70698108324,0.0023623813322531857
1226.172498356724,-0.0057068741880357265,1225.28,0.003106728902621425,0.015130991550778575,1226.172498356724,0.0023222596050967844
1226.638015630208,-0.00553902518004179,1225.746,0.00746397127907783,0.01745471890659365,1226.638015630208,0.0022911408521468363
1227.1035329036918,-0.0038605325389653444,1226.21,0.016178585889604413,0.01989272550506659,1227.1035329036918,0.0022772673488098863
1227.5690501771758,-0.0018463416490703821,1226.675,0.005285350090849628,0.02227041510543137,1227.5690501771758,0.002264438264404074
1228.0345674506598,0.0005035477224737406,1227.14,0.005285350090849628,0.024406122418840742,1228.0345674506598,0.0022423080938543827
1228.5000847241438,0.000839246204122901,1227.606,0.11018313117660994,0.02613191517652917,1228.5000847241438,0.002224546802034379
1228.9656019976276,-0.0015106431674212217,1228.071,0.001250643331448753,0.027314398270771322,1228.9656019976276,0.002234294027183192
1229.4311192711116,-0.0028534370940178633,1228.537,0.0077865068961333606,0.027870922674306655,1229.4311192711116,0.002250982115729586
1229.8966365445956,-0.0010070954449474812,1228.997,0.04232242972118394,0.027777917537009852,1229.8966365445956,0.0022652400795710333
1230.3621538180796,0.0011749446857720613,1229.463,0.05571682232522246,0.02707043103617258,1230.3621538180796,0.0022524665050096715
1230.8276710915634,0.0011749446857720613,1229.926,0.020858493740730122,0.025833641866477002,1230.8276710915634,0.002225700182424228
1231.2931883650474,-0.0001678492408245802,1230.395,0.009965257941975336,0.024187964391097227,1231.2931883650474,0.0022185640033085033
1231.7587056385314,-0.0001678492408245802,1230.855,0.005285350090849628,0.02227049608961847,1231.7587056385314,0.002214010088472905
1232.2242229120152,0.0001678492408245802,1231.325,0.0034292645196769556,0.020216830574736003,1232.2242229120152,0.002196363928638435
1232.6897401854992,-0.0003356984816491604,1231.786,0.018679742694887924,0.018147328512000686,1232.6897401854992,0.0021645461537406286
1233.1552574589832,-0.0028534370940178633,1232.255,0.025215736117186305,0.016160194414829115,1233.1552574589832,0.00215870316234861
1233.6207747324672,-0.00553902518004179,1232.721,0.025215736117186305,0.014331044498732666,1233.6207747324672,0.002186454282565414
1234.086292005951,-0.00553902518004179,1233.187,0.016178585889604413,0.012716536714689225,1234.086292005951,0.0022079347769016146
1234.551809279435,-0.0041962312534451485,1233.652,0.018679742694887924,0.011358998157622134,1234.551809279435,0.002187404129180375
1235.017326552919,-0.0028534370940178633,1234.111,0.005285350090849628,0.010289770898305172,1235.017326552919,0.0021689006411460886
1235.482843826403,-0.0015106431674212217,1234.577,0.0009279778567794494,0.0095304474356121,1235.482843826403,0.0021250679355077845
1235.9483610998868,-0.0021820401307195425,1235.044,0.012143879130203539,0.009092435321938399,1235.9483610998868,0.002029388456596048
1236.4138783733708,-0.0041962312534451485,1235.509,0.003106728902621425,0.008975859180531395,1236.4138783733708,0.001941842291435366
1236.8793956468548,-0.0041962312534451485,1235.974,0.01399996470137621,0.009168626735249569,1236.8793956468548,0.0018863256618620733
1237.3449129203386,-0.0023498893715441227,1236.44,0.023037114928958324,0.00964591800952426,1237.3449129203386,0.0018939634920687642
1237.8104301938226,-0.0001678492408245802,1236.9,0.005607885707905158,0.010369929243101095,1237.8104301938226,0.0019082995847179635
1238.2759474673067,0.0011749446857720613,1237.37,0.003106728902621425,0.01128978687086717,1238.2759474673067,0.001894631674837701
1238.7414647407907,0.002517738612368703,1237.83,0.0034292645196769556,0.012342097805445642,1238.7414647407907,0.0019092823234774594
1239.2069820142744,0.0031891355756670237,1238.3,0.00746397127907783,0.013453077851571255,1239.2069820142744,0.0019258614499662466
1239.6724992877585,0.0020141908898949623,1238.763,0.027071821688358977,0.014542970018027629,1239.6724992877585,0.0019071934868129762
1240.1380165612425,-0.0001678492408245802,1239.225,0.020858493740730122,0.01553249340023465,1240.1380165612425,0.0018835645331692782
1240.6035338347265,-0.0021820401307195425,1239.692,0.01399996470137621,0.016350038584465553,1240.6035338347265,0.0019036490390850328
1241.0690511082103,-0.000839246204122901,1240.159,0.016178585889604413,0.016937992048044043,1241.0690511082103,0.0019372225902316747
1241.5345683816943,0.0005035477224737406,1240.624,0.027394357305414507,0.017257020272880293,1241.5345683816943,0.0019630616806994073
1242.0000856551783,-0.0001678492408245802,1241.088,0.020858493740730122,0.017287886592736692,1242.0000856551783,0.001969171942257568
1242.4656029286623,-0.0015106431674212217,1241.554,0.001250643331448753,0.017031040581404634,1242.4656029286623,0.001926445334196285
1242.931120202146,-0.002517738612368703,1242.019,0.005285350090849628,0.016504795605206356,1242.931120202146,0.0018644134214792951
1243.39663747563,-0.002517738612368703,1242.485,0.027071821688358977,0.01574323884247849,1243.39663747563,0.0018431261866644405
1243.862154749114,-0.000839246204122901,1242.948,0.009965257941975336,0.014794696185596952,1243.862154749114,0.0018240141394482042
1244.3276720225979,0.0001678492408245802,1243.411,0.018357207077832394,0.013720621605351218,1244.3276720225979,0.001785066354287439
1244.793189296082,0.0005035477224737406,1243.881,0.03360781511065736,0.012593869652447475,1244.793189296082,0.0017590011077647757
1245.258706569566,0.0005035477224737406,1244.344,0.003106728902621425,0.011495095274081775,1245.258706569566,0.0017296998069175524
1245.72422384305,0.0011749446857720613,1244.812,0.003106728902621425,0.010506644206166559,1245.72422384305,0.0016787535383034596
1246.1897411165337,-0.0001678492408245802,1245.274,0.00746397127907783,0.009704418145818614,1246.1897411165337,0.0016092009825325803
1246.6552583900177,-0.002517738612368703,1245.739,0.016178585889604413,0.009149164094110334,1246.6552583900177,0.001513747657325821
1247.1207756635017,-0.000839246204122901,1246.201,0.003106728902621425,0.008878896848366158,1247.1207756635017,0.0014214111418962329
1247.5862929369857,0.0005035477224737406,1246.667,0.003106728902621425,0.008903823593237962,1247.5862929369857,0.0013737996133802257
1248.0518102104695,-0.000839246204122901,1247.133,0.005607885707905158,0.009204698201494374,1248.0518102104695,0.0013821344051428565
1248.5173274839535,-0.0021820401307195425,1247.599,0.0034292645196769556,0.009735134509581479,1248.5173274839535,0.0013868178420818678
1248.9828447574375,-0.001678492408245802,1248.064,0.014322500318431741,0.010427808730100387,1248.9828447574375,0.001414791001006285
1249.4483620309215,-0.0018463416490703821,1248.529,0.016501121506659944,0.011203601938911597,1249.4483620309215,0.0014508645785997801
1249.9138793044053,-0.0041962312534451485,1248.996,0.03360781511065736,0.011981888535865588,1249.9138793044053,0.0014856716955372324
1250.3793965778893,-0.004531929735094309,1249.455,0.003106728902621425,0.01268986907703296,1250.3793965778893,0.001479331166785376
1250.8449138513733,-0.0023498893715441227,1249.922,0.005607885707905158,0.01326941747571884,1250.8449138513733,0.0014479615887262828
1251.3104311248571,-0.0015106431674212217,1250.385,0.005285350090849628,0.013681135790531193,1251.3104311248571,0.0014473304112711887
1251.7759483983411,-0.0021820401307195425,1250.855,0.022714579311902794,0.01390634245885849,1251.7759483983411,0.0014727151399231524
1252.2414656718252,-0.0028534370940178633,1251.318,0.00746397127907783,0.013947830602612007,1252.2414656718252,0.0014864961235017196
1252.7069829453092,-0.0036926832981407642,1251.781,0.029573108351256705,0.013829567237113077,1252.7069829453092,0.0014788418488996696
1253.172500218793,-0.0028534370940178633,1252.251,0.012143879130203539,0.013594848451352375,1253.172500218793,0.001465671479191202
1253.638017492277,-0.0005035477224737406,1252.71,0.005607885707905158,0.013302362327823232,1253.638017492277,0.0014709470298074209
1254.103534765761,-0.0001678492408245802,1253.181,0.018679742694887924,0.013020118473503844,1254.103534765761,0.0014986775895591917
1254.569052039245,-0.0001678492408245802,1253.646,0.00746397127907783,0.012817842577138026,1254.569052039245,0.0015605285789146476
1255.0345693127288,-0.0001678492408245802,1254.112,0.022714579311902794,0.012758781862042292,1255.0345693127288,0.001587494327695363
1255.5000865862128,0.0005035477224737406,1254.57,0.001250643331448753,0.012891879942969333,1255.5000865862128,0.001596174519521307
1255.9656038596968,-0.0001678492408245802,1255.037,0.005285350090849628,0.013245203293810608,1255.9656038596968,0.0015770789184828581
1256.4311211331808,0.000839246204122901,1255.503,0.03360781511065736,0.013821421866986395,1256.4311211331808,0.0015336985222879024
1256.8966384066646,0.0010070954449474812,1255.97,0.003106728902621425,0.014595916170317462,1256.8966384066646,0.001498445265481394
1257.3621556801486,0.000839246204122901,1256.436,0.016178585889604413,0.015517738218110725,1257.3621556801486,0.00146830719501144
1257.8276729536326,0.0005035477224737406,1256.896,0.001250643331448753,0.01651346684881605,1257.8276729536326,0.0014541910914951293
1258.2931902271164,-0.000839246204122901,1257.366,0.03360781511065736,0.01749395561027639,1258.2931902271164,0.0014894381788186047
1258.7587075006004,-0.0015106431674212217,1257.829,0.020858493740730122,0.01836371597776955,1258.7587075006004,0.0015874902156040678
1259.2242247740844,-0.0005035477224737406,1258.293,0.001250643331448753,0.01903217035318776,1259.2242247740844,0.0016878983632470158
1259.6897420475684,0.0005035477224737406,1258.763,0.003106728902621425,0.019425628784456375,1259.6897420475684,0.0017531046553957625
1260.1552593210522,-0.0018463416490703821,1259.226,0.05757290789639513,0.01949861741996963,1260.1552593210522,0.0017921470139763826
1260.6207765945362,-0.004531929735094309,1259.691,0.025215736117186305,0.019242699041323346,1260.6207765945362,0.001826604619620495
1261.0862938680202,-0.004364080261439085,1260.152,0.03360781511065736,0.018690378055583393,1261.0862938680202,0.0018784883978712477
1261.5518111415042,-0.003524834057316184,1260.617,0.001250643331448753,0.017912119947909668,1261.5518111415042,0.001954081313894719
1262.017328414988,-0.0015106431674212217,1261.082,0.005607885707905158,0.017006370343954996,1262.017328414988,0.0020269562735183164
1262.482845688472,0.0011749446857720613,1261.547,0.03360781511065736,0.01608465797348618,1262.482845688472,0.0020705032033390795
1262.948362961956,0.0028534370940178633,1262.014,0.001250643331448753,0.015255010431660675,1262.948362961956,0.0020912949561781072
1263.41388023544,0.0011749446857720613,1262.48,0.0034292645196769556,0.014606768577576356,1263.41388023544,0.0021099526401241134
1263.8793975089238,-0.0015106431674212217,1262.941,0.025215736117186305,0.014199184608046471,1263.8793975089238,0.002111570665458336
1264.3449147824078,-0.0028534370940178633,1263.41,0.001250643331448753,0.014055431155583976,1264.3449147824078,0.002136412622913462
1264.8104320558919,-0.0028534370940178633,1263.874,0.01399996470137621,0.014162811047943995,1264.8104320558919,0.00218427908912899
1265.2759493293756,-0.0010070954449474812,1264.337,0.00746397127907783,0.014479044181339057,1265.2759493293756,0.0022223017002653447
1265.7414666028596,0.0011749446857720613,1264.8,0.020535828266060596,0.01494363733606484,1265.7414666028596,0.0022827916561951314
1266.2069838763437,0.000839246204122901,1265.27,0.005607885707905158,0.015492504112918392,1266.2069838763437,0.0023103721327538927
1266.6725011498277,-0.0001678492408245802,1265.735,0.03578643629888556,0.01607320119205766,1266.6725011498277,0.002343861389345717
1267.1380184233115,-0.002517738612368703,1266.198,0.014322500318431741,0.016657570148634674,1267.1380184233115,0.0023590568652108513
1267.6035356967955,-0.003524834057316184,1266.664,0.06443143693574904,0.01724850517638579,1267.6035356967955,0.0023810328409325384
1268.0690529702795,-0.000839246204122901,1267.13,0.003106728902621425,0.01787836110973969,1268.0690529702795,0.002407498996031137
1268.5345702437635,0.0011749446857720613,1267.595,0.00746397127907783,0.018598459998406033,1268.5345702437635,0.0024079122384825236
1269.0000875172473,0.002517738612368703,1268.055,0.005607885707905158,0.019461919236037503,1269.0000875172473,0.002378181245170341
1269.4656047907313,0.0011749446857720613,1268.521,0.014322500318431741,0.02050436592869316,1269.4656047907313,0.002363109128621813
1269.9311220642153,-0.0005035477224737406,1268.986,0.024893200500130774,0.02172772115426722,1269.9311220642153,0.002374332522683941
1270.396639337699,-0.0021820401307195425,1269.451,0.001250643331448753,0.02309103500478946,1270.396639337699,0.002400646538116099
1270.862156611183,-0.0041962312534451485,1269.922,0.04232242972118394,0.02451035221490778,1270.862156611183,0.0024277089166902842
1271.327673884667,-0.00553902518004179,1270.384,0.012143879130203539,0.025867733242147337,1271.327673884667,0.002441185623950414
1271.793191158151,-0.00587472366169095,1270.845,0.0009279778567794494,0.027028111679142743,1271.793191158151,0.0024841281058962557
1272.258708431635,-0.003524834057316184,1271.314,0.001250643331448753,0.027861428060283692,1272.258708431635,0.0025005119163246724
1272.724225705119,-0.0001678492408245802,1271.778,0.15157745318340066,0.02826597430513417,1272.724225705119,0.002507874248854483
1273.189742978603,0.0010070954449474812,1272.24,0.024893200500130774,0.028187143214817616,1273.189742978603,0.002515643657991651
1273.655260252087,-0.0001678492408245802,1272.706,0.018679742694887924,0.027625443822781235,1273.655260252087,0.0025255964784708395
1274.1207775255707,-0.000839246204122901,1273.17,0.001250643331448753,0.02663070264685948,1274.1207775255707,0.0025114762624953396
1274.5862947990547,-0.0018463416490703821,1273.636,0.020858493740730122,0.025284922010570376,1274.5862947990547,0.0024929871675848183
1275.0518120725387,-0.004531929735094309,1274.101,0.0034292645196769556,0.023680608579426644,1275.0518120725387,0.002518746080805126
1275.5173293460227,-0.006210422143340111,1274.566,0.001250643331448753,0.021902045545032164,1275.5173293460227,0.002561421293072498
1275.9828466195065,-0.006210422143340111,1275.033,0.005285350090849628,0.02001463019654188,1275.9828466195065,0.0025926510675650725
1276.4483638929905,-0.004867628216743469,1275.499,0.07935937949390448,0.018063825752408946,1276.4483638929905,0.0026073839554954163
1276.9138811664745,-0.004531929735094309,1275.964,0.003106728902621425,0.016081812030143795,1276.9138811664745,0.002613483938761768
1277.3793984399583,-0.004364080261439085,1276.429,0.0009279778567794494,0.014097825656271858,1277.3793984399583,0.002642573476338453
1277.8449157134423,-0.003524834057316184,1276.893,0.016501121506659944,0.012148330029656314,1277.8449157134423,0.0026653039821869498
1278.3104329869263,-0.002517738612368703,1277.355,0.016178585889604413,0.010284784996398547,1278.3104329869263,0.0026509493884721803
1278.7759502604104,-0.0015106431674212217,1277.822,0.009965257941975336,0.008578115508938921,1278.7759502604104,0.0026012901387005094
1279.2414675338941,-0.0003356984816491604,1278.285,0.005285350090849628,0.007119318217292447,1279.2414675338941,0.0025723630212609113
1279.7069848073781,-0.000839246204122901,1278.752,0.009965257941975336,0.006015681795941855,1279.7069848073781,0.002566184912797293
1280.1725020808622,-0.0021820401307195425,1279.221,0.014322500318431741,0.005382401852221287,1280.1725020808622,0.0025601219370435875
1280.6380193543462,-0.0041962312534451485,1279.68,0.009965257941975336,0.005329874639993296,1280.6380193543462,0.002545193735063452
1281.10353662783,-0.005035477224737406,1280.145,0.0034292645196769556,0.005947581676205076,1281.10353662783,0.002521832054882674
1281.569053901314,-0.004531929735094309,1280.61,0.001250643331448753,0.007286326556828466,1281.569053901314,0.0025043709309573348
1282.034571174798,-0.0041962312534451485,1281.077,0.0034292645196769556,0.009341511849628698,1282.034571174798,0.002486295079984032
1282.500088448282,-0.0031891355756670237,1281.544,0.009965257941975336,0.012040694541728134,1282.500088448282,0.0024404475511408496
1282.9656057217658,-0.0021820401307195425,1282.011,0.009642592467306033,0.01523849974749928,1282.9656057217658,0.002388752920365778
1283.4311229952498,-0.0005035477224737406,1282.47,0.003106728902621425,0.018721182370599155,1283.4311229952498,0.0023450723552295148
1283.8966402687338,-0.0005035477224737406,1282.937,0.014322500318431741,0.02222197043416651,1283.8966402687338,0.0023232834708465998
1284.3621575422176,-0.0018463416490703821,1283.407,0.012143879130203539,0.025446868684047476,1284.3621575422176,0.002293813583393697
1284.8276748157016,-0.002517738612368703,1283.87,0.020858493740730122,0.028108710193612784,1284.8276748157016,0.002260272928743564
1285.2931920891856,-0.0015106431674212217,1284.333,0.025215736117186305,0.029964901136952986,1285.2931920891856,0.002219931214618854
1285.7587093626696,-0.000839246204122901,1284.796,0.16682793135861163,0.030851901553886157,1285.7587093626696,0.0022368721871234426
1286.2242266361534,-0.0011749446857720613,1285.266,0.005607885707905158,0.030708180464209152,1286.2242266361534,0.0022530791847786783
1286.6897439096374,-0.0015106431674212217,1285.725,0.003106728902621425,0.02957905586917206,1286.6897439096374,0.002267538630809712
1287.1552611831214,-0.0018463416490703821,1286.196,0.01399996470137621,0.027602205576445722,1287.1552611831214,0.0022251759246701354
1287.6207784566054,-0.0011749446857720613,1286.662,0.003106728902621425,0.024979145348893454,1287.6207784566054,0.002159605734081832
1288.0862957300892,-0.0021820401307195425,1287.126,0.025215736117186305,0.02194150935167288,1288.0862957300892,0.002115141854034245
1288.5518130035732,-0.004867628216743469,1287.585,0.009965257941975336,0.018720133397960182,1288.5518130035732,0.00204958811080726
1289.0173302770572,-0.0041962312534451485,1288.051,0.014322500318431741,0.015521754649051128,1289.0173302770572,0.0020127106601731002
1289.4828475505412,-0.0015106431674212217,1288.518,0.022714579311902794,0.01251505115157405,1289.4828475505412,0.0019950727238538797
1289.948364824025,-0.0001678492408245802,1288.985,0.0009279778567794494,0.009825725608274126,1289.948364824025,0.0019585242239139886
1290.413882097509,0.0003356984816491604,1289.45,0.001250643331448753,0.007539324406025585,1290.413882097509,0.0018868889978730674
1290.879399370993,0.0011749446857720613,1289.911,0.001250643331448753,0.0057100879822699945,1290.879399370993,0.0018128318743242317
1291.3449166444768,0.0001678492408245802,1290.38,0.005607885707905158,0.004373832489700209,1291.3449166444768,0.0017297429900533354
1291.8104339179608,-0.000839246204122901,1290.841,0.020858493740730122,0.0035622741288729633,1291.8104339179608,0.0016754537583620612
1292.2759511914448,-0.0015106431674212217,1291.31,0.00746397127907783,0.003315480036850576,1292.2759511914448,0.0016898700290714735
1292.7414684649289,-0.0021820401307195425,1291.771,0.018679742694887924,0.003688903241987472,1292.7414684649289,0.0017169673559784351
1293.2069857384126,-0.0041962312534451485,1292.24,0.003106728902621425,0.004752244096317866,1293.2069857384126,0.0016994260488024555
1293.6725030118967,-0.004867628216743469,1292.706,0.005607885707905158,0.0065790760256066215,1293.6725030118967,0.0016695655311880569
1294.1380202853807,-0.0031891355756670237,1293.17,0.022714579311902794,0.009228178875797593,1294.1380202853807,0.001652908279288112
1294.6035375588647,-0.0015106431674212217,1293.636,0.023037114928958324,0.01271925431026561,1294.6035375588647,0.0016189646587102347
1295.0690548323485,-0.0001678492408245802,1294.1,0.003106728902621425,0.017007039368747555,1295.0690548323485,0.0015890733016431337
1295.5345721058325,0.0005035477224737406,1294.566,0.003106728902621425,0.021959031458172636,1295.5345721058325,0.0015728745247197099
1296.0000893793165,-0.0001678492408245802,1295.026,0.005285350090849628,0.027342999718257686,1296.0000893793165,0.0015826772619802212
1296.4656066528005,-0.0001678492408245802,1295.491,0.012143879130203539,0.032830407529657823,1296.4656066528005,0.0016003295897462993
1296.9311239262843,-0.0001678492408245802,1295.963,0.00746397127907783,0.038020016380900655,1296.9311239262843,0.001632163812401837
1297.3966411997683,-0.0001678492408245802,1296.421,0.011821343513148008,0.04248223318382343,1297.3966411997683,0.0016433275811373286
1297.8621584732523,-0.0001678492408245802,1296.889,0.003106728902621425,0.045819682830714435,1297.8621584732523,0.001615128265493493
1298.327675746736,-0.0011749446857720613,1297.351,0.24275804633283915,0.04773359248613877,1298.327675746736,0.001599414691481226
1298.79319302022,-0.0023498893715441227,1297.819,0.11421783793601081,0.048080326210323446,1298.79319302022,0.0015632362609611632
1299.258710293704,-0.0028534370940178633,1298.281,0.0077865068961333606,0.04690135900572939,1299.258710293704,0.0015370908320976105
1299.724227567188,-0.0021820401307195425,1298.746,0.012143879130203539,0.044416509975501145,1299.724227567188,0.0015151395268275612
1300.189744840672,-0.0015106431674212217,1299.216,0.025215736117186305,0.04098244971529991,1300.189744840672,0.0015060810433185153
1300.655262114156,-0.0001678492408245802,1299.675,0.025215736117186305,0.03702910481991778,1300.655262114156,0.0015280549633738556
1301.12077938764,-0.0003356984816491604,1300.141,0.005285350090849628,0.03299018412888287,1301.12077938764,0.0015719555155411689
1301.586296661124,-0.0015106431674212217,1300.607,0.025215736117186305,0.029241587388825516,1301.586296661124,0.0016054201013790555
1302.0518139346077,-0.0005035477224737406,1301.074,0.005285350090849628,0.026056790052712803,1302.0518139346077,0.0016321576420290167
1302.5173312080917,0.0018463416490703821,1301.539,0.025215736117186305,0.02358371241053688,1302.5173312080917,0.0016592056268976527
1302.9828484815757,0.0038605325389653444,1302.004,0.014322500318431741,0.021843531485351245,1302.9828484815757,0.0016608462683632558
1303.4483657550595,0.0041962312534451485,1302.47,0.020535828266060596,0.02074847104175219,1303.4483657550595,0.0016799850404740193
1303.9138830285435,0.0023498893715441227,1302.933,0.0684661436951497,0.020133025258793274,1303.9138830285435,0.0016473921752667067
1304.3794003020275,0.0005035477224737406,1303.395,0.005607885707905158,0.01979165383331509,1304.3794003020275,0.0015874655480841657
1304.8449175755115,-0.0001678492408245802,1303.863,0.003106728902621425,0.019516118250071404,1304.8449175755115,0.001555764962016068
1305.3104348489953,-0.000839246204122901,1304.325,0.022714579311902794,0.01912721442883639,1305.3104348489953,0.0015699982539485637
1305.7759521224793,-0.000839246204122901,1304.796,0.08153800068213268,0.01849760410321985,1305.7759521224793,0.001612254052059899
1306.2414693959633,-0.000839246204122901,1305.259,0.001250643331448753,0.017563737008037213,1306.2414693959633,0.0016500546185681305
1306.7069866694474,-0.000839246204122901,1305.725,0.0009279778567794494,0.016326050273842704,1306.7069866694474,0.0016576451622973224
1307.1725039429311,-0.002517738612368703,1306.189,0.003106728902621425,0.014838841618669062,1307.1725039429311,0.0016529658354675467
1307.6380212164152,-0.002517738612368703,1306.654,0.0009279778567794494,0.013193793012787738,1307.6380212164152,0.0016449887732432249
1308.1035384898992,-0.0021820401307195425,1307.118,0.011821343513148008,0.011502152946830067,1308.1035384898992,0.001645399961745099
1308.5690557633832,-0.0011749446857720613,1307.584,0.003106728902621425,0.009879393693218323,1308.5690557633832,0.0016322624859578909
1309.034573036867,0.0005035477224737406,1308.049,0.03142919392242938,0.008433870102369897,1309.034573036867,0.0016091454628947598
1309.500090310351,0.0005035477224737406,1308.514,0.003106728902621425,0.007259044589452962,1309.500090310351,0.0015876115127605854
1309.965607583835,-0.0021820401307195425,1308.979,0.001250643331448753,0.006427956636806163,1309.965607583835,0.001579223262288207
1310.4311248573188,-0.000839246204122901,1309.444,0.014322500318431741,0.005988839550905619,1310.4311248573188,0.0015781295008652934
1310.8966421308028,0.000839246204122901,1309.907,0.0009279778567794494,0.005961582877979368,1310.8966421308028,0.0015951280376030365
1311.3621594042868,-0.0001678492408245802,1310.37,0.001250643331448753,0.0063354193135178585,1311.3621594042868,0.0016235288340447388
1311.8276766777708,-0.0021820401307195425,1310.841,0.00746397127907783,0.0070684892758589675,1311.8276766777708,0.0016494460513039426
1312.2931939512546,-0.003524834057316184,1311.303,0.009965257941975336,0.00808987288113321,1312.2931939512546,0.0016782744837599876
1312.7587112247386,-0.0038605325389653444,1311.771,0.00746397127907783,0.009304384341952375,1312.7587112247386,0.0017001867239688012
1313.2242284982226,-0.0038605325389653444,1312.233,0.005285350090849628,0.01060003711523306,1313.2242284982226,0.0017295579252460654
1313.6897457717066,-0.0021820401307195425,1312.699,0.009642592467306033,0.011857767603349877,1313.6897457717066,0.0017928398533909886
1314.1552630451904,-0.0021820401307195425,1313.163,0.003106728902621425,0.012962711505080732,1314.1552630451904,0.0018582599624831538
1314.6207803186744,-0.0036926832981407642,1313.629,0.05103691447409675,0.013815877339795382,1314.6207803186744,0.0018811056011813051
1315.0862975921584,-0.004531929735094309,1314.096,0.003106728902621425,0.014344535554529208,1315.0862975921584,0.0018780422463950252
1315.5518148656424,-0.005035477224737406,1314.561,0.0077865068961333606,0.014509548535367126,1315.5518148656424,0.0018744093953519695
1316.0173321391262,-0.00553902518004179,1315.027,0.020858493740730122,0.014308597217367932,1316.0173321391262,0.0018712946418885231
1316.4828494126102,-0.0028534370940178633,1315.485,0.003106728902621425,0.013775405456940283,1316.4828494126102,0.0018525341622964628
1316.9483666860942,-0.0001678492408245802,1315.959,0.024893200500130774,0.01297577937232063,1316.9483666860942,0.0018369357229562045
1317.413883959578,0.0001678492408245802,1316.417,0.005607885707905158,0.012001296668942587,1317.413883959578,0.0018415101960837005
1317.879401233062,-0.0005035477224737406,1316.885,0.016501121506659944,0.010961232465803598,1317.879401233062,0.001866049931437978
1318.344918506546,-0.0015106431674212217,1317.348,0.003106728902621425,0.009973215111529111,1318.344918506546,0.0019143892660960183
1318.81043578003,-0.0018463416490703821,1317.811,0.012143879130203539,0.009153203558399827,1318.81043578003,0.0019744680354289897
1319.2759530535138,-0.001678492408245802,1318.281,0.001250643331448753,0.008605476958755093,1319.2759530535138,0.0019970464016538254
1319.7414703269978,-0.0005035477224737406,1318.747,0.029573108351256705,0.008413274522298916,1319.7414703269978,0.0019770112376936923
1320.2069876004819,0.0010070954449474812,1319.21,0.0009279778567794494,0.008630585152723375,1320.2069876004819,0.0019257668561440144
1320.6725048739659,0.0011749446857720613,1319.675,0.001250643331448753,0.009275636911516122,1320.6725048739659,0.0018808958980916465
1321.1380221474496,0.0021820401307195425,1320.14,0.001250643331448753,0.010327021958716943,1321.1380221474496,0.0018598286512290008
1321.6035394209337,0.0018463416490703821,1320.606,0.005607885707905158,0.011723753370145534,1321.6035394209337,0.0018621210284530036
1322.0690566944177,0.0011749446857720613,1321.071,0.003106728902621425,0.013370251144057651,1322.0690566944177,0.001862898175649463
1322.5345739679017,0.0005035477224737406,1321.53,0.027071821688358977,0.015146075160475109,1322.5345739679017,0.0018507146582491002
1323.0000912413855,-0.0001678492408245802,1321.996,0.05757290789639513,0.016918626582058487,1323.0000912413855,0.001835414331239827
1323.4656085148695,-0.0005035477224737406,1322.462,0.001250643331448753,0.018555929768748723,1323.4656085148695,0.0018160555727368345
1323.9311257883535,-0.0001678492408245802,1322.926,0.012143879130203539,0.01993687370398929,1323.9311257883535,0.001802432895096518
1324.3966430618373,0.0006713969632983208,1323.396,0.009965257941975336,0.02095798073381499,1324.3966430618373,0.0017940487601177323
1324.8621603353213,0.002517738612368703,1323.859,0.03393035072771289,0.021537633774800988,1324.8621603353213,0.001783719703028599
1325.3276776088053,0.0023498893715441227,1324.321,0.014322500318431741,0.02161933721771905,1325.3276776088053,0.0017633740916899033
1325.7931948822893,0.0011749446857720613,1324.785,0.025215736117186305,0.021174986233795077,1325.7931948822893,0.0017000037584445897
1326.258712155773,-0.000839246204122901,1325.255,0.023037114928958324,0.020208309025091124,1326.258712155773,0.0016387901127475945
1326.724229429257,-0.0011749446857720613,1325.721,0.00746397127907783,0.018758306006920987,1326.724229429257,0.0016217895207769903
1327.189746702741,0.0011749446857720613,1326.18,0.0009279778567794494,0.016902504949608297,1327.189746702741,0.001591338949774636
1327.6552639762251,0.0023498893715441227,1326.646,0.01399996470137621,0.014759693764839928,1327.6552639762251,0.0015715833940968488
1328.120781249709,-0.0001678492408245802,1327.111,0.05353820113699426,0.012491072217172298,1328.120781249709,0.0015794638207840067
1328.586298523193,-0.0028534370940178633,1327.576,0.016501121506659944,0.010297642845407932,1328.586298523193,0.0016113617801388012
1329.051815796677,-0.0036926832981407642,1328.041,0.001250643331448753,0.008411175131319885,1329.051815796677,0.0016433563656423579
1329.5173330701607,-0.0021820401307195425,1328.507,0.001250643331448753,0.007077222988265132,1329.5173330701607,0.0016663582564946562
1329.9828503436447,-0.0001678492408245802,1328.974,0.00746397127907783,0.006531019894282562,1329.9828503436447,0.0016804209072131746
1330.4483676171287,-0.0001678492408245802,1329.44,0.016178585889604413,0.00696905635641162,1330.4483676171287,0.0016819340819251522
1330.9138848906127,-0.0015106431674212217,1329.9,0.005607885707905158,0.008519871994272139,1330.9138848906127,0.0016726412202775725
1331.3794021640965,-0.003524834057316184,1330.37,0.018679742694887924,0.011217581566281568,1331.3794021640965,0.001653389370778166
1331.8449194375805,-0.004531929735094309,1330.833,0.0009279778567794494,0.01498176089492717,1331.8449194375805,0.001616028772340227
1332.3104367110645,-0.0041962312534451485,1331.296,0.005285350090849628,0.01960771158295503,1332.3104367110645,0.0016048485520511477
1332.7759539845486,-0.0028534370940178633,1331.767,0.001250643331448753,0.024771290168300535,1332.7759539845486,0.0016040919660212849
1333.2414712580323,-0.0021820401307195425,1332.229,0.003106728902621425,0.030051720313703987,1333.2414712580323,0.0016014048494648208
1333.7069885315163,-0.0028534370940178633,1332.695,0.011821343513148008,0.0349735846247722,1333.7069885315163,0.0015842048313445744
1334.1725058050004,-0.0041962312534451485,1333.16,0.02925044287658718,0.039065416545890755,1334.1725058050004,0.0015697268816613123
1334.6380230784844,-0.0041962312534451485,1333.625,0.020535828266060596,0.041927381764667135,1334.6380230784844,0.0015657897515677143
1335.1035403519681,-0.0028534370940178633,1334.085,0.28415249819724386,0.04329544265012571,1335.1035403519681,0.0015981482387733834
1335.5690576254522,-0.000839246204122901,1334.551,0.012143879130203539,0.04308629973080064,1335.5690576254522,0.00161660032759435
1336.0345748989362,-0.0001678492408245802,1335.015,0.003106728902621425,0.041409672725990394,1336.0345748989362,0.001615999992751845
1336.50009217242,-0.0005035477224737406,1335.48,0.023037114928958324,0.03854364222110672,1336.50009217242,0.0015947374308925828
1336.965609445904,-0.0005035477224737406,1335.951,0.009965257941975336,0.034880724200407574,1336.965609445904,0.0016146471830809847
1337.431126719388,-0.0001678492408245802,1336.414,0.001250643331448753,0.030859990505833542,1337.431126719388,0.001667205309722256
1337.896643992872,0.0005035477224737406,1336.877,0.014322500318431741,0.026900874543932005,1337.896643992872,0.0016977237275502151
1338.3621612663558,0.000839246204122901,1337.34,0.024893200500130774,0.02334988645560907,1338.3621612663558,0.0017223457008432848
1338.8276785398398,-0.0001678492408245802,1337.811,0.025215736117186305,0.02044590262321415,1338.8276785398398,0.0017352775822840187
1339.2931958133238,-0.0005035477224737406,1338.273,0.016178585889604413,0.018304937147363965,1339.2931958133238,0.001776042819718621
1339.7587130868078,-0.000839246204122901,1338.739,0.029573108351256705,0.016922190203204353,1339.7587130868078,0.0018058560488306823
1340.2242303602916,-0.000839246204122901,1339.202,0.005607885707905158,0.016187855758539406,1340.2242303602916,0.0018603488208248065
1340.6897476337756,-0.0015106431674212217,1339.667,0.00746397127907783,0.015913120665714292,1340.6897476337756,0.001925888171273104
1341.1552649072596,-0.0015106431674212217,1340.133,0.022714579311902794,0.015863161404979995,1341.1552649072596,0.0019987137869989465
1341.6207821807436,-0.0018463416490703821,1340.599,0.001250643331448753,0.01579405333203604,1341.6207821807436,0.002066839513901371
1342.0862994542274,-0.0010070954449474812,1341.064,0.003106728902621425,0.0154900554545854,1342.0862994542274,0.002083535827103769
1342.5518167277114,-0.0001678492408245802,1341.529,0.09678860871495765,0.014796870697116316,1342.5518167277114,0.0020790641513277527
1343.0173340011954,0.0005035477224737406,1341.996,0.00746397127907783,0.013645794986967334,1343.0173340011954,0.002086998035435607
1343.4828512746792,-0.0005035477224737406,1342.462,0.001250643331448753,0.01206425438113713,1343.4828512746792,0.0021212150945418683
1343.9483685481632,-0.001678492408245802,1342.922,0.0009279778567794494,0.01017092374042154,1343.9483685481632,0.002144930396849602
1344.4138858216472,-0.0031891355756670237,1343.385,0.0009279778567794494,0.008157488129913376,1344.4138858216472,0.002156998782118985
1344.8794030951312,-0.0041962312534451485,1343.855,0.003106728902621425,0.0062618240512586345,1344.8794030951312,0.0021208182943640392
1345.344920368615,-0.0041962312534451485,1344.318,0.00746397127907783,0.004737706663365961,1345.344920368615,0.0020849235829257136
1345.810437642099,-0.0021820401307195425,1344.781,0.003106728902621425,0.0038249226187886424,1345.810437642099,0.0021041857131039567
1346.275954915583,0.0003356984816491604,1345.251,0.0009279778567794494,0.003722296301018423,1346.275954915583,0.002145882293010768
1346.741472189067,0.0001678492408245802,1345.71,0.005285350090849628,0.004565290092688312,1346.741472189067,0.002181777001759766
1347.2069894625508,-0.000839246204122901,1346.175,0.011821343513148008,0.006409467381308224,1347.2069894625508,0.0022199867022357233
1347.6725067360348,-0.000839246204122901,1346.64,0.003106728902621425,0.00922095820388342,1347.6725067360348,0.0022246598607545904
1348.1380240095189,-0.0020141908898949623,1347.107,0.003106728902621425,0.012875009946971588,1348.1380240095189,0.0022197584927474714
1348.6035412830029,-0.0028534370940178633,1347.573,0.005285350090849628,0.017163641278699293,1348.6035412830029,0.0022305974241262636
1349.0690585564867,-0.0031891355756670237,1348.038,0.005607885707905158,0.02181303683491923,1349.0690585564867,0.0022329576465873724
1349.5345758299707,-0.0028534370940178633,1348.503,0.020858493740730122,0.026510202653430296,1349.5345758299707,0.0022342179394857723
1350.0000931034547,-0.0030212863348424435,1348.97,0.05789544351345066,0.03093643782839122,1350.0000931034547,0.0022731472195940336
1350.4656103769385,-0.004867628216743469,1349.436,0.0753246727345036,0.034802913728432944,1350.4656103769385,0.002296626088139664
1350.9311276504225,-0.005035477224737406,1349.896,0.016501121506659944,0.0378823070704063,1350.9311276504225,0.0023132278273489777
1351.3966449239065,-0.0031891355756670237,1350.366,0.0009279778567794494,0.04003113157721229,1351.3966449239065,0.0022944961304367426
1351.8621621973905,-0.0031891355756670237,1350.83,0.14286283857287407,0.041199829877050585,1351.8621621973905,0.0022793993406445808
1352.3276794708743,-0.0038605325389653444,1351.292,0.001250643331448753,0.041430158868148284,1352.3276794708743,0.0022903636839975866
1352.7931967443583,-0.0041962312534451485,1351.763,0.012143879130203539,0.040841135271106284,1352.7931967443583,0.002297127735774147
1353.2587140178423,-0.0031891355756670237,1352.226,0.001250643331448753,0.03960648057368921,1353.2587140178423,0.0022806514080371152
1353.7242312913263,-0.0015106431674212217,1352.691,0.13382568834529196,0.03792788791970638,1353.7242312913263,0.002299685327381018
1354.18974856481,-0.0001678492408245802,1353.152,0.0009279778567794494,0.03600814621629555,1354.18974856481,0.0023217024199203543
1354.655265838294,-0.0001678492408245802,1353.618,0.003106728902621425,0.03402666944918657,1354.655265838294,0.0023299405825397456
1355.120783111778,-0.0015106431674212217,1354.082,0.03578643629888556,0.03211949175608455,1355.120783111778,0.0023188837202240326
1355.5863003852621,-0.0021820401307195425,1354.548,0.011821343513148008,0.030366495034297905,1355.5863003852621,0.0022806966342766976
1356.051817658746,-0.0028534370940178633,1355.014,0.024893200500130774,0.0287884303425995,1356.051817658746,0.0022417488493583423
1356.51733493223,-0.0041962312534451485,1355.48,0.05757290789639513,0.0273542464296767,1356.51733493223,0.002233340041395447
1356.982852205714,-0.0041962312534451485,1355.941,0.001250643331448753,0.025996638566665394,1356.982852205714,0.0022702688913769655
1357.4483694791977,-0.0036926832981407642,1356.411,0.023037114928958324,0.02463205382510405,1357.4483694791977,0.0023091262161160694
1357.9138867526817,-0.0036926832981407642,1356.874,0.079682044968574,0.02318095096569444,1357.9138867526817,0.0022984024167798495
1358.3794040261657,-0.0038605325389653444,1357.336,0.0009279778567794494,0.02158448201984316,1358.3794040261657,0.0022672302053939344
1358.8449212996497,-0.0030212863348424435,1357.804,0.025215736117186305,0.019814778838162465,1358.8449212996497,0.0022671520789931715
1359.3104385731335,-0.0021820401307195425,1358.266,0.003106728902621425,0.01787789876399324,1359.3104385731335,0.002298168037577562
1359.7759558466175,-0.0011749446857720613,1358.731,0.020858493740730122,0.015810725067080342,1359.7759558466175,0.002310055502924783
1360.2414731201015,-0.0006713969632983208,1359.202,0.003106728902621425,0.013674510707605095,1360.2414731201015,0.0023032626640764973
1360.7069903935856,-0.0018463416490703821,1359.66,0.005285350090849628,0.01154774341496631,1360.7069903935856,0.0022867822252691443
1361.1725076670693,-0.002517738612368703,1360.126,0.014322500318431741,0.009520112311806264,1361.1725076670693,0.0022626310631466296
1361.6380249405534,-0.0015106431674212217,1360.592,0.01399996470137621,0.007688228001968048,1361.6380249405534,0.00224892409130513
1362.1035422140374,0.0005035477224737406,1361.059,0.001250643331448753,0.006152751780011254,1362.1035422140374,0.002235975762366186
1362.5690594875211,0.002517738612368703,1361.524,0.003106728902621425,0.005016005740092465,1362.5690594875211,0.0022073693716350468
1363.0345767610052,0.0031891355756670237,1361.989,0.01399996470137621,0.004379062932395707,1363.0345767610052,0.00217782958273398
1363.5000940344892,0.002517738612368703,1362.455,0.005607885707905158,0.0043375183382263725,1363.5000940344892,0.002134700007564272
1363.9656113079732,-0.0005035477224737406,1362.918,0.003106728902621425,0.004975390679067261,1363.9656113079732,0.0020967308526308585
1364.431128581457,-0.0028534370940178633,1363.38,0.009965257941975336,0.0063569607646567095,1364.431128581457,0.0020809206510724056
1364.896645854941,-0.0021820401307195425,1363.848,0.003106728902621425,0.008516867311641018,1364.896645854941,0.002076928009699859
1365.362163128425,-0.0021820401307195425,1364.311,0.023037114928958324,0.011449276020775638,1365.362163128425,0.0020838565373739676
1365.827680401909,-0.002517738612368703,1364.781,0.020858493740730122,0.015097268815273915,1365.827680401909,0.0021012744860689453
1366.2931976753928,-0.0003356984816491604,1365.244,0.0077865068961333606,0.019343907787471592,1366.2931976753928,0.0020793828049248896
1366.7587149488768,0.0011749446857720613,1365.71,0.00746397127907783,0.024006909587985886,1366.7587149488768,0.002024353434767556
1367.2242322223608,0.002517738612368703,1366.17,0.05353820113699426,0.028839342155620708,1367.2242322223608,0.001976898155371291
1367.6897494958448,0.0018463416490703821,1366.636,0.001250643331448753,0.033538738674835325,1367.6897494958448,0.0019544966004794353
1368.1552667693286,-0.000839246204122901,1367.103,0.03142919392242938,0.03776633804054849,1368.1552667693286,0.0019383122170904482
1368.6207840428126,-0.0018463416490703821,1367.569,0.016178585889604413,0.04117703332472352,1368.6207840428126,0.0019054294647500118
1369.0863013162966,-0.002517738612368703,1368.033,0.003106728902621425,0.04345895769853114,1369.0863013162966,0.0018878449840548002
1369.5518185897804,-0.004867628216743469,1368.499,0.025215736117186305,0.04437887584077843,1369.5518185897804,0.0019054788065373726
1370.0173358632644,-0.00553902518004179,1368.963,0.2692244907102814,0.04382547897281873,1370.0173358632644,0.0019516367852744786
1370.4828531367484,-0.0018463416490703821,1369.429,0.009642592467306033,0.041838913617749954,1370.4828531367484,0.001984677848042031
1370.9483704102324,0.0011749446857720613,1369.896,0.016501121506659944,0.038615189795172145,1370.9483704102324,0.0019719166099313734
1371.4138876837162,0.0011749446857720613,1370.359,0.001250643331448753,0.03448108368359698,1371.4138876837162,0.0019328824764231318
1371.8794049572002,-0.0001678492408245802,1370.822,0.016501121506659944,0.029845581569290333,1371.8794049572002,0.0018874995909358237
1372.3449222306842,-0.001678492408245802,1371.292,0.001250643331448753,0.025140938052027433,1372.3449222306842,0.0018570037885091632
1372.8104395041682,-0.0018463416490703821,1371.75,0.003106728902621425,0.02076673754884009,1372.8104395041682,0.0018564096207255897
1373.275956777652,-0.000839246204122901,1372.222,0.03393035072771289,0.017046218736706847,1373.275956777652,0.0018594976467620357
1373.741474051136,0.000839246204122901,1372.68,0.003106728902621425,0.014199080611254921,1373.741474051136,0.0018772568818462363
1374.20699132462,0.0011749446857720613,1373.145,0.020535828266060596,0.012330924656786124,1374.20699132462,0.0018625980079658377
1374.672508598104,-0.0001678492408245802,1373.61,0.012143879130203539,0.011437009173571414,1374.672508598104,0.001850032083981972
1375.1380258715878,-0.0010070954449474812,1374.075,0.003106728902621425,0.011417004027238614,1375.1380258715878,0.001855054752134383
1375.6035431450719,-0.0001678492408245802,1374.541,0.020535828266060596,0.012097327806750787,1375.6035431450719,0.0019012456258793154
1376.0690604185559,0.0021820401307195425,1375.007,0.029573108351256705,0.013257797511311235,1376.0690604185559,0.0019606623776485563
1376.5345776920396,0.0021820401307195425,1375.473,0.001250643331448753,0.014659520187230934,1376.5345776920396,0.0019852226720847035
1377.0000949655237,0.0001678492408245802,1375.941,0.01399996470137621,0.016071382107479697,1377.0000949655237,0.0020185207241342268
1377.4656122390077,-0.0015106431674212217,1376.404,0.020858493740730122,0.017293199949291595,1377.4656122390077,0.002060630547744401
1377.9311295124917,-0.000839246204122901,1376.866,0.020535828266060596,0.018174202576633595,1377.9311295124917,0.002094121861750778
1378.3966467859755,-0.000839246204122901,1377.336,0.012143879130203539,0.018625650683823616,1378.3966467859755,0.002123558853040843
1378.8621640594595,-0.0015106431674212217,1377.796,0.05353820113699426,0.01862627341849599,1378.8621640594595,0.0021302118841816753
1379.3276813329435,-0.0010070954449474812,1378.266,0.014322500318431741,0.01821932162556089,1379.3276813329435,0.00210763968581715
1379.7931986064275,-0.0001678492408245802,1378.725,0.024893200500130774,0.017500826333963753,1379.7931986064275,0.002047505409163645
1380.2587158799113,0.0018463416490703821,1379.196,0.0009279778567794494,0.016600252757554612,1380.2587158799113,0.0020086727576795805
1380.7242331533953,0.0031891355756670237,1379.662,0.003106728902621425,0.015656719670552603,1380.7242331533953,0.0020119663778086845
1381.1897504268793,0.0031891355756670237,1380.126,0.003106728902621425,0.014795309739383276,1381.1897504268793,0.0020282782288410846
1381.6552677003633,0.0011749446857720613,1380.585,0.025215736117186305,0.014107914087950051,1381.6552677003633,0.002054495616524574
1382.120784973847,-0.000839246204122901,1381.052,0.001250643331448753,0.013641613893243946,1382.120784973847,0.002060141239016093
1382.586302247331,-0.0031891355756670237,1381.517,0.003106728902621425,0.01339564753501048,1382.586302247331,0.002080464235292864
1383.0518195208151,-0.0041962312534451485,1381.985,0.03828759310416929,0.013326362213926768,1383.0518195208151,0.002120493444998057
1383.517336794299,-0.0028534370940178633,1382.45,0.003106728902621425,0.013358435146843898,1383.517336794299,0.0021540793293699212
1383.982854067783,-0.0021820401307195425,1382.911,0.011821343513148008,0.01340001424450757,1383.982854067783,0.002185566095925053
1384.448371341267,-0.0038605325389653444,1383.381,0.003106728902621425,0.013359309594511237,1384.448371341267,0.002159161620017048
1384.913888614751,-0.0041962312534451485,1383.841,0.031751729539484685,0.0131603818310429,1384.913888614751,0.0021205695140897865
1385.3794058882347,-0.0030212863348424435,1384.311,0.03578643629888556,0.012755971640599497,1385.3794058882347,0.002075807523245528
1385.8449231617187,-0.0028534370940178633,1384.774,0.001250643331448753,0.012135253165579713,1385.8449231617187,0.0020734925311307138
1386.3104404352027,-0.0023498893715441227,1385.237,0.009965257941975336,0.01132507255299357,1386.3104404352027,0.0020963731202007386
1386.7759577086867,-0.0021820401307195425,1385.702,0.00746397127907783,0.010384794776127155,1386.7759577086867,0.0021079624703907577
1387.2414749821705,-0.0028534370940178633,1386.167,0.0034292645196769556,0.009396511425530588,1387.2414749821705,0.002070612153852261
1387.7069922556545,-0.0031891355756670237,1386.633,0.005607885707905158,0.008453101700294893,1387.7069922556545,0.002057345153346461
1388.1725095291386,-0.004531929735094309,1387.1,0.003106728902621425,0.007646365651867894,1388.1725095291386,0.0020739633399627236
1388.6380268026226,-0.003524834057316184,1387.566,0.014322500318431741,0.0070566415269003435,1388.6380268026226,0.0020999072839017344
1389.1035440761063,-0.0021820401307195425,1388.026,0.014322500318431741,0.006744434879838871,1389.1035440761063,0.00209042321837634
1389.5690613495904,-0.0015106431674212217,1388.491,0.0077865068961333606,0.006743974956943022,1389.5690613495904,0.0021163836097907447
1390.0345786230744,-0.0005035477224737406,1388.964,0.001250643331448753,0.007058567587887654,1390.0345786230744,0.002104691461436459
1390.5000958965582,-0.0001678492408245802,1389.422,0.001250643331448753,0.007658126996051845,1390.5000958965582,0.0020669669599218004
1390.9656131700422,-0.0028534370940178633,1389.885,0.003106728902621425,0.008479875880682204,1390.9656131700422,0.0020444070972065994
1391.4311304435262,-0.0057068741880357265,1390.355,0.0034292645196769556,0.009433308728738968,1391.4311304435262,0.0020042771457449773
1391.8966477170102,-0.004531929735094309,1390.818,0.0009279778567794494,0.010409878461552214,1391.8966477170102,0.0019914172219292403
1392.362164990494,-0.0018463416490703821,1391.281,0.020858493740730122,0.011296681283032248,1392.362164990494,0.001981338988925424
1392.827682263978,-0.0015106431674212217,1391.747,0.040143678675341965,0.01199206631045809,1392.827682263978,0.0019455080110008024
1393.293199537462,-0.002517738612368703,1392.21,0.003106728902621425,0.012420125128356128,1393.293199537462,0.001897777235367858
1393.758716810946,-0.002517738612368703,1392.675,0.00746397127907783,0.01254105224408158,1393.758716810946,0.0018663254165038289
1394.2242340844298,-0.0015106431674212217,1393.14,0.022714579311902794,0.01235554709076777,1394.2242340844298,0.0018654454731137533
1394.6897513579138,-0.0005035477224737406,1393.606,0.00746397127907783,0.011902994766863231,1394.6897513579138,0.001914409814691511
1395.1552686313978,-0.0015106431674212217,1394.071,0.020858493740730122,0.011254228890113575,1395.1552686313978,0.0019814212240009256
1395.6207859048816,-0.0028534370940178633,1394.537,0.005285350090849628,0.010500174525473818,1395.6207859048816,0.0019714951319554524
1396.0863031783656,-0.0028534370940178633,1395.003,0.005285350090849628,0.009738049539122627,1396.0863031783656,0.001931252101568022
1396.5518204518496,-0.0030212863348424435,1395.469,0.003106728902621425,0.009057224327312808,1396.5518204518496,0.001898714745723192
1397.0173377253336,-0.002517738612368703,1395.937,0.005285350090849628,0.008527031821115248,1397.0173377253336,0.0018899934367202608
1397.4828549988174,-0.0001678492408245802,1396.399,0.003106728902621425,0.008188506069401011,1397.4828549988174,0.001907989106684503
1397.9483722723014,0.000839246204122901,1396.863,0.003106728902621425,0.008051216465604397,1397.9483722723014,0.0019432814248818715
1398.4138895457854,-0.0005035477224737406,1397.325,0.023037114928958324,0.008095300752856947,1398.4138895457854,0.0019571220339695966
1398.8794068192694,-0.0031891355756670237,1397.796,0.003106728902621425,0.008277796981776527,1398.8794068192694,0.0019589312646817237
1399.3449240927532,-0.0028534370940178633,1398.258,0.005285350090849628,0.008541741040211293,1399.3449240927532,0.0019814438411447253
1399.8104413662372,-0.0018463416490703821,1398.724,0.012143879130203539,0.008826394376958476,1399.8104413662372,0.001954251940067862
1400.2759586397212,-0.000839246204122901,1399.188,0.009642592467306033,0.00907720242605383,1400.2759586397212,0.0019286246115416898
1400.7414759132052,-0.0001678492408245802,1399.654,0.014322500318431741,0.009254292095184517,1400.7414759132052,0.001917758953554388
1401.206993186689,-0.000839246204122901,1400.118,0.003106728902621425,0.009338406778296532,1401.206993186689,0.0019328557434606256
1401.672510460173,-0.0001678492408245802,1400.584,0.03142919392242938,0.009333339180279484,1401.672510460173,0.0019514887552353065
1402.138027733657,-0.0001678492408245802,1401.049,0.0009279778567794494,0.009264299246582463,1402.138027733657,0.0019346896456368104
1402.6035450071408,-0.0011749446857720613,1401.515,0.003106728902621425,0.009172285310653654,1402.6035450071408,0.0019160648586150956
1403.0690622806248,-0.0005035477224737406,1401.982,0.016178585889604413,0.00910535704460355,1403.0690622806248,0.001874018769108964
1403.5345795541089,0.0003356984816491604,1402.447,0.001250643331448753,0.009108451578702739,1403.5345795541089,0.001845726938081536
1404.0000968275929,-0.000839246204122901,1402.907,0.009965257941975336,0.009213693882575416,1404.0000968275929,0.001846423903014106
1404.4656141010767,-0.003356984816491604,1403.37,0.003106728902621425,0.009433013873943139,1404.4656141010767,0.0018442960022352127
1404.9311313745607,-0.0031891355756670237,1403.84,0.0009279778567794494,0.009754505380093903,1404.9311313745607,0.001826370235541487
1405.3966486480447,-0.000839246204122901,1404.303,0.0077865068961333606,0.010143398405749241,1405.3966486480447,0.0018240244046926453
1405.8621659215287,0.0005035477224737406,1404.767,0.003106728902621425,0.01054766150171546,1405.8621659215287,0.0018349928605248035
1406.3276831950125,-0.0011749446857720613,1405.237,0.04232242972118394,0.010907117960667142,1406.3276831950125,0.0018283336611899892
1406.7932004684965,-0.0028534370940178633,1405.695,0.001250643331448753,0.011163878176267027,1406.7932004684965,0.0017829775030298656
1407.2587177419805,-0.0015106431674212217,1406.16,0.024893200500130774,0.011271459238576996,1407.2587177419805,0.0017354523249688769
1407.7242350154645,-0.0001678492408245802,1406.625,0.001250643331448753,0.01120057977270587,1407.7242350154645,0.0017222367232999486
1408.1897522889483,0.000839246204122901,1407.092,0.016178585889604413,0.010940978671768225,1408.1897522889483,0.0017401604373674354
1408.6552695624323,-0.0001678492408245802,1407.557,0.009965257941975336,0.010499931359080488,1408.6552695624323,0.0017637421033501023
1409.1207868359163,-0.003524834057316184,1408.022,0.001250643331448753,0.009898912375173114,1409.1207868359163,0.0017719987703090252
1409.5863041094,-0.003524834057316184,1408.488,0.005607885707905158,0.009170086046994043,1409.5863041094,0.001785563881990798
1410.051821382884,-0.003524834057316184,1408.952,0.00746397127907783,0.008354151968879139,1410.051821382884,0.001811168599131125
1410.517338656368,-0.001678492408245802,1409.415,0.001250643331448753,0.007500562451235275,1410.517338656368,0.0018221946214408693
1410.9828559298521,0.0005035477224737406,1409.885,0.001250643331448753,0.006670313038622944,1410.9828559298521,0.0018251860185394115
1411.448373203336,-0.0001678492408245802,1410.348,0.003106728902621425,0.00594054128357448,1411.448373203336,0.001811174767148289
1411.91389047682,-0.002517738612368703,1410.811,0.02925044287658718,0.005409187550298311,1411.91389047682,0.0018012260590398814
1412.379407750304,-0.0028534370940178633,1411.281,0.012143879130203539,0.00519714822805157,1412.379407750304,0.0018204594055429924
1412.844925023788,-0.0015106431674212217,1411.746,0.001250643331448753,0.005445125634759142,1412.844925023788,0.0018541172479476732
1413.3104422972717,-0.0001678492408245802,1412.209,0.020858493740730122,0.006303183793296008,1413.3104422972717,0.0019121174586085225
1413.7759595707557,0.0005035477224737406,1412.675,0.00746397127907783,0.007912676967763849,1413.7759595707557,0.0019478970343880877
1414.2414768442397,-0.0001678492408245802,1413.14,0.005607885707905158,0.01038203358717527,1414.2414768442397,0.0019718590498790803
1414.7069941177238,-0.0021820401307195425,1413.606,0.03360781511065736,0.013759363712611095,1414.7069941177238,0.0019555595339541456
1415.1725113912075,-0.0041962312534451485,1414.071,0.005285350090849628,0.018005986389480113,1415.1725113912075,0.0019296916593606831
1415.6380286646915,-0.0036926832981407642,1414.53,0.012143879130203539,0.022975874352927573,1415.6380286646915,0.0019067966782762755
1416.1035459381756,-0.0028534370940178633,1414.996,0.001250643331448753,0.02840666206277562,1416.1035459381756,0.001943355456245603
1416.5690632116593,-0.001678492408245802,1415.462,0.005607885707905158,0.03392782442009565,1416.5690632116593,0.002007297338724713
1417.0345804851434,-0.0028534370940178633,1415.93,0.001250643331448753,0.039090134352648895,1417.0345804851434,0.0020715722873460543
1417.5000977586274,-0.0041962312534451485,1416.393,0.001250643331448753,0.043416975123013415,1417.5000977586274,0.002061849733085218
1417.9656150321114,-0.0041962312534451485,1416.856,0.003106728902621425,0.04647247401660282,1417.9656150321114,0.002030576781360259
1418.4311323055952,-0.0041962312534451485,1417.326,0.36290637052261754,0.047934363456661896,1418.4311323055952,0.002016688883738827
1418.8966495790792,-0.0028534370940178633,1417.789,0.003106728902621425,0.04765341757068457,1418.8966495790792,0.0020201449244698767
1419.3621668525632,-0.0018463416490703821,1418.251,0.022714579311902794,0.045681233706198046,1419.3621668525632,0.002033798442335756
1419.8276841260472,-0.0015106431674212217,1418.717,0.014322500318431741,0.042257388707660125,1419.8276841260472,0.0020316787656139705
1420.293201399531,-0.003524834057316184,1419.181,0.00746397127907783,0.03776139135639602,1420.293201399531,0.0020061007763312786
1420.758718673015,-0.00520332669839263,1419.646,0.018679742694887924,0.03264522437833919,1420.758718673015,0.0019847292466393445
1421.224235946499,-0.004867628216743469,1420.111,0.003106728902621425,0.027364009335454152,1421.224235946499,0.001969258273547927
1421.6897532199828,-0.0021820401307195425,1420.576,0.005607885707905158,0.022318111937519276,1421.6897532199828,0.0019531067835725634
1422.1552704934668,-0.001678492408245802,1421.041,0.03360781511065736,0.01781418781184219,1422.1552704934668,0.001940906816241334
1422.6207877669508,-0.0005035477224737406,1421.507,0.001250643331448753,0.014047390461986482,1422.6207877669508,0.0019223210902454394
1423.0863050404348,-0.000839246204122901,1421.971,0.005285350090849628,0.011102878738882193,1423.0863050404348,0.0019273622643144759
1423.5518223139186,-0.0015106431674212217,1422.437,0.02925044287658718,0.008972130913071709,1423.5518223139186,0.0019317619840939196
1424.0173395874026,-0.0001678492408245802,1422.9,0.016178585889604413,0.00757824233161579,1424.0173395874026,0.0019834442804459776
1424.4828568608866,0.002517738612368703,1423.369,0.025215736117186305,0.0068040335315515624,1424.4828568608866,0.0020137612172707337
1424.9483741343706,0.0031891355756670237,1423.837,0.005285350090849628,0.006517463503297273,1424.9483741343706,0.0020051755978351144
1425.4138914078544,0.0011749446857720613,1424.299,0.0077865068961333606,0.006590635844332096,1425.4138914078544,0.0019858579562638478
1425.8794086813384,0.0011749446857720613,1424.767,0.003106728902621425,0.0069111210316532305,1425.8794086813384,0.001986244475540394
1426.3449259548224,0.000839246204122901,1425.229,0.003106728902621425,0.007386477957564521,1426.3449259548224,0.0020134733862716657
1426.8104432283064,0.0011749446857720613,1425.695,0.003106728902621425,0.007944093384318179,1426.8104432283064,0.002028950526838389
1427.2759605017902,0.002517738612368703,1426.16,0.0077865068961333606,0.008528699522675019,1427.2759605017902,0.0020505872724817273
1427.7414777752742,0.003524834057316184,1426.626,0.005285350090849628,0.00909947734675792,1427.7414777752742,0.0020653201615071937
1428.2069950487582,0.002517738612368703,1427.086,0.00746397127907783,0.009627875863414502,1428.2069950487582,0.002042556759259152
1428.672512322242,0.0010070954449474812,1427.551,0.012143879130203539,0.010096456004915596,1428.672512322242,0.0020227765304831774
1429.138029595726,0.0005035477224737406,1428.019,0.020535828266060596,0.01049836401676717,1429.138029595726,0.0020397730130489603
1429.60354686921,0.0005035477224737406,1428.484,0.016178585889604413,0.010836589121574699,1429.60354686921,0.002111909886233841
1430.069064142694,0.000839246204122901,1428.945,0.00746397127907783,0.01112216606636336,1430.069064142694,0.002171941367050216
1430.5345814161778,0.0011749446857720613,1429.414,0.005285350090849628,0.011371051232525919,1430.5345814161778,0.002170561830953368
1431.0000986896619,0.002517738612368703,1429.878,0.014322500318431741,0.011600257841049228,1431.0000986896619,0.002145826779387571
1431.4656159631459,0.003356984816491604,1430.34,0.001250643331448753,0.011824430547764829,1431.4656159631459,0.002140680752731342
1431.9311332366299,0.0031891355756670237,1430.811,0.0034292645196769556,0.012054020703775951,1431.9311332366299,0.002160859831892987
1432.3966505101137,0.0031891355756670237,1431.274,0.03142919392242938,0.012295644212098389,1432.3966505101137,0.002164159619374766
1432.8621677835977,0.0021820401307195425,1431.739,0.0077865068961333606,0.01255433822704458,1432.8621677835977,0.002180185697196247
1433.3276850570817,0.0005035477224737406,1432.202,0.009965257941975336,0.012836679641144589,1433.3276850570817,0.0022134323532921525
1433.7932023305657,-0.000839246204122901,1432.668,0.003106728902621425,0.01315346717348239,1433.7932023305657,0.0022439548848141653
1434.2587196040495,-0.0021820401307195425,1433.133,0.053215665519938726,0.013520852636664171,1434.2587196040495,0.0022952588878518442
1434.7242368775335,-0.0018463416490703821,1433.598,0.003106728902621425,0.013959079769546655,1434.7242368775335,0.002340399173710206
1435.1897541510175,-0.0018463416490703821,1434.063,0.005607885707905158,0.014488420589946805,1435.1897541510175,0.002380064483287526
1435.6552714245013,-0.0023498893715441227,1434.529,0.003106728902621425,0.015122860384475554,1435.6552714245013,0.0023855703001277994
1436.1207886979853,-0.0031891355756670237,1434.996,0.018679742694887924,0.015863223608261656,1436.1207886979853,0.0023831525125979345
1436.5863059714693,-0.0028534370940178633,1435.455,0.03142919392242938,0.01669178277714184,1436.5863059714693,0.002387149267039973
1437.0518232449533,-0.0015106431674212217,1435.922,0.003106728902621425,0.01756971593920898,1437.0518232449533,0.002430710588062331
1437.517340518437,-0.000839246204122901,1436.391,0.020858493740730122,0.01843791998118176,1437.517340518437,0.0024797530529437066
1437.982857791921,0.0005035477224737406,1436.855,0.003106728902621425,0.019221346760194827,1437.982857791921,0.0024784598657219313
1438.4483750654051,0.0011749446857720613,1437.318,0.024893200500130774,0.019836936132443254,1438.4483750654051,0.0024436054620560143
1438.9138923388891,-0.0006713969632983208,1437.781,0.012143879130203539,0.02020473438038745,1438.9138923388891,0.0024127724830328074
1439.379409612373,-0.0028534370940178633,1438.251,0.016501121506659944,0.0202607632232181,1439.379409612373,0.0023854304984720436
1439.844926885857,-0.002517738612368703,1438.71,0.07718075830567628,0.01996903877042867,1439.844926885857,0.0024306098464484957
1440.310444159341,-0.0018463416490703821,1439.181,0.016501121506659944,0.019329471381091035,1440.310444159341,0.0024635316656611136
1440.775961432825,-0.0001678492408245802,1439.647,0.003106728902621425,0.018378989645259556,1440.775961432825,0.00249852998403802
1441.2414787063087,0.0011749446857720613,1440.111,0.003106728902621425,0.017185470085571634,1441.2414787063087,0.0025495893288429634
1441.7069959797927,-0.0001678492408245802,1440.577,0.00746397127907783,0.015836876378318716,1441.7069959797927,0.002558705380783137
1442.1725132532767,-0.0028534370940178633,1441.037,0.005607885707905158,0.014429494349299826,1442.1725132532767,0.0025834877180992027
1442.6380305267605,-0.0041962312534451485,1441.502,0.024893200500130774,0.013058420204055326,1442.6380305267605,0.0026414283070838266
1443.1035478002445,-0.0041962312534451485,1441.967,0.016178585889604413,0.011811422564126928,1443.1035478002445,0.0027088303458417643
1443.5690650737286,-0.0031891355756670237,1442.432,0.012143879130203539,0.010765446810459382,1443.5690650737286,0.002780414172806256
1444.0345823472126,-0.0015106431674212217,1442.9,0.016501121506659944,0.009984244925609453,1444.0345823472126,0.0028271375340290818
1444.5000996206963,-0.0015106431674212217,1443.363,0.00746397127907783,0.009515912608754637,1444.5000996206963,0.0028436878759643567
1444.9656168941804,-0.0041962312534451485,1443.826,0.00746397127907783,0.009389977681969197,1444.9656168941804,0.002857894442788434
1445.4311341676644,-0.00553902518004179,1444.295,0.009642592467306033,0.009614549849846709,1445.4311341676644,0.0029078867530071247
1445.8966514411484,-0.00553902518004179,1444.767,0.001250643331448753,0.010174593400880096,1445.8966514411484,0.0029456667652303565
1446.3621687146322,-0.006210422143340111,1445.222,0.001250643331448753,0.01103250025774729,1446.3621687146322,0.002967628352362773
1446.8276859881162,-0.00587472366169095,1445.688,0.00746397127907783,0.012131766154171228,1446.8276859881162,0.00298976469143156
1447.2932032616002,-0.0041962312534451485,1446.155,0.022714579311902794,0.013403681335523642,1447.2932032616002,0.0030081242631435448
1447.7587205350842,-0.0031891355756670237,1446.621,0.03610897191594109,0.014775705607871788,1447.7587205350842,0.0029982804089541595
1448.224237808568,-0.0028534370940178633,1447.086,0.016178585889604413,0.016179189148183157,1448.224237808568,0.0029996784508763727
1448.689755082052,-0.0021820401307195425,1447.551,0.020858493740730122,0.017554096517445616,1448.689755082052,0.003021282300302685
1449.155272355536,-0.003524834057316184,1448.011,0.0034292645196769556,0.018849614483288268,1449.155272355536,0.003019625210751384
1449.6207896290198,-0.00553902518004179,1448.476,0.04046634415001127,0.020021271262316818,1449.6207896290198,0.003047170735184364
1450.0863069025038,-0.00553902518004179,1448.944,0.005607885707905158,0.02102647550672128,1450.0863069025038,0.0030734169035513586
1450.5518241759878,-0.003524834057316184,1449.406,0.00746397127907783,0.021820842635584897,1450.5518241759878,0.0030697120944840426
1451.0173414494718,-0.0021820401307195425,1449.874,0.003106728902621425,0.02235754377775602,1451.0173414494718,0.003076467923195951
1451.4828587229556,-0.0021820401307195425,1450.336,0.024893200500130774,0.022591193159873214,1451.4828587229556,0.0030560277380666558
1451.9483759964396,-0.0015106431674212217,1450.804,0.04232242972118394,0.02248618160180701,1451.9483759964396,0.0030464963862862097
1452.4138932699236,-0.0028534370940178633,1451.267,0.05103691447409675,0.02202717135670451,1452.4138932699236,0.0030622325736264556
1452.8794105434076,-0.004867628216743469,1451.733,0.016501121506659944,0.021227977714336908,1452.8794105434076,0.0030723025820113417
1453.3449278168914,-0.004531929735094309,1452.196,0.005285350090849628,0.020135501520760195,1453.3449278168914,0.0030502546490610697
1453.8104450903754,-0.0023498893715441227,1452.661,0.024893200500130774,0.018827555211320922,1453.8104450903754,0.0030160663727116332
1454.2759623638594,-0.000839246204122901,1453.126,0.001250643331448753,0.017405761680729947,1454.2759623638594,0.002981639606873857
1454.7414796373432,-0.0015106431674212217,1453.591,0.025215736117186305,0.015985748239607574,1454.7414796373432,0.002925863929029802
1455.2069969108272,-0.003524834057316184,1454.059,0.020858493740730122,0.014686502327299449,1455.2069969108272,0.0028688423496372427
1455.6725141843112,-0.004867628216743469,1454.525,0.00746397127907783,0.013619884827200024,1455.6725141843112,0.0028203776048244898
1456.1380314577953,-0.0041962312534451485,1454.99,0.020858493740730122,0.012880741987653255,1456.1380314577953,0.002790728850061403
1456.603548731279,-0.0041962312534451485,1455.455,0.0009279778567794494,0.012538069860529634,1456.603548731279,0.002801193598677094
1457.069066004763,-0.0041962312534451485,1455.918,0.0009279778567794494,0.012627982768344802,1457.069066004763,0.00280407191759417
1457.534583278247,-0.0018463416490703821,1456.381,0.022714579311902794,0.013149322995549781,1457.534583278247,0.002797608031507768
1458.000100551731,0.0010070954449474812,1456.848,0.03578643629888556,0.014062323200528453,1458.000100551731,0.0027903752226442033
1458.4656178252148,-0.0001678492408245802,1457.311,0.003106728902621425,0.015290043140461469,1458.4656178252148,0.0027474553554323205
1458.9311350986989,-0.0018463416490703821,1457.781,0.020858493740730122,0.016722069295812027,1458.9311350986989,0.0026881043918221548
1459.3966523721829,-0.0023498893715441227,1458.244,0.003106728902621425,0.018220592193835674,1459.3966523721829,0.002651714199309198
1459.8621696456669,-0.0028534370940178633,1458.71,0.003106728902621425,0.019629895443258827,1459.8621696456669,0.002623926072121607
1460.3276869191507,-0.003524834057316184,1459.17,0.005607885707905158,0.020790473774648505,1460.3276869191507,0.002607918498106355
1460.7932041926347,-0.0028534370940178633,1459.636,0.003106728902621425,0.02155785461763937,1460.7932041926347,0.00259632914545231
1461.2587214661187,-0.0018463416490703821,1460.1,0.11421783793601081,0.02182386076177437,1461.2587214661187,0.002599283533335633
1461.7242387396025,-0.0011749446857720613,1460.566,0.003106728902621425,0.02153550018037811,1461.7242387396025,0.0025822993860969107
1462.1897560130865,-0.0010070954449474812,1461.033,0.020858493740730122,0.02070570694499425,1462.1897560130865,0.002531507312393525
1462.6552732865705,-0.0031891355756670237,1461.499,0.03796505748711376,0.01941207057758968,1462.6552732865705,0.0024652915543520266
1463.1207905600545,-0.0041962312534451485,1461.96,0.0009279778567794494,0.017783569395469625,1463.1207905600545,0.0023970815315173255
1463.5863078335383,-0.0041962312534451485,1462.426,0.001250643331448753,0.015978851670995397,1463.5863078335383,0.0023452368147002128
1464.0518251070223,-0.003524834057316184,1462.896,0.005607885707905158,0.014161411292728694,1464.0518251070223,0.0023014740096345423
1464.5173423805063,0.0001678492408245802,1463.359,0.003106728902621425,0.012477080754865916,1464.5173423805063,0.00227139556094063
1464.9828596539903,0.0030212863348424435,1463.822,0.009965257941975336,0.011037961705210353,1464.9828596539903,0.0022491872618712262
1465.448376927474,0.002517738612368703,1464.285,0.005285350090849628,0.009914735251204034,1465.448376927474,0.0021922952046277105
1465.913894200958,-0.0005035477224737406,1464.75,0.027071821688358977,0.009137024665408314,1465.913894200958,0.002082758671337398
1466.3794114744421,-0.0021820401307195425,1465.221,0.005285350090849628,0.00869980771210706,1466.3794114744421,0.0020052701771155917
1466.8449287479261,-0.0021820401307195425,1465.68,0.005607885707905158,0.00857313126023617,1466.8449287479261,0.0019410013961520772
1467.31044602141,-0.0011749446857720613,1466.145,0.025215736117186305,0.008712548924755127,1467.31044602141,0.001899588533193794
1467.775963294894,-0.0005035477224737406,1466.611,0.0009279778567794494,0.009068418602401552,1467.775963294894,0.0018682168990662377
1468.241480568378,-0.0001678492408245802,1467.077,0.005607885707905158,0.00959302281260849,1468.241480568378,0.0018568043595960453
1468.7069978418617,-0.0005035477224737406,1467.543,0.001250643331448753,0.010245179508301266,1468.7069978418617,0.001830930313999496
1469.1725151153457,-0.0015106431674212217,1468.007,0.03796505748711376,0.010992421732890768,1469.1725151153457,0.0017570294403004855
1469.6380323888297,-0.0011749446857720613,1468.473,0.00746397127907783,0.011810822895425073,1469.6380323888297,0.0016619811370186376
1470.1035496623138,0.0005035477224737406,1468.937,0.00746397127907783,0.012682458060370817,1470.1035496623138,0.001589398126006651
1470.5690669357975,0.0031891355756670237,1469.407,0.014322500318431741,0.013590878988423183,1470.5690669357975,0.0015517599780441567
1471.0345842092815,0.004364080261439085,1469.87,0.005607885707905158,0.01451579390007308,1471.0345842092815,0.0015482155327431657
1471.5001014827656,0.0018463416490703821,1470.333,0.014322500318431741,0.015428700548412104,1471.5001014827656,0.0015838182979540556
1471.9656187562496,-0.0015106431674212217,1470.796,0.005607885707905158,0.016291067253147017,1471.9656187562496,0.0016131915561724594
1472.4311360297334,-0.0021820401307195425,1471.266,0.020858493740730122,0.017055906059906117,1472.4311360297334,0.0016302085973238835
1472.8966533032174,-0.0015106431674212217,1471.732,0.020858493740730122,0.01767254170050223,1472.8966533032174,0.001619297705864623
1473.3621705767014,-0.0005035477224737406,1472.194,0.03796505748711376,0.018093354855375783,1473.3621705767014,0.0016038390684767162
1473.8276878501854,0.0005035477224737406,1472.66,0.009642592467306033,0.01828068552673731,1473.8276878501854,0.0015874840398925208
1474.2932051236692,0.0005035477224737406,1473.126,0.01399996470137621,0.018212305221905443,1474.2932051236692,0.001584624220971559
1474.7587223971532,0.0011749446857720613,1473.591,0.012143879130203539,0.01788479624926962,1474.7587223971532,0.0016118757462970463
1475.2242396706372,0.0011749446857720613,1474.056,0.024893200500130774,0.017315104781717796,1475.2242396706372,0.0016424126687582823
1475.689756944121,-0.0001678492408245802,1474.515,0.016178585889604413,0.016540808865197095,1475.689756944121,0.0016288084922804994
1476.155274217605,-0.0015106431674212217,1474.986,0.009642592467306033,0.01561933833776521,1476.155274217605,0.0015710961119513775
1476.620791491089,-0.000839246204122901,1475.451,0.011821343513148008,0.014626037584758693,1476.620791491089,0.001494316916680187
1477.086308764573,0.0001678492408245802,1475.915,0.025215736117186305,0.013650808805332326,1477.086308764573,0.001413170898767736
1477.5518260380568,-0.0015106431674212217,1476.377,0.016501121506659944,0.012792955071417105,1477.5518260380568,0.001360742292641379
1478.0173433115408,-0.0028534370940178633,1476.841,0.023037114928958324,0.012153774683926328,1478.0173433115408,0.0013616160678688442
1478.4828605850248,-0.0021820401307195425,1477.311,0.003106728902621425,0.011826794275279603,1478.4828605850248,0.001359726656273139
1478.9483778585088,-0.0015106431674212217,1477.774,0.003106728902621425,0.011886431384453635,1478.9483778585088,0.0013144876840680256
1479.4138951319926,-0.0028534370940178633,1478.237,0.00746397127907783,0.012376924254071766,1479.4138951319926,0.0012660044340715823
1479.8794124054766,-0.0031891355756670237,1478.703,0.018357207077832394,0.013303852129825006,1479.8794124054766,0.0012451695086088152
1480.3449296789606,-0.0028534370940178633,1479.17,0.005285350090849628,0.014630172755341935,1480.3449296789606,0.0012485391966546731
1480.8104469524444,-0.0028534370940178633,1479.635,0.00746397127907783,0.01627775111389893,1480.8104469524444,0.0012852521747023222
1481.2759642259284,-0.000839246204122901,1480.101,0.012143879130203539,0.01813433238926632,1481.2759642259284,0.001317660008375293
1481.7414814994124,0.0011749446857720613,1480.566,0.044823586526467674,0.02006491525689699,1481.7414814994124,0.0013323086037043605
1482.2069987728964,0.0018463416490703821,1481.026,0.03796505748711376,0.021925469592553874,1482.2069987728964,0.0013358633312498714
1482.6725160463802,0.000839246204122901,1481.492,0.0009279778567794494,0.0235763721442578,1482.6725160463802,0.0013000056289868389
1483.1380333198642,-0.0015106431674212217,1481.959,0.04232242972118394,0.024893454745084934,1483.1380333198642,0.0012719625662158257
1483.6035505933482,-0.0028534370940178633,1482.425,0.001250643331448753,0.02577598753573401,1483.6035505933482,0.0012761196857303527
1484.0690678668323,-0.002517738612368703,1482.885,0.016501121506659944,0.026152167029217018,1484.0690678668323,0.0013308406668077607
1484.534585140316,-0.0015106431674212217,1483.355,0.06193028013046531,0.025982871880058243,1484.534585140316,0.0013555757163230535
1485.0001024138,-0.0005035477224737406,1483.815,0.001250643331448753,0.025263679418042088,1485.0001024138,0.001354459339022577
1485.465619687284,-0.0005035477224737406,1484.285,0.06225281574752084,0.02402424644592394,1485.465619687284,0.001378939452030437
1485.931136960768,-0.0001678492408245802,1484.75,0.012143879130203539,0.022324069991844928,1485.931136960768,0.0014249452913549215
1486.3966542342519,-0.0011749446857720613,1485.214,0.0077865068961333606,0.020244658507204655,1486.3966542342519,0.0014774746376520602
1486.8621715077359,-0.0021820401307195425,1485.68,0.005607885707905158,0.017879735047595005,1486.8621715077359,0.001522633428263477
1487.3276887812199,-0.002517738612368703,1486.145,0.016501121506659944,0.015326287188235326,1487.3276887812199,0.0015644307520000383
1487.7932060547037,-0.0021820401307195425,1486.611,0.0009279778567794494,0.01267926877206636,1487.7932060547037,0.0016460928100148042
1488.2587233281877,-0.0015106431674212217,1487.07,0.0077865068961333606,0.010031508305758335,1488.2587233281877,0.0017501235309679672
1488.7242406016717,-0.0001678492408245802,1487.536,0.016178585889604413,0.007478586842566846,1488.7242406016717,0.0018489835555347898
1489.1897578751557,0.0011749446857720613,1488.0,0.003106728902621425,0.005126834239038554,1489.1897578751557,0.0019402571473001473
1489.6552751486395,-0.0001678492408245802,1488.465,0.01399996470137621,0.0031015192601438744,1489.6552751486395,0.002010597127552581
1490.1207924221235,-0.0018463416490703821,1488.934,0.001250643331448753,0.0015519418572748724,1490.1207924221235,0.0020857994128612935
1490.5863096956075,-0.0038605325389653444,1489.396,0.00746397127907783,0.0006504760710865821,1490.5863096956075,0.002136864927494348
1491.0518269690915,-0.002517738612368703,1489.863,0.025215736117186305,0.0005834638979459642,1491.0518269690915,0.002178596460907253
1491.5173442425753,0.0003356984816491604,1490.326,0.003106728902621425,0.001533069364698961,1491.5173442425753,0.002269756975352413
1491.9828615160593,0.0011749446857720613,1490.796,0.003106728902621425,0.0036508482211493106,1491.9828615160593,0.002353865605285147
1492.4483787895433,0.0018463416490703821,1491.259,0.0009279778567794494,0.007025911532819757,1492.4483787895433,0.002412114584325042
1492.9138960630273,0.0005035477224737406,1491.725,0.003106728902621425,0.011652711046378324,1492.9138960630273,0.0024579662271046877
1493.379413336511,0.0005035477224737406,1492.189,0.003106728902621425,0.017404848140820953,1493.379413336511,0.002477485352106112
1493.8449306099951,0.0021820401307195425,1492.654,0.016501121506659944,0.024021397432860823,1493.8449306099951,0.002531178361228697
1494.3104478834791,0.0036926832981407642,1493.118,0.005285350090849628,0.031111087721786463,1494.3104478834791,0.0025678933931317467
1494.775965156963,0.005035477224737406,1493.584,0.023037114928958324,0.03817757970389677,1494.775965156963,0.002607766353360711
1495.241482430447,0.004364080261439085,1494.049,0.014322500318431741,0.04466619628125495,1495.241482430447,0.00265800126611727
1495.706999703931,0.0023498893715441227,1494.515,0.027071821688358977,0.050028792484448734,1495.706999703931,0.0027333968089709717
1496.172516977415,0.0005035477224737406,1494.982,0.016501121506659944,0.05379893185598891,1496.172516977415,0.0028341853034785486
1496.6380342508987,-0.000839246204122901,1495.44,0.33426143481456116,0.05566444954522551,1496.6380342508987,0.002884446943220067
1497.1035515243827,-0.0001678492408245802,1495.908,0.0009279778567794494,0.055520643751571494,1497.1035515243827,0.002927734824282397
1497.5690687978667,0.0011749446857720613,1496.37,0.053215665519938726,0.05348863851097363,1497.5690687978667,0.0029828978319055505
1498.0345860713508,0.0011749446857720613,1496.837,0.024893200500130774,0.04989241144850888,1498.0345860713508,0.0030172176895068977
1498.5001033448345,0.0005035477224737406,1497.3,0.016501121506659944,0.04520090725506959,1498.5001033448345,0.002996578079277454
1498.9656206183186,-0.000839246204122901,1497.77,0.003106728902621425,0.03995098698256138,1498.9656206183186,0.002960545620751744
1499.4311378918026,-0.000839246204122901,1498.233,0.02925044287658718,0.03466882068624825,1499.4311378918026,0.002935232849131586
1499.8966551652866,-0.000839246204122901,1498.699,0.02925044287658718,0.029803629411141456,1499.8966551652866,0.002956454294235941
1500.3621724387704,-0.0021820401307195425,1499.166,0.014322500318431741,0.025682005151033412,1500.3621724387704,0.0029982146096071433
1500.8276897122544,-0.0041962312534451485,1499.625,0.014322500318431741,0.022485794737664027,1500.8276897122544,0.003012108673725686
1501.2932069857384,-0.00587472366169095,1500.096,0.016178585889604413,0.02025275407115713,1501.2932069857384,0.003041163261275574
1501.7587242592222,-0.00587472366169095,1500.561,0.003106728902621425,0.018896693721137524,1501.7587242592222,0.0030351146782834444
1502.2242415327062,-0.00553902518004179,1501.026,0.04046634415001127,0.018241903927057553,1502.2242415327062,0.003004213856447234
1502.6897588061902,-0.0041962312534451485,1501.485,0.06225281574752084,0.01806493415336943,1502.6897588061902,0.0029828813900227
1503.1552760796742,-0.004531929735094309,1501.952,0.020858493740730122,0.018135847922444246,1503.1552760796742,0.0030006241791857833
1503.620793353158,-0.00587472366169095,1502.415,0.011821343513148008,0.018251898753054628,1503.620793353158,0.0030098923712772174
1504.086310626642,-0.004867628216743469,1502.885,0.016178585889604413,0.01825948526354008,1504.086310626642,0.0029873304509307193
1504.551827900126,-0.0036926832981407642,1503.347,0.00746397127907783,0.01806395963575241,1504.551827900126,0.0029839628175501983
1505.01734517361,-0.0041962312534451485,1503.811,0.025215736117186305,0.01762946630086441,1505.01734517361,0.0030093763298316635
1505.4828624470938,-0.003524834057316184,1504.281,0.01399996470137621,0.01697171722680497,1505.4828624470938,0.0030409371115090486
1505.9483797205778,-0.003524834057316184,1504.746,0.020858493740730122,0.01614616615101303,1505.9483797205778,0.0030642946805824315
1506.4138969940618,-0.00520332669839263,1505.21,0.005607885707905158,0.015233454488812316,1506.4138969940618,0.003050731622393871
1506.8794142675458,-0.006546120624989271,1505.675,0.027394357305414507,0.01432373960760994,1506.8794142675458,0.0030418972332445244
1507.3449315410296,-0.007553216069936752,1506.14,0.003106728902621425,0.013501501953298255,1507.3449315410296,0.003052067984295593
1507.8104488145136,-0.006546120624989271,1506.606,0.003106728902621425,0.012832450047757656,1507.8104488145136,0.0030745127148113687
1508.2759660879976,-0.003524834057316184,1507.071,0.016501121506659944,0.012354068272735311,1508.2759660879976,0.003120925628461705
1508.7414833614814,-0.0015106431674212217,1507.536,0.00746397127907783,0.012071025542241272,1508.7414833614814,0.0031329672872480617
1509.2070006349654,-0.0041962312534451485,1507.996,0.0009279778567794494,0.011955971691744385,1509.2070006349654,0.0031015421963129642
1509.6725179084494,-0.0068818191066384315,1508.462,0.027071821688358977,0.011955330047246568,1509.6725179084494,0.0030785752549712707
1510.1380351819334,-0.006210422143340111,1508.929,0.016501121506659944,0.011998822515527838,1510.1380351819334,0.0030878290552935833
1510.6035524554172,-0.004364080261439085,1509.392,0.0009279778567794494,0.01201087478794044,1510.6035524554172,0.0031113922186193303
1511.0690697289012,-0.0030212863348424435,1509.855,0.029573108351256705,0.011921951005732002,1511.0690697289012,0.003120115585379039
1511.5345870023853,-0.0028534370940178633,1510.325,0.012143879130203539,0.011678276519759131,1511.5345870023853,0.0031516558071931385
1512.0001042758693,-0.0028534370940178633,1510.789,0.00746397127907783,0.0112490857868968,1512.0001042758693,0.0031880768375047055
1512.465621549353,-0.0021820401307195425,1511.251,0.003106728902621425,0.010631285893075803,1512.465621549353,0.0032078488414278967
1512.931138822837,-0.001678492408245802,1511.717,0.001250643331448753,0.009852112893761495,1512.931138822837,0.003187612194824728
1513.396656096321,-0.0021820401307195425,1512.181,0.0009279778567794494,0.008970614734232406,1513.396656096321,0.0031656547238104655
1513.8621733698049,-0.0021820401307195425,1512.646,0.016178585889604413,0.008078259321414955,1513.8621733698049,0.0031417441068283783
1514.3276906432889,-0.0001678492408245802,1513.111,0.03393035072771289,0.0072977820840851495,1514.3276906432889,0.003146814061954516
1514.7932079167729,0.002517738612368703,1513.576,0.003106728902621425,0.006778289854082115,1514.7932079167729,0.003146353530327748
1515.2587251902569,0.0038605325389653444,1514.041,0.01399996470137621,0.006684532386022511,1515.2587251902569,0.003132262096607142
1515.7242424637407,0.002517738612368703,1514.507,0.0077865068961333606,0.007179484595240825,1515.7242424637407,0.0031282036644917134
1516.1897597372247,0.0005035477224737406,1514.974,0.012143879130203539,0.008401362107413247,1516.1897597372247,0.003120707695576948
1516.6552770107087,-0.000839246204122901,1515.44,0.001250643331448753,0.010437987890967582,1516.6552770107087,0.003098850964810469
1517.1207942841927,-0.0015106431674212217,1515.9,0.005607885707905158,0.01330256853085482,1517.1207942841927,0.003102356346507537
1517.5863115576765,-0.0015106431674212217,1516.37,0.01399996470137621,0.016915386960436884,1517.5863115576765,0.003110162760781731
1518.0518288311605,-0.0028534370940178633,1516.833,0.00746397127907783,0.021095655566093025,1518.0518288311605,0.003093610362492806
1518.5173461046445,-0.0005035477224737406,1517.296,0.016178585889604413,0.025566802828579458,1518.5173461046445,0.0030347466575399973
1518.9828633781285,0.002517738612368703,1517.763,0.018679742694887924,0.029976933752264092,1518.9828633781285,0.0029841355075717435
1519.4483806516123,0.0018463416490703821,1518.226,0.009965257941975336,0.033934246255945176,1519.4483806516123,0.0029832021076906857
1519.9138979250963,-0.0001678492408245802,1518.691,0.009965257941975336,0.03705477648310717,1519.9138979250963,0.0030198862963765473
1520.3794151985803,-0.000839246204122901,1519.156,0.027394357305414507,0.03901680948424456,1520.3794151985803,0.0030467574690823044
1520.844932472064,-0.0001678492408245802,1519.621,0.24525933299573688,0.03961265642107578,1520.844932472064,0.0030275940223875226
1521.310449745548,0.0011749446857720613,1520.088,0.003106728902621425,0.03878564559570099,1521.310449745548,0.002968267729442888
1521.7759670190321,0.0011749446857720613,1520.554,0.016178585889604413,0.036641306820875734,1521.7759670190321,0.0029196611230587247
1522.2414842925161,0.000839246204122901,1521.019,0.011821343513148008,0.03342879947203824,1522.2414842925161,0.0028754994652602844
1522.707001566,-0.0015106431674212217,1521.485,0.0009279778567794494,0.029498424061639907,1522.707001566,0.0028353345604779394
1523.172518839484,-0.004364080261439085,1521.948,0.022714579311902794,0.025247384917690387,1523.172518839484,0.0027996146042813174
1523.638036112968,-0.00553902518004179,1522.411,0.01399996470137621,0.021066138098752112,1523.638036112968,0.0027351731245181597
1524.103553386452,-0.004867628216743469,1522.881,0.003106728902621425,0.017293976315316706,1524.103553386452,0.0026751848171126438
1524.5690706599357,-0.0021820401307195425,1523.344,0.009642592467306033,0.014188277563885679,1524.5690706599357,0.002614719530798893
1525.0345879334197,0.0005035477224737406,1523.811,0.025215736117186305,0.01190852153441551,1525.0345879334197,0.002553345517551122
1525.5001052069038,0.0011749446857720613,1524.273,0.012143879130203539,0.010513788341657468,1525.5001052069038,0.002483418781369945
1525.9656224803878,-0.0011749446857720613,1524.739,0.012143879130203539,0.009970912285088755,1525.9656224803878,0.002423257777625962
1526.4311397538715,-0.0028534370940178633,1525.202,0.016501121506659944,0.010169930558967527,1526.4311397538715,0.002401542907780664
1526.8966570273556,-0.0038605325389653444,1525.667,0.003106728902621425,0.010943873243462738,1526.8966570273556,0.002408280233014308
1527.3621743008396,-0.004531929735094309,1526.133,0.00746397127907783,0.012090765401572987,1527.3621743008396,0.0024070651709869493
1527.8276915743234,-0.0031891355756670237,1526.599,0.00746397127907783,0.013396355194029888,1527.8276915743234,0.0023966929391180513
1528.2932088478074,-0.0031891355756670237,1527.066,0.04264496533823947,0.014656203699376447,1528.2932088478074,0.00237233207141048
1528.7587261212914,-0.004867628216743469,1527.525,0.001250643331448753,0.015695456642539185,1528.7587261212914,0.0023600272535397094
1529.2242433947754,-0.005035477224737406,1527.997,0.001250643331448753,0.016384377969101954,1529.2242433947754,0.002327997718927664
1529.6897606682592,-0.003524834057316184,1528.455,0.06628752250692171,0.016647970174144305,1529.6897606682592,0.0022688975798933414
1530.1552779417432,-0.0028534370940178633,1528.926,0.009965257941975336,0.016468592115128477,1530.1552779417432,0.0022340945783239988
1530.6207952152272,-0.003524834057316184,1529.388,0.003106728902621425,0.015881289768141092,1530.6207952152272,0.0022101962951203992
1531.0863124887112,-0.0041962312534451485,1529.856,0.003106728902621425,0.014962872653534763,1531.0863124887112,0.002182021650432986
1531.551829762195,-0.0041962312534451485,1530.318,0.01399996470137621,0.01381735706809567,1531.551829762195,0.002192663212540533
1532.017347035679,-0.003524834057316184,1530.781,0.0077865068961333606,0.012561143034770352,1532.017347035679,0.002206746423421785
1532.482864309163,-0.0015106431674212217,1531.251,0.012143879130203539,0.011310607127803173,1532.482864309163,0.00223643835363768
1532.948381582647,-0.0001678492408245802,1531.71,0.012143879130203539,0.010173365318133728,1532.948381582647,0.002276492236709136
1533.4138988561308,-0.0038605325389653444,1532.177,0.003106728902621425,0.009243241821072645,1533.4138988561308,0.00228090840098946
1533.8794161296148,-0.0068818191066384315,1532.643,0.00746397127907783,0.008598282607648219,1533.8794161296148,0.0022444277474502426
1534.3449334030988,-0.00553902518004179,1533.111,0.027071821688358977,0.008300796922222357,1534.3449334030988,0.002230038204587058
1534.8104506765826,-0.0021820401307195425,1533.577,0.0009279778567794494,0.008398222197650964,1534.8104506765826,0.002276508686063922
1535.2759679500666,0.000839246204122901,1534.036,0.003106728902621425,0.008923668975971593,1535.2759679500666,0.002327448787832975
1535.7414852235506,0.0011749446857720613,1534.502,0.025215736117186305,0.009895437439460931,1535.7414852235506,0.002332543413932646
1536.2070024970346,-0.0001678492408245802,1534.967,0.003106728902621425,0.011315411658629718,1536.2070024970346,0.002307993398159053
1536.6725197705184,-0.0005035477224737406,1535.432,0.0009279778567794494,0.01316670187596708,1536.6725197705184,0.0022840725008916895
1537.1380370440024,0.0018463416490703821,1535.9,0.02925044287658718,0.01541112897374926,1537.1380370440024,0.002280970082193483
1537.6035543174864,0.004364080261439085,1536.362,0.003106728902621425,0.017987125718516052,1537.6035543174864,0.0022915725793538704
1538.0690715909705,0.0038605325389653444,1536.826,0.03610897191594109,0.020808314338590355,1538.0690715909705,0.0022928554869405975
1538.5345888644542,0.002517738612368703,1537.296,0.04885829328586855,0.02376259402223647,1538.5345888644542,0.002267546827979259
1539.0001061379382,0.0011749446857720613,1537.767,0.024893200500130774,0.026711537060139203,1539.0001061379382,0.0022254452235979526
1539.4656234114223,-0.0001678492408245802,1538.221,0.003106728902621425,0.029490732323891374,1539.4656234114223,0.00216562139409771
1539.9311406849063,-0.002517738612368703,1538.687,0.005607885707905158,0.03191331485277924,1539.9311406849063,0.0021395849314783315
1540.39665795839,-0.0038605325389653444,1539.152,0.011821343513148008,0.033780115720311386,1540.39665795839,0.002140090692678534
1540.862175231874,-0.0028534370940178633,1539.618,0.023037114928958324,0.03489908371777722,1540.862175231874,0.002129033830508267
1541.327692505358,-0.0015106431674212217,1540.085,0.003106728902621425,0.03511335105211541,1541.327692505358,0.002080875421270821
1541.7932097788419,0.0001678492408245802,1540.551,0.19918510313782045,0.03433261459104771,1541.7932097788419,0.0020103319017022894
1542.2587270523259,-0.0001678492408245802,1541.015,0.020858493740730122,0.03255860053675812,1542.2587270523259,0.0019477489936001668
1542.7242443258099,-0.0001678492408245802,1541.48,0.005607885707905158,0.029895083255505654,1542.7242443258099,0.0019001950320380102
1543.189761599294,0.0028534370940178633,1541.944,0.016501121506659944,0.026537763276078066,1543.189761599294,0.0018772239775098978
1543.6552788727777,0.0038605325389653444,1542.407,0.001250643331448753,0.022746913991738348,1543.6552788727777,0.001832829997367605
1544.1207961462617,0.0018463416490703821,1542.87,0.0077865068961333606,0.01881115912499037,1544.1207961462617,0.0018629762892509712
1544.5863134197457,0.0005035477224737406,1543.34,0.0077865068961333606,0.015011460105001442,1544.5863134197457,0.0018771108971324811
1545.0518306932297,0.0005035477224737406,1543.804,0.016178585889604413,0.01159178228820611,1545.0518306932297,0.001864510022428812
1545.5173479667135,0.001678492408245802,1544.266,0.005607885707905158,0.00873952366139111,1545.5173479667135,0.0018619503731649794
1545.9828652401975,0.002517738612368703,1544.732,0.001250643331448753,0.006576081699455807,1545.9828652401975,0.0018456611366070145
1546.4483825136815,0.0018463416490703821,1545.202,0.00746397127907783,0.005156270864297411,1546.4483825136815,0.0018304163190087062
1546.9138997871653,0.0005035477224737406,1545.66,0.016501121506659944,0.004474454180411726,1546.9138997871653,0.001803617101789034
1547.3794170606493,-0.000839246204122901,1546.125,0.00746397127907783,0.004474852592397519,1547.3794170606493,0.0017566984264936012
1547.8449343341333,-0.0001678492408245802,1546.591,0.009965257941975336,0.005063501918108186,1547.8449343341333,0.0016962927620614119
1548.3104516076173,0.0011749446857720613,1547.056,0.0009279778567794494,0.006119910358469949,1548.3104516076173,0.0016888749162762976
1548.775968881101,0.000839246204122901,1547.522,0.009642592467306033,0.007507512738466743,1548.775968881101,0.0017283736960464838
1549.2414861545851,0.0005035477224737406,1547.989,0.005607885707905158,0.009083038945116024,1549.2414861545851,0.0017554401888423216
1549.7070034280691,-0.0001678492408245802,1548.455,0.003106728902621425,0.010705494947361218,1549.7070034280691,0.0017425679301216026
1550.1725207015531,-0.0018463416490703821,1548.918,0.003106728902621425,0.012245499386794848,1550.1725207015531,0.0017104232618328555
1550.638037975037,-0.0031891355756670237,1549.38,0.023037114928958324,0.013595289274663502,1550.638037975037,0.001695310025115713
1551.103555248521,-0.0023498893715441227,1549.848,0.003106728902621425,0.014678882645092359,1551.103555248521,0.0017053039639953467
1551.569072522005,0.0005035477224737406,1550.311,0.04232242972118394,0.015460891960848143,1551.569072522005,0.001731009419053468
1552.034589795489,0.000839246204122901,1550.782,0.025215736117186305,0.01595177621678796,1552.034589795489,0.0017652634849479965
1552.5001070689727,0.0001678492408245802,1551.244,0.003106728902621425,0.01620739383120355,1552.5001070689727,0.00178700919709788
1552.9656243424567,-0.0015106431674212217,1551.71,0.020858493740730122,0.016321756886026793,1552.9656243424567,0.0017608144245447597
1553.4311416159408,-0.0021820401307195425,1552.17,0.02925044287658718,0.01641346860943283,1553.4311416159408,0.0017391098316908123
1553.8966588894245,-0.0028534370940178633,1552.636,0.005607885707905158,0.016607675717382944,1553.8966588894245,0.0017734461393428054
1554.3621761629086,-0.0038605325389653444,1553.1,0.011821343513148008,0.017016140793630497,1554.3621761629086,0.0018412470276907387
1554.8276934363926,-0.0028534370940178633,1553.566,0.0034292645196769556,0.017718432696290157,1554.8276934363926,0.0018886036189720828
1555.2932107098766,-0.0015106431674212217,1554.034,0.00746397127907783,0.0187472327452384,1555.2932107098766,0.0019169468495008714
1555.7587279833604,-0.0018463416490703821,1554.5,0.05975152908462311,0.02008001001889424,1555.7587279833604,0.001955010578364627
1556.2242452568444,-0.000839246204122901,1554.967,0.003106728902621425,0.021637936025323566,1556.2242452568444,0.001985763377337005
1556.6897625303284,0.0021820401307195425,1555.425,0.005285350090849628,0.023291755812150785,1556.6897625303284,0.0020289587434606363
1557.1552798038124,0.002517738612368703,1555.892,0.009642592467306033,0.024874071288260767,1557.1552798038124,0.0020873763082306816
1557.6207970772962,0.0011749446857720613,1556.355,0.047002207714695876,0.02619754095208689,1557.6207970772962,0.002120328963188554
1558.0863143507802,0.000839246204122901,1556.826,0.03393035072771289,0.027077744704210226,1558.0863143507802,0.002112179206028892
1558.5518316242642,-0.001678492408245802,1557.288,0.001250643331448753,0.027357962605494033,1558.5518316242642,0.00216378748746118
1559.0173488977482,-0.0028534370940178633,1557.754,0.04885829328586855,0.026932023758702593,1559.0173488977482,0.0021885040349583734
1559.482866171232,-0.0015106431674212217,1558.22,0.07500213711744808,0.02576125240346967,1559.482866171232,0.0021871347784737554
1559.948383444716,-0.000839246204122901,1558.686,0.012143879130203539,0.023882115091051405,1559.948383444716,0.0021929119769155342
1560.4139007182,-0.002517738612368703,1559.145,0.009642592467306033,0.0214026395566892,1560.4139007182,0.002222077586047977
1560.8794179916838,-0.003524834057316184,1559.61,0.009965257941975336,0.018488357507009737,1560.8794179916838,0.002262123245361773
1561.3449352651678,-0.003524834057316184,1560.078,0.00746397127907783,0.015341414949632719,1561.3449352651678,0.00227943428713504
1561.8104525386518,-0.0021820401307195425,1560.544,0.003106728902621425,0.01217784170994981,1561.8104525386518,0.002306305463696544
1562.2759698121358,-0.0005035477224737406,1561.008,0.01399996470137621,0.009207269495485367,1562.2759698121358,0.002343624942413615
1562.7414870856196,-0.0005035477224737406,1561.474,0.001250643331448753,0.006617598112746151,1562.7414870856196,0.002415371186261195
1563.2070043591036,-0.0028534370940178633,1561.937,0.003106728902621425,0.00456532878873425,1563.2070043591036,0.0024670966573017566
1563.6725216325876,-0.0041962312534451485,1562.407,0.003106728902621425,0.003170998359013133,1563.6725216325876,0.0024916836809387765
1564.1380389060716,-0.003524834057316184,1562.87,0.0034292645196769556,0.002518352050266506,1564.1380389060716,0.0025062212552214437
1564.6035561795554,-0.003524834057316184,1563.333,0.020535828266060596,0.002655412282582592,1564.6035561795554,0.002517481656325657
1565.0690734530394,-0.0031891355756670237,1563.796,0.003106728902621425,0.003595420546407331,1565.0690734530394,0.002563137983415679
1565.5345907265234,-0.0028534370940178633,1564.266,0.00746397127907783,0.005315964561209962,1565.5345907265234,0.0026266070004153834
1566.0001080000075,-0.003524834057316184,1564.732,0.014322500318431741,0.007755573567422375,1566.0001080000075,0.0026662476382092355
1566.4656252734912,-0.00553902518004179,1565.195,0.016501121506659944,0.010808409069135013,1566.4656252734912,0.0026767391163651723
1566.9311425469753,-0.00587472366169095,1565.661,0.0034292645196769556,0.014318978443802944,1566.9311425469753,0.0026729171194263797
1567.3966598204593,-0.005035477224737406,1566.125,0.0077865068961333606,0.01807983602703081,1567.3966598204593,0.002672061848139184
1567.862177093943,-0.004867628216743469,1566.591,0.001250643331448753,0.021835843761854896,1567.862177093943,0.002642073864757913
1568.327694367427,-0.0041962312534451485,1567.056,0.0009279778567794494,0.025298322211557943,1568.327694367427,0.00266966256446118
1568.793211640911,-0.000839246204122901,1567.522,0.003106728902621425,0.02817084264009742,1568.793211640911,0.0027070704477681544
1569.258728914395,0.0011749446857720613,1567.981,0.005285350090849628,0.030185304151320737,1569.258728914395,0.002720732189588475
1569.7242461878789,0.0011749446857720613,1568.447,0.18829186733906567,0.031142657747070986,1569.7242461878789,0.002721943140653883
1570.1897634613629,0.000839246204122901,1568.915,0.020858493740730122,0.03094864724280313,1570.1897634613629,0.0027143217606090623
1570.6552807348469,-0.000839246204122901,1569.377,0.014322500318431741,0.029634077281140005,1570.6552807348469,0.0027155635506822796
1571.120798008331,-0.0015106431674212217,1569.841,0.003106728902621425,0.027353389453022518,1571.120798008331,0.0027002878947862815
1571.5863152818147,-0.0021820401307195425,1570.311,0.02925044287658718,0.024362667714220857,1571.5863152818147,0.0026859620844785674
1572.0518325552987,-0.0031891355756670237,1570.774,0.012143879130203539,0.020983735099422505,1572.0518325552987,0.0026789184241373253
1572.5173498287827,-0.004867628216743469,1571.237,0.027071821688358977,0.017562232884834595,1572.5173498287827,0.0026634947401414357
1572.9828671022665,-0.0041962312534451485,1571.702,0.001250643331448753,0.014426090963274922,1572.9828671022665,0.0026419361222249868
1573.4483843757505,-0.0023498893715441227,1572.17,0.003106728902621425,0.0118491250835204,1573.4483843757505,0.0025946926085918067
1573.9139016492345,-0.0028534370940178633,1572.636,0.003106728902621425,0.010023450422791862,1573.9139016492345,0.0025270438577001033
1574.3794189227185,-0.0031891355756670237,1573.096,0.003106728902621425,0.009043476163376358,1574.3794189227185,0.0024467428339409038
1574.8449361962023,-0.0028534370940178633,1573.561,0.001250643331448753,0.008902914986159138,1574.8449361962023,0.0023720833179439343
1575.3104534696863,-0.0021820401307195425,1574.026,0.003106728902621425,0.00950450993614789,1575.3104534696863,0.0023222472577062556
1575.7759707431703,-0.0001678492408245802,1574.492,0.03360781511065736,0.01068037156007666,1575.7759707431703,0.0022764860766686912
1576.2414880166543,0.0005035477224737406,1574.96,0.016178585889604413,0.012219288857743484,1576.2414880166543,0.00221070617904372
1576.707005290138,-0.000839246204122901,1575.425,0.003106728902621425,0.013896555813736307,1576.707005290138,0.0021349302899670644
1577.1725225636221,-0.002517738612368703,1575.885,0.009965257941975336,0.015502047209054164,1577.1725225636221,0.002095517864273789
1577.6380398371061,-0.004867628216743469,1576.355,0.05353820113699426,0.01686314772637291,1577.6380398371061,0.002050496826028593
1578.1035571105901,-0.004867628216743469,1576.818,0.02925044287658718,0.017859979699078585,1578.1035571105901,0.0019966228940948866
1578.569074384074,-0.0028534370940178633,1577.281,0.005285350090849628,0.018431200602855066,1578.569074384074,0.0019507959231814126
1579.034591657558,-0.000839246204122901,1577.746,0.012143879130203539,0.018570164237334773,1579.034591657558,0.0019322143088290685
1579.500108931042,-0.000839246204122901,1578.216,0.022714579311902794,0.01831342272420546,1579.500108931042,0.0019318565732362103
1579.9656262045257,-0.0015106431674212217,1578.675,0.00746397127907783,0.017725231017826297,1579.9656262045257,0.0019124649177148134
1580.4311434780097,-0.0015106431674212217,1579.14,0.005285350090849628,0.01688206684474794,1580.4311434780097,0.0018775920117284975
1580.8966607514938,-0.0028534370940178633,1579.606,0.009965257941975336,0.01586047612178986,1580.8966607514938,0.0018702440736400238
1581.3621780249778,-0.0021820401307195425,1580.071,0.012143879130203539,0.014730340134179537,1581.3621780249778,0.0018601350039926113
1581.8276952984615,-0.0005035477224737406,1580.537,0.01399996470137621,0.013554115370745079,1581.8276952984615,0.001865836135723982
1582.2932125719456,-0.0001678492408245802,1581.003,0.016501121506659944,0.01239091233350781,1582.2932125719456,0.0018430850693049322
1582.7587298454296,-0.0015106431674212217,1581.469,0.03828759310416929,0.011302917282001048,1582.7587298454296,0.001804573144164284
1583.2242471189136,0.000839246204122901,1581.937,0.005607885707905158,0.010361110882044527,1583.2242471189136,0.0017811847357408661
1583.6897643923974,0.006210422143340111,1582.399,0.003106728902621425,0.009647784823103396,1583.6897643923974,0.0017789129209297336
1584.1552816658814,0.007553216069936752,1582.867,0.00746397127907783,0.009254829675727974,1584.1552816658814,0.001827558589805584
1584.6207989393654,0.0041962312534451485,1583.329,0.00746397127907783,0.009278370597724546,1584.6207989393654,0.0018659800540882336
1585.0863162128494,0.0011749446857720613,1583.792,0.0009279778567794494,0.00981116327495281,1585.0863162128494,0.00188549506657343
1585.5518334863332,0.0005035477224737406,1584.255,0.025215736117186305,0.010934022608503936,1585.5518334863332,0.001929163297032861
1586.0173507598172,-0.000839246204122901,1584.72,0.009965257941975336,0.01270692727969603,1586.0173507598172,0.001975471358124523
1586.4828680333012,-0.0001678492408245802,1585.187,0.020858493740730122,0.0151599198472942,1586.4828680333012,0.0020253649836191826
1586.948385306785,0.0005035477224737406,1585.652,0.01399996470137621,0.018283857154497474,1586.948385306785,0.0020318165337938872
1587.413902580269,0.0005035477224737406,1586.118,0.02925044287658718,0.022021466358050027,1587.413902580269,0.0020038063675849767
1587.879419853753,-0.0015106431674212217,1586.584,0.0077865068961333606,0.026259730413894282,1587.879419853753,0.0020027742850047266
1588.344937127237,-0.0021820401307195425,1587.049,0.0753246727345036,0.03082504892952514,1588.344937127237,0.0020244459805978604
1588.8104544007208,-0.0015106431674212217,1587.514,0.014322500318431741,0.03548288458854217,1588.8104544007208,0.002064547152328506
1589.2759716742048,-0.0005035477224737406,1587.981,0.016178585889604413,0.039944032198238257,1589.2759716742048,0.0021043111461478883
1589.7414889476888,-0.0001678492408245802,1588.446,0.003106728902621425,0.04388033507643286,1589.7414889476888,0.0021294614971176197
1590.2070062211728,-0.0001678492408245802,1588.909,0.04232242972118394,0.04695274495952243,1590.2070062211728,0.002136437311996457
1590.6725234946566,-0.000839246204122901,1589.371,0.003106728902621425,0.048852657675070535,1590.6725234946566,0.002135115340859992
1591.1380407681406,-0.0015106431674212217,1589.841,0.10364713775431156,0.049353087659942785,1591.1380407681406,0.0021582467553785366
1591.6035580416246,-0.0010070954449474812,1590.303,0.020858493740730122,0.04836079410032546,1591.6035580416246,0.002229643490565066
1592.0690753151086,0.0005035477224737406,1590.767,0.25615256879449166,0.04595612064745539,1592.0690753151086,0.0022740210232718907
1592.5345925885924,0.0023498893715441227,1591.236,0.003106728902621425,0.04240642878357965,1592.5345925885924,0.002345286175019114
1593.0001098620764,0.000839246204122901,1591.695,0.016501121506659944,0.03814366820222952,1593.0001098620764,0.0023906382247297973
1593.4656271355605,-0.0011749446857720613,1592.16,0.0009279778567794494,0.03370662325838403,1593.4656271355605,0.002431884556483523
1593.9311444090442,-0.000839246204122901,1592.626,0.009965257941975336,0.029659361137263425,1593.9311444090442,0.0024532293569517697
1594.3966616825282,-0.0001678492408245802,1593.092,0.00746397127907783,0.02650359981458255,1594.3966616825282,0.0024435088588677686
1594.8621789560123,0.0005035477224737406,1593.558,0.0009279778567794494,0.024602167204071115,1594.8621789560123,0.00243720122600497
1595.3276962294963,-0.000839246204122901,1594.023,0.025215736117186305,0.024126051233932955,1595.3276962294963,0.0024513625613248875
1595.79321350298,-0.0028534370940178633,1594.488,0.012143879130203539,0.025032007817636027,1595.79321350298,0.0024384676869034227
1596.258730776464,-0.0021820401307195425,1594.951,0.0009279778567794494,0.027072813451999023,1596.258730776464,0.002428512810817777
1596.724248049948,-0.0001678492408245802,1595.421,0.00746397127907783,0.02983824935419557,1596.724248049948,0.002443007208523996
1597.189765323432,0.000839246204122901,1595.882,0.011821343513148008,0.03282135739467573,1597.189765323432,0.0024727793183886015
1597.6552825969159,-0.0003356984816491604,1596.351,0.014322500318431741,0.03550063959090679,1597.6552825969159,0.002531092031994545
1598.1207998703999,-0.0030212863348424435,1596.815,0.2692244907102814,0.037424464054321545,1598.1207998703999,0.002580810904129746
1598.586317143884,-0.0041962312534451485,1597.277,0.0009279778567794494,0.03828065632601445,1598.586317143884,0.002599400740377471
1599.051834417368,-0.004867628216743469,1597.743,0.047002207714695876,0.03793568050273652,1599.051834417368,0.0026239199160652425
1599.5173516908517,-0.0041962312534451485,1598.206,0.005285350090849628,0.03643609693241645,1599.5173516908517,0.0026615930148245416
1599.9828689643357,-0.0041962312534451485,1598.671,0.001250643331448753,0.033976842659116525,1599.9828689643357,0.0026932134173368464
1600.4483862378197,-0.00553902518004179,1599.137,0.0034292645196769556,0.030849612743786496,1600.4483862378197,0.0027134767907139343
1600.9139035113035,-0.006546120624989271,1599.603,0.022714579311902794,0.02738653544132632,1600.9139035113035,0.002701831928928408
1601.3794207847875,-0.0057068741880357265,1600.067,0.018357207077832394,0.023910883256629305,1601.3794207847875,0.0026856598805869974
1601.8449380582715,-0.003524834057316184,1600.533,0.003106728902621425,0.02070110818024158,1601.8449380582715,0.002670330768753283
1602.3104553317555,-0.0031891355756670237,1601.0,0.05539428670816693,0.017969492586758094,1602.3104553317555,0.002658052676187712
1602.7759726052393,-0.00520332669839263,1601.466,0.023037114928958324,0.01585326877042891,1602.7759726052393,0.0026626621025646322
1603.2414898787233,-0.00553902518004179,1601.929,0.01399996470137621,0.014414503766955819,1603.2414898787233,0.0026994305892304223
1603.7070071522073,-0.004531929735094309,1602.392,0.003106728902621425,0.013645395783357741,1603.7070071522073,0.0027047965996038125
1604.1725244256913,-0.004531929735094309,1602.855,0.003106728902621425,0.013477300971234667,1604.1725244256913,0.0026721029934300418
1604.6380416991751,-0.00520332669839263,1603.325,0.003106728902621425,0.013793417936954513,1604.6380416991751,0.002656078972834888
1605.1035589726591,-0.00520332669839263,1603.785,0.03360781511065736,0.014445378133669164,1605.1035589726591,0.00265135441475477
1605.5690762461431,-0.0036926832981407642,1604.256,0.005607885707905158,0.01527299835368365,1605.5690762461431,0.0026485336597714014
1606.034593519627,-0.0028534370940178633,1604.722,0.014322500318431741,0.016125108016230908,1606.034593519627,0.002644479338897406
1606.500110793111,-0.0030212863348424435,1605.18,0.03796505748711376,0.01687857094720546,1606.500110793111,0.0026311239318795327
1606.965628066595,-0.00553902518004179,1605.646,0.022714579311902794,0.017452572500567785,1606.965628066595,0.0025883233094004107
1607.431145340079,-0.00553902518004179,1606.111,0.011821343513148008,0.017815760571909495,1607.431145340079,0.0025340052942450448
1607.8966626135627,-0.0041962312534451485,1606.577,0.03393035072771289,0.01798487487538869,1607.8966626135627,0.0025242025563884897
1608.3621798870468,-0.003524834057316184,1607.044,0.024893200500130774,0.018014973931214703,1608.3621798870468,0.002472359896375625
1608.8276971605308,-0.0010070954449474812,1607.509,0.001250643331448753,0.01798292375652852,1608.8276971605308,0.0025005941628048573
1609.2932144340148,0.0001678492408245802,1607.974,0.005285350090849628,0.01796716218044072,1609.2932144340148,0.0025813577725795284
1609.7587317074986,-0.0005035477224737406,1608.44,0.020535828266060596,0.01802764501645938,1609.7587317074986,0.0026134983310927094
1610.2242489809826,-0.0001678492408245802,1608.9,0.014322500318431741,0.018189874322059433,1610.2242489809826,0.00260256688097651
1610.6897662544666,0.000839246204122901,1609.369,0.012143879130203539,0.018435872877575168,1610.6897662544666,0.0025836213650389807
1611.1552835279506,-0.0005035477224737406,1609.83,0.0077865068961333606,0.01870346334368409,1611.1552835279506,0.0025634052762542967
1611.6208008014344,-0.0021820401307195425,1610.299,0.020535828266060596,0.018893831107271775,1611.6208008014344,0.002523310274711098
1612.0863180749184,-0.0028534370940178633,1610.763,0.022714579311902794,0.018886124099417995,1612.0863180749184,0.002482380560232491
1612.5518353484024,-0.0006713969632983208,1611.225,0.03828759310416929,0.01855664981133868,1612.5518353484024,0.0024363336035912765
1613.0173526218862,0.0011749446857720613,1611.691,0.018357207077832394,0.017799388825937682,1613.0173526218862,0.0023979183072060134
1613.4828698953702,0.0011749446857720613,1612.155,0.009642592467306033,0.01654460618722211,1613.4828698953702,0.002323552788673852
1613.9483871688542,0.0005035477224737406,1612.621,0.023037114928958324,0.014773391897037821,1613.9483871688542,0.0022436321124238057
1614.4139044423382,-0.0015106431674212217,1613.085,0.0009279778567794494,0.012527370435957377,1614.4139044423382,0.0021702246668566286
1614.879421715822,-0.002517738612368703,1613.551,0.001250643331448753,0.009913794012809748,1614.879421715822,0.0020786056751619956
1615.344938989306,-0.0028534370940178633,1614.015,0.011821343513148008,0.007106435923622384,1615.344938989306,0.001983458685516285
1615.81045626279,-0.0018463416490703821,1614.481,0.0077865068961333606,0.004342229305452574,1615.81045626279,0.0019264000988278222
1616.275973536274,0.0005035477224737406,1614.952,0.009965257941975336,0.0019127792532163883,1616.275973536274,0.0018764345153117535
1616.7414908097578,0.0030212863348424435,1615.413,0.011821343513148008,0.00014924775899959427,1616.7414908097578,0.0017994086070711956
1617.2070080832418,0.0005035477224737406,1615.882,0.003106728902621425,-0.0006007963931930782,1617.2070080832418,0.0017100264848265827
1617.6725253567258,-0.0023498893715441227,1616.344,0.00746397127907783,-4.999638600088682e-06,1617.6725253567258,0.0016606488978571456
1618.1380426302098,-0.0021820401307195425,1616.807,0.011821343513148008,0.002214843986290915,1618.1380426302098,0.0015920235728949616
1618.6035599036936,0.0001678492408245802,1617.27,0.009642592467306033,0.006239560388436555,1618.6035599036936,0.001538184593138372
1619.0690771771776,0.002517738612368703,1617.736,0.003106728902621425,0.012109908140401833,1619.0690771771776,0.0015044897425736685
1619.5345944506616,0.0021820401307195425,1618.206,0.009965257941975336,0.01969092125442346,1619.5345944506616,0.001447207058074727
1620.0001117241454,0.0001678492408245802,1618.671,0.003106728902621425,0.028650873006227054,1620.0001117241454,0.0013700639611499068
1620.4656289976294,-0.0018463416490703821,1619.13,0.001250643331448753,0.03846246019524103,1620.4656289976294,0.0012801000039761976
1620.9311462711134,-0.0021820401307195425,1619.596,0.031751729539484685,0.048432162881116556,1620.9311462711134,0.0012220113869316094
1621.3966635445975,-0.0010070954449474812,1620.063,0.005607885707905158,0.057760152126392794,1621.3966635445975,0.0011679112994306454
1621.8621808180812,0.000839246204122901,1620.529,0.003106728902621425,0.06562766276745122,1621.8621808180812,0.0011097240005566887
1622.3276980915653,0.0005035477224737406,1620.996,0.2387233395734385,0.07130180166601634,1622.3276980915653,0.00107748681382713
1622.7932153650493,-0.0005035477224737406,1621.462,0.020535828266060596,0.07424048710336284,1622.7932153650493,0.0010216083386230398
1623.2587326385333,-0.000839246204122901,1621.922,0.3233680691581926,0.07417548710101832,1623.2587326385333,0.0010074840092500828
1623.724249912017,-0.000839246204122901,1622.385,0.0034292645196769556,0.07115319710918924,1623.724249912017,0.0010429613634820659
1624.189767185501,-0.0001678492408245802,1622.855,0.00746397127907783,0.0655225352219562,1624.189767185501,0.001087772699005496
1624.655284458985,0.0001678492408245802,1623.318,0.04232242972118394,0.05787401206344666,1624.655284458985,0.001123192487164859
1625.120801732469,-0.0001678492408245802,1623.781,0.024893200500130774,0.048946750305189524,1625.120801732469,0.0011538095926970672
1625.5863190059529,-0.0001678492408245802,1624.251,0.005607885707905158,0.03952519093950513,1625.5863190059529,0.0011953848744919796
1626.0518362794369,0.0005035477224737406,1624.71,0.03393035072771289,0.03034433502164356,1626.0518362794369,0.0012547152800469533
1626.517353552921,0.0005035477224737406,1625.177,0.003106728902621425,0.022015931668400882,1626.517353552921,0.0013061364697297979
1626.9828708264047,0.0018463416490703821,1625.643,0.003106728902621425,0.014981730147776666,1626.9828708264047,0.0013244487535497488
1627.4483880998887,0.0031891355756670237,1626.107,0.01399996470137621,0.009494918654079419,1627.4483880998887,0.0013209269228087513
1627.9139053733727,0.0011749446857720613,1626.573,0.009642592467306033,0.005627101786606126,1627.9139053733727,0.0013628414352295747
1628.3794226468567,-0.0015106431674212217,1627.038,0.01399996470137621,0.0032954535107544893,1628.3794226468567,0.0014134731460820882
1628.8449399203405,-0.0021820401307195425,1627.503,0.0077865068961333606,0.0023030890291760972,1628.8449399203405,0.0014491417041291434
1629.3104571938245,-0.000839246204122901,1627.97,0.001250643331448753,0.0023853889801946936,1629.3104571938245,0.001497285724386611
1629.7759744673085,0.0005035477224737406,1628.436,0.003106728902621425,0.003255788731365825,1629.7759744673085,0.0015534890413393015
1630.2414917407925,-0.0001678492408245802,1628.896,0.027071821688358977,0.004645800166464309,1630.2414917407925,0.0016070484158393944
1630.7070090142763,-0.0015106431674212217,1629.366,0.016178585889604413,0.006335247386773505,1630.7070090142763,0.0016432432927368768
1631.1725262877603,-0.0015106431674212217,1629.826,0.005285350090849628,0.008169929387326424,1631.1725262877603,0.0016946829867506982
1631.6380435612443,-0.0018463416490703821,1630.296,0.005285350090849628,0.010065558667705487,1631.6380435612443,0.001743509577157174
1632.1035608347283,-0.0021820401307195425,1630.755,0.03610897191594109,0.011998820297580683,1632.1035608347283,0.001824947538450881
1632.5690781082121,-0.0001678492408245802,1631.22,0.003106728902621425,0.013988179444048015,1632.5690781082121,0.0019238281202173292
1633.0345953816961,0.0023498893715441227,1631.685,0.00746397127907783,0.01606832361362975,1633.0345953816961,0.002001281664483637
1633.5001126551801,0.0021820401307195425,1632.152,0.005607885707905158,0.018263028215157233,1633.5001126551801,0.002074919375402194
1633.965629928664,0.0001678492408245802,1632.618,0.022714579311902794,0.020561714263412217,1633.965629928664,0.0020984270285783367
1634.431147202148,-0.0005035477224737406,1633.085,0.0009279778567794494,0.022904576308697907,1634.431147202148,0.0020832459466953866
1634.896664475632,-0.0005035477224737406,1633.55,0.001250643331448753,0.02517976429122849,1634.896664475632,0.0020613522109202173
1635.362181749116,-0.0001678492408245802,1634.015,0.016178585889604413,0.02723396961416995,1635.362181749116,0.0020265882689136775
1635.8276990225997,-0.0003356984816491604,1634.48,0.016178585889604413,0.02889496522149479,1635.8276990225997,0.0020030579995861915
1636.2932162960838,-0.000839246204122901,1634.941,0.15343353875457333,0.03000124652910737,1636.2932162960838,0.0019947211522256584
1636.7587335695678,0.0010070954449474812,1635.41,0.003106728902621425,0.03043101529876085,1636.7587335695678,0.0020244028023758713
1637.2242508430518,0.0011749446857720613,1635.87,0.025215736117186305,0.030122548852549155,1637.2242508430518,0.002082682619302784
1637.6897681165356,-0.0015106431674212217,1636.34,0.001250643331448753,0.029081641880914562,1637.6897681165356,0.0021111080881439617
1638.1552853900196,-0.004867628216743469,1636.804,0.03578643629888556,0.02737720957907508,1638.1552853900196,0.0021325700780379614
1638.6208026635036,-0.004867628216743469,1637.266,0.020858493740730122,0.025129602742566683,1638.6208026635036,0.0021526504741752987
1639.0863199369874,-0.003524834057316184,1637.732,0.0034292645196769556,0.022496276759186185,1639.0863199369874,0.0021592356605182154
1639.5518372104714,-0.004531929735094309,1638.195,0.025215736117186305,0.01965768741939558,1639.5518372104714,0.0021897581909023273
1640.0173544839554,-0.004867628216743469,1638.661,0.046679672097640346,0.016804427267742804,1640.0173544839554,0.002237719229568069
1640.4828717574394,-0.0028534370940178633,1639.126,0.003106728902621425,0.01412528814092995,1640.4828717574394,0.0022941877602106198
1640.9483890309232,-0.0030212863348424435,1639.591,0.001250643331448753,0.011795430042107712,1640.9483890309232,0.002335018788473661
1641.4139063044072,-0.004531929735094309,1640.056,0.020858493740730122,0.009964356946898048,1641.4139063044072,0.002340532828153289
1641.8794235778912,-0.005035477224737406,1640.522,0.001250643331448753,0.00874438808651212,1641.8794235778912,0.0023714603789337023
1642.3449408513752,-0.0041962312534451485,1640.989,0.009965257941975336,0.008200857837020133,1642.3449408513752,0.002376018404979364
1642.810458124859,-0.0041962312534451485,1641.454,0.0009279778567794494,0.008345192923826766,1642.810458124859,0.002418592872592791
1643.275975398343,-0.003524834057316184,1641.915,0.020858493740730122,0.009131712751261399,1643.275975398343,0.002452795540317789
1643.741492671827,-0.001678492408245802,1642.385,0.005607885707905158,0.010458717092403135,1643.741492671827,0.002447281501482318
1644.207009945311,-0.002517738612368703,1642.848,0.009965257941975336,0.012174215596437148,1644.207009945311,0.002457622894833932
1644.6725272187948,-0.0041962312534451485,1643.311,0.003106728902621425,0.01408659353557059,1644.6725272187948,0.002457982684943828
1645.1380444922788,-0.00553902518004179,1643.781,0.0009279778567794494,0.015980478356624233,1645.1380444922788,0.0024261587435717266
1645.6035617657628,-0.00553902518004179,1644.244,0.005285350090849628,0.01763763365767044,1645.6035617657628,0.002423089220642799
1646.0690790392466,-0.004867628216743469,1644.71,0.06628752250692171,0.018861491418766453,1646.0690790392466,0.002453239624309457
1646.5345963127306,-0.0031891355756670237,1645.17,0.020858493740730122,0.019502222178338212,1646.5345963127306,0.0024563358742290473
1647.0001135862146,-0.0018463416490703821,1645.635,0.005607885707905158,0.019478143364830572,1647.0001135862146,0.0024285354129720757
1647.4656308596986,-0.0028534370940178633,1646.1,0.03360781511065736,0.018789813760836688,1647.4656308596986,0.002387687934376052
1647.9311481331824,-0.002517738612368703,1646.566,0.009965257941975336,0.01752503495081265,1647.9311481331824,0.002352543644945915
1648.3966654066664,-0.0001678492408245802,1647.03,0.00746397127907783,0.015854782762303926,1648.3966654066664,0.002327510483011228
1648.8621826801505,0.0001678492408245802,1647.496,0.027394357305414507,0.014020955683260027,1648.8621826801505,0.002334533583939782
1649.3276999536345,0.0001678492408245802,1647.963,0.01399996470137621,0.01231694061630465,1649.3276999536345,0.002342703900971286
1649.7932172271182,0.0005035477224737406,1648.428,0.020535828266060596,0.01106189662185972,1649.7932172271182,0.002310289903499087
1650.2587345006023,0.0011749446857720613,1648.896,0.009965257941975336,0.010569819458148524,1650.2587345006023,0.002249725931551554
1650.7242517740863,0.0011749446857720613,1649.359,0.001250643331448753,0.011115138257082395,1650.7242517740863,0.002181497404394433
1651.1897690475703,0.0011749446857720613,1649.822,0.020858493740730122,0.012897601744678477,1651.1897690475703,0.0021202631954689286
1651.655286321054,-0.0015106431674212217,1650.285,0.024893200500130774,0.016010013024883925,1651.655286321054,0.002061409768722374
1652.120803594538,-0.0028534370940178633,1650.751,0.014322500318431741,0.020412733202586776,1652.120803594538,0.0020335147315701115
1652.586320868022,-0.0018463416490703821,1651.222,0.0034292645196769556,0.025919060969569304,1652.586320868022,0.002028403654718232
1653.0518381415059,-0.0018463416490703821,1651.68,0.003106728902621425,0.03219577455294666,1653.0518381415059,0.001998493793833494
1653.5173554149899,-0.0021820401307195425,1652.145,0.02925044287658718,0.0387827146811003,1653.5173554149899,0.0020025069954172563
1653.982872688474,-0.0015106431674212217,1652.611,0.025215736117186305,0.045133374814100645,1653.982872688474,0.002011709396962587
1654.448389961958,-0.0018463416490703821,1653.077,0.00746397127907783,0.05067483557017556,1654.448389961958,0.0019618938960919647
1654.9139072354417,-0.0023498893715441227,1653.543,0.016501121506659944,0.05488062487965667,1654.9139072354417,0.0019103308438680698
1655.3794245089257,-0.0023498893715441227,1654.008,0.34297591956747375,0.05734489015879424,1655.3794245089257,0.00186317573668137
1655.8449417824097,-0.0005035477224737406,1654.474,0.005607885707905158,0.057842171116056884,1655.8449417824097,0.00183935352312847
1656.3104590558937,0.000839246204122901,1654.937,0.018357207077832394,0.05635777597249062,1656.3104590558937,0.0018318102662589302
1656.7759763293775,0.0011749446857720613,1655.407,0.005285350090849628,0.053081989780900514,1656.7759763293775,0.0018395920116386143
1657.2414936028615,-0.0001678492408245802,1655.87,0.05757290789639513,0.048373180207896466,1657.2414936028615,0.0018262880025592687
1657.7070108763455,-0.0005035477224737406,1656.333,0.0706447648833779,0.04270223376529892,1657.7070108763455,0.001764866704134458
1658.1725281498295,-0.0001678492408245802,1656.796,0.00746397127907783,0.03659059671692499,1658.1725281498295,0.0017567457276155233
1658.6380454233133,0.0011749446857720613,1657.266,0.005607885707905158,0.030550625382428392,1658.6380454233133,0.001772909549720987
1659.1035626967973,0.0030212863348424435,1657.732,0.012143879130203539,0.02503431789293426,1659.1035626967973,0.0017837649303062662
1659.5690799702813,0.0038605325389653444,1658.195,0.04885829328586855,0.02039490784510633,1659.5690799702813,0.0018144272653947977
1660.0345972437651,0.004531929735094309,1658.66,0.009965257941975336,0.016863674499199562,1660.0345972437651,0.0018316807402028058
1660.5001145172491,0.004531929735094309,1659.126,0.003106728902621425,0.014541820276471551,1660.5001145172491,0.0018134733072132875
1660.9656317907331,0.0031891355756670237,1659.591,0.009642592467306033,0.013405724725291225,1660.9656317907331,0.0017872620883369337
1661.4311490642172,0.0021820401307195425,1660.056,0.01399996470137621,0.013323523448478947,1661.4311490642172,0.001767946502343606
1661.896666337701,0.000839246204122901,1660.522,0.014322500318431741,0.014080746689814506,1661.896666337701,0.0017736085708503543
1662.362183611185,-0.0006713969632983208,1660.981,0.020858493740730122,0.015412065504339937,1662.362183611185,0.0017909895141601927
1662.827700884669,-0.0015106431674212217,1661.448,0.009965257941975336,0.017035410143697957,1662.827700884669,0.00183062604004527
1663.293218158153,-0.0015106431674212217,1661.911,0.04046634415001127,0.01868435462161836,1663.293218158153,0.0019151602519629808
1663.7587354316368,-0.001678492408245802,1662.38,0.044823586526467674,0.020134814995591516,1663.7587354316368,0.0019706028708429955
1664.2242527051208,-0.000839246204122901,1662.841,0.00746397127907783,0.021222861814367812,1664.2242527051208,0.001989118691460831
1664.6897699786048,0.0005035477224737406,1663.311,0.023037114928958324,0.021852032106961867,1664.6897699786048,0.002021129725346681
1665.1552872520886,0.0001678492408245802,1663.774,0.027071821688358977,0.02199077142141338,1665.1552872520886,0.0020944487691330602
1665.6208045255726,-0.0001678492408245802,1664.236,0.005285350090849628,0.02166267130414957,1665.6208045255726,0.0021540217748702464
1666.0863217990566,0.0011749446857720613,1664.702,0.001250643331448753,0.020933180903513628,1666.0863217990566,0.00221449733940451
1666.5518390725406,0.0018463416490703821,1665.167,0.00746397127907783,0.019896302209702142,1666.5518390725406,0.002300343243559424
1667.0173563460244,0.0011749446857720613,1665.633,0.05757290789639513,0.018663533825436146,1667.0173563460244,0.0023983911660205664
1667.4828736195084,0.0001678492408245802,1666.1,0.003106728902621425,0.01735530641776739,1667.4828736195084,0.0024757727529014346
1667.9483908929924,0.0005035477224737406,1666.565,0.03578643629888556,0.016093336049977355,1667.9483908929924,0.0025424140938005877
1668.4139081664764,-0.0011749446857720613,1667.029,0.025215736117186305,0.01499188985351815,1668.4139081664764,0.0026030705814169006
1668.8794254399602,-0.0023498893715441227,1667.495,0.001250643331448753,0.014147105392450095,1668.8794254399602,0.0026416647447615673
1669.3449427134442,-0.0028534370940178633,1667.96,0.003106728902621425,0.013625397337029109,1669.3449427134442,0.002694773865390547
1669.8104599869282,-0.0031891355756670237,1668.426,0.005285350090849628,0.013453618237180713,1669.8104599869282,0.0027843883128366
1670.2759772604122,-0.0028534370940178633,1668.889,0.003106728902621425,0.013614252161416736,1670.2759772604122,0.0028706269020664587
1670.741494533896,-0.000839246204122901,1669.351,0.003106728902621425,0.014048170240111596,1670.741494533896,0.0029737324476662337
1671.20701180738,-0.0015106431674212217,1669.815,0.00746397127907783,0.01466564323199265,1671.20701180738,0.003073651281815376
1671.672529080864,-0.003524834057316184,1670.284,0.03360781511065736,0.015364003610363386,1671.672529080864,0.00312743064036345
1672.1380463543478,-0.0041962312534451485,1670.75,0.05757290789639513,0.016048191072467237,1672.1380463543478,0.003155732753373024
1672.6035636278318,-0.0038605325389653444,1671.213,0.001250643331448753,0.016649187344804955,1672.6035636278318,0.0032143908643501025
1673.0690809013158,-0.003524834057316184,1671.679,0.020858493740730122,0.01713591136697015,1673.0690809013158,0.00327675378444583
1673.5345981747998,-0.0011749446857720613,1672.144,0.011821343513148008,0.01751848660059829,1673.5345981747998,0.0033029732268231747
1674.0001154482836,-0.0001678492408245802,1672.61,0.003106728902621425,0.01784354047925958,1674.0001154482836,0.003328945955911741
1674.4656327217676,-0.0028534370940178633,1673.074,0.04046634415001127,0.018183802839735506,1674.4656327217676,0.003358705731838154
1674.9311499952516,-0.004867628216743469,1673.54,0.012143879130203539,0.018624406901465038,1674.9311499952516,0.0033805871341342822
1675.3966672687357,-0.00553902518004179,1674.0,0.014322500318431741,0.019247778867877093,1675.3966672687357,0.0034095964906106467
1675.8621845422194,-0.00553902518004179,1674.465,0.018357207077832394,0.020118706063310034,1675.8621845422194,0.0034387949937099787
1676.3277018157034,-0.00553902518004179,1674.933,0.018679742694887924,0.021271243810451205,1676.3277018157034,0.0034542968045458197
1676.7932190891875,-0.004867628216743469,1675.396,0.02925044287658718,0.02269912162662675,1676.7932190891875,0.003443959523878693
1677.2587363626715,-0.004867628216743469,1675.866,0.020858493740730122,0.02435098694576278,1677.2587363626715,0.003443581230875171
1677.7242536361553,-0.004867628216743469,1676.329,0.00746397127907783,0.02613140861477064,1677.7242536361553,0.003448215326725532
1678.1897709096393,-0.0028534370940178633,1676.797,0.001250643331448753,0.027908215804664925,1678.1897709096393,0.003460583879935211
1678.6552881831233,-0.0031891355756670237,1677.259,0.0753246727345036,0.029526095242750978,1678.6552881831233,0.003466784604073908
1679.120805456607,-0.006210422143340111,1677.724,0.023037114928958324,0.030824998257414558,1679.120805456607,0.003471307678609794
1679.586322730091,-0.006210422143340111,1678.188,0.025215736117186305,0.03166032432766,1679.586322730091,0.0034916738496178464
1680.051840003575,-0.0057068741880357265,1678.654,0.047002207714695876,0.03192121296501849,1680.051840003575,0.003507050246882419
1680.517357277059,-0.00553902518004179,1679.119,0.03578643629888556,0.03154393812577374,1680.517357277059,0.003529571045871067
1680.9828745505429,-0.004531929735094309,1679.585,0.04046634415001127,0.03051859788372374,1680.9828745505429,0.0035223053428352787
1681.4483918240269,-0.0038605325389653444,1680.051,0.027071821688358977,0.02888846979351522,1681.4483918240269,0.0035103890966476986
1681.913909097511,-0.00587472366169095,1680.51,0.018357207077832394,0.02674268310955351,1681.913909097511,0.003503682609840078
1682.379426370995,-0.007553216069936752,1680.981,0.003106728902621425,0.024204191534764864,1682.379426370995,0.0034779915454245837
1682.8449436444787,-0.006210422143340111,1681.447,0.03360781511065736,0.02141581616572812,1682.8449436444787,0.0034517083692996815
1683.3104609179627,-0.004531929735094309,1681.907,0.023037114928958324,0.018526839452392987,1683.3104609179627,0.0033974520328586438
1683.7759781914467,-0.0028534370940178633,1682.37,0.014322500318431741,0.01568149022128842,1683.7759781914467,0.003363163014507515
1684.2414954649307,-0.0015106431674212217,1682.84,0.005607885707905158,0.01300956190616431,1684.2414954649307,0.0033571164847405193
1684.7070127384145,-0.0021820401307195425,1683.303,0.023037114928958324,0.010619015283071171,1684.7070127384145,0.0033441044200263306
1685.1725300118985,-0.0041962312534451485,1683.767,0.003106728902621425,0.008590563062811127,1685.1725300118985,0.00336721938864372
1685.6380472853825,-0.004867628216743469,1684.237,0.001250643331448753,0.0069744344382760524,1685.6380472853825,0.003379242545064048
1686.1035645588663,-0.004867628216743469,1684.695,0.003106728902621425,0.005789617333583431,1686.1035645588663,0.003354900178821309
1686.5690818323503,-0.0031891355756670237,1685.16,0.003106728902621425,0.005025850922714921,1686.5690818323503,0.003335060327584842
1687.0345991058343,-0.0023498893715441227,1685.625,0.012143879130203539,0.004648342155933689,1687.0345991058343,0.003280306452543397
1687.5001163793183,-0.000839246204122901,1686.093,0.001250643331448753,0.004604624576335992,1687.5001163793183,0.0032029310367739853
1687.9656336528021,-0.000839246204122901,1686.559,0.0034292645196769556,0.004832492881829582,1687.9656336528021,0.0031416454306457393
1688.4311509262861,-0.0030212863348424435,1687.026,0.009965257941975336,0.00526779316407627,1688.4311509262861,0.0030802529153627577
1688.8966681997701,-0.004531929735094309,1687.492,0.01399996470137621,0.005850955777558479,1688.8966681997701,0.003025667627166552
1689.3621854732542,-0.004867628216743469,1687.952,0.00746397127907783,0.006531375989180848,1689.3621854732542,0.0029763208815634314
1689.827702746738,-0.002517738612368703,1688.422,0.003106728902621425,0.0072691390419143504,1689.827702746738,0.0029097905644142625
1690.293220020222,-0.0015106431674212217,1688.885,0.003106728902621425,0.008034230335186857,1690.293220020222,0.0028152500799867282
1690.758737293706,-0.0015106431674212217,1689.348,0.009642592467306033,0.008804028551725455,1690.758737293706,0.002721534028574367
1691.22425456719,-0.0011749446857720613,1689.811,0.014322500318431741,0.00956015238415746,1691.22425456719,0.002658846268495354
1691.6897718406738,-0.000839246204122901,1690.281,0.005607885707905158,0.010285541959145956,1691.6897718406738,0.002594850928561325
1692.1552891141578,-0.0015106431674212217,1690.74,0.003106728902621425,0.010962316726145088,1692.1552891141578,0.00251156261958384
1692.6208063876418,-0.0023498893715441227,1691.21,0.020858493740730122,0.011570720769072748,1692.6208063876418,0.0024129739828299248
1693.0863236611256,-0.0021820401307195425,1691.676,0.016178585889604413,0.012089277244173949,1693.0863236611256,0.0023084231082001715
1693.5518409346096,-0.0018463416490703821,1692.14,0.003106728902621425,0.012496041509493183,1693.5518409346096,0.002231010684199441
1694.0173582080936,-0.0015106431674212217,1692.606,0.0077865068961333606,0.012770723012527413,1694.0173582080936,0.002187210871852128
1694.4828754815776,0.0005035477224737406,1693.071,0.024893200500130774,0.012897501174076322,1694.4828754815776,0.002149003224284747
1694.9483927550614,0.0021820401307195425,1693.536,0.003106728902621425,0.012868335662981045,1694.9483927550614,0.0021123704289145104
1695.4139100285454,0.0011749446857720613,1693.997,0.016178585889604413,0.012686323500380896,1695.4139100285454,0.0020546786094753525
1695.8794273020294,0.000839246204122901,1694.462,0.01399996470137621,0.012368395552052614,1695.8794273020294,0.0019501318462838133
1696.3449445755134,0.002517738612368703,1694.929,0.025215736117186305,0.01194656393571394,1696.3449445755134,0.0018551698894386797
1696.8104618489972,0.0030212863348424435,1695.392,0.003106728902621425,0.011467046196954912,1696.8104618489972,0.001803798038936574
1697.2759791224812,0.0018463416490703821,1695.859,0.00746397127907783,0.010986960712150811,1697.2759791224812,0.0017686434699426868
1697.7414963959652,0.0011749446857720613,1696.322,0.01399996470137621,0.010568885940994664,1697.7414963959652,0.0017129376885617032
1698.207013669449,0.0011749446857720613,1696.785,0.012143879130203539,0.010274079190766864,1698.207013669449,0.0016514629313472923
1698.672530942933,0.000839246204122901,1697.255,0.001250643331448753,0.010155274309730148,1698.672530942933,0.001563593978319077
1699.138048216417,-0.0001678492408245802,1697.721,0.016501121506659944,0.010249833779587108,1699.138048216417,0.0014609674667377661
1699.603565489901,-0.0006713969632983208,1698.187,0.016178585889604413,0.010573862060921004,1699.603565489901,0.0014143571808530788
1700.0690827633848,-0.0005035477224737406,1698.652,0.009965257941975336,0.011117780286418697,1700.0690827633848,0.0014313783334626805
1700.5346000368688,-0.0001678492408245802,1699.11,0.003106728902621425,0.011843891693093677,1700.5346000368688,0.0014468595849371673
1701.0001173103528,-0.000839246204122901,1699.576,0.014322500318431741,0.012686690683620994,1701.0001173103528,0.0014777234019500594
1701.4656345838368,-0.0028534370940178633,1700.041,0.003106728902621425,0.013556868801120042,1701.4656345838368,0.0015048207315919787
1701.9311518573206,-0.003524834057316184,1700.507,0.005285350090849628,0.014349777968995645,1701.9311518573206,0.0015188545997133769
1702.3966691308046,-0.0021820401307195425,1700.974,0.003106728902621425,0.01495836472828827,1702.3966691308046,0.0015405694709874685
1702.8621864042887,-0.0015106431674212217,1701.44,0.031751729539484685,0.015289343990944898,1702.8621864042887,0.0015559458702398036
1703.3277036777727,-0.0021820401307195425,1701.903,0.03360781511065736,0.015279838060484042,1703.3277036777727,0.0015159557218142482
1703.7932209512564,-0.0015106431674212217,1702.366,0.047002207714695876,0.014910465686355585,1703.7932209512564,0.001486541343963386
1704.2587382247405,0.0005035477224737406,1702.837,0.003106728902621425,0.014210919928898974,1704.2587382247405,0.0015206309361819833
1704.7242554982245,0.0011749446857720613,1703.299,0.003106728902621425,0.013256008793550135,1704.7242554982245,0.001571686170067756
1705.1897727717082,0.0005035477224737406,1703.767,0.003106728902621425,0.012153248291728189,1705.1897727717082,0.0016086890304687722
1705.6552900451923,-0.0005035477224737406,1704.229,0.001250643331448753,0.011025680974981631,1705.6552900451923,0.0016324187263080903
1706.1208073186763,-0.000839246204122901,1704.695,0.009642592467306033,0.009994329037109362,1706.1208073186763,0.0016631715235750429
1706.5863245921603,0.0005035477224737406,1705.16,0.009642592467306033,0.009163661056162235,1706.5863245921603,0.0016849357349282164
1707.051841865644,0.0005035477224737406,1705.626,0.001250643331448753,0.008611692887136623,1707.051841865644,0.0017094137943430483
1707.517359139128,0.0005035477224737406,1706.085,0.020535828266060596,0.008384793391814572,1707.517359139128,0.0017100963668134897
1707.982876412612,0.0018463416490703821,1706.55,0.014322500318431741,0.008496293749555019,1707.982876412612,0.0017129787987972052
1708.448393686096,0.0011749446857720613,1707.015,0.012143879130203539,0.008927642580863931,1708.448393686096,0.0017284600530009448
1708.9139109595799,-0.000839246204122901,1707.48,0.003106728902621425,0.009631120244674139,1708.9139109595799,0.0017247758035516525
1709.379428233064,-0.0021820401307195425,1707.951,0.003106728902621425,0.010533903978557753,1709.379428233064,0.0017136120334615159
1709.844945506548,-0.0003356984816491604,1708.413,0.0009279778567794494,0.01154407066100858,1709.844945506548,0.001748809777488984
1710.310462780032,0.0011749446857720613,1708.882,0.012143879130203539,0.01255929467489827,1710.310462780032,0.001789118599104118
1710.7759800535157,0.002517738612368703,1709.344,0.003106728902621425,0.013478264431375281,1710.7759800535157,0.0018331774609456496
1711.2414973269997,0.0011749446857720613,1709.807,0.05539428670816693,0.014213487292032558,1711.2414973269997,0.001881915649246212
1711.7070146004837,-0.0021820401307195425,1710.27,0.016178585889604413,0.014702888244930235,1711.7070146004837,0.0019107317468942389
1712.1725318739675,-0.003524834057316184,1710.735,0.012143879130203539,0.014917315063104316,1712.1725318739675,0.00190730859949696
1712.6380491474515,-0.0031891355756670237,1711.204,0.003106728902621425,0.014862237203243365,1712.6380491474515,0.0018718127418494547
1713.1035664209355,-0.0031891355756670237,1711.67,0.00746397127907783,0.014573981005253114,1713.1035664209355,0.0018840271003395016
1713.5690836944195,-0.0028534370940178633,1712.13,0.027394357305414507,0.014112385962234138,1713.5690836944195,0.0019513592341043851
1714.0346009679033,-0.0015106431674212217,1712.595,0.01399996470137621,0.013551969739017889,1714.0346009679033,0.0020285331702594614
1714.5001182413873,-0.0021820401307195425,1713.063,0.00746397127907783,0.012973057881602367,1714.5001182413873,0.00209921032683466
1714.9656355148713,-0.0036926832981407642,1713.529,0.0009279778567794494,0.012453864809757414,1714.9656355148713,0.00214373588552813
1715.4311527883553,-0.003524834057316184,1713.996,0.011821343513148008,0.012064473660351353,1715.4311527883553,0.0021738369482116582
1715.8966700618391,-0.0021820401307195425,1714.455,0.012143879130203539,0.011863512294109788,1715.8966700618391,0.0022164463679223497
1716.3621873353231,-0.0028534370940178633,1714.922,0.003106728902621425,0.01189762249001529,1716.3621873353231,0.0022518599871405383
1716.8277046088072,-0.003524834057316184,1715.385,0.024893200500130774,0.012202775869868315,1716.8277046088072,0.0022594402502336725
1717.2932218822912,-0.003524834057316184,1715.855,0.04232242972118394,0.01280561068233983,1717.2932218822912,0.0022914019410630727
1717.758739155775,-0.0041962312534451485,1716.318,0.00746397127907783,0.013722702056854566,1717.758739155775,0.002336087862932529
1718.224256429259,-0.0028534370940178633,1716.781,0.016501121506659944,0.014956445447687006,1718.224256429259,0.002352679323918479
1718.689773702743,-0.0015106431674212217,1717.251,0.001250643331448753,0.01648805705590208,1718.689773702743,0.00236559064690761
1719.1552909762268,-0.0015106431674212217,1717.71,0.0077865068961333606,0.018270241893643655,1719.1552909762268,0.002374357188786456
1719.6208082497108,-0.001678492408245802,1718.177,0.005285350090849628,0.02022311789592674,1719.6208082497108,0.0023664006904037986
1720.0863255231948,-0.0028534370940178633,1718.643,0.018357207077832394,0.02223640420280245,1720.0863255231948,0.0023844909335711526
1720.5518427966788,-0.0041962312534451485,1719.108,0.020858493740730122,0.024178978454471763,1720.5518427966788,0.0024248264797186244
1721.0173600701626,-0.0041962312534451485,1719.574,0.03828759310416929,0.02591443986444591,1721.0173600701626,0.0024295901003645788
1721.4828773436466,-0.0031891355756670237,1720.041,0.0753246727345036,0.02731914725837632,1721.4828773436466,0.002461960923282314
1721.9483946171306,-0.0028534370940178633,1720.507,0.005285350090849628,0.02829822292186449,1721.9483946171306,0.002519930292180435
1722.4139118906146,-0.0041962312534451485,1720.971,0.03828759310416929,0.028795888743565576,1722.4139118906146,0.0025598484816520147
1722.8794291640984,-0.004531929735094309,1721.43,0.001250643331448753,0.0287989791164704,1722.8794291640984,0.002578623353455238
1723.3449464375824,-0.0041962312534451485,1721.9,0.018679742694887924,0.028335077662812576,1723.3449464375824,0.0025950955690581946
1723.8104637110664,-0.0041962312534451485,1722.362,0.016501121506659944,0.027467766719287738,1723.8104637110664,0.002604334977195012
1724.2759809845504,-0.0028534370940178633,1722.826,0.0706447648833779,0.026290460577056175,1724.2759809845504,0.002591982872093846
1724.7414982580342,0.0003356984816491604,1723.296,0.05103691447409675,0.02491822847508628,1724.7414982580342,0.0025842340232620055
1725.2070155315182,0.0011749446857720613,1723.755,0.005285350090849628,0.02347577102208728,1725.2070155315182,0.002580839661598918
1725.6725328050022,0.0001678492408245802,1724.22,0.020858493740730122,0.02208073235385734,1725.6725328050022,0.0025804634241676293
1726.138050078486,-0.0005035477224737406,1724.686,0.005285350090849628,0.02082440292106892,1726.138050078486,0.0025873713926514957
1726.60356735197,-0.000839246204122901,1725.152,0.003106728902621425,0.01975451451183383,1726.60356735197,0.002597264590279483
1727.069084625454,-0.0003356984816491604,1725.617,0.003106728902621425,0.018865495443411706,1727.069084625454,0.002604267132014943
1727.534601898938,0.000839246204122901,1726.082,0.003106728902621425,0.018100080689099324,1727.534601898938,0.002625916211476696
1728.0001191724218,0.0028534370940178633,1726.548,0.04264496533823947,0.017363354888174774,1728.0001191724218,0.0025774699678036625
1728.4656364459058,0.002517738612368703,1727.014,0.005285350090849628,0.016547078561303476,1728.4656364459058,0.002514837717805807
1728.9311537193898,0.0011749446857720613,1727.48,0.022714579311902794,0.015559494604799521,1728.9311537193898,0.0024486445747977136
1729.3966709928739,-0.0001678492408245802,1727.941,0.016501121506659944,0.014354478371118046,1729.3966709928739,0.002372948863561674
1729.8621882663576,0.000839246204122901,1728.411,0.06193028013046531,0.012953871127069633,1729.8621882663576,0.002324395711766287
1730.3277055398416,0.0018463416490703821,1728.874,0.011821343513148008,0.011457734304948616,1730.3277055398416,0.0022827094097377623
1730.7932228133257,0.0005035477224737406,1729.337,0.00746397127907783,0.010039153532837006,1730.7932228133257,0.002232992594637812
1731.2587400868094,-0.0005035477224737406,1729.804,0.0077865068961333606,0.008923305818348591,1731.2587400868094,0.0021764418252750535
1731.7242573602934,0.002517738612368703,1730.266,0.003106728902621425,0.008354041410181591,1731.7242573602934,0.0021048168821802163
1732.1897746337775,0.006546120624989271,1730.732,0.003106728902621425,0.008553824105279804,1732.1897746337775,0.002032735526163425
1732.6552919072615,0.00587472366169095,1731.195,0.001250643331448753,0.009683825461332968,1732.6552919072615,0.0019739273313830346
1733.1208091807453,0.0038605325389653444,1731.66,0.003106728902621425,0.011810633742302516,1733.1208091807453,0.0019425783112336863
1733.5863264542293,0.0038605325389653444,1732.126,0.003106728902621425,0.014884988356323738,1733.5863264542293,0.001923774655333253
1734.0518437277133,0.0031891355756670237,1732.591,0.0034292645196769556,0.01873643210143469,1734.0518437277133,0.0019286801371713167
1734.5173610011973,0.0005035477224737406,1733.056,0.020858493740730122,0.023085821737607575,1734.5173610011973,0.0019675744682281274
1734.982878274681,-0.0021820401307195425,1733.522,0.003106728902621425,0.02757528290857925,1734.982878274681,0.00196240582921356
1735.448395548165,-0.0028534370940178633,1733.989,0.01399996470137621,0.03181252571500211,1735.448395548165,0.001974108258166829
1735.913912821649,-0.0028534370940178633,1734.455,0.029573108351256705,0.03542349767938862,1735.913912821649,0.0020037364538366396
1736.379430095133,-0.0028534370940178633,1734.918,0.21693686797592893,0.038104262613363825,1736.379430095133,0.0019889007674397286
1736.8449473686169,-0.004531929735094309,1735.381,0.0009279778567794494,0.03966090265093434,1736.8449473686169,0.001989377744531313
1737.310464642101,-0.00553902518004179,1735.852,0.023037114928958324,0.040027745858374465,1737.310464642101,0.0020607436388534565
1737.775981915585,-0.0021820401307195425,1736.314,0.020858493740730122,0.03926072554338092,1737.775981915585,0.0021259334803269965
1738.2414991890687,-0.0003356984816491604,1736.778,0.003106728902621425,0.03751115360730947,1738.2414991890687,0.002202957329456131
1738.7070164625527,-0.0011749446857720613,1737.24,0.011821343513148008,0.034990282746557265,1738.7070164625527,0.0022609431464542086
1739.1725337360367,-0.0021820401307195425,1737.706,0.08589537291620286,0.0319345033182764,1739.1725337360367,0.0023037663838384012
1739.6380510095207,-0.0018463416490703821,1738.17,0.001250643331448753,0.02857704016537682,1739.6380510095207,0.002342897147493746
1740.1035682830045,-0.0018463416490703821,1738.636,0.011821343513148008,0.025128040320098476,1740.1035682830045,0.0024059159124960234
1740.5690855564885,-0.000839246204122901,1739.1,0.016178585889604413,0.021762894956302115,1740.5690855564885,0.0024518210079964627
1741.0346028299725,0.000839246204122901,1739.565,0.03393035072771289,0.018618071801376184,1741.0346028299725,0.002473478311854698
1741.5001201034565,0.0023498893715441227,1740.037,0.025215736117186305,0.015793144506590678,1741.5001201034565,0.0025171095341455507
1741.9656373769403,0.0011749446857720613,1740.495,0.001250643331448753,0.013356736053116216,1741.9656373769403,0.002568845283526404
1742.4311546504243,-0.0010070954449474812,1740.96,0.025215736117186305,0.011353648935355839,1742.4311546504243,0.0026242529469325242
1742.8966719239083,-0.0028534370940178633,1741.426,0.016501121506659944,0.009810971387083024,1742.8966719239083,0.0026928186486927246
1743.3621891973924,-0.0028534370940178633,1741.896,0.0034292645196769556,0.008741912501962277,1743.3621891973924,0.00274549190797261
1743.8277064708761,-0.0028534370940178633,1742.359,0.003106728902621425,0.008147064816074967,1743.8277064708761,0.0027756484796050986
1744.2932237443601,-0.0030212863348424435,1742.826,0.011821343513148008,0.008013636413125774,1744.2932237443601,0.0027923016176142085
1744.7587410178442,-0.0028534370940178633,1743.288,0.0077865068961333606,0.008313769249963953,1744.7587410178442,0.002771871711963108
1745.224258291328,-0.0001678492408245802,1743.755,0.003106728902621425,0.00900317551958815,1745.224258291328,0.00278448080986832
1745.689775564812,0.0021820401307195425,1744.219,0.009642592467306033,0.010021115277861646,1745.689775564812,0.0028415866849764147
1746.155292838296,0.0018463416490703821,1744.685,0.001250643331448753,0.011292440500032195,1746.155292838296,0.0028982032458349525
1746.62081011178,0.0005035477224737406,1745.152,0.014322500318431741,0.012732019846113562,1746.62081011178,0.002921669778851039
1747.0863273852638,0.0005035477224737406,1745.61,0.024893200500130774,0.014251212688938772,1747.0863273852638,0.0029492605333650873
1747.5518446587478,0.0011749446857720613,1746.078,0.001250643331448753,0.01576528524107262,1747.5518446587478,0.0029998572931242006
1748.0173619322318,0.0011749446857720613,1746.543,0.06007419455929264,0.017200098492039063,1748.0173619322318,0.0030555815748663393
1748.4828792057158,0.0011749446857720613,1747.011,0.005607885707905158,0.018496407780180035,1748.4828792057158,0.003104858419620192
1748.9483964791996,0.0018463416490703821,1747.477,0.0077865068961333606,0.01961091243213834,1748.9483964791996,0.003130025221250872
1749.4139137526836,0.0018463416490703821,1747.937,0.0009279778567794494,0.020514631101211052,1749.4139137526836,0.0031340199188629953
1749.8794310261676,0.0011749446857720613,1748.4,0.025215736117186305,0.021190433622245926,1749.8794310261676,0.0030892784849246187
1750.3449482996516,-0.0003356984816491604,1748.87,0.012143879130203539,0.02163155158617515,1750.3449482996516,0.003074459248432907
1750.8104655731354,-0.0001678492408245802,1749.332,0.051359579948766054,0.02184143762036855,1750.8104655731354,0.0030572551179818067
1751.2759828466194,0.0018463416490703821,1749.796,0.03610897191594109,0.0218335288639293,1751.2759828466194,0.003027764672179967
1751.7415001201034,0.0028534370940178633,1750.266,0.027071821688358977,0.021628696044249766,1751.7415001201034,0.002983200049232345
1752.2070173935872,-0.0005035477224737406,1750.725,0.009642592467306033,0.0212491277458837,1752.2070173935872,0.0029200887679737965
1752.6725346670712,-0.004867628216743469,1751.196,0.00746397127907783,0.020709673033809304,1752.6725346670712,0.002867016653063626
1753.1380519405552,-0.0068818191066384315,1751.662,0.00746397127907783,0.02000987627651225,1753.1380519405552,0.0028599812166654167
1753.6035692140392,-0.0068818191066384315,1752.126,0.003106728902621425,0.019130718243220952,1753.6035692140392,0.002858815497360836
1754.069086487523,-0.0068818191066384315,1752.585,0.0077865068961333606,0.018038989348710552,1754.069086487523,0.0028586222389716887
1754.534603761007,-0.00587472366169095,1753.052,0.05571682232522246,0.016699800271956253,1754.534603761007,0.002835887621636496
1755.000121034491,-0.004867628216743469,1753.518,0.001250643331448753,0.015095023129447197,1755.000121034491,0.0027918904418887743
1755.465638307975,-0.00553902518004179,1753.985,0.001250643331448753,0.013243611083241928,1755.465638307975,0.002730516428846339
1755.9311555814588,-0.006546120624989271,1754.45,0.02925044287658718,0.01121938783176397,1755.9311555814588,0.002639508053876543
1756.3966728549428,-0.007553216069936752,1754.914,0.020858493740730122,0.0091625239375948,1756.3966728549428,0.002582883269482791
1756.8621901284268,-0.007888914085924625,1755.377,0.012143879130203539,0.007281620793390893,1756.8621901284268,0.002591526454218168
1757.3277074019106,-0.007217517588287592,1755.841,0.024893200500130774,0.005844080738689616,1757.3277074019106,0.0026851664369181003
1757.7932246753946,-0.0068818191066384315,1756.311,0.003106728902621425,0.005153856190593149,1757.7932246753946,0.0027661459229272826
1758.2587419488787,-0.00553902518004179,1756.774,0.003106728902621425,0.005517829710926793,1758.2587419488787,0.0027919850149806633
1758.7242592223627,-0.003524834057316184,1757.237,0.003106728902621425,0.007204400938163604,1758.7242592223627,0.002805768057279945
1759.1897764958464,-0.0023498893715441227,1757.702,0.005607885707905158,0.01039966131783128,1759.1897764958464,0.0028303941427356085
1759.6552937693305,-0.003524834057316184,1758.167,0.0077865068961333606,0.015167393958615511,1759.6552937693305,0.002824686845345581
1760.1208110428145,-0.0030212863348424435,1758.634,0.016178585889604413,0.02141901137907561,1760.1208110428145,0.002839333383337097
1760.5863283162985,-0.0030212863348424435,1759.1,0.003106728902621425,0.02889869835145128,1760.5863283162985,0.0028617596094448958
1761.0518455897823,-0.004867628216743469,1759.566,0.03578643629888556,0.03718766036389005,1761.0518455897823,0.002869547521415802
1761.5173628632663,-0.004867628216743469,1760.026,0.014322500318431741,0.04572944258182367,1761.5173628632663,0.0028819859762875344
1761.9828801367503,-0.0011749446857720613,1760.492,0.11018313117660994,0.05387571414084491,1761.9828801367503,0.0029345276582254426
1762.4483974102343,0.0011749446857720613,1760.964,0.005607885707905158,0.060949066105677296,1762.4483974102343,0.003002342940752337
1762.913914683718,-0.0001678492408245802,1761.422,0.012143879130203539,0.06631699302010306,1762.913914683718,0.0030160355211099063
1763.379431957202,-0.0010070954449474812,1761.885,0.020535828266060596,0.06946934341704807,1763.379431957202,0.0029963128601062745
1763.844949230686,0.0005035477224737406,1762.355,0.3800129991978083,0.07008882012210302,1763.844949230686,0.0029850894672733084
1764.3104665041699,0.0011749446857720613,1762.815,0.011821343513148008,0.06810057325280108,1764.3104665041699,0.0029859139001943685
1764.775983777654,0.000839246204122901,1763.285,0.00746397127907783,0.06368679569094556,1764.775983777654,0.0029759035135028195
1765.241501051138,0.0018463416490703821,1763.751,0.09678860871495765,0.05725983922403625,1765.241501051138,0.0029644704141607845
1765.707018324622,0.0021820401307195425,1764.214,0.023037114928958324,0.0493997062507846,1765.707018324622,0.00294130610406689
1766.1725355981057,0.0011749446857720613,1764.68,0.0009279778567794494,0.04077083237906053,1766.1725355981057,0.002901455760639499
1766.6380528715897,0.0011749446857720613,1765.14,0.00746397127907783,0.03203530212942281,1766.6380528715897,0.002890826534677503
1767.1035701450737,0.000839246204122901,1765.606,0.005285350090849628,0.023777357677892602,1767.1035701450737,0.00288006161637046
1767.5690874185577,0.0005035477224737406,1766.074,0.009965257941975336,0.016449738191006688,1767.5690874185577,0.0028582089974642745
1768.0346046920415,-0.0001678492408245802,1766.54,0.003106728902621425,0.01034689384556973,1768.0346046920415,0.002828124382758072
1768.5001219655255,-0.0001678492408245802,1767.004,0.01399996470137621,0.005604548364241734,1768.5001219655255,0.002770420229951097
1768.9656392390095,0.000839246204122901,1767.47,0.012143879130203539,0.00222073585733923,1768.9656392390095,0.002714827527361882
1769.4311565124935,0.003524834057316184,1767.933,0.009965257941975336,9.089154255312292e-05,1769.4311565124935,0.0026886533130635864
1769.8966737859773,0.0023498893715441227,1768.396,0.00746397127907783,-0.0009511954077148902,1769.8966737859773,0.002689448962075661
1770.3621910594613,0.0005035477224737406,1768.867,0.01399996470137621,-0.0010940322848788221,1770.3621910594613,0.0026639244289388734
1770.8277083329453,-0.0005035477224737406,1769.329,0.001250643331448753,-0.0005163789336071622,1770.8277083329453,0.0026582767524122837
1771.2932256064291,-0.0018463416490703821,1769.797,0.0009279778567794494,0.0006340626252528549,1771.2932256064291,0.0026523165724329652
1771.7587428799131,-0.0011749446857720613,1770.259,0.0009279778567794494,0.0022501203095862056,1771.7587428799131,0.002630174065138827
1772.2242601533972,0.000839246204122901,1770.725,0.005607885707905158,0.004263627218152909,1772.2242601533972,0.002597924542035567
1772.6897774268812,0.000839246204122901,1771.188,0.005607885707905158,0.006634995742967263,1772.6897774268812,0.002579330592085233
1773.155294700365,-0.0010070954449474812,1771.655,0.029573108351256705,0.009336568136606972,1773.155294700365,0.0025555762251354905
1773.620811973849,-0.0028534370940178633,1772.115,0.001250643331448753,0.012332714382879119,1773.620811973849,0.0025177057535657596
1774.086329247333,-0.0031891355756670237,1772.58,0.005285350090849628,0.015560105588021352,1774.086329247333,0.0024944283651478034
1774.551846520817,-0.0041962312534451485,1773.052,0.001250643331448753,0.018912269369030905,1774.551846520817,0.002444493619932275
1775.0173637943008,-0.0028534370940178633,1773.51,0.005607885707905158,0.02223284683713159,1775.0173637943008,0.0023647312538441203
1775.4828810677848,-0.0018463416490703821,1773.977,0.003106728902621425,0.02532110339925756,1775.4828810677848,0.002280447869023317
1775.9483983412688,-0.0028534370940178633,1774.443,0.051359579948766054,0.027950909393930662,1775.9483983412688,0.002210695889064891
1776.4139156147528,-0.0041962312534451485,1774.911,0.00746397127907783,0.029901131202088007,1776.4139156147528,0.0021713903685764936
1776.8794328882366,-0.005035477224737406,1775.373,0.014322500318431741,0.030992152529435903,1776.8794328882366,0.002124625886837124
1777.3449501617206,-0.004867628216743469,1775.841,0.16214802350748592,0.031120904890999734,1777.3449501617206,0.002055644885136835
1777.8104674352046,-0.0036926832981407642,1776.303,0.001250643331448753,0.030285880264186733,1777.8104674352046,0.0020182390590219646
1778.2759847086884,-0.0030212863348424435,1776.767,0.0077865068961333606,0.028595016666135564,1778.2759847086884,0.002031216171764374
1778.7415019821724,-0.0015106431674212217,1777.236,0.051359579948766054,0.02625367074947941,1778.7415019821724,0.002057034704556216
1779.2070192556564,-0.0018463416490703821,1777.695,0.0034292645196769556,0.02353551199809155,1779.2070192556564,0.0020770102476015766
1779.6725365291404,-0.0038605325389653444,1778.163,0.00746397127907783,0.02074312957974011,1779.6725365291404,0.002081862274294748
1780.1380538026242,-0.006210422143340111,1778.628,0.003106728902621425,0.018166269543698155,1780.1380538026242,0.002073062839815065
1780.6035710761082,-0.007217517588287592,1779.093,0.016178585889604413,0.016044830461292004,1780.6035710761082,0.0020764859865706697
1781.0690883495922,-0.004867628216743469,1779.558,0.005607885707905158,0.014541928065801476,1781.0690883495922,0.0021092618314760567
1781.5346056230762,-0.0021820401307195425,1780.022,0.014322500318431741,0.013729935213966671,1781.5346056230762,0.0021560345364198207
1782.00012289656,-0.0001678492408245802,1780.488,0.001250643331448753,0.01359002614931768,1782.00012289656,0.0022088599308943925
1782.465640170044,-0.0005035477224737406,1780.96,0.014322500318431741,0.014023872843414933,1782.465640170044,0.00227643466676651
1782.931157443528,-0.002517738612368703,1781.418,0.025215736117186305,0.014874708048754954,1782.931157443528,0.002338770860162468
1783.396674717012,-0.003524834057316184,1781.881,0.03578643629888556,0.01595382657711993,1783.396674717012,0.0023812343089568183
1783.8621919904958,-0.0021820401307195425,1782.351,0.020858493740730122,0.01706798414142549,1783.8621919904958,0.002383779565681521
1784.3277092639798,-0.0015106431674212217,1782.815,0.020535828266060596,0.018043585713703507,1784.3277092639798,0.0023529630356138365
1784.7932265374639,-0.0015106431674212217,1783.277,0.003106728902621425,0.018745131731794287,1784.7932265374639,0.002350436280892974
1785.2587438109476,-0.0015106431674212217,1783.743,0.023037114928958324,0.01908738400677424,1785.2587438109476,0.002352233174201869
1785.7242610844316,-0.002517738612368703,1784.205,0.003106728902621425,0.019042055793508733,1785.7242610844316,0.0023687280038172573
1786.1897783579157,-0.0021820401307195425,1784.671,0.024893200500130774,0.018639966103810943,1786.1897783579157,0.002421279964777056
1786.6552956313997,-0.0010070954449474812,1785.138,0.046679672097640346,0.01796879032471595,1786.6552956313997,0.0024754478971729
1787.1208129048835,-0.0010070954449474812,1785.603,0.014322500318431741,0.017165590835361576,1787.1208129048835,0.002477115266473323
1787.5863301783675,-0.0015106431674212217,1786.071,0.014322500318431741,0.016403136096348105,1787.5863301783675,0.002466718362321878
1788.0518474518515,-0.0018463416490703821,1786.536,0.016501121506659944,0.015870039123464016,1788.0518474518515,0.0024258647188200953
1788.5173647253355,-0.0018463416490703821,1786.996,0.00746397127907783,0.0157464175452091,1788.5173647253355,0.0023906094080070367
1788.9828819988193,-0.0018463416490703821,1787.462,0.03142919392242938,0.016178059015473343,1788.9828819988193,0.0023292724045049355
1789.4483992723033,-0.0021820401307195425,1787.929,0.005607885707905158,0.017252512822309548,1789.4483992723033,0.0022511547912407465
1789.9139165457873,-0.0021820401307195425,1788.392,0.003106728902621425,0.018980468076211014,1789.9139165457873,0.002185290598390766
1790.379433819271,-0.0018463416490703821,1788.855,0.016501121506659944,0.021285582803675613,1790.379433819271,0.0021652657135837116
1790.844951092755,-0.0028534370940178633,1789.325,0.00746397127907783,0.024005390962558677,1790.844951092755,0.002170687234982233
1791.310468366239,-0.0021820401307195425,1789.786,0.03360781511065736,0.026904605416098158,1791.310468366239,0.0021646119231799395
1791.775985639723,-0.000839246204122901,1790.255,0.04046634415001127,0.0297001120040442,1791.775985639723,0.0021466162539229647
1792.241502913207,-0.0011749446857720613,1790.72,0.003106728902621425,0.032094878937251214,1792.241502913207,0.002132855827147611
1792.707020186691,-0.003524834057316184,1791.18,0.029573108351256705,0.0338165315015129,1792.707020186691,0.0020858816414744256
1793.172537460175,-0.0057068741880357265,1791.645,0.05975152908462311,0.03465541566041423,1793.172537460175,0.00201885789980391
1793.638054733659,-0.00587472366169095,1792.112,0.09678860871495765,0.03449612590767767,1793.638054733659,0.0019554814009227536
1794.1035720071427,-0.0041962312534451485,1792.577,0.03610897191594109,0.03333607224302157,1794.1035720071427,0.0019095968648578186
1794.5690892806267,-0.0021820401307195425,1793.044,0.011821343513148008,0.03128619693573286,1794.5690892806267,0.0019152424835848514
1795.0346065541107,-0.0011749446857720613,1793.51,0.03393035072771289,0.028553074626448075,1795.0346065541107,0.0018820575071928779
1795.5001238275947,-0.0015106431674212217,1793.975,0.003106728902621425,0.025406574589100537,1795.5001238275947,0.0018008292520745686
1795.9656411010785,-0.0010070954449474812,1794.44,0.018357207077832394,0.022140393919816526,1795.9656411010785,0.0017252959592530801
1796.4311583745625,-0.0005035477224737406,1794.9,0.0009279778567794494,0.019033124252327633,1796.4311583745625,0.0017015888804206706
1796.8966756480465,-0.000839246204122901,1795.37,0.020858493740730122,0.016315942516844643,1796.8966756480465,0.001689826830233218
1797.3621929215303,-0.0001678492408245802,1795.833,0.00746397127907783,0.014150659891733577,1797.3621929215303,0.0016649437518793976
1797.8277101950143,-0.0001678492408245802,1796.295,0.016501121506659944,0.012619464918941366,1797.8277101950143,0.001640858379333345
1798.2932274684983,-0.000839246204122901,1796.763,0.011821343513148008,0.01172575873849802,1798.2932274684983,0.0015926711871651089
1798.7587447419824,-0.0001678492408245802,1797.226,0.011821343513148008,0.011404268307518724,1798.7587447419824,0.001554167486363906
1799.2242620154661,0.0018463416490703821,1797.691,0.009642592467306033,0.011538083941735005,1799.2242620154661,0.0015228328586652782
1799.6897792889501,0.0031891355756670237,1798.155,0.001250643331448753,0.011980137419792033,1799.6897792889501,0.0015201971423744799
1800.1552965624342,0.002517738612368703,1798.621,0.005607885707905158,0.01257657092880264,1800.1552965624342,0.0015232440493032132
1800.6208138359182,0.0010070954449474812,1799.089,0.05539428670816693,0.013189128487163646,1800.6208138359182,0.0015060604772466784
1801.086331109402,-0.0001678492408245802,1799.555,0.024893200500130774,0.013713183727495776,1801.086331109402,0.0014839015231159684
1801.551848382886,-0.0015106431674212217,1800.022,0.012143879130203539,0.014088055187839458,1801.551848382886,0.0014782641301286554
1802.01736565637,0.0005035477224737406,1800.48,0.005285350090849628,0.014297740512267704,1802.01736565637,0.0015064449400469424
1802.482882929854,0.002517738612368703,1800.948,0.009642592467306033,0.014362884168741845,1802.482882929854,0.0015463528520851305
1802.9484002033378,0.0011749446857720613,1801.411,0.003106728902621425,0.014327192180958083,1802.9484002033378,0.0015550474346364056
1803.4139174768218,-0.0005035477224737406,1801.882,0.005285350090849628,0.014242357847022108,1803.4139174768218,0.0015534479106358297
1803.8794347503058,-0.0011749446857720613,1802.344,0.02925044287658718,0.014154847456543457,1803.8794347503058,0.0015286018393098335
1804.3449520237896,-0.0015106431674212217,1802.811,0.003106728902621425,0.014096401454456719,1804.3449520237896,0.0015170823903284192
1804.8104692972736,-0.001678492408245802,1803.273,0.025215736117186305,0.014078676587803181,1804.8104692972736,0.001547606975235273
1805.2759865707576,-0.001678492408245802,1803.739,0.012143879130203539,0.014091636283733777,1805.2759865707576,0.0016130455871953993
1805.7415038442416,-0.000839246204122901,1804.202,0.001250643331448753,0.014105161680992915,1805.7415038442416,0.0016744545511743808
1806.2070211177254,-0.0011749446857720613,1804.668,0.012143879130203539,0.014073546597789257,1806.2070211177254,0.001704144427124203
1806.6725383912094,-0.0015106431674212217,1805.133,0.023037114928958324,0.013942567716010002,1806.6725383912094,0.001708081558158923
1807.1380556646934,-0.0001678492408245802,1805.598,0.016501121506659944,0.013658423386393174,1807.1380556646934,0.0016648019026823113
1807.6035729381774,0.0005035477224737406,1806.063,0.012143879130203539,0.013177246156614721,1807.6035729381774,0.0016168511447210718
1808.0690902116612,0.000839246204122901,1806.529,0.0077865068961333606,0.012473644337892976,1808.0690902116612,0.0016080866599231067
1808.5346074851452,0.0018463416490703821,1806.997,0.029573108351256705,0.01154699682784047,1808.5346074851452,0.0016164892989733478
1809.0001247586292,0.0031891355756670237,1807.455,0.0009279778567794494,0.01042470955281251,1809.0001247586292,0.001599904007011277
1809.4656420321132,0.002517738612368703,1807.926,0.011821343513148008,0.009162113398791197,1809.4656420321132,0.0015762586068218992
1809.931159305597,0.0018463416490703821,1808.388,0.001250643331448753,0.007839194656181776,1809.931159305597,0.001563464473646377
1810.396676579081,0.000839246204122901,1808.852,0.01399996470137621,0.006554837604342159,1810.396676579081,0.0015785694866743043
1810.862193852565,-0.0001678492408245802,1809.321,0.001250643331448753,0.005419481689023573,1810.862193852565,0.0015933291012473802
1811.3277111260488,-0.0001678492408245802,1809.782,0.001250643331448753,0.0045470208242698595,1811.3277111260488,0.0015772084522276619
1811.7932283995328,-0.0001678492408245802,1810.251,0.003106728902621425,0.004046610229686855,1811.7932283995328,0.0015739230551974333
1812.2587456730168,-0.000839246204122901,1810.717,0.001250643331448753,0.0040148825811017206,1812.2587456730168,0.0015830576096747483
1812.7242629465009,-0.0018463416490703821,1811.18,0.005607885707905158,0.004528801880104364,1812.7242629465009,0.0015882406417104123
1813.1897802199846,-0.0021820401307195425,1811.646,0.025215736117186305,0.0056389848350265484,1813.1897802199846,0.0016065076948361388
1813.6552974934687,-0.003524834057316184,1812.111,0.003106728902621425,0.0073630394974133866,1813.6552974934687,0.0016010820610269116
1814.1208147669527,-0.00553902518004179,1812.576,0.01399996470137621,0.009678680677598044,1814.1208147669527,0.001578637331195587
1814.5863320404367,-0.004531929735094309,1813.037,0.005285350090849628,0.012517230838803699,1814.5863320404367,0.001557039649837772
1815.0518493139205,-0.0023498893715441227,1813.502,0.009965257941975336,0.015759251111666255,1815.0518493139205,0.0015638365969415698
1815.5173665874045,-0.000839246204122901,1813.967,0.003106728902621425,0.019234812335167446,1815.5173665874045,0.001584934683379549
1815.9828838608885,0.0005035477224737406,1814.433,0.005285350090849628,0.022730822605247867,1815.9828838608885,0.0016064398464933323
1816.4484011343725,0.0011749446857720613,1814.896,0.03142919392242938,0.026006716969473764,1816.4484011343725,0.001608602698017696
1816.9139184078563,-0.0003356984816491604,1815.366,0.005285350090849628,0.028817784882591884,1816.9139184078563,0.0016131936181671361
1817.3794356813403,-0.0021820401307195425,1815.826,0.079682044968574,0.03094287796368439,1817.3794356813403,0.0016253915273081012
1817.8449529548243,-0.0031891355756670237,1816.296,0.08371675172797466,0.03221103639273631,1817.8449529548243,0.0016568166151631639
1818.310470228308,-0.0028534370940178633,1816.755,0.016501121506659944,0.03252092720683003,1818.310470228308,0.0017273971370368006
1818.775987501792,-0.0021820401307195425,1817.22,0.0077865068961333606,0.03184899488415823,1818.775987501792,0.0018280273248903035
1819.241504775276,-0.0011749446857720613,1817.685,0.001250643331448753,0.030246433932198735,1819.241504775276,0.00190281019787674
1819.70702204876,-0.0028534370940178633,1818.153,0.05975152908462311,0.02782893735095178,1819.70702204876,0.001954126534553165
1820.172539322244,-0.004531929735094309,1818.618,0.001250643331448753,0.02476416966801003,1820.172539322244,0.001989246152410873
1820.638056595728,-0.0041962312534451485,1819.086,0.012143879130203539,0.021260250667879763,1820.638056595728,0.0019906729766906474
1821.103573869212,-0.0018463416490703821,1819.552,0.02925044287658718,0.01755628971053895,1821.103573869212,0.0019859299160648325
1821.569091142696,-0.0001678492408245802,1820.012,0.009965257941975336,0.013914424337591299,1821.569091142696,0.001999007769166249
1822.0346084161797,0.0005035477224737406,1820.477,0.014322500318431741,0.010611751268215485,1822.0346084161797,0.0020166888785769174
1822.5001256896637,-0.0001678492408245802,1820.94,0.03578643629888556,0.00792983841301236,1822.5001256896637,0.002013177327727636
1822.9656429631477,-0.0018463416490703821,1821.41,0.003106728902621425,0.0061394856529379364,1822.9656429631477,0.001998300524062478
1823.4311602366315,-0.0030212863348424435,1821.874,0.020858493740730122,0.005479327143681614,1823.4311602366315,0.001973769012140746
1823.8966775101155,-0.0030212863348424435,1822.337,0.003106728902621425,0.0061286914040842196,1823.8966775101155,0.0019403969453824933
1824.3621947835995,-0.0021820401307195425,1822.8,0.0009279778567794494,0.008177444317137378,1824.3621947835995,0.0019272430218660722
1824.8277120570835,-0.0005035477224737406,1823.27,0.005607885707905158,0.011597637154440552,1824.8277120570835,0.0019050264985570407
1825.2932293305673,0.000839246204122901,1823.735,0.001250643331448753,0.016223030865619405,1825.2932293305673,0.0018624026855058413
1825.7587466040513,0.0021820401307195425,1824.198,0.003106728902621425,0.021742645369265096,1825.7587466040513,0.0018416849451767412
1826.2242638775353,0.002517738612368703,1824.664,0.020858493740730122,0.027713354955989915,1826.2242638775353,0.0018561197212979942
1826.6897811510194,0.0011749446857720613,1825.129,0.003106728902621425,0.033594364801740655,1826.6897811510194,0.0019052793743103656
1827.1552984245031,-0.0003356984816491604,1825.595,0.005285350090849628,0.03880336395273653,1827.1552984245031,0.0019187643046950373
1827.6208156979872,-0.0015106431674212217,1826.059,0.016178585889604413,0.04279033233090053,1827.6208156979872,0.0019593218921995217
1828.0863329714712,-0.001678492408245802,1826.524,0.005607885707905158,0.04512019130952388,1828.0863329714712,0.001993785664671563
1828.5518502449552,-0.0018463416490703821,1826.989,0.36290637052261754,0.04554982866583256,1828.5518502449552,0.0020199722106664726
1829.017367518439,-0.0011749446857720613,1827.455,0.00746397127907783,0.0440806241960234,1829.017367518439,0.002033839546285707
1829.482884791923,0.0001678492408245802,1827.918,0.003106728902621425,0.04096924083482166,1829.482884791923,0.0020510498451503825
1829.948402065407,-0.0001678492408245802,1828.38,0.003106728902621425,0.03669016894462365,1829.948402065407,0.002080803452095695
1830.4139193388908,-0.0018463416490703821,1828.848,0.014322500318431741,0.03185872958739102,1830.4139193388908,0.0021152898397408834
1830.8794366123748,-0.0021820401307195425,1829.311,0.005285350090849628,0.027133641165772555,1830.8794366123748,0.002130335230527912
1831.3449538858588,-0.0015106431674212217,1829.781,0.005607885707905158,0.02311950398332968,1831.3449538858588,0.0021470335994308795
1831.8104711593428,-0.0028534370940178633,1830.244,0.005285350090849628,0.020284916084110833,1831.8104711593428,0.0021613511863231597
1832.2759884328266,-0.003524834057316184,1830.71,0.020858493740730122,0.018906089819409777,1832.2759884328266,0.0021495336260146233
1832.7415057063106,-0.0028534370940178633,1831.17,0.003106728902621425,0.01904076097567087,1832.7415057063106,0.0021438674470621167
1833.2070229797946,-0.0028534370940178633,1831.635,0.0077865068961333606,0.020533102000489807,1833.2070229797946,0.002139854246225548
1833.6725402532786,-0.003524834057316184,1832.101,0.016178585889604413,0.023047160954586032,1833.6725402532786,0.002147794297834375
1834.1380575267624,-0.003524834057316184,1832.566,0.014322500318431741,0.02612370553828037,1834.1380575267624,0.002169472160395179
1834.6035748002464,-0.0028534370940178633,1833.034,0.03360781511065736,0.029252824417372116,1834.6035748002464,0.0021820463074009185
1835.0690920737304,-0.000839246204122901,1833.499,0.003106728902621425,0.03195211845339721,1835.0690920737304,0.0021981402287483747
1835.5346093472144,0.0018463416490703821,1833.967,0.22129424020999933,0.033838141117599425,1835.5346093472144,0.0021927043151700617
1836.0001266206982,0.0038605325389653444,1834.425,0.01399996470137621,0.03467798656941792,1836.0001266206982,0.0021653068186401926
1836.4656438941822,0.0018463416490703821,1834.893,0.018679742694887924,0.034410648416388204,1836.4656438941822,0.002112312831970249
1836.9311611676662,-0.000839246204122901,1835.355,0.003106728902621425,0.03313519391813547,1836.9311611676662,0.002049326962377912
1837.39667844115,-0.0015106431674212217,1835.826,0.009642592467306033,0.031072252180052926,1837.39667844115,0.0020229286540165104
1837.862195714634,-0.000839246204122901,1836.288,0.00746397127907783,0.028511525934149268,1837.862195714634,0.00202729136448092
1838.327712988118,-0.002517738612368703,1836.755,0.025215736117186305,0.025758342285543977,1838.327712988118,0.002020724682024086
1838.793230261602,-0.0038605325389653444,1837.219,0.03578643629888556,0.023088471128450756,1838.793230261602,0.0020108232600138764
1839.2587475350858,-0.004364080261439085,1837.685,0.005607885707905158,0.020715836354340874,1839.2587475350858,0.002024894136529152
1839.7242648085698,-0.002517738612368703,1838.151,0.005285350090849628,0.0187743516545931,1839.7242648085698,0.0020086645225628674
1840.1897820820539,-0.0011749446857720613,1838.61,0.03578643629888556,0.017313280072746674,1840.1897820820539,0.0019547227436723692
1840.6552993555379,-0.0021820401307195425,1839.081,0.00746397127907783,0.016304521792894374,1840.6552993555379,0.0019027258871061122
1841.1208166290216,-0.0030212863348424435,1839.547,0.005285350090849628,0.015659383161147056,1841.1208166290216,0.0018458852322529142
1841.5863339025057,-0.0015106431674212217,1840.012,0.025215736117186305,0.015251650219254738,1841.5863339025057,0.001780699501684287
1842.0518511759897,0.0011749446857720613,1840.47,0.022714579311902794,0.014943318370348702,1842.0518511759897,0.0017034268825904596
1842.5173684494737,0.0021820401307195425,1840.937,0.03142919392242938,0.014609043106681352,1842.5173684494737,0.0016908547924374497
1842.9828857229575,0.0018463416490703821,1841.407,0.025215736117186305,0.014155468831354885,1842.9828857229575,0.0017117637336555888
1843.4484029964415,-0.0001678492408245802,1841.867,0.005607885707905158,0.013532560967921086,1843.4484029964415,0.0017260073076757522
1843.9139202699255,-0.0005035477224737406,1842.337,0.012143879130203539,0.012735970459889038,1843.9139202699255,0.0017151683741694552
1844.3794375434093,0.0001678492408245802,1842.8,0.0009279778567794494,0.011801593245949232,1844.3794375434093,0.00167962111817275
1844.8449548168933,-0.0001678492408245802,1843.263,0.00746397127907783,0.010794907640466296,1844.8449548168933,0.001685632693809089
1845.3104720903773,-0.0028534370940178633,1843.728,0.018679742694887924,0.009797919340783483,1845.3104720903773,0.0017385238880384955
1845.7759893638613,-0.0028534370940178633,1844.191,0.003106728902621425,0.008895888442400085,1845.7759893638613,0.0017822373499279379
1846.241506637345,-0.0010070954449474812,1844.657,0.016178585889604413,0.008165145381648932,1846.241506637345,0.00176069106687084
1846.707023910829,-0.000839246204122901,1845.122,0.001250643331448753,0.007662796136521228,1846.707023910829,0.001719983395471783
1847.172541184313,-0.0015106431674212217,1845.587,0.0009279778567794494,0.007419078356476157,1847.172541184313,0.0017232523446387615
1847.6380584577971,-0.0021820401307195425,1846.052,0.003106728902621425,0.007433251600401926,1847.6380584577971,0.0017574673508735218
1848.103575731281,-0.003524834057316184,1846.517,0.003106728902621425,0.007673775684672723,1848.103575731281,0.0018167854208076906
1848.569093004765,-0.003524834057316184,1846.982,0.012143879130203539,0.008082933051630398,1848.569093004765,0.0018731367649362615
1849.034610278249,-0.0038605325389653444,1847.448,0.020858493740730122,0.008585120164958984,1849.034610278249,0.0019484994137147038
1849.5001275517327,-0.006210422143340111,1847.911,0.005607885707905158,0.009097216436261452,1849.5001275517327,0.0020243431530648933
1849.9656448252167,-0.007553216069936752,1848.381,0.005285350090849628,0.00953919654928819,1849.9656448252167,0.0020590310257572546
1850.4311620987007,-0.004867628216743469,1848.844,0.003106728902621425,0.009843541134680302,1850.4311620987007,0.0021014533558545634
1850.8966793721847,-0.0015106431674212217,1849.306,0.03393035072771289,0.009962561229637899,1850.8966793721847,0.0021572043642052122
1851.3621966456685,-0.0001678492408245802,1849.77,0.00746397127907783,0.009873024198906582,1851.3621966456685,0.00220677109598667
1851.8277139191525,-0.0015106431674212217,1850.24,0.003106728902621425,0.009577612056553008,1851.8277139191525,0.0022358277405147733
1852.2932311926365,-0.0015106431674212217,1850.705,0.00746397127907783,0.009103247827738118,1852.2932311926365,0.0022589817726619377
1852.7587484661206,0.0005035477224737406,1851.17,0.003106728902621425,0.008497138383444632,1852.7587484661206,0.0022993317118076913
1853.2242657396043,0.0001678492408245802,1851.636,0.003106728902621425,0.007821862641190398,1853.2242657396043,0.002329741166559921
1853.6897830130883,-0.0015106431674212217,1852.101,0.011821343513148008,0.007150588857882503,1853.6897830130883,0.00236479294047528
1854.1553002865724,-0.0015106431674212217,1852.566,0.0077865068961333606,0.006562766538496846,1854.1553002865724,0.002396456520274153
1854.6208175600564,-0.0006713969632983208,1853.026,0.0077865068961333606,0.006139887975902866,1854.6208175600564,0.002404596000411094
1855.0863348335401,0.0001678492408245802,1853.491,0.016501121506659944,0.005960511083244278,1855.0863348335401,0.002394133308380057
1855.5518521070242,-0.0005035477224737406,1853.963,0.00746397127907783,0.006093825852412041,1855.5518521070242,0.0024179472976248824
1856.0173693805082,-0.0005035477224737406,1854.422,0.005607885707905158,0.006591602003566439,1856.0173693805082,0.0024437596633606453
1856.482886653992,0.000839246204122901,1854.885,0.003106728902621425,0.0074792236524726455,1856.482886653992,0.0024527708629788502
1856.948403927476,0.0011749446857720613,1855.355,0.005285350090849628,0.00874740449866964,1856.948403927476,0.0024561775619482066
1857.41392120096,-0.000839246204122901,1855.818,0.003106728902621425,0.010346699540602878,1857.41392120096,0.00245706778662457
1857.879438474444,-0.000839246204122901,1856.281,0.005285350090849628,0.012186842076326938,1857.879438474444,0.0024648618677419855
1858.3449557479278,0.000839246204122901,1856.747,0.009965257941975336,0.014142257229643528,1858.3449557479278,0.0025051891904882832
1858.8104730214118,0.0011749446857720613,1857.21,0.005607885707905158,0.016063992512648458,1858.8104730214118,0.0025399942503049277
1859.2759902948958,0.0011749446857720613,1857.676,0.020858493740730122,0.01779692350779655,1859.2759902948958,0.0025841250673929858
1859.7415075683798,-0.0001678492408245802,1858.14,0.047002207714695876,0.019199629936530883,1859.7415075683798,0.002586503794359036
1860.2070248418636,-0.0005035477224737406,1858.606,0.023037114928958324,0.020163175421875915,1860.2070248418636,0.0025610409414052963
1860.6725421153476,-0.0011749446857720613,1859.071,0.022714579311902794,0.020624784208570755,1860.6725421153476,0.002580849952784094
1861.1380593888316,-0.0028534370940178633,1859.537,0.04232242972118394,0.020573508510164568,1861.1380593888316,0.0026185826749763785
1861.6035766623156,-0.003524834057316184,1860.004,0.003106728902621425,0.020047093500048574,1861.6035766623156,0.002636623575221322
1862.0690939357994,-0.0015106431674212217,1860.47,0.001250643331448753,0.019121524189196173,1862.0690939357994,0.0026372958690862465
1862.5346112092834,-0.0001678492408245802,1860.933,0.023037114928958324,0.017896406307429055,1862.5346112092834,0.0026439386212793368
1863.0001284827674,-0.0011749446857720613,1861.395,0.003106728902621425,0.01647984584987582,1863.0001284827674,0.002633245662180087
1863.4656457562512,-0.0028534370940178633,1861.863,0.029573108351256705,0.014975701985199156,1863.4656457562512,0.0026527586172564346
1863.9311630297352,-0.003524834057316184,1862.325,0.012143879130203539,0.013474579881851443,1863.9311630297352,0.0026607582915596103
1864.3966803032192,-0.00520332669839263,1862.793,0.0009279778567794494,0.012048657624096957,1864.3966803032192,0.0026810072740516603
1864.8621975767032,-0.006210422143340111,1863.255,0.012143879130203539,0.010749884192009496,1864.8621975767032,0.002695203560325236
1865.327714850187,-0.004867628216743469,1863.721,0.018357207077832394,0.009610978842687983,1865.327714850187,0.0026931332256560367
1865.793232123671,-0.005035477224737406,1864.187,0.005607885707905158,0.008648521717495255,1865.793232123671,0.0026891631995878246
1866.258749397155,-0.006546120624989271,1864.653,0.005285350090849628,0.007867180986312701,1866.258749397155,0.0026789945053495605
1866.724266670639,-0.0068818191066384315,1865.118,0.012143879130203539,0.0072640532325123925,1866.724266670639,0.0026399603715875023
1867.1897839441228,-0.004364080261439085,1865.583,0.016501121506659944,0.0068322786235138,1867.1897839441228,0.0025926572350746012
1867.6553012176068,-0.0031891355756670237,1866.049,0.001250643331448753,0.006563375786611438,1867.6553012176068,0.002565720269635347
1868.1208184910909,-0.003524834057316184,1866.515,0.003106728902621425,0.006448124732401985,1868.1208184910909,0.0025312955597776247
1868.5863357645749,-0.004867628216743469,1866.982,0.003106728902621425,0.006476359949882226,1868.5863357645749,0.0024785935167427548
1869.0518530380587,-0.00587472366169095,1867.44,0.005285350090849628,0.006636468861885743,1869.0518530380587,0.002452433697493245
1869.5173703115427,-0.004867628216743469,1867.911,0.00746397127907783,0.0069153818087012596,1869.5173703115427,0.002438917927484757
1869.9828875850267,-0.003524834057316184,1868.373,0.005285350090849628,0.007299401241985017,1869.9828875850267,0.0024113662346667204
1870.4484048585105,-0.0041962312534451485,1868.841,0.012143879130203539,0.007775668641212516,1870.4484048585105,0.0024280399312044355
1870.9139221319945,-0.0068818191066384315,1869.303,0.016178585889604413,0.008333683777657273,1870.9139221319945,0.0024185229700352455
1871.3794394054785,-0.0068818191066384315,1869.77,0.0077865068961333606,0.008966200441280792,1871.3794394054785,0.002373851439766649
1871.8449566789625,-0.0041962312534451485,1870.233,0.005285350090849628,0.009669088804400629,1871.8449566789625,0.002344032041499522
1872.3104739524463,-0.0015106431674212217,1870.699,0.012143879130203539,0.010440309165920088,1872.3104739524463,0.0023393938327650396
1872.7759912259303,0.0011749446857720613,1871.163,0.005285350090849628,0.011278688711367883,1872.7759912259303,0.002332148688246448
1873.2415084994143,0.002517738612368703,1871.628,0.003106728902621425,0.012183396987542396,1873.2415084994143,0.002298028253894378
1873.7070257728983,0.0011749446857720613,1872.093,0.0034292645196769556,0.01315474677420407,1873.7070257728983,0.002245905983023917
1874.172543046382,0.0001678492408245802,1872.559,0.018357207077832394,0.014196208151858325,1874.172543046382,0.0022232659346938634
1874.638060319866,0.0011749446857720613,1873.026,0.06193028013046531,0.01531639975292906,1874.638060319866,0.0022583526600904783
1875.10357759335,0.0006713969632983208,1873.492,0.0034292645196769556,0.01652881601925279,1875.10357759335,0.0023332794487603945
1875.5690948668341,-0.000839246204122901,1873.959,0.022714579311902794,0.017847137918247248,1875.5690948668341,0.0023939462171353966
1876.034612140318,-0.0015106431674212217,1874.417,0.014322500318431741,0.019275660351349595,1876.034612140318,0.0024051058753538327
1876.500129413802,-0.0015106431674212217,1874.885,0.011821343513148008,0.020796813506952828,1876.500129413802,0.00236972104036404
1876.965646687286,-0.000839246204122901,1875.347,0.014322500318431741,0.022359493270210924,1876.965646687286,0.0023480328974209964
1877.4311639607697,0.0005035477224737406,1875.811,0.018357207077832394,0.0238722457512048,1877.4311639607697,0.002331459940526465
1877.8966812342537,0.0011749446857720613,1876.281,0.009642592467306033,0.025204518576351993,1877.8966812342537,0.002318209387401948
1878.3621985077377,0.000839246204122901,1876.746,0.022714579311902794,0.026197665995331947,1878.3621985077377,0.002315037066679499
1878.8277157812217,-0.0001678492408245802,1877.21,0.009642592467306033,0.026685470735181887,1878.8277157812217,0.0023174527988909467
1879.2932330547055,-0.0005035477224737406,1877.675,0.053215665519938726,0.026521793270996297,1879.2932330547055,0.002294921718898347
1879.7587503281895,-0.0015106431674212217,1878.14,0.025215736117186305,0.025610847769927638,1879.7587503281895,0.002255254354082463
1880.2242676016735,-0.0005035477224737406,1878.606,0.05353820113699426,0.02393411408575397,1880.2242676016735,0.002211647802431472
1880.6897848751576,0.0005035477224737406,1879.071,0.02925044287658718,0.02156775080342737,1880.6897848751576,0.0021662895872760234
1881.1553021486413,-0.000839246204122901,1879.537,0.03360781511065736,0.018685909489187604,1881.1553021486413,0.002110581755074043
1881.6208194221254,-0.002517738612368703,1879.996,0.00746397127907783,0.01554821642063057,1881.6208194221254,0.0020682211046122215
1882.0863366956094,-0.003524834057316184,1880.462,0.0009279778567794494,0.012473041961104162,1882.0863366956094,0.002038718321461336
1882.5518539690931,-0.002517738612368703,1880.93,0.003106728902621425,0.009801005202429656,1882.5518539690931,0.0020184837291784253
1883.0173712425772,-0.0001678492408245802,1881.392,0.0077865068961333606,0.007854626054677846,1883.0173712425772,0.001983522417244708
1883.4828885160612,0.0011749446857720613,1881.856,0.001250643331448753,0.006899920710479251,1883.4828885160612,0.0019551154514454564
1883.9484057895452,-0.0005035477224737406,1882.325,0.0009279778567794494,0.007114582298787392,1883.9484057895452,0.0019328146362110458
1884.413923063029,-0.0028534370940178633,1882.786,0.003106728902621425,0.008565988765581206,1884.413923063029,0.001904962774845262
1884.879440336513,-0.0028534370940178633,1883.255,0.0077865068961333606,0.011201019142252456,1884.879440336513,0.001870464049739804
1885.344957609997,-0.0005035477224737406,1883.721,0.003106728902621425,0.014848460896252282,1885.344957609997,0.001812942875059515
1885.810474883481,0.0011749446857720613,1884.18,0.022714579311902794,0.019233511726932037,1885.810474883481,0.0017578970556415066
1886.2759921569648,0.0005035477224737406,1884.646,0.06225281574752084,0.02400256102069492,1886.2759921569648,0.0017393730072334471
1886.7415094304488,0.0005035477224737406,1885.111,0.005285350090849628,0.028755418394177164,1886.7415094304488,0.001734520979556376
1887.2070267039328,0.0005035477224737406,1885.577,0.020858493740730122,0.033082005006662155,1887.2070267039328,0.0016774644476473257
1887.6725439774168,0.000839246204122901,1886.044,0.012143879130203539,0.03660130887067313,1887.6725439774168,0.0015910696093290946
1888.1380612509006,-0.0001678492408245802,1886.509,0.024893200500130774,0.03900103572732585,1888.1380612509006,0.0015223641043246392
1888.6035785243846,-0.0023498893715441227,1886.974,0.01399996470137621,0.04007540029242382,1888.6035785243846,0.0015022528675082895
1889.0690957978686,-0.0021820401307195425,1887.44,0.22129424020999933,0.039755691569922584,1889.0690957978686,0.001488829613120101
1889.5346130713524,-0.000839246204122901,1887.9,0.023037114928958324,0.03812548118321111,1889.5346130713524,0.0015002873840088968
1890.0001303448364,-0.0005035477224737406,1888.369,0.0009279778567794494,0.035412948748087675,1890.0001303448364,0.0015425349571904468
1890.4656476183204,-0.0015106431674212217,1888.833,0.003106728902621425,0.03195868305989545,1890.4656476183204,0.0015542682248948546
1890.9311648918044,-0.0028534370940178633,1889.296,0.0034292645196769556,0.028165707016198298,1890.9311648918044,0.0015797742514391223
1891.3966821652882,-0.003524834057316184,1889.767,0.003106728902621425,0.024443641861477183,1891.3966821652882,0.0016202639937720942
1891.8621994387722,-0.0038605325389653444,1890.229,0.05757290789639513,0.02115810376704385,1891.8621994387722,0.001683924213731306
1892.3277167122562,-0.003524834057316184,1890.695,0.014322500318431741,0.01859188556963827,1892.3277167122562,0.001705682256645237
1892.7932339857402,-0.0038605325389653444,1891.155,0.001250643331448753,0.016920098224504045,1892.7932339857402,0.001711905594345767
1893.258751259224,-0.003524834057316184,1891.621,0.0077865068961333606,0.016199303174487464,1893.258751259224,0.0017210524829067225
1893.724268532708,-0.0018463416490703821,1892.088,0.0034292645196769556,0.016370312997296677,1893.724268532708,0.0017306742976584124
1894.189785806192,0.0003356984816491604,1892.554,0.014322500318431741,0.017274041055472457,1894.189785806192,0.0017688243774534517
1894.655303079676,0.0010070954449474812,1893.019,0.03360781511065736,0.018678456843404318,1894.655303079676,0.0018064604717630288
1895.1208203531598,-0.0003356984816491604,1893.485,0.04918082890292408,0.02031277233184909,1895.1208203531598,0.0018275626694738126
1895.5863376266439,-0.0021820401307195425,1893.948,0.003106728902621425,0.021903665784558584,1895.5863376266439,0.0018600095639273416
1896.0518549001279,-0.0028534370940178633,1894.411,0.003106728902621425,0.023208522988939027,1896.0518549001279,0.0019343360171530052
1896.5173721736116,-0.0015106431674212217,1894.881,0.05353820113699426,0.024042038513559422,1896.5173721736116,0.00201476039753378
1896.9828894470957,-0.0001678492408245802,1895.344,0.05975152908462311,0.02429380868288105,1896.9828894470957,0.0020754518374755068
1897.4484067205797,-0.000839246204122901,1895.807,0.020535828266060596,0.0239351960802284,1897.4484067205797,0.002098198790648248
1897.9139239940637,-0.0041962312534451485,1896.277,0.003106728902621425,0.02301478447111224,1897.9139239940637,0.002109535260265258
1898.3794412675475,-0.00587472366169095,1896.735,0.005607885707905158,0.0216440643861521,1898.3794412675475,0.0021206579117952432
1898.8449585410315,-0.004531929735094309,1897.205,0.020858493740730122,0.01997750705328538,1898.8449585410315,0.0021181126543775323
1899.3104758145155,-0.0031891355756670237,1897.671,0.009642592467306033,0.018191994672641536,1899.3104758145155,0.0021136019154538955
1899.7759930879995,-0.0021820401307195425,1898.137,0.020858493740730122,0.01646929138993988,1899.7759930879995,0.0021071174712524133
1900.2415103614833,-0.000839246204122901,1898.595,0.00746397127907783,0.014983105620424542,1900.2415103614833,0.002074615068622785
1900.7070276349673,-0.0010070954449474812,1899.06,0.018679742694887924,0.013890537280516322,1900.7070276349673,0.0020270014819592915
1901.1725449084513,-0.0028534370940178633,1899.526,0.020858493740730122,0.013326647620539273,1901.1725449084513,0.0019825499358812693
1901.6380621819353,-0.0031891355756670237,1899.993,0.012143879130203539,0.013400377868339135,1901.6380621819353,0.0019465483157273986
1902.103579455419,-0.0028534370940178633,1900.458,0.016501121506659944,0.014189986594990333,1902.103579455419,0.0019265830542021802
1902.569096728903,-0.0015106431674212217,1900.926,0.05353820113699426,0.015736579058708504,1902.569096728903,0.0019334355128729668
1903.0346140023871,-0.0001678492408245802,1901.388,0.003106728902621425,0.018035175352205998,1903.0346140023871,0.0019424549354103786
1903.500131275871,-0.000839246204122901,1901.852,0.0009279778567794494,0.02102419245019541,1903.500131275871,0.0019267084687773124
1903.965648549355,-0.002517738612368703,1902.322,0.016178585889604413,0.024576036966592035,1903.965648549355,0.0018825529820133287
1904.431165822839,-0.0028534370940178633,1902.782,0.022714579311902794,0.028492809746834196,1904.431165822839,0.001852517711601292
1904.896683096323,-0.002517738612368703,1903.251,0.016501121506659944,0.03251084113102394,1904.896683096323,0.0018549457808081536
1905.3622003698067,-0.0028534370940178633,1903.717,0.0706447648833779,0.03631592465552152,1905.3622003698067,0.001850835951304609
1905.8277176432907,-0.003524834057316184,1904.181,0.012143879130203539,0.03956881772509285,1905.8277176432907,0.0018527705941278417
1906.2932349167747,-0.0028534370940178633,1904.646,0.0009279778567794494,0.04193890083593722,1906.2932349167747,0.001846847422847552
1906.7587521902587,-0.0021820401307195425,1905.11,0.0684661436951497,0.04314290573992374,1906.7587521902587,0.0018271658811113381
1907.2242694637425,-0.0010070954449474812,1905.577,0.044823586526467674,0.04298442764897674,1907.2242694637425,0.001834462423123564
1907.6897867372265,0.0018463416490703821,1906.037,0.1385054663388039,0.04138800423513378,1907.6897867372265,0.001862063457971372
1908.1553040107106,0.0011749446857720613,1906.502,0.005607885707905158,0.0384202088360543,1908.1553040107106,0.001832015851627675
1908.6208212841943,-0.000839246204122901,1906.967,0.020858493740730122,0.034291684966897135,1908.6208212841943,0.001797182009992475
1909.0863385576783,-0.0010070954449474812,1907.434,0.04232242972118394,0.029338585669396178,1909.0863385576783,0.0017583843102577444
1909.5518558311624,-0.0001678492408245802,1907.896,0.025215736117186305,0.023986913875892996,1909.5518558311624,0.0017720789466524043
1910.0173731046464,0.0018463416490703821,1908.366,0.003106728902621425,0.01870615493347098,1910.0173731046464,0.0017871387291515163
1910.4828903781302,0.0021820401307195425,1908.826,0.0009279778567794494,0.013959184263380579,1910.4828903781302,0.0017623420010074518
1910.9484076516142,0.0011749446857720613,1909.296,0.0009279778567794494,0.010154978587629971,1910.9484076516142,0.001735104868511986
1911.4139249250982,-0.000839246204122901,1909.755,0.001250643331448753,0.0076096352498455505,1911.4139249250982,0.0016966176159961118
1911.8794421985822,-0.002517738612368703,1910.22,0.012143879130203539,0.006519411393133782,1911.8794421985822,0.001673971404106388
1912.344959472066,-0.0031891355756670237,1910.685,0.0034292645196769556,0.0069472316423984165,1912.344959472066,0.001658849943488991
1912.81047674555,-0.0028534370940178633,1911.152,0.00746397127907783,0.00882213974602579,1912.81047674555,0.0016373180526259444
1913.275994019034,-0.0010070954449474812,1911.618,0.018357207077832394,0.011949958689968477,1913.275994019034,0.001586891939088718
1913.741511292518,0.0011749446857720613,1912.085,0.029573108351256705,0.016032924239658266,1913.741511292518,0.0015547657708673821
1914.2070285660018,0.0011749446857720613,1912.551,0.022714579311902794,0.02069607397795196,1914.2070285660018,0.0015060645906070627
1914.6725458394858,-0.0001678492408245802,1913.015,0.003106728902621425,0.02551869903063296,1914.6725458394858,0.0014474332060131951
1915.1380631129698,-0.0011749446857720613,1913.48,0.001250643331448753,0.030070064618654496,1915.1380631129698,0.0014048176174868126
1915.6035803864536,0.0005035477224737406,1913.944,0.005607885707905158,0.03394906781889482,1915.6035803864536,0.0013911579332521573
1916.0690976599376,0.0011749446857720613,1914.407,0.001250643331448753,0.03682626896638223,1916.0690976599376,0.0014001177336256726
1916.5346149334216,-0.0001678492408245802,1914.87,0.25397394760626346,0.038483307124186926,1916.5346149334216,0.0014054117844946737
1917.0001322069056,-0.000839246204122901,1915.34,0.001250643331448753,0.03884080022022778,1917.0001322069056,0.0014247191460715566
1917.4656494803894,-0.000839246204122901,1915.804,0.009965257941975336,0.037965358271575114,1917.4656494803894,0.001454914781607416
1917.9311667538734,0.0010070954449474812,1916.266,0.0077865068961333606,0.0360519133481473,1917.9311667538734,0.0014953510690635722
1918.3966840273574,0.002517738612368703,1916.732,0.024893200500130774,0.03338629492601053,1918.3966840273574,0.0015341672733888009
1918.8622013008414,0.0018463416490703821,1917.195,0.03360781511065736,0.03029861256330267,1918.8622013008414,0.0015601996242020745
1919.3277185743252,0.0011749446857720613,1917.66,0.009642592467306033,0.027117855338464728,1919.3277185743252,0.0015615997221100455
1919.7932358478092,0.0011749446857720613,1918.126,0.0009279778567794494,0.024134737063222004,1919.7932358478092,0.0015596239615822277
1920.2587531212932,0.0011749446857720613,1918.591,0.03360781511065736,0.02157636984145445,1920.2587531212932,0.0015521937842659101
1920.7242703947772,0.0011749446857720613,1919.056,0.03360781511065736,0.01959359555050389,1920.7242703947772,0.0015659233720363066
1921.189787668261,0.0011749446857720613,1919.522,0.012143879130203539,0.01825947091477406,1921.189787668261,0.0015841472510980928
1921.655304941745,-0.0001678492408245802,1919.989,0.020535828266060596,0.017575850411212342,1921.655304941745,0.0015832940351863515
1922.120822215229,-0.0001678492408245802,1920.454,0.029573108351256705,0.01748473803634415,1922.120822215229,0.0015774818847442745
1922.5863394887128,-0.0005035477224737406,1920.915,0.020858493740730122,0.01788177188929756,1922.5863394887128,0.0015864108454055645
1923.0518567621968,-0.0018463416490703821,1921.385,0.00746397127907783,0.018630190628180474,1923.0518567621968,0.0016631756480463657
1923.5173740356809,-0.0015106431674212217,1921.848,0.00746397127907783,0.019574598052415945,1923.5173740356809,0.0017429709108876996
1923.9828913091649,-0.0005035477224737406,1922.311,0.03360781511065736,0.02055456090327519,1923.9828913091649,0.001794887587174978
1924.4484085826487,-0.0015106431674212217,1922.781,0.027071821688358977,0.02141815219401443,1924.4484085826487,0.001836471090885234
1924.9139258561327,-0.0028534370940178633,1923.244,0.009965257941975336,0.022035025820756338,1924.9139258561327,0.0018592262687396456
1925.3794431296167,-0.0041962312534451485,1923.709,0.014322500318431741,0.02230811406227713,1925.3794431296167,0.001862016184270312
1925.8449604031007,-0.004867628216743469,1924.174,0.029573108351256705,0.02218292314274178,1925.8449604031007,0.0018586773306179148
1926.3104776765845,-0.004531929735094309,1924.64,0.04885829328586855,0.021653292611842737,1926.3104776765845,0.0018748740474146455
1926.7759949500685,-0.0028534370940178633,1925.1,0.022714579311902794,0.02076219921589589,1926.7759949500685,0.0019186039559609906
1927.2415122235525,-0.0005035477224737406,1925.565,0.016501121506659944,0.01959638526685222,1927.2415122235525,0.001983160566837005
1927.7070294970365,-0.000839246204122901,1926.03,0.003106728902621425,0.018274890854251817,1927.7070294970365,0.002024188966193645
1928.1725467705203,-0.0021820401307195425,1926.496,0.009965257941975336,0.016933425402886792,1928.1725467705203,0.002049324926258376
1928.6380640440043,-0.003524834057316184,1926.963,0.016178585889604413,0.015707626765093134,1928.6380640440043,0.00209488051194275
1929.1035813174883,-0.0028534370940178633,1927.428,0.020858493740730122,0.014717934223101563,1929.1035813174883,0.002143766725197575
1929.569098590972,-0.0015106431674212217,1927.896,0.003106728902621425,0.014057536077568222,1929.569098590972,0.002162261986151757
1930.034615864456,-0.000839246204122901,1928.359,0.04264496533823947,0.01378363843198212,1930.034615864456,0.002189309970144864
1930.50013313794,-0.0001678492408245802,1928.826,0.001250643331448753,0.013911764616208667,1930.50013313794,0.002269323160537933
1930.9656504114241,-0.000839246204122901,1929.289,0.0077865068961333606,0.014413013376828042,1930.9656504114241,0.002335960385835122
1931.431167684908,-0.003524834057316184,1929.755,0.00746397127907783,0.015214908606220188,1931.431167684908,0.0023681071085182746
1931.896684958392,-0.0028534370940178633,1930.22,0.001250643331448753,0.01620706429932001,1931.896684958392,0.0024078854948881945
1932.362202231876,-0.0005035477224737406,1930.686,0.016501121506659944,0.01725265804189344,1932.362202231876,0.002481580772523896
1932.82771950536,-0.0021820401307195425,1931.151,0.0009279778567794494,0.018205413171848296,1932.82771950536,0.00254955230482932
1933.2932367788437,-0.003524834057316184,1931.61,0.07935937949390448,0.018929848945040385,1933.2932367788437,0.002614501600880094
1933.7587540523277,-0.0031891355756670237,1932.081,0.020858493740730122,0.019320817469525978,1933.7587540523277,0.0026661448338906033
1934.2242713258117,-0.0018463416490703821,1932.54,0.0009279778567794494,0.019317901738489525,1934.2242713258117,0.002711877230759659
1934.6897885992958,-0.0018463416490703821,1933.012,0.020858493740730122,0.018911758050581057,1934.6897885992958,0.0027532798116388308
1935.1553058727795,-0.0023498893715441227,1933.47,0.025215736117186305,0.01814213426246969,1935.1553058727795,0.0027712425865296536
1935.6208231462635,-0.0031891355756670237,1933.94,0.012143879130203539,0.01708931304866295,1935.6208231462635,0.0027950401275233733
1936.0863404197476,-0.003356984816491604,1934.403,0.011821343513148008,0.015861331107466865,1936.0863404197476,0.0028098490857346825
1936.5518576932313,-0.0021820401307195425,1934.867,0.020858493740730122,0.014579175881722991,1936.5518576932313,0.002819230354404823
1937.0173749667154,-0.0015106431674212217,1935.33,0.003106728902621425,0.013361977412461949,1937.0173749667154,0.002856757482396078
1937.4828922401994,-0.0021820401307195425,1935.8,0.003106728902621425,0.012314034178847069,1937.4828922401994,0.002895921140925211
1937.9484095136834,-0.003524834057316184,1936.263,0.016501121506659944,0.011515151238892622,1937.9484095136834,0.0029506236164225166
1938.4139267871672,-0.004531929735094309,1936.728,0.003106728902621425,0.011015116958927073,1938.4139267871672,0.0029920056372786975
1938.8794440606512,-0.00587472366169095,1937.192,0.025215736117186305,0.010832228574265246,1938.8794440606512,0.0030099828031771867
1939.3449613341352,-0.00553902518004179,1937.657,0.012143879130203539,0.010954890612132092,1939.3449613341352,0.0030156942131832564
1939.8104786076192,-0.0041962312534451485,1938.123,0.022714579311902794,0.011344892834488193,1939.8104786076192,0.0030357992799176776
1940.275995881103,-0.0031891355756670237,1938.588,0.003106728902621425,0.011941280402001164,1940.275995881103,0.0030844408351394016
1940.741513154587,-0.0030212863348424435,1939.056,0.001250643331448753,0.012664631112302035,1940.741513154587,0.003096141206823564
1941.207030428071,-0.0041962312534451485,1939.522,0.009965257941975336,0.013422525176042425,1941.207030428071,0.0030874178408709374
1941.6725477015548,-0.0038605325389653444,1939.981,0.00746397127907783,0.014117343366800164,1941.6725477015548,0.0030505445004486817
1942.1380649750388,-0.0030212863348424435,1940.447,0.012143879130203539,0.014656910360544917,1942.1380649750388,0.0030235273508975175
1942.6035822485228,-0.0028534370940178633,1940.915,0.040143678675341965,0.014967203057614,1942.6035822485228,0.0030287186074038136
1943.0690995220068,-0.0028534370940178633,1941.377,0.001250643331448753,0.01500508048120621,1943.0690995220068,0.0030654624207375617
1943.5346167954906,-0.0021820401307195425,1941.845,0.016178585889604413,0.014768422051505711,1943.5346167954906,0.0031012481645571062
1944.0001340689746,-0.0023498893715441227,1942.307,0.03796505748711376,0.014301368350857605,1944.0001340689746,0.0030898335662435683
1944.4656513424586,-0.0031891355756670237,1942.77,0.011821343513148008,0.013693192600447641,1944.4656513424586,0.003042781252529787
1944.9311686159426,-0.0028534370940178633,1943.24,0.003106728902621425,0.013070344825444247,1944.9311686159426,0.003005264405679373
1945.3966858894264,-0.0031891355756670237,1943.706,0.014322500318431741,0.012582385600434787,1945.3966858894264,0.0029697767744531873
1945.8622031629104,-0.0036926832981407642,1944.171,0.012143879130203539,0.01238367932084703,1945.8622031629104,0.002942942604018313
1946.3277204363944,-0.0038605325389653444,1944.637,0.020535828266060596,0.012613348225595417,1946.3277204363944,0.0029037974472220915
1946.7932377098784,-0.0028534370940178633,1945.096,0.003106728902621425,0.01337599003530099,1946.7932377098784,0.0028342572296073424
1947.2587549833622,-0.0023498893715441227,1945.561,0.0077865068961333606,0.014725487472117556,1947.2587549833622,0.002785292889526823
1947.7242722568462,-0.000839246204122901,1946.026,0.009965257941975336,0.016654144326660743,1947.7242722568462,0.0027689070220916732
1948.1897895303302,0.002517738612368703,1946.492,0.003106728902621425,0.01908905945768545,1948.1897895303302,0.0027863743150580026
1948.655306803814,0.003524834057316184,1946.964,0.04232242972118394,0.02189671007557017,1948.655306803814,0.002799764672969645
1949.120824077298,0.0031891355756670237,1947.423,0.03578643629888556,0.024895261538124252,1949.120824077298,0.0027962798507765252
1949.586341350782,0.0036926832981407642,1947.885,0.020858493740730122,0.027872825934769783,1949.586341350782,0.0027996330948091754
1950.051858624266,0.0038605325389653444,1948.355,0.016501121506659944,0.030609516901441047,1950.051858624266,0.002816473324664695
1950.5173758977498,0.004531929735094309,1948.815,0.0009279778567794494,0.032901686344127004,1950.5173758977498,0.002880415211484372
1950.9828931712339,0.00520332669839263,1949.285,0.05103691447409675,0.03458709164804208,1950.9828931712339,0.0029515981296647405
1951.4484104447179,0.0038605325389653444,1949.752,0.0034292645196769556,0.03556873507484194,1951.4484104447179,0.002980488241881756
1951.9139277182019,0.0021820401307195425,1950.215,0.19700648194959225,0.03583281511623078,1951.9139277182019,0.0029843410775659837
1952.3794449916857,0.002517738612368703,1950.681,0.0009279778567794494,0.03545442927682001,1952.3794449916857,0.0029739380079269943
1952.8449622651697,0.0021820401307195425,1951.14,0.0077865068961333606,0.03458596912979283,1952.8449622651697,0.003001767253823034
1953.3104795386537,0.0011749446857720613,1951.606,0.00746397127907783,0.03342850255402464,1953.3104795386537,0.0030211671333815753
1953.7759968121377,0.002517738612368703,1952.071,0.012143879130203539,0.032193050236260234,1953.7759968121377,0.0030585400663509
1954.2415140856215,0.00520332669839263,1952.537,0.020858493740730122,0.0310619984719746,1954.2415140856215,0.003113030780451355
1954.7070313591055,0.004531929735094309,1953.004,0.05975152908462311,0.0301593210433365,1954.7070313591055,0.0031219247910231076
1955.1725486325895,0.0011749446857720613,1953.47,0.001250643331448753,0.029534148492016778,1955.1725486325895,0.003135917540065313
1955.6380659060733,-0.0028534370940178633,1953.93,0.023037114928958324,0.029158606645433537,1955.6380659060733,0.003143388837855396
1956.1035831795573,-0.004867628216743469,1954.399,0.022714579311902794,0.028938887563985573,1956.1035831795573,0.0031308681459888445
1956.5691004530413,-0.0038605325389653444,1954.863,0.014322500318431741,0.028737425372358225,1956.5691004530413,0.003135481682797263
1957.0346177265253,-0.0001678492408245802,1955.325,0.009965257941975336,0.028402635765859812,1957.0346177265253,0.0031581176156479838
1957.500135000009,0.0011749446857720613,1955.793,0.15125478770873113,0.027800661788082753,1957.500135000009,0.0031571759942850704
1957.965652273493,-0.0005035477224737406,1956.255,0.0077865068961333606,0.026841907158235753,1957.965652273493,0.003173956601289388
1958.4311695469771,-0.000839246204122901,1956.721,0.016501121506659944,0.02549566367269925,1958.4311695469771,0.0031923079486105943
1958.8966868204611,0.0011749446857720613,1957.187,0.003106728902621425,0.023789990141694545,1958.8966868204611,0.0031907166489066837
1959.362204093945,-0.0003356984816491604,1957.653,0.005607885707905158,0.02179952478926939,1959.362204093945,0.003155296863291201
1959.827721367429,-0.003524834057316184,1958.119,0.014322500318431741,0.019627554946037986,1959.827721367429,0.0031187668683467754
1960.293238640913,-0.003524834057316184,1958.584,0.009642592467306033,0.017388605537072107,1960.293238640913,0.0031064497137572255
1960.758755914397,-0.0031891355756670237,1959.051,0.025215736117186305,0.015195242664775833,1960.758755914397,0.003122187956952043
1961.2242731878807,-0.0031891355756670237,1959.51,0.020858493740730122,0.013149856158970182,1961.2242731878807,0.0031420565894737626
1961.6897904613647,-0.0028534370940178633,1959.977,0.0077865068961333606,0.011340186749975676,1961.6897904613647,0.003137212787256927
1962.1553077348487,-0.003524834057316184,1960.443,0.020535828266060596,0.00983667127319703,1962.1553077348487,0.0031095027870975123
1962.6208250083325,-0.0021820401307195425,1960.911,0.003106728902621425,0.008690051992858265,1962.6208250083325,0.003101106315171796
1963.0863422818165,-0.0011749446857720613,1961.374,0.012143879130203539,0.007928561942103467,1963.0863422818165,0.003108022506440831
1963.5518595553006,-0.0028534370940178633,1961.837,0.005285350090849628,0.007554849462718314,1963.5518595553006,0.0031226731585
1964.0173768287846,-0.0036926832981407642,1962.3,0.005607885707905158,0.007543414832663108,1964.0173768287846,0.0031428666330241373
1964.4828941022683,-0.0015106431674212217,1962.77,0.005607885707905158,0.007839659771375627,1964.4828941022683,0.003156119244244807
1964.9484113757524,-0.0001678492408245802,1963.232,0.003106728902621425,0.008361706223425545,1964.9484113757524,0.0031567113587975424
1965.4139286492364,-0.0018463416490703821,1963.698,0.003106728902621425,0.009005929667840702,1965.4139286492364,0.0031609095941258574
1965.8794459227204,-0.0038605325389653444,1964.162,0.005607885707905158,0.009656661399159775,1965.8794459227204,0.0031600728249993543
1966.3449631962042,-0.004867628216743469,1964.628,0.003106728902621425,0.010199732900631675,1966.3449631962042,0.003164791217127071
1966.8104804696882,-0.004867628216743469,1965.093,0.02925044287658718,0.01053851572831594,1966.8104804696882,0.0031419106274866698
1967.2759977431722,-0.002517738612368703,1965.559,0.001250643331448753,0.010610061530375449,1967.2759977431722,0.0031172598708492866
1967.7415150166562,-0.0001678492408245802,1966.026,0.040143678675341965,0.010398263153507633,1967.7415150166562,0.003109973608529145
1968.20703229014,-0.0015106431674212217,1966.491,0.0077865068961333606,0.00994104474785242,1968.20703229014,0.003093437658651031
1968.672549563624,-0.0041962312534451485,1966.952,0.003106728902621425,0.009329598098856544,1968.672549563624,0.003069726467681696
1969.138066837108,-0.006210422143340111,1967.422,0.003106728902621425,0.008699350618982795,1969.138066837108,0.0030498866172523117
1969.6035841105918,-0.0057068741880357265,1967.885,0.014322500318431741,0.00821400084817154,1969.6035841105918,0.0030346315195769144
1970.0691013840758,-0.0057068741880357265,1968.347,0.016501121506659944,0.008044884108645237,1970.0691013840758,0.003015046605894521
1970.5346186575598,-0.00520332669839263,1968.815,0.0009279778567794494,0.008348066436175463,1970.5346186575598,0.002953247014913932
1971.0001359310438,-0.006210422143340111,1969.277,0.003106728902621425,0.009241507865211484,1971.0001359310438,0.0028587702630047934
1971.4656532045276,-0.007553216069936752,1969.743,0.003106728902621425,0.010784794283529749,1971.4656532045276,0.0027651241122677336
1971.9311704780116,-0.006210422143340111,1970.205,0.022714579311902794,0.012964021671605017,1971.9311704780116,0.0026695330396741433
1972.3966877514956,-0.0041962312534451485,1970.671,0.022714579311902794,0.015684026073567198,1972.3966877514956,0.0026044665527003765
1972.8622050249796,-0.0030212863348424435,1971.137,0.0009279778567794494,0.01876948426928164,1972.8622050249796,0.0025535778518215517
1973.3277222984634,-0.0028534370940178633,1971.603,0.00746397127907783,0.021975990220519295,1973.3277222984634,0.002526955445820784
1973.7932395719474,-0.0028534370940178633,1972.07,0.00746397127907783,0.025012007384282487,1973.7932395719474,0.002496521321421148
1974.2587568454314,-0.0031891355756670237,1972.536,0.001250643331448753,0.02757180928423863,1974.2587568454314,0.0024680855734839306
1974.7242741189152,-0.003524834057316184,1973.001,0.001250643331448753,0.029377376670353617,1974.7242741189152,0.0024710543544510907
1975.1897913923992,-0.0015106431674212217,1973.467,0.16464931017038364,0.030223740074822304,1975.1897913923992,0.0024720699894732424
1975.6553086658832,-0.001678492408245802,1973.93,0.029573108351256705,0.030018676203654584,1975.6553086658832,0.0024657664707921708
1976.1208259393673,-0.004531929735094309,1974.392,0.020535828266060596,0.028806502647749328,1976.1208259393673,0.002490737956918598
1976.586343212851,-0.004867628216743469,1974.855,0.009965257941975336,0.026769005389784488,1976.586343212851,0.00251211565149918
1977.051860486335,-0.003524834057316184,1975.325,0.046679672097640346,0.02420296279593171,1977.051860486335,0.002512983258809297
1977.517377759819,-0.000839246204122901,1975.786,0.011821343513148008,0.021479321055692092,1977.517377759819,0.0024978720771767176
1977.982895033303,0.002517738612368703,1976.255,0.00746397127907783,0.018991528900511905,1977.982895033303,0.0024905693668792507
1978.4484123067868,0.002517738612368703,1976.721,0.01399996470137621,0.01710082140067676,1978.4484123067868,0.002466017294877489
1978.9139295802709,-0.0005035477224737406,1977.18,0.003106728902621425,0.016085881038891955,1978.9139295802709,0.002448434869475028
1979.3794468537549,-0.0021820401307195425,1977.646,0.0077865068961333606,0.016103522898213363,1979.3794468537549,0.002478167919129454
1979.8449641272389,-0.000839246204122901,1978.111,0.005285350090849628,0.017165606784266752,1979.8449641272389,0.0025041714884264724
1980.3104814007227,0.0001678492408245802,1978.577,0.009642592467306033,0.019135389741079936,1980.3104814007227,0.0024723125952907776
1980.7759986742067,0.0018463416490703821,1979.044,0.003106728902621425,0.021744231621528973,1980.7759986742067,0.002462004096379466
1981.2415159476907,0.0031891355756670237,1979.51,0.03828759310416929,0.024627058713012524,1981.2415159476907,0.0024938876626304585
1981.7070332211745,0.0011749446857720613,1979.975,0.003106728902621425,0.027372383702880268,1981.7070332211745,0.00250706625645022
1982.1725504946585,-0.0001678492408245802,1980.44,0.003106728902621425,0.02958018517771237,1982.1725504946585,0.0024590558752157006
1982.6380677681425,-0.0001678492408245802,1980.904,0.19047048852729387,0.03091878367250014,1982.6380677681425,0.002428148883545675
1983.1035850416265,0.0011749446857720613,1981.366,0.001250643331448753,0.031170569945737032,1983.1035850416265,0.002379145481680736
1983.5691023151103,0.0021820401307195425,1981.837,0.016178585889604413,0.030257603147439166,1983.5691023151103,0.0023263879278488868
1984.0346195885943,0.0031891355756670237,1982.299,0.020858493740730122,0.02824297543511422,1984.0346195885943,0.002284218480278126
1984.5001368620783,0.0031891355756670237,1982.767,0.016178585889604413,0.02531064536445098,1984.5001368620783,0.0021900562906023205
1984.9656541355623,0.0018463416490703821,1983.229,0.020858493740730122,0.02173118500016416,1984.9656541355623,0.0021278640110646363
1985.431171409046,0.0005035477224737406,1983.695,0.003106728902621425,0.017821745704121057,1985.431171409046,0.0020787393084355467
1985.89668868253,0.0001678492408245802,1984.155,0.003106728902621425,0.013907024427350631,1985.89668868253,0.00207279352017972
1986.3622059560141,-0.0005035477224737406,1984.621,0.01399996470137621,0.010285987654594844,1986.3622059560141,0.002024877711840309
1986.8277232294981,-0.0011749446857720613,1985.086,0.003106728902621425,0.007207132154328449,1986.8277232294981,0.001992393811417005
1987.293240502982,-0.0001678492408245802,1985.551,0.00746397127907783,0.004853165687820818,1987.293240502982,0.0019924472645028372
1987.758757776466,-0.0001678492408245802,1986.018,0.003106728902621425,0.003334454400235286,1987.758757776466,0.0019717685884877794
1988.22427504995,-0.0005035477224737406,1986.484,0.005285350090849628,0.002689675396901913,1988.22427504995,0.0019290872106102334
1988.6897923234337,-0.0015106431674212217,1986.945,0.0077865068961333606,0.0028917858345035344,1988.6897923234337,0.0018917553962752092
1989.1553095969177,-0.0018463416490703821,1987.415,0.0009279778567794494,0.003857470867921826,1989.1553095969177,0.0018512163108002314
1989.6208268704017,-0.0015106431674212217,1987.878,0.01399996470137621,0.0054585280104697265,1989.6208268704017,0.0017769844316788744
1990.0863441438858,-0.0001678492408245802,1988.34,0.003106728902621425,0.007534104055462488,1990.0863441438858,0.001687904532265191
1990.5518614173695,-0.0001678492408245802,1988.811,0.009965257941975336,0.009903226978767204,1990.5518614173695,0.0016350626837245213
1991.0173786908535,0.000839246204122901,1989.274,0.003106728902621425,0.01237755255613196,1991.0173786908535,0.0016152886219818116
1991.4828959643376,0.002517738612368703,1989.739,0.0077865068961333606,0.014774503688282939,1991.4828959643376,0.0016070689631144657
1991.9484132378216,0.0018463416490703821,1990.202,0.029573108351256705,0.016930812967164813,1991.9484132378216,0.001595202061620316
1992.4139305113054,-0.0003356984816491604,1990.668,0.005607885707905158,0.018715843586876776,1992.4139305113054,0.0015503886706786528
1992.8794477847894,-0.000839246204122901,1991.133,0.046679672097640346,0.02004326217412214,1992.8794477847894,0.0014675238869845627
1993.3449650582734,-0.0005035477224737406,1991.598,0.0009279778567794494,0.020879148754467163,1993.3449650582734,0.0013981337535010922
1993.8104823317574,-0.0001678492408245802,1992.063,0.047002207714695876,0.02124473472666034,1993.8104823317574,0.0013685877983082514
1994.2759996052412,0.0005035477224737406,1992.529,0.012143879130203539,0.02121259599670327,1994.2759996052412,0.0013703250717290525
1994.7415168787252,-0.0003356984816491604,1992.996,0.03393035072771289,0.020896070892589675,1994.7415168787252,0.001342358074678842
1995.2070341522092,-0.0036926832981407642,1993.455,0.001250643331448753,0.020432744066050713,1995.2070341522092,0.0013055114601293102
1995.672551425693,-0.0068818191066384315,1993.926,0.046679672097640346,0.019963883703152736,1995.672551425693,0.0012810621853934726
1996.138068699177,-0.007553216069936752,1994.388,0.0077865068961333606,0.019612544423998422,1996.138068699177,0.0013075920733184698
1996.603585972661,-0.007217517588287592,1994.855,0.003106728902621425,0.019463591654197452,1996.603585972661,0.001379780346586495
1997.069103246145,-0.004867628216743469,1995.318,0.003106728902621425,0.019549232827092783,1997.069103246145,0.00144034020659103
1997.5346205196288,-0.0023498893715441227,1995.782,0.001250643331448753,0.01984348791771745,1997.5346205196288,0.001450792621411121
1998.0001377931128,-0.0021820401307195425,1996.251,0.024893200500130774,0.02026776624960532,1998.0001377931128,0.0014503875984766426
1998.4656550665968,-0.003524834057316184,1996.717,0.005285350090849628,0.02070715491375718,1998.4656550665968,0.0014882519015158705
1998.9311723400808,-0.0031891355756670237,1997.18,0.08807399410443106,0.0210339225753805,1998.9311723400808,0.0015451665721329963
1999.3966896135646,-0.0015106431674212217,1997.646,0.025215736117186305,0.0211324144406952,1999.3966896135646,0.001606390499161909
1999.8622068870486,-0.0018463416490703821,1998.11,0.011821343513148008,0.02091923699136649,1999.8622068870486,0.001672421220803753
2000.3277241605326,-0.0031891355756670237,1998.577,0.005285350090849628,0.020354872237331144,2000.3277241605326,0.001709253440170459
2000.7932414340164,-0.0018463416490703821,1999.037,0.0009279778567794494,0.019446409515445257,2000.7932414340164,0.0017193686804388058
2001.2587587075004,-0.000839246204122901,1999.502,0.053215665519938726,0.018243607942889102,2001.2587587075004,0.0017495293649924882
2001.7242759809844,0.0005035477224737406,1999.967,0.0034292645196769556,0.016830751176779464,2001.7242759809844,0.0017866596967842923
2002.1897932544684,0.0018463416490703821,2000.433,0.014322500318431741,0.015315685166652535,2002.1897932544684,0.0018024986801926705
2002.6553105279522,0.000839246204122901,2000.9,0.025215736117186305,0.01381673665522049,2002.6553105279522,0.0017719062475675725
2003.1208278014362,-0.000839246204122901,2001.362,0.003106728902621425,0.012448429163687151,2003.1208278014362,0.0017813306924377155
2003.5863450749202,-0.0015106431674212217,2001.826,0.012143879130203539,0.011307462615019618,2003.5863450749202,0.0018251037765880187
2004.0518623484043,-0.000839246204122901,2002.296,0.003106728902621425,0.010460786643549099,2004.0518623484043,0.0018730051941564683
2004.517379621888,0.0005035477224737406,2002.767,0.001250643331448753,0.009937657383825554,2004.517379621888,0.0019510796308128374
2004.982896895372,0.0011749446857720613,2003.222,0.005285350090849628,0.009727226590351102,2004.982896895372,0.0020118265799487856
2005.448414168856,0.0011749446857720613,2003.687,0.012143879130203539,0.009782375813014344,2005.448414168856,0.0020494523942468676
2005.91393144234,-0.0001678492408245802,2004.152,0.009965257941975336,0.010029304199907427,2005.91393144234,0.002098451685024374
2006.3794487158239,0.0005035477224737406,2004.618,0.00746397127907783,0.010381160112474194,2006.3794487158239,0.0021569823273712876
2006.8449659893079,0.0010070954449474812,2005.082,0.03610897191594109,0.010753152518727523,2006.8449659893079,0.0021963680286035217
2007.3104832627919,0.0005035477224737406,2005.547,0.005607885707905158,0.011076311584176983,2007.3104832627919,0.002227871244365141
2007.7760005362757,0.000839246204122901,2006.014,0.009965257941975336,0.011307486481253638,2007.7760005362757,0.0022326348656442133
2008.2415178097597,0.0011749446857720613,2006.48,0.005607885707905158,0.011434209301803621,2008.2415178097597,0.0022500425361643077
2008.7070350832437,-0.0005035477224737406,2006.94,0.024893200500130774,0.011474273625061582,2008.7070350832437,0.002299341994103546
2009.1725523567277,-0.0031891355756670237,2007.41,0.00746397127907783,0.011470680489587281,2009.1725523567277,0.0023756277595118097
2009.6380696302115,-0.0041962312534451485,2007.87,0.01399996470137621,0.011482904049965399,2009.6380696302115,0.0024417324951978943
2010.1035869036955,-0.003524834057316184,2008.34,0.012143879130203539,0.011575648042529819,2010.1035869036955,0.0024878534650334882
2010.5691041771795,0.0001678492408245802,2008.8,0.005607885707905158,0.01180665684779819,2010.5691041771795,0.002494294735270846
2011.0346214506635,0.0031891355756670237,2009.27,0.00746397127907783,0.012215530408310676,2011.0346214506635,0.002520707435529704
2011.5001387241473,0.0018463416490703821,2009.735,0.001250643331448753,0.012815578585812837,2011.5001387241473,0.0025110095532034854
2011.9656559976313,-0.0001678492408245802,2010.198,0.011821343513148008,0.013590355072921645,2011.9656559976313,0.0025144450345475134
2012.4311732711153,-0.0001678492408245802,2010.664,0.00746397127907783,0.014495570853650106,2012.4311732711153,0.002511260379410605
2012.8966905445993,-0.0005035477224737406,2011.129,0.05103691447409675,0.015465751796950125,2012.8966905445993,0.0024960443458695806
2013.362207818083,-0.001678492408245802,2011.595,0.001250643331448753,0.016423764280994593,2013.362207818083,0.002497000359723142
2013.8277250915671,-0.0028534370940178633,2012.06,0.012143879130203539,0.017290865451007997,2013.8277250915671,0.002527574288060041
2014.2932423650511,-0.0031891355756670237,2012.525,0.027071821688358977,0.01799549773810319,2014.2932423650511,0.0025550478542976473
2014.758759638535,-0.0028534370940178633,2012.985,0.024893200500130774,0.01848005905237803,2014.758759638535,0.0025794539535236383
2015.224276912019,-0.0018463416490703821,2013.45,0.0034292645196769556,0.018705573609683963,2015.224276912019,0.002571684545028144
2015.689794185503,-0.0015106431674212217,2013.919,0.016501121506659944,0.018654473383517264,2015.689794185503,0.0025505638427354162
2016.155311458987,-0.0018463416490703821,2014.381,0.016501121506659944,0.018331809841792293,2016.155311458987,0.0025267991976849415
2016.6208287324707,-0.0023498893715441227,2014.852,0.022714579311902794,0.01776502180436875,2016.6208287324707,0.002530378594182
2017.0863460059547,-0.002517738612368703,2015.314,0.05353820113699426,0.017001790548020153,2017.0863460059547,0.0025330574875682917
2017.5518632794387,-0.0028534370940178633,2015.778,0.001250643331448753,0.01610507745183139,2017.5518632794387,0.0025072965216276335
2018.0173805529228,-0.0031891355756670237,2016.24,0.001250643331448753,0.015144978680006763,2018.0173805529228,0.0024855980989297627
2018.4828978264065,-0.0031891355756670237,2016.706,0.0077865068961333606,0.014188576933750498,2018.4828978264065,0.0024517901719945394
2018.9484150998906,-0.003356984816491604,2017.174,0.0077865068961333606,0.013290411135723611,2018.9484150998906,0.002403594756000198
2019.4139323733746,-0.00553902518004179,2017.639,0.012143879130203539,0.012486308425796443,2019.4139323733746,0.002375734671934803
2019.8794496468586,-0.0068818191066384315,2018.103,0.001250643331448753,0.011792081295973735,2019.8794496468586,0.0023482569931781196
2020.3449669203424,-0.006210422143340111,2018.569,0.00746397127907783,0.011206880543482713,2020.3449669203424,0.0023653089833382177
2020.8104841938264,-0.0041962312534451485,2019.034,0.05789544351345066,0.010719515865446004,2020.8104841938264,0.0024289034140118587
2021.2760014673104,-0.0028534370940178633,2019.5,0.003106728902621425,0.010315114781301588,2021.2760014673104,0.002497419772404755
2021.7415187407942,-0.0028534370940178633,2019.967,0.001250643331448753,0.009979557684480882,2021.7415187407942,0.0025781895511890456
2022.2070360142782,-0.004867628216743469,2020.425,0.001250643331448753,0.009700544224590393,2022.2070360142782,0.002611074362264457
2022.6725532877622,-0.004867628216743469,2020.893,0.00746397127907783,0.009466172124527846,2022.6725532877622,0.0026125731446312345
2023.1380705612462,-0.0021820401307195425,2021.355,0.003106728902621425,0.009263083245529961,2023.1380705612462,0.0026204330145151783
2023.60358783473,-0.000839246204122901,2021.826,0.01399996470137621,0.00907593067240871,2023.60358783473,0.00265352752847206
2024.069105108214,-0.000839246204122901,2022.288,0.00746397127907783,0.008888791068276869,2024.069105108214,0.0026838938060318317
2024.534622381698,-0.000839246204122901,2022.754,0.003106728902621425,0.008688078540903555,2024.534622381698,0.002675509670243112
2025.000139655182,-0.000839246204122901,2023.219,0.03360781511065736,0.008465890033922025,2025.000139655182,0.0026615744883458354
2025.4656569286658,-0.0028534370940178633,2023.685,0.001250643331448753,0.008222541737316933,2025.4656569286658,0.002671669167935258
2025.9311742021498,-0.004531929735094309,2024.145,0.001250643331448753,0.007967357301032147,2025.9311742021498,0.0026722037126052562
2026.3966914756338,-0.004867628216743469,2024.61,0.005607885707905158,0.007717524600258269,2026.3966914756338,0.0026565127552148934
2026.8622087491178,-0.00553902518004179,2025.077,0.011821343513148008,0.007495668721493787,2026.8622087491178,0.002628646503434635
2027.3277260226016,-0.006546120624989271,2025.543,0.005285350090849628,0.007327135533905402,2027.3277260226016,0.0026267098044545313
2027.7932432960856,-0.0057068741880357265,2026.008,0.001250643331448753,0.0072377630710575595,2027.7932432960856,0.002585673181819347
2028.2587605695696,-0.003524834057316184,2026.474,0.005285350090849628,0.007252538251665387,2028.2587605695696,0.002530154496770785
2028.7242778430534,-0.0011749446857720613,2026.937,0.009965257941975336,0.007395214543267878,2028.7242778430534,0.0024892371187029538
2029.1897951165374,0.0005035477224737406,2027.406,0.016178585889604413,0.007688592826805394,2029.1897951165374,0.002439117339794208
2029.6553123900214,-0.0001678492408245802,2027.866,0.0009279778567794494,0.008154763423592087,2029.6553123900214,0.002374815666147153
2030.1208296635054,-0.000839246204122901,2028.337,0.016501121506659944,0.008814444771738554,2030.1208296635054,0.0023429197656870374
2030.5863469369892,-0.0015106431674212217,2028.8,0.003106728902621425,0.009684767522799396,2030.5863469369892,0.0023232526140088143
2031.0518642104732,-0.0021820401307195425,2029.263,0.025215736117186305,0.010775249423367208,2031.0518642104732,0.002263790629948294
2031.5173814839573,-0.0015106431674212217,2029.728,0.020858493740730122,0.012082088100475131,2031.5173814839573,0.0021895669752291227
2031.9828987574413,0.000839246204122901,2030.192,0.00746397127907783,0.01358137779791323,2031.9828987574413,0.0021612915901057014
2032.448416030925,0.002517738612368703,2030.657,0.001250643331448753,0.015222667425713154,2032.448416030925,0.002098231705642076
2032.913933304409,0.002517738612368703,2031.122,0.001250643331448753,0.016925256295883522,2032.913933304409,0.002039111007865258
2033.379450577893,0.0011749446857720613,2031.588,0.001250643331448753,0.01858003130227381,2033.379450577893,0.0019843201259414347
2033.8449678513769,-0.0001678492408245802,2032.052,0.02925044287658718,0.020058741677860318,2033.8449678513769,0.001932937997415597
2034.3104851248609,-0.000839246204122901,2032.518,0.0077865068961333606,0.02123038869755123,2034.3104851248609,0.0019410137398066384
2034.7760023983449,0.000839246204122901,2032.985,0.05789544351345066,0.021981717407037242,2034.7760023983449,0.0019583494527359593
2035.2415196718289,0.0021820401307195425,2033.451,0.06410890131869351,0.022236788083275838,2035.2415196718289,0.0019441840041554736
2035.7070369453127,-0.0001678492408245802,2033.911,0.003106728902621425,0.021970297115024358,2035.7070369453127,0.0018918602538104206
2036.1725542187967,-0.0028534370940178633,2034.381,0.0077865068961333606,0.02121124187358106,2036.1725542187967,0.0018672876217514461
2036.6380714922807,-0.002517738612368703,2034.844,0.016501121506659944,0.02003701523600774,2036.6380714922807,0.0017981997091196975
2037.1035887657647,-0.0018463416490703821,2035.307,0.003106728902621425,0.01856109198338648,2037.1035887657647,0.0017343626782153618
2037.5691060392485,-0.002517738612368703,2035.77,0.00746397127907783,0.016918396112473005,2037.5691060392485,0.0017000202052383834
2038.0346233127325,-0.0015106431674212217,2036.24,0.05571682232522246,0.015251249223799028,2038.0346233127325,0.0016341601263163117
2038.5001405862165,-0.0001678492408245802,2036.706,0.001250643331448753,0.013696868274794138,2038.5001405862165,0.0015884996871093275
2038.9656578597005,-0.0005035477224737406,2037.171,0.0077865068961333606,0.012376143598669523,2038.9656578597005,0.001582087199326495
2039.4311751331843,-0.0001678492408245802,2037.637,0.003106728902621425,0.01138354550313033,2039.4311751331843,0.0015795439961691525
2039.8966924066683,-0.000839246204122901,2038.096,0.01399996470137621,0.01077892722704622,2039.8966924066683,0.0015580449986740998
2040.3622096801523,-0.0015106431674212217,2038.561,0.0009279778567794494,0.010582510613753822,2040.3622096801523,0.001513132922460844
2040.827726953636,-0.0021820401307195425,2039.026,0.02925044287658718,0.010773941484241382,2040.827726953636,0.0014632002334278537
2041.29324422712,-0.0018463416490703821,2039.492,0.0009279778567794494,0.011295496736062567,2041.29324422712,0.0014154057250312518
2041.7587615006041,-0.0011749446857720613,2039.96,0.003106728902621425,0.012058996283941747,2041.7587615006041,0.0013593915565381413
2042.2242787740881,-0.0015106431674212217,2040.425,0.00746397127907783,0.012955866295541676,2042.2242787740881,0.0012991339185574537
2042.689796047572,-0.0015106431674212217,2040.889,0.016501121506659944,0.013869701931105916,2042.689796047572,0.0012471370597068373
2043.155313321056,-0.0018463416490703821,2041.351,0.03578643629888556,0.014690133255893197,2043.155313321056,0.001203808056690615
2043.62083059454,-0.0023498893715441227,2041.815,0.012143879130203539,0.015325984171283917,2043.62083059454,0.0011601418792509834
2044.086347868024,-0.0010070954449474812,2042.285,0.016501121506659944,0.015715396865110347,2044.086347868024,0.0011459517596484822
2044.5518651415077,0.0005035477224737406,2042.751,0.016178585889604413,0.01583124015763648,2044.5518651415077,0.001170890350173892
2045.0173824149917,0.0005035477224737406,2043.214,0.016501121506659944,0.01568132858746598,2045.0173824149917,0.0012318613975908813
2045.4828996884758,0.0005035477224737406,2043.679,0.016501121506659944,0.01530399702632424,2045.4828996884758,0.001277620523130359
2045.9484169619598,0.0011749446857720613,2044.145,0.018357207077832394,0.014760102361378381,2045.9484169619598,0.00128651247939041
2046.4139342354435,0.0003356984816491604,2044.61,0.0034292645196769556,0.014122766436009447,2046.4139342354435,0.0012715842739937176
2046.8794515089276,-0.001678492408245802,2045.07,0.018679742694887924,0.013466352324983966,2046.8794515089276,0.0012606240387850003
2047.3449687824116,-0.0015106431674212217,2045.536,0.0009279778567794494,0.012856238714421457,2047.3449687824116,0.0013011405106724777
2047.8104860558954,-0.000839246204122901,2046.0,0.025215736117186305,0.012340771294560727,2047.8104860558954,0.0013555017028235217
2048.2760033293794,-0.0003356984816491604,2046.466,0.005285350090849628,0.011946327673489042,2048.2760033293794,0.0013565111714683418
2048.741520602863,-0.0001678492408245802,2046.933,0.0077865068961333606,0.011675955634853229,2048.741520602863,0.001340057460378882
2049.2070378763474,-0.0011749446857720613,2047.396,0.0009279778567794494,0.01151173193734241,2049.2070378763474,0.0013240354972524659
2049.672555149831,-0.0018463416490703821,2047.866,0.003106728902621425,0.011420717366807538,2049.672555149831,0.0013038893124455659
2050.1380724233154,-0.0015106431674212217,2048.329,0.04264496533823947,0.011363799309667699,2050.1380724233154,0.0012979455816812917
2050.603589696799,-0.000839246204122901,2048.797,0.001250643331448753,0.011305774033787195,2050.603589696799,0.0013389061339984351
2051.069106970283,0.000839246204122901,2049.258,0.01399996470137621,0.011224315303545033,2051.069106970283,0.0014092831218291072
2051.534624243767,0.0011749446857720613,2049.724,0.016501121506659944,0.011115645925081347,2051.534624243767,0.0014777275235067576
2052.000141517251,0.0005035477224737406,2050.188,0.020858493740730122,0.010995665236820423,2052.000141517251,0.0015550535991115295
2052.465658790735,-0.0021820401307195425,2050.654,0.00746397127907783,0.01089636933450348,2052.465658790735,0.001656574011963658
2052.931176064219,-0.0031891355756670237,2051.118,0.0009279778567794494,0.010858349744156658,2052.931176064219,0.0017337171057485552
2053.396693337703,-0.0028534370940178633,2051.584,0.011821343513148008,0.010921007523285443,2053.396693337703,0.0017899348118437816
2053.8622106111866,-0.0028534370940178633,2052.049,0.0034292645196769556,0.01111265743307338,2053.8622106111866,0.0018329492520819605
2054.327727884671,-0.003524834057316184,2052.514,0.001250643331448753,0.011442572083192708,2054.327727884671,0.0018825632692457937
2054.7932451581546,-0.0018463416490703821,2052.981,0.031751729539484685,0.011896241707693447,2054.7932451581546,0.0019231146897141622
2055.258762431639,0.000839246204122901,2053.44,0.016178585889604413,0.012434090629411624,2055.258762431639,0.0019509932776143066
2055.7242797051226,0.002517738612368703,2053.908,0.005607885707905158,0.012993133293290356,2055.7242797051226,0.00198229295459313
2056.1897969786064,0.0038605325389653444,2054.37,0.001250643331448753,0.013490998043577786,2056.1897969786064,0.0020228155917400006
2056.6553142520906,0.0010070954449474812,2054.841,0.01399996470137621,0.013832242065321538,2056.6553142520906,0.002049238571890573
2057.1208315255744,-0.0028534370940178633,2055.303,0.02925044287658718,0.013917162996345739,2057.1208315255744,0.002074576014107816
2057.586348799058,-0.0028534370940178633,2055.767,0.003106728902621425,0.013652912563007763,2057.586348799058,0.0021315626425181997
2058.0518660725425,-0.0028534370940178633,2056.237,0.011821343513148008,0.012966068551155693,2058.0518660725425,0.002174457837704205
2058.5173833460262,-0.0018463416490703821,2056.695,0.0077865068961333606,0.011815547104027765,2058.5173833460262,0.002211818434348309
2058.9829006195105,-0.0001678492408245802,2057.16,0.016178585889604413,0.010204772307148443,2058.9829006195105,0.002238767735702113
2059.4484178929943,-0.0005035477224737406,2057.625,0.011821343513148008,0.00819191667397367,2059.4484178929943,0.00226001179524668
2059.913935166478,-0.0021820401307195425,2058.096,0.00746397127907783,0.005896752286433585,2059.913935166478,0.0022923579468429518
2060.3794524399623,-0.0015106431674212217,2058.562,0.001250643331448753,0.003502581783803599,2060.3794524399623,0.0023048313535552777
2060.844969713446,0.002517738612368703,2059.022,0.003106728902621425,0.0012520336983357651,2060.844969713446,0.002280334793562548
2061.31048698693,0.004531929735094309,2059.488,0.0009279778567794494,-0.0005640072203098426,2061.31048698693,0.002304008977549688
2061.776004260414,0.002517738612368703,2059.96,0.016501121506659944,-0.0016246702111760247,2061.776004260414,0.002320651836505537
2062.241521533898,0.0001678492408245802,2060.418,0.0009279778567794494,-0.00160454420433461,2062.241521533898,0.0022938855122289267
2062.7070388073817,-0.002517738612368703,2060.882,0.001250643331448753,-0.00020559393265901996,2062.7070388073817,0.002272912835529284
2063.172556080866,-0.0021820401307195425,2061.352,0.0034292645196769556,0.0028063904736288885,2063.172556080866,0.002254950062720337
2063.6380733543497,-0.0005035477224737406,2061.815,0.005607885707905158,0.007564286069356047,2063.6380733543497,0.0022235640350298258
2064.103590627834,-0.0005035477224737406,2062.277,0.005285350090849628,0.014065839591427157,2064.103590627834,0.002223744959215555
2064.5691079013177,-0.0015106431674212217,2062.743,0.016178585889604413,0.022149001801040392,2064.5691079013177,0.0022480647098716226
2065.0346251748015,-0.0021820401307195425,2063.205,0.0009279778567794494,0.03148172644413312,2065.0346251748015,0.0022765498009479942
2065.5001424482857,-0.0021820401307195425,2063.671,0.00746397127907783,0.04157062747699626,2065.5001424482857,0.0022788483431176836
2065.9656597217695,-0.0023498893715441227,2064.137,0.11421783793601081,0.05179084155259668,2065.9656597217695,0.002270299730367662
2066.4311769952533,-0.003524834057316184,2064.602,0.03360781511065736,0.061436359956677386,2066.4311769952533,0.002266043926796445
2066.8966942687375,-0.0041962312534451485,2065.066,0.003106728902621425,0.06978697917520248,2066.8966942687375,0.0022871214559692043
2067.3622115422213,-0.0041962312534451485,2065.532,0.06193028013046531,0.07618589831192317,2067.3622115422213,0.002330843141048782
2067.827728815705,-0.0041962312534451485,2065.996,0.19264910971552207,0.08012015395657716,2067.827728815705,0.0023864605121360944
2068.2932460891893,-0.004531929735094309,2066.462,0.0077865068961333606,0.0812931845256415,2068.2932460891893,0.0024261689963705475
2068.758763362673,-0.0028534370940178633,2066.926,0.1708626381180125,0.07967595483841883,2068.758763362673,0.0024636056635380264
2069.2242806361573,-0.002517738612368703,2067.395,0.2365447183852103,0.07552315781966615,2069.2242806361573,0.0024956331446511566
2069.689797909641,-0.001678492408245802,2067.856,0.0034292645196769556,0.06934561682224923,2069.689797909641,0.002540456814797232
2070.155315183125,-0.002517738612368703,2068.325,0.009965257941975336,0.061839039885069336,2070.155315183125,0.0025801694106210495
2070.620832456609,-0.003524834057316184,2068.789,0.016501121506659944,0.053780969408316684,2070.620832456609,0.002601308617490015
2071.086349730093,-0.0041962312534451485,2069.251,0.003106728902621425,0.04591727709120752,2071.086349730093,0.0025970774879124758
2071.5518670035767,-0.0041962312534451485,2069.717,0.025215736117186305,0.03886168181952557,2071.5518670035767,0.0025761335977769243
2072.017384277061,-0.0028534370940178633,2070.18,0.001250643331448753,0.03302630626581698,2072.017384277061,0.0025922275203506904
2072.4829015505447,-0.0021820401307195425,2070.646,0.00746397127907783,0.02859245176716757,2072.4829015505447,0.0026321333744438757
2072.948418824029,-0.003524834057316184,2071.111,0.005285350090849628,0.02552221775198126,2072.948418824029,0.002636228813638464
2073.4139360975128,-0.003524834057316184,2071.577,0.08589537291620286,0.02360440618289518,2073.4139360975128,0.002639697190150023
2073.8794533709965,-0.003524834057316184,2072.041,0.03360781511065736,0.022522501315739636,2073.8794533709965,0.0026503901502189144
2074.344970644481,-0.0038605325389653444,2072.507,0.03578643629888556,0.021929281203551535,2074.344970644481,0.0026660543803391306
2074.8104879179646,-0.0028534370940178633,2072.975,0.08807399410443106,0.02151294461767294,2074.8104879179646,0.0026745474812711967
2075.2760051914483,-0.0015106431674212217,2073.441,0.011821343513148008,0.021043450683077038,2075.2760051914483,0.0026767493966105226
2075.7415224649326,-0.0011749446857720613,2073.903,0.003106728902621425,0.020393680566913996,2075.7415224649326,0.0026897326768624604
2076.2070397384164,-0.0018463416490703821,2074.366,0.00746397127907783,0.01953635847219674,2076.2070397384164,0.0026798826543051302
2076.6725570119,-0.0021820401307195425,2074.837,0.025215736117186305,0.01852268928024089,2076.6725570119,0.0026853041761285817
2077.1380742853844,-0.0018463416490703821,2075.299,0.0034292645196769556,0.017450972494018224,2077.1380742853844,0.002676872754079106
2077.603591558868,-0.0031891355756670237,2075.767,0.001250643331448753,0.016433103134341504,2077.603591558868,0.0026882195034224235
2078.0691088323524,-0.0028534370940178633,2076.229,0.009642592467306033,0.015565236915559664,2078.0691088323524,0.002716215278943077
2078.534626105836,-0.0015106431674212217,2076.695,0.016178585889604413,0.014906984957894451,2078.534626105836,0.0027376032536520815
2079.00014337932,-0.0001678492408245802,2077.159,0.0009279778567794494,0.014471438226152294,2079.00014337932,0.002756939397192966
2079.465660652804,-0.0001678492408245802,2077.625,0.020858493740730122,0.014226197602348258,2079.465660652804,0.0027706792638683268
2079.931177926288,-0.0015106431674212217,2078.089,0.003106728902621425,0.014103745151828537,2079.931177926288,0.0027690201175498523
2080.396695199772,-0.0018463416490703821,2078.555,0.022714579311902794,0.01401809834579901,2080.396695199772,0.002749794994336692
2080.862212473256,-0.0018463416490703821,2079.015,0.05103691447409675,0.013883703319225043,2080.862212473256,0.002753378502468745
2081.32772974674,-0.0021820401307195425,2079.48,0.016501121506659944,0.01363213855682066,2081.32772974674,0.0027499327414782617
2081.7932470202236,-0.0015106431674212217,2079.948,0.005285350090849628,0.013222952385367808,2081.7932470202236,0.0026977672996181925
2082.258764293708,0.000839246204122901,2080.411,0.005607885707905158,0.012647071853385487,2082.258764293708,0.0026899403239891767
2082.7242815671916,0.0018463416490703821,2080.881,0.001250643331448753,0.011923851939059439,2082.7242815671916,0.0026910484764767952
2083.189798840676,0.000839246204122901,2081.344,0.0077865068961333606,0.01109450948200404,2083.189798840676,0.0026957709766489858
2083.6553161141596,0.0003356984816491604,2081.811,0.0077865068961333606,0.010214668591802641,2083.6553161141596,0.002670974247441169
2084.1208333876434,0.0011749446857720613,2082.274,0.025215736117186305,0.009347526887053698,2084.1208333876434,0.002602316030625342
2084.5863506611277,-0.0001678492408245802,2082.739,0.003106728902621425,0.008557748387497044,2084.5863506611277,0.0025435674588986366
2085.0518679346114,-0.0028534370940178633,2083.202,0.020858493740730122,0.007905397433604197,2085.0518679346114,0.0025141839206801442
2085.517385208095,-0.003524834057316184,2083.668,0.003106728902621425,0.007439342389363266,2085.517385208095,0.0024609966745658567
2085.9829024815795,-0.0028534370940178633,2084.133,0.001250643331448753,0.007190346659004396,2085.9829024815795,0.0024000831915445787
2086.4484197550632,-0.0031891355756670237,2084.599,0.003106728902621425,0.007164997889823491,2086.4484197550632,0.0023676650818698617
2086.913937028547,-0.00587472366169095,2085.064,0.0009279778567794494,0.0073421887549554865,2086.913937028547,0.0023188775544142263
2087.3794543020313,-0.006546120624989271,2085.529,0.003106728902621425,0.00767375694093628,2087.3794543020313,0.0022409552557958717
2087.844971575515,-0.0057068741880357265,2085.996,0.0009279778567794494,0.008090135030699863,2087.844971575515,0.002197276743670852
2088.3104888489993,-0.00553902518004179,2086.462,0.0077865068961333606,0.00851070219066266,2088.3104888489993,0.0021783805715540764
2088.776006122483,-0.0036926832981407642,2086.922,0.025215736117186305,0.008857248478404597,2088.776006122483,0.002134525251569671
2089.241523395967,-0.0015106431674212217,2087.385,0.022714579311902794,0.009067866121479884,2089.241523395967,0.002052199123339269
2089.707040669451,-0.001678492408245802,2087.855,0.001250643331448753,0.009108135880070334,2089.707040669451,0.001985526945166253
2090.172557942935,-0.0041962312534451485,2088.318,0.016501121506659944,0.008977071014577653,2090.172557942935,0.0019487769644399022
2090.6380752164187,-0.00587472366169095,2088.785,0.012143879130203539,0.00870671784237053,2090.6380752164187,0.001922195677589625
2091.103592489903,-0.00553902518004179,2089.248,0.003106728902621425,0.008355859053412726,2091.103592489903,0.001893881230704598
2091.5691097633867,-0.0031891355756670237,2089.713,0.0077865068961333606,0.007999375565421551,2091.5691097633867,0.001892734014253719
2092.034627036871,-0.0018463416490703821,2090.177,0.0009279778567794494,0.0077154445936546585,2092.034627036871,0.001916533613238071
2092.5001443103547,-0.000839246204122901,2090.643,0.003106728902621425,0.007572955794928722,2092.5001443103547,0.0019505553609268308
2092.9656615838385,-0.0021820401307195425,2091.11,0.012143879130203539,0.007621286115209679,2092.9656615838385,0.001980531013044976
2093.4311788573227,-0.0028534370940178633,2091.576,0.001250643331448753,0.00788395212346282,2093.4311788573227,0.0019939439887363872
2093.8966961308065,-0.0018463416490703821,2092.041,0.005285350090849628,0.008356897188095196,2093.8966961308065,0.0019953255829151285
2094.3622134042903,-0.0001678492408245802,2092.507,0.003106728902621425,0.009011486112107527,2094.3622134042903,0.0020013330487188637
2094.8277306777745,-0.0001678492408245802,2092.971,0.0009279778567794494,0.009801649951044303,2094.8277306777745,0.0019942955562350802
2095.2932479512583,0.0011749446857720613,2093.437,0.016178585889604413,0.010673847793054912,2095.2932479512583,0.002011238582589366
2095.758765224742,0.003524834057316184,2093.9,0.05975152908462311,0.01157754483989862,2095.758765224742,0.002040986021742813
2096.2242824982263,0.0038605325389653444,2094.362,0.003106728902621425,0.012473215587848517,2096.2242824982263,0.002084491834657518
2096.68979977171,0.002517738612368703,2094.826,0.003106728902621425,0.013335355794969514,2096.68979977171,0.0021099834754130654
2097.1553170451944,-0.0005035477224737406,2095.296,0.0034292645196769556,0.014149976808421049,2097.1553170451944,0.0021130365513029365
2097.620834318678,-0.0021820401307195425,2095.755,0.020858493740730122,0.014908491777333712,2097.620834318678,0.0020999710341616986
2098.086351592162,-0.0015106431674212217,2096.22,0.0009279778567794494,0.015601154312324145,2098.086351592162,0.002109124092736137
2098.551868865646,0.0005035477224737406,2096.686,0.014322500318431741,0.01621280966482001,2098.551868865646,0.002138063546480991
2099.01738613913,0.000839246204122901,2097.151,0.020858493740730122,0.016722463569854063,2099.01738613913,0.0021626444010399456
2099.4829034126137,0.0018463416490703821,2097.617,0.018679742694887924,0.01710686642104151,2099.4829034126137,0.002179313986943678
2099.948420686098,0.0018463416490703821,2098.082,0.001250643331448753,0.017347255399092737,2099.948420686098,0.00221056432039264
2100.4139379595817,-0.0001678492408245802,2098.548,0.003106728902621425,0.017437662888641303,2100.4139379595817,0.002193689140498918
2100.8794552330655,-0.0015106431674212217,2099.015,0.08589537291620286,0.01739261366718855,2100.8794552330655,0.0021623031149843935
2101.3449725065498,-0.0005035477224737406,2099.48,0.0034292645196769556,0.01725145527551294,2101.3449725065498,0.002149556268457484
2101.8104897800335,-0.0005035477224737406,2099.941,0.023037114928958324,0.017076622952343853,2101.8104897800335,0.002132549508007711
2102.276007053518,-0.0005035477224737406,2100.411,0.001250643331448753,0.01694475584398176,2102.276007053518,0.0021072161784207693
2102.7415243270016,-0.0001678492408245802,2100.874,0.001250643331448753,0.016932329462537712,2102.7415243270016,0.0021026643204065314
2103.2070416004854,-0.0001678492408245802,2101.337,0.02925044287658718,0.01709954373284448,2103.2070416004854,0.002136414680039974
2103.6725588739696,0.0001678492408245802,2101.8,0.016501121506659944,0.01747641015883233,2103.6725588739696,0.0021264803631673834
2104.1380761474534,0.0011749446857720613,2102.269,0.005285350090849628,0.018053830960426426,2104.1380761474534,0.002118194912496255
2104.603593420937,0.0005035477224737406,2102.735,0.003106728902621425,0.018781175639119914,2104.603593420937,0.0020913977511653765
2105.0691106944214,0.0005035477224737406,2103.198,0.03610897191594109,0.01957092731473862,2105.0691106944214,0.0020850654461882917
2105.534627967905,-0.0003356984816491604,2103.663,0.016178585889604413,0.020310020389170222,2105.534627967905,0.0020700282785657306
2106.0001452413894,-0.0021820401307195425,2104.129,0.00746397127907783,0.020876307310942397,2106.0001452413894,0.0020429001102097474
2106.465662514873,-0.0028534370940178633,2104.595,0.03360781511065736,0.021157572795910514,2106.465662514873,0.0020343905614115796
2106.931179788357,-0.0015106431674212217,2105.055,0.04264496533823947,0.021069967193972104,2106.931179788357,0.002033335861790198
2107.396697061841,-0.000839246204122901,2105.521,0.027071821688358977,0.020572605064732123,2107.396697061841,0.0020146781783061973
2107.862214335325,-0.0005035477224737406,2105.986,0.00746397127907783,0.019675559855429108,2107.862214335325,0.002007126698731341
2108.327731608809,-0.0015106431674212217,2106.452,0.025215736117186305,0.01843987485538067,2108.327731608809,0.00198245332595117
2108.793248882293,-0.0028534370940178633,2106.915,0.00746397127907783,0.01697005119606337,2108.793248882293,0.0019332710568387896
2109.258766155777,-0.0023498893715441227,2107.385,0.024893200500130774,0.015400783738279541,2109.258766155777,0.001888912029888883
2109.7242834292606,-0.0018463416490703821,2107.848,0.009965257941975336,0.01388009193298987,2109.7242834292606,0.0018282740463554331
2110.189800702745,-0.0028534370940178633,2108.31,0.020858493740730122,0.012550863583283172,2110.189800702745,0.0018087179153785308
2110.6553179762286,-0.004531929735094309,2108.778,0.003106728902621425,0.01153275673762061,2110.6553179762286,0.0017992852475663666
2111.120835249713,-0.004867628216743469,2109.24,0.0034292645196769556,0.010906570367627119,2111.120835249713,0.0017766945446141952
2111.5863525231966,-0.004364080261439085,2109.706,0.001250643331448753,0.01070338360459214,2111.5863525231966,0.001759811139305868
2112.0518697966804,-0.0041962312534451485,2110.17,0.009642592467306033,0.01090056842367574,2112.0518697966804,0.0017970894992118227
2112.5173870701647,-0.0041962312534451485,2110.635,0.001250643331448753,0.011425928476980205,2112.5173870701647,0.001854536659993316
2112.9829043436484,-0.0021820401307195425,2111.1,0.003106728902621425,0.012169809025843643,2112.9829043436484,0.0019036037940173135
2113.448421617132,-0.0021820401307195425,2111.565,0.03828759310416929,0.013003403103406879,2113.448421617132,0.0019554279509397705
2113.9139388906165,-0.004867628216743469,2112.037,0.025215736117186305,0.013800016282979286,2113.9139388906165,0.0019828048867222697
2114.3794561641002,-0.004867628216743469,2112.495,0.005285350090849628,0.014455237757709731,2114.3794561641002,0.0019739807784628
2114.844973437584,-0.003524834057316184,2112.96,0.016501121506659944,0.014902299145654961,2114.844973437584,0.0019588264217167864
2115.3104907110683,-0.0028534370940178633,2113.426,0.03360781511065736,0.015120243895463611,2115.3104907110683,0.001979484539106276
2115.776007984552,-0.0031891355756670237,2113.896,0.009965257941975336,0.01513404847338133,2115.776007984552,0.00203823311234448
2116.2415252580363,-0.002517738612368703,2114.359,0.020858493740730122,0.0150070045035137,2116.2415252580363,0.002073054621447465
2116.70704253152,-0.0015106431674212217,2114.822,0.012143879130203539,0.014826693908407913,2116.70704253152,0.002069689042492721
2117.172559805004,-0.000839246204122901,2115.285,0.009965257941975336,0.014686956723050515,2117.172559805004,0.002058704138820128
2117.638077078488,-0.0011749446857720613,2115.75,0.00746397127907783,0.014669096085731638,2117.638077078488,0.0020423902309093297
2118.103594351972,-0.0028534370940178633,2116.221,0.005607885707905158,0.014825850582098142,2118.103594351972,0.0020485601153928407
2118.5691116254557,-0.0021820401307195425,2116.68,0.0077865068961333606,0.01517127037795359,2118.5691116254557,0.002050745582347022
2119.03462889894,-0.0015106431674212217,2117.147,0.001250643331448753,0.015678582427139057,2119.03462889894,0.0020085596847598396
2119.5001461724237,-0.0015106431674212217,2117.614,0.009965257941975336,0.016286519418805052,2119.5001461724237,0.0019362953416414835
2119.9656634459075,-0.0005035477224737406,2118.078,0.05975152908462311,0.01691260993037253,2119.9656634459075,0.0018706387995201489
2120.4311807193917,0.0005035477224737406,2118.544,0.020858493740730122,0.017470055302865866,2120.4311807193917,0.0018393041728738666
2120.8966979928755,-0.0001678492408245802,2119.012,0.0034292645196769556,0.017883952490592388,2120.8966979928755,0.001866012928385679
2121.3622152663597,-0.0015106431674212217,2119.47,0.018357207077832394,0.018103443887149673,2121.3622152663597,0.0019176232652190896
2121.8277325398435,-0.0018463416490703821,2119.94,0.0077865068961333606,0.018108281292619793,2121.8277325398435,0.001918862998992842
2122.2932498133273,-0.0023498893715441227,2120.403,0.06225281574752084,0.017909753950525617,2122.2932498133273,0.001888132819377324
2122.7587670868115,-0.0021820401307195425,2120.871,0.005607885707905158,0.017546302609721485,2122.7587670868115,0.0019043480417142303
2123.2242843602953,-0.000839246204122901,2121.333,0.003106728902621425,0.017074330970239755,2123.2242843602953,0.0019217968297877614
2123.689801633779,0.0011749446857720613,2121.8,0.009965257941975336,0.016555691582279614,2123.689801633779,0.0019066568656350633
2124.1553189072633,0.0021820401307195425,2122.263,0.020858493740730122,0.016044607578126015,2124.1553189072633,0.0018586382581817086
2124.620836180747,-0.0001678492408245802,2122.729,0.001250643331448753,0.015577186264297634,2124.620836180747,0.0018229100781104982
2125.0863534542314,-0.0021820401307195425,2123.192,0.012143879130203539,0.015165860209466092,2125.0863534542314,0.0017953563275699056
2125.551870727715,-0.0028534370940178633,2123.658,0.025215736117186305,0.014799743199537582,2125.551870727715,0.0017598090740743035
2126.017388001199,-0.0021820401307195425,2124.123,0.0009279778567794494,0.014450625489897524,2126.017388001199,0.0017570458872682442
2126.482905274683,-0.0028534370940178633,2124.589,0.022714579311902794,0.014083336642897243,2126.482905274683,0.001743998873608122
2126.948422548167,-0.0031891355756670237,2125.056,0.014322500318431741,0.013668547694872303,2126.948422548167,0.0017224402559426386
2127.4139398216507,-0.0031891355756670237,2125.515,0.022714579311902794,0.013195781066119896,2127.4139398216507,0.001692984761222792
2127.879457095135,-0.0001678492408245802,2125.981,0.003106728902621425,0.012684406924173885,2127.879457095135,0.0016580398986780836
2128.3449743686188,0.0018463416490703821,2126.447,0.023037114928958324,0.012190734699653184,2128.3449743686188,0.0016310104165376666
2128.8104916421025,-0.0001678492408245802,2126.915,0.003106728902621425,0.01180986953410699,2128.8104916421025,0.0016109670285746108
2129.2760089155868,-0.0011749446857720613,2127.377,0.001250643331448753,0.011671525799125409,2129.2760089155868,0.001589336452562604
2129.7415261890706,-0.000839246204122901,2127.841,0.0706447648833779,0.011929259255961128,2129.7415261890706,0.0015350945058202193
2130.207043462555,-0.001678492408245802,2128.31,0.00746397127907783,0.01274276383334114,2130.207043462555,0.0014997425665227056
2130.6725607360386,-0.002517738612368703,2128.774,0.001250643331448753,0.014253673116153115,2130.6725607360386,0.0014879784609597982
2131.1380780095224,-0.0015106431674212217,2129.236,0.005285350090849628,0.016557306231191577,2131.1380780095224,0.0014995698675747647
2131.6035952830066,-0.0001678492408245802,2129.702,0.020858493740730122,0.019675351510965746,2131.6035952830066,0.001524204176380268
2132.0691125564904,0.0005035477224737406,2130.167,0.001250643331448753,0.02353595934231216,2132.0691125564904,0.0015327980179821962
2132.534629829974,0.0005035477224737406,2130.634,0.003106728902621425,0.0279672705464153,2132.534629829974,0.0015285545515432825
2133.0001471034584,-0.0005035477224737406,2131.101,0.020535828266060596,0.03270847571815987,2133.0001471034584,0.0014975797144051496
2133.465664376942,-0.0015106431674212217,2131.566,0.009965257941975336,0.037439601456686976,2133.465664376942,0.0014563991762404868
2133.931181650426,-0.0018463416490703821,2132.026,0.020858493740730122,0.04182741290980684,2133.931181650426,0.0014403628206462393
2134.39669892391,-0.0018463416490703821,2132.491,0.020858493740730122,0.04558022414052553,2134.39669892391,0.0014371452694577156
2134.862216197394,-0.0015106431674212217,2132.964,0.3277254413922628,0.04849960197949647,2134.862216197394,0.0014263865193446532
2135.3277334708782,-0.0015106431674212217,2133.422,0.00746397127907783,0.050513864858891165,2135.3277334708782,0.001443091055483369
2135.793250744362,-0.0018463416490703821,2133.885,0.005607885707905158,0.05168069853773931,2135.793250744362,0.0014881963912921192
2136.258768017846,-0.0018463416490703821,2134.355,0.0077865068961333606,0.052156207004551425,2136.258768017846,0.0015034370996110898
2136.72428529133,-0.000839246204122901,2134.818,0.047002207714695876,0.05214070506485378,2136.72428529133,0.0015074379644817754
2137.189802564814,0.0003356984816491604,2135.281,0.02925044287658718,0.05181923548034924,2137.189802564814,0.0015143500479687117
2137.6553198382976,0.0003356984816491604,2135.747,0.00746397127907783,0.05131392386308586,2137.6553198382976,0.0015354152431776105
2138.120837111782,-0.0001678492408245802,2136.21,0.0009279778567794494,0.05065941453208891,2138.120837111782,0.00154020559059178
2138.5863543852656,-0.0001678492408245802,2136.675,0.003106728902621425,0.04980565222874683,2138.5863543852656,0.0015615174957413459
2139.0518716587494,0.0005035477224737406,2137.14,0.25179532641803526,0.048644900936582074,2139.0518716587494,0.0016238105156779624
2139.5173889322336,0.0010070954449474812,2137.606,0.020858493740730122,0.04705268198116021,2139.5173889322336,0.001661855744368788
2139.9829062057174,0.0010070954449474812,2138.071,0.023037114928958324,0.04492858516182427,2139.9829062057174,0.00170801372090424
2140.4484234792017,-0.0001678492408245802,2138.536,0.003106728902621425,0.04222580266736986,2140.4484234792017,0.0017502818532817348
2140.9139407526854,-0.0018463416490703821,2139.004,0.07500213711744808,0.038965553158659176,2140.9139407526854,0.001802180022537303
2141.3794580261692,-0.002517738612368703,2139.47,0.04918082890292408,0.03523821048480522,2141.3794580261692,0.0018355130266441626
2141.8449752996535,-0.0018463416490703821,2139.93,0.024893200500130774,0.031194114459452686,2141.8449752996535,0.0018543639683604577
2142.3104925731373,-0.0011749446857720613,2140.4,0.016501121506659944,0.027026286475339792,2142.3104925731373,0.001862351307330868
2142.776009846621,-0.000839246204122901,2140.863,0.011821343513148008,0.02294748940711991,2142.776009846621,0.0018868478683902019
2143.2415271201053,-0.0018463416490703821,2141.325,0.040143678675341965,0.01916503136827332,2143.2415271201053,0.0019242680869814596
2143.707044393589,-0.0041962312534451485,2141.796,0.0034292645196769556,0.015856975327764953,2143.707044393589,0.0019432300494589656
2144.1725616670733,-0.004867628216743469,2142.259,0.0009279778567794494,0.013152832422404538,2144.1725616670733,0.0019662011007074115
2144.638078940557,-0.004531929735094309,2142.724,0.001250643331448753,0.011121153835475664,2144.638078940557,0.0019784154582449297
2145.103596214041,-0.0031891355756670237,2143.188,0.0009279778567794494,0.009765837837407016,2145.103596214041,0.001974951194577562
2145.569113487525,-0.0015106431674212217,2143.654,0.023037114928958324,0.009031878357054709,2145.569113487525,0.001971507490300068
2146.034630761009,0.0001678492408245802,2144.12,0.003106728902621425,0.008819562544449898,2146.034630761009,0.0019180200747938756
2146.5001480344927,0.002517738612368703,2144.586,0.01399996470137621,0.009004452253743042,2146.5001480344927,0.0018831924011473208
2146.965665307977,0.0028534370940178633,2145.051,0.016178585889604413,0.009459583585148063,2146.965665307977,0.001876594880512577
2147.4311825814607,0.0011749446857720613,2145.516,0.014322500318431741,0.010076295936215321,2147.4311825814607,0.0018766771185739998
2147.8966998549445,0.0003356984816491604,2145.981,0.003106728902621425,0.01078063001805972,2147.8966998549445,0.00187444230885141
2148.3622171284287,-0.0015106431674212217,2146.44,0.027394357305414507,0.011543007792686334,2148.3622171284287,0.0018840415068756761
2148.8277344019125,-0.0041962312534451485,2146.911,0.014322500318431741,0.01237973363229126,2148.8277344019125,0.001894070396937118
2149.2932516753967,-0.004531929735094309,2147.373,0.03142919392242938,0.01334566709537054,2149.2932516753967,0.0018993336111254489
2149.7587689488805,-0.0041962312534451485,2147.841,0.011821343513148008,0.014518402529108888,2149.7587689488805,0.0019034331615415073
2150.2242862223643,-0.0031891355756670237,2148.303,0.012143879130203539,0.015975705987315614,2150.2242862223643,0.0018973804654770342
2150.6898034958485,-0.0021820401307195425,2148.767,0.011821343513148008,0.01776967137202638,2150.6898034958485,0.0018900407459472364
2151.1553207693323,-0.0018463416490703821,2149.236,0.011821343513148008,0.019902473101827547,2151.1553207693323,0.001908762162999126
2151.620838042816,-0.0023498893715441227,2149.695,0.001250643331448753,0.02230911147395042,2151.620838042816,0.001955843257464859
2152.0863553163003,-0.0028534370940178633,2150.16,0.014322500318431741,0.024851940663518573,2152.0863553163003,0.00198961006514122
2152.551872589784,-0.0028534370940178633,2150.625,0.0077865068961333606,0.02733010112274012,2152.551872589784,0.0020096102785726253
2153.017389863268,-0.0021820401307195425,2151.092,0.0077865068961333606,0.029504375157488282,2153.017389863268,0.001973016546429863
2153.482907136752,-0.0015106431674212217,2151.558,0.003106728902621425,0.031134595760597718,2153.482907136752,0.001984498988292192
2153.948424410236,-0.002517738612368703,2152.022,0.15593469555985706,0.03202283012182327,2153.948424410236,0.0019947396405376044
2154.41394168372,-0.0041962312534451485,2152.488,0.08186066615680199,0.03205206039116442,2154.41394168372,0.0020208028298995327
2154.879458957204,-0.0028534370940178633,2152.96,0.003106728902621425,0.031209286549567533,2154.879458957204,0.002030393804049212
2155.3449762306877,-0.000839246204122901,2153.418,0.009642592467306033,0.029586140528582765,2155.3449762306877,0.0020367096609748216
2155.810493504172,-0.000839246204122901,2153.881,0.012143879130203539,0.02735807762125685,2155.810493504172,0.0020601186277785454
2156.2760107776558,-0.0005035477224737406,2154.351,0.0034292645196769556,0.02475022532143904,2156.2760107776558,0.002087651816142974
2156.7415280511395,-0.0001678492408245802,2154.811,0.012143879130203539,0.022000240902334812,2156.7415280511395,0.0020843828667250304
2157.207045324624,-0.0001678492408245802,2155.281,0.03360781511065736,0.0193264505222564,2157.207045324624,0.0020875284593474355
2157.6725625981076,-0.0015106431674212217,2155.747,0.0009279778567794494,0.01690580891346924,2157.6725625981076,0.0020943953087064785
2158.138079871592,-0.0031891355756670237,2156.21,0.005285350090849628,0.01486292566223496,2158.138079871592,0.002072896312714368
2158.6035971450756,-0.0028534370940178633,2156.675,0.005607885707905158,0.013269223824257104,2158.6035971450756,0.0020379555583481704
2159.0691144185594,-0.0015106431674212217,2157.14,0.05571682232522246,0.012149857540563505,2159.0691144185594,0.0020172830516193645
2159.5346316920436,-0.0015106431674212217,2157.606,0.014322500318431741,0.011494861412400494,2159.5346316920436,0.0020056834211982563
2160.0001489655274,-0.0005035477224737406,2158.071,0.003106728902621425,0.011270554365729775,2160.0001489655274,0.001977327852313706
2160.465666239011,-0.0001678492408245802,2158.536,0.009965257941975336,0.011428234385580646,2160.465666239011,0.001933470473597179
2160.9311835124954,-0.0028534370940178633,2159.001,0.011821343513148008,0.011909309801696345,2160.9311835124954,0.0019076437150456534
2161.396700785979,-0.003524834057316184,2159.466,0.005607885707905158,0.01264779722036363,2161.396700785979,0.0019078739811613375
2161.862218059463,-0.003524834057316184,2159.929,0.016501121506659944,0.013571701103118944,2161.862218059463,0.0018969322530442202
2162.327735332947,-0.0028534370940178633,2160.392,0.020535828266060596,0.014604484672861705,2162.327735332947,0.0018671498633791577
2162.793252606431,-0.0021820401307195425,2160.859,0.005285350090849628,0.01566732780356808,2162.793252606431,0.0018419912893961083
2163.2587698799152,-0.0010070954449474812,2161.322,0.020858493740730122,0.01668252535227906,2163.2587698799152,0.0018229635372993614
2163.724287153399,0.000839246204122901,2161.785,0.0034292645196769556,0.01757823193253137,2163.724287153399,0.0018091208733181502
2164.189804426883,0.0028534370940178633,2162.255,0.012143879130203539,0.0182945597790208,2164.189804426883,0.0017956996775679726
2164.655321700367,0.0011749446857720613,2162.72,0.027071821688358977,0.01879047677531194,2164.655321700367,0.001774550192076378
2165.120838973851,-0.000839246204122901,2163.186,0.04885829328586855,0.019049998136621258,2165.120838973851,0.0017267248432260617
2165.5863562473346,-0.0005035477224737406,2163.645,0.029573108351256705,0.019085323737388624,2165.5863562473346,0.0016648779634722076
2166.051873520819,0.0011749446857720613,2164.111,0.009965257941975336,0.018934759107729952,2166.051873520819,0.0016431466433566694
2166.5173907943026,0.0011749446857720613,2164.577,0.005607885707905158,0.018654959942928775,2166.5173907943026,0.001652036541306677
2166.9829080677864,0.0011749446857720613,2165.041,0.0009279778567794494,0.018309468667423376,2166.9829080677864,0.001639491174536696
2167.4484253412706,-0.0001678492408245802,2165.507,0.011821343513148008,0.01795703631672267,2167.4484253412706,0.0016103749075509514
2167.9139426147544,-0.000839246204122901,2165.974,0.040143678675341965,0.017642841883097473,2167.9139426147544,0.0016009504657380283
2168.3794598882387,-0.0015106431674212217,2166.44,0.016501121506659944,0.017393920679641385,2168.3794598882387,0.0016327230092486025
2168.8449771617225,-0.0005035477224737406,2166.9,0.003106728902621425,0.01721833383397033,2168.8449771617225,0.0017106309165398786
2169.3104944352062,0.0011749446857720613,2167.37,0.022714579311902794,0.017106924825312994,2169.3104944352062,0.0017624818027059857
2169.7760117086905,0.0011749446857720613,2167.833,0.005285350090849628,0.017036723555853124,2169.7760117086905,0.0018138474865370166
2170.2415289821743,-0.0010070954449474812,2168.296,0.05571682232522246,0.01697523950820315,2170.2415289821743,0.0018764715109206354
2170.707046255658,-0.0041962312534451485,2168.767,0.003106728902621425,0.016884696695317968,2170.707046255658,0.001923112634487005
2171.1725635291423,-0.004364080261439085,2169.229,0.016501121506659944,0.016725329019577843,2171.1725635291423,0.00191972444148846
2171.638080802626,-0.0028534370940178633,2169.695,0.005607885707905158,0.0164577179415267,2171.638080802626,0.0019213609699273505
2172.10359807611,-0.0030212863348424435,2170.16,0.003106728902621425,0.01604534692385951,2172.10359807611,0.001949013404156739
2172.569115349594,-0.0031891355756670237,2170.625,0.005285350090849628,0.015459013342076793,2172.569115349594,0.00199422359133778
2173.034632623078,-0.0010070954449474812,2171.085,0.029573108351256705,0.014683929540850156,2173.034632623078,0.002022770360569511
2173.500149896562,0.0011749446857720613,2171.551,0.025215736117186305,0.013728644616015289,2173.500149896562,0.0020361977250298612
2173.965667170046,0.002517738612368703,2172.015,0.00746397127907783,0.012633297923971125,2173.965667170046,0.00208555064044398
2174.4311844435297,0.0005035477224737406,2172.48,0.025215736117186305,0.01147410092088098,2174.4311844435297,0.0021401030358682376
2174.896701717014,-0.0031891355756670237,2172.948,0.020535828266060596,0.010361571623646145,2174.896701717014,0.00221090971671143
2175.3622189904977,-0.0041962312534451485,2173.411,0.005607885707905158,0.009431426352806142,2175.3622189904977,0.0022455729167733147
2175.8277362639815,-0.0018463416490703821,2173.881,0.0077865068961333606,0.008828624285309032,2175.8277362639815,0.0022539611654718208
2176.2932535374657,0.0005035477224737406,2174.344,0.00746397127907783,0.008686582148202292,2176.2932535374657,0.002254874002301186
2176.7587708109495,0.0018463416490703821,2174.807,0.005285350090849628,0.009104737064226494,2176.7587708109495,0.0022740497839551354
2177.2242880844337,0.0030212863348424435,2175.27,0.001250643331448753,0.010128148957437836,2177.2242880844337,0.0023292004557863713
2177.6898053579175,0.0041962312534451485,2175.736,0.011821343513148008,0.01173269333612831,2177.6898053579175,0.0023975132744895734
2178.1553226314013,0.002517738612368703,2176.206,0.001250643331448753,0.01381877899997961,2178.1553226314013,0.0024566401398728836
2178.6208399048855,0.000839246204122901,2176.671,0.00746397127907783,0.016215557684188014,2178.6208399048855,0.0025010361737194285
2179.0863571783693,0.0005035477224737406,2177.13,0.001250643331448753,0.01869630559577935,2179.0863571783693,0.002534511038371019
2179.551874451853,0.0011749446857720613,2177.595,0.03360781511065736,0.02100400945566327,2179.551874451853,0.002590658845539148
2180.0173917253373,0.0021820401307195425,2178.06,0.02925044287658718,0.02288420786540272,2180.0173917253373,0.0026455340208085907
2180.482908998821,0.0018463416490703821,2178.525,0.003106728902621425,0.02412019966630547,2180.482908998821,0.002656831428595548
2180.948426272305,0.0005035477224737406,2178.992,0.11203921674778261,0.0245644910172588,2180.948426272305,0.0026482889865463146
2181.413943545789,-0.0011749446857720613,2179.458,0.009642592467306033,0.024160365846394576,2181.413943545789,0.002634631358283158
2181.879460819273,-0.000839246204122901,2179.926,0.003106728902621425,0.022949143379144422,2181.879460819273,0.00263779545540195
2182.344978092757,-0.0003356984816491604,2180.388,0.022714579311902794,0.021062036001886275,2182.344978092757,0.002651050120586392
2182.810495366241,-0.0021820401307195425,2180.856,0.023037114928958324,0.018699292678392862,2182.810495366241,0.0026793090575585226
2183.2760126397247,-0.0041962312534451485,2181.318,0.001250643331448753,0.01610157454107158,2183.2760126397247,0.002733768931787048
2183.741529913209,-0.0036926832981407642,2181.781,0.016501121506659944,0.013518688985900371,2183.741529913209,0.0027732039746383814
2184.2070471866928,-0.0031891355756670237,2182.251,0.00746397127907783,0.011179951959287,2184.2070471866928,0.002801265540844881
2184.6725644601765,-0.0041962312534451485,2182.71,0.0009279778567794494,0.009269495350701555,2184.6725644601765,0.0028215885375950647
2185.138081733661,-0.00553902518004179,2183.181,0.001250643331448753,0.007908922966552526,2185.138081733661,0.0028243291099010197
2185.6035990071446,-0.004867628216743469,2183.647,0.012143879130203539,0.007148742614448879,2185.6035990071446,0.002826999780065806
2186.0691162806284,-0.0031891355756670237,2184.112,0.001250643331448753,0.006968934039553142,2186.0691162806284,0.0028591814556846768
2186.5346335541126,-0.0030212863348424435,2184.57,0.0009279778567794494,0.0072879288430594815,2186.5346335541126,0.002899800721213333
2187.0001508275964,-0.0038605325389653444,2185.037,0.014322500318431741,0.007978346387456143,2187.0001508275964,0.0029399512316627147
2187.4656681010806,-0.003524834057316184,2185.503,0.020858493740730122,0.008887126474553883,2187.4656681010806,0.0029653565189801732
2187.9311853745644,-0.0028534370940178633,2185.97,0.00746397127907783,0.009857247216220074,2187.9311853745644,0.0029599103258609247
2188.396702648048,-0.0023498893715441227,2186.436,0.0077865068961333606,0.010748198130971727,2188.396702648048,0.002948744499291654
2188.8622199215324,-0.002517738612368703,2186.9,0.012143879130203539,0.011452908054017885,2188.8622199215324,0.0029417522368917915
2189.327737195016,-0.003524834057316184,2187.362,0.012143879130203539,0.011909573851803596,2189.327737195016,0.002933958156649903
2189.7932544685,-0.00553902518004179,2187.83,0.03610897191594109,0.012107328098155654,2189.7932544685,0.0028764102530995615
2190.258771741984,-0.00587472366169095,2188.292,0.012143879130203539,0.01208495336337782,2190.258771741984,0.002816119721833585
2190.724289015468,-0.004867628216743469,2188.763,0.003106728902621425,0.011922432086735718,2190.724289015468,0.002788469344645152
2191.1898062889522,-0.003524834057316184,2189.225,0.0077865068961333606,0.011726329986113886,2191.1898062889522,0.002777307630064509
2191.655323562436,-0.004531929735094309,2189.691,0.016501121506659944,0.011611396025525939,2191.655323562436,0.0027458249749789617
2192.12084083592,-0.00520332669839263,2190.155,0.001250643331448753,0.011681526736174229,2192.12084083592,0.002677779426732795
2192.586358109404,-0.003524834057316184,2190.621,0.003106728902621425,0.012013129971548622,2192.586358109404,0.002593224656565964
2193.051875382888,-0.0015106431674212217,2191.086,0.012143879130203539,0.012643272306858997,2193.051875382888,0.0025359974838051243
2193.5173926563716,0.0005035477224737406,2191.552,0.00746397127907783,0.01356407081606738,2193.5173926563716,0.0025233040918299157
2193.982909929856,0.0031891355756670237,2192.011,0.020858493740730122,0.014723623754668283,2193.982909929856,0.0024943810858684586
2194.4484272033396,0.0031891355756670237,2192.477,0.025215736117186305,0.016032550793214136,2194.4484272033396,0.002454557470124737
2194.9139444768234,0.0011749446857720613,2192.945,0.025215736117186305,0.017374353725393296,2194.9139444768234,0.0024145159243224744
2195.3794617503077,-0.0005035477224737406,2193.407,0.01399996470137621,0.018617687199585495,2195.3794617503077,0.0023896945242979782
2195.8449790237914,-0.002517738612368703,2193.87,0.00746397127907783,0.019629290963046154,2195.8449790237914,0.0024363664887743636
2196.3104962972757,-0.004531929735094309,2194.34,0.00746397127907783,0.020287315330890173,2196.3104962972757,0.0024713874211722553
2196.7760135707595,-0.0031891355756670237,2194.804,0.011821343513148008,0.020495236253892976,2196.7760135707595,0.0024986656722107608
2197.2415308442432,-0.0001678492408245802,2195.266,0.025215736117186305,0.02019588286201243,2197.2415308442432,0.0025171671025709746
2197.7070481177275,-0.0001678492408245802,2195.732,0.079682044968574,0.019383465729501354,2197.7070481177275,0.002541515634669149
2198.1725653912113,-0.0021820401307195425,2196.202,0.003106728902621425,0.018110013455063082,2198.1725653912113,0.002532555834452488
2198.638082664695,-0.0023498893715441227,2196.66,0.023037114928958324,0.01648278258808754,2198.638082664695,0.002521951279754918
2199.1035999381793,-0.002517738612368703,2197.126,0.005285350090849628,0.014651557218245797,2199.1035999381793,0.0025294390231837814
2199.569117211663,-0.0011749446857720613,2197.591,0.0009279778567794494,0.012788080419657686,2199.569117211663,0.0025028207284215963
2200.034634485147,-0.0028534370940178633,2198.056,0.005607885707905158,0.011062196290552646,2200.034634485147,0.0025154339375055013
2200.500151758631,-0.0038605325389653444,2198.522,0.005285350090849628,0.009619705657434051,2200.500151758631,0.002536801355120399
2200.965669032115,-0.0041962312534451485,2198.989,0.001250643331448753,0.008565882201791532,2200.965669032115,0.0025015110928888256
2201.431186305599,-0.003524834057316184,2199.454,0.001250643331448753,0.007956910843422656,2201.431186305599,0.0024279556198235045
2201.896703579083,-0.0015106431674212217,2199.915,0.012143879130203539,0.007799781583061962,2201.896703579083,0.0023824432089131907
2202.3622208525667,-0.0005035477224737406,2200.384,0.001250643331448753,0.0080596280642351,2202.3622208525667,0.0023858149541454506
2202.827738126051,0.0003356984816491604,2200.845,0.03142919392242938,0.008672231360491693,2202.827738126051,0.0023961810207235846
2203.2932553995347,-0.0005035477224737406,2201.314,0.003106728902621425,0.00955860003668992,2203.2932553995347,0.0023965798725351967
2203.7587726730185,-0.0021820401307195425,2201.778,0.005285350090849628,0.010638422630131567,2203.7587726730185,0.0023678336765777432
2204.2242899465027,-0.0023498893715441227,2202.24,0.05103691447409675,0.01183978143803493,2204.2242899465027,0.0023276955004829314
2204.6898072199865,-0.0011749446857720613,2202.706,0.0009279778567794494,0.013103555609357135,2204.6898072199865,0.0022840005429472813
2205.1553244934703,-0.0021820401307195425,2203.174,0.0009279778567794494,0.014382258849909681,2205.1553244934703,0.002263644650034259
2205.6208417669545,-0.003524834057316184,2203.64,0.020858493740730122,0.015634624434069575,2205.6208417669545,0.002229211715452088
2206.0863590404383,-0.003524834057316184,2204.104,0.012143879130203539,0.016818636122063843,2206.0863590404383,0.00218187157075635
2206.5518763139225,-0.0018463416490703821,2204.57,0.003106728902621425,0.017886197099174717,2206.5518763139225,0.0021261226191871354
2207.0173935874063,-0.000839246204122901,2205.037,0.001250643331448753,0.018782091669498135,2207.0173935874063,0.002053864445403514
2207.48291086089,-0.000839246204122901,2205.495,0.018679742694887924,0.01944868464869395,2207.48291086089,0.0019810079921271755
2207.9484281343744,0.0005035477224737406,2205.96,0.00746397127907783,0.019836036598812973,2207.9484281343744,0.001940503857497484
2208.413945407858,0.0011749446857720613,2206.426,0.09678860871495765,0.019914868424503306,2208.413945407858,0.001927417781782012
2208.879462681342,0.0005035477224737406,2206.896,0.005285350090849628,0.019687905508944326,2208.879462681342,0.0019030137367679072
2209.344979954826,-0.000839246204122901,2207.358,0.014322500318431741,0.01919499265295898,2209.344979954826,0.00185816128279555
2209.81049722831,-0.000839246204122901,2207.826,0.014322500318431741,0.018509655124351897,2209.81049722831,0.0018516603925103933
2210.276014501794,-0.0001678492408245802,2208.288,0.003106728902621425,0.017728224089943234,2210.276014501794,0.0018607188789283595
2210.741531775278,-0.0005035477224737406,2208.755,0.009642592467306033,0.01695500372514758,2210.741531775278,0.0018490986910908818
2211.2070490487617,-0.0005035477224737406,2209.22,0.03360781511065736,0.016287172479766028,2211.2070490487617,0.0017890610428990164
2211.672566322246,-0.0005035477224737406,2209.685,0.014322500318431741,0.015801885556823853,2211.672566322246,0.0017481251608709534
2212.1380835957298,-0.000839246204122901,2210.145,0.009642592467306033,0.01554670099239885,2212.1380835957298,0.0017481025440807879
2212.6036008692136,-0.0023498893715441227,2210.611,0.003106728902621425,0.015533833260977953,2212.6036008692136,0.0017388569670199084
2213.069118142698,-0.0015106431674212217,2211.077,0.016501121506659944,0.01573874650957249,2213.069118142698,0.00171328720263563
2213.5346354161816,-0.000839246204122901,2211.543,0.022714579311902794,0.016103476904823874,2213.5346354161816,0.001687154109812109
2214.0001526896654,-0.0028534370940178633,2212.008,0.016501121506659944,0.016544383158331722,2214.0001526896654,0.0016533276782949421
2214.4656699631496,-0.004867628216743469,2212.474,0.016178585889604413,0.016963159783227277,2214.4656699631496,0.001625266110830763
2214.9311872366334,-0.004867628216743469,2212.937,0.03142919392242938,0.017259531548490397,2214.9311872366334,0.0016244910219529018
2215.3967045101176,-0.0021820401307195425,2213.406,0.001250643331448753,0.017344225259664066,2215.3967045101176,0.0016519645898674159
2215.8622217836014,-0.0015106431674212217,2213.866,0.001250643331448753,0.017151295532952488,2215.8622217836014,0.001677789291765842
2216.327739057085,-0.0028534370940178633,2214.336,0.024893200500130774,0.016649218966474557,2216.327739057085,0.0016859698878506075
2216.7932563305694,-0.00553902518004179,2214.796,0.03796505748711376,0.015849918795472904,2216.7932563305694,0.0017093397940448867
2217.258773604053,-0.00587472366169095,2215.266,0.020858493740730122,0.014814074943979119,2217.258773604053,0.0017421505906682364
2217.724290877537,-0.004699778743088245,2215.725,0.0077865068961333606,0.01365058495446006,2217.724290877537,0.0017466202101647495
2218.189808151021,-0.0021820401307195425,2216.195,0.018679742694887924,0.012508741028081465,2218.189808151021,0.0016961385856594292
2218.655325424505,-0.0021820401307195425,2216.661,0.014322500318431741,0.011563327754081391,2218.655325424505,0.0016144436316843072
2219.120842697989,-0.003524834057316184,2217.126,0.003106728902621425,0.010994417297551936,2219.120842697989,0.0015740772437569952
2219.586359971473,-0.003524834057316184,2217.592,0.00746397127907783,0.010964571277156403,2219.586359971473,0.001548073676861264
2220.051877244957,-0.0021820401307195425,2218.052,0.012143879130203539,0.011596514717452728,2220.051877244957,0.0015014736731469485
2220.517394518441,0.0001678492408245802,2218.517,0.00746397127907783,0.012954253731710493,2220.517394518441,0.0014598490513984368
2220.982911791925,0.0011749446857720613,2218.982,0.00746397127907783,0.015030121680193012,2220.982911791925,0.0014469295054900997
2221.4484290654086,-0.0001678492408245802,2219.448,0.023037114928958324,0.017739510678028706,2221.4484290654086,0.0014563827344631563
2221.913946338893,-0.000839246204122901,2219.911,0.025215736117186305,0.020924240526447365,2221.913946338893,0.0014581837405107248
2222.3794636123766,0.0005035477224737406,2220.38,0.00746397127907783,0.024364764168900814,2222.3794636123766,0.0014297726644282715
2222.8449808858604,0.0005035477224737406,2220.842,0.001250643331448753,0.02780081949222588,2222.8449808858604,0.0014126733865814764
2223.3104981593447,0.0005035477224737406,2221.305,0.011821343513148008,0.030959481924942946,2223.3104981593447,0.0014126877780597047
2223.7760154328284,0.0003356984816491604,2221.774,0.03578643629888556,0.03358810645583629,2223.7760154328284,0.0014264502602048096
2224.2415327063127,-0.0005035477224737406,2222.237,0.17739863154031088,0.035486984212971,2224.2415327063127,0.001405983347637107
2224.7070499797965,-0.0001678492408245802,2222.702,0.014322500318431741,0.03653404788097649,2224.7070499797965,0.0013620149508258798
2225.1725672532802,-0.0005035477224737406,2223.167,0.001250643331448753,0.03669456989842124,2225.1725672532802,0.0013534745634049075
2225.6380845267645,-0.0021820401307195425,2223.633,0.016501121506659944,0.03601391183609912,2225.6380845267645,0.0013583512598310421
2226.1036018002483,-0.003524834057316184,2224.1,0.03360781511065736,0.03459812947960531,2226.1036018002483,0.0013865217935992843
2226.569119073732,-0.0028534370940178633,2224.566,0.005607885707905158,0.032590864315202216,2226.569119073732,0.0014358356418246632
2227.0346363472163,-0.0005035477224737406,2225.026,0.03393035072771289,0.030153890597160553,2227.0346363472163,0.0014561935890864623
2227.5001536207,0.0011749446857720613,2225.492,0.025215736117186305,0.027455148839180744,2227.5001536207,0.0014328380766747346
2227.965670894184,0.0001678492408245802,2225.959,0.047002207714695876,0.024664584702817533,2227.965670894184,0.0013883536382240265
2228.431188167668,-0.0003356984816491604,2226.425,0.00746397127907783,0.021955683669286068,2228.431188167668,0.0013515830977997995
2228.896705441152,0.0005035477224737406,2226.885,0.005607885707905158,0.01950952030777675,2228.896705441152,0.0013668772573651375
2229.362222714636,0.0011749446857720613,2227.355,0.016178585889604413,0.017518145207859392,2229.362222714636,0.0013712235205281162
2229.82773998812,0.0003356984816491604,2227.815,0.08186066615680199,0.016184309933581283,2229.82773998812,0.0013599158338076748
2230.2932572616037,-0.000839246204122901,2228.285,0.018357207077832394,0.01571442187197062,2230.2932572616037,0.0013634356078242762
2230.758774535088,-0.0001678492408245802,2228.751,0.003106728902621425,0.01630220617166707,2230.758774535088,0.0013251703935682692
2231.2242918085717,0.0011749446857720613,2229.214,0.001250643331448753,0.018103024062905586,2231.2242918085717,0.0012781386387110578
2231.6898090820555,0.0018463416490703821,2229.68,0.046679672097640346,0.02120242366156756,2231.6898090820555,0.001239745956515041
2232.1553263555397,0.0011749446857720613,2230.145,0.00746397127907783,0.025585114869905883,2232.1553263555397,0.0012243181576586783
2232.6208436290235,-0.0005035477224737406,2230.611,0.01399996470137621,0.0311111919058272,2232.6208436290235,0.0012152226665428755
2233.0863609025073,-0.0005035477224737406,2231.07,0.003106728902621425,0.0375058671295511,2233.0863609025073,0.0012070153427373653
2233.5518781759915,-0.000839246204122901,2231.536,0.0009279778567794494,0.04436775203596955,2233.5518781759915,0.001224758131167514
2234.0173954494753,-0.0018463416490703821,2232.0,0.023037114928958324,0.05119806755013206,2234.0173954494753,0.0012480416858715406
2234.4829127229596,-0.0001678492408245802,2232.466,0.21911548916415713,0.057448419381578186,2234.4829127229596,0.0012690143606090862
2234.9484299964433,0.0005035477224737406,2232.934,0.046679672097640346,0.06257926817218969,2234.9484299964433,0.0012836095001658467
2235.413947269927,-0.0015106431674212217,2233.396,0.009642592467306033,0.06611848621758712,2235.413947269927,0.0012823821024920163
2235.8794645434114,-0.003524834057316184,2233.866,0.003106728902621425,0.06771190549871733,2235.8794645434114,0.001275143127487827
2236.344981816895,-0.0021820401307195425,2234.329,0.02925044287658718,0.06716285149238727,2236.344981816895,0.001276185490749766
2236.810499090379,-0.0001678492408245802,2234.797,0.28415249819724386,0.06445933414071182,2236.810499090379,0.0012980586682273334
2237.276016363863,0.0005035477224737406,2235.26,0.06443143693574904,0.05978414169259612,2237.276016363863,0.0013120616959206854
2237.741533637347,0.0010070954449474812,2235.725,0.016178585889604413,0.05350030888980212,2237.741533637347,0.0013547225127542655
2238.2070509108307,0.0005035477224737406,2236.188,0.00746397127907783,0.04610861367633329,2238.2070509108307,0.0013589988740954858
2238.672568184315,-0.0011749446857720613,2236.654,0.029573108351256705,0.03818341487079293,2238.672568184315,0.0013376355704769409
2239.1380854577988,-0.0018463416490703821,2237.118,0.003106728902621425,0.03030069785406483,2239.1380854577988,0.0013531188768876928
2239.603602731283,-0.0021820401307195425,2237.584,0.0034292645196769556,0.022972966859200774,2239.603602731283,0.0014208950963553756
2240.069120004767,-0.000839246204122901,2238.049,0.011821343513148008,0.016601368343320228,2240.069120004767,0.0015009000649215088
2240.5346372782506,-0.0001678492408245802,2238.515,0.0009279778567794494,0.01144988134641873,2240.5346372782506,0.001543930951776665
2241.000154551735,-0.0001678492408245802,2238.975,0.027394357305414507,0.007641467860915149,2241.000154551735,0.0015715916088682234
2241.4656718252186,-0.0001678492408245802,2239.441,0.003106728902621425,0.005172277154984701,2241.4656718252186,0.0015950704778929703
2241.9311890987024,0.0003356984816491604,2239.911,0.029573108351256705,0.003937724268662019,2241.9311890987024,0.0016425380898670804
2242.3967063721866,-0.000839246204122901,2240.373,0.001250643331448753,0.0037637478230842427,2242.3967063721866,0.001711737022817997
2242.8622236456704,-0.0028534370940178633,2240.841,0.001250643331448753,0.004437583918898305,2242.8622236456704,0.00179356972222641
2243.3277409191546,-0.0041962312534451485,2241.303,0.016501121506659944,0.005734309308636471,2243.3277409191546,0.001833214471646701
2243.7932581926384,-0.0041962312534451485,2241.771,0.0009279778567794494,0.007437355636556698,2243.7932581926384,0.0018517487953948703
2244.258775466122,-0.003524834057316184,2242.234,0.016178585889604413,0.009352592124208498,2244.258775466122,0.001893494715645989
2244.7242927396064,-0.0031891355756670237,2242.699,0.001250643331448753,0.011316378348343321,2244.7242927396064,0.0019449652495602582
2245.18981001309,-0.0021820401307195425,2243.16,0.031751729539484685,0.013198450817944263,2245.18981001309,0.0019949719520214832
2245.655327286574,-0.0021820401307195425,2243.625,0.001250643331448753,0.014900799235091786,2245.655327286574,0.0020260680909019633
2246.1208445600582,-0.0028534370940178633,2244.092,0.00746397127907783,0.016353907845766846,2246.1208445600582,0.0020790559105814204
2246.586361833542,-0.0023498893715441227,2244.558,0.022714579311902794,0.01751190275371021,2246.586361833542,0.0021292764309585564
2247.051879107026,-0.0015106431674212217,2245.022,0.016501121506659944,0.018348059343371123,2247.051879107026,0.0021852618154000864
2247.51739638051,0.0005035477224737406,2245.488,0.01399996470137621,0.01885161342278318,2247.51739638051,0.0022241294185393716
2247.982913653994,0.0011749446857720613,2245.96,0.01399996470137621,0.019026091027217393,2247.982913653994,0.0022422525569598135
2248.448430927478,-0.0003356984816491604,2246.419,0.03578643629888556,0.018888745873212147,2248.448430927478,0.0022593024930933976
2248.913948200962,-0.0030212863348424435,2246.881,0.023037114928958324,0.018470253211384107,2248.913948200962,0.0023041960649528613
2249.3794654744456,-0.003524834057316184,2247.351,0.005285350090849628,0.017813646040716915,2249.3794654744456,0.002347136490930056
2249.84498274793,-0.0028534370940178633,2247.812,0.014322500318431741,0.016971801153789427,2249.84498274793,0.0023495254975197453
2250.3105000214136,-0.0031891355756670237,2248.281,0.04232242972118394,0.016003433814668025,2250.3105000214136,0.00234625654897733
2250.7760172948974,-0.0021820401307195425,2248.747,0.001250643331448753,0.014968054339913304,2250.7760172948974,0.002394225811329436
2251.2415345683817,-0.0001678492408245802,2249.21,0.012143879130203539,0.01392061748033382,2251.2415345683817,0.0024746172944237286
2251.7070518418655,-0.0001678492408245802,2249.676,0.001250643331448753,0.012907020800000684,2251.7070518418655,0.002544901761777343
2252.1725691153492,-0.0021820401307195425,2250.14,0.003106728902621425,0.01196207430917394,2252.1725691153492,0.0025751241241726776
2252.6380863888335,-0.003524834057316184,2250.606,0.018679742694887924,0.011111421470539893,2252.6380863888335,0.0026115060916845527
2253.1036036623173,-0.0031891355756670237,2251.07,0.001250643331448753,0.010377875997518967,2253.1036036623173,0.002616822760718328
2253.5691209358015,-0.0011749446857720613,2251.536,0.003106728902621425,0.009791215667606828,2253.5691209358015,0.0026352378424259137
2254.0346382092853,0.0021820401307195425,2252.001,0.018679742694887924,0.009399220931701445,2254.0346382092853,0.0026544218467566606
2254.500155482769,0.0021820401307195425,2252.466,0.025215736117186305,0.009276838060487293,2254.500155482769,0.0026683035740908277
2254.9656727562533,-0.0021820401307195425,2252.929,0.01399996470137621,0.009529817946895528,2254.9656727562533,0.0026723928449602485
2255.431190029737,-0.0068818191066384315,2253.392,0.05353820113699426,0.010289372754313995,2255.431190029737,0.0026893482069467473
2255.896707303221,-0.008224613033235073,2253.859,0.003106728902621425,0.011695787690982192,2255.896707303221,0.0026792596949238917
2256.362224576705,-0.006546120624989271,2254.322,0.0034292645196769556,0.01387162912083404,2256.362224576705,0.0026447424683621545
2256.827741850189,-0.0041962312534451485,2254.785,0.003106728902621425,0.01688860011968224,2256.827741850189,0.0026125813492898285
2257.293259123673,-0.0038605325389653444,2255.255,0.003106728902621425,0.02073492112896437,2257.293259123673,0.0026096516308685403
2257.758776397157,-0.003524834057316184,2255.721,0.03393035072771289,0.025291071342617648,2257.758776397157,0.002613576426285307
2258.2242936706407,-0.0023498893715441227,2256.186,0.003106728902621425,0.030320579588256995,2258.2242936706407,0.0026181056688811366
2258.689810944125,-0.0011749446857720613,2256.645,0.025215736117186305,0.03548019392804492,2258.689810944125,0.002623247582427947
2259.1553282176087,-0.0015106431674212217,2257.111,0.001250643331448753,0.040351096294116255,2259.1553282176087,0.002639318888799036
2259.6208454910925,-0.0018463416490703821,2257.577,0.003106728902621425,0.04448986924634176,2259.6208454910925,0.0026259943223860254
2260.0863627645767,-0.0021820401307195425,2258.041,0.025215736117186305,0.047493953094729945,2260.0863627645767,0.002597400267404026
2260.5518800380605,-0.0028534370940178633,2258.507,0.2710805113526471,0.04907099217538134,2260.5518800380605,0.0025765776768291292
2261.0173973115443,-0.0021820401307195425,2258.974,0.005607885707905158,0.04909635352529692,2261.0173973115443,0.002598029385750549
2261.4829145850285,-0.0005035477224737406,2259.44,0.11421783793601081,0.047642225400869674,2261.4829145850285,0.0025913886897371463
2261.9484318585123,0.0011749446857720613,2259.9,0.003106728902621425,0.04496818139567158,2261.9484318585123,0.002536951431269256
2262.4139491319966,0.0005035477224737406,2260.37,0.025215736117186305,0.04147472240587498,2262.4139491319966,0.002468282932322984
2262.8794664054803,-0.0023498893715441227,2260.83,0.003106728902621425,0.03763185652838951,2262.8794664054803,0.0024079183873150656
2263.344983678964,-0.003524834057316184,2261.3,0.01399996470137621,0.03389978983909303,2263.344983678964,0.0023416491743054914
2263.8105009524484,-0.0030212863348424435,2261.763,0.005607885707905158,0.03065808965148332,2263.8105009524484,0.002299450945050214
2264.276018225932,-0.0015106431674212217,2262.225,0.023037114928958324,0.028155339587468395,2264.276018225932,0.0022718540227642625
2264.741535499416,-0.000839246204122901,2262.691,0.025215736117186305,0.026485567037679347,2264.741535499416,0.0022476082874614512
2265.2070527729,-0.000839246204122901,2263.155,0.012143879130203539,0.025592227934305302,2265.2070527729,0.0021982122016109876
2265.672570046384,-0.0011749446857720613,2263.621,0.025215736117186305,0.025296195294064953,2265.672570046384,0.0021458308864795135
2266.1380873198677,-0.0028534370940178633,2264.086,0.022714579311902794,0.025341203888877034,2266.1380873198677,0.0020852443028409845
2266.603604593352,-0.0041962312534451485,2264.552,0.020858493740730122,0.025448197083106174,2266.603604593352,0.0020147850778244173
2267.0691218668358,-0.003524834057316184,2265.019,0.14068421738464587,0.025368676677399633,2267.0691218668358,0.0019376995488088295
2267.53463914032,-0.0018463416490703821,2265.485,0.009965257941975336,0.02492693330784983,2267.53463914032,0.0018599067756277403
2268.000156413804,-0.002517738612368703,2265.948,0.014322500318431741,0.024043247215914998,2268.000156413804,0.0018207328387098343
2268.4656736872876,-0.0041962312534451485,2266.411,0.0034292645196769556,0.02273539304274219,2268.4656736872876,0.0017965282259569584
2268.931190960772,-0.0041962312534451485,2266.881,0.016501121506659944,0.021102098096338152,2268.931190960772,0.0017769104190976488
2269.3967082342556,-0.0038605325389653444,2267.343,0.003106728902621425,0.019296135359135592,2269.3967082342556,0.0017544430723734912
2269.8622255077394,-0.0028534370940178633,2267.811,0.001250643331448753,0.01749504099543727,2269.8622255077394,0.001746589368564579
2270.3277427812236,-0.0021820401307195425,2268.273,0.025215736117186305,0.015875266946213367,2270.3277427812236,0.0017551585406018048
2270.7932600547074,-0.0015106431674212217,2268.739,0.012143879130203539,0.014592675783500885,2270.7932600547074,0.0017707590375334323
2271.258777328191,-0.0005035477224737406,2269.202,0.023037114928958324,0.013769661520046808,2271.258777328191,0.0017891165539041846
2271.7242946016754,0.0005035477224737406,2269.667,0.0077865068961333606,0.013487406330098628,2271.7242946016754,0.0017922703718413785
2272.189811875159,0.0011749446857720613,2270.133,0.05353820113699426,0.01378114869186113,2272.189811875159,0.0017979324401171243
2272.6553291486434,0.002517738612368703,2270.599,0.0009279778567794494,0.014636755441903834,2272.6553291486434,0.0017877226284908347
2273.120846422127,0.002517738612368703,2271.064,0.003106728902621425,0.015988159947459918,2273.120846422127,0.00178716752500134
2273.586363695611,0.0001678492408245802,2271.529,0.003106728902621425,0.017717022821949622,2273.586363695611,0.0017612420850425254
2274.0518809690952,-0.0001678492408245802,2271.996,0.014322500318431741,0.019657401724598286,2274.0518809690952,0.0017863389819197087
2274.517398242579,0.002517738612368703,2272.462,0.003106728902621425,0.02160820428425864,2274.517398242579,0.0018416130097593636
2274.982915516063,0.0031891355756670237,2272.922,0.0077865068961333606,0.023354512564538854,2274.982915516063,0.0018858918544453806
2275.448432789547,0.0011749446857720613,2273.385,0.05353820113699426,0.024696199632002192,2275.448432789547,0.001928653413115244
2275.913950063031,-0.0001678492408245802,2273.856,0.005285350090849628,0.025479438779144912,2275.913950063031,0.0019466244112361284
2276.379467336515,-0.0001678492408245802,2274.318,0.11018313117660994,0.025624494924211788,2276.379467336515,0.0019335712296928813
2276.844984609999,0.0005035477224737406,2274.782,0.022714579311902794,0.025142521520504356,2276.844984609999,0.0019343627680795284
2277.3105018834826,-0.0005035477224737406,2275.252,0.016501121506659944,0.02413582850210921,2277.3105018834826,0.0019274280726506298
2277.776019156967,-0.0015106431674212217,2275.71,0.020858493740730122,0.02278021034142359,2277.776019156967,0.0019445396862180465
2278.2415364304507,0.0005035477224737406,2276.177,0.012143879130203539,0.021292889708721653,2278.2415364304507,0.0019713800218695353
2278.7070537039344,0.0003356984816491604,2276.643,0.003106728902621425,0.019893195531195264,2278.7070537039344,0.00195464670190739
2279.1725709774187,-0.0011749446857720613,2277.108,0.009965257941975336,0.018764128562286892,2279.1725709774187,0.0019598173983564715
2279.6380882509025,-0.000839246204122901,2277.574,0.00746397127907783,0.01802195337676985,2279.6380882509025,0.001970312987026612
2280.1036055243862,-0.0001678492408245802,2278.04,0.00746397127907783,0.017698825982109402,2280.1036055243862,0.001981012113954802
2280.5691227978705,0.0011749446857720613,2278.506,0.022714579311902794,0.01774085519160672,2280.5691227978705,0.0020674850786737958
2281.0346400713543,0.0038605325389653444,2278.97,0.003106728902621425,0.018021367144335217,2281.0346400713543,0.0021679137845544553
2281.5001573448385,0.004531929735094309,2279.436,0.0009279778567794494,0.01836684659819343,2281.5001573448385,0.002222786906105385
2281.9656746183223,0.0018463416490703821,2279.9,0.020858493740730122,0.018591098367408267,2281.9656746183223,0.002258696009834727
2282.431191891806,0.0005035477224737406,2280.362,0.11018313117660994,0.01853139097059153,2282.431191891806,0.00231478213478071
2282.8967091652903,-0.0001678492408245802,2280.826,0.012143879130203539,0.018079042790661925,2282.8967091652903,0.0023570564347133636
2283.362226438774,-0.0001678492408245802,2281.296,0.003106728902621425,0.01719751984506966,2283.362226438774,0.0023826714286054817
2283.827743712258,-0.0001678492408245802,2281.755,0.00746397127907783,0.015924673152638045,2283.827743712258,0.002394606177834988
2284.293260985742,-0.0003356984816491604,2282.22,0.003106728902621425,0.01436076447736283,2284.293260985742,0.0024130747137805675
2284.758778259226,-0.0015106431674212217,2282.686,0.023037114928958324,0.012647371997273905,2284.758778259226,0.002424631169353467
2285.2242955327097,-0.0018463416490703821,2283.152,0.0009279778567794494,0.010942788110406174,2285.2242955327097,0.002453062804831497
2285.689812806194,-0.000839246204122901,2283.618,0.003106728902621425,0.009398311149606256,2285.689812806194,0.002484508452643957
2286.1553300796777,-0.0015106431674212217,2284.085,0.0077865068961333606,0.008138501595427651,2286.1553300796777,0.00250960534846024
2286.620847353162,-0.0028534370940178633,2284.551,0.001250643331448753,0.0072474912317460755,2286.620847353162,0.0025033121067847782
2287.0863646266457,-0.0041962312534451485,2285.015,0.0034292645196769556,0.006762524613526622,2287.0863646266457,0.0025051151684901377
2287.5518819001295,-0.0041962312534451485,2285.48,0.00746397127907783,0.00667491245987971,2287.5518819001295,0.002495974445639172
2288.0173991736137,-0.0041962312534451485,2285.941,0.0077865068961333606,0.006937591310789196,2288.0173991736137,0.002480343110726414
2288.4829164470975,-0.0031891355756670237,2286.411,0.005285350090849628,0.007477657090404417,2288.4829164470975,0.0024671110611970866
2288.9484337205813,-0.0028534370940178633,2286.874,0.005285350090849628,0.008211661420436453,2288.9484337205813,0.0024481778817102614
2289.4139509940655,-0.0030212863348424435,2287.336,0.027394357305414507,0.009061139382535237,2289.4139509940655,0.0024262574169994456
2289.8794682675493,-0.003524834057316184,2287.804,0.012143879130203539,0.009965745592552889,2289.8794682675493,0.0024168658687341834
2290.344985541033,-0.0030212863348424435,2288.266,0.001250643331448753,0.010891610885091692,2290.344985541033,0.0023998426600532665
2290.8105028145173,-0.003524834057316184,2288.732,0.04885829328586855,0.011833262109170264,2290.8105028145173,0.002385039869716528
2291.276020088001,-0.0041962312534451485,2289.195,0.003106728902621425,0.01280862513186094,2291.276020088001,0.0024015984335215156
2291.7415373614854,-0.004867628216743469,2289.66,0.003106728902621425,0.013848087236283765,2291.7415373614854,0.002441475505950147
2292.207054634969,-0.00553902518004179,2290.125,0.0077865068961333606,0.014980202285339446,2292.207054634969,0.002472018594067187
2292.672571908453,-0.005035477224737406,2290.591,0.001250643331448753,0.016217932450321014,2292.672571908453,0.0024641690029085393
2293.138089181937,-0.0057068741880357265,2291.056,0.0009279778567794494,0.01754953621130413,2293.138089181937,0.0024470841158155936
2293.603606455421,-0.00587472366169095,2291.521,0.04046634415001127,0.018936973473199822,2293.603606455421,0.0024494196694620453
2294.0691237289047,-0.00587472366169095,2291.986,0.001250643331448753,0.020322507517707807,2294.0691237289047,0.002480844760573959
2294.534641002389,-0.004867628216743469,2292.452,0.023037114928958324,0.02164196256807077,2294.534641002389,0.0025228579548612256
2295.0001582758728,-0.0028534370940178633,2292.915,0.025215736117186305,0.022841517792357425,2295.0001582758728,0.002523517911993111
2295.465675549357,-0.0023498893715441227,2293.384,0.046679672097640346,0.023894040091193888,2295.465675549357,0.002507051864045128
2295.931192822841,-0.0028534370940178633,2293.845,0.040143678675341965,0.02481058689546169,2295.931192822841,0.0024958942608142914
2296.3967100963246,-0.003524834057316184,2294.315,0.03828759310416929,0.02564309235625794,2296.3967100963246,0.0024829068682742776
2296.862227369809,-0.002517738612368703,2294.778,0.011821343513148008,0.026475871468340885,2296.862227369809,0.002475741906196392
2297.3277446432926,-0.002517738612368703,2295.24,0.06443143693574904,0.027406284020653607,2297.3277446432926,0.0024699174188843845
2297.7932619167764,-0.0023498893715441227,2295.706,0.003106728902621425,0.028517811006852065,2297.7932619167764,0.0024676497128706208
2298.2587791902606,-0.0031891355756670237,2296.17,0.003106728902621425,0.029851131589878392,2298.2587791902606,0.0024208913975998433
2298.7242964637444,-0.0021820401307195425,2296.636,0.027071821688358977,0.03138019682909066,2298.7242964637444,0.002330904825475433
2299.189813737228,0.0005035477224737406,2297.103,0.012143879130203539,0.0330003388363775,2299.189813737228,0.0022392817229757046
2299.6553310107124,0.0005035477224737406,2297.569,0.003106728902621425,0.03453367830125937,2299.6553310107124,0.002189805451795577
2300.120848284196,-0.000839246204122901,2298.034,0.001250643331448753,0.03575369582182897,2300.120848284196,0.0021491574031108312
2300.5863655576804,-0.0015106431674212217,2298.5,0.025215736117186305,0.03642636883496775,2300.5863655576804,0.002070377776783183
2301.051882831164,-0.0015106431674212217,2298.967,0.16247068898215544,0.03636008715305552,2301.051882831164,0.0019961870154063385
2301.517400104648,-0.0001678492408245802,2299.425,0.10364713775431156,0.035451771359056625,2301.517400104648,0.001956540208192196
2301.9829173781322,0.002517738612368703,2299.893,0.005285350090849628,0.033715249329124786,2301.9829173781322,0.0019217577622767585
2302.448434651616,0.0021820401307195425,2300.355,0.012143879130203539,0.03128279379657357,2302.448434651616,0.001900729578213804
2302.9139519251,-0.0011749446857720613,2300.822,0.005607885707905158,0.028380315985906214,2302.9139519251,0.0018978800418767367
2303.379469198584,-0.0021820401307195425,2301.285,0.0077865068961333606,0.0252854010739256,2303.379469198584,0.0018710047557735214
2303.844986472068,-0.0015106431674212217,2301.751,0.003106728902621425,0.02228066409899386,2303.844986472068,0.0018498758301965475
2304.3105037455516,-0.0010070954449474812,2302.222,0.014322500318431741,0.019612999386757722,2304.3105037455516,0.0018660828290324625
2304.776021019036,-0.000839246204122901,2302.68,0.020858493740730122,0.017465046531960706,2304.776021019036,0.0018783876479898007
2305.2415382925196,0.0001678492408245802,2303.148,0.003106728902621425,0.015940890282361033,2305.2415382925196,0.0018764982365110225
2305.707055566004,-0.000839246204122901,2303.613,0.05571682232522246,0.015064682260152644,2305.707055566004,0.0018886673630263487
2306.1725728394877,-0.0028534370940178633,2304.078,0.001250643331448753,0.014788923438265753,2306.1725728394877,0.0019269798603718173
2306.6380901129714,-0.0021820401307195425,2304.544,0.005285350090849628,0.015008699529167478,2306.6380901129714,0.001957348197359571
2307.1036073864557,-0.0005035477224737406,2305.011,0.016501121506659944,0.015578937137179451,2307.1036073864557,0.001948883880131156
2307.5691246599395,0.0011749446857720613,2305.47,0.029573108351256705,0.016332873803417153,2307.5691246599395,0.0019314659311281744
2308.0346419334232,0.0011749446857720613,2305.94,0.00746397127907783,0.01710049145466214,2308.0346419334232,0.0019057748674769846
2308.5001592069075,0.000839246204122901,2306.403,0.022714579311902794,0.017725614328375265,2308.5001592069075,0.0018717777940899071
2308.9656764803913,0.0005035477224737406,2306.87,0.029573108351256705,0.018080349358643787,2308.9656764803913,0.001825383384436878
2309.4311937538755,0.0011749446857720613,2307.333,0.001250643331448753,0.018075853797231815,2309.4311937538755,0.0017564085498240386
2309.8967110273593,-0.0001678492408245802,2307.796,0.04264496533823947,0.017668896910158743,2309.8967110273593,0.001731360996237159
2310.362228300843,-0.0005035477224737406,2308.266,0.001250643331448753,0.016864205436308434,2310.362228300843,0.001736798965054037
2310.8277455743273,-0.0001678492408245802,2308.732,0.00746397127907783,0.01571311532573234,2310.8277455743273,0.001723902034273217
2311.293262847811,0.0005035477224737406,2309.195,0.009642592467306033,0.014309475218410778,2311.293262847811,0.0016980567745021203
2311.758780121295,-0.0003356984816491604,2309.66,0.014322500318431741,0.012783763801450672,2311.758780121295,0.001658292780654219
2312.224297394779,-0.0001678492408245802,2310.126,0.01399996470137621,0.011295751367705201,2312.224297394779,0.0016094250714936643
2312.689814668263,0.0023498893715441227,2310.592,0.03360781511065736,0.01002501042095329,2312.689814668263,0.0015724448251507091
2313.1553319417467,0.003524834057316184,2311.056,0.018357207077832394,0.009157912168319012,2313.1553319417467,0.0015648316688407322
2313.620849215231,0.0036926832981407642,2311.521,0.0009279778567794494,0.008870129933722659,2313.620849215231,0.0015606149305360858
2314.0863664887147,0.002517738612368703,2311.981,0.00746397127907783,0.009305211764044505,2314.0863664887147,0.0015445641843362858
2314.551883762199,0.000839246204122901,2312.448,0.001250643331448753,0.010551807326368677,2314.551883762199,0.0015379604960266031
2315.0174010356827,0.0011749446857720613,2312.911,0.001250643331448753,0.012623567691863128,2315.0174010356827,0.0015410115158480122
2315.4829183091665,0.0011749446857720613,2313.381,0.016178585889604413,0.015445921340360524,2315.4829183091665,0.001546322016901698
2315.9484355826507,0.0005035477224737406,2313.841,0.025215736117186305,0.018852998943850407,2315.9484355826507,0.0015449116371370616
2316.4139528561345,-0.0001678492408245802,2314.31,0.00746397127907783,0.022596551717944634,2316.4139528561345,0.0015661248606540388
2316.8794701296183,-0.0001678492408245802,2314.774,0.001250643331448753,0.026367388070046963,2316.8794701296183,0.0016279388463411894
2317.3449874031026,0.0011749446857720613,2315.236,0.0009279778567794494,0.02982871307170872,2317.3449874031026,0.0017152054063280793
2317.8105046765863,0.002517738612368703,2315.702,0.029573108351256705,0.032659099399077234,2317.8105046765863,0.0018013720336151893
2318.27602195007,0.0030212863348424435,2316.17,0.11671899474129432,0.034599942235542164,2318.27602195007,0.0018914881272754868
2318.7415392235544,0.0011749446857720613,2316.635,0.003106728902621425,0.03549881493412394,2318.7415392235544,0.001982066811434418
2319.207056497038,-0.0001678492408245802,2317.101,0.14907616652050315,0.03533836187219131,2319.207056497038,0.0020601967610694586
2319.6725737705224,-0.0021820401307195425,2317.566,0.003106728902621425,0.034242240624861794,2319.6725737705224,0.0021284335133103676
2320.138091044006,-0.0028534370940178633,2318.026,0.003106728902621425,0.03245514354340541,2320.138091044006,0.0021797128446643943
2320.60360831749,-0.0018463416490703821,2318.492,0.005285350090849628,0.03030099553961954,2320.60360831749,0.002232733559648273
2321.069125590974,-0.000839246204122901,2318.964,0.03578643629888556,0.028128936111044715,2321.069125590974,0.002291802858804963
2321.534642864458,-0.0001678492408245802,2319.422,0.016501121506659944,0.026258301622575225,2321.534642864458,0.0023668303872977315
2322.0001601379417,0.0005035477224737406,2319.885,0.014322500318431741,0.024931803979036524,2322.0001601379417,0.002415502782656609
2322.465677411426,-0.0015106431674212217,2320.355,0.025215736117186305,0.024282857827289995,2322.465677411426,0.002454668497602134
2322.9311946849098,-0.004867628216743469,2320.818,0.003106728902621425,0.024320388394266722,2322.9311946849098,0.0024962293860451303
2323.3967119583936,-0.00587472366169095,2321.281,0.023037114928958324,0.024932535182784838,2323.3967119583936,0.002567807041920979
2323.862229231878,-0.006210422143340111,2321.747,0.0009279778567794494,0.025908822372120135,2323.862229231878,0.002619248792177228
2324.3277465053616,-0.00587472366169095,2322.21,0.001250643331448753,0.026978183655957007,2324.3277465053616,0.0026465907787485707
2324.793263778846,-0.006378271151334047,2322.676,0.051359579948766054,0.027857502687977116,2324.793263778846,0.0026585974865584545
2325.2587810523296,-0.007553216069936752,2323.14,0.13818293072174836,0.028302190611759113,2325.2587810523296,0.0026567923693550074
2325.7242983258134,-0.006546120624989271,2323.607,0.023037114928958324,0.02814801357572771,2325.7242983258134,0.002683969880265509
2326.1898155992976,-0.0041962312534451485,2324.073,0.020535828266060596,0.027334286141149716,2326.1898155992976,0.0026910197093283307
2326.6553328727814,-0.0041962312534451485,2324.539,0.020858493740730122,0.025903846222063247,2326.6553328727814,0.002668945050063292
2327.120850146265,-0.0031891355756670237,2325.003,0.003106728902621425,0.023982608450193673,2327.120850146265,0.002697972909433284
2327.5863674197494,-0.0028534370940178633,2325.469,0.0034292645196769556,0.021746886627953186,2327.5863674197494,0.0027175557666793216
2328.051884693233,-0.003524834057316184,2325.937,0.003106728902621425,0.019388090956274286,2328.051884693233,0.0027268219019779146
2328.5174019667174,-0.0028534370940178633,2326.399,0.018357207077832394,0.017082659765782535,2328.5174019667174,0.002762564470897916
2328.982919240201,-0.000839246204122901,2326.867,0.0077865068961333606,0.014971815416618288,2328.982919240201,0.002786703297565035
2329.448436513685,0.0005035477224737406,2327.33,0.02925044287658718,0.013152243313249792,2329.448436513685,0.0027873776469280456
2329.9139537871692,0.0005035477224737406,2327.793,0.018679742694887924,0.01167606339454462,2329.9139537871692,0.002788126010164185
2330.379471060653,-0.0001678492408245802,2328.255,0.009965257941975336,0.01055709076715426,2330.379471060653,0.0027898653378425026
2330.844988334137,-0.000839246204122901,2328.721,0.0009279778567794494,0.009780410630624969,2330.844988334137,0.0027876654786971222
2331.310505607621,-0.0021820401307195425,2329.187,0.016178585889604413,0.009313195559963459,2331.310505607621,0.00280749710445054
2331.776022881105,-0.0023498893715441227,2329.652,0.00746397127907783,0.009115628838115696,2331.776022881105,0.0028265104648237953
2332.2415401545886,-0.0015106431674212217,2330.118,0.003106728902621425,0.009151210760587601,2332.2415401545886,0.002825951247953953
2332.707057428073,-0.0015106431674212217,2330.584,0.016178585889604413,0.009395687216343084,2332.707057428073,0.0028195223138022586
2333.1725747015566,-0.0018463416490703821,2331.049,0.001250643331448753,0.009843668055741077,2333.1725747015566,0.0028150670848371482
2333.638091975041,-0.002517738612368703,2331.515,0.03360781511065736,0.010511835558611423,2333.638091975041,0.0028072318855388817
2334.1036092485247,-0.0041962312534451485,2331.981,0.012143879130203539,0.011437574787110924,2334.1036092485247,0.0027794375917172894
2334.5691265220084,-0.0021820401307195425,2332.44,0.01399996470137621,0.012672159389285207,2334.5691265220084,0.0027583477278791063
2335.0346437954927,-0.0001678492408245802,2332.907,0.018357207077832394,0.014268536478948386,2335.0346437954927,0.0027224406829104058
2335.5001610689765,-0.0001678492408245802,2333.37,0.016178585889604413,0.016265108430196802,2335.5001610689765,0.002665184725963948
2335.9656783424603,-0.0015106431674212217,2333.837,0.0034292645196769556,0.018668203555294235,2335.9656783424603,0.0025972707605353756
2336.4311956159445,-0.0038605325389653444,2334.307,0.009965257941975336,0.02143672013346892,2336.4311956159445,0.002532983478449253
2336.8967128894283,-0.006210422143340111,2334.77,0.040143678675341965,0.024472476058629206,2336.8967128894283,0.0024653100582010348
2337.362230162912,-0.00587472366169095,2335.233,0.0009279778567794494,0.02761902667703946,2337.362230162912,0.0024074393740069816
2337.8277474363963,-0.0041962312534451485,2335.699,0.018679742694887924,0.0306703688455618,2337.8277474363963,0.002383321105640316
2338.29326470988,-0.0031891355756670237,2336.163,0.06878867931220523,0.03338942850782109,2338.29326470988,0.002353664126811565
2338.7587819833643,-0.0038605325389653444,2336.629,0.00746397127907783,0.03553471914058271,2338.7587819833643,0.002298445605724919
2339.224299256848,-0.003524834057316184,2337.096,0.0034292645196769556,0.03689221640199838,2339.224299256848,0.0022326307547450045
2339.689816530332,-0.003524834057316184,2337.561,0.005285350090849628,0.03730841310708711,2339.689816530332,0.0021741515116513385
2340.155333803816,-0.0030212863348424435,2338.027,0.21911548916415713,0.036719140078879095,2340.155333803816,0.0021387029417333087
2340.6208510773,-0.0041962312534451485,2338.485,0.016501121506659944,0.03516693291875968,2340.6208510773,0.002093069230207142
2341.0863683507837,-0.003524834057316184,2338.96,0.005607885707905158,0.03279981420264784,2341.0863683507837,0.0020372092582132393
2341.551885624268,-0.0015106431674212217,2339.418,0.005285350090849628,0.029849073378900096,2341.551885624268,0.0019885862054231387
2342.0174028977517,-0.0005035477224737406,2339.881,0.003106728902621425,0.026591275675040753,2342.0174028977517,0.0019503292170522967
2342.482920171236,0.0001678492408245802,2340.352,0.024893200500130774,0.023304932283025267,2342.482920171236,0.0019314022044932151
2342.9484374447197,0.0006713969632983208,2340.815,0.012143879130203539,0.0202321078315447,2342.9484374447197,0.0019282196031888926
2343.4139547182035,-0.0010070954449474812,2341.277,0.0034292645196769556,0.01755163534208262,2343.4139547182035,0.0019190480398984734
2343.8794719916878,-0.0021820401307195425,2341.743,0.0009279778567794494,0.01536668469787508,2343.8794719916878,0.001875675865051336
2344.3449892651715,-0.0021820401307195425,2342.206,0.018357207077832394,0.013706411626963845,2344.3449892651715,0.0018041701663812576
2344.8105065386553,-0.0015106431674212217,2342.671,0.040143678675341965,0.012538980305994306,2344.8105065386553,0.001780060121141986
2345.2760238121396,0.000839246204122901,2343.138,0.024893200500130774,0.011791244143199075,2345.2760238121396,0.001755131810511145
2345.7415410856233,0.000839246204122901,2343.603,0.016178585889604413,0.011369493260969636,2345.7415410856233,0.0017065272604378555
2346.207058359107,-0.0003356984816491604,2344.07,0.003106728902621425,0.01117665665690614,2346.207058359107,0.0016472688137570042
2346.6725756325914,-0.0011749446857720613,2344.536,0.012143879130203539,0.011123764702507227,2346.6725756325914,0.0015805020632278855
2347.138092906075,-0.0018463416490703821,2345.001,0.0009279778567794494,0.011135927245540878,2347.138092906075,0.0015241548316355033
2347.6036101795594,-0.0015106431674212217,2345.466,0.020858493740730122,0.011154423060532579,2347.6036101795594,0.0014876392259419854
2348.069127453043,-0.0001678492408245802,2345.93,0.001250643331448753,0.011136629202089993,2348.069127453043,0.0014924686369087443
2348.534644726527,0.0005035477224737406,2346.392,0.009965257941975336,0.01105503616730038,2348.534644726527,0.0014776473450986154
2349.000162000011,0.0003356984816491604,2346.855,0.020858493740730122,0.010896043272065696,2349.000162000011,0.001442710704289581
2349.465679273495,0.0011749446857720613,2347.325,0.005607885707905158,0.01065880517629351,2349.465679273495,0.0014127658935719743
2349.9311965469788,0.0023498893715441227,2347.789,0.003106728902621425,0.010354142264684042,2349.9311965469788,0.0013997065396652924
2350.396713820463,0.000839246204122901,2348.251,0.016178585889604413,0.01000345506486075,2350.396713820463,0.0014455047281470557
2350.862231093947,-0.0021820401307195425,2348.716,0.0034292645196769556,0.009637567604115056,2350.862231093947,0.0015077011180677567
2351.3277483674306,-0.0028534370940178633,2349.18,0.018679742694887924,0.009295259533550013,2351.3277483674306,0.0015362376097577237
2351.793265640915,-0.0015106431674212217,2349.645,0.020858493740730122,0.00902098189069294,2351.793265640915,0.0015540626387646568
2352.2587829143986,-0.0018463416490703821,2350.11,0.001250643331448753,0.008861217905151349,2352.2587829143986,0.0015701894556988726
2352.724300187883,-0.0015106431674212217,2350.576,0.005607885707905158,0.008859410561600082,2352.724300187883,0.001574342460660929
2353.1898174613666,0.0005035477224737406,2351.041,0.003106728902621425,0.00905019713209789,2353.1898174613666,0.0016086931560551822
2353.6553347348504,0.0005035477224737406,2351.507,0.001250643331448753,0.009454326045995307,2353.6553347348504,0.0016504452461201513
2354.1208520083346,-0.0015106431674212217,2351.974,0.016501121506659944,0.010075574480120664,2354.1208520083346,0.0016550690618534986
2354.5863692818184,-0.0011749446857720613,2352.44,0.00746397127907783,0.010900233953957962,2354.5863692818184,0.0016407453070267585
2355.051886555302,-0.0001678492408245802,2352.9,0.020858493740730122,0.011898748239319917,2355.051886555302,0.0016444665636778408
2355.5174038287864,0.000839246204122901,2353.37,0.025215736117186305,0.013028403636487223,2355.5174038287864,0.0016032037878709819
2355.98292110227,0.0011749446857720613,2353.833,0.005285350090849628,0.014235910384412466,2355.98292110227,0.0015931337788986076
2356.448438375754,0.0005035477224737406,2354.296,0.012143879130203539,0.015459307439062382,2356.448438375754,0.001602582892520666
2356.9139556492382,0.0,2354.767,0.01399996470137621,0.016629547793872986,2356.9139556492382,0.0015979035659275966
2357.379472922722,-0.000839246204122901,2355.229,0.018679742694887924,0.017672794087640022,2357.379472922722,0.001595255510941662
2357.8449901962063,-0.0005035477224737406,2355.694,0.001250643331448753,0.01851447112339304,2357.8449901962063,0.0015978172154098367
2358.31050746969,-0.0001678492408245802,2356.159,0.022714579311902794,0.01908555729732916,2358.31050746969,0.0016053892528630669
2358.776024743174,0.0010070954449474812,2356.625,0.03828759310416929,0.01933072374374581,2358.776024743174,0.001602948847946992
2359.241542016658,0.0010070954449474812,2357.089,0.005285350090849628,0.019216994654860525,2359.241542016658,0.0016034525567405508
2359.707059290142,-0.000839246204122901,2357.554,0.04264496533823947,0.018741001089485423,2359.707059290142,0.0015705554096022932
2360.1725765636256,-0.002517738612368703,2358.019,0.005607885707905158,0.017933038966103067,2360.1725765636256,0.0015293892631611209
2360.63809383711,-0.0028534370940178633,2358.485,0.01399996470137621,0.01685696332279237,2360.63809383711,0.001487108795567788
2361.1036111105936,-0.0028534370940178633,2358.948,0.016501121506659944,0.015605950794831722,2361.1036111105936,0.0014498982833059293
2361.569128384078,-0.0028534370940178633,2359.411,0.020858493740730122,0.014294826456499226,2361.569128384078,0.0014535311342263532
2362.0346456575617,-0.0018463416490703821,2359.881,0.020858493740730122,0.01304981394980671,2362.0346456575617,0.0015051455857747922
2362.5001629310455,-0.0015106431674212217,2360.344,0.003106728902621425,0.011996542502480398,2362.5001629310455,0.001563092341955238
2362.9656802045297,-0.0031891355756670237,2360.807,0.009965257941975336,0.011247387622389787,2362.9656802045297,0.0016158334507700186
2363.4311974780135,-0.00553902518004179,2361.27,0.0009279778567794494,0.010889733756596335,2363.4311974780135,0.0016473243297900426
2363.8967147514973,-0.00553902518004179,2361.736,0.003106728902621425,0.01097702372515261,2363.8967147514973,0.0016728200790406596
2364.3622320249815,-0.003524834057316184,2362.206,0.023037114928958324,0.011524069456889625,2364.3622320249815,0.001689158655104478
2364.8277492984653,-0.0021820401307195425,2362.672,0.012143879130203539,0.01250711865420898,2364.8277492984653,0.001706183916383115
2365.293266571949,-0.0028534370940178633,2363.137,0.012143879130203539,0.013868123669763052,2365.293266571949,0.0017169159364539986
2365.7587838454333,-0.0028534370940178633,2363.595,0.001250643331448753,0.015522070660005443,2365.7587838454333,0.0017592107968203148
2366.224301118917,-0.0018463416490703821,2364.066,0.03360781511065736,0.017366129826285423,2366.224301118917,0.0018133478889991515
2366.6898183924013,-0.000839246204122901,2364.525,0.025215736117186305,0.01928934615020748,2366.6898183924013,0.001834748201051499
2367.155335665885,-0.0001678492408245802,2364.99,0.020535828266060596,0.02118140494282028,2367.155335665885,0.0018406631505219642
2367.620852939369,-0.0001678492408245802,2365.456,0.044823586526467674,0.022939075665691828,2367.620852939369,0.0018577357024874802
2368.086370212853,0.0010070954449474812,2365.926,0.009965257941975336,0.024469692852879296,2368.086370212853,0.0018940087058855405
2368.551887486337,-0.0015106431674212217,2366.388,0.0034292645196769556,0.025692352129188453,2368.551887486337,0.0019216405808819103
2369.0174047598207,-0.0023498893715441227,2366.856,0.03610897191594109,0.02653874757985999,2369.0174047598207,0.00195895389131374
2369.482922033305,-0.000839246204122901,2367.318,0.001250643331448753,0.026955960667395588,2369.482922033305,0.0020043470575996634
2369.9484393067887,-0.0015106431674212217,2367.782,0.03360781511065736,0.026912609324452875,2369.9484393067887,0.002038315348689069
2370.4139565802725,-0.0021820401307195425,2368.251,0.011821343513148008,0.02640790585421442,2370.4139565802725,0.0020399683248486155
2370.8794738537567,-0.0018463416490703821,2368.71,0.05539428670816693,0.02548107234279619,2370.8794738537567,0.0020316294214823617
2371.3449911272405,-0.0015106431674212217,2369.182,0.09057528076732857,0.024216891219082926,2371.3449911272405,0.0020293514348439473
2371.8105084007248,-0.000839246204122901,2369.64,0.003106728902621425,0.022742813098310596,2371.8105084007248,0.0020644710543614524
2372.2760256742085,-0.0001678492408245802,2370.107,0.003106728902621425,0.021215045277835118,2372.2760256742085,0.002119703963983183
2372.7415429476923,-0.0005035477224737406,2370.573,0.003106728902621425,0.019795223112132387,2372.7415429476923,0.002168822499114151
2373.2070602211766,-0.0031891355756670237,2371.037,0.005285350090849628,0.018623360258187036,2373.2070602211766,0.0021876158752226838
2373.6725774946603,-0.00553902518004179,2371.502,0.014322500318431741,0.017794218766431447,2373.6725774946603,0.0021998055624112304
2374.138094768144,-0.00553902518004179,2371.97,0.016178585889604413,0.017342654373224357,2374.138094768144,0.00222619975957968
2374.6036120416284,-0.00553902518004179,2372.435,0.009965257941975336,0.017240527258124024,2374.6036120416284,0.0022705999052979246
2375.069129315112,-0.0031891355756670237,2372.896,0.003106728902621425,0.01740506407846143,2375.069129315112,0.002329184001566272
2375.5346465885964,-0.0015106431674212217,2373.366,0.029573108351256705,0.017716607931417827,2375.5346465885964,0.0023640877465233223
2376.00016386208,-0.0018463416490703821,2373.826,0.03142919392242938,0.01804222550175544,2376.00016386208,0.002397276834966665
2376.465681135564,-0.0028534370940178633,2374.295,0.03360781511065736,0.01826052450568983,2376.465681135564,0.0024224107387461904
2376.931198409048,-0.0021820401307195425,2374.763,0.020858493740730122,0.018282723705959326,2376.931198409048,0.002439473010318058
2377.396715682532,-0.0028534370940178633,2375.226,0.024893200500130774,0.01806601485322831,2377.396715682532,0.0024928925774785914
2377.8622329560158,-0.0015106431674212217,2375.685,0.020535828266060596,0.017617339324315695,2377.8622329560158,0.0025387709457202912
2378.3277502295,0.0003356984816491604,2376.151,0.003106728902621425,0.016988028886643275,2378.3277502295,0.0025713226914976283
2378.793267502984,-0.000839246204122901,2376.617,0.018357207077832394,0.016261569406708584,2378.793267502984,0.0025856258873166475
2379.2587847764676,-0.001678492408245802,2377.081,0.014322500318431741,0.01553768623785958,2379.2587847764676,0.0026157351726969354
2379.724302049952,0.0001678492408245802,2377.547,0.005607885707905158,0.01491600595908814,2379.724302049952,0.002629355795309728
2380.1898193234356,0.0028534370940178633,2378.012,0.005285350090849628,0.014481980498652309,2380.1898193234356,0.002608078841712716
2380.65533659692,0.0011749446857720613,2378.478,0.023037114928958324,0.014296893957777335,2380.65533659692,0.002583664519059882
2381.1208538704036,-0.0010070954449474812,2378.94,0.009965257941975336,0.014392755918068996,2381.1208538704036,0.0025665631855182206
2381.5863711438874,-0.0021820401307195425,2379.41,0.005285350090849628,0.014771824683511089,2381.5863711438874,0.0025309213550008328
2382.0518884173716,-0.0011749446857720613,2379.87,0.04264496533823947,0.015409643982122462,2382.0518884173716,0.002515035083922869
2382.5174056908554,0.0006713969632983208,2380.34,0.00746397127907783,0.016260011233158577,2382.5174056908554,0.0025128208335872993
2382.982922964339,0.0005035477224737406,2380.803,0.016501121506659944,0.017260301901574796,2382.982922964339,0.0025121485404125303
2383.4484402378234,-0.0018463416490703821,2381.266,0.031751729539484685,0.018336098712118172,2383.4484402378234,0.002516172020929777
2383.913957511307,-0.003524834057316184,2381.732,0.005285350090849628,0.019404946176848886,2383.913957511307,0.0025179360200379285
2384.379474784791,-0.0041962312534451485,2382.195,0.014322500318431741,0.02037986380596323,2384.379474784791,0.0025115893240161015
2384.8449920582752,-0.0028534370940178633,2382.66,0.022714579311902794,0.02117368709498124,2384.8449920582752,0.002513063435015785
2385.310509331759,-0.0028534370940178633,2383.125,0.0034292645196769556,0.02170520019020223,2385.310509331759,0.0025210096544421444
2385.7760266052433,-0.0038605325389653444,2383.591,0.005607885707905158,0.02190728084955715,2385.7760266052433,0.002519260046700998
2386.241543878727,-0.003524834057316184,2384.056,0.10146851656608336,0.021735977628975105,2386.241543878727,0.0025360920515383237
2386.707061152211,-0.0028534370940178633,2384.522,0.001250643331448753,0.021178087693107122,2386.707061152211,0.002506932608726173
2387.172578425695,-0.002517738612368703,2384.989,0.003106728902621425,0.020254491694853737,2387.172578425695,0.002466259885451705
2387.638095699179,-0.0015106431674212217,2385.455,0.003106728902621425,0.019018037629545365,2387.638095699179,0.0024674585002403757
2388.1036129726626,-0.0021820401307195425,2385.915,0.025215736117186305,0.017547158910977235,2388.1036129726626,0.0024769137819508963
2388.569130246147,-0.003524834057316184,2386.384,0.03393035072771289,0.015937529298694384,2388.569130246147,0.0025170190649400873
2389.0346475196307,-0.0041962312534451485,2386.845,0.00746397127907783,0.014293302697257515,2389.0346475196307,0.0025748260172117894
2389.5001647931144,-0.004531929735094309,2387.315,0.003106728902621425,0.012718369561966276,2389.5001647931144,0.002601580003526198
2389.9656820665987,-0.004867628216743469,2387.778,0.012143879130203539,0.011307891742548521,2389.9656820665987,0.002587030095299632
2390.4311993400825,-0.0041962312534451485,2388.24,0.012143879130203539,0.010140811243024902,2390.4311993400825,0.0025836233979501474
2390.8967166135667,-0.0030212863348424435,2388.706,0.016501121506659944,0.009274134221065614,2390.8967166135667,0.0026048222261103337
2391.3622338870505,-0.003524834057316184,2389.17,0.001250643331448753,0.008739446544130915,2391.3622338870505,0.0026291789826135468
2391.8277511605343,-0.0036926832981407642,2389.636,0.003106728902621425,0.008541853021638783,2391.8277511605343,0.002622223727458252
2392.2932684340185,-0.002517738612368703,2390.101,0.005285350090849628,0.008661561212703445,2392.2932684340185,0.0025798980292020654
2392.7587857075023,-0.0015106431674212217,2390.566,0.00746397127907783,0.009058289230790627,2392.7587857075023,0.002544747571871691
2393.224302980986,-0.0023498893715441227,2391.033,0.003106728902621425,0.00967820309231552,2393.224302980986,0.0025326586268730614
2393.6898202544703,-0.0028534370940178633,2391.499,0.04046634415001127,0.010462270736004295,2393.6898202544703,0.002525006406750974
2394.155337527954,-0.0023498893715441227,2391.963,0.00746397127907783,0.011354208191743726,2394.155337527954,0.002527389244239784
2394.6208548014383,-0.002517738612368703,2392.429,0.0009279778567794494,0.012306119127929852,2394.6208548014383,0.002483973895833489
2395.086372074922,-0.0041962312534451485,2392.892,0.016178585889604413,0.013280699990744787,2395.086372074922,0.002431467164381531
2395.551889348406,-0.005035477224737406,2393.362,0.03142919392242938,0.014250016482851298,2395.551889348406,0.002403874353299939
2396.01740662189,-0.0041962312534451485,2393.822,0.0077865068961333606,0.015191621646537071,2396.01740662189,0.0024083912595990664
2396.482923895374,-0.0023498893715441227,2394.286,0.014322500318431741,0.016083131926456502,2396.482923895374,0.0023916990580373663
2396.9484411688577,-0.0015106431674212217,2394.752,0.003106728902621425,0.016896785408783352,2396.9484411688577,0.0023699533485511412
2397.413958442342,-0.0015106431674212217,2395.215,0.00746397127907783,0.017595956947205508,2397.413958442342,0.002337119938494293
2397.8794757158257,-0.0021820401307195425,2395.681,0.016501121506659944,0.01813547041535406,2397.8794757158257,0.002311363084094517
2398.3449929893095,-0.0028534370940178633,2396.147,0.025215736117186305,0.01846646539399643,2398.3449929893095,0.0023090172523273686
2398.8105102627937,-0.0015106431674212217,2396.613,0.020535828266060596,0.018544924781183223,2398.8105102627937,0.0023410467905242327
2399.2760275362775,0.000839246204122901,2397.078,0.03828759310416929,0.01834156207391831,2399.2760275362775,0.002380617527802488
2399.7415448097618,0.000839246204122901,2397.544,0.003106728902621425,0.0178502674677339,2399.7415448097618,0.002395973368899816
2400.2070620832455,-0.000839246204122901,2398.011,0.03142919392242938,0.017092851263809092,2400.2070620832455,0.0023732695903756506
2400.6725793567293,-0.0021820401307195425,2398.476,0.005607885707905158,0.016118981969981686,2400.6725793567293,0.002360570030329093
2401.1380966302136,-0.003524834057316184,2398.937,0.02925044287658718,0.015001369875239787,2401.1380966302136,0.0023597332612139968
2401.6036139036974,-0.0028534370940178633,2399.407,0.012143879130203539,0.013827042782769056,2401.6036139036974,0.0023757223293839214
2402.069131177181,-0.0005035477224737406,2399.87,0.003106728902621425,0.012686094906216852,2402.069131177181,0.0023578911354712284
2402.5346484506654,0.0005035477224737406,2400.333,0.011821343513148008,0.011659769260120544,2402.5346484506654,0.0023430040518430564
2403.000165724149,-0.0001678492408245802,2400.796,0.003106728902621425,0.010810069636207916,2403.000165724149,0.002312012766790339
2403.465682997633,-0.0011749446857720613,2401.266,0.009642592467306033,0.01017299233357132,2403.465682997633,0.0022676311250465864
2403.931200271117,-0.000839246204122901,2401.732,0.003106728902621425,0.0097568290966366,2403.931200271117,0.002239228272080119
2404.396717544601,-0.0015106431674212217,2402.195,0.012143879130203539,0.009546048405262575,2404.396717544601,0.0022178197370686394
2404.862234818085,-0.0028534370940178633,2402.66,0.0009279778567794494,0.009510283033433318,2404.862234818085,0.0021590012635315826
2405.327752091569,-0.0036926832981407642,2403.125,0.012143879130203539,0.009617063729526566,2405.327752091569,0.0021416511598370035
2405.7932693650528,-0.003524834057316184,2403.591,0.023037114928958324,0.009846175490356383,2405.7932693650528,0.002118252471832725
2406.258786638537,-0.0041962312534451485,2404.056,0.001250643331448753,0.010202945549456558,2406.258786638537,0.0020935770431751667
2406.724303912021,-0.0021820401307195425,2404.515,0.018679742694887924,0.010727570501930139,2406.724303912021,0.0020777257217247345
2407.1898211855046,0.0018463416490703821,2404.981,0.01399996470137621,0.011497853465199806,2407.1898211855046,0.0020496538751388466
2407.655338458989,0.0011749446857720613,2405.447,0.029573108351256705,0.01262330599225851,2407.655338458989,0.0019791000786958915
2408.1208557324726,-0.0001678492408245802,2405.915,0.05539428670816693,0.014229360466650525,2408.1208557324726,0.0018778592741574786
2408.586373005957,-0.000839246204122901,2406.378,0.0009279778567794494,0.016431773414083597,2408.586373005957,0.0017973793820671212
2409.0518902794406,-0.0011749446857720613,2406.841,0.012143879130203539,0.019303694599219365,2409.0518902794406,0.0017487748301686257
2409.5174075529244,-0.0001678492408245802,2407.311,0.003106728902621425,0.022841089225690163,2409.5174075529244,0.0017189986108393086
2409.9829248264086,0.0011749446857720613,2407.774,0.001250643331448753,0.026934844104065003,2409.9829248264086,0.0016609572811192284
2410.4484420998924,0.0021820401307195425,2408.237,0.0077865068961333606,0.031358416710658386,2410.4484420998924,0.0015938821381706286
2410.913959373376,-0.000839246204122901,2408.702,0.003106728902621425,0.0357778087359292,2410.913959373376,0.0015472800756357813
2411.3794766468604,-0.0041962312534451485,2409.167,0.005607885707905158,0.03978647576908718,2411.3794766468604,0.0015251519585479318
2411.844993920344,-0.0041962312534451485,2409.633,0.009965257941975336,0.042962183582815894,2411.844993920344,0.001515421180951514
2412.310511193828,-0.000839246204122901,2410.1,0.23000872496291191,0.0449363875190882,2412.310511193828,0.001520378059906763
2412.7760284673122,0.0018463416490703821,2410.565,0.0009279778567794494,0.045460948483651335,2412.7760284673122,0.0015167616565387341
2413.241545740796,0.0021820401307195425,2411.03,0.15125478770873113,0.044455021128963296,2413.241545740796,0.0015048042924041584
2413.7070630142803,0.0011749446857720613,2411.496,0.005607885707905158,0.04201943094485163,2413.7070630142803,0.0015035213841244235
2414.172580287764,-0.0015106431674212217,2411.963,0.005607885707905158,0.038415673166542416,2414.172580287764,0.0015281598082581105
2414.638097561248,-0.0031891355756670237,2412.421,0.00746397127907783,0.034017119461894195,2414.638097561248,0.0015823873639728644
2415.103614834732,-0.0031891355756670237,2412.885,0.003106728902621425,0.029246540924638367,2415.103614834732,0.0016376099963095
2415.569132108216,-0.0015106431674212217,2413.355,0.003106728902621425,0.024514859157411972,2415.569132108216,0.0016710437451701197
2416.0346493816996,-0.0001678492408245802,2413.815,0.03828759310416929,0.020172234622793727,2416.0346493816996,0.0016892696806197797
2416.500166655184,0.0011749446857720613,2414.285,0.003106728902621425,0.016476892961857555,2416.500166655184,0.001719925847251956
2416.9656839286677,0.0028534370940178633,2414.75,0.023037114928958324,0.013581995946786416,2416.9656839286677,0.0017493792871667241
2417.4312012021514,0.0021820401307195425,2415.214,0.024893200500130774,0.011537660365468399,2417.4312012021514,0.0017227013686549936
2417.8967184756357,0.0011749446857720613,2415.68,0.00746397127907783,0.010303968653069382,2417.8967184756357,0.0016694236632084647
2418.3622357491195,0.0011749446857720613,2416.145,0.003106728902621425,0.009770929998890388,2418.3622357491195,0.0016414751751948399
2418.8277530226037,0.0011749446857720613,2416.611,0.00746397127907783,0.009782167923949009,2418.8277530226037,0.0016318348562233958
2419.2932702960875,0.0028534370940178633,2417.07,0.011821343513148008,0.010159942544494677,2419.2932702960875,0.0016234260473165253
2419.7587875695713,0.0041962312534451485,2417.536,0.018679742694887924,0.010729417079928544,2419.7587875695713,0.0016114933523559446
2420.2243048430555,0.0031891355756670237,2418.0,0.014322500318431741,0.011339876688318835,2420.2243048430555,0.001599059014050113
2420.6898221165393,0.0005035477224737406,2418.466,0.022714579311902794,0.011880462640152446,2420.6898221165393,0.0015832775942531785
2421.155339390023,-0.0015106431674212217,2418.937,0.024893200500130774,0.012288394129742778,2421.155339390023,0.0015765998935989777
2421.6208566635073,-0.0010070954449474812,2419.399,0.001250643331448753,0.012548714420985225,2421.6208566635073,0.0015890979702125286
2422.086373936991,-0.000839246204122901,2419.863,0.016178585889604413,0.012686111919901663,2422.086373936991,0.0016250543595438401
2422.551891210475,-0.0003356984816491604,2420.325,0.00746397127907783,0.012750903260995785,2422.551891210475,0.0016701226880595406
2423.017408483959,0.0011749446857720613,2420.793,0.0009279778567794494,0.01280229109853716,2423.017408483959,0.0017152979255075297
2423.482925757443,0.0011749446857720613,2421.256,0.020858493740730122,0.012892215330626563,2423.482925757443,0.0017398643873077593
2423.948443030927,0.000839246204122901,2421.721,0.00746397127907783,0.013052611837710566,2423.948443030927,0.001749566381559864
2424.413960304411,-0.0028534370940178633,2422.187,0.003106728902621425,0.013288036175313623,2424.413960304411,0.0017793467182593134
2424.8794775778947,-0.003524834057316184,2422.653,0.0009279778567794494,0.013574718056109821,2424.8794775778947,0.0018264997730251097
2425.344994851379,-0.0011749446857720613,2423.118,0.018357207077832394,0.013866199621317821,2425.344994851379,0.0018757622251742402
2425.8105121248627,-0.0005035477224737406,2423.584,0.012143879130203539,0.014104530463322357,2425.8105121248627,0.0019463900366567448
2426.2760293983465,0.0001678492408245802,2424.049,0.047002207714695876,0.014234556500954563,2426.2760293983465,0.002035229390941408
2426.7415466718307,0.0018463416490703821,2424.514,0.012143879130203539,0.014217760777063541,2426.7415466718307,0.0021032831615848875
2427.2070639453145,0.0023498893715441227,2424.979,0.012143879130203539,0.01404218616682502,2427.2070639453145,0.002130623093282706
2427.6725812187988,0.0021820401307195425,2425.444,0.00746397127907783,0.013726367027926055,2427.6725812187988,0.002169488641211946
2428.1380984922826,0.0018463416490703821,2425.907,0.018357207077832394,0.013317137016659493,2428.1380984922826,0.0022135968436259364
2428.6036157657663,0.0010070954449474812,2426.37,0.012143879130203539,0.01288256516683227,2428.6036157657663,0.002271911611917178
2429.0691330392506,0.0011749446857720613,2426.84,0.00746397127907783,0.012501699450011096,2429.0691330392506,0.002312138193756907
2429.5346503127344,0.0021820401307195425,2427.303,0.020535828266060596,0.012252686511171324,2429.5346503127344,0.002362969329373047
2430.000167586218,0.0018463416490703821,2427.767,0.012143879130203539,0.012200688528681896,2430.000167586218,0.002439211920107066
2430.4656848597024,0.0005035477224737406,2428.236,0.005285350090849628,0.012386998772405794,2430.4656848597024,0.0025164557549582373
2430.931202133186,-0.0001678492408245802,2428.695,0.00746397127907783,0.012820850544491029,2430.931202133186,0.0025819601552799234
2431.39671940667,0.0005035477224737406,2429.163,0.005607885707905158,0.013475471231925478,2431.39671940667,0.0026757008797933224
2431.862236680154,-0.0001678492408245802,2429.629,0.009965257941975336,0.01428964275864393,2431.862236680154,0.0027305143767020687
2432.327753953638,-0.002517738612368703,2430.093,0.0077865068961333606,0.015175177293680961,2432.327753953638,0.0027738145928148266
2432.793271227122,-0.004531929735094309,2430.559,0.03393035072771289,0.01602943020333159,2432.793271227122,0.0027872172860050476
2433.258788500606,-0.004531929735094309,2431.026,0.00746397127907783,0.016750645322337977,2433.258788500606,0.002784600071387271
2433.7243057740898,-0.0041962312534451485,2431.491,0.04918082890292408,0.017253042535723684,2433.7243057740898,0.0027847460440261497
2434.189823047574,-0.0038605325389653444,2431.952,0.003106728902621425,0.01747851253506011,2434.189823047574,0.0027884858048855773
2434.655340321058,-0.004867628216743469,2432.415,0.03578643629888556,0.017402690399102128,2434.655340321058,0.0027899681402446695
2435.1208575945416,-0.00587472366169095,2432.885,0.003106728902621425,0.017034765581209435,2435.1208575945416,0.0028205831875210198
2435.586374868026,-0.00587472366169095,2433.348,0.012143879130203539,0.016412094244165596,2435.586374868026,0.002848476166183569
2436.0518921415096,-0.0041962312534451485,2433.811,0.001250643331448753,0.015591901061784118,2436.0518921415096,0.0028440373854353427
2436.5174094149934,-0.0028534370940178633,2434.281,0.001250643331448753,0.014642643186886415,2436.5174094149934,0.002886817450418243
2436.9829266884776,-0.0015106431674212217,2434.746,0.05539428670816693,0.013636819211755389,2436.9829266884776,0.0029342048838216527
2437.4484439619614,-0.0010070954449474812,2435.209,0.003106728902621425,0.012645538456213561,2437.4484439619614,0.0029479529749762007
2437.9139612354456,-0.0021820401307195425,2435.675,0.003106728902621425,0.011734025775873175,2437.9139612354456,0.0029819356568422718
2438.3794785089294,-0.0028534370940178633,2436.14,0.01399996470137621,0.010957288184566668,2438.3794785089294,0.0030177851348371573
2438.844995782413,-0.0018463416490703821,2436.606,0.00746397127907783,0.010356117347357597,2438.844995782413,0.0030317717150864848
2439.3105130558974,-0.0001678492408245802,2437.071,0.003106728902621425,0.009954334281735963,2439.3105130558974,0.0030562148212347814
2439.7760303293812,-0.0005035477224737406,2437.537,0.00746397127907783,0.009758125867668384,2439.7760303293812,0.003096957443231011
2440.241547602865,-0.0015106431674212217,2437.996,0.016178585889604413,0.00975775343134552,2440.241547602865,0.003129809355973299
2440.7070648763492,-0.0015106431674212217,2438.461,0.012143879130203539,0.009931226867947084,2440.7070648763492,0.0031308332153463024
2441.172582149833,-0.0011749446857720613,2438.93,0.001250643331448753,0.010248975810866359,2441.172582149833,0.0031281152583988664
2441.6380994233173,-0.0015106431674212217,2439.392,0.03578643629888556,0.010678319854300946,2441.6380994233173,0.003130195872269626
2442.103616696801,-0.004531929735094309,2439.855,0.001250643331448753,0.011186708081086133,2442.103616696801,0.003144221514756824
2442.569133970285,-0.0057068741880357265,2440.325,0.001250643331448753,0.011743188757133642,2442.569133970285,0.0031253315100383543
2443.034651243769,-0.005035477224737406,2440.789,0.01399996470137621,0.012318248925493686,2443.034651243769,0.0031058206104429818
2443.500168517253,-0.004531929735094309,2441.251,0.029573108351256705,0.012882696233806848,2443.500168517253,0.0031023131709064303
2443.9656857907366,-0.0041962312534451485,2441.717,0.005285350090849628,0.013406321443265229,2443.9656857907366,0.003081634495504528
2444.431203064221,-0.004867628216743469,2442.18,0.0009279778567794494,0.013856909874809527,2444.431203064221,0.0030562764937833364
2444.8967203377047,-0.007049668114632368,2442.647,0.016501121506659944,0.014200218885702623,2444.8967203377047,0.0030620536958726736
2445.3622376111884,-0.008896009996533394,2443.111,0.0034292645196769556,0.014401641136050466,2445.3622376111884,0.0030833285929392183
2445.8277548846727,-0.008224613033235073,2443.576,0.025215736117186305,0.014429865431431618,2445.8277548846727,0.0030713424443851696
2446.2932721581565,-0.00553902518004179,2444.041,0.03360781511065736,0.014261905916372511,2446.2932721581565,0.0030694160247406654
2446.7587894316407,-0.0031891355756670237,2444.507,0.005607885707905158,0.013888067415786493,2446.7587894316407,0.0030589574416381845
2447.2243067051245,-0.002517738612368703,2444.971,0.003106728902621425,0.013315434026565027,2447.2243067051245,0.003041792372443907
2447.6898239786083,-0.0031891355756670237,2445.437,0.005607885707905158,0.012569305486311385,2447.6898239786083,0.0029993165891324313
2448.1553412520925,-0.00553902518004179,2445.9,0.03393035072771289,0.011692860053126362,2448.1553412520925,0.002933929377161338
2448.6208585255763,-0.00553902518004179,2446.37,0.001250643331448753,0.010745442018125231,2448.6208585255763,0.0028419177003946123
2449.08637579906,-0.003524834057316184,2446.833,0.012143879130203539,0.009799478744272602,2449.08637579906,0.002765786127413066
2449.5518930725443,-0.0021820401307195425,2447.296,0.0034292645196769556,0.00893590246638273,2449.5518930725443,0.0027691948797558545
2450.017410346028,-0.0018463416490703821,2447.763,0.012143879130203539,0.008238272683808646,2450.017410346028,0.0027629283643324167
2450.482927619512,-0.0015106431674212217,2448.226,0.0009279778567794494,0.007786085697098159,2450.482927619512,0.0027412176051410655
2450.948444892996,-0.0015106431674212217,2448.692,0.020858493740730122,0.007647707457187014,2450.948444892996,0.0026969490394712367
2451.41396216648,-0.0023498893715441227,2449.159,0.012143879130203539,0.007873158134722754,2451.41396216648,0.0026260560121086256
2451.879479439964,-0.0028534370940178633,2449.624,0.003106728902621425,0.008486968579577217,2451.879479439964,0.002568362138574509
2452.344996713448,-0.0018463416490703821,2450.091,0.0009279778567794494,0.009481721488069911,2452.344996713448,0.002520884245605002
2452.8105139869317,-0.000839246204122901,2450.556,0.016501121506659944,0.010813510219829283,2452.8105139869317,0.0024741855549222235
2453.276031260416,0.0005035477224737406,2451.015,0.0009279778567794494,0.012400905830067381,2453.276031260416,0.002441060199690285
2453.7415485338997,0.0011749446857720613,2451.48,0.005607885707905158,0.014128789574321447,2453.7415485338997,0.002380490061516571
2454.2070658073835,0.000839246204122901,2451.948,0.009965257941975336,0.015857666440431205,2454.2070658073835,0.002298468211073327
2454.6725830808678,-0.0001678492408245802,2452.411,0.020858493740730122,0.017437990803693446,2454.6725830808678,0.0022141560403472187
2455.1381003543515,-0.000839246204122901,2452.881,0.04232242972118394,0.018727711113967344,2455.1381003543515,0.0021243010475382913
2455.6036176278353,-0.0015106431674212217,2453.344,0.0034292645196769556,0.019610052215459785,2455.6036176278353,0.0020229944525165175
2456.0691349013196,-0.0001678492408245802,2453.811,0.05353820113699426,0.020008145468210305,2456.0691349013196,0.0019518896631638642
2456.5346521748033,0.000839246204122901,2454.273,0.003106728902621425,0.019893805766014076,2456.5346521748033,0.0019035667778463496
2457.0001694482876,0.0011749446857720613,2454.739,0.016501121506659944,0.01928921574976782,2457.0001694482876,0.001828434395945045
2457.4656867217714,0.002517738612368703,2455.2,0.027394357305414507,0.01826186492316299,2457.4656867217714,0.0017671878496904577
2457.931203995255,0.002517738612368703,2455.666,0.018679742694887924,0.016914245123632946,2457.931203995255,0.0017466366454882676
2458.3967212687394,0.0028534370940178633,2456.133,0.003106728902621425,0.01537033495416761,2458.3967212687394,0.0017569451455945182
2458.862238542223,0.0028534370940178633,2456.598,0.01399996470137621,0.013761062964623538,2458.862238542223,0.0017636763051010614
2459.327755815707,0.0018463416490703821,2457.063,0.003106728902621425,0.012210952530725395,2459.327755815707,0.0017484952210991608
2459.793273089191,0.0005035477224737406,2457.529,0.0077865068961333606,0.010827858218947483,2459.793273089191,0.001732467088780605
2460.258790362675,-0.0015106431674212217,2457.996,0.012143879130203539,0.009696914833754903,2460.258790362675,0.0017456292385016026
2460.724307636159,-0.0023498893715441227,2458.461,0.014322500318431741,0.008878724763015633,2460.724307636159,0.0017826691101883053
2461.189824909643,-0.0023498893715441227,2458.922,0.0034292645196769556,0.008410824196083088,2461.189824909643,0.0018082861628809922
2461.655342183127,-0.0021820401307195425,2459.392,0.016178585889604413,0.008310926122702154,2461.655342183127,0.001815416173086913
2462.120859456611,-0.0011749446857720613,2459.855,0.005607885707905158,0.0085803999185579,2462.120859456611,0.0018023321518171823
2462.586376730095,0.0005035477224737406,2460.318,0.016178585889604413,0.00920672589633882,2462.586376730095,0.0017795995900456683
2463.0518940035786,0.0005035477224737406,2460.785,0.025215736117186305,0.010164073351412367,2463.0518940035786,0.0017711969507473138
2463.517411277063,-0.000839246204122901,2461.247,0.005285350090849628,0.011411721513538496,2463.517411277063,0.0017892460737317952
2463.9829285505466,-0.0001678492408245802,2461.713,0.003106728902621425,0.01289091522773495,2463.9829285505466,0.001776850792972485
2464.4484458240304,0.0005035477224737406,2462.177,0.009965257941975336,0.014521818976969397,2464.4484458240304,0.0017466181508223246
2464.9139630975146,-0.0010070954449474812,2462.643,0.003106728902621425,0.01620296844433847,2464.9139630975146,0.0017205508490525418
2465.3794803709984,-0.0015106431674212217,2463.108,0.009965257941975336,0.01781542833986762,2465.3794803709984,0.001686066516625955
2465.8449976444826,-0.0001678492408245802,2463.573,0.014322500318431741,0.019232649364291546,2465.8449976444826,0.0016471701304674707
2466.3105149179664,0.0005035477224737406,2464.041,0.04232242972118394,0.020335177195580464,2466.3105149179664,0.0016215983106649587
2466.77603219145,0.0011749446857720613,2464.507,0.024893200500130774,0.0210275306653868,2466.77603219145,0.0015921201991036132
2467.2415494649345,0.0028534370940178633,2464.971,0.01399996470137621,0.0212534607073069,2467.2415494649345,0.0016080619831773605
2467.7070667384182,0.0018463416490703821,2465.43,0.05353820113699426,0.021005916837135694,2467.7070667384182,0.0016234836104716684
2468.172584011902,0.0005035477224737406,2465.9,0.016501121506659944,0.020329226150634597,2468.172584011902,0.001619162017238432
2468.6381012853863,-0.0015106431674212217,2466.363,0.020535828266060596,0.019312714701588327,2468.6381012853863,0.001584593391098334
2469.10361855887,-0.003524834057316184,2466.826,0.005607885707905158,0.018076946399396887,2469.10361855887,0.00156463429940693
2469.569135832354,-0.0028534370940178633,2467.296,0.001250643331448753,0.01675556853093007,2469.569135832354,0.0015858022913056728
2470.034653105838,-0.000839246204122901,2467.755,0.016501121506659944,0.015476730940491429,2470.034653105838,0.0016416643177966505
2470.500170379322,0.0003356984816491604,2468.22,0.0077865068961333606,0.014347652006378924,2470.500170379322,0.0017370210122716698
2470.965687652806,-0.0003356984816491604,2468.686,0.024893200500130774,0.013444399369222964,2470.965687652806,0.0018413395624272146
2471.43120492629,-0.0001678492408245802,2469.152,0.009965257941975336,0.012807207711445907,2471.43120492629,0.0019120311094397034
2471.8967221997736,-0.0001678492408245802,2469.618,0.020535828266060596,0.012440481157509104,2471.8967221997736,0.00193716706872587
2472.362239473258,-0.0011749446857720613,2470.085,0.001250643331448753,0.012316315586536885,2472.362239473258,0.00195315819357456
2472.8277567467417,-0.003524834057316184,2470.551,0.014322500318431741,0.012380676473977887,2472.8277567467417,0.001969897681605203
2473.2932740202255,-0.00553902518004179,2471.012,0.005607885707905158,0.012561762234215818,2473.2932740202255,0.002000358536440577
2473.7587912937097,-0.0041962312534451485,2471.477,0.012143879130203539,0.012780136873846345,2473.7587912937097,0.002060260494996685
2474.2243085671935,-0.0005035477224737406,2471.945,0.016501121506659944,0.012959821349185968,2474.2243085671935,0.0021179132487671574
2474.6898258406773,0.0018463416490703821,2472.407,0.022714579311902794,0.013038909501141074,2474.6898258406773,0.002155968754001587
2475.1553431141615,0.0005035477224737406,2472.87,0.03142919392242938,0.01297781817398406,2475.1553431141615,0.0021875069199383005
2475.6208603876453,-0.0011749446857720613,2473.34,0.00746397127907783,0.012763429309081658,2475.6208603876453,0.002194168175766507
2476.0863776611295,-0.002517738612368703,2473.804,0.001250643331448753,0.012408386081676168,2476.0863776611295,0.0022001633060178822
2476.5518949346133,-0.0031891355756670237,2474.266,0.0009279778567794494,0.01194635880011383,2476.5518949346133,0.0022267980477934574
2477.017412208097,-0.0030212863348424435,2474.732,0.012143879130203539,0.011425293203882518,2477.017412208097,0.0022289876274863107
2477.4829294815813,-0.0028534370940178633,2475.195,0.009642592467306033,0.010900685159185068,2477.4829294815813,0.0022309346058561994
2477.948446755065,-0.0015106431674212217,2475.66,0.027071821688358977,0.010429878821761565,2477.948446755065,0.0022369420715601185
2478.413964028549,-0.002517738612368703,2476.126,0.012143879130203539,0.010067165868127888,2478.413964028549,0.0022425609639894965
2478.879481302033,-0.0041962312534451485,2476.591,0.003106728902621425,0.009858976674959179,2478.879481302033,0.0022233152819682487
2479.344998575517,-0.00553902518004179,2477.056,0.005607885707905158,0.00983892465699749,2479.344998575517,0.002199764455295689
2479.810515849001,-0.00587472366169095,2477.522,0.003106728902621425,0.010023346836729742,2479.810515849001,0.002188939915617573
2480.276033122485,-0.00553902518004179,2477.989,0.016178585889604413,0.01040846355386974,2480.276033122485,0.00219623234542728
2480.7415503959687,-0.0030212863348424435,2478.454,0.003106728902621425,0.010969994629583625,2480.7415503959687,0.0022079635560793252
2481.207067669453,-0.0015106431674212217,2478.915,0.025215736117186305,0.011665326665581578,2481.207067669453,0.0021844517921180496
2481.6725849429367,-0.0028534370940178633,2479.384,0.009965257941975336,0.012437672880220605,2481.6725849429367,0.0021817461710623475
2482.1381022164205,-0.0041962312534451485,2479.845,0.0009279778567794494,0.013221425495314092,2482.1381022164205,0.0021742789860137893
2482.6036194899048,-0.003524834057316184,2480.315,0.018357207077832394,0.013948031817041701,2482.6036194899048,0.0021734545526820577
2483.0691367633885,-0.0015106431674212217,2480.778,0.03142919392242938,0.014551900852985753,2483.0691367633885,0.002164673619966655
2483.5346540368723,-0.0015106431674212217,2481.24,0.014322500318431741,0.01497582209209396,2483.5346540368723,0.002180687359537895
2484.0001713103566,-0.0028534370940178633,2481.706,0.003106728902621425,0.015175402974045182,2484.0001713103566,0.002208551554394126
2484.4656885838403,-0.0041962312534451485,2482.17,0.003106728902621425,0.015122490997170265,2484.4656885838403,0.0021965160637874913
2484.9312058573246,-0.003524834057316184,2482.635,0.0077865068961333606,0.014808133388346955,2484.9312058573246,0.002147477711376713
2485.3967231308084,-0.0021820401307195425,2483.1,0.046679672097640346,0.014245515781181446,2485.3967231308084,0.0021183244394164993
2485.862240404292,-0.0015106431674212217,2483.566,0.003106728902621425,0.013472337328494463,2485.862240404292,0.0021164103559460656
2486.3277576777764,-0.0015106431674212217,2484.034,0.012143879130203539,0.012551136755400451,2486.3277576777764,0.0020887825904600376
2486.79327495126,-0.0015106431674212217,2484.499,0.020535828266060596,0.011566124070378273,2486.79327495126,0.002026590311843513
2487.258792224744,-0.0015106431674212217,2484.967,0.014322500318431741,0.010615979311115359,2487.258792224744,0.00196783968513206
2487.724309498228,-0.0015106431674212217,2485.425,0.009965257941975336,0.009803100736632809,2487.724309498228,0.0019239021244140163
2488.189826771712,0.0001678492408245802,2485.892,0.003106728902621425,0.009220598762720734,2488.189826771712,0.0019039245265350588
2488.6553440451958,0.0011749446857720613,2486.355,0.0009279778567794494,0.008939038462471327,2488.6553440451958,0.0018971090755451783
2489.12086131868,0.0005035477224737406,2486.826,0.001250643331448753,0.00899538909507449,2489.12086131868,0.0018657415534205088
2489.586378592164,-0.0001678492408245802,2487.288,0.00746397127907783,0.009386468846601714,2489.586378592164,0.00182048818922668
2490.051895865648,-0.0015106431674212217,2487.755,0.012143879130203539,0.010068270794739712,2490.051895865648,0.0018018366745954444
2490.517413139132,-0.001678492408245802,2488.22,0.001250643331448753,0.010961245069480895,2490.517413139132,0.0018131238015638253
2490.9829304126156,-0.0001678492408245802,2488.685,0.03578643629888556,0.011960379661972515,2490.9829304126156,0.0017852822216639986
2491.4484476861,0.0005035477224737406,2489.145,0.012143879130203539,0.012948132952380011,2491.4484476861,0.0017294263595312174
2491.9139649595836,-0.0001678492408245802,2489.61,0.005285350090849628,0.013808133097265005,2491.9139649595836,0.0016898124471651952
2492.3794822330674,-0.0015106431674212217,2490.077,0.003106728902621425,0.014438092309034912,2492.3794822330674,0.0016928059004491266
2492.8449995065516,-0.002517738612368703,2490.544,0.005285350090849628,0.014761142169241894,2492.8449995065516,0.0016883794554329293
2493.3105167800354,-0.004531929735094309,2491.008,0.05539428670816693,0.01473498294664555,2493.3105167800354,0.0016810315153566926
2493.7760340535197,-0.003524834057316184,2491.474,0.012143879130203539,0.014357626797964299,2493.7760340535197,0.0016907067830687326
2494.2415513270034,-0.0015106431674212217,2491.937,0.016501121506659944,0.013668007034641,2494.2415513270034,0.0017375576116583392
2494.707068600487,-0.0015106431674212217,2492.406,0.0034292645196769556,0.012740419168145469,2494.707068600487,0.0017884504240609344
2495.1725858739715,-0.0010070954449474812,2492.867,0.011821343513148008,0.011673529748758314,2495.1725858739715,0.0018058149182612494
2495.6381031474552,-0.0001678492408245802,2493.337,0.003106728902621425,0.010576301731560161,2495.6381031474552,0.001809429265726225
2496.103620420939,-0.0001678492408245802,2493.8,0.005607885707905158,0.009553717763868243,2496.103620420939,0.0018129798788732658
2496.5691376944233,0.0011749446857720613,2494.263,0.012143879130203539,0.008694724823931759,2496.5691376944233,0.0018090756426895197
2497.034654967907,0.0011749446857720613,2494.728,0.001250643331448753,0.008063927075567153,2497.034654967907,0.0017820009290363862
2497.500172241391,-0.0018463416490703821,2495.191,0.011821343513148008,0.007697644695435597,2497.500172241391,0.0017662339016873215
2497.965689514875,-0.003524834057316184,2495.657,0.005607885707905158,0.007604243864520685,2497.965689514875,0.0017985224854656198
2498.431206788359,-0.0018463416490703821,2496.122,0.003106728902621425,0.007768170272319364,2498.431206788359,0.0018620840212455105
2498.896724061843,-0.0001678492408245802,2496.588,0.001250643331448753,0.008156802574422972,2498.896724061843,0.0018989429698273487
2499.362241335327,-0.0001678492408245802,2497.052,0.025215736117186305,0.008728932804449058,2499.362241335327,0.0018917512809327663
2499.8277586088107,-0.0001678492408245802,2497.518,0.003106728902621425,0.009443284878126713,2499.8277586088107,0.0018975243683954834
2500.293275882295,-0.0015106431674212217,2497.985,0.03578643629888556,0.010265165501979465,2500.293275882295,0.0018653673637472935
2500.7587931557787,-0.0015106431674212217,2498.451,0.00746397127907783,0.011169510108761991,2500.7587931557787,0.0018403321455074376
2501.2243104292625,0.000839246204122901,2498.911,0.003106728902621425,0.012139511596226771,2501.2243104292625,0.0018511114539038415
2501.6898277027467,0.0031891355756670237,2499.381,0.01399996470137621,0.013161487568804425,2501.6898277027467,0.0018609614759991678
2502.1553449762305,0.0023498893715441227,2499.844,0.001250643331448753,0.014217978290780427,2502.1553449762305,0.0018728448256274963
2502.6208622497143,0.0010070954449474812,2500.307,0.018357207077832394,0.01528159011215748,2502.6208622497143,0.0018861632233816677
2503.0863795231985,-0.0005035477224737406,2500.775,0.022714579311902794,0.01631166440232106,2503.0863795231985,0.001874086613373577
2503.5518967966823,-0.0028534370940178633,2501.237,0.0034292645196769556,0.017254917401381367,2503.5518967966823,0.001849625002780228
2504.0174140701665,-0.0028534370940178633,2501.702,0.00746397127907783,0.01805032851216613,2504.0174140701665,0.0018510785567941773
2504.4829313436503,-0.0011749446857720613,2502.167,0.012143879130203539,0.018637886525356636,2504.4829313436503,0.001904948377318188
2504.948448617134,0.0003356984816491604,2502.633,0.05103691447409675,0.018969986200078132,2504.948448617134,0.001957309135937339
2505.4139658906183,-0.0005035477224737406,2503.1,0.018679742694887924,0.019023148391690087,2505.4139658906183,0.0020087241610338364
2505.879483164102,-0.0015106431674212217,2503.566,0.029573108351256705,0.018806972047764374,2505.879483164102,0.0020178422680386093
2506.345000437586,-0.0005035477224737406,2504.03,0.005285350090849628,0.018367694765583746,2506.345000437586,0.001997071075949803
2506.81051771107,0.0010070954449474812,2504.496,0.020535828266060596,0.01778536266258155,2506.81051771107,0.002011896480564198
2507.276034984554,0.0018463416490703821,2504.963,0.012143879130203539,0.017165316738240795,2507.276034984554,0.002049113163541103
2507.7415522580377,0.002517738612368703,2505.422,0.018357207077832394,0.01662555927403334,2507.7415522580377,0.0020515761832253575
2508.207069531522,0.0011749446857720613,2505.885,0.04046634415001127,0.01628154331020931,2508.207069531522,0.0020103216282244592
2508.6725868050057,-0.0003356984816491604,2506.355,0.003106728902621425,0.016229672347581315,2508.6725868050057,0.0019809257556998813
2509.13810407849,-0.0021820401307195425,2506.815,0.005607885707905158,0.016530973689639846,2509.13810407849,0.002000140598941471
2509.6036213519737,-0.003524834057316184,2507.285,0.025215736117186305,0.01719712338858622,2509.6036213519737,0.002053648574456396
2510.0691386254575,-0.0031891355756670237,2507.75,0.0009279778567794494,0.018181650487889122,2510.0691386254575,0.0020899483040694054
2510.5346558989418,-0.0021820401307195425,2508.214,0.011821343513148008,0.019379064200102304,2510.5346558989418,0.0021216879521072964
2511.0001731724255,-0.0041962312534451485,2508.681,0.01399996470137621,0.02063375319579938,2511.0001731724255,0.0021422268227448897
2511.4656904459093,-0.0068818191066384315,2509.14,0.0034292645196769556,0.02175906682142088,2511.4656904459093,0.0021560879905380354
2511.9312077193936,-0.006042572669684887,2509.606,0.009965257941975336,0.02256511672326749,2511.9312077193936,0.0021682262780683683
2512.3967249928774,-0.004531929735094309,2510.07,0.016501121506659944,0.02289152636537694,2512.3967249928774,0.0021741761771834774
2512.8622422663616,-0.0028534370940178633,2510.536,0.15561215994280153,0.0226387987549837,2512.8622422663616,0.0021654137482885654
2513.3277595398454,-0.0021820401307195425,2511.0,0.003106728902621425,0.021790177579612463,2513.3277595398454,0.002132510436877666
2513.793276813329,-0.0031891355756670237,2511.466,0.003106728902621425,0.020416880992003,2513.793276813329,0.002108608043787278
2514.2587940868134,-0.004531929735094309,2511.933,0.0009279778567794494,0.018664516399850718,2514.2587940868134,0.0020618024458548215
2514.724311360297,-0.0031891355756670237,2512.396,0.003106728902621425,0.016725093198061713,2514.724311360297,0.0020153504700692834
2515.189828633781,-0.0015106431674212217,2512.866,0.003106728902621425,0.014803210460109045,2515.189828633781,0.0019929489152173546
2515.655345907265,-0.0028534370940178633,2513.329,0.001250643331448753,0.013084919916688824,2515.655345907265,0.0019561783717187966
2516.120863180749,-0.00520332669839263,2513.797,0.003106728902621425,0.011714957819134451,2516.120863180749,0.0018823062814582105
2516.5863804542328,-0.004867628216743469,2514.259,0.03360781511065736,0.010784635982045388,2516.5863804542328,0.0018115674485471552
2517.051897727717,-0.0036926832981407642,2514.725,0.005607885707905158,0.010329786599287145,2517.051897727717,0.0017528106515655503
2517.517415001201,-0.003356984816491604,2515.188,0.011821343513148008,0.01033629421413236,2517.517415001201,0.0017243214473712048
2517.982932274685,-0.0021820401307195425,2515.654,0.012143879130203539,0.010750200270063737,2517.982932274685,0.0016905525818353977
2518.448449548169,-0.0018463416490703821,2516.118,0.012143879130203539,0.011489821354124024,2518.448449548169,0.0016697320488319079
2518.9139668216526,-0.0011749446857720613,2516.584,0.014322500318431741,0.012458035591040608,2518.9139668216526,0.0016447050536025185
2519.379484095137,0.0001678492408245802,2517.051,0.025215736117186305,0.013553400964640213,2519.379484095137,0.0016172232626746866
2519.8450013686206,0.0003356984816491604,2517.517,0.003106728902621425,0.014679153710661641,2519.8450013686206,0.0016303134538409724
2520.3105186421044,-0.0005035477224737406,2517.981,0.025215736117186305,0.015749622228186443,2520.3105186421044,0.0016550505618973114
2520.7760359155886,-0.0001678492408245802,2518.447,0.009965257941975336,0.016694189846663914,2520.7760359155886,0.001672830358818301
2521.2415531890724,-0.0001678492408245802,2518.907,0.00746397127907783,0.017459433531726062,2521.2415531890724,0.0016762206107314892
2521.707070462556,-0.0015106431674212217,2519.37,0.018357207077832394,0.018010225922556175,2521.707070462556,0.0016698286827406452
2522.1725877360404,-0.0015106431674212217,2519.841,0.027071821688358977,0.018330305972619285,2522.1725877360404,0.0016468000643643827
2522.638105009524,-0.0003356984816491604,2520.303,0.03360781511065736,0.01842220277427764,2522.638105009524,0.001654569472029979
2523.1036222830085,-0.0001678492408245802,2520.767,0.003106728902621425,0.01830588677757129,2523.1036222830085,0.0017339309294537903
2523.5691395564922,-0.000839246204122901,2521.236,0.025215736117186305,0.018015660127773347,2523.5691395564922,0.001790792146796859
2524.034656829976,-0.0001678492408245802,2521.695,0.012143879130203539,0.017595564606123333,2524.034656829976,0.0018227620623735234
2524.5001741034603,-0.0003356984816491604,2522.16,0.001250643331448753,0.01709433527206192,2524.5001741034603,0.0018273673767789272
2524.965691376944,-0.0015106431674212217,2522.625,0.03360781511065736,0.01656108911706181,2524.965691376944,0.0018381898626472727
2525.431208650428,-0.0015106431674212217,2523.092,0.016501121506659944,0.016042484519519173,2525.431208650428,0.0018830176452953155
2525.896725923912,-0.0001678492408245802,2523.558,0.003106728902621425,0.015581410067340975,2525.896725923912,0.0019017513995336942
2526.362243197396,0.000839246204122901,2524.022,0.020535828266060596,0.0152168249845336,2526.362243197396,0.0018822322785790953
2526.82776047088,0.0005035477224737406,2524.487,0.00746397127907783,0.014984282648946658,2526.82776047088,0.0018839880523581986
2527.293277744364,-0.0001678492408245802,2524.96,0.016501121506659944,0.014916569386047329,2527.293277744364,0.001882501604249027
2527.7587950178477,0.0005035477224737406,2525.418,0.047002207714695876,0.015043528395010919,2527.7587950178477,0.0018777647135882118
2528.224312291332,0.0023498893715441227,2525.882,0.018357207077832394,0.015389834514907224,2528.224312291332,0.001896921992120384
2528.6898295648157,0.0023498893715441227,2526.352,0.003106728902621425,0.01596991320716473,2528.6898295648157,0.0019511824409721278
2529.1553468382995,-0.0001678492408245802,2526.815,0.0034292645196769556,0.01678066000356219,2529.1553468382995,0.0019862732773592105
2529.6208641117837,-0.000839246204122901,2527.278,0.003106728902621425,0.0177944061366927,2529.6208641117837,0.0020152415154322777
2530.0863813852675,-0.000839246204122901,2527.743,0.025215736117186305,0.0189553403282193,2530.0863813852675,0.00203748065201225
2530.5518986587513,-0.0015106431674212217,2528.205,0.001250643331448753,0.020181655912175096,2530.5518986587513,0.0020433544823521884
2531.0174159322355,-0.0021820401307195425,2528.671,0.02925044287658718,0.021373633554549454,2531.0174159322355,0.0020422216588967396
2531.4829332057193,-0.0010070954449474812,2529.137,0.05353820113699426,0.02242575198385436,2531.4829332057193,0.002045722930798278
2531.9484504792035,-0.000839246204122901,2529.603,0.04232242972118394,0.023239521039701193,2531.9484504792035,0.002054771136739893
2532.4139677526873,-0.0028534370940178633,2530.067,0.003106728902621425,0.023733671466113895,2532.4139677526873,0.0020635150630006985
2532.879485026171,-0.0041962312534451485,2530.533,0.009642592467306033,0.023849932905310654,2532.879485026171,0.002084948269213863
2533.3450022996553,-0.003524834057316184,2531.0,0.023037114928958324,0.023555077553081796,2533.3450022996553,0.0020899627146695144
2533.810519573139,-0.0015106431674212217,2531.466,0.003106728902621425,0.022841448807862104,2533.810519573139,0.002088252170518031
2534.276036846623,0.0005035477224737406,2531.926,0.06193028013046531,0.021727815004691325,2534.276036846623,0.002099321367810023
2534.741554120107,0.0011749446857720613,2532.396,0.01399996470137621,0.0202607994423774,2534.741554120107,0.0021011470453444633
2535.207071393591,-0.0001678492408245802,2532.859,0.016178585889604413,0.01851590812211113,2535.207071393591,0.0021004356891218888
2535.6725886670747,-0.0001678492408245802,2533.321,0.003106728902621425,0.016597264307672683,2535.6725886670747,0.002104855966457445
2536.138105940559,0.0005035477224737406,2533.789,0.0009279778567794494,0.014636159003096788,2536.138105940559,0.002135510079516557
2536.6036232140427,-0.0005035477224737406,2534.251,0.03360781511065736,0.012789156898885764,2536.6036232140427,0.0022006896432287372
2537.069140487527,-0.000839246204122901,2534.717,0.001250643331448753,0.011235979347764487,2537.069140487527,0.002286599276784938
2537.5346577610107,-0.0018463416490703821,2535.181,0.003106728902621425,0.010176192532206082,2537.5346577610107,0.002352841763106151
2538.0001750344945,-0.0021820401307195425,2535.646,0.04885829328586855,0.009822827691472497,2538.0001750344945,0.0023771183381040752
2538.4656923079788,-0.002517738612368703,2536.111,0.016501121506659944,0.010390911849557741,2538.4656923079788,0.00237381238198057
2538.9312095814626,-0.003524834057316184,2536.576,0.003106728902621425,0.012079581611562001,2538.9312095814626,0.0023774185060529258
2539.3967268549463,-0.0031891355756670237,2537.041,0.003106728902621425,0.015048094608748263,2539.3967268549463,0.0024107741283616335
2539.8622441284306,-0.0028534370940178633,2537.507,0.023037114928958324,0.019388213312348822,2539.8622441284306,0.002449045507124136
2540.3277614019144,-0.0041962312534451485,2537.971,0.022714579311902794,0.025096948461109943,2540.3277614019144,0.002481358763033833
2540.793278675398,-0.00553902518004179,2538.437,0.016501121506659944,0.03205378563670969,2540.793278675398,0.002521217329582915
2541.2587959488824,-0.00587472366169095,2538.9,0.10146851656608336,0.040005748498965876,2541.2587959488824,0.002577120478469827
2541.724313222366,-0.004867628216743469,2539.37,0.027394357305414507,0.048562992120711364,2541.724313222366,0.002636991597521899
2542.1898304958504,-0.0041962312534451485,2539.833,0.001250643331448753,0.057207876317815605,2542.1898304958504,0.0026787190165762607
2542.655347769334,-0.00587472366169095,2540.296,0.022714579311902794,0.06532157832414029,2542.655347769334,0.0027225455533275767
2543.120865042818,-0.007553216069936752,2540.767,0.03142919392242938,0.07223254676824561,2543.120865042818,0.0027463225340530425
2543.586382316302,-0.007553216069936752,2541.229,0.08186066615680199,0.0772880289679117,2543.586382316302,0.0027522950484867442
2544.051899589786,-0.006210422143340111,2541.695,0.003106728902621425,0.07994298272466095,2544.051899589786,0.0027453603528068797
2544.51741686327,-0.003524834057316184,2542.16,0.28415249819724386,0.07985207802198259,2544.51741686327,0.0027156005749640008
2544.982934136754,-0.0021820401307195425,2542.626,0.2321874760087539,0.07694362641722834,2544.982934136754,0.0026887129496779775
2545.448451410238,-0.001678492408245802,2543.086,0.020858493740730122,0.07145328059352377,2545.448451410238,0.0026648228894648822
2545.913968683722,-0.002517738612368703,2543.552,0.016501121506659944,0.06390382880647039,2545.913968683722,0.002636664691827932
2546.379485957206,-0.0041962312534451485,2544.019,0.020535828266060596,0.05503366259729581,2546.379485957206,0.0025996494920302177
2546.8450032306896,-0.00553902518004179,2544.485,0.003106728902621425,0.045691823314070026,2546.8450032306896,0.0026012037858413523
2547.310520504174,-0.0041962312534451485,2544.948,0.016178585889604413,0.036723674956386336,2547.310520504174,0.002599106724806053
2547.7760377776576,-0.000839246204122901,2545.411,0.04264496533823947,0.028867806647125224,2547.7760377776576,0.0025764851817737648
2548.2415550511414,0.0006713969632983208,2545.881,0.016501121506659944,0.022677046520151244,2548.2415550511414,0.002564895832071419
2548.7070723246256,-0.0005035477224737406,2546.344,0.012143879130203539,0.018469320037596354,2548.7070723246256,0.002557089417332368
2549.1725895981094,-0.0021820401307195425,2546.812,0.003106728902621425,0.016309505243717708,2549.1725895981094,0.0025435798166472067
2549.638106871593,-0.0015106431674212217,2547.274,0.005607885707905158,0.016021148238546674,2549.638106871593,0.0025397886583084046
2550.1036241450774,-0.0001678492408245802,2547.739,0.00746397127907783,0.017225505472629177,2550.1036241450774,0.00255530280443138
2550.5691414185612,0.0018463416490703821,2548.202,0.0009279778567794494,0.019403680496995746,2550.5691414185612,0.0025559894896633106
2551.0346586920455,0.0038605325389653444,2548.668,0.0009279778567794494,0.02197528849641439,2551.0346586920455,0.0025413676233468907
2551.5001759655293,0.004867628216743469,2549.133,0.03142919392242938,0.024384239756335652,2551.5001759655293,0.0025522230023180045
2551.965693239013,0.004531929735094309,2549.598,0.20168638980071796,0.026179216301101493,2551.965693239013,0.0025459277048307484
2552.4312105124973,0.003524834057316184,2550.063,0.00746397127907783,0.02707461615411939,2552.4312105124973,0.002527370763291403
2552.896727785981,0.0011749446857720613,2550.529,0.003106728902621425,0.02697994018217999,2552.896727785981,0.0025153352727646204
2553.362245059465,-0.000839246204122901,2550.997,0.009965257941975336,0.025993205708251713,2553.362245059465,0.002536455974555416
2553.827762332949,-0.0021820401307195425,2551.455,0.001250643331448753,0.0243637651695299,2553.827762332949,0.002574157856359579
2554.293279606433,-0.000839246204122901,2551.922,0.014322500318431741,0.02243625226963779,2554.293279606433,0.0025767277844028946
2554.7587968799166,-0.0001678492408245802,2552.386,0.03610897191594109,0.02058795120902022,2554.7587968799166,0.002578722048292048
2555.224314153401,0.0011749446857720613,2552.856,0.012143879130203539,0.019168949591498993,2555.224314153401,0.0025805888435966673
2555.6898314268847,0.002517738612368703,2553.318,0.003106728902621425,0.01845125084679238,2555.6898314268847,0.002582784589658297
2556.155348700369,0.0010070954449474812,2553.786,0.014322500318431741,0.018591089401807568,2556.155348700369,0.002591144052653983
2556.6208659738527,-0.000839246204122901,2554.249,0.014322500318431741,0.019607684912390237,2556.6208659738527,0.0025615117452037327
2557.0863832473365,-0.0015106431674212217,2554.714,0.016178585889604413,0.021380618645435934,2557.0863832473365,0.002522348085978741
2557.5519005208207,-0.0011749446857720613,2555.177,0.003106728902621425,0.02366647960029652,2557.5519005208207,0.0025058861490183737
2558.0174177943045,-0.000839246204122901,2555.642,0.003106728902621425,0.026133601311654008,2558.0174177943045,0.0025008634820979777
2558.4829350677883,-0.0001678492408245802,2556.107,0.012143879130203539,0.02841161086019181,2558.4829350677883,0.0024893440321326625
2558.9484523412725,-0.000839246204122901,2556.573,0.009965257941975336,0.030149718811829485,2558.9484523412725,0.002459715836286037
2559.4139696147563,-0.0028534370940178633,2557.037,0.23000872496291191,0.031074123531578922,2559.4139696147563,0.0024322052615946646
2559.8794868882405,-0.0028534370940178633,2557.502,0.0077865068961333606,0.03103210315692677,2559.8794868882405,0.002423876634791979
2560.3450041617243,-0.0015106431674212217,2557.967,0.003106728902621425,0.030011518704821247,2560.3450041617243,0.002391703181193971
2560.810521435208,-0.001678492408245802,2558.433,0.00746397127907783,0.028131409958015174,2560.810521435208,0.0023181559309537443
2561.2760387086923,-0.0021820401307195425,2558.896,0.001250643331448753,0.02560903752102465,2561.2760387086923,0.002252022410985076
2561.741555982176,-0.0001678492408245802,2559.366,0.00746397127907783,0.022715080321245668,2561.741555982176,0.002215255980427675
2562.20707325566,-0.0001678492408245802,2559.826,0.018679742694887924,0.01972893729318146,2562.20707325566,0.002164805193281774
2562.672590529144,-0.0015106431674212217,2560.296,0.009642592467306033,0.01690232700583894,2562.672590529144,0.0021145188814601923
2563.138107802628,-0.0028534370940178633,2560.755,0.016178585889604413,0.014434936654658562,2563.138107802628,0.002061434431128848
2563.6036250761117,-0.003524834057316184,2561.227,0.0077865068961333606,0.012462447551363708,2563.6036250761117,0.0020088804139722512
2564.069142349596,-0.0030212863348424435,2561.685,0.025215736117186305,0.011055129667565953,2564.069142349596,0.001967580628573724
2564.5346596230797,-0.0015106431674212217,2562.151,0.009965257941975336,0.010224092965859018,2564.5346596230797,0.0019150841744781568
2565.000176896564,-0.0001678492408245802,2562.617,0.020858493740730122,0.00993197350877888,2565.000176896564,0.0018607867145175425
2565.4656941700478,-0.000839246204122901,2563.082,0.009642592467306033,0.010105239259131475,2565.4656941700478,0.0018558072214728614
2565.9312114435315,-0.0021820401307195425,2563.547,0.00746397127907783,0.010646281982020427,2565.9312114435315,0.0018768641905114066
2566.396728717016,-0.0018463416490703821,2564.014,0.003106728902621425,0.011444650597816368,2566.396728717016,0.0019195579036618282
2566.8622459904996,-0.0021820401307195425,2564.48,0.001250643331448753,0.012387679407266062,2566.8622459904996,0.0019589209893815396
2567.3277632639833,-0.0018463416490703821,2564.941,0.003106728902621425,0.013370930691178572,2567.3277632639833,0.0019798381548877895
2567.7932805374676,-0.0021820401307195425,2565.41,0.047002207714695876,0.014308129117979816,2567.7932805374676,0.0020056772480961825
2568.2587978109514,-0.0031891355756670237,2565.874,0.04232242972118394,0.015138984306229343,2568.2587978109514,0.002049684709632123
2568.724315084435,-0.003524834057316184,2566.337,0.001250643331448753,0.015832530341811164,2568.724315084435,0.002097351749891936
2569.1898323579194,-0.0041962312534451485,2566.8,0.0009279778567794494,0.016384450446548477,2569.1898323579194,0.002133986600346735
2569.655349631403,-0.0041962312534451485,2567.27,0.012143879130203539,0.016809121569034392,2569.655349631403,0.002133684376035678
2570.1208669048874,-0.0041962312534451485,2567.735,0.011821343513148008,0.01712912515044082,2570.1208669048874,0.002126548197185179
2570.586384178371,-0.0041962312534451485,2568.198,0.03393035072771289,0.01736526529834822,2570.586384178371,0.0021357094782624483
2571.051901451855,-0.004867628216743469,2568.663,0.020858493740730122,0.017529001072799453,2571.051901451855,0.002173542940063694
2571.517418725339,-0.003524834057316184,2569.13,0.0009279778567794494,0.01761805176696328,2571.517418725339,0.002220340316602702
2571.982935998823,-0.0038605325389653444,2569.596,0.001250643331448753,0.017615656268453145,2571.982935998823,0.002288235780238474
2572.448453272307,-0.0041962312534451485,2570.055,0.011821343513148008,0.0174941396991581,2572.448453272307,0.002348635276011826
2572.913970545791,-0.0031891355756670237,2570.521,0.03360781511065736,0.017222988191674768,2572.913970545791,0.0023626732544164255
2573.379487819275,-0.003524834057316184,2570.985,0.027071821688358977,0.016780166680151365,2573.379487819275,0.0023680886079061546
2573.8450050927586,-0.0031891355756670237,2571.451,0.022714579311902794,0.01616382078165763,2573.8450050927586,0.0023581501791647163
2574.310522366243,-0.002517738612368703,2571.919,0.0077865068961333606,0.015401027447164957,2574.310522366243,0.0023561271308389776
2574.7760396397266,-0.0021820401307195425,2572.381,0.00746397127907783,0.014551171077418589,2574.7760396397266,0.0023400085373857897
2575.241556913211,-0.0031891355756670237,2572.852,0.05103691447409675,0.013702955236271967,2575.241556913211,0.002330900709437131
2575.7070741866946,-0.0028534370940178633,2573.314,0.005285350090849628,0.01296513390876213,2575.7070741866946,0.0023261103616892915
2576.1725914601784,-0.0015106431674212217,2573.778,0.001250643331448753,0.012451851307484496,2576.1725914601784,0.0023477820559791125
2576.6381087336626,-0.0021820401307195425,2574.24,0.005285350090849628,0.01226459279864605,2576.6381087336626,0.002386279590979066
2577.1036260071464,-0.002517738612368703,2574.706,0.00746397127907783,0.012473983116338091,2577.1036260071464,0.0024098057494529746
2577.56914328063,-0.0021820401307195425,2575.171,0.016178585889604413,0.013105098925151487,2577.56914328063,0.002404931105327965
2578.0346605541145,-0.0015106431674212217,2575.636,0.005607885707905158,0.014129231139542555,2578.0346605541145,0.00236582912272687
2578.5001778275982,-0.0001678492408245802,2576.1,0.003106728902621425,0.015463747122329279,2578.5001778275982,0.002346299720657095
2578.9656951010825,-0.0001678492408245802,2576.566,0.001250643331448753,0.016980470357883134,2578.9656951010825,0.0023593241196745206
2579.4312123745663,0.0005035477224737406,2577.033,0.047002207714695876,0.01852174474344504,2579.4312123745663,0.0023479485873490794
2579.89672964805,-0.0001678492408245802,2577.499,0.003106728902621425,0.019921831827647934,2579.89672964805,0.0023341511541362424
2580.3622469215343,-0.0005035477224737406,2577.96,0.06410890131869351,0.021029843901097595,2580.3622469215343,0.002349770153023227
2580.827764195018,0.0005035477224737406,2578.425,0.012143879130203539,0.021729875077755503,2580.827764195018,0.0023768695374531135
2581.293281468502,0.0018463416490703821,2578.893,0.009965257941975336,0.021954850695137404,2581.293281468502,0.0023757922232859985
2581.758798741986,0.0021820401307195425,2579.355,0.03360781511065736,0.021692502815496624,2581.758798741986,0.0023602328467112093
2582.22431601547,0.002517738612368703,2579.826,0.020535828266060596,0.020983791944545936,2582.22431601547,0.0023521406549824935
2582.6898332889537,0.0031891355756670237,2580.288,0.003106728902621425,0.019915194781976557,2582.6898332889537,0.0023510756763021456
2583.155350562438,0.0031891355756670237,2580.755,0.03578643629888556,0.018606533558633304,2583.155350562438,0.002337333753150501
2583.6208678359217,0.002517738612368703,2581.22,0.02925044287658718,0.017195901090645203,2583.6208678359217,0.002301494554793516
2584.086385109406,0.0011749446857720613,2581.685,0.003106728902621425,0.015823128172909248,2584.086385109406,0.0022722261501433535
2584.5519023828897,-0.0001678492408245802,2582.145,0.0009279778567794494,0.014613445917771034,2584.5519023828897,0.0022880733581877723
2585.0174196563735,0.0005035477224737406,2582.611,0.001250643331448753,0.013663513171739293,2585.0174196563735,0.0022889697488250905
2585.4829369298577,0.0031891355756670237,2583.078,0.020858493740730122,0.013032132481206016,2585.4829369298577,0.0022790066485853734
2585.9484542033415,0.0028534370940178633,2583.544,0.025215736117186305,0.012737090286535665,2585.9484542033415,0.002250813501885564
2586.4139714768253,0.0005035477224737406,2584.011,0.003106728902621425,0.012757994541210063,2586.4139714768253,0.002211296221195255
2586.8794887503095,-0.0015106431674212217,2584.477,0.0077865068961333606,0.013043836313172661,2586.8794887503095,0.0021528149224010187
2587.3450060237933,-0.0023498893715441227,2584.94,0.012143879130203539,0.013523772097745208,2587.3450060237933,0.0021238240696538836
2587.810523297277,-0.0028534370940178633,2585.402,0.001250643331448753,0.014119751129104505,2587.810523297277,0.002096062670751709
2588.2760405707613,-0.0031891355756670237,2585.871,0.03360781511065736,0.014759330542714263,2588.2760405707613,0.0020905794699230366
2588.741557844245,-0.003524834057316184,2586.333,0.06225281574752084,0.01538628893088732,2588.741557844245,0.0020943932431925767
2589.2070751177293,-0.0041962312534451485,2586.8,0.001250643331448753,0.015966271080784116,2589.2070751177293,0.0020732334770278502
2589.672592391213,-0.0041962312534451485,2587.262,0.001250643331448753,0.01648571839371549,2589.672592391213,0.0020134302065552916
2590.138109664697,-0.0021820401307195425,2587.728,0.0034292645196769556,0.01694486788729978,2590.138109664697,0.0019261595346995529
2590.603626938181,-0.0018463416490703821,2588.191,0.0009279778567794494,0.017348129979243225,2590.603626938181,0.001875945182470768
2591.069144211665,-0.000839246204122901,2588.657,0.023037114928958324,0.01769580091428278,2591.069144211665,0.001868609576968695
2591.5346614851487,-0.0001678492408245802,2589.123,0.04918082890292408,0.017979517581635913,2591.5346614851487,0.0018474559786357597
2592.000178758633,-0.000839246204122901,2589.588,0.001250643331448753,0.018181559639691678,2592.000178758633,0.0018203442574842416
2592.4656960321167,-0.0023498893715441227,2590.055,0.003106728902621425,0.018276752766852342,2592.4656960321167,0.0017967111917920264
2592.931213305601,-0.0031891355756670237,2590.521,0.03610897191594109,0.018235833501543147,2592.931213305601,0.0017761414810771679
2593.3967305790848,-0.003524834057316184,2590.985,0.001250643331448753,0.018029775107991648,2593.3967305790848,0.00175100757688412
2593.8622478525685,-0.003524834057316184,2591.451,0.04046634415001127,0.017634677872240403,2593.8622478525685,0.001723534009517168
2594.327765126053,-0.0038605325389653444,2591.911,0.001250643331448753,0.01703642419120607,2594.327765126053,0.0017179480144712343
2594.7932823995366,-0.0031891355756670237,2592.382,0.03828759310416929,0.01623408162663679,2594.7932823995366,0.0017221935390034485
2595.2587996730203,-0.0015106431674212217,2592.845,0.003106728902621425,0.015241328728453648,2595.2587996730203,0.0016997508679669883
2595.7243169465046,-0.0001678492408245802,2593.307,0.009965257941975336,0.014085817057456256,2595.7243169465046,0.0016781840257852427
2596.1898342199884,0.0011749446857720613,2593.775,0.0009279778567794494,0.012807049737785956,2596.1898342199884,0.0016879991009281035
2596.655351493472,0.0011749446857720613,2594.237,0.03142919392242938,0.011453662666238549,2596.655351493472,0.0016945102725480306
2597.1208687669564,-0.0005035477224737406,2594.702,0.0077865068961333606,0.01008070463950903,2597.1208687669564,0.0016993355708844874
2597.58638604044,-0.0003356984816491604,2595.17,0.0009279778567794494,0.008746939576272632,2597.58638604044,0.0017083097655339287
2598.0519033139244,0.0005035477224737406,2595.636,0.009965257941975336,0.007511952346373219,2598.0519033139244,0.00171608739822057
2598.517420587408,0.0011749446857720613,2596.096,0.009965257941975336,0.006433053311486989,2598.517420587408,0.0017536762040819965
2598.982937860892,0.0021820401307195425,2596.561,0.003106728902621425,0.005562208407265406,2598.982937860892,0.00178707088623014
2599.448455134376,0.002517738612368703,2597.026,0.005607885707905158,0.004943223227183677,2599.448455134376,0.0017570767312725531
2599.91397240786,0.0005035477224737406,2597.492,0.0009279778567794494,0.004609358953818467,2599.91397240786,0.0016819464043987735
2600.379489681344,-0.001678492408245802,2597.964,0.001250643331448753,0.004581573289983519,2600.379489681344,0.0016390943825694408
2600.845006954828,-0.0018463416490703821,2598.422,0.012143879130203539,0.004867525304203218,2600.845006954828,0.0016091331234780971
2601.310524228312,-0.0018463416490703821,2598.885,0.005607885707905158,0.005461266653123923,2601.310524228312,0.0015848339316015987
2601.7760415017956,-0.0028534370940178633,2599.355,0.0034292645196769556,0.006343303954774825,2601.7760415017956,0.0015921592548848187
2602.24155877528,-0.0041962312534451485,2599.818,0.01399996470137621,0.007480675978988682,2602.24155877528,0.0015960634924003954
2602.7070760487636,-0.004531929735094309,2600.281,0.0034292645196769556,0.008826880965970722,2602.7070760487636,0.0015926547375536538
2603.172593322248,-0.0028534370940178633,2600.747,0.023037114928958324,0.010321767677927992,2603.172593322248,0.0015928562188106737
2603.6381105957316,-0.0018463416490703821,2601.21,0.001250643331448753,0.01189178021526852,2603.6381105957316,0.001598436050242751
2604.1036278692154,-0.0021820401307195425,2601.675,0.00746397127907783,0.013451254476815633,2604.1036278692154,0.0016161007144310138
2604.5691451426997,-0.0015106431674212217,2602.14,0.00746397127907783,0.014905730991532804,2604.5691451426997,0.001644920925148532
2605.0346624161834,-0.0001678492408245802,2602.606,0.016178585889604413,0.016158174644957387,2605.0346624161834,0.0016655913778137494
2605.500179689667,0.0005035477224737406,2603.07,0.020858493740730122,0.017118332243450756,2605.500179689667,0.001678519149136691
2605.9656969631515,-0.000839246204122901,2603.537,0.016501121506659944,0.017714399661041512,2605.9656969631515,0.0016710725254486581
2606.4312142366352,-0.0015106431674212217,2604.003,0.003106728902621425,0.017905215391352654,2606.4312142366352,0.0016871088823975507
2606.896731510119,-0.0015106431674212217,2604.469,0.06410890131869351,0.017690657647831422,2606.896731510119,0.0017221051454275203
2607.3622487836033,-0.0005035477224737406,2604.937,0.0034292645196769556,0.017117796395775264,2607.3622487836033,0.0017662010120068133
2607.827766057087,-0.000839246204122901,2605.399,0.020858493740730122,0.016280767939887357,2607.827766057087,0.001806382363072465
2608.2932833305713,-0.0015106431674212217,2605.863,0.012143879130203539,0.015313555454631252,2608.2932833305713,0.0018170362578662285
2608.758800604055,-0.0015106431674212217,2606.325,0.001250643331448753,0.014376560113964904,2608.758800604055,0.0018250092063480145
2609.224317877539,-0.0001678492408245802,2606.796,0.020858493740730122,0.01363910970309375,2609.224317877539,0.0018417301921238517
2609.689835151023,0.0011749446857720613,2607.259,0.00746397127907783,0.013260287201138223,2609.689835151023,0.001847694484143131
2610.155352424507,0.0005035477224737406,2607.724,0.04046634415001127,0.013369929401543771,2610.155352424507,0.0018742675485076876
2610.6208696979907,-0.0018463416490703821,2608.188,0.005607885707905158,0.014051077545920245,2610.6208696979907,0.001941145318965267
2611.086386971475,-0.0031891355756670237,2608.654,0.003106728902621425,0.015325219478293156,2611.086386971475,0.001984634681997587
2611.5519042449587,-0.002517738612368703,2609.12,0.001250643331448753,0.017142423252144125,2611.5519042449587,0.0020034239459834533
2612.017421518443,-0.0001678492408245802,2609.586,0.005285350090849628,0.019379156409137982,2612.017421518443,0.0020473121617827685
2612.4829387919267,0.0011749446857720613,2610.051,0.025215736117186305,0.021846164758546376,2612.4829387919267,0.0021093605218382625
2612.9484560654105,0.000839246204122901,2610.517,0.027071821688358977,0.024306962205792836,2612.9484560654105,0.002140010520618685
2613.4139733388947,-0.000839246204122901,2610.975,0.03360781511065736,0.026505050310397675,2613.4139733388947,0.0021679178913783215
2613.8794906123785,-0.0021820401307195425,2611.44,0.012143879130203539,0.028196077151031184,2613.8794906123785,0.0022123550436110515
2614.3450078858623,-0.003524834057316184,2611.911,0.003106728902621425,0.029180259731892894,2614.3450078858623,0.002293544235886891
2614.8105251593465,-0.0041962312534451485,2612.373,0.13382568834529196,0.029330093410145464,2614.8105251593465,0.00238220266923412
2615.2760424328303,-0.0021820401307195425,2612.841,0.02925044287658718,0.028608201035316756,2615.2760424328303,0.002441444667236083
2615.741559706314,-0.0003356984816491604,2613.303,0.0034292645196769556,0.027070968212277384,2615.741559706314,0.002488832097941611
2616.2070769797983,-0.000839246204122901,2613.771,0.023037114928958324,0.02485672000979869,2616.2070769797983,0.002523509689071053
2616.672594253282,-0.0015106431674212217,2614.233,0.001250643331448753,0.022161891649757036,2616.672594253282,0.0025486559284713826
2617.1381115267664,-0.000839246204122901,2614.699,0.001250643331448753,0.019212053988117116,2617.1381115267664,0.0025557304290039647
2617.60362880025,0.000839246204122901,2615.163,0.003106728902621425,0.01623488739484073,2617.60362880025,0.0025780744179743514
2618.069146073734,0.0021820401307195425,2615.629,0.025215736117186305,0.013439859772937811,2618.069146073734,0.0026351926264331503
2618.534663347218,0.0028534370940178633,2616.096,0.018357207077832394,0.011006049389207058,2618.534663347218,0.002691714611353621
2619.000180620702,0.0021820401307195425,2616.561,0.022714579311902794,0.009076618647682914,2619.000180620702,0.0027481461347088243
2619.4656978941857,-0.001678492408245802,2617.026,0.012143879130203539,0.0077569098326447615,2619.4656978941857,0.0028049929584718254
2619.93121516767,-0.0038605325389653444,2617.491,0.001250643331448753,0.007113368419897208,2619.93121516767,0.0028439201831475945
2620.3967324411537,-0.0041962312534451485,2617.952,0.0077865068961333606,0.007171948954929059,2620.3967324411537,0.0028681309678988635
2620.8622497146375,-0.0030212863348424435,2618.415,0.001250643331448753,0.00791627484044293,2620.8622497146375,0.00286152316730681
2621.3277669881218,-0.0021820401307195425,2618.885,0.009965257941975336,0.00928679541028316,2621.3277669881218,0.002857686777777555
2621.7932842616055,-0.0028534370940178633,2619.347,0.009965257941975336,0.011182320298768818,2621.7932842616055,0.002861959027287001
2622.25880153509,-0.0031891355756670237,2619.811,0.009965257941975336,0.013464906723412221,2622.25880153509,0.0028680734016323164
2622.7243188085736,-0.002517738612368703,2620.281,0.001250643331448753,0.015968501841491154,2622.7243188085736,0.0028677465065473575
2623.1898360820574,-0.000839246204122901,2620.747,0.023037114928958324,0.018511125803453522,2623.1898360820574,0.0028611859922730966
2623.6553533555416,-0.000839246204122901,2621.209,0.016178585889604413,0.02090958764708001,2623.6553533555416,0.0028474502369247256
2624.1208706290254,-0.004867628216743469,2621.675,0.079682044968574,0.02299472333296944,2624.1208706290254,0.0028516052973135714
2624.586387902509,-0.008224613033235073,2622.14,0.0077865068961333606,0.024624456860089804,2624.586387902509,0.002880394666413807
2625.0519051759934,-0.007553216069936752,2622.606,0.005285350090849628,0.025692525968605932,2625.0519051759934,0.002877615030983045
2625.517422449477,-0.0068818191066384315,2623.066,0.005607885707905158,0.026132670004967103,2625.517422449477,0.0028897121988809187
2625.982939722961,-0.00553902518004179,2623.532,0.03796505748711376,0.02592007463172681,2625.982939722961,0.002892027190006129
2626.448456996445,-0.0041962312534451485,2623.997,0.003106728902621425,0.025072104482807053,2626.448456996445,0.0028877097090039307
2626.913974269929,-0.005035477224737406,2624.462,0.0706447648833779,0.023648635315328896,2626.913974269929,0.002896496808481668
2627.379491543413,-0.00553902518004179,2624.926,0.040143678675341965,0.021750196247083953,2627.379491543413,0.002915699318440998
2627.845008816897,-0.004867628216743469,2625.395,0.003106728902621425,0.019511409899074083,2627.845008816897,0.00292873399969724
2628.310526090381,-0.0031891355756670237,2625.856,0.001250643331448753,0.017088569640777873,2628.310526090381,0.0029302718446327057
2628.776043363865,-0.0021820401307195425,2626.325,0.020858493740730122,0.014642796907057942,2628.776043363865,0.0029226196243851347
2629.241560637349,-0.0015106431674212217,2626.789,0.0034292645196769556,0.012322234953380029,2629.241560637349,0.00290577733895453
2629.7070779108326,-0.0015106431674212217,2627.251,0.003106728902621425,0.010246972810604738,2629.7070779108326,0.0028891488715310954
2630.172595184317,-0.0021820401307195425,2627.717,0.0077865068961333606,0.008499300801347916,2630.172595184317,0.0028610975848484196
2630.6381124578006,-0.003524834057316184,2628.181,0.003106728902621425,0.0071205057633116535,2630.6381124578006,0.0028166604325529487
2631.103629731285,-0.0031891355756670237,2628.647,0.001250643331448753,0.006114155022491367,2631.103629731285,0.00276696006616611
2631.5691470047686,-0.0021820401307195425,2629.111,0.012143879130203539,0.005454692159840275,2631.5691470047686,0.0027428767492464782
2632.0346642782524,-0.0018463416490703821,2629.576,0.014322500318431741,0.005099225794042333,2632.0346642782524,0.0027293794826677735
2632.5001815517367,-0.0028534370940178633,2630.041,0.003106728902621425,0.0049998069198704835,2632.5001815517367,0.0026724113576586527
2632.9656988252204,-0.00520332669839263,2630.507,0.025215736117186305,0.005113477250393771,2632.9656988252204,0.002590693790994374
2633.431216098704,-0.005035477224737406,2630.975,0.001250643331448753,0.005408046579669406,2633.431216098704,0.002512543285337535
2633.8967333721885,-0.0031891355756670237,2631.441,0.001250643331448753,0.005862799348728536,2633.8967333721885,0.0024679067030195638
2634.3622506456722,-0.0028534370940178633,2631.903,0.0034292645196769556,0.006464795289295715,2634.3622506456722,0.00245434364625124
2634.827767919156,-0.0015106431674212217,2632.366,0.003106728902621425,0.007202619854880947,2634.827767919156,0.0024548555750550853
2635.2932851926403,0.0011749446857720613,2632.833,0.003106728902621425,0.008059910709886934,2635.2932851926403,0.0024120200020016054
2635.758802466124,0.002517738612368703,2633.296,0.009965257941975336,0.00901067158688624,2635.758802466124,0.0023775582846369426
2636.2243197396083,0.0018463416490703821,2633.767,0.003106728902621425,0.010017606798841547,2636.2243197396083,0.0023720421884182905
2636.689837013092,0.000839246204122901,2634.229,0.003106728902621425,0.011033816978303182,2636.689837013092,0.0023825069369142033
2637.155354286576,-0.0001678492408245802,2634.695,0.03360781511065736,0.012007332121148266,2637.155354286576,0.002351865161400917
2637.62087156006,-0.0028534370940178633,2635.155,0.020858493740730122,0.01288719294895038,2637.62087156006,0.0023312522756752923
2638.086388833544,-0.003524834057316184,2635.621,0.003106728902621425,0.013629409574424482,2638.086388833544,0.002284315095966178
2638.5519061070277,-0.0028534370940178633,2636.088,0.003106728902621425,0.014201496745917856,2638.5519061070277,0.00222625115278123
2639.017423380512,-0.0010070954449474812,2636.554,0.012143879130203539,0.01458520210088868,2639.017423380512,0.0021731214726796707
2639.4829406539957,0.0005035477224737406,2637.019,0.047002207714695876,0.014777634622348637,2639.4829406539957,0.0021616410853971223
2639.9484579274795,0.0005035477224737406,2637.485,0.003106728902621425,0.014790805629891112,2639.9484579274795,0.0021772683096559337
2640.4139752009637,-0.000839246204122901,2637.948,0.009965257941975336,0.014649291074961046,2640.4139752009637,0.002146299639040578
2640.8794924744475,-0.0005035477224737406,2638.411,0.0009279778567794494,0.014386139556625132,2640.8794924744475,0.0021062334206762828
2641.3450097479317,-0.0001678492408245802,2638.881,0.023037114928958324,0.014037979771863536,2641.3450097479317,0.0020604393451071575
2641.8105270214155,-0.0018463416490703821,2639.344,0.012143879130203539,0.013640526002196817,2641.8105270214155,0.002017387897410519
2642.2760442948993,-0.0021820401307195425,2639.812,0.02925044287658718,0.013225085504588651,2642.2760442948993,0.0019788677479789085
2642.7415615683835,-0.0005035477224737406,2640.274,0.0009279778567794494,0.0128159892608765,2642.7415615683835,0.0019298643452298851
2643.2070788418673,-0.000839246204122901,2640.739,0.003106728902621425,0.01242881312125594,2643.2070788418673,0.0018705359967729044
2643.672596115351,-0.000839246204122901,2641.202,0.018679742694887924,0.01206971579867544,2643.672596115351,0.0018268204792427822
2644.1381133888353,0.0011749446857720613,2641.668,0.00746397127907783,0.011736513011517038,2644.1381133888353,0.0017794289356018011
2644.603630662319,0.0018463416490703821,2642.133,0.005607885707905158,0.01142181852229218,2644.603630662319,0.001742960616950455
2645.0691479358034,0.0011749446857720613,2642.599,0.025215736117186305,0.011117942842470111,2645.0691479358034,0.0017454606414779917
2645.534665209287,0.0018463416490703821,2643.064,0.0009279778567794494,0.010822688178823973,2645.534665209287,0.0017618670676784517
2646.000182482771,0.002517738612368703,2643.529,0.0009279778567794494,0.010544895937140515,2646.000182482771,0.0017404667552496553
2646.465699756255,0.0018463416490703821,2643.996,0.025215736117186305,0.010308508019927705,2646.465699756255,0.0017046234433298019
2646.931217029739,-0.000839246204122901,2644.455,0.03142919392242938,0.010153807658093861,2646.931217029739,0.0016734060030577566
2647.3967343032227,-0.000839246204122901,2644.922,0.012143879130203539,0.01013446400719262,2647.3967343032227,0.001670161722913623
2647.862251576707,0.0011749446857720613,2645.385,0.003106728902621425,0.010309548519948733,2647.862251576707,0.0016559551547434565
2648.3277688501908,0.0021820401307195425,2645.855,0.003106728902621425,0.010731174930232273,2648.3277688501908,0.0016106750643175665
2648.7932861236745,0.0018463416490703821,2646.318,0.011821343513148008,0.011430214063737168,2648.7932861236745,0.0015414966926359133
2649.2588033971588,0.0003356984816491604,2646.781,0.001250643331448753,0.012403549571533213,2649.2588033971588,0.0015409559807016478
2649.7243206706426,-0.0003356984816491604,2647.251,0.0009279778567794494,0.013606140953378027,2649.7243206706426,0.0016101898618741184
2650.189837944127,0.0001678492408245802,2647.717,0.025215736117186305,0.014950106781195583,2650.189837944127,0.0016704228249399694
2650.6553552176106,-0.000839246204122901,2648.18,0.0077865068961333606,0.016311603606297846,2650.6553552176106,0.0017168974178493434
2651.1208724910944,-0.0011749446857720613,2648.646,0.025215736117186305,0.01754479841656581,2651.1208724910944,0.0017533636806033401
2651.5863897645786,-0.0011749446857720613,2649.111,0.0009279778567794494,0.018501069446154306,2651.5863897645786,0.0017552859896851584
2652.0519070380624,-0.0018463416490703821,2649.577,0.016178585889604413,0.01905087166873566,2652.0519070380624,0.001741289126022037
2652.517424311546,-0.0028534370940178633,2650.041,0.07314605154627563,0.01910521716378613,2652.517424311546,0.0017420662723087457
2652.9829415850304,-0.0021820401307195425,2650.507,0.012143879130203539,0.018633325207913647,2652.9829415850304,0.0017590072459997181
2653.448458858514,-0.0018463416490703821,2650.967,0.003106728902621425,0.017673305981707573,2653.448458858514,0.0017837032334739199
2653.913976131998,-0.0028534370940178633,2651.433,0.001250643331448753,0.0163343892628325,2653.913976131998,0.0017942831164250964
2654.379493405482,-0.0021820401307195425,2651.896,0.00746397127907783,0.014791442609949999,2654.379493405482,0.0017898916225735962
2654.845010678966,-0.0015106431674212217,2652.366,0.00746397127907783,0.013273556415261211,2654.845010678966,0.0017934196210579773
2655.3105279524502,-0.0028534370940178633,2652.829,0.079682044968574,0.012047554754298462,2655.3105279524502,0.0018116188286243352
2655.776045225934,-0.003524834057316184,2653.292,0.003106728902621425,0.011395663630024075,2655.776045225934,0.001841144226044321
2656.241562499418,-0.0023498893715441227,2653.758,0.0077865068961333606,0.011586309024099354,2656.241562499418,0.001871056140721719
2656.707079772902,-0.0015106431674212217,2654.222,0.001250643331448753,0.012839120768045643,2656.707079772902,0.0018772095783002125
2657.172597046386,-0.003524834057316184,2654.687,0.009642592467306033,0.015288542951706017,2657.172597046386,0.0018780298997659486
2657.6381143198696,-0.0057068741880357265,2655.152,0.00746397127907783,0.018952776132855672,2657.6381143198696,0.0018973043653967353
2658.103631593354,-0.006378271151334047,2655.618,0.003106728902621425,0.02371496264803112,2658.103631593354,0.001946702510966073
2658.5691488668376,-0.0041962312534451485,2656.085,0.020858493740730122,0.02932202814324157,2658.5691488668376,0.0020018470140329516
2659.0346661403214,-0.0005035477224737406,2656.551,0.012143879130203539,0.035404186138576405,2659.0346661403214,0.0019971183456211506
2659.5001834138056,-0.0001678492408245802,2657.015,0.022714579311902794,0.0415151009330957,2659.5001834138056,0.001973754606907882
2659.9657006872894,-0.0023498893715441227,2657.481,0.005607885707905158,0.0471891271145751,2659.9657006872894,0.0019406868176116722
2660.4312179607737,-0.0030212863348424435,2657.944,0.027071821688358977,0.05200782757314532,2660.4312179607737,0.001921657010373325
2660.8967352342574,-0.0023498893715441227,2658.407,0.35854906321735425,0.0556631893870349,2660.8967352342574,0.0019392826104956597
2661.3622525077412,-0.0005035477224737406,2658.87,0.011821343513148008,0.05800135641458468,2661.3622525077412,0.0019350247535110836
2661.8277697812255,0.000839246204122901,2659.34,0.005607885707905158,0.059032612603283574,2661.8277697812255,0.0019223210827364302
2662.2932870547093,0.000839246204122901,2659.804,0.05975152908462311,0.05890356643065236,2662.2932870547093,0.0018818416191601242
2662.758804328193,0.0021820401307195425,2660.266,0.003106728902621425,0.0578415081633195,2662.758804328193,0.0018636691371870053
2663.2243216016773,0.0028534370940178633,2660.731,0.029573108351256705,0.05608995443695922,2663.2243216016773,0.001847926780081391
2663.689838875161,0.0038605325389653444,2661.202,0.00746397127907783,0.05385456121100692,2663.689838875161,0.001826000146751663
2664.1553561486453,0.0023498893715441227,2661.66,0.003106728902621425,0.05127266555322916,2664.1553561486453,0.0017980557685734941
2664.620873422129,0.0011749446857720613,2662.125,0.011821343513148008,0.0484113532791183,2664.620873422129,0.0017709748866950098
2665.086390695613,0.002517738612368703,2662.591,0.264867183405018,0.045289765920055895,2665.086390695613,0.001755419621404432
2665.551907969097,0.0011749446857720613,2663.056,0.024893200500130774,0.04191324983863066,2665.551907969097,0.0017732939923185054
2666.017425242581,0.0018463416490703821,2663.522,0.009965257941975336,0.038303806893982606,2666.017425242581,0.0018214688508023653
2666.4829425160647,0.0021820401307195425,2663.989,0.012143879130203539,0.03451594759499266,2666.4829425160647,0.0018510908797668773
2666.948459789549,0.0010070954449474812,2664.455,0.009642592467306033,0.030636463678478363,2666.948459789549,0.0018562430722015412
2667.4139770630327,-0.0015106431674212217,2664.915,0.04885829328586855,0.026773765608534963,2667.4139770630327,0.0018372173754232122
2667.8794943365165,-0.003524834057316184,2665.385,0.020858493740730122,0.023043608199702675,2667.8794943365165,0.0018262180802638354
2668.3450116100007,-0.0031891355756670237,2665.848,0.012143879130203539,0.01955559084518952,2668.3450116100007,0.001852377901857594
2668.8105288834845,-0.0028534370940178633,2666.31,0.003106728902621425,0.01640254073955671,2668.8105288834845,0.0018833979725703547
2669.2760461569687,-0.0015106431674212217,2666.781,0.0077865068961333606,0.013653966262754476,2669.2760461569687,0.0018831163082138427
2669.7415634304525,0.000839246204122901,2667.244,0.020858493740730122,0.01135424338406422,2669.7415634304525,0.001866864079003114
2670.2070807039363,-0.0001678492408245802,2667.71,0.016501121506659944,0.009525181889965872,2670.2070807039363,0.0018452746220246697
2670.6725979774205,-0.001678492408245802,2668.174,0.016501121506659944,0.008171396235561958,2670.6725979774205,0.0018640063189711282
2671.1381152509043,-0.0018463416490703821,2668.64,0.001250643331448753,0.007286348355627591,2671.1381152509043,0.0019077711809522703
2671.603632524388,-0.0021820401307195425,2669.1,0.003106728902621425,0.006857394098381828,2671.603632524388,0.0019384314622709572
2672.0691497978723,-0.0005035477224737406,2669.565,0.003106728902621425,0.006869148920617098,2672.0691497978723,0.0019640464594085196
2672.534667071356,0.0005035477224737406,2670.037,0.005285350090849628,0.007305177413287598,2672.534667071356,0.0020106279629470533
2673.00018434484,-0.000839246204122901,2670.496,0.03393035072771289,0.008148014841884016,2673.00018434484,0.002053956964582964
2673.465701618324,-0.0023498893715441227,2670.963,0.005607885707905158,0.00937717021780339,2673.465701618324,0.002095785127735152
2673.931218891808,-0.0015106431674212217,2671.429,0.001250643331448753,0.010964760547994994,2673.931218891808,0.0021280038132907688
2674.396736165292,-0.0001678492408245802,2671.896,0.01399996470137621,0.01286917366408868,2674.396736165292,0.0021692542562488535
2674.862253438776,-0.0005035477224737406,2672.359,0.012143879130203539,0.015028206692571487,2674.862253438776,0.0021805311063941447
2675.3277707122597,-0.0011749446857720613,2672.822,0.027071821688358977,0.01735367865273029,2675.3277707122597,0.0022021514055630994
2675.793287985744,-0.000839246204122901,2673.285,0.001250643331448753,0.019729371665018938,2675.793287985744,0.0022334305247434013
2676.2588052592278,0.0021820401307195425,2673.751,0.020535828266060596,0.022013759330078476,2676.2588052592278,0.002260897925530538
2676.7243225327115,0.004531929735094309,2674.222,0.0077865068961333606,0.024048573805617268,2676.7243225327115,0.002298464118126727
2677.189839806196,0.004531929735094309,2674.681,0.025215736117186305,0.025673541575738767,2677.189839806196,0.002341223622581853
2677.6553570796796,0.0031891355756670237,2675.147,0.001250643331448753,0.026746250779367625,2677.6553570796796,0.0023838022039463723
2678.120874353164,0.0011749446857720613,2675.613,0.0753246727345036,0.027164188990042127,2678.120874353164,0.0024219748993965264
2678.5863916266476,-0.0011749446857720613,2676.078,0.0706447648833779,0.026884059789879962,2678.5863916266476,0.002425496731754542
2679.0519089001314,-0.0015106431674212217,2676.544,0.02925044287658718,0.025932657126115092,2679.0519089001314,0.0024432127943376345
2679.5174261736156,-0.000839246204122901,2677.011,0.0009279778567794494,0.02440516985740925,2679.5174261736156,0.002469761187854141
2679.9829434470994,0.0003356984816491604,2677.47,0.005285350090849628,0.022450835174012574,2679.9829434470994,0.002466605317088224
2680.448460720583,0.000839246204122901,2677.941,0.023037114928958324,0.020250182343636108,2680.448460720583,0.0024552009998641943
2680.9139779940674,0.0005035477224737406,2678.403,0.003106728902621425,0.0179901022022015,2680.9139779940674,0.002461477792458651
2681.379495267551,0.0011749446857720613,2678.87,0.009965257941975336,0.01584211655088032,2681.379495267551,0.002454253207689269
2681.845012541035,0.0011749446857720613,2679.333,0.023037114928958324,0.013946949156807824,2681.845012541035,0.0024323820853105246
2682.310529814519,0.000839246204122901,2679.796,0.003106728902621425,0.012406262712230057,2682.310529814519,0.0024460170983691626
2682.776047088003,0.0011749446857720613,2680.266,0.012143879130203539,0.011280764593347536,2682.776047088003,0.0025087870959877028
2683.2415643614872,-0.000839246204122901,2680.732,0.03142919392242938,0.010592856249919352,2683.2415643614872,0.002573166893708384
2683.707081634971,-0.003524834057316184,2681.194,0.0077865068961333606,0.01033157384093922,2683.707081634971,0.002603993705578547
2684.172598908455,-0.004867628216743469,2681.66,0.016501121506659944,0.010457758119170409,2684.172598908455,0.002601781513923766
2684.638116181939,-0.004531929735094309,2682.126,0.005607885707905158,0.01090824323529909,2684.638116181939,0.0026003937552613447
2685.103633455423,-0.003356984816491604,2682.585,0.005285350090849628,0.011599116940279474,2685.103633455423,0.0026648187871869183
2685.5691507289066,-0.0021820401307195425,2683.051,0.0077865068961333606,0.012429163180620465,2685.5691507289066,0.002691432971625977
2686.034668002391,-0.0031891355756670237,2683.517,0.016178585889604413,0.013284943956392245,2686.034668002391,0.0027016962382887875
2686.5001852758746,-0.0028534370940178633,2683.981,0.003106728902621425,0.01404857864682374,2686.5001852758746,0.0027321817633733157
2686.9657025493584,-0.0041962312534451485,2684.447,0.00746397127907783,0.014608454869385315,2686.9657025493584,0.0027452370037256866
2687.4312198228426,-0.00553902518004179,2684.915,0.001250643331448753,0.014872130657501087,2687.4312198228426,0.002733600365626524
2687.8967370963264,-0.006546120624989271,2685.377,0.06193028013046531,0.014779567829353205,2687.8967370963264,0.0027729922355546693
2688.3622543698107,-0.0068818191066384315,2685.84,0.025215736117186305,0.014313679457502233,2688.3622543698107,0.0028387700775332563
2688.8277716432945,-0.00587472366169095,2686.31,0.00746397127907783,0.013504747289625252,2688.8277716432945,0.0029081005888271626
2689.2932889167782,-0.00553902518004179,2686.774,0.014322500318431741,0.01242649501534486,2689.2932889167782,0.002955253643042545
2689.7588061902625,-0.004867628216743469,2687.236,0.001250643331448753,0.011184243355283738,2689.7588061902625,0.0029832083015573245
2690.2243234637463,-0.0028534370940178633,2687.702,0.003106728902621425,0.00989809857415194,2690.2243234637463,0.0030408713359781144
2690.68984073723,-0.0001678492408245802,2688.17,0.0009279778567794494,0.008685258178535321,2690.68984073723,0.003057867818101856
2691.1553580107143,-0.000839246204122901,2688.636,0.0009279778567794494,0.007645173391260923,2691.1553580107143,0.0030996918674972484
2691.620875284198,-0.0041962312534451485,2689.096,0.003106728902621425,0.006850057271305448,2691.620875284198,0.0031066923545445585
2692.086392557682,-0.006546120624989271,2689.561,0.012143879130203539,0.006341601398866573,2692.086392557682,0.0031010385123963883
2692.551909831166,-0.004531929735094309,2690.026,0.003106728902621425,0.006133170096400388,2692.551909831166,0.0031278151146596563
2693.01742710465,-0.0021820401307195425,2690.491,0.022714579311902794,0.006215541025729104,2693.01742710465,0.0031803115634478677
2693.482944378134,-0.001678492408245802,2690.963,0.009642592467306033,0.006563728611385156,2693.482944378134,0.0032177502856970573
2693.948461651618,-0.0041962312534451485,2691.421,0.012143879130203539,0.007142682690014933,2693.948461651618,0.003249600954772793
2694.4139789251017,-0.006210422143340111,2691.889,0.0034292645196769556,0.007910625331627927,2694.4139789251017,0.0032741448023438486
2694.879496198586,-0.006210422143340111,2692.352,0.001250643331448753,0.008820138594565884,2694.879496198586,0.0032555385184980996
2695.3450134720697,-0.0041962312534451485,2692.815,0.0009279778567794494,0.00981827241895972,2695.3450134720697,0.003218175866692432
2695.8105307455535,-0.0031891355756670237,2693.285,0.01399996470137621,0.010847367450071687,2695.8105307455535,0.003227493400092109
2696.2760480190377,-0.003524834057316184,2693.751,0.00746397127907783,0.011847827529066358,2696.2760480190377,0.0032361900385578448
2696.7415652925215,-0.0028534370940178633,2694.214,0.0077865068961333606,0.012763050459879908,2696.7415652925215,0.0032559558738735317
2697.2070825660057,-0.0011749446857720613,2694.68,0.03578643629888556,0.013545657395473896,2697.2070825660057,0.0032388586514050435
2697.6725998394895,-0.0015106431674212217,2695.14,0.023037114928958324,0.014163459025014001,2697.6725998394895,0.0032082209883167235
2698.1381171129733,-0.002517738612368703,2695.606,0.001250643331448753,0.014603555085380793,2698.1381171129733,0.003160847949217759
2698.6036343864575,-0.0028534370940178633,2696.071,0.003106728902621425,0.014873737342335576,2698.6036343864575,0.0031408415669706615
2699.0691516599413,-0.0005035477224737406,2696.536,0.016501121506659944,0.015001541810162021,2699.0691516599413,0.0031060303391710754
2699.534668933425,0.0023498893715441227,2697.001,0.014322500318431741,0.015031911512013862,2699.534668933425,0.003034643885604505
2700.0001862069093,0.0011749446857720613,2697.467,0.03142919392242938,0.015023975889123452,2700.0001862069093,0.0029600069829184036
2700.465703480393,-0.000839246204122901,2697.937,0.020858493740730122,0.01504652503549593,2700.465703480393,0.0028858141640614125
2700.931220753877,-0.0011749446857720613,2698.399,0.01399996470137621,0.015171395404447662,2700.931220753877,0.002803434580398077
2701.396738027361,-0.0001678492408245802,2698.863,0.003106728902621425,0.01546463551027957,2701.396738027361,0.0027553727970897985
2701.862255300845,-0.0001678492408245802,2699.325,0.003106728902621425,0.01597651720544668,2701.862255300845,0.0027613000830965235
2702.327772574329,-0.0010070954449474812,2699.793,0.046679672097640346,0.016732261250529065,2702.327772574329,0.0027701056894091913
2702.793289847813,0.0005035477224737406,2700.255,0.009965257941975336,0.017725226648651338,2702.793289847813,0.0027755806648147043
2703.2588071212967,0.002517738612368703,2700.721,0.0009279778567794494,0.01891372681871261,2703.2588071212967,0.0027558374434629666
2703.724324394781,0.002517738612368703,2701.187,0.001250643331448753,0.02022237564200005,2703.724324394781,0.0027328787271252066
2704.1898416682648,0.0011749446857720613,2701.653,0.03578643629888556,0.021548817847265988,2704.1898416682648,0.0027116264432953804
2704.6553589417485,-0.002517738612368703,2702.118,0.020858493740730122,0.022775961859993633,2704.6553589417485,0.0026867104689099076
2705.120876215233,-0.004531929735094309,2702.584,0.00746397127907783,0.02378820423126475,2705.120876215233,0.0026408752745382194
2705.5863934887166,-0.0041962312534451485,2703.051,0.07935937949390448,0.0244885134561866,2705.5863934887166,0.0025868574269409966
2706.0519107622004,-0.0041962312534451485,2703.517,0.016178585889604413,0.024812521587999046,2706.0519107622004,0.002516299517904814
2706.5174280356846,-0.004531929735094309,2703.975,0.03142919392242938,0.024736300211486102,2706.5174280356846,0.002437635022419096
2706.9829453091684,-0.0041962312534451485,2704.44,0.014322500318431741,0.02427630985762623,2706.9829453091684,0.0023500847415081506
2707.4484625826526,-0.0031891355756670237,2704.911,0.00746397127907783,0.02348253137314579,2707.4484625826526,0.002276449085927975
2707.9139798561364,-0.0041962312534451485,2705.373,0.01399996470137621,0.022427714014567675,2707.9139798561364,0.002224322705627027
2708.37949712962,-0.004867628216743469,2705.841,0.03360781511065736,0.021195995730177292,2708.37949712962,0.0021690301729601663
2708.8450144031044,-0.0036926832981407642,2706.303,0.025215736117186305,0.019873007454065974,2708.8450144031044,0.0021540382344091085
2709.310531676588,-0.0031891355756670237,2706.767,0.020858493740730122,0.018538023344595825,2709.310531676588,0.0021717357924815554
2709.776048950072,-0.0005035477224737406,2707.236,0.003106728902621425,0.017257866431469333,2709.776048950072,0.0021800582506995517
2710.241566223556,0.0038605325389653444,2707.695,0.011821343513148008,0.016082398552303992,2710.241566223556,0.002162280509507651
2710.70708349704,0.004531929735094309,2708.16,0.04046634415001127,0.015041834213092806,2710.70708349704,0.002106562396398683
2711.1726007705242,0.0011749446857720613,2708.626,0.003106728902621425,0.014146124167451094,2711.1726007705242,0.0020768005632459422
2711.638118044008,-0.002517738612368703,2709.092,0.0009279778567794494,0.013386412299745342,2711.638118044008,0.002060254331402793
2712.103635317492,-0.0041962312534451485,2709.559,0.014322500318431741,0.012738614357608822,2712.103635317492,0.0020659534058565026
2712.569152590976,-0.0018463416490703821,2710.026,0.003106728902621425,0.01216936788458095,2712.569152590976,0.0020818376219782393
2713.03466986446,0.0005035477224737406,2710.492,0.00746397127907783,0.011644300339711007,2713.03466986446,0.002119194106733531
2713.5001871379436,0.0011749446857720613,2710.959,0.03360781511065736,0.011137581843391415,2713.5001871379436,0.0021691823053143753
2713.965704411428,0.0011749446857720613,2711.417,0.020858493740730122,0.010640622613936591,2713.965704411428,0.002185296787520426
2714.4312216849116,0.0011749446857720613,2711.885,0.011821343513148008,0.010167306781877255,2714.4312216849116,0.002191838799380175
2714.8967389583954,-0.0001678492408245802,2712.347,0.0034292645196769556,0.009753824005306087,2714.8967389583954,0.002200099579745112
2715.3622562318797,-0.0015106431674212217,2712.815,0.014322500318431741,0.009452781776832396,2715.3622562318797,0.002188880297135458
2715.8277735053634,-0.0001678492408245802,2713.278,0.0009279778567794494,0.009322974809251726,2715.8277735053634,0.002133820086296259
2716.2932907788477,0.0028534370940178633,2713.744,0.011821343513148008,0.009417158055947866,2716.2932907788477,0.0020990520325435023
2716.7588080523315,0.002517738612368703,2714.206,0.001250643331448753,0.009770326338669305,2716.7588080523315,0.0021056084359812955
2717.2243253258152,0.0005035477224737406,2714.672,0.001250643331448753,0.010390668254137777,2717.2243253258152,0.0021391141401854055
2717.6898425992995,0.0005035477224737406,2715.137,0.024893200500130774,0.011254743998403177,2717.6898425992995,0.002144034013387623
2718.1553598727833,0.0011749446857720613,2715.603,0.0077865068961333606,0.012307612497610105,2718.1553598727833,0.002095326663564418
2718.620877146267,0.0011749446857720613,2716.07,0.001250643331448753,0.013467809309039014,2718.620877146267,0.0020506099023705946
2719.0863944197513,-0.0001678492408245802,2716.536,0.018679742694887924,0.014636520893544247,2719.0863944197513,0.0020526699591615076
2719.551911693235,-0.0023498893715441227,2716.996,0.0077865068961333606,0.01570995300920033,2719.551911693235,0.002103299613107105
2720.017428966719,-0.0028534370940178633,2717.462,0.03393035072771289,0.016593410422535693,2720.017428966719,0.002151678009692161
2720.482946240203,-0.000839246204122901,2717.926,0.016501121506659944,0.01721495422375044,2720.482946240203,0.0021397967146293507
2720.948463513687,0.000839246204122901,2718.396,0.027394357305414507,0.017536129571142655,2720.948463513687,0.002101270395640559
2721.413980787171,-0.0001678492408245802,2718.859,0.0077865068961333606,0.01755757661354699,2721.413980787171,0.0020786365160891224
2721.879498060655,-0.000839246204122901,2719.322,0.040143678675341965,0.017318277653910055,2721.879498060655,0.002048066696831929
2722.3450153341387,-0.0015106431674212217,2719.785,0.014322500318431741,0.016888345304211946,2722.3450153341387,0.0020032286334850874
2722.810532607623,-0.0028534370940178633,2720.255,0.009965257941975336,0.01635637239821033,2722.810532607623,0.0020158500678410032
2723.2760498811067,-0.0023498893715441227,2720.721,0.011821343513148008,0.015813469612874196,2723.2760498811067,0.0020599438772139324
2723.7415671545905,-0.002517738612368703,2721.187,0.0077865068961333606,0.01533707133315517,2723.7415671545905,0.002080349111452311
2724.2070844280747,-0.0036926832981407642,2721.645,0.001250643331448753,0.014977941724568466,2724.2070844280747,0.0020631552603539213
2724.6726017015585,-0.0041962312534451485,2722.11,0.003106728902621425,0.014753249002765421,2724.6726017015585,0.0020807541321851346
2725.1381189750423,-0.004867628216743469,2722.576,0.022714579311902794,0.014647178759011434,2725.1381189750423,0.002094800334427247
2725.6036362485265,-0.00520332669839263,2723.041,0.009965257941975336,0.014618636846271352,2725.6036362485265,0.002116996294522029
2726.0691535220103,-0.0041962312534451485,2723.506,0.05103691447409675,0.01461365961353145,2726.0691535220103,0.002139519149430842
2726.5346707954945,-0.0028534370940178633,2723.97,0.0077865068961333606,0.014578948716963953,2726.5346707954945,0.0021229030177109176
2727.0001880689783,-0.0028534370940178633,2724.436,0.009642592467306033,0.0144731079639923,2727.0001880689783,0.002075821922794587
2727.465705342462,-0.0018463416490703821,2724.9,0.014322500318431741,0.014273620167422271,2727.465705342462,0.002031111326900083
2727.9312226159464,-0.0015106431674212217,2725.37,0.005607885707905158,0.013979444809013196,2727.9312226159464,0.0019799245107984618
2728.39673988943,-0.0015106431674212217,2725.83,0.00746397127907783,0.013610236619560278,2728.39673988943,0.0019809298664736066
2728.862257162914,-0.0015106431674212217,2726.301,0.04232242972118394,0.013203205192352395,2728.862257162914,0.0020139585898729787
2729.327774436398,-0.000839246204122901,2726.763,0.0009279778567794494,0.012808058405466453,2729.327774436398,0.0020248283597034617
2729.793291709882,-0.0015106431674212217,2727.226,0.009965257941975336,0.012480117586497395,2729.793291709882,0.0020512369464450813
2730.258808983366,-0.0023498893715441227,2727.691,0.01399996470137621,0.012272021455079576,2730.258808983366,0.0020824029885304837
2730.72432625685,-0.0030212863348424435,2728.156,0.001250643331448753,0.012225142392733711,2730.72432625685,0.002115653756977206
2731.1898435303337,-0.0041962312534451485,2728.622,0.020535828266060596,0.012362218005952098,2731.1898435303337,0.0021730577437375376
2731.655360803818,-0.004867628216743469,2729.089,0.00746397127907783,0.012682472231716726,2731.655360803818,0.0022305028495485427
2732.1208780773018,-0.003524834057316184,2729.555,0.005285350090849628,0.01315995157361124,2732.1208780773018,0.0022880877596789645
2732.5863953507856,-0.0021820401307195425,2730.022,0.03142919392242938,0.013745272512156383,2732.5863953507856,0.0023217003714464586
2733.05191262427,-0.0018463416490703821,2730.48,0.001250643331448753,0.014370574782249085,2733.05191262427,0.002374009731990191
2733.5174298977536,-0.0015106431674212217,2730.948,0.005607885707905158,0.014957217343789528,2733.5174298977536,0.0024186051946814076
2733.9829471712374,0.0005035477224737406,2731.411,0.025215736117186305,0.01542561429371913,2733.9829471712374,0.002471496384091132
2734.4484644447216,0.000839246204122901,2731.878,0.001250643331448753,0.015706385548644973,2734.4484644447216,0.0024984785799764967
2734.9139817182054,-0.0015106431674212217,2732.34,0.040143678675341965,0.015751485815772636,2734.9139817182054,0.002486607565335854
2735.3794989916896,-0.0030212863348424435,2732.811,0.025215736117186305,0.015543374981678574,2735.3794989916896,0.002530061976193911
2735.8450162651734,-0.0021820401307195425,2733.273,0.005607885707905158,0.01510016526364539,2735.8450162651734,0.0025795238557674766
2736.310533538657,-0.000839246204122901,2733.739,0.011821343513148008,0.014475409498735266,2736.310533538657,0.0025727433559822187
2736.7760508121414,0.0005035477224737406,2734.201,0.0077865068961333606,0.013752498338850123,2736.7760508121414,0.0026066376320263715
2737.241568085625,0.0011749446857720613,2734.667,0.03360781511065736,0.013034684613048984,2737.241568085625,0.002643097728243331
2737.707085359109,0.000839246204122901,2735.133,0.005607885707905158,0.01243204297989246,2737.707085359109,0.0026316934127503947
2738.172602632593,0.0005035477224737406,2735.599,0.01399996470137621,0.012046598149667825,2738.172602632593,0.0026013661979903146
2738.638119906077,0.0021820401307195425,2736.066,0.003106728902621425,0.011957087249139214,2738.638119906077,0.002579879537964087
2739.103637179561,0.0028534370940178633,2736.532,0.011821343513148008,0.012205376189638009,2739.103637179561,0.002585153031684797
2739.569154453045,0.0023498893715441227,2736.996,0.0077865068961333606,0.01278687275016552,2739.569154453045,0.002596594354265448
2740.034671726529,0.0018463416490703821,2737.455,0.005607885707905158,0.013647010972009528,2740.034671726529,0.0025761068822879097
2740.500189000013,0.0021820401307195425,2737.926,0.005607885707905158,0.014685121122006898,2740.500189000013,0.00254021628542487
2740.965706273497,0.0011749446857720613,2738.388,0.023037114928958324,0.015765950858071056,2740.965706273497,0.0024901931364379286
2741.4312235469806,-0.0015106431674212217,2738.855,0.012143879130203539,0.01673786975319071,2741.4312235469806,0.00247394501864545
2741.896740820465,-0.0021820401307195425,2739.318,0.0077865068961333606,0.017455543927691317,2741.896740820465,0.0024645144076945727
2742.3622580939486,-0.002517738612368703,2739.781,0.03610897191594109,0.017803871985099435,2742.3622580939486,0.0024628634848999032
2742.8277753674324,-0.0041962312534451485,2740.251,0.027071821688358977,0.01771935047794676,2742.8277753674324,0.002425069084438184
2743.2932926409167,-0.003524834057316184,2740.717,0.03828759310416929,0.017204870010826837,2743.2932926409167,0.0024044335840071205
2743.7588099144004,-0.0028534370940178633,2741.18,0.016178585889604413,0.016334573167242798,2743.7588099144004,0.0024000605924674643
2744.2243271878847,-0.001678492408245802,2741.645,0.003106728902621425,0.015247127595507115,2744.2243271878847,0.002377455498501921
2744.6898444613685,-0.0021820401307195425,2742.111,0.025215736117186305,0.01412818285052612,2744.6898444613685,0.002382126599971277
2745.1553617348522,-0.004867628216743469,2742.576,0.001250643331448753,0.013184890177571606,2745.1553617348522,0.0023833478290404557
2745.6208790083365,-0.006210422143340111,2743.04,0.009642592467306033,0.012616440629873266,2745.6208790083365,0.002363684789239637
2746.0863962818203,-0.00587472366169095,2743.506,0.018679742694887924,0.012584668765021142,2746.0863962818203,0.00233124611968167
2746.551913555304,-0.006210422143340111,2743.97,0.014322500318431741,0.013188346917479476,2746.551913555304,0.0022635726992537826
2747.0174308287883,-0.00587472366169095,2744.435,0.0009279778567794494,0.014444271943762183,2747.0174308287883,0.0021906196171735783
2747.482948102272,-0.0021820401307195425,2744.896,0.003106728902621425,0.016277843884257154,2747.482948102272,0.002172885051568524
2747.948465375756,-0.000839246204122901,2745.366,0.003106728902621425,0.0185254123369793,2747.948465375756,0.0021381560612115024
2748.41398264924,-0.0028534370940178633,2745.826,0.018357207077832394,0.02094968979419564,2748.41398264924,0.002095803634205042
2748.879499922724,-0.0031891355756670237,2746.296,0.025215736117186305,0.023267638130953613,2748.879499922724,0.0020709431699919866
2749.345017196208,-0.002517738612368703,2746.755,0.01399996470137621,0.02518775735590256,2749.345017196208,0.0020862537755839614
2749.810534469692,-0.0015106431674212217,2747.22,0.07096743035804742,0.02645144105181287,2749.810534469692,0.0021088424226644504
2750.2760517431757,-0.0003356984816491604,2747.685,0.00746397127907783,0.02687170542024025,2750.2760517431757,0.0021284540645410007
2750.74156901666,0.0003356984816491604,2748.152,0.04885829328586855,0.02636252818427025,2750.74156901666,0.002142440646661165
2751.2070862901437,-0.0018463416490703821,2748.618,0.0706447648833779,0.02495329706138072,2751.2070862901437,0.0021508679592060036
2751.6726035636275,-0.0038605325389653444,2749.085,0.018357207077832394,0.02278522642115014,2751.6726035636275,0.0021605658413411453
2752.1381208371117,-0.004531929735094309,2749.55,0.001250643331448753,0.02008984643598288,2752.1381208371117,0.002174313931089715
2752.6036381105955,-0.004531929735094309,2750.015,0.001250643331448753,0.017153497509435903,2752.6036381105955,0.0021769393692598177
2753.0691553840793,-0.0028534370940178633,2750.481,0.003106728902621425,0.014275034749372592,2753.0691553840793,0.0021541327927111285
2753.5346726575635,-0.0005035477224737406,2750.944,0.001250643331448753,0.011725089277884584,2753.5346726575635,0.002103163909166298
2754.0001899310473,0.0005035477224737406,2751.406,0.003106728902621425,0.0097138440533712,2754.0001899310473,0.002044583921538466
2754.4657072045316,-0.0005035477224737406,2751.874,0.001250643331448753,0.008371462670147293,2754.4657072045316,0.00199628776405292
2754.9312244780153,-0.0021820401307195425,2752.336,0.003106728902621425,0.007742353576395218,2754.9312244780153,0.0019663265059996623
2755.396741751499,-0.0018463416490703821,2752.8,0.025215736117186305,0.0077919602919942,2755.396741751499,0.001939188057595109
2755.8622590249834,-0.0001678492408245802,2753.27,0.009965257941975336,0.008422914571842962,2755.8622590249834,0.0019368257779789693
2756.327776298467,0.0005035477224737406,2753.735,0.005607885707905158,0.00949638193160429,2756.327776298467,0.0019752040678098215
2756.793293571951,0.0001678492408245802,2754.198,0.027394357305414507,0.01085443005425078,2756.793293571951,0.0020149351683695824
2757.258810845435,-0.000839246204122901,2754.664,0.012143879130203539,0.012340039756062422,2757.258810845435,0.0020103360232304685
2757.724328118919,0.0005035477224737406,2755.13,0.00746397127907783,0.013812481067512091,2757.724328118919,0.0019667932029998987
2758.1898453924027,0.0018463416490703821,2755.596,0.03360781511065736,0.015156897927471944,2758.1898453924027,0.0019264206470924973
2758.655362665887,-0.0001678492408245802,2756.06,0.020858493740730122,0.016288002534268636,2758.655362665887,0.0018972612075543094
2759.1208799393708,-0.0015106431674212217,2756.526,0.003106728902621425,0.017148774969945792,2759.1208799393708,0.001867653572383756
2759.586397212855,-0.0015106431674212217,2756.985,0.001250643331448753,0.01770605201318873,2759.586397212855,0.0018411668585939967
2760.051914486339,-0.000839246204122901,2757.451,0.003106728902621425,0.0179456472187592,2760.051914486339,0.0018366088325654465
2760.5174317598226,0.0011749446857720613,2757.919,0.016178585889604413,0.017869471140292522,2760.5174317598226,0.0018479124065643264
2760.982949033307,0.0018463416490703821,2758.38,0.04885829328586855,0.017495574946842576,2760.982949033307,0.0018430233735905245
2761.4484663067906,0.0001678492408245802,2758.848,0.020858493740730122,0.016859798857177255,2761.4484663067906,0.0018228751317569286
2761.9139835802744,-0.001678492408245802,2759.311,0.018679742694887924,0.01601625921806175,2761.9139835802744,0.00179555164886063
2762.3795008537586,-0.0028534370940178633,2759.781,0.022714579311902794,0.015034279083740552,2762.3795008537586,0.0017619081971812802
2762.8450181272424,-0.0028534370940178633,2760.244,0.003106728902621425,0.013991214057289047,2762.8450181272424,0.0017227918252266112
2763.3105354007266,-0.0028534370940178633,2760.709,0.001250643331448753,0.01296269750642025,2763.3105354007266,0.0016911919807438306
2763.7760526742104,-0.000839246204122901,2761.173,0.003106728902621425,0.01201308383993131,2763.7760526742104,0.0016634737565444197
2764.241569947694,0.0001678492408245802,2761.639,0.0077865068961333606,0.011188903568661424,2764.241569947694,0.0016108292764793195
2764.7070872211784,-0.0011749446857720613,2762.104,0.0077865068961333606,0.010517039705900769,2764.7070872211784,0.001538297660206047
2765.172604494662,-0.003524834057316184,2762.57,0.029573108351256705,0.01000758914578376,2765.172604494662,0.0014715638064814415
2765.638121768146,-0.0031891355756670237,2763.03,0.011821343513148008,0.009659780314386718,2765.638121768146,0.0014439730479633474
2766.1036390416302,-0.003524834057316184,2763.496,0.005285350090849628,0.009468598415248152,2766.1036390416302,0.001437825778065496
2766.569156315114,-0.0028534370940178633,2763.963,0.005285350090849628,0.00943014409028357,2766.569156315114,0.0014502498410255134
2767.034673588598,0.0001678492408245802,2764.429,0.016501121506659944,0.009544745049651306,2767.034673588598,0.001455913963387663
2767.500190862082,0.002517738612368703,2764.892,0.016178585889604413,0.009817667643133098,2767.500190862082,0.001447614120950265
2767.965708135566,0.0018463416490703821,2765.355,0.003106728902621425,0.010257624675777129,2767.965708135566,0.001447262554298581
2768.43122540905,0.0005035477224737406,2765.822,0.0009279778567794494,0.01087346199745863,2768.43122540905,0.001437778486041083
2768.896742682534,-0.0005035477224737406,2766.285,0.020858493740730122,0.011669660829707447,2768.896742682534,0.00145012853556431
2769.3622599560176,0.0005035477224737406,2766.751,0.023037114928958324,0.012641383198092746,2769.3622599560176,0.0014734059219403174
2769.827777229502,0.0011749446857720613,2767.221,0.0077865068961333606,0.013769583068750316,2769.827777229502,0.0014921890168766378
2770.2932945029856,0.0005035477224737406,2767.68,0.014322500318431741,0.015016598288198476,2770.2932945029856,0.0015400883796286011
2770.7588117764694,0.0011749446857720613,2768.148,0.014322500318431741,0.016322981650419986,2770.7588117764694,0.0016063473134166526
2771.2243290499537,0.0028534370940178633,2768.613,0.012143879130203539,0.01760685456479252,2771.2243290499537,0.0016977997727117887
2771.6898463234375,0.0038605325389653444,2769.078,0.005285350090849628,0.01876724463423459,2771.6898463234375,0.0017856604998576899
2772.1553635969212,0.0005035477224737406,2769.544,0.009965257941975336,0.019692465970862206,2772.1553635969212,0.0018774480783376704
2772.6208808704055,-0.0030212863348424435,2770.008,0.009642592467306033,0.020273597777920576,2772.6208808704055,0.0019253494947967368
2773.0863981438893,-0.0031891355756670237,2770.474,0.05789544351345066,0.020421526360404108,2773.0863981438893,0.0019516861252822633
2773.5519154173735,-0.0021820401307195425,2770.937,0.02925044287658718,0.020084205931042137,2773.5519154173735,0.001974825764376959
2774.0174326908573,-0.0005035477224737406,2771.406,0.022714579311902794,0.01925974246807158,2774.0174326908573,0.0019913411551332767
2774.482949964341,-0.0005035477224737406,2771.867,0.020535828266060596,0.018001563296396555,2774.482949964341,0.002033095301854197
2774.9484672378253,-0.0015106431674212217,2772.336,0.023037114928958324,0.016414163859558236,2774.9484672378253,0.002068780304841322
2775.413984511309,-0.002517738612368703,2772.797,0.001250643331448753,0.01464051977636505,2775.413984511309,0.002089265721320774
2775.879501784793,-0.0021820401307195425,2773.266,0.005285350090849628,0.012844132172739605,2775.879501784793,0.0020963607811148952
2776.345019058277,-0.000839246204122901,2773.732,0.0034292645196769556,0.011189500063993942,2776.345019058277,0.0021310794907303393
2776.810536331761,-0.0005035477224737406,2774.194,0.003106728902621425,0.009824601142977887,2776.810536331761,0.0021615465102062465
2777.276053605245,-0.0001678492408245802,2774.66,0.024893200500130774,0.008867850486078787,2777.276053605245,0.002191754484229054
2777.741570878729,-0.0015106431674212217,2775.126,0.001250643331448753,0.00840046997577117,2777.741570878729,0.002249989073208106
2778.2070881522127,-0.003524834057316184,2775.591,0.001250643331448753,0.008463951632096326,2778.2070881522127,0.002304975269118979
2778.672605425697,-0.0041962312534451485,2776.056,0.014322500318431741,0.00906173848721839,2778.672605425697,0.002324989874895586
2779.1381226991807,-0.0028534370940178633,2776.515,0.0009279778567794494,0.010164134091304202,2779.1381226991807,0.0023459543262832907
2779.6036399726645,-0.0021820401307195425,2776.981,0.016501121506659944,0.011715269298936425,2779.6036399726645,0.0023629466957881375
2780.0691572461487,-0.0028534370940178633,2777.447,0.029573108351256705,0.01364053652431923,2780.0691572461487,0.002382665245638744
2780.5346745196325,-0.0018463416490703821,2777.915,0.03360781511065736,0.01585255702459739,2780.5346745196325,0.0023615445409761017
2781.0001917931163,-0.0001678492408245802,2778.377,0.020535828266060596,0.018254004327018594,2781.0001917931163,0.0022828862163309115
2781.4657090666005,-0.000839246204122901,2778.845,0.011821343513148008,0.020736877185934442,2781.4657090666005,0.0021998775228168144
2781.9312263400843,-0.0028534370940178633,2779.307,0.0009279778567794494,0.023179892729100687,2781.9312263400843,0.002135668365326212
2782.3967436135686,-0.004531929735094309,2779.77,0.009965257941975336,0.025447513961843894,2782.3967436135686,0.0021251439942899545
2782.8622608870523,-0.0041962312534451485,2780.24,0.025215736117186305,0.027394498216658222,2782.8622608870523,0.0021368978213271972
2783.327778160536,-0.0031891355756670237,2780.705,0.001250643331448753,0.02887829668515337,2783.327778160536,0.0021655350520586015
2783.7932954340204,-0.0021820401307195425,2781.17,0.003106728902621425,0.02977869087879083,2783.7932954340204,0.0021460015387131702
2784.258812707504,-0.0021820401307195425,2781.635,0.1708626381180125,0.030020617763575272,2784.258812707504,0.002131574984558594
2784.724329980988,-0.0011749446857720613,2782.1,0.012143879130203539,0.02959330294780567,2784.724329980988,0.0021414702392132767
2785.189847254472,-0.0015106431674212217,2782.565,0.003106728902621425,0.02855843846185369,2785.189847254472,0.002163602466421771
2785.655364527956,-0.0018463416490703821,2783.029,0.016178585889604413,0.027043625820995575,2785.655364527956,0.0021782510611205717
2786.1208818014397,-0.0015106431674212217,2783.494,0.025215736117186305,0.025222959522978164,2786.1208818014397,0.00217369714832407
2786.586399074924,-0.0015106431674212217,2783.959,0.024893200500130774,0.023290506264067794,2786.586399074924,0.0021368690394516048
2787.0519163484078,-0.002517738612368703,2784.425,0.018357207077832394,0.02143277243235248,2787.0519163484078,0.002140125654209828
2787.517433621892,-0.002517738612368703,2784.885,0.003106728902621425,0.019804715916539015,2787.517433621892,0.0021697476816742497
2787.982950895376,-0.0015106431674212217,2785.355,0.012143879130203539,0.01851243375326223,2787.982950895376,0.0021911952797820174
2788.4484681688596,-0.0028534370940178633,2785.815,0.020858493740730122,0.017604580466389432,2788.4484681688596,0.0021963680300779442
2788.913985442344,-0.00553902518004179,2786.285,0.0009279778567794494,0.017073259930351428,2788.913985442344,0.002170882558888135
2789.3795027158276,-0.0068818191066384315,2786.751,0.020858493740730122,0.016863473228986146,2789.3795027158276,0.0021411495097270845
2789.8450199893114,-0.006378271151334047,2787.214,0.040143678675341965,0.01688857299423049,2789.8450199893114,0.002134891220844746
2790.3105372627956,-0.0041962312534451485,2787.68,0.025215736117186305,0.017047984103723608,2790.3105372627956,0.0021969066863544184
2790.7760545362794,-0.001678492408245802,2788.145,0.020858493740730122,0.017243138551570225,2790.7760545362794,0.0022651454911787883
2791.241571809763,-0.0005035477224737406,2788.611,0.027071821688358977,0.01738851949635498,2791.241571809763,0.0023165707942277205
2791.7070890832474,-0.0015106431674212217,2789.07,0.014322500318431741,0.0174167163650243,2791.7070890832474,0.0023478375762728664
2792.172606356731,-0.0028534370940178633,2789.536,0.0009279778567794494,0.017278634761035215,2792.172606356731,0.002334083318857915
2792.6381236302154,-0.0041962312534451485,2790.004,0.001250643331448753,0.016941654257191078,2792.6381236302154,0.0023351051235541744
2793.103640903699,-0.004531929735094309,2790.47,0.00746397127907783,0.016389048855096844,2793.103640903699,0.0023315318924904734
2793.569158177183,-0.002517738612368703,2790.93,0.001250643331448753,0.015623080054090199,2793.569158177183,0.002332551641372088
2794.0346754506672,0.0005035477224737406,2791.4,0.03796505748711376,0.014671991805885078,2794.0346754506672,0.0023269348062232233
2794.500192724151,0.0011749446857720613,2791.863,0.03578643629888556,0.013598483253934094,2794.500192724151,0.002319553971906317
2794.965709997635,-0.0018463416490703821,2792.325,0.029573108351256705,0.01250534343261232,2794.965709997635,0.002338172592422365
2795.431227271119,-0.0021820401307195425,2792.796,0.0034292645196769556,0.011533907642507606,2795.431227271119,0.002357691715872363
2795.896744544603,-0.0003356984816491604,2793.259,0.001250643331448753,0.010853029172264016,2795.896744544603,0.0023776713704586052
2796.362261818087,0.0011749446857720613,2793.724,0.03142919392242938,0.010639233803786983,2796.362261818087,0.0024187203286119264
2796.827779091571,0.000839246204122901,2794.188,0.003106728902621425,0.011051072757036132,2796.827779091571,0.0024777176688887893
2797.2932963650546,-0.0003356984816491604,2794.654,0.003106728902621425,0.012201817712130348,2797.2932963650546,0.0024915336061474163
2797.758813638539,0.0003356984816491604,2795.119,0.001250643331448753,0.014135041341241196,2797.758813638539,0.0025191634241969437
2798.2243309120227,0.002517738612368703,2795.584,0.005285350090849628,0.016807661225800054,2798.2243309120227,0.0025401731057598303
2798.6898481855064,0.003524834057316184,2796.052,0.003106728902621425,0.020084352467653895,2798.6898481855064,0.0025384317222155333
2799.1553654589907,0.0011749446857720613,2796.51,0.044823586526467674,0.023745529541006914,2799.1553654589907,0.002512602910627098
2799.6208827324745,0.0005035477224737406,2796.978,0.00746397127907783,0.027508702985570847,2799.6208827324745,0.002476099642995598
2800.0864000059582,-0.0001678492408245802,2797.443,0.012143879130203539,0.03106070339762524,2800.0864000059582,0.002440028120184365
2800.5519172794425,-0.000839246204122901,2797.911,0.001250643331448753,0.03409646557956709,2800.5519172794425,0.0024204247008505733
2801.0174345529263,0.0001678492408245802,2798.373,0.1820785393914366,0.03635842347332546,2801.0174345529263,0.002412309894205379
2801.4829518264105,0.002517738612368703,2798.841,0.03142919392242938,0.03766897961856421,2801.4829518264105,0.0023901201018169055
2801.9484690998943,0.003524834057316184,2799.303,0.003106728902621425,0.03794866171394185,2801.9484690998943,0.002348427631103876
2802.413986373378,0.0018463416490703821,2799.771,0.02925044287658718,0.037216422856415854,2802.413986373378,0.002283531788116118
2802.8795036468623,0.0005035477224737406,2800.233,0.012143879130203539,0.03557468335447064,2802.8795036468623,0.002254948013345246
2803.345020920346,0.0005035477224737406,2800.698,0.03360781511065736,0.03318588899561901,2803.345020920346,0.0022861572281456487
2803.81053819383,-0.0001678492408245802,2801.163,0.053215665519938726,0.03024729640150953,2803.81053819383,0.00234153611192346
2804.276055467314,-0.0001678492408245802,2801.628,0.009965257941975336,0.02696807121498916,2804.276055467314,0.0023776672543005233
2804.741572740798,-0.0015106431674212217,2802.092,0.025215736117186305,0.023550404939876722,2804.741572740798,0.002398202013123454
2805.2070900142817,-0.0041962312534451485,2802.558,0.001250643331448753,0.020175391953365037,2805.2070900142817,0.002424682558935977
2805.672607287766,-0.0068818191066384315,2803.022,0.018679742694887924,0.0169942336905525,2805.672607287766,0.0024470573865092026
2806.1381245612497,-0.007888914085924625,2803.488,0.024893200500130774,0.014124848086654884,2806.1381245612497,0.0024485808402715907
2806.603641834734,-0.006546120624989271,2803.96,0.018679742694887924,0.011652855403121802,2806.603641834734,0.002442939332640546
2807.0691591082177,-0.003524834057316184,2804.418,0.014322500318431741,0.009634868526573477,2807.0691591082177,0.0024450898487950717
2807.5346763817015,-0.0015106431674212217,2804.881,0.009642592467306033,0.00810185016572159,2807.5346763817015,0.0024590003621058417
2808.0001936551857,-0.0015106431674212217,2805.351,0.005607885707905158,0.007061130837381518,2808.0001936551857,0.0024855754843754745
2808.4657109286695,-0.0031891355756670237,2805.815,0.003106728902621425,0.006496936217889609,2808.4657109286695,0.0025087459618591194
2808.9312282021533,-0.0041962312534451485,2806.277,0.0009279778567794494,0.006370280425776362,2808.9312282021533,0.0025353251927065267
2809.3967454756375,-0.002517738612368703,2806.743,0.0077865068961333606,0.006619508437928203,2809.3967454756375,0.002550123870181962
2809.8622627491213,-0.000839246204122901,2807.206,0.003106728902621425,0.007162620079726907,2809.8622627491213,0.002507824896007516
2810.327780022605,-0.0015106431674212217,2807.671,0.0009279778567794494,0.007901977462911429,2810.327780022605,0.0024576557723083765
2810.7932972960893,-0.003524834057316184,2808.137,0.024893200500130774,0.008731330471999336,2810.7932972960893,0.002432717184169994
2811.258814569573,-0.0041962312534451485,2808.602,0.001250643331448753,0.009544479303272136,2811.258814569573,0.0024038188497438914
2811.7243318430574,-0.0028534370940178633,2809.066,0.01399996470137621,0.010244501765169497,2811.7243318430574,0.0023933540999674834
2812.189849116541,-0.0021820401307195425,2809.532,0.00746397127907783,0.010752443740426103,2812.189849116541,0.00242779936853633
2812.655366390025,-0.0028534370940178633,2810.0,0.0034292645196769556,0.011014603879625603,2812.655366390025,0.0024569855348541406
2813.120883663509,-0.0041962312534451485,2810.466,0.023037114928958324,0.011007707417857024,2813.120883663509,0.0024574152266032758
2813.586400936993,-0.004531929735094309,2810.926,0.024893200500130774,0.010741171059360661,2813.586400936993,0.002479103368656532
2814.0519182104767,-0.0041962312534451485,2811.396,0.00746397127907783,0.010255555919361664,2814.0519182104767,0.002545384917255542
2814.517435483961,-0.003524834057316184,2811.859,0.0077865068961333606,0.009616682578630357,2814.517435483961,0.0026350363699099164
2814.9829527574448,-0.0010070954449474812,2812.322,0.003106728902621425,0.008905900193469613,2814.9829527574448,0.002702440460367232
2815.448470030929,-0.0001678492408245802,2812.785,0.009642592467306033,0.008208152443857489,2815.448470030929,0.002730900882221127
2815.913987304413,-0.001678492408245802,2813.255,0.0009279778567794494,0.007600079532779455,2815.913987304413,0.00273397862883927
2816.3795045778966,-0.002517738612368703,2813.721,0.005607885707905158,0.007140259485740066,2816.3795045778966,0.002720479307118964
2816.845021851381,-0.0030212863348424435,2814.187,0.001250643331448753,0.006863119214955655,2816.845021851381,0.0027184192520477357
2817.3105391248646,-0.004364080261439085,2814.645,0.003106728902621425,0.00677731345903503,2817.3105391248646,0.002752009248157263
2817.7760563983484,-0.0041962312534451485,2815.111,0.003106728902621425,0.006868545690040289,2817.7760563983484,0.0027943740122332856
2818.2415736718326,-0.002517738612368703,2815.577,0.016501121506659944,0.007105898797195459,2818.2415736718326,0.002819974617470542
2818.7070909453164,-0.0028534370940178633,2816.041,0.024893200500130774,0.007449884630692903,2818.7070909453164,0.002805969533948285
2819.1726082188,-0.0028534370940178633,2816.507,0.012143879130203539,0.007859962006104176,2819.1726082188,0.002764484716476411
2819.6381254922844,-0.0015106431674212217,2816.971,0.0009279778567794494,0.008299660503405047,2819.6381254922844,0.0027277573509802452
2820.103642765768,-0.0005035477224737406,2817.437,0.003106728902621425,0.008738748005051774,2820.103642765768,0.002706021921613887
2820.5691600392524,-0.000839246204122901,2817.9,0.0009279778567794494,0.00915343195527116,2820.5691600392524,0.0027127078479222515
2821.034677312736,-0.000839246204122901,2818.37,0.0009279778567794494,0.009526426405097932,2821.034677312736,0.002687076406449218
2821.50019458622,-0.0005035477224737406,2818.833,0.01399996470137621,0.009848397469975694,2821.50019458622,0.002648582985613881
2821.9657118597042,-0.0001678492408245802,2819.296,0.018679742694887924,0.010121128488846687,2821.9657118597042,0.00260116676905153
2822.431229133188,-0.0015106431674212217,2819.766,0.003106728902621425,0.010361426046570352,2822.431229133188,0.0025602411678106746
2822.896746406672,-0.0021820401307195425,2820.229,0.020535828266060596,0.01060395592233027,2822.896746406672,0.0025580927070287533
2823.362263680156,-0.0028534370940178633,2820.695,0.027394357305414507,0.010901098723119517,2823.362263680156,0.002559949223086182
2823.82778095364,-0.0028534370940178633,2821.155,0.016178585889604413,0.011318431340872787,2823.82778095364,0.002585062566047041
2824.2932982271236,-0.003524834057316184,2821.62,0.001250643331448753,0.011925473931320851,2824.2932982271236,0.002584628761453712
2824.758815500608,-0.004531929735094309,2822.086,0.009965257941975336,0.012782833173320449,2824.758815500608,0.0025703749080637278
2825.2243327740916,-0.004531929735094309,2822.551,0.001250643331448753,0.013928357313701848,2825.2243327740916,0.0025239003162066983
2825.689850047576,-0.003524834057316184,2823.015,0.009642592467306033,0.015365611481562002,2825.689850047576,0.0024819117918463236
2826.1553673210597,-0.0031891355756670237,2823.481,0.020535828266060596,0.01705749658230389,2826.1553673210597,0.0024437123703124055
2826.6208845945434,-0.0041962312534451485,2823.951,0.020858493740730122,0.018926507547760964,2826.6208845945434,0.0024444936275924345
2827.0864018680277,-0.00553902518004179,2824.414,0.003106728902621425,0.02086164599881772,2827.0864018680277,0.0024533136218384405
2827.5519191415115,-0.004364080261439085,2824.882,0.003106728902621425,0.02273084570777001,2827.5519191415115,0.0024145961024169093
2828.0174364149952,-0.0021820401307195425,2825.344,0.0753246727345036,0.02439683023241678,2828.0174364149952,0.002346725311454394
2828.4829536884795,-0.0011749446857720613,2825.807,0.05539428670816693,0.02573330394829176,2828.4829536884795,0.002263985937661199
2828.9484709619633,-0.0011749446857720613,2826.27,0.00746397127907783,0.026637839279211106,2828.9484709619633,0.002185128187542263
2829.4139882354475,-0.0015106431674212217,2826.736,0.0009279778567794494,0.027039007393344666,2829.4139882354475,0.002113680055831741
2829.8795055089313,-0.001678492408245802,2827.206,0.025215736117186305,0.026898136964527867,2829.8795055089313,0.0020729065932905363
2830.345022782415,-0.000839246204122901,2827.671,0.027394357305414507,0.026208453677628637,2830.345022782415,0.002071734707756924
2830.8105400558993,0.0003356984816491604,2828.13,0.003106728902621425,0.024994400440288524,2830.8105400558993,0.0021225062218308767
2831.276057329383,0.0011749446857720613,2828.595,0.05975152908462311,0.023312096948196845,2831.276057329383,0.0022008931553977535
2831.741574602867,0.002517738612368703,2829.06,0.025215736117186305,0.02124986355047142,2831.741574602867,0.002237092145464542
2832.207091876351,0.003524834057316184,2829.525,0.027071821688358977,0.018926725557017923,2832.207091876351,0.002214174547892268
2832.672609149835,0.002517738612368703,2829.992,0.001250643331448753,0.016487264642714272,2832.672609149835,0.0021673977319580364
2833.1381264233187,0.0018463416490703821,2830.458,0.0077865068961333606,0.014092788429400097,2833.1381264233187,0.0021346588946109246
2833.603643696803,0.0005035477224737406,2830.926,0.00746397127907783,0.011910439846997304,2833.603643696803,0.002152734743875949
2834.0691609702867,0.0011749446857720613,2831.388,0.0077865068961333606,0.010102426193722772,2834.0691609702867,0.0021844497222093945
2834.534678243771,0.0041962312534451485,2831.856,0.003106728902621425,0.008816832308109514,2834.534678243771,0.0021962631693086977
2835.0001955172547,0.00520332669839263,2832.318,0.03142919392242938,0.008180176984542426,2835.0001955172547,0.002158651747096295
2835.4657127907385,0.0038605325389653444,2832.781,0.011821343513148008,0.008290774572619014,2835.4657127907385,0.0021105920225857316
2835.9312300642227,0.0038605325389653444,2833.251,0.001250643331448753,0.009211621474592376,2835.9312300642227,0.002074403309652888
2836.3967473377065,0.002517738612368703,2833.717,0.016178585889604413,0.010962136252873348,2836.3967473377065,0.0020571909540695195
2836.8622646111903,-0.0001678492408245802,2834.18,0.01399996470137621,0.013509273145167033,2836.8622646111903,0.002034304196086839
2837.3277818846746,-0.0003356984816491604,2834.646,0.0034292645196769556,0.016759562522476755,2837.3277818846746,0.0020084568801332033
2837.7932991581583,0.0011749446857720613,2835.111,0.03360781511065736,0.02055407745829047,2837.7932991581583,0.001980064303576303
2838.258816431642,0.000839246204122901,2835.576,0.024893200500130774,0.02466828387827229,2838.258816431642,0.001970134098618193
2838.7243337051264,0.0003356984816491604,2836.041,0.02925044287658718,0.028818512992357968,2838.7243337051264,0.001975047802499935
2839.18985097861,0.0001678492408245802,2836.5,0.001250643331448753,0.03267668674550655,2839.18985097861,0.0019939336985122956
2839.6553682520944,-0.0015106431674212217,2836.967,0.003106728902621425,0.035894883278478056,2839.6553682520944,0.002029106771617565
2840.120885525578,-0.0023498893715441227,2837.432,0.0009279778567794494,0.03814057383109922,2840.120885525578,0.0020369501946107503
2840.586402799062,-0.001678492408245802,2837.9,0.0009279778567794494,0.039140710714831085,2840.586402799062,0.002035694013894906
2841.051920072546,-0.0015106431674212217,2838.362,0.277939040392001,0.03872793402643201,2841.051920072546,0.0020401245713816993
2841.51743734603,-0.0015106431674212217,2838.826,0.012143879130203539,0.03687698861214836,2841.51743734603,0.0020546991514516226
2841.9829546195137,-0.0001678492408245802,2839.296,0.005607885707905158,0.033718479293262583,2841.9829546195137,0.0020846007863570834
2842.448471892998,-0.000839246204122901,2839.755,0.005607885707905158,0.029523474961807492,2842.448471892998,0.002137506367185146
2842.9139891664818,-0.002517738612368703,2840.22,0.0034292645196769556,0.024663116386214063,2842.9139891664818,0.0021881627497327195
2843.3795064399656,-0.003524834057316184,2840.685,0.00746397127907783,0.01955504782900075,2843.3795064399656,0.002200792407735072
2843.84502371345,-0.003524834057316184,2841.152,0.003106728902621425,0.014609431535048739,2843.84502371345,0.0021951488444576428
2844.3105409869336,-0.0038605325389653444,2841.618,0.012143879130203539,0.010183702397761599,2844.3105409869336,0.002209353354634325
2844.776058260418,-0.003524834057316184,2842.085,0.0034292645196769556,0.0065507627049317865,2844.776058260418,0.0022174681616303014
2845.2415755339016,-0.0018463416490703821,2842.551,0.0009279778567794494,0.003881823787234597,2845.2415755339016,0.0022078977470387567
2845.7070928073854,-0.0021820401307195425,2843.015,0.005607885707905158,0.00224285785838017,2845.7070928073854,0.002185572262125567
2846.1726100808696,-0.0038605325389653444,2843.481,0.003106728902621425,0.0016023829684933717,2846.1726100808696,0.0021338344568673276
2846.6381273543534,-0.0041962312534451485,2843.944,0.003106728902621425,0.0018477107087726263,2846.6381273543534,0.0020772692974180594
2847.103644627837,-0.0031891355756670237,2844.407,0.005607885707905158,0.002806603076760055,2847.103644627837,0.002042303874841804
2847.5691619013214,-0.0001678492408245802,2844.874,0.001250643331448753,0.00427140793366533,2847.5691619013214,0.002041495888859983
2848.034679174805,0.0018463416490703821,2845.336,0.009642592467306033,0.0060230519218405,2848.034679174805,0.002044812124421756
2848.5001964482894,0.0011749446857720613,2845.8,0.020858493740730122,0.007852615990742858,2848.5001964482894,0.0020309468444260907
2848.965713721773,-0.0005035477224737406,2846.27,0.01399996470137621,0.009578583775110928,2848.965713721773,0.0020090716105064634
2849.431230995257,0.0005035477224737406,2846.736,0.003106728902621425,0.011058430387805419,2849.431230995257,0.0020168677455990602
2849.8967482687412,0.0021820401307195425,2847.198,0.00746397127907783,0.012194156046373538,2849.8967482687412,0.002058434803425273
2850.362265542225,0.0023498893715441227,2847.664,0.029573108351256705,0.012932401588317172,2850.362265542225,0.0020782376491026364
2850.827782815709,0.0011749446857720613,2848.129,0.003106728902621425,0.01326043133516462,2850.827782815709,0.002095182730860896
2851.293300089193,0.0005035477224737406,2848.595,0.003106728902621425,0.013199455359481605,2851.293300089193,0.0021035175233564602
2851.758817362677,-0.000839246204122901,2849.059,0.020858493740730122,0.012796792500655801,2851.758817362677,0.0021230037539318415
2852.2243346361606,-0.002517738612368703,2849.525,0.012143879130203539,0.012118315825490545,2852.2243346361606,0.0021873301011476436
2852.689851909645,-0.0031891355756670237,2849.99,0.003106728902621425,0.01124231133344795,2852.689851909645,0.0022367611383082514
2853.1553691831286,-0.0041962312534451485,2850.455,0.003106728902621425,0.01025541617692271,2853.1553691831286,0.0022371085927146376
2853.620886456613,-0.003524834057316184,2850.918,0.0009279778567794494,0.009250863910709636,2853.620886456613,0.0022045445118469465
2854.0864037300967,-0.0028534370940178633,2851.381,0.011821343513148008,0.008328665023330215,2854.0864037300967,0.0021632385613772507
2854.5519210035804,-0.0018463416490703821,2851.848,0.03828759310416929,0.00759636528869529,2854.5519210035804,0.0021458843465724247
2855.0174382770647,-0.001678492408245802,2852.31,0.005285350090849628,0.007168021588219473,2855.0174382770647,0.002144190249394403
2855.4829555505485,-0.000839246204122901,2852.778,0.005607885707905158,0.007158874349478978,2855.4829555505485,0.0021153371454001525
2855.9484728240323,-0.0001678492408245802,2853.24,0.020858493740730122,0.007674349657496043,2855.9484728240323,0.0020599520971985503
2856.4139900975165,-0.0021820401307195425,2853.706,0.0077865068961333606,0.008793981142630775,2856.4139900975165,0.0020032676898680403
2856.8795073710003,-0.0036926832981407642,2854.174,0.003106728902621425,0.010552678082930034,2856.8795073710003,0.001972977478762006
2857.345024644484,-0.003524834057316184,2854.639,0.001250643331448753,0.012923041217630634,2857.345024644484,0.001978900650661154
2857.8105419179683,-0.002517738612368703,2855.103,0.00746397127907783,0.015803078793875065,2857.8105419179683,0.0019820524113606124
2858.276059191452,-0.0005035477224737406,2855.569,0.0009279778567794494,0.019013490923989993,2858.276059191452,0.001953740020632456
2858.7415764649363,0.0005035477224737406,2856.034,0.020858493740730122,0.022307462002126778,2858.7415764649363,0.0019123148255155555
2859.20709373842,-0.0001678492408245802,2856.5,0.009965257941975336,0.02539378984345423,2859.20709373842,0.0019052896682761283
2859.672611011904,-0.0018463416490703821,2856.96,0.016501121506659944,0.027971609223585103,2859.672611011904,0.0019386822974358433
2860.138128285388,-0.0031891355756670237,2857.425,0.00746397127907783,0.02977228054881062,2860.138128285388,0.0019893941905066164
2860.603645558872,-0.004531929735094309,2857.893,0.15593469555985706,0.03060138684995226,2860.603645558872,0.002046767335666776
2861.0691628323557,-0.0041962312534451485,2858.355,0.027071821688358977,0.03037181320240952,2861.0691628323557,0.002077261082255977
2861.53468010584,-0.003524834057316184,2858.822,0.024893200500130774,0.029119243447451787,2861.53468010584,0.0020952670311337393
2862.0001973793237,-0.0031891355756670237,2859.285,0.023037114928958324,0.02699553877646883,2862.0001973793237,0.0020883014965259188
2862.465714652808,-0.0041962312534451485,2859.75,0.003106728902621425,0.024242036455204594,2862.465714652808,0.0020713954775587948
2862.9312319262917,-0.004531929735094309,2860.222,0.012143879130203539,0.02115021515982649,2862.9312319262917,0.002073432917157427
2863.3967491997755,-0.0041962312534451485,2860.68,0.001250643331448753,0.018019067148420317,2863.3967491997755,0.002081868451258272
2863.8622664732598,-0.0031891355756670237,2861.145,0.001250643331448753,0.015117334630274731,2863.8622664732598,0.002079023026176899
2864.3277837467435,-0.0015106431674212217,2861.611,0.00746397127907783,0.012656019193616346,2864.3277837467435,0.002069170947368585
2864.7933010202273,-0.000839246204122901,2862.077,0.03610897191594109,0.010773340645313833,2864.7933010202273,0.002069787730162748
2865.2588182937116,-0.0003356984816491604,2862.543,0.0009279778567794494,0.009531354917508695,2865.2588182937116,0.0020667223190285206
2865.7243355671953,0.0011749446857720613,2863.007,0.018679742694887924,0.00892150895137804,2865.7243355671953,0.0020447196170548083
2866.189852840679,0.0011749446857720613,2863.473,0.003106728902621425,0.008875967972845138,2866.189852840679,0.0020336134128234
2866.6553701141634,-0.0005035477224737406,2863.941,0.014322500318431741,0.009282236734643156,2866.6553701141634,0.0020253567455108435
2867.120887387647,-0.0001678492408245802,2864.403,0.003106728902621425,0.00999953690111953,2867.120887387647,0.0019863349473952566
2867.5864046611314,0.0001678492408245802,2864.867,0.00746397127907783,0.010876003960252562,2867.5864046611314,0.0019317455489842935
2868.051921934615,-0.0011749446857720613,2865.337,0.00746397127907783,0.011765920455653733,2868.051921934615,0.001915322676001447
2868.517439208099,-0.0028534370940178633,2865.8,0.003106728902621425,0.012545942291673788,2868.517439208099,0.0019325843727504653
2868.982956481583,-0.0015106431674212217,2866.262,0.053215665519938726,0.013128649701557332,2868.982956481583,0.0019414249270023496
2869.448473755067,0.0005035477224737406,2866.727,0.027071821688358977,0.01347107870252913,2869.448473755067,0.0019297430583772239
2869.9139910285508,0.0005035477224737406,2867.191,0.001250643331448753,0.013575927651339378,2869.9139910285508,0.0019221977469763862
2870.379508302035,-0.0015106431674212217,2867.656,0.005607885707905158,0.013484572947318994,2870.379508302035,0.0018892163089765
2870.845025575519,-0.003524834057316184,2868.123,0.012143879130203539,0.013263448548749958,2870.845025575519,0.0018630688253905737
2871.3105428490026,-0.003524834057316184,2868.588,0.0077865068961333606,0.012987270368341727,2871.3105428490026,0.0018818436958648176
2871.776060122487,-0.0015106431674212217,2869.056,0.003106728902621425,0.012722995219072516,2871.776060122487,0.0019218112299442722
2872.2415773959706,0.0001678492408245802,2869.521,0.003106728902621425,0.01251757844935166,2872.2415773959706,0.0019085627296570329
2872.707094669455,-0.0003356984816491604,2869.985,0.025215736117186305,0.012391285312784881,2872.707094669455,0.0018263579051909632
2873.1726119429386,-0.0021820401307195425,2870.45,0.005607885707905158,0.012336904420742322,2873.1726119429386,0.0017743980547370757
2873.6381292164224,-0.0028534370940178633,2870.911,0.020858493740730122,0.01232395568384072,2873.6381292164224,0.0017447410739775998
2874.1036464899066,-0.0015106431674212217,2871.381,0.020858493740730122,0.012306248631889815,2874.1036464899066,0.0017517538955648512
2874.5691637633904,-0.0001678492408245802,2871.844,0.003106728902621425,0.012231127598220348,2874.5691637633904,0.0017618424077873382
2875.034681036874,0.0018463416490703821,2872.307,0.009965257941975336,0.012049272072231304,2875.034681036874,0.0017720604443548205
2875.5001983103584,0.0011749446857720613,2872.77,0.003106728902621425,0.011724598156590802,2875.5001983103584,0.0017531848286362916
2875.965715583842,-0.0015106431674212217,2873.24,0.014322500318431741,0.01124414560489528,2875.965715583842,0.0017134455069083806
2876.431232857326,-0.0018463416490703821,2873.706,0.005285350090849628,0.010627541005831905,2876.431232857326,0.0016727419447401793
2876.8967501308102,-0.0001678492408245802,2874.171,0.001250643331448753,0.009934841752618842,2876.8967501308102,0.0016509695088764479
2877.362267404294,0.0001678492408245802,2874.636,0.05353820113699426,0.009270684434838854,2877.362267404294,0.0016669112909624326
2877.8277846777783,-0.0015106431674212217,2875.096,0.009642592467306033,0.00878209679951414,2877.8277846777783,0.0016887042866951534
2878.293301951262,-0.0028534370940178633,2875.561,0.001250643331448753,0.00864761015987497,2878.293301951262,0.0017226150136968508
2878.758819224746,-0.003524834057316184,2876.027,0.02925044287658718,0.009056846631939404,2878.758819224746,0.0017390502221864275
2879.22433649823,-0.0021820401307195425,2876.492,0.003106728902621425,0.010182175349520603,2879.22433649823,0.0017696570455682274
2879.689853771714,-0.0011749446857720613,2876.959,0.0009279778567794494,0.012146319932876114,2879.689853771714,0.001808907053169214
2880.1553710451976,-0.0021820401307195425,2877.425,0.003106728902621425,0.01499129197315952,2880.1553710451976,0.0018117565902420671
2880.620888318682,-0.003524834057316184,2877.885,0.0077865068961333606,0.018654565686468276,2880.620888318682,0.001791382195345168
2881.0864055921656,-0.004531929735094309,2878.355,0.016178585889604413,0.022957846463173313,2881.0864055921656,0.0017861004777955007
2881.55192286565,-0.0041962312534451485,2878.815,0.020858493740730122,0.027612118443432282,2881.55192286565,0.001825276471175429
2882.0174401391337,-0.0028534370940178633,2879.285,0.020858493740730122,0.03224034056604117,2882.0174401391337,0.0018889654726366371
2882.4829574126175,-0.0021820401307195425,2879.751,0.018357207077832394,0.036416760039386646,2882.4829574126175,0.0019406724383423586
2882.9484746861017,-0.0038605325389653444,2880.214,0.003106728902621425,0.03971947421776945,2882.9484746861017,0.0019598173790634776
2883.4139919595855,-0.003524834057316184,2880.68,0.005607885707905158,0.041790197107648114,2883.4139919595855,0.0019410383955083344
2883.8795092330693,-0.001678492408245802,2881.145,0.28415249819724386,0.042391717263985565,2883.8795092330693,0.0019031185796273245
2884.3450265065535,-0.0018463416490703821,2881.611,0.0034292645196769556,0.04145028407497467,2884.3450265065535,0.0018697382891912644
2884.8105437800373,-0.0018463416490703821,2882.07,0.020535828266060596,0.03907061579570402,2884.8105437800373,0.0019005075315408804
2885.276061053521,-0.0001678492408245802,2882.536,0.005607885707905158,0.03551817505181043,2885.276061053521,0.0019528477275617892
2885.7415783270053,0.0021820401307195425,2883.0,0.027394357305414507,0.03117394342771581,2885.7415783270053,0.002005701912672941
2886.207095600489,0.0018463416490703821,2883.465,0.005607885707905158,0.02647438494940412,2886.207095600489,0.002029032756828981
2886.6726128739733,0.0011749446857720613,2883.934,0.003106728902621425,0.021850315231437663,2886.6726128739733,0.002038087126641121
2887.138130147457,0.0018463416490703821,2884.396,0.0009279778567794494,0.017675204065740985,2887.138130147457,0.0020467590912957006
2887.603647420941,0.0011749446857720613,2884.866,0.016178585889604413,0.014229188859049108,2887.603647420941,0.002092265337143402
2888.069164694425,-0.0001678492408245802,2885.329,0.024893200500130774,0.011680982860417919,2888.069164694425,0.0021643384784144864
2888.534681967909,-0.0001678492408245802,2885.796,0.016178585889604413,0.01008632623306029,2888.534681967909,0.0022451370419348093
2889.0001992413927,0.0001678492408245802,2886.259,0.001250643331448753,0.00939933316188791,2889.0001992413927,0.002309876631667593
2889.465716514877,0.0005035477224737406,2886.724,0.00746397127907783,0.00949244894640608,2889.465716514877,0.0023588800337749423
2889.9312337883607,-0.0015106431674212217,2887.188,0.03142919392242938,0.010181232028361202,2889.9312337883607,0.0023814398972173733
2890.3967510618445,-0.0021820401307195425,2887.654,0.001250643331448753,0.011250875184324606,2890.3967510618445,0.00237596286618544
2890.8622683353287,-0.0011749446857720613,2888.118,0.005607885707905158,0.012481902347194613,2890.8622683353287,0.002349745479200662
2891.3277856088125,-0.000839246204122901,2888.584,0.023037114928958324,0.013673009671643713,2891.3277856088125,0.0023035319910354804
2891.7933028822968,-0.0015106431674212217,2889.048,0.020858493740730122,0.014659543800061093,2891.7933028822968,0.002269941993003785
2892.2588201557805,-0.0031891355756670237,2889.514,0.023037114928958324,0.015326412003099628,2892.2588201557805,0.002262376124557321
2892.7243374292643,-0.0021820401307195425,2889.979,0.005607885707905158,0.01561449172242013,2892.7243374292643,0.0022779046635302822
2893.1898547027486,-0.000839246204122901,2890.444,0.023037114928958324,0.015520241714762243,2893.1898547027486,0.002317648098846727
2893.6553719762323,-0.0015106431674212217,2890.907,0.020858493740730122,0.015089121197451271,2893.6553719762323,0.0023645503275451455
2894.120889249716,-0.003524834057316184,2891.37,0.003106728902621425,0.014404175474075505,2894.120889249716,0.002395761599346577
2894.5864065232004,-0.0031891355756670237,2891.841,0.016501121506659944,0.013571604173457062,2894.5864065232004,0.002418518833540381
2895.051923796684,-0.003524834057316184,2892.303,0.003106728902621425,0.012705383728961718,2895.051923796684,0.002431950310303066
2895.5174410701684,-0.003524834057316184,2892.767,0.003106728902621425,0.011912992523415098,2895.5174410701684,0.002451286455229966
2895.982958343652,-0.0021820401307195425,2893.236,0.018357207077832394,0.011283800417708325,2895.982958343652,0.00250207441578971
2896.448475617136,-0.0011749446857720613,2893.695,0.020535828266060596,0.01088077121363155,2896.448475617136,0.002539046439450165
2896.91399289062,-0.0041962312534451485,2894.16,0.020858493740730122,0.010735169951928835,2896.91399289062,0.0025339908766407095
2897.379510164104,-0.006378271151334047,2894.626,0.003106728902621425,0.010843559302383989,2897.379510164104,0.0025111390713228165
2897.8450274375878,-0.006210422143340111,2895.092,0.0009279778567794494,0.011166855691753436,2897.8450274375878,0.00251309427392663
2898.310544711072,-0.0041962312534451485,2895.558,0.0034292645196769556,0.011632205176084225,2898.310544711072,0.002537607282832103
2898.776061984556,-0.000839246204122901,2896.022,0.00746397127907783,0.012139003399746986,2898.776061984556,0.0025384522760784557
2899.2415792580396,0.0003356984816491604,2896.488,0.016178585889604413,0.012569901473285306,2899.2415792580396,0.0024989884480718623
2899.707096531524,-0.0018463416490703821,2896.959,0.009965257941975336,0.01280632286669957,2899.707096531524,0.0024465228368854815
2900.1726138050076,-0.0041962312534451485,2897.417,0.020858493740730122,0.012746599447841305,2900.1726138050076,0.002445579160110038
2900.638131078492,-0.004699778743088245,2897.885,0.014322500318431741,0.012323919800443863,2900.638131078492,0.0024567079804271963
2901.1036483519756,-0.0041962312534451485,2898.348,0.029573108351256705,0.01152106150449452,2901.1036483519756,0.0024691854992536333
2901.5691656254594,-0.0031891355756670237,2898.811,0.0077865068961333606,0.010379317660853433,2901.5691656254594,0.0024834763597028136
2902.0346828989436,-0.0021820401307195425,2899.281,0.005285350090849628,0.009000061703592589,2902.0346828989436,0.002439041264787671
2902.5002001724274,-0.002517738612368703,2899.746,0.0009279778567794494,0.007538803541212491,2902.5002001724274,0.002370325480079723
2902.965717445911,-0.0028534370940178633,2900.209,0.0077865068961333606,0.0061928448228131434,2902.965717445911,0.002326083640818772
2903.4312347193954,-0.0036926832981407642,2900.675,0.001250643331448753,0.005184191817179141,2903.4312347193954,0.0023120600547992995
2903.896751992879,-0.0021820401307195425,2901.14,0.025215736117186305,0.004739176832476826,2903.896751992879,0.0023192579121217175
2904.362269266363,0.0005035477224737406,2901.606,0.003106728902621425,0.005065793162887111,2904.362269266363,0.002304642214330097
2904.8277865398472,0.0028534370940178633,2902.071,0.0009279778567794494,0.006329715923283231,2904.8277865398472,0.0022628181639308413
2905.293303813331,0.0036926832981407642,2902.536,0.0077865068961333606,0.008630611171670069,2905.293303813331,0.002236763196390144
2905.7588210868153,0.0018463416490703821,2902.996,0.00746397127907783,0.011981244092411306,2905.7588210868153,0.002241658397780374
2906.224338360299,0.0005035477224737406,2903.462,0.009965257941975336,0.016292422116044307,2906.224338360299,0.0022712084706969803
2906.689855633783,0.0001678492408245802,2903.93,0.02925044287658718,0.02136665155434771,2906.689855633783,0.0022839388711829935
2907.155372907267,-0.000839246204122901,2904.392,0.020535828266060596,0.02690277025023409,2907.155372907267,0.0022728943441373043
2907.620890180751,-0.0021820401307195425,2904.855,0.0009279778567794494,0.03251310874735104,2907.620890180751,0.002264966626845971
2908.0864074542346,-0.0028534370940178633,2905.325,0.025215736117186305,0.03775398272824513,2908.0864074542346,0.0023153084487971937
2908.551924727719,-0.0041962312534451485,2905.789,0.0077865068961333606,0.04216903181732112,2908.551924727719,0.0023800377596079007
2909.0174420012027,-0.003524834057316184,2906.251,0.016501121506659944,0.0453423360841195,2909.0174420012027,0.0024079019567313786
2909.4829592746864,-0.0005035477224737406,2906.717,0.2409019607616667,0.046954228624023014,2909.4829592746864,0.002431444561596967
2909.9484765481707,-0.0001678492408245802,2907.18,0.003106728902621425,0.046828817636889536,2909.9484765481707,0.0024151923340289226
2910.4139938216545,-0.0015106431674212217,2907.646,0.003106728902621425,0.044961632387268476,2910.4139938216545,0.00235613331444739
2910.8795110951387,-0.003524834057316184,2908.111,0.11421783793601081,0.04152052132460444,2910.8795110951387,0.0023328353672441605
2911.3450283686225,-0.0041962312534451485,2908.577,0.0009279778567794494,0.03682055060253572,2911.3450283686225,0.0023712773910222027
2911.8105456421063,-0.0041962312534451485,2909.044,0.009965257941975336,0.031279605420213276,2911.8105456421063,0.0023746409155511686
2912.2760629155905,-0.0028534370940178633,2909.51,0.012143879130203539,0.02536400715538616,2912.2760629155905,0.0023953648224771945
2912.7415801890743,-0.0015106431674212217,2909.97,0.001250643331448753,0.01953376498846595,2912.7415801890743,0.0024002579683322636
2913.207097462558,-0.0006713969632983208,2910.436,0.011821343513148008,0.014195631815523965,2913.207097462558,0.002354739392193927
2913.6726147360423,-0.000839246204122901,2910.904,0.020858493740730122,0.009669097698724814,2913.6726147360423,0.0023158800121278506
2914.138132009526,-0.0001678492408245802,2911.366,0.001250643331448753,0.006166943324085686,2914.138132009526,0.0023031269993091666
2914.6036492830103,0.0011749446857720613,2911.837,0.003106728902621425,0.0037893442723270464,2914.6036492830103,0.0023142311486984216
2915.069166556494,0.002517738612368703,2912.299,0.003106728902621425,0.0025292626574049586,2915.069166556494,0.002334841978295694
2915.534683829978,0.004867628216743469,2912.767,0.005285350090849628,0.002286593255641618,2915.534683829978,0.0023344328467349586
2916.000201103462,0.006546120624989271,2913.229,0.003106728902621425,0.0028885886046347738,2916.000201103462,0.002300844907232902
2916.465718376946,0.00520332669839263,2913.695,0.001250643331448753,0.0041141541624091634,2916.465718376946,0.002262273361816303
2916.9312356504297,0.0030212863348424435,2914.155,0.014322500318431741,0.005719713571837806,2916.9312356504297,0.0022374848580059797
2917.396752923914,0.0011749446857720613,2914.621,0.0034292645196769556,0.0074645316629456645,2917.396752923914,0.0022596211966384276
2917.8622701973977,-0.0001678492408245802,2915.086,0.016501121506659944,0.009133622025785593,2917.8622701973977,0.0022600878961312105
2918.3277874708815,-0.0011749446857720613,2915.551,0.003106728902621425,0.010556678856142344,2918.3277874708815,0.002231045645901848
2918.7933047443657,-0.000839246204122901,2916.015,0.005607885707905158,0.011621851445144693,2918.7933047443657,0.0022303281219758176
2919.2588220178495,-0.0001678492408245802,2916.481,0.016178585889604413,0.012283457041613637,2919.2588220178495,0.002269820730720101
2919.7243392913338,0.0005035477224737406,2916.948,0.05353820113699426,0.01256272242402845,2919.7243392913338,0.0022759947274004267
2920.1898565648175,0.000839246204122901,2917.411,0.003106728902621425,0.012540580666425688,2920.1898565648175,0.0022923579773581077
2920.6553738383013,-0.0005035477224737406,2917.881,0.009965257941975336,0.01234216766124916,2920.6553738383013,0.0023364641217557985
2921.1208911117856,-0.0015106431674212217,2918.344,0.003106728902621425,0.012114408210993428,2921.1208911117856,0.0023411331677812546
2921.5864083852694,-0.002517738612368703,2918.811,0.003106728902621425,0.012000223147031752,2921.5864083852694,0.002347233149989557
2922.051925658753,-0.0023498893715441227,2919.273,0.005607885707905158,0.012114086683817393,2922.051925658753,0.00236147878157257
2922.5174429322374,-0.0005035477224737406,2919.739,0.005285350090849628,0.012523335655318806,2922.5174429322374,0.0024100566017377207
2922.982960205721,-0.0005035477224737406,2920.202,0.0009279778567794494,0.013238217691002203,2922.982960205721,0.002488351025028728
2923.448477479205,-0.0028534370940178633,2920.667,0.020858493740730122,0.014211820165791676,2923.448477479205,0.002539585127003248
2923.913994752689,-0.004531929735094309,2921.133,0.00746397127907783,0.01534912569304117,2923.913994752689,0.002545979109357128
2924.379512026173,-0.0041962312534451485,2921.598,0.05353820113699426,0.01652275418206692,2924.379512026173,0.0025378807495313955
2924.845029299657,-0.0021820401307195425,2922.063,0.003106728902621425,0.017591879373833653,2924.845029299657,0.00254892116279177
2925.310546573141,-0.0005035477224737406,2922.529,0.025215736117186305,0.018420805875721032,2925.310546573141,0.0025909816470386852
2925.7760638466248,0.0005035477224737406,2922.996,0.025215736117186305,0.018894806691194914,2925.7760638466248,0.002631144492692496
2926.241581120109,0.0005035477224737406,2923.462,0.005607885707905158,0.018932431136963433,2926.241581120109,0.002638293009285602
2926.707098393593,-0.0028534370940178633,2923.922,0.0034292645196769556,0.018494778843201134,2926.707098393593,0.002607044728454323
2927.1726156670766,-0.004531929735094309,2924.391,0.00746397127907783,0.01759271931990345,2927.1726156670766,0.0025835802510561032
2927.638132940561,-0.0041962312534451485,2924.852,0.016501121506659944,0.016292505366787044,2927.638132940561,0.002593487839999761
2928.1036502140446,-0.003524834057316184,2925.315,0.06225281574752084,0.014718717289933196,2928.1036502140446,0.0026256119486761874
2928.569167487529,-0.0028534370940178633,2925.785,0.01399996470137621,0.013051749776263846,2928.569167487529,0.0026636427814255856
2929.0346847610126,-0.0031891355756670237,2926.248,0.018357207077832394,0.01151655322076423,2929.0346847610126,0.0026746873065120304
2929.5002020344964,-0.0041962312534451485,2926.713,0.009965257941975336,0.010360972556411656,2929.5002020344964,0.0026637538010346354
2929.9657193079806,-0.0041962312534451485,2927.177,0.0009279778567794494,0.009825111209289646,2929.9657193079806,0.0026738937109931677
2930.4312365814644,-0.003524834057316184,2927.643,0.003106728902621425,0.01010601494063366,2930.4312365814644,0.00267345168232562
2930.896753854948,-0.0030212863348424435,2928.108,0.01399996470137621,0.011323466414321458,2930.896753854948,0.002657738109094769
2931.3622711284324,-0.0041962312534451485,2928.573,0.003106728902621425,0.013492758794406812,2931.3622711284324,0.00263982056488106
2931.827788401916,-0.004867628216743469,2929.037,0.001250643331448753,0.01650952096998946,2931.827788401916,0.002599530249051364
2932.2933056754,-0.0041962312534451485,2929.503,0.0009279778567794494,0.02015046824618162,2932.2933056754,0.0025480062606709495
2932.7588229488842,-0.0018463416490703821,2929.97,0.0009279778567794494,0.024092352585880324,2932.7588229488842,0.002533612602399728
2933.224340222368,0.0005035477224737406,2930.436,0.001250643331448753,0.027948991119273594,2933.224340222368,0.0025420070160096972
2933.6898574958523,0.0011749446857720613,2930.896,0.0009279778567794494,0.03132272255725891,2933.6898574958523,0.0025602082809449774
2934.155374769336,-0.0015106431674212217,2931.366,0.2318648105340846,0.033862175551681355,2934.155374769336,0.0025658312835121102
2934.62089204282,-0.004364080261439085,2931.83,0.0077865068961333606,0.03531432593564209,2934.62089204282,0.002523966115026116
2935.086409316304,-0.00587472366169095,2932.292,0.014322500318431741,0.035558588725288734,2935.086409316304,0.0024749832718409305
2935.551926589788,-0.00553902518004179,2932.763,0.012143879130203539,0.0346162499210524,2935.551926589788,0.0024520245547930515
2936.0174438632716,-0.000839246204122901,2933.225,0.005607885707905158,0.03263721053433947,2936.0174438632716,0.0024568498510733
2936.482961136756,0.002517738612368703,2933.691,0.027394357305414507,0.02987191827163786,2936.482961136756,0.0024544670145826494
2936.9484784102397,0.0018463416490703821,2934.155,0.0706447648833779,0.026636611725865143,2936.9484784102397,0.002442178645022876
2937.4139956837234,-0.0021820401307195425,2934.621,0.009965257941975336,0.023276849377961626,2937.4139956837234,0.002408327542284063
2937.8795129572077,-0.004699778743088245,2935.086,0.005607885707905158,0.020131562532133412,2937.8795129572077,0.0023607571288346485
2938.3450302306915,-0.0041962312534451485,2935.552,0.011821343513148008,0.017499339462147923,2938.3450302306915,0.0023384933208476567
2938.8105475041757,-0.0021820401307195425,2936.011,0.01399996470137621,0.015609415568773604,2938.8105475041757,0.0023292354080547482
2939.2760647776595,0.0005035477224737406,2936.477,0.029573108351256705,0.014600093088514902,2939.2760647776595,0.002303850678430292
2939.7415820511433,0.0005035477224737406,2936.944,0.005607885707905158,0.014506503313662157,2939.7415820511433,0.0022908077744174015
2940.2070993246275,-0.002517738612368703,2937.407,0.003106728902621425,0.015258657945706751,2940.2070993246275,0.00226023178857469
2940.6726165981113,-0.0038605325389653444,2937.87,0.005607885707905158,0.016690326699512176,2940.6726165981113,0.002240940873957011
2941.138133871595,-0.0038605325389653444,2938.34,0.005607885707905158,0.01855901355993417,2941.138133871595,0.002253270362884018
2941.6036511450793,-0.003524834057316184,2938.804,0.005285350090849628,0.020576327002474637,2941.6036511450793,0.002299991669606917
2942.069168418563,-0.0018463416490703821,2939.266,0.040143678675341965,0.022446048285745236,2942.069168418563,0.0023222986502376116
2942.534685692047,-0.0023498893715441227,2939.731,0.051359579948766054,0.023904687044217224,2942.534685692047,0.0022994160040781496
2943.000202965531,-0.0030212863348424435,2940.201,0.05539428670816693,0.024757324156618507,2943.000202965531,0.0022788976922543482
2943.465720239015,-0.0015106431674212217,2940.66,0.03610897191594109,0.02490135024391613,2943.465720239015,0.002264769251120914
2943.931237512499,0.0005035477224737406,2941.126,0.029573108351256705,0.02433306427938414,2943.931237512499,0.002225591200628733
2944.396754785983,0.002517738612368703,2941.591,0.01399996470137621,0.02313643130163844,2944.396754785983,0.0021756646801462096
2944.8622720594667,0.0021820401307195425,2942.056,0.001250643331448753,0.02145791733335187,2944.8622720594667,0.0021557754865092265
2945.327789332951,-0.0001678492408245802,2942.522,0.001250643331448753,0.01947450077921623,2945.327789332951,0.00214799990881874
2945.7933066064347,-0.0015106431674212217,2942.99,0.005285350090849628,0.017362795008549183,2945.7933066064347,0.002130612797605813
2946.2588238799185,-0.0001678492408245802,2943.455,0.0034292645196769556,0.015275740070754554,2946.2588238799185,0.0021229071217941237
2946.7243411534027,0.002517738612368703,2943.918,0.01399996470137621,0.013330278239285412,2946.7243411534027,0.0021262398037504263
2947.1898584268865,0.002517738612368703,2944.381,0.03393035072771289,0.011605916998069359,2947.1898584268865,0.0021247369077266698
2947.6553757003708,0.0005035477224737406,2944.848,0.018679742694887924,0.010151191213925376,2947.6553757003708,0.00209358525789806
2948.1208929738546,-0.0005035477224737406,2945.311,0.011821343513148008,0.008993615298945398,2948.1208929738546,0.0020574931769974138
2948.5864102473383,0.0001678492408245802,2945.781,0.003106728902621425,0.008149093506288145,2948.5864102473383,0.002050984059543743
2949.0519275208226,0.0003356984816491604,2946.244,0.009965257941975336,0.00762839203029045,2949.0519275208226,0.0020673473110699595
2949.5174447943064,-0.0001678492408245802,2946.71,0.012143879130203539,0.007440036494791587,2949.5174447943064,0.002079312900781697
2949.98296206779,0.0001678492408245802,2947.17,0.003106728902621425,0.00759008424851633,2949.98296206779,0.0020618928942871635
2950.4484793412744,-0.000839246204122901,2947.635,0.0009279778567794494,0.008079654113844799,2950.4484793412744,0.002017431069697737
2950.913996614758,-0.0028534370940178633,2948.101,0.016501121506659944,0.008901232367933705,2950.913996614758,0.001968390660012148
2951.379513888242,-0.004867628216743469,2948.567,0.00746397127907783,0.010034731695157804,2951.379513888242,0.0019147840008882802
2951.845031161726,-0.003524834057316184,2949.033,0.012143879130203539,0.011444054865862682,2951.845031161726,0.0018911344868451428
2952.31054843521,-0.0015106431674212217,2949.499,0.020858493740730122,0.013074680848700471,2952.31054843521,0.0018907315234156473
2952.776065708694,-0.0001678492408245802,2949.963,0.003106728902621425,0.014852763768858065,2952.776065708694,0.0018863050798054283
2953.241582982178,0.0005035477224737406,2950.429,0.011821343513148008,0.016686403850550008,2953.241582982178,0.0018725878266861965
2953.7071002556618,0.000839246204122901,2950.892,0.018357207077832394,0.018469870839753474,2953.7071002556618,0.0018487861731819545
2954.172617529146,0.0005035477224737406,2951.355,0.024893200500130774,0.020091340979662448,2954.172617529146,0.0018288805315562376
2954.63813480263,-0.0011749446857720613,2951.822,0.005285350090849628,0.021444089541867637,2954.63813480263,0.0018232493053911497
2955.1036520761136,-0.0028534370940178633,2952.285,0.009965257941975336,0.02244030741454276,2955.1036520761136,0.0018185247503226215
2955.569169349598,-0.0021820401307195425,2952.751,0.016178585889604413,0.023025892273840595,2955.569169349598,0.001804949357554193
2956.0346866230816,-0.000839246204122901,2953.221,0.10550322332548423,0.023193470323824336,2956.0346866230816,0.0017841946118428056
2956.5002038965654,-0.0018463416490703821,2953.68,0.0034292645196769556,0.022989762919206774,2956.5002038965654,-0.0005523229886115953
2956.9657211700496,-0.0031891355756670237,2954.152,0.003106728902621425,0.022513506144997513,2956.9657211700496,-0.0026713751932256357
2957.4312384435334,-0.0018463416490703821,2954.61,0.04232242972118394,0.021902414656011247,2957.4312384435334,-0.004585248461609739
2957.8967557170176,-0.000839246204122901,2955.078,0.027071821688358977,0.021311040074056813,2957.8967557170176,-0.006313831921308494
2958.3622729905014,-0.0015106431674212217,2955.544,0.001250643331448753,0.020883764161730777,2958.3622729905014,-0.007847446024733664
2958.827790263985,-0.0018463416490703821,2956.011,0.005607885707905158,0.020728062964496106,2958.827790263985,-0.009162795097294034
2959.2933075374694,-0.0021820401307195425,2956.477,0.011821343513148008,0.020893265540814086,2959.2933075374694,-0.010266188858786803
2959.7588248109532,-0.0021820401307195425,2956.94,0.005285350090849628,0.021359363701208688,2959.7588248109532,-0.011129409416602528
2960.224342084437,-0.0015106431674212217,2957.403,0.022714579311902794,0.022038587319016006,2960.224342084437,-0.011763655426465458
2960.6898593579213,-0.0015106431674212217,2957.871,0.03142919392242938,0.02278972483851214,2960.6898593579213,-0.012199087780318271
2961.155376631405,-0.0028534370940178633,2958.332,0.012143879130203539,0.02344244176549285,2961.155376631405,-0.012523215351245174
2961.620893904889,-0.0038605325389653444,2958.8,0.003106728902621425,0.023826855709138436,2961.620893904889,-0.012647423162966723
2962.086411178373,-0.004364080261439085,2959.262,0.13382568834529196,0.023802515890429258,2962.086411178373,-0.012605572418632988
2962.551928451857,-0.0041962312534451485,2959.728,0.0009279778567794494,0.023280690354809216,2962.551928451857,-0.012387788427547883
2963.017445725341,-0.0015106431674212217,2960.191,0.0077865068961333606,0.022235136632385487,2963.017445725341,-0.01196337188676567
2963.482962998825,0.0005035477224737406,2960.657,0.005607885707905158,0.02070000602225715,2963.482962998825,-0.011377584377587251
2963.9484802723086,0.0006713969632983208,2961.122,0.0077865068961333606,0.01875793891138573,2963.9484802723086,-0.01066196400335619
2964.413997545793,-0.0005035477224737406,2961.588,0.01399996470137621,0.01652396356853293,2964.413997545793,-0.009813550278185758
2964.8795148192767,-0.0030212863348424435,2962.052,0.0034292645196769556,0.014130280016218287,2964.8795148192767,-0.008809703226386216
2965.3450320927604,-0.004867628216743469,2962.518,0.03142919392242938,0.011714680231513046,2965.3450320927604,-0.007630064825360429
2965.8105493662447,-0.004867628216743469,2962.985,0.0034292645196769556,0.009413032604664449,2965.8105493662447,-0.006286099013181567
2966.2760666397285,-0.0015106431674212217,2963.45,0.005607885707905158,0.0073548420860794165,2966.2760666397285,-0.004799977078962358
2966.7415839132127,0.0011749446857720613,2963.911,0.005607885707905158,0.005660496147918282,2966.7415839132127,-0.0031808397452086695
2967.2071011866965,0.002517738612368703,2964.381,0.003106728902621425,0.004439023262997948,2967.2071011866965,-0.001448576272839139
2967.6726184601803,0.0011749446857720613,2964.841,0.012143879130203539,0.0037854377795293634,2967.6726184601803,0.00041298758516741764
2968.1381357336645,-0.0015106431674212217,2965.311,0.009965257941975336,0.0037767835046296303,2968.1381357336645,0.002407659359965725
2968.6036530071483,-0.0028534370940178633,2965.774,0.014322500318431741,0.00446608292349961,2968.6036530071483,0.004500041881253191
2969.069170280632,-0.0028534370940178633,2966.237,0.0009279778567794494,0.005873928996897465,2969.069170280632,0.006691282365195508
2969.5346875541163,-0.000839246204122901,2966.703,0.005285350090849628,0.00797850220101086,2969.5346875541163,0.009020139448833226
2970.0002048276,0.0,2967.17,0.003106728902621425,0.010706014091723766,2970.0002048276,0.011450498437763773
2970.465722101084,0.0,2967.635,0.01399996470137621,0.013924406715351495,2970.465722101084,0.013957507024714957
2970.931239374568,0.0,2968.101,0.003106728902621425,0.017443202930900573,2970.931239374568,0.016578604006435734
2971.396756648052,0.0,2968.567,0.009642592467306033,0.02102173658015707,2971.396756648052,0.019271848145992903
2971.862273921536,0.0,2969.027,0.020858493740730122,0.02438679058055807,2971.862273921536,0.022089908721302537
2972.32779119502,0.0,2969.493,0.016178585889604413,0.027259022076585093,2972.32779119502,0.02498770685226968
2972.7933084685037,0.0,2969.96,0.027071821688358977,0.029385533801753738,2972.7933084685037,0.027940846993765846
2973.258825741988,0.0,2970.426,0.05353820113699426,0.030573834433112682,2973.258825741988,0.030967063566417694
2973.7243430154717,0.0,2970.889,0.118575080312467,0.03072076203432763,2973.7243430154717,0.03405715005765807
2974.1898602889555,0.0,2971.351,0.001250643331448753,0.02982973075422772,2974.1898602889555,0.03721377713751486
2974.6553775624398,0.0,2971.819,0.0009279778567794494,0.028012109271457662,2974.6553775624398,0.040427954167433784
2975.1208948359235,0.0,2972.281,0.003106728902621425,0.02547343759310678,2975.1208948359235,0.04369764165207572
2975.5864121094073,0.0,2972.746,0.003106728902621425,0.0224898063473091,2975.5864121094073,0.04702841530889923
2976.0519293828916,0.0,2973.216,0.027071821688358977,0.019380937653445805,2976.0519293828916,0.050436607549033834
2976.5174466563753,0.0,2973.675,0.05757290789639513,0.016484015242840246,2976.5174466563753,0.05392063941178729
2976.9829639298596,0.0,2974.14,0.005607885707905158,0.014128686603034252,2976.9829639298596,0.057429679756492824
2977.4484812033434,0.0,2974.606,0.012143879130203539,0.012611708031892741,2977.4484812033434,0.06094790604918806
2977.913998476827,0.0,2975.071,0.0077865068961333606,0.012170325116312691,2977.913998476827,0.06447828707163301
2978.3795157503114,0.0,2975.537,0.03360781511065736,0.012955489311873411,2978.3795157503114,0.06803942910789301
2978.845033023795,0.0,2976.003,0.003106728902621425,0.015007719552166685,2978.845033023795,0.07162974082394172
2979.310550297279,0.0,2976.469,0.0034292645196769556,0.01823930330454586,2979.310550297279,0.07523082776984227
2979.776067570763,0.0,2976.937,0.012143879130203539,0.022426980644598297,2979.776067570763,0.07885522910431268
2980.241584844247,0.0,2977.399,0.016501121506659944,0.02721924110622722,2980.241584844247,0.08251435531098861
2980.707102117731,0.0,2977.867,0.009965257941975336,0.03216134916834147,2980.707102117731,0.0861716763950995
2981.172619391215,0.1743953675031662,2978.33,0.003106728902621425,0.03673901625415231,2981.172619391215,0.08981221686807657
2981.638136664699,0.1757381558418274,2978.793,0.009965257941975336,0.04043846588480875,2981.638136664699,0.09346894987501521
2982.103653938183,0.1764095574617386,2979.255,0.027394357305414507,0.04281647338689304,2982.103653938183,0.09713447005301393
2982.569171211667,0.1764095574617386,2979.721,0.28633111938547207,0.04356888657368971,2982.569171211667,0.10078079580595842
2983.0346884851506,0.1762416958808899,2980.187,0.016178585889604413,0.04258200985021348,2983.0346884851506,0.10438803000501624
2983.500205758635,0.1760738492012024,2980.652,0.009965257941975336,0.03995217147594629,2983.500205758635,0.10798958561662661
2983.9657230321186,0.1757381558418274,2981.118,0.016178585889604413,0.035967281809632365,2983.9657230321186,0.11156999383526371
2984.4312403056024,0.1757381558418274,2981.583,0.0034292645196769556,0.031056395932433183,2984.4312403056024,0.11513465548278617
2984.8967575790866,0.1750667542219162,2982.048,0.00746397127907783,0.025721669592520317,2984.8967575790866,0.11866746647051862
2985.3622748525704,0.1743953675031662,2982.514,0.020535828266060596,0.020468112597676037,2985.3622748525704,0.12214985758982597
2985.8277921260546,0.1750667542219162,2982.978,0.005607885707905158,0.015742685832375168,2985.8277921260546,0.1255959859202989
2986.2933093995384,0.1754024624824524,2983.444,0.0034292645196769556,0.011889437318800251,2986.2933093995384,0.1290164067482693
2986.758826673022,0.1755703091621399,2983.911,0.001250643331448753,0.009123459975337036,2986.758826673022,0.13240374746205721
2987.2243439465065,0.1757381558418274,2984.373,0.001250643331448753,0.007523663465869215,2987.2243439465065,0.13573877485195862
2987.6898612199902,0.1757381558418274,2984.841,0.02925044287658718,0.007042220796744091,2987.6898612199902,0.13902694716262037
2988.155378493474,0.1757381558418274,2985.303,0.003106728902621425,0.007526814661838719,2988.155378493474,0.14221254855157198
2988.6208957669583,0.1760738492012024,2985.771,0.014322500318431741,0.00875074689238302,2988.6208957669583,0.14531290650262071
2989.086413040442,0.1760738492012024,2986.234,0.024893200500130774,0.010445955821438575,2989.086413040442,0.14835359056645067
2989.551930313926,0.1757381558418274,2986.699,0.003106728902621425,0.012334885935283712,2989.551930313926,0.15131128451253992
2990.01744758741,0.1757381558418274,2987.16,0.003106728902621425,0.014158443906175797,2990.01744758741,0.15422362644802362
2990.482964860894,0.1757381558418274,2987.625,0.047002207714695876,0.015698448437296862,2990.482964860894,0.15708006527362564
2990.948482134378,0.1757381558418274,2988.092,0.005607885707905158,0.0167937480219991,2990.948482134378,0.15985420058491553
2991.413999407862,0.1757381558418274,2988.558,0.005607885707905158,0.017349632827313714,2991.413999407862,0.16250154163546357
2991.8795166813456,0.1754024624824524,2989.023,0.020858493740730122,0.017340659464946086,2991.8795166813456,0.1650434745660749
2992.34503395483,0.1757381558418274,2989.489,0.03393035072771289,0.016807521037205845,2992.34503395483,0.1675003984362545
2992.8105512283137,0.1757381558418274,2989.951,0.003106728902621425,0.01584875754934818,2992.8105512283137,0.16983758003591265
2993.2760685017975,0.1757381558418274,2990.421,0.020535828266060596,0.014608014707356773,2993.2760685017975,0.1720734344497114
2993.7415857752817,0.1757381558418274,2990.881,0.01399996470137621,0.013257720626198403,2993.7415857752817,0.17422097370984208
2994.2071030487655,0.1757381558418274,2991.352,0.00746397127907783,0.0119805022568867,2994.2071030487655,0.1762531046747882
2994.6726203222493,0.1757381558418274,2991.815,0.014322500318431741,0.010950035243440544,2994.6726203222493,0.17812930892291765
2995.1381375957335,0.1754024624824524,2992.277,0.003106728902621425,0.010313150114525787,2995.1381375957335,0.17986508818574976
2995.6036548692173,0.1754024624824524,2992.743,0.0077865068961333606,0.010174967939756727,2995.6036548692173,0.1814720893084924
2996.0691721427015,0.1754024624824524,2993.206,0.0009279778567794494,0.01058860865388869,2996.0691721427015,0.18294131761251303
2996.5346894161853,0.1750667542219162,2993.672,0.011821343513148008,0.011550517642591237,2996.5346894161853,0.1842754395498263
2997.000206689669,0.1754024624824524,2994.137,0.027071821688358977,0.013001656039482118,2997.000206689669,0.18546299951560347
2997.4657239631533,0.1750667542219162,2994.603,0.003106728902621425,0.014833876735461332,2997.4657239631533,0.18649993290725064
2997.931241236637,0.1750667542219162,2995.067,0.024893200500130774,0.01690015679356369,2997.931241236637,0.18738890617678272
2998.396758510121,0.1750667542219162,2995.533,0.025215736117186305,0.019027245976159003,2998.396758510121,0.188120708774848
2998.862275783605,0.1750667542219162,2996.0,0.022714579311902794,0.021029605538179764,2998.862275783605,0.18869106022813376
2999.327793057089,0.1750667542219162,2996.466,0.01399996470137621,0.022724020532301235,2999.327793057089,0.18909568006332725
2999.793310330573,0.1750667542219162,2996.929,0.003106728902621425,0.02394484816490767,2999.793310330573,0.18933028780711578
3000.258827604057,0.1750667542219162,2997.392,0.0009279778567794494,0.024560182592370552,3000.258827604057,0.18938611287523208
3000.7243448775407,0.1750667542219162,2997.855,0.05353820113699426,0.024488606847390657,3000.7243448775407,0.18926379664675586
3001.189862151025,0.1750667542219162,2998.325,0.0706447648833779,0.023714403060655708,3001.189862151025,0.18895905042472788
3001.6553794245087,0.1750667542219162,2998.789,0.025215736117186305,0.022297161528414457,3001.6553794245087,0.18846309520192214
3002.1208966979925,0.1750667542219162,2999.251,0.001250643331448753,0.020371630660795375,3002.1208966979925,0.18777656435224893
3002.5864139714768,0.1750667542219162,2999.717,0.009642592467306033,0.018136199159875948,3002.5864139714768,0.18689965126500457
3003.0519312449605,0.1750667542219162,3000.18,0.020858493740730122,0.015831961339295486,3003.0519312449605,0.1858231369483489
3003.5174485184443,0.1748989075422287,3000.646,0.0077865068961333606,0.013716430366621169,3003.5174485184443,0.18454273270532268
3003.9829657919286,0.1750667542219162,3001.111,0.003106728902621425,0.012035921687498674,3003.9829657919286,0.18305414983896676
3004.4484830654123,0.1750667542219162,3001.576,0.02925044287658718,0.010999536691675233,3004.4484830654123,0.18135534470779924
3004.9140003388966,0.1750667542219162,3002.041,0.003106728902621425,0.010756666843801856,3004.9140003388966,0.17943732263318748
3005.3795176123804,0.1750667542219162,3002.507,0.01399996470137621,0.011379381994797003,3005.3795176123804,0.1773005050116689
3005.845034885864,0.1750667542219162,3002.974,0.011821343513148008,0.012850992600832228,3005.845034885864,0.17494487738652004
3006.3105521593484,0.1747310608625412,3003.44,0.003106728902621425,0.015062337658251572,3006.3105521593484,0.17491549595800826
3006.776069432832,0.1750667542219162,3003.9,0.003106728902621425,0.017817547402639945,3006.776069432832,0.1748998646727696
3007.241586706316,0.1743953675031662,3004.37,0.00746397127907783,0.020850702425060347,3007.241586706316,0.17489931989324484
3007.7071039798,0.1750667542219162,3004.833,0.003106728902621425,0.023853625902164742,3007.7071039798,0.17489550213018135
3008.172621253284,0.1747310608625412,3005.296,0.0009279778567794494,0.026512841074244883,3008.172621253284,0.17489090909807223
3008.6381385267678,0.1748989075422287,3005.767,0.16464931017038364,0.028550680898399367,3008.6381385267678,0.1748853497968153
3009.103655800252,0.1743953675031662,3006.229,0.00746397127907783,0.02976268813564734,3009.103655800252,0.17488065398810787
3009.569173073736,0.1743953675031662,3006.695,0.009642592467306033,0.03004292455957701,3009.569173073736,0.17487191626721535
3010.03469034722,0.1747310608625412,3007.155,0.011821343513148008,0.029392092980048058,3010.03469034722,0.17485422278691465
3010.500207620704,0.1743953675031662,3007.621,0.07750329392273181,0.027908735335311623,3010.500207620704,0.17483118392730396
3010.9657248941876,0.1743953675031662,3008.086,0.003106728902621425,0.025767588495904225,3010.9657248941876,0.17481670176268474
3011.431242167672,0.1743953675031662,3008.552,0.003106728902621425,0.02319026678169689,3011.431242167672,0.1748067345896755
3011.8967594411556,0.1750667542219162,3009.018,0.014322500318431741,0.020413481756373517,3011.8967594411556,0.17480376369464115
3012.3622767146394,0.1743953675031662,3009.484,0.005607885707905158,0.017659992289823706,3012.3622767146394,0.17479637260078068
3012.8277939881236,0.1747310608625412,3009.952,0.014322500318431741,0.015116618393685352,3012.8277939881236,0.17479197698163365
3013.2933112616074,0.1750667542219162,3010.414,0.016501121506659944,0.012921570813381494,3013.2933112616074,0.17478813647048494
3013.7588285350917,0.1743953675031662,3010.882,0.00746397127907783,0.011160924487769074,3013.7588285350917,0.17478756075920057
3014.2243458085754,0.1747310608625412,3011.344,0.023037114928958324,0.00987226515928014,3014.2243458085754,0.17479498872440477
3014.689863082059,0.1748989075422287,3011.807,0.018679742694887924,0.009052685178164039,3014.689863082059,0.174793646183643
3015.1553803555435,0.1750667542219162,3012.277,0.003106728902621425,0.008668336687792851,3015.1553803555435,0.17479746810616764
3015.6208976290272,0.1750667542219162,3012.735,0.0009279778567794494,0.008663504835673859,3015.6208976290272,0.17479706719993593
3016.086414902511,0.1743953675031662,3013.206,0.027071821688358977,0.00896827452450411,3016.086414902511,0.1748018883232457
3016.5519321759953,0.1747310608625412,3013.671,0.001250643331448753,0.009504787364833006,3016.5519321759953,0.17480029912857709
3017.017449449479,0.1750667542219162,3014.13,0.001250643331448753,0.010192565807293268,3017.017449449479,0.1748015203798625
3017.482966722963,0.1748989075422287,3014.596,0.0034292645196769556,0.010953598400810756,3017.482966722963,0.17480760182134117
3017.948483996447,0.1747310608625412,3015.063,0.022714579311902794,0.011717886686283976,3017.948483996447,0.17481408623700956
3018.414001269931,0.1743953675031662,3015.528,0.0034292645196769556,0.012429716213450846,3018.414001269931,0.17482100652181837
3018.879518543415,0.1743953675031662,3015.992,0.016501121506659944,0.013054101779239886,3018.879518543415,0.17482839557071844
3019.345035816899,0.1748989075422287,3016.458,0.027071821688358977,0.013582156196462181,3019.345035816899,0.17483628627866046
3019.8105530903827,0.1750667542219162,3016.926,0.0009279778567794494,0.014033875102687339,3019.8105530903827,0.1748447115405954
3020.276070363867,0.1748989075422287,3017.389,0.025215736117186305,0.014456998491101759,3020.276070363867,0.17484877417543498
3020.7415876373507,0.1750667542219162,3017.852,0.03360781511065736,0.014921068537628106,3020.7415876373507,0.17484849885448367
3021.2071049108345,0.1747310608625412,3018.321,0.011821343513148008,0.015506467184200142,3021.2071049108345,0.1748533222123927
3021.6726221843187,0.1748989075422287,3018.782,0.005607885707905158,0.016289154843614956,3021.6726221843187,0.17484891843859204
3022.1381394578025,0.1750667542219162,3019.251,0.020858493740730122,0.017323080236806225,3022.1381394578025,0.17484964643791492
3022.6036567312863,0.1747310608625412,3019.71,0.014322500318431741,0.018623378972832415,3022.6036567312863,0.17484161194191689
3023.0691740047705,0.1747310608625412,3020.177,0.012143879130203539,0.02015392520897191,3023.0691740047705,0.17483872544785822
3023.5346912782543,0.1747310608625412,3020.643,0.00746397127907783,0.021822449903283272,3023.5346912782543,0.17483606510334646
3024.0002085517385,0.1747310608625412,3021.11,0.001250643331448753,0.023485563108606243,3024.0002085517385,0.17482914902107358
3024.4657258252223,0.1747310608625412,3021.576,0.025215736117186305,0.024964608390033442,3024.4657258252223,0.17482739738803293
3024.931243098706,0.1750667542219162,3022.04,0.03610897191594109,0.026071119843183173,3024.931243098706,0.17481690793061067
3025.3967603721903,0.1750667542219162,3022.506,0.027071821688358977,0.026637998224644643,3025.3967603721903,0.1748120231059821
3025.862277645674,0.1750667542219162,3022.97,0.04918082890292408,0.02655027890068037,3025.862277645674,0.17480781261926617
3026.327794919158,0.1754024624824524,3023.436,0.08589537291620286,0.02576850124274913,3026.327794919158,0.17480427647046298
3026.793312192642,0.1754024624824524,3023.896,0.00746397127907783,0.024338758313119064,3026.793312192642,0.17480590477052702
3027.258829466126,0.1750667542219162,3024.366,0.005607885707905158,0.022386641280710478,3027.258829466126,0.17481226577802028
3027.7243467396097,0.1750667542219162,3024.829,0.001250643331448753,0.020096802039649822,3027.7243467396097,0.17481844586419693
3028.189864013094,0.1750667542219162,3025.292,0.020535828266060596,0.01768377526162403,3028.189864013094,0.1748244614763496
3028.6553812865777,0.1750667542219162,3025.758,0.012143879130203539,0.015361055866411505,3028.6553812865777,0.17482786402375192
3029.120898560062,0.1748989075422287,3026.221,0.003106728902621425,0.013314189894020442,3029.120898560062,0.17482888582441564
3029.5864158335457,0.1750667542219162,3026.687,0.003106728902621425,0.011681438095427344,3029.5864158335457,0.17483471023350328
3030.0519331070295,0.1748989075422287,3027.152,0.009965257941975336,0.01054367871569972,3030.0519331070295,0.17484042362226895
3030.5174503805138,0.1743953675031662,3027.618,0.012143879130203539,0.009923691938525301,3030.5174503805138,0.17484604243800547
3030.9829676539975,0.1747310608625412,3028.085,0.003106728902621425,0.009793533176027562,3030.9829676539975,0.17484709301705118
3031.4484849274813,0.1750667542219162,3028.551,0.027394357305414507,0.010087465922740518,3031.4484849274813,0.17483909347209806
3031.9140022009656,0.1747310608625412,3029.011,0.024893200500130774,0.01071720158139667,3031.9140022009656,0.1748386308980092
3032.3795194744494,0.1750667542219162,3029.477,0.005285350090849628,0.011586208622532743,3032.3795194744494,0.17483113916103327
3032.8450367479336,0.1750667542219162,3029.944,0.009642592467306033,0.012600708151263698,3032.8450367479336,0.1748329853734913
3033.3105540214174,0.1750667542219162,3030.407,0.025215736117186305,0.013676431329866156,3033.3105540214174,0.1748302674610817
3033.776071294901,0.1747310608625412,3030.87,0.00746397127907783,0.01474162312315379,3033.776071294901,0.1748276955173013
3034.2415885683854,0.1750667542219162,3031.34,0.005607885707905158,0.015737632725799207,3034.2415885683854,0.1748158493551566
3034.707105841869,0.1750667542219162,3031.804,0.005607885707905158,0.016618743144458076,3034.707105841869,0.1748128929537149
3035.172623115353,0.1747310608625412,3032.266,0.003106728902621425,0.017352699631945055,3035.172623115353,0.17480716107050584
3035.638140388837,0.1747310608625412,3032.732,0.04885829328586855,0.01792247654351105,3035.638140388837,0.17479437946529355
3036.103657662321,0.1747310608625412,3033.195,0.03578643629888556,0.018328282880800646,3036.103657662321,0.17478148683975928
3036.5691749358048,0.1743953675031662,3033.66,0.018357207077832394,0.018587589678802693,3036.5691749358048,0.17476846674661006
3037.034692209289,0.1748989075422287,3034.126,0.012143879130203539,0.01873122512405993,3037.034692209289,0.17476067258036393
3037.500209482773,0.1747310608625412,3034.592,0.011821343513148008,0.018795424385166803,3037.500209482773,0.17474867634817054
3037.965726756257,0.1747310608625412,3035.059,0.009642592467306033,0.018811867751173425,3037.965726756257,0.17473695129553693
3038.431244029741,0.1748989075422287,3035.524,0.022714579311902794,0.018798786225425242,3038.431244029741,0.17473085123477064
3038.8967613032246,0.1743953675031662,3035.989,0.00746397127907783,0.018755842891466912,3038.8967613032246,0.1747160176788279
3039.362278576709,0.1747310608625412,3036.455,0.018679742694887924,0.018664337485257632,3039.362278576709,0.1747063362543522
3039.8277958501926,0.1743953675031662,3036.915,0.005285350090849628,0.01849299934774847,3039.8277958501926,0.17469527532979617
3040.2933131236764,0.1747310608625412,3037.386,0.024893200500130774,0.018208442358454757,3040.2933131236764,0.17469245451521412
3040.7588303971606,0.1743953675031662,3037.848,0.05571682232522246,0.017788213415267207,3040.7588303971606,0.17468620034412397
3041.2243476706444,0.1748989075422287,3038.31,0.003106728902621425,0.017233520014633373,3041.2243476706444,0.17467605640378345
3041.689864944128,0.1743953675031662,3038.778,0.00746397127907783,0.016578816885881288,3041.689864944128,0.17467097824479727
3042.1553822176124,0.1743953675031662,3039.241,0.003106728902621425,0.015896688329933937,3042.1553822176124,0.1746758796948588
3042.620899491096,0.1743953675031662,3039.707,0.016178585889604413,0.015297930402702057,3042.620899491096,0.17467438499984608
3043.0864167645805,0.1743953675031662,3040.174,0.012143879130203539,0.014927081672065372,3043.0864167645805,0.17467568244653026
3043.5519340380642,0.1743953675031662,3040.639,0.07750329392273181,0.014952694704759434,3043.5519340380642,0.1746721484958222
3044.017451311548,0.1743953675031662,3041.104,0.00746397127907783,0.01555063565753163,3044.017451311548,0.1746637665011166
3044.4829685850323,0.1743953675031662,3041.57,0.020535828266060596,0.016879236843118785,3044.4829685850323,0.17466283720004847
3044.948485858516,0.1743953675031662,3042.037,0.012143879130203539,0.019047775453137402,3044.948485858516,0.17466507812837076
3045.414003132,0.1747310608625412,3042.495,0.001250643331448753,0.022083379121202545,3045.414003132,0.17466577096857536
3045.879520405484,0.1743953675031662,3042.967,0.001250643331448753,0.02590407324372794,3045.879520405484,0.1746696134783242
3046.345037678968,0.1747310608625412,3043.425,0.0077865068961333606,0.030306020853366783,3046.345037678968,0.17466717724661243
3046.810554952452,0.1747310608625412,3043.896,0.029573108351256705,0.034971001290823964,3046.810554952452,0.17466561684547507
3047.276072225936,0.1750667542219162,3044.359,0.02925044287658718,0.03949644876208626,3047.276072225936,0.17466759673599258
3047.7415894994197,0.1747310608625412,3044.822,0.025215736117186305,0.04344589594140987,3047.7415894994197,0.17467015472053177
3048.207106772904,0.1747310608625412,3045.292,0.027071821688358977,0.04641341750675244,3048.207106772904,0.1746732393213705
3048.6726240463877,0.1750667542219162,3045.75,0.016501121506659944,0.04809197842756341,3048.6726240463877,0.17467685933407445
3049.1381413198715,0.1747310608625412,3046.22,0.3277254413922628,0.04833226305876453,3049.1381413198715,0.17468102355422452
3049.6036585933557,0.1754024624824524,3046.686,0.001250643331448753,0.04717662059972976,3049.6036585933557,0.17468574077740145
3050.0691758668395,0.1750667542219162,3047.152,0.018357207077832394,0.04485563037200485,3050.0691758668395,0.17469101979918614
3050.5346931403233,0.1750667542219162,3047.61,0.009965257941975336,0.04174478873055908,3050.5346931403233,0.17469686941515938
3051.0002104138075,0.1750667542219162,3048.081,0.003106728902621425,0.03829200927890396,3051.0002104138075,0.174703298420902
3051.4657276872913,0.1747310608625412,3048.547,0.009965257941975336,0.034935129678917896,3051.4657276872913,0.1747103156119948
3051.9312449607755,0.1743953675031662,3049.012,0.003106728902621425,0.03202874613562929,3051.9312449607755,0.1747179297840186
3052.3967622342593,0.1743953675031662,3049.47,0.024893200500130774,0.02979412571209645,3052.3967622342593,0.17472614973255426
3052.862279507743,0.1743953675031662,3049.941,0.009642592467306033,0.02829877001881841,3052.862279507743,0.17473498425318262
3053.3277967812273,0.1743953675031662,3050.403,0.05353820113699426,0.027465606676951762,3053.3277967812273,0.17474444214148444
3053.793314054711,0.1747310608625412,3050.87,0.00746397127907783,0.027106605198437585,3053.793314054711,0.1747545321930406
3054.258831328195,0.1743953675031662,3051.332,0.001250643331448753,0.026972217882940457,3054.258831328195,0.1747652632034319
3054.724348601679,0.1743953675031662,3051.8,0.14286283857287407,0.026806281377026165,3054.724348601679,0.17477664396823916
3055.189865875163,0.1743953675031662,3052.262,0.03393035072771289,0.02639552807987372,3055.189865875163,0.17478868328304323
3055.6553831486467,0.1747310608625412,3052.729,0.005285350090849628,0.02560417063531285,3055.6553831486467,0.1748013899434249
3056.120900422131,0.1750667542219162,3053.192,0.016501121506659944,0.024388144804488275,3056.120900422131,0.17481477274496499
3056.5864176956147,0.1748989075422287,3053.657,0.022714579311902794,0.022789574414579624,3056.5864176956147,0.17482884048324437
3057.051934969099,0.1747310608625412,3054.122,0.016501121506659944,0.020916727503682064,3057.051934969099,0.17484360195384382
3057.5174522425827,0.1747310608625412,3054.587,0.018679742694887924,0.018916243159240835,3057.5174522425827,0.17485906595234418
3057.9829695160665,0.1747310608625412,3055.052,0.0009279778567794494,0.016943702498854657,3057.9829695160665,0.1748752412743263
3058.4484867895508,0.1748989075422287,3055.517,0.005607885707905158,0.015137413348068013,3058.4484867895508,0.17489213671537096
3058.9140040630346,0.1750667542219162,3055.982,0.011821343513148008,0.013599076449768646,3058.9140040630346,0.17490976107105902
3059.3795213365183,0.1743953675031662,3056.448,0.016501121506659944,0.012383511503184686,3059.3795213365183,0.1749281231369713
3059.8450386100026,0.1748989075422287,3056.911,0.003106728902621425,0.011497836270262853,3059.8450386100026,0.17494723170868856
3060.3105558834864,0.1750667542219162,3057.38,0.0077865068961333606,0.01090886815649343,3060.3105558834864,0.17496709558179172
3060.77607315697,0.1750667542219162,3057.841,0.014322500318431741,0.010556404379872375,3060.77607315697,0.17498772355186154
3061.2415904304544,0.1750667542219162,3058.31,0.031751729539484685,0.010369340237648945,3061.2415904304544,0.17500912441447888
3061.707107703938,0.1754024624824524,3058.774,0.009965257941975336,0.010281196275385396,3061.707107703938,0.17503130696522454
3062.1726249774224,0.1750667542219162,3059.237,0.020858493740730122,0.010241841061825312,3062.1726249774224,0.17505427999967935
3062.638142250906,0.1754024624824524,3059.702,0.012143879130203539,0.010223331068667135,3062.638142250906,0.17507805231342413
3063.10365952439,0.1754024624824524,3060.167,0.001250643331448753,0.010219591671962429,3063.10365952439,0.17510263270203974
3063.569176797874,0.1754024624824524,3060.633,0.003106728902621425,0.010241439992158421,3063.569176797874,0.17512802996110693
3064.034694071358,0.1754024624824524,3061.1,0.0009279778567794494,0.0103095662499067,3064.034694071358,0.17515425288620662
3064.500211344842,0.1757381558418274,3061.565,0.00746397127907783,0.010448202659045999,3064.500211344842,0.17518131027291955
3064.965728618326,0.1754024624824524,3062.03,0.014322500318431741,0.010681341831868167,3064.965728618326,0.1752092109168266
3065.43124589181,0.1757381558418274,3062.495,0.005607885707905158,0.011031950122790268,3065.43124589181,0.17523796361350855
3065.896763165294,0.1754024624824524,3062.96,0.025215736117186305,0.011523275444230034,3065.896763165294,0.17526757715854624
3066.362280438778,0.1754024624824524,3063.425,0.020535828266060596,0.012180533553062468,3066.362280438778,0.17529806034752052
3066.8277977122616,0.1750667542219162,3063.889,0.016178585889604413,0.013031167486078134,3066.8277977122616,0.1753294219760122
3067.293314985746,0.1754024624824524,3064.35,0.003106728902621425,0.014102533344108934,3067.293314985746,0.17536167083960208
3067.7588322592296,0.1750667542219162,3064.818,0.003106728902621425,0.015417018767201874,3067.7588322592296,0.175394815733871
3068.2243495327134,0.1750667542219162,3065.281,0.003106728902621425,0.016985560701616984,3068.2243495327134,0.17542886545439978
3068.6898668061976,0.1754024624824524,3065.746,0.08807399410443106,0.018800558048102354,3068.6898668061976,0.17546382879676928
3069.1553840796814,0.1754024624824524,3066.216,0.00746397127907783,0.020828399726399837,3069.1553840796814,0.17549971455656027
3069.620901353165,0.1754024624824524,3066.675,0.012143879130203539,0.023001570367007264,3069.620901353165,0.1755365315293536
3070.0864186266494,0.1754024624824524,3067.14,0.003106728902621425,0.02521172449605713,3070.0864186266494,0.17557428851073012
3070.5519359001332,0.1754024624824524,3067.606,0.0009279778567794494,0.027307454174685206,3070.5519359001332,0.1756129942962706
3071.0174531736175,0.1755703091621399,3068.071,0.0077865068961333606,0.0291014396783925,3071.0174531736175,0.1756526576815559
3071.4829704471013,0.1757381558418274,3068.538,0.022714579311902794,0.03038986673388337,3071.4829704471013,0.17569328746216684
3071.948487720585,0.1757381558418274,3069.004,0.0009279778567794494,0.030982930733144197,3071.948487720585,0.17573489243368423
,,3069.47,0.18175587391676729,0.03074043295881727,,
,,3069.933,0.025215736117186305,0.02960280067835838,,
,,3070.395,0.003106728902621425,0.027607695277318395,,
,,3070.863,0.012143879130203539,0.024887029157963144,,
,,3071.325,0.00746397127907783,0.021646476537973275,,
,,3071.796,0.0034292645196769556,0.018134813278016658,,
,,3072.259,0.025215736117186305,0.014611204977390466,,
,,3072.724,0.001250643331448753,0.01131627417719125,,
,,3073.188,0.00746397127907783,0.008449956583954416,,
,,3073.653,0.0077865068961333606,0.0061571269728140175,,
,,3074.118,0.003106728902621425,0.004520817159537535,,
,,3074.583,0.003106728902621425,0.0035621931605494756,,
,,3075.049,0.009965257941975336,0.0032460549047807464,,
,,3075.515,0.0009279778567794494,0.0034904325183288906,,
,,3075.981,0.0034292645196769556,0.004178888519244003,,
,,3076.44,0.003106728902621425,0.005174343616854891,,
,,3076.907,0.0009279778567794494,0.006333469574014671,,
,,3077.377,0.005607885707905158,0.007520721379181135,,
,,3077.837,0.03610897191594109,0.008620819041114516,,
,,3078.3,0.012143879130203539,0.00954815787121221,,
,,3078.767,0.001250643331448753,0.010251768283221439,,
,,3079.237,0.003106728902621425,0.010715452760989922,,
,,3079.695,0.003106728902621425,0.010954168151943878,,
,,3080.162,0.0077865068961333606,0.01100854198174284,,
,,3080.628,0.029573108351256705,0.010939031347970155,,
,,3081.093,0.009965257941975336,0.01082013037883062,,
,,3081.559,0.005285350090849628,0.010734200852791604,,
,,3082.026,0.005607885707905158,0.010764523427172839,,
,,3082.492,0.020858493740730122,0.010987756153939179,,
,,3082.952,0.00746397127907783,0.011466425565617496,,
,,3083.415,0.009965257941975336,0.012242087496577797,,
,,3083.885,0.024893200500130774,0.013329687091344173,,
,,3084.347,0.0034292645196769556,0.014713700985539127,,
,,3084.815,0.009965257941975336,0.016346823974435754,,
,,3085.278,0.012143879130203539,0.01815208051512462,,
,,3085.743,0.027071821688358977,0.020029038047070742,,
,,3086.206,0.0009279778567794494,0.02186409652812024,,
,,3086.671,0.012143879130203539,0.023543757529732933,,
,,3087.137,0.11421783793601081,0.024968605224933566,,
,,3087.602,0.0009279778567794494,0.026064847924574936,,
,,3088.067,0.005607885707905158,0.026790597996564774,,
,,3088.533,0.0009279778567794494,0.027136288673487823,,
,,3089.0,0.03610897191594109,0.027121434586257754,,
,,3089.466,0.009965257941975336,0.026790816878396222,,
,,3089.926,0.07718075830567628,0.026211410296096582,,
,,3090.396,0.005285350090849628,0.02546882479234467,,
,,3090.859,0.05103691447409675,0.024660866849313862,,
,,3091.322,0.025215736117186305,0.023886704455576786,,
,,3091.785,0.005607885707905158,0.02323231775158501,,
,,3092.255,0.001250643331448753,0.022755232883563032,,
,,3092.721,0.016501121506659944,0.022472925759500134,,
,,3093.18,0.003106728902621425,0.022359027904291336,,
,,3093.645,0.025215736117186305,0.0223494580705796,,
,,3094.111,0.051359579948766054,0.022357585566340724,,
,,3094.576,0.009965257941975336,0.022294737372669408,,
,,3095.041,0.05975152908462311,0.022090882219435073,,
,,3095.507,0.003106728902621425,0.021710644771001198,,
,,3095.974,0.005285350090849628,0.021161545397509505,,
,,3096.44,0.06225281574752084,0.020493496949098976,,
,,3096.9,0.01399996470137621,0.019790158018942655,,
,,3097.37,0.016178585889604413,0.019153648990605246,,
,,3097.83,0.001250643331448753,0.018685082697381904,,
,,3098.299,0.00746397127907783,0.018464578164374072,,
,,3098.767,0.009965257941975336,0.01853503824522601,,
,,3099.229,0.025215736117186305,0.01889313540751425,,
,,3099.695,0.023037114928958324,0.019488961988174586,,
,,3100.159,0.016178585889604413,0.020233735093379644,,
,,3100.624,0.003106728902621425,0.02101364507843022,,
,,3101.088,0.046679672097640346,0.021707427117050676,,
,,3101.554,0.014322500318431741,0.022204961996202553,,
,,3102.018,0.02925044287658718,0.022423872454735917,,
,,3102.484,0.04918082890292408,0.02232100314603317,,
,,3102.952,0.020858493740730122,0.021896288399958573,,
,,3103.414,0.024893200500130774,0.02118792619288425,,
,,3103.878,0.01399996470137621,0.020259817503229385,,
,,3104.34,0.003106728902621425,0.019184384715794534,,
,,3104.808,0.0009279778567794494,0.01802532133117861,,
,,3105.27,0.003106728902621425,0.016824872993602306,,
,,3105.736,0.03360781511065736,0.015598774295847873,,
,,3106.206,0.005607885707905158,0.01433946242068402,,
,,3106.671,0.03610897191594109,0.013025690495588828,,
,,3107.137,0.0034292645196769556,0.011635222279950464,,
,,3107.595,0.016501121506659944,0.010157267184297589,,
,,3108.066,0.011821343513148008,0.008602270250886572,,
,,3108.525,0.003106728902621425,0.007007888480576442,,
,,3108.99,0.0009279778567794494,0.005440976299218335,,
,,3109.455,0.003106728902621425,0.00399600249212905,,
,,3109.926,0.003106728902621425,0.002790492201718427,,
,,3110.388,0.003106728902621425,0.0019578609990068023,,
,,3110.856,0.016501121506659944,0.0016375986926028532,,
,,3111.318,0.003106728902621425,0.0019625432595334748,,
,,3111.781,0.001250643331448753,0.003043284390620337,,
,,3112.251,0.0077865068961333606,0.004950602699385036,,
,,3112.71,0.00746397127907783,0.0076979638624530234,,
,,3113.181,0.001250643331448753,0.011226980226728843,,
,,3113.64,0.005607885707905158,0.015399169927645324,,
,,3114.112,0.003106728902621425,0.019997209154259416,,
,,3114.57,0.012143879130203539,0.024738027978925676,,
,,3115.036,0.003106728902621425,0.029298346324568098,,
,,3115.502,0.001250643331448753,0.03335053792053745,,
,,3115.967,0.21443571117064542,0.03660326131372789,,
,,3116.433,0.003106728902621425,0.03883820649682044,,
,,3116.896,0.0077865068961333606,0.03993407471861612,,
,,3117.366,0.020858493740730122,0.03987328103165318,,
,,3117.829,0.022714579311902794,0.03873345101588982,,
,,3118.292,0.05103691447409675,0.036669587285340505,,
,,3118.763,0.08153800068213268,0.03389189562958841,,
,,3119.226,0.016501121506659944,0.03064145500164375,,
,,3119.692,0.001250643331448753,0.027164747256411846,,
,,3120.151,0.014322500318431741,0.023689371894867865,,
,,3120.617,0.003106728902621425,0.020405126508241334,,
,,3121.082,0.00746397127907783,0.01745470367313775,,
,,3121.548,0.00746397127907783,0.014936035999310307,,
,,3122.015,0.012143879130203539,0.012914980172555345,,
,,3122.48,0.05539428670816693,0.011443845311138063,,
,,3122.944,0.04046634415001127,0.01057910941722738,,
,,3123.406,0.003106728902621425,0.01039142470348472,,
,,3123.874,0.009965257941975336,0.010963299835924702,,
,,3124.336,0.020858493740730122,0.012373951617076124,,
,,3124.8,0.003106728902621425,0.014674810920782454,,
,,3125.27,0.00746397127907783,0.01786157286765083,,
,,3125.736,0.020535828266060596,0.021849440691859668,,
,,3126.198,0.012143879130203539,0.02645787373764834,,
,,3126.664,0.0077865068961333606,0.03141002721636191,,
,,3127.13,0.0009279778567794494,0.036350260123255325,,
,,3127.596,0.005285350090849628,0.04088043433774538,,
,,3128.055,0.0034292645196769556,0.044611726816837886,,
,,3128.521,0.2953682696130542,0.04722315307672167,,
,,3128.985,0.01399996470137621,0.048512699825244816,,
,,3129.451,0.05103691447409675,0.0484260998911039,,
,,3129.919,0.0009279778567794494,0.047054965078353855,,
,,3130.381,0.04232242972118394,0.04460726746573277,,
,,3130.852,0.00746397127907783,0.04136177464701116,,
,,3131.314,0.009965257941975336,0.0376198898847348,,
,,3131.781,0.07096743035804742,0.0336650563596997,,
,,3132.244,0.016501121506659944,0.02973491161555571,,
,,3132.71,0.022714579311902794,0.02600705650600225,,
,,3133.174,0.00746397127907783,0.022596772496820513,,
,,3133.64,0.0009279778567794494,0.01956411755219294,,
,,3134.1,0.09275390195555677,0.01692727675144231,,
,,3134.565,0.001250643331448753,0.014678106636416588,,
,,3135.03,0.009642592467306033,0.012795446048360975,,
,,3135.495,0.001250643331448753,0.011253254984216324,,
,,3135.963,0.012143879130203539,0.010023462202545139,,
,,3136.428,0.0009279778567794494,0.00907556586251838,,
,,3136.896,0.009642592467306033,0.00837544377172071,,
,,3137.359,0.009965257941975336,0.007885084728719667,,
,,3137.822,0.001250643331448753,0.007564031192222486,,
,,3138.285,0.001250643331448753,0.007372641173779473,,
,,3138.75,0.016501121506659944,0.007276796693753382,,
,,3139.222,0.005607885707905158,0.00725323882057162,,
,,3139.68,0.01399996470137621,0.007294275078459076,,
,,3140.145,0.003106728902621425,0.007410407446844629,,
,,3140.61,0.025215736117186305,0.0076296470381845335,,
,,3141.082,0.0077865068961333606,0.007992845847157275,,
,,3141.54,0.005285350090849628,0.008545184460603235,,
,,3142.007,0.0077865068961333606,0.009324978792159957,,
,,3142.473,0.001250643331448753,0.010351995340494923,,
,,3142.941,0.0009279778567794494,0.011618044132665626,,
,,3143.403,0.00746397127907783,0.013082415899263022,,
,,3143.866,0.003106728902621425,0.014673727506553519,,
,,3144.336,0.025215736117186305,0.016298137660583772,,
,,3144.796,0.05571682232522246,0.017852079231872233,,
,,3145.266,0.003106728902621425,0.019236311256314784,,
,,3145.725,0.016178585889604413,0.020368023627032963,,
,,3146.195,0.024893200500130774,0.021189060923931847,,
,,3146.661,0.012143879130203539,0.021670062711714667,,
,,3147.126,0.047002207714695876,0.021811257408519958,,
,,3147.591,0.012143879130203539,0.021640701785734875,,
,,3148.056,0.001250643331448753,0.021210719858164476,,
,,3148.522,0.01399996470137621,0.020593598698278787,,
,,3148.982,0.001250643331448753,0.019877717908615568,,
,,3149.447,0.08371675172797466,0.019164426734576148,,
,,3149.911,0.005285350090849628,0.018564336117332117,,
,,3150.381,0.0009279778567794494,0.018190702957533285,,
,,3150.841,0.04918082890292408,0.018148418272540625,,
,,3151.311,0.0034292645196769556,0.018519191899669274,,
,,3151.774,0.01399996470137621,0.019345352448024378,,
,,3152.236,0.016501121506659944,0.020615628090553156,,
,,3152.702,0.003106728902621425,0.02225655226607715,,
,,3153.167,0.003106728902621425,0.024132715614201213,,
,,3153.633,0.01399996470137621,0.02605766887896257,,
,,3154.1,0.08153800068213268,0.027814853580772403,,
,,3154.565,0.020858493740730122,0.029185097479655784,,
,,3155.029,0.03578643629888556,0.029975305818558805,,
,,3155.495,0.011821343513148008,0.030043182419385986,,
,,3155.963,0.04232242972118394,0.02931467570470578,,
,,3156.421,0.04232242972118394,0.027792638692268487,,
,,3156.889,0.05353820113699426,0.025555989279600577,,
,,3157.351,0.003106728902621425,0.022749218428308057,,
,,3157.819,0.005607885707905158,0.0195635275165046,,
,,3158.281,0.005607885707905158,0.016212996505343948,,
,,3158.746,0.0034292645196769556,0.012910565025756255,,
,,3159.21,0.016501121506659944,0.009848155757153752,,
,,3159.675,0.0009279778567794494,0.00718333657471415,,
,,3160.14,0.014322500318431741,0.005032746062324151,,
,,3160.606,0.003106728902621425,0.003471034108006653,,
,,3161.073,0.00746397127907783,0.00253350048977278,,
,,3161.539,0.0009279778567794494,0.0022207303369731744,,
,,3162.004,0.001250643331448753,0.0025040200537454825,,
,,3162.47,0.001250643331448753,0.003330965363288194,,
,,3162.933,0.005285350090849628,0.004630991884322813,,
,,3163.396,0.00746397127907783,0.006320727387053796,,
,,3163.863,0.0034292645196769556,0.008309007683457867,,
,,3164.325,0.027071821688358977,0.010501145045399528,,
,,3164.793,0.012143879130203539,0.012802037286710323,,
,,3165.255,0.005607885707905158,0.015117913762845011,,
,,3165.721,0.031751729539484685,0.01735707265473337,,
,,3166.187,0.0009279778567794494,0.0194306634781024,,
,,3166.653,0.0077865068961333606,0.02125502257018586,,
,,3167.118,0.01399996470137621,0.02275696666815188,,
,,3167.584,0.001250643331448753,0.023882548400647984,,
,,3168.052,0.08621790853325839,0.02460795569156741,,
,,3168.51,0.024893200500130774,0.024949003588786465,,
,,3168.975,0.05757290789639513,0.024964405697972612,,
,,3169.441,0.014322500318431741,0.024749101486486652,,
,,3169.911,0.0077865068961333606,0.024417322562671134,,
,,3170.374,0.009642592467306033,0.024079105876727663,,
,,3170.837,0.009965257941975336,0.02381653945229027,,
,,3171.3,0.001250643331448753,0.023666120261627496,,
,,3171.77,0.05539428670816693,0.02361153293131546,,
,,3172.233,0.001250643331448753,0.023588082972999285,,
,,3172.698,0.020858493740730122,0.02349723975463493,,
,,3173.163,0.003106728902621425,0.023228004403923107,,
,,3173.629,0.10146851656608336,0.022680881570317897,,
,,3174.096,0.003106728902621425,0.021789611800420872,,
,,3174.561,0.0034292645196769556,0.020535991270649843,,
,,3175.026,0.05353820113699426,0.01895490193381956,,
,,3175.491,0.003106728902621425,0.01712951597378848,,
,,3175.952,0.001250643331448753,0.01517896760137923,,
,,3176.422,0.001250643331448753,0.013241977652994012,,
,,3176.885,0.001250643331448753,0.011460179030936796,,
,,3177.348,0.029573108351256705,0.009964135667892757,,
,,3177.811,0.012143879130203539,0.008863341514069867,,
,,3178.281,0.003106728902621425,0.008239770730704239,,
,,3178.746,0.005607885707905158,0.008143858470536577,,
,,3179.209,0.005607885707905158,0.008592140159707664,,
,,3179.675,0.018679742694887924,0.009566323657782866,,
,,3180.14,0.009965257941975336,0.011013691956218869,,
,,3180.606,0.020858493740730122,0.012848598367290676,,
,,3181.071,0.012143879130203539,0.01495490757150311,,
,,3181.53,0.014322500318431741,0.01718972704553104,,
,,3181.996,0.011821343513148008,0.019389425984332857,,
,,3182.462,0.001250643331448753,0.021379342102057015,,
,,3182.929,0.009965257941975336,0.022988328131887843,,
,,3183.392,0.003106728902621425,0.024068071656931853,,
,,3183.859,0.118575080312467,0.02451490054803279,,
,,3184.322,0.001250643331448753,0.024289327431693073,,
,,3184.785,0.03578643629888556,0.02342761985298917,,
,,3185.255,0.001250643331448753,0.022041518139924852,,
,,3185.721,0.02925044287658718,0.0203059152724049,,
,,3186.18,0.005285350090849628,0.018437356161000073,,
,,3186.645,0.04232242972118394,0.01666722542595194,,
,,3187.111,0.001250643331448753,0.015213147642255275,,
,,3187.577,0.001250643331448753,0.014251708160319601,,
,,3188.044,0.020535828266060596,0.013895624432691196,,
,,3188.51,0.0009279778567794494,0.014178546450324549,,
,,3188.975,0.00746397127907783,0.01505016233524193,,
,,3189.441,0.003106728902621425,0.01638316733415037,,
,,3189.903,0.001250643331448753,0.01799214893319436,,
,,3190.366,0.012143879130203539,0.019662539936101196,,
,,3190.834,0.04264496533823947,0.021185389514380655,,
,,3191.296,0.11421783793601081,0.022391189338062247,,
,,3191.767,0.001250643331448753,0.023174686702272063,,
,,3192.229,0.024893200500130774,0.023504268645560503,,
,,3192.695,0.001250643331448753,0.023414406277349246,,
,,3193.155,0.005285350090849628,0.022985406577021528,,
,,3193.621,0.009965257941975336,0.022318077942412504,,
,,3194.086,0.020535828266060596,0.021510689094595397,,
,,3194.551,0.025215736117186305,0.0206429881252545,,
,,3195.019,0.005607885707905158,0.019768898093622058,,
,,3195.485,0.03578643629888556,0.01891705071376595,,
,,3195.948,0.011821343513148008,0.018096908252879778,,
,,3196.411,0.016178585889604413,0.017307621210321412,,
,,3196.878,0.05571682232522246,0.016546691202792653,,
,,3197.34,0.003106728902621425,0.01581591269082813,,
,,3197.811,0.003106728902621425,0.015123108032455323,,
,,3198.274,0.012143879130203539,0.014479805804286143,,
,,3198.739,0.025215736117186305,0.01389654593714167,,
,,3199.202,0.0009279778567794494,0.013378061156595114,,
,,3199.667,0.003106728902621425,0.012920198236717745,,
,,3200.133,0.020858493740730122,0.01250979230787438,,
,,3200.598,0.001250643331448753,0.012128068383201735,,
,,3201.063,0.003106728902621425,0.011757339102979037,,
,,3201.529,0.03393035072771289,0.011389807743278373,,
,,3201.996,0.00746397127907783,0.011036405271917137,,
,,3202.455,0.012143879130203539,0.010733064677831784,,
,,3202.922,0.029573108351256705,0.010541953823415533,,
,,3203.385,0.016501121506659944,0.010546012915519157,,
,,3203.852,0.012143879130203539,0.01083646498510973,,
,,3204.315,0.005607885707905158,0.011494617348398562,,
,,3204.785,0.003106728902621425,0.012571028740668429,,
,,3205.248,0.003106728902621425,0.014066425065551148,,
,,3205.713,0.009965257941975336,0.015919017884710552,,
,,3206.177,0.005607885707905158,0.018001984626926017,,
,,3206.643,0.00746397127907783,0.020133127660222013,,
,,3207.108,0.0077865068961333606,0.022096537146957928,,
,,3207.574,0.003106728902621425,0.02367361319031958,,
,,3208.041,0.14254030295581854,0.024678117099840434,,
,,3208.506,0.011821343513148008,0.024987679937030202,,
,,3208.971,0.0009279778567794494,0.024564101280783165,,
,,3209.43,0.03360781511065736,0.023458048971147987,,
,,3209.9,0.003106728902621425,0.0217989023257801,,
,,3210.362,0.03360781511065736,0.019774197923253613,,
,,3210.826,0.001250643331448753,0.017603986646236646,,
,,3211.296,0.023037114928958324,0.015514587075474059,,
,,3211.755,0.001250643331448753,0.013715218105026603,,
,,3212.22,0.001250643331448753,0.012380199108998386,,
,,3212.686,0.014322500318431741,0.011638574780987346,,
,,3213.152,0.005285350090849628,0.011571911119288292,,
,,3213.618,0.018679742694887924,0.012219631019470753,,
,,3214.082,0.005285350090849628,0.013589922286546223,,
,,3214.547,0.012143879130203539,0.01567329085484158,,
,,3215.014,0.06410890131869351,0.018455297150787878,,
,,3215.48,0.018679742694887924,0.021924888274349047,,
,,3215.941,0.027071821688358977,0.026075394330144806,,
,,3216.411,0.024893200500130774,0.030897104413593772,,
,,3216.871,0.009965257941975336,0.03636286346669731,,
,,3217.34,0.011821343513148008,0.04240990768608611,,
,,3217.804,0.19482786076136405,0.04892111277476418,,
,,3218.266,0.005285350090849628,0.05570754672541642,,
,,3218.732,0.04264496533823947,0.06249403570033192,,
,,3219.195,0.024893200500130774,0.06891216365769391,,
,,3219.661,0.003106728902621425,0.07450895141691179,,
,,3220.126,0.016501121506659944,0.07878003781761939,,
,,3220.592,0.00746397127907783,0.0812308704724283,,
,,3221.059,0.34079729837924577,0.08145910511367677,,
,,3221.525,0.025215736117186305,0.07923986430444463,,
,,3221.99,0.2801177265090362,0.07458876255466174,,
,,3222.456,0.0009279778567794494,0.0677810912719523,,
,,3222.919,0.001250643331448753,0.05931905262745639,,
,,3223.381,0.020535828266060596,0.04985580068829566,,
,,3223.848,0.001250643331448753,0.040097103710459235,,
,,3224.31,0.009642592467306033,0.03070429072222626,,
,,3224.778,0.00746397127907783,0.022217119492875307,,
,,3225.24,0.005285350090849628,0.015006911339037608,,
,,3225.706,0.00746397127907783,0.009262486045418149,,
,,3226.17,0.011821343513148008,0.005005456959524712,,
,,3226.636,0.00746397127907783,0.0021274100127067572,,
,,3227.103,0.03828759310416929,0.00043927459495733624,,
,,3227.569,0.0009279778567794494,-0.0002772513590791702,,
,,3228.037,0.001250643331448753,-0.00022505435490888953,,
,,3228.495,0.003106728902621425,0.00044015005183346443,,
,,3228.963,0.018679742694887924,0.0016257576278049693,,
,,3229.429,0.00746397127907783,0.003302121665050479,,
,,3229.892,0.0009279778567794494,0.005487918768031424,,
,,3230.355,0.005607885707905158,0.00822425532814127,,
,,3230.826,0.014322500318431741,0.011542221410422451,,
,,3231.288,0.011821343513148008,0.015429600221209755,,
,,3231.755,0.003106728902621425,0.019802734661509568,,
,,3232.22,0.003106728902621425,0.02448927556227169,,
,,3232.685,0.014322500318431741,0.029226670983759345,,
,,3233.145,0.014322500318431741,0.033679422603783926,,
,,3233.611,0.003106728902621425,0.03747508174741085,,
,,3234.078,0.027071821688358977,0.040254871907839,,
,,3234.543,0.21693686797592893,0.041730217737399,,
,,3235.008,0.003106728902621425,0.04173268937004293,,
,,3235.474,0.05103691447409675,0.04024465038892875,,
,,3235.937,0.044823586526467674,0.03740307466303311,,
,,3236.406,0.003106728902621425,0.03347737055624593,,
,,3236.867,0.005285350090849628,0.02882888668972602,,
,,3237.336,0.024893200500130774,0.02386244925642259,,
,,3237.797,0.0077865068961333606,0.01897936928556148,,
,,3238.266,0.014322500318431741,0.0145385013846172,,
,,3238.725,0.0077865068961333606,0.010828655744773423,,
,,3239.195,0.003106728902621425,0.008053035900156168,,
,,3239.661,0.009965257941975336,0.006324659691517939,,
,,3240.126,0.0077865068961333606,0.005670635976873118,,
,,3240.592,0.005607885707905158,0.006042473045315027,,
,,3241.052,0.03393035072771289,0.007329276942077186,,
,,3241.517,0.020858493740730122,0.009370903633933494,,
,,3241.982,0.001250643331448753,0.011969097689577003,,
,,3242.448,0.003106728902621425,0.0148964702373418,,
,,3242.911,0.003106728902621425,0.017905276625687253,,
,,3243.38,0.003106728902621425,0.020739162758522934,,
,,3243.841,0.005285350090849628,0.023150465227970405,,
,,3244.31,0.005607885707905158,0.024923326661179922,,
,,3244.774,0.1385054663388039,0.025899555607146893,,
,,3245.237,0.00746397127907783,0.02600110296281398,,
,,3245.702,0.024893200500130774,0.025242210646103887,,
,,3246.167,0.005285350090849628,0.023727015903798433,,
,,3246.633,0.03393035072771289,0.02163324671097991,,
,,3247.1,0.00746397127907783,0.019186416261758262,,
,,3247.566,0.003106728902621425,0.016630022128249617,,
,,3248.03,0.016501121506659944,0.014196577528837784,,
,,3248.496,0.011821343513148008,0.0120830950567958,,
,,3248.963,0.003106728902621425,0.01043330167211803,,
,,3249.421,0.00746397127907783,0.009327548053276551,,
,,3249.885,0.016501121506659944,0.008780327780912542,,
,,3250.355,0.003106728902621425,0.008744582763551863,,
,,3250.815,0.016501121506659944,0.009121473744603682,,
,,3251.285,0.001250643331448753,0.00977408140841504,,
,,3251.751,0.020535828266060596,0.010543566070110026,,
,,3252.214,0.001250643331448753,0.01126648134200733,,
,,3252.68,0.023037114928958324,0.011792062727291823,,
,,3253.145,0.003106728902621425,0.011998389205604252,,
,,3253.61,0.016501121506659944,0.011806393062986654,,
,,3254.07,0.0009279778567794494,0.011190772677780689,,
,,3254.536,0.027071821688358977,0.010186876219346993,,
,,3255.0,0.003106728902621425,0.00889252947303035,,
,,3255.465,0.025215736117186305,0.0074637271723935455,,
,,3255.933,0.003106728902621425,0.006103398702166472,,
,,3256.396,0.003106728902621425,0.005043266740816016,,
,,3256.866,0.005607885707905158,0.004519969078709427,,
,,3257.329,0.003106728902621425,0.0047476886226321974,,
,,3257.797,0.005607885707905158,0.005890177889022415,,
,,3258.259,0.009965257941975336,0.008035239270706592,,
,,3258.724,0.014322500318431741,0.011174662533863977,,
,,3259.188,0.0009279778567794494,0.015192557203893143,,
,,3259.654,0.003106728902621425,0.019864983920820367,,
,,3260.12,0.003106728902621425,0.024873496591792447,,
,,3260.586,0.012143879130203539,0.02983408119521394,,
,,3261.052,0.025215736117186305,0.03434056094484994,,
,,3261.51,0.003106728902621425,0.038017928212858126,,
,,3261.975,0.19918510313782045,0.04057695508080691,,
,,3262.44,0.04918082890292408,0.04185825634699115,,
,,3262.911,0.046679672097640346,0.04185413745584167,,
,,3263.373,0.003106728902621425,0.04070188669290561,,
,,3263.841,0.03360781511065736,0.03865094118013179,,
,,3264.303,0.016178585889604413,0.036013674844040694,,
,,3264.767,0.03578643629888556,0.03311199931821689,,
,,3265.237,0.009965257941975336,0.03023024845624692,,
,,3265.695,0.0009279778567794494,0.02758155994760534,,
,,3266.162,0.012143879130203539,0.025291719206965498,,
,,3266.628,0.03393035072771289,0.023401167858907095,,
,,3267.093,0.04232242972118394,0.021882301712439118,,
,,3267.559,0.06193028013046531,0.020665930426633387,,
,,3268.023,0.003106728902621425,0.019669300950533146,,
,,3268.488,0.012143879130203539,0.018819314991612573,,
,,3268.951,0.020858493740730122,0.01806771504953553,,
,,3269.421,0.011821343513148008,0.01739804362891755,,
,,3269.885,0.03610897191594109,0.016825621534789052,,
,,3270.348,0.003106728902621425,0.016391865266865452,,
,,3270.811,0.027071821688358977,0.016154107655032973,,
,,3271.281,0.005607885707905158,0.0161723522927093,,
,,3271.747,0.012143879130203539,0.016494899455471727,,
,,3272.21,0.01399996470137621,0.017145061901667504,,
,,3272.676,0.024893200500130774,0.01811098022867676,,
,,3273.14,0.027071821688358977,0.019339940023688443,,
,,3273.606,0.003106728902621425,0.02073798723818674,,
,,3274.071,0.012143879130203539,0.0221754031732432,,
,,3274.537,0.0077865068961333606,0.023498548191758752,,
,,3274.996,0.023037114928958324,0.024547988850287937,,
,,3275.462,0.018357207077832394,0.02518119838795521,,
,,3275.929,0.09711114433201318,0.025295844961855007,,
,,3276.392,0.025215736117186305,0.024847934033624713,,
,,3276.855,0.03360781511065736,0.02385930752011085,,
,,3277.325,0.003106728902621425,0.022411926843754107,,
,,3277.789,0.003106728902621425,0.02063085422662048,,
,,3278.251,0.0009279778567794494,0.018661441413025157,,
,,3278.717,0.020535828266060596,0.01664716205460313,,
,,3279.181,0.016501121506659944,0.01471288846450528,,
,,3279.647,0.005607885707905158,0.01295563877460731,,
,,3280.111,0.025215736117186305,0.011442412815678623,,
,,3280.577,0.003106728902621425,0.010213406278562332,,
,,3281.044,0.009642592467306033,0.009288506027916126,,
,,3281.509,0.018357207077832394,0.008675086911833078,,
,,3281.975,0.0077865068961333606,0.008375428594043834,,
,,3282.441,0.003106728902621425,0.008392430057288649,,
,,3282.904,0.022714579311902794,0.008732742307163543,,
,,3283.366,0.005607885707905158,0.009406956646159648,,
,,3283.837,0.001250643331448753,0.010426998059681726,,
,,3284.299,0.00746397127907783,0.011801325750411259,,
,,3284.767,0.02925044287658718,0.013528792607986721,,
,,3285.229,0.023037114928958324,0.01559189014368695,,
,,3285.695,0.018679742694887924,0.01794986204295379,,
,,3286.155,0.005607885707905158,0.02053242619233439,,
,,3286.621,0.023037114928958324,0.023235727176862668,,
,,3287.086,0.003106728902621425,0.02592292505665977,,
,,3287.551,0.01399996470137621,0.028431656129318226,,
,,3288.018,0.03360781511065736,0.03058919673450398,,
,,3288.484,0.001250643331448753,0.03223377248399175,,
,,3288.945,0.1686840169297843,0.03323766925048959,,
,,3289.414,0.00746397127907783,0.033525794435917154,,
,,3289.877,0.009642592467306033,0.033083897654972064,,
,,3290.34,0.003106728902621425,0.03195462282241677,,
,,3290.811,0.03610897191594109,0.030224797233285285,,
,,3291.274,0.003106728902621425,0.028010105896539187,,
,,3291.739,0.03142919392242938,0.025442129128075558,,
,,3292.201,0.053215665519938726,0.022659495676584665,,
,,3292.667,0.020858493740730122,0.019802053542660285,,
,,3293.133,0.01399996470137621,0.01700574923152069,,
,,3293.599,0.009642592467306033,0.014396538863505103,,
,,3294.064,0.0009279778567794494,0.012083337532213531,,
,,3294.529,0.016501121506659944,0.010151358013739866,,
,,3294.996,0.003106728902621425,0.008657379646576542,,
,,3295.455,0.016501121506659944,0.007627800207705699,,
,,3295.922,0.003106728902621425,0.007059516772577918,,
,,3296.385,0.0009279778567794494,0.0069232548589586215,,
,,3296.855,0.0009279778567794494,0.007168912032154749,,
,,3297.318,0.005607885707905158,0.0077324360072587245,,
,,3297.782,0.03578643629888556,0.008543370220431742,,
,,3298.251,0.0034292645196769556,0.009531585931707378,,
,,3298.71,0.020858493740730122,0.010631512010745248,,
,,3299.181,0.0034292645196769556,0.011782896618817195,,
,,3299.646,0.0077865068961333606,0.012928537381629081,,
,,3300.111,0.020858493740730122,0.014010675788676858,,
,,3300.576,0.0009279778567794494,0.014968282265916616,,
,,3301.041,0.003106728902621425,0.015737274267607446,,
,,3301.507,0.009965257941975336,0.0162550447905177,,
,,3301.971,0.020858493740730122,0.016469551518187443,,
,,3302.43,0.04232242972118394,0.01635163034461798,,
,,3302.9,0.009965257941975336,0.015907675703115794,,
,,3303.362,0.012143879130203539,0.015189273973161499,,
,,3303.826,0.009965257941975336,0.014297114720689539,,
,,3304.295,0.03828759310416929,0.013377819592643359,,
,,3304.767,0.00746397127907783,0.012613307232713348,,
,,3305.222,0.018357207077832394,0.012202928582482264,,
,,3305.687,0.020858493740730122,0.012339468012352169,,
,,3306.155,0.00746397127907783,0.013181416788293529,,
,,3306.621,0.0009279778567794494,0.0148253007696035,,
,,3307.081,0.003106728902621425,0.017282816129550342,,
,,3307.547,0.011821343513148008,0.02046768373021016,,
,,3308.015,0.003106728902621425,0.024196123011818612,,
,,3308.48,0.03610897191594109,0.028202687833335786,,
,,3308.941,0.003106728902621425,0.03217037377048973,,
,,3309.411,0.025215736117186305,0.035770945069488136,,
,,3309.871,0.17739863154031088,0.0387086999974046,,
,,3310.34,0.005285350090849628,0.0407590880416086,,
,,3310.804,0.012143879130203539,0.04179428990124439,,
,,3311.266,0.003106728902621425,0.041791954131083976,,
,,3311.732,0.12728969492299358,0.040828473009839446,,
,,3312.202,0.012143879130203539,0.03906080544275994,,
,,3312.66,0.020535828266060596,0.036700591446274446,,
,,3313.125,0.014322500318431741,0.033983986388703716,,
,,3313.591,0.05975152908462311,0.031141446977339293,,
,,3314.056,0.0077865068961333606,0.02837204748856611,,
,,3314.522,0.003106728902621425,0.025825883327231507,,
,,3314.99,0.0009279778567794494,0.023596592599792708,,
,,3315.455,0.04885829328586855,0.021724439240923748,,
,,3315.918,0.022714579311902794,0.020208217523024995,,
,,3316.38,0.05353820113699426,0.019021723884059538,,
,,3316.848,0.025215736117186305,0.018129218520900988,,
,,3317.31,0.012143879130203539,0.0174952926482983,,
,,3317.781,0.00746397127907783,0.01708742929482231,,
,,3318.244,0.005607885707905158,0.016872744253876807,,
,,3318.71,0.020858493740730122,0.016812387168298266,,
,,3319.17,0.003106728902621425,0.016857278489478558,,
,,3319.636,0.011821343513148008,0.01694775403709924,,
,,3320.101,0.016501121506659944,0.017018137846080035,,
,,3320.566,0.020535828266060596,0.017005731610531212,,
,,3321.033,0.018679742694887924,0.016862334841141313,,
,,3321.499,0.024893200500130774,0.016565409848497366,,
,,3321.964,0.047002207714695876,0.016125672083917957,,
,,3322.429,0.00746397127907783,0.01558841689236564,,
,,3322.893,0.016178585889604413,0.015027382843363397,,
,,3323.355,0.001250643331448753,0.014532173492364622,,
,,3323.822,0.003106728902621425,0.01419237786367952,,
,,3324.285,0.003106728902621425,0.01408251231974959,,
,,3324.75,0.016501121506659944,0.014251338185639666,,
,,3325.221,0.020535828266060596,0.01471740625407211,,
,,3325.687,0.001250643331448753,0.015470683375181392,,
,,3326.145,0.024893200500130774,0.01647857478703098,,
,,3326.61,0.05103691447409675,0.0176938301511417,,
,,3327.077,0.0077865068961333606,0.019061644003461525,,
,,3327.543,0.003106728902621425,0.020523840008506492,,
,,3328.008,0.047002207714695876,0.022019397303038275,,
,,3328.474,0.016178585889604413,0.02348207280343378,,
,,3328.937,0.03360781511065736,0.024836734049350082,,
,,3329.406,0.00746397127907783,0.025996390992655258,,
,,3329.867,0.005607885707905158,0.026862306287604866,,
,,3330.336,0.001250643331448753,0.027329680417107528,,
,,3330.8,0.003106728902621425,0.0273003206530082,,
,,3331.263,0.14504145976110228,0.02670094136505328,,
,,3331.728,0.003106728902621425,0.02550229404266412,,
,,3332.191,0.003106728902621425,0.023732650281110892,,
,,3332.657,0.031751729539484685,0.021481074463402697,,
,,3333.122,0.0077865068961333606,0.018890078671354768,,
,,3333.588,0.03142919392242938,0.016140392544507644,,
,,3334.052,0.001250643331448753,0.013431334130043349,,
,,3334.517,0.003106728902621425,0.01095983780778784,,
,,3334.982,0.005285350090849628,0.008900812251527418,,
,,3335.448,0.00746397127907783,0.007391127560051444,,
,,3335.911,0.00746397127907783,0.006518762709426007,,
,,3336.381,0.0009279778567794494,0.0063175877659936135,,
,,3336.844,0.018357207077832394,0.0067673519962505296,,
,,3337.307,0.003106728902621425,0.007797950891893533,,
,,3337.77,0.009965257941975336,0.009296927622128736,,
,,3338.24,0.020535828266060596,0.011119333961515515,,
,,3338.706,0.001250643331448753,0.01309942035648843,,
,,3339.17,0.003106728902621425,0.015063988301965819,,
,,3339.636,0.0009279778567794494,0.016847385279268465,,
,,3340.101,0.016178585889604413,0.018307657733500727,,
,,3340.566,0.08403928734503019,0.01934203095887545,,
,,3341.026,0.025215736117186305,0.019898257069717047,,
,,3341.491,0.00746397127907783,0.019978061831066873,,
,,3341.963,0.003106728902621425,0.019631067283864476,,
,,3342.421,0.003106728902621425,0.01894114209686939,,
,,3342.889,0.025215736117186305,0.018009589505733573,,
,,3343.352,0.012143879130203539,0.0169394697398828,,
,,3343.815,0.025215736117186305,0.015823488848770346,,
,,3344.285,0.01399996470137621,0.014735995249941135,,
,,3344.751,0.003106728902621425,0.01372868469727157,,
,,3345.214,0.020858493740730122,0.0128295245849617,,
,,3345.68,0.0009279778567794494,0.012044566887503888,,
,,3346.14,0.029573108351256705,0.011362261574433279,,
,,3346.606,0.003106728902621425,0.01075961190377759,,
,,3347.071,0.009642592467306033,0.010209358990808935,,
,,3347.537,0.005285350090849628,0.009687553345739638,,
,,3348.004,0.001250643331448753,0.009181168120357826,,
,,3348.469,0.016178585889604413,0.008695423950983541,,
,,3348.93,0.012143879130203539,0.008260061022331332,,
,,3349.399,0.014322500318431741,0.007933190864414436,,
,,3349.863,0.016501121506659944,0.0078010934952237555,,
,,3350.325,0.001250643331448753,0.00797272015100823,,
,,3350.793,0.001250643331448753,0.008568613754204313,,
,,3351.255,0.03393035072771289,0.009705006720698434,,
,,3351.72,0.0077865068961333606,0.011474575717676391,,
,,3352.187,0.020858493740730122,0.013925802429901933,,
,,3352.653,0.0009279778567794494,0.017043576488626002,,
,,3353.118,0.001250643331448753,0.02073466727427888,,
,,3353.584,0.005607885707905158,0.024822288213896607,,
,,3354.049,0.047002207714695876,0.029053300475587948,,
,,3354.515,0.001250643331448753,0.03311947691860679,,
,,3354.981,0.022714579311902794,0.0366913917210943,,
,,3355.44,0.018357207077832394,0.03946070845435222,,
,,3355.907,0.17304138916385448,0.041183998864883116,,
,,3356.37,0.02925044287658718,0.0417190077800255,,
,,3356.841,0.04918082890292408,0.041044264822973714,,
,,3357.303,0.02925044287658718,0.03925691604838168,,
,,3357.771,0.018357207077832394,0.03655034859903995,,
,,3358.233,0.020858493740730122,0.0331788478285847,,
,,3358.699,0.018357207077832394,0.02941867887948996,,
,,3359.163,0.003106728902621425,0.02553397267257959,,
,,3359.628,0.005607885707905158,0.021753088211092664,,
,,3360.093,0.05571682232522246,0.018257751298108894,,
,,3360.559,0.009965257941975336,0.015183887011452148,,
,,3361.027,0.005285350090849628,0.012630526297298519,,
,,3361.485,0.014322500318431741,0.010672271171707867,,
,,3361.959,0.023037114928958324,0.009371325416928275,,
,,3362.417,0.009965257941975336,0.00878596922900942,,
,,3362.885,0.018679742694887924,0.00897303794348782,,
,,3363.347,0.020535828266060596,0.009982813908163813,,
,,3363.811,0.020858493740730122,0.01184609238911395,,
,,3364.281,0.020858493740730122,0.014554946112451856,,
,,3364.746,0.001250643331448753,0.018040695268216653,,
,,3365.21,0.005607885707905158,0.022154505182544325,,
,,3365.676,0.0009279778567794494,0.02665724796182829,,
,,3366.135,0.003106728902621425,0.031224954174151477,,
,,3366.6,0.00746397127907783,0.03547385725895,,
,,3367.067,0.024893200500130774,0.03900482269556423,,
,,3367.533,0.001250643331448753,0.04146142833323763,,
,,3368.0,0.30408288422358076,0.042590070943032035,,
,,3368.465,0.012143879130203539,0.04228630881356191,,
,,3368.926,0.009965257941975336,0.04061285516617885,,
,,3369.396,0.005607885707905158,0.03778332341236978,,
,,3369.859,0.005607885707905158,0.03411812110708888,,
,,3370.322,0.00746397127907783,0.02998710310949452,,
,,3370.785,0.03393035072771289,0.0257539666358441,,
,,3371.255,0.005285350090849628,0.021732540843979232,,
,,3371.721,0.001250643331448753,0.018159435798901172,,
,,3372.18,0.05539428670816693,0.015183166694315926,,
,,3372.646,0.003106728902621425,0.012867074436477976,,
,,3373.11,0.003106728902621425,0.01120190512675279,,
,,3373.576,0.024893200500130774,0.010123758546121351,,
,,3374.041,0.003106728902621425,0.009533887072705454,,
,,3374.507,0.025215736117186305,0.009317703123657074,,
,,3374.971,0.003106728902621425,0.009360968339833905,,
,,3375.437,0.018679742694887924,0.009561779574962917,,
,,3375.9,0.001250643331448753,0.009837839237730121,,
,,3376.369,0.009965257941975336,0.010129405216788751,,
,,3376.83,0.005607885707905158,0.010398947999086467,,
,,3377.299,0.020535828266060596,0.010628721177854227,,
,,3377.767,0.0009279778567794494,0.010817237542888934,,
,,3378.229,0.005607885707905158,0.010975304007415611,,
,,3378.695,0.024893200500130774,0.011122004988062924,,
,,3379.155,0.003106728902621425,0.011280788106837579,,
,,3379.621,0.022714579311902794,0.011475560980265984,,
,,3380.086,0.003106728902621425,0.011726642333868878,,
,,3380.551,0.022714579311902794,0.012046664578246706,,
,,3381.018,0.0009279778567794494,0.012436956611124402,,
,,3381.484,0.00746397127907783,0.012885307459195881,,
,,3381.945,0.003106728902621425,0.013366132090335318,,
,,3382.415,0.003106728902621425,0.013843706714482453,,
,,3382.878,0.04885829328586855,0.014278153165890406,,
,,3383.34,0.023037114928958324,0.014632509135690017,,
,,3383.811,0.014322500318431741,0.014878405796451308,,
,,3384.274,0.003106728902621425,0.014998457363532473,,
,,3384.739,0.016178585889604413,0.014985264910462,,
,,3385.202,0.001250643331448753,0.014838666258493225,,
,,3385.667,0.009642592467306033,0.014563409135788345,,
,,3386.134,0.020858493740730122,0.014168731808504626,,
,,3386.6,0.00746397127907783,0.013670017576213991,,
,,3387.067,0.03610897191594109,0.013091390610693426,,
,,3387.525,0.020858493740730122,0.01246736343272259,,
,,3387.99,0.005607885707905158,0.011841810375431264,,
,,3388.455,0.001250643331448753,0.011263674763813316,,
,,3388.926,0.00746397127907783,0.010780391988355039,,
,,3389.388,0.0009279778567794494,0.010431072380043203,,
,,3389.856,0.005607885707905158,0.010241390797662103,,
,,3390.318,0.03828759310416929,0.010221056138246786,,
,,3390.781,0.003106728902621425,0.010363441240383263,,
,,3391.251,0.012143879130203539,0.010646266214792538,,
,,3391.71,0.003106728902621425,0.011032557677747055,,
,,3392.181,0.009965257941975336,0.011472058076795476,,
,,3392.646,0.014322500318431741,0.011903950677992952,,
,,3393.111,0.003106728902621425,0.01226172853014463,,
,,3393.576,0.0034292645196769556,0.012480494747849805,,
,,3394.041,0.022714579311902794,0.012506276878255689,,
,,3394.507,0.005607885707905158,0.012306132863380751,,
,,3394.967,0.04450105090941214,0.011876993395266504,,
,,3395.432,0.0077865068961333606,0.011250738660805833,,
,,3395.9,0.00746397127907783,0.010493473790613203,,
,,3396.362,0.012143879130203539,0.009698421202250368,,
,,3396.83,0.0009279778567794494,0.008973652838327935,,
,,3397.293,0.003106728902621425,0.00842715528654348,,
,,3397.763,0.0034292645196769556,0.008152041934349428,,
,,3398.225,0.018679742694887924,0.00821426862017397,,
,,3398.691,0.003106728902621425,0.00864437002137753,,
,,3399.155,0.0009279778567794494,0.009433945354837502,,
,,3399.621,0.005285350090849628,0.010537152981058522,,
,,3400.081,0.020858493740730122,0.011877156563705778,,
,,3400.548,0.003106728902621425,0.013356931292726797,,
,,3401.014,0.016501121506659944,0.014873077272082365,,
,,3401.48,0.003106728902621425,0.01633059845387296,,
,,3401.941,0.06193028013046531,0.017656089787324893,,
,,3402.41,0.03142919392242938,0.018806435443810356,,
,,3402.87,0.00746397127907783,0.019770442448557468,,
,,3403.34,0.0077865068961333606,0.02056246392054766,,
,,3403.804,0.03578643629888556,0.021209614489509494,,
,,3404.266,0.014322500318431741,0.02173619280553572,,
,,3404.732,0.003106728902621425,0.022149508198919317,,
,,3405.195,0.005607885707905158,0.02243086895043909,,
,,3405.661,0.016178585889604413,0.022534527639092417,,
,,3406.125,0.00746397127907783,0.02239566821674108,,
,,3406.591,0.0684661436951497,0.021945930383306916,,
,,3407.056,0.040143678675341965,0.02113229650900217,,
,,3407.522,0.0077865068961333606,0.019933837737986685,,
,,3407.989,0.003106728902621425,0.018371787045244593,,
,,3408.455,0.04918082890292408,0.01651107060957418,,
,,3408.915,0.003106728902621425,0.014453964153508416,,
,,3409.384,0.001250643331448753,0.012327860258671691,,
,,3409.845,0.001250643331448753,0.010269675308838211,,
,,3410.314,0.016178585889604413,0.008409699056247541,,
,,3410.775,0.003106728902621425,0.006857411248267167,,
,,3411.244,0.00746397127907783,0.00569086450016911,,
,,3411.71,0.001250643331448753,0.004950271528962372,,
,,3412.174,0.005607885707905158,0.004635927777932608,,
,,3412.639,0.001250643331448753,0.0047104244660610755,,
,,3413.103,0.001250643331448753,0.005104947578525011,,
,,3413.569,0.003106728902621425,0.005729177191281621,,
,,3414.034,0.009642592467306033,0.0064838798197275485,,
,,3414.5,0.014322500318431741,0.007274760490434092,,
,,3414.967,0.001250643331448753,0.008025678709742596,,
,,3415.425,0.025215736117186305,0.008689180279332586,,
,,3415.892,0.0009279778567794494,0.009252559469168505,,
,,3416.355,0.020858493740730122,0.009738243399748598,,
,,3416.826,0.009965257941975336,0.01019803875620174,,
,,3417.288,0.025215736117186305,0.01070161736232199,,
,,3417.754,0.003106728902621425,0.011320533188835684,,
,,3418.22,0.003106728902621425,0.01211008675030049,,
,,3418.686,0.003106728902621425,0.013092330362629856,,
,,3419.151,0.001250643331448753,0.014243956899865637,,
,,3419.61,0.014322500318431741,0.015492250466091362,,
,,3420.075,0.018357207077832394,0.016720707547177537,,
,,3420.54,0.014322500318431741,0.017783914817874964,,
,,3421.007,0.00746397127907783,0.01852947972448556,,
,,3421.473,0.05975152908462311,0.018823614722546875,,
,,3421.941,0.003106728902621425,0.018576393818120592,,
,,3422.403,0.001250643331448753,0.017762786806937804,,
,,3422.866,0.05103691447409675,0.016436374948903657,,
,,3423.336,0.018679742694887924,0.01473373966006361,,
,,3423.797,0.001250643331448753,0.01286843239950179,,
,,3424.266,0.016501121506659944,0.011114404431938613,,
,,3424.732,0.0077865068961333606,0.009780063413801172,,
,,3425.195,0.022714579311902794,0.009175264507427257,,
,,3425.66,0.0034292645196769556,0.00957410797841801,,
,,3426.125,0.022714579311902794,0.011176735106580907,,
,,3426.591,0.0034292645196769556,0.014073872424534763,,
,,3427.056,0.01399996470137621,0.01821864443359934,,
,,3427.515,0.001250643331448753,0.023410757674093476,,
,,3427.982,0.005607885707905158,0.029298077746429015,,
,,3428.447,0.003106728902621425,0.03539940503946831,,
,,3428.911,0.05539428670816693,0.04114956331820706,,
,,3429.38,0.044823586526467674,0.04596388882741598,,
,,3429.841,0.020858493740730122,0.04931476959467604,,
,,3430.31,0.001250643331448753,0.05080920423436296,,
,,3430.774,0.33426143481456116,0.05025377840721033,,
,,3431.237,0.009965257941975336,0.04769233750880143,,
,,3431.702,0.00746397127907783,0.04340447034982615,,
,,3432.167,0.003106728902621425,0.03786222150134458,,
,,3432.633,0.00746397127907783,0.03165505773895589,,
,,3433.1,0.001250643331448753,0.025401371255865956,,
,,3433.565,0.003106728902621425,0.019664866189457036,,
,,3434.029,0.012143879130203539,0.014888849659703426,,
,,3434.495,0.003106728902621425,0.01135508210433455,,
,,3434.96,0.018357207077832394,0.009168556414675434,,
,,3435.426,0.00746397127907783,0.00826584476578208,,
,,3435.889,0.00746397127907783,0.008442465458254443,,
,,3436.351,0.0034292645196769556,0.009393808891620005,,
,,3436.819,0.03360781511065736,0.010764015733122686,,
,,3437.281,0.003106728902621425,0.012197338056004344,,
,,3437.747,0.016501121506659944,0.013386818505909847,,
,,3438.21,0.003106728902621425,0.014115718225506928,,
,,3438.675,0.020858493740730122,0.014287845051721771,,
,,3439.14,0.06410890131869351,0.01394336002634943,,
,,3439.606,0.014322500318431741,0.013256904030830394,,
,,3440.071,0.025215736117186305,0.012515981475664253,,
,,3440.536,0.001250643331448753,0.01208028657586023,,
,,3441.004,0.0034292645196769556,0.012326478361033249,,
,,3441.469,0.003106728902621425,0.013586146710792254,,
,,3441.937,0.003106728902621425,0.01608612231937054,,
,,3442.399,0.012143879130203539,0.019899782387584695,,
,,3442.863,0.012143879130203539,0.024916204382435716,,
,,3443.325,0.03578643629888556,0.030831601196952104,,
,,3443.796,0.022714579311902794,0.037164942871973985,,
,,3444.259,0.03610897191594109,0.0432973772924405,,
,,3444.724,0.011821343513148008,0.04853310063744637,,
,,3445.188,0.016501121506659944,0.05217733362691796,,
,,3445.654,0.001250643331448753,0.053624189418345944,,
,,3446.12,0.3345839704316167,0.05244284253646181,,
,,3446.585,0.012143879130203539,0.048445915990574254,,
,,3447.045,0.016178585889604413,0.04172379441347515,,
,,3447.51,0.003106728902621425,0.03263618486435307,,
,,3447.978,0.011821343513148008,0.0217644933226716,,
,,3448.443,0.005607885707905158,0.00983751245375642,,
