EMG_time_ms,EMG_value,FORCE_time_ms,FORCE_newtons,Force_LPF,ENVELOPE_time_ms,EMG_Envelope
0.0,0.0,0.467,0.06467548001826762,0.06541387557121432,0.0,0.0
0.4655172734839499,0.0,0.933,0.03417439381023146,0.06623030829859301,0.4655172734839499,0.0
0.9310345469678998,0.0,1.399,0.10606980202505834,0.0671277320412663,0.9310345469678998,0.0
1.3965518204518497,0.0,1.866,0.011577300430629434,0.06818655348332218,1.3965518204518497,0.0
1.8620690939357996,0.0,2.332,0.07556871581702218,0.06939812823872782,1.8620690939357996,0.0
2.3275863674197494,0.0,2.792,0.08864057280400517,0.07066583125763576,2.3275863674197494,0.0
2.7931036409036993,0.0,3.255,0.07774733700525038,0.0718340300215345,2.7931036409036993,0.0
3.2586209143876492,0.0,3.725,0.07339009462879398,0.07273250803554003,3.2586209143876492,0.0
3.724138187871599,0.0,4.187,0.07339009462879398,0.07321944186170652,3.724138187871599,0.0
4.189655461355549,0.0,4.655,0.10824842321328632,0.07321021508633765,4.189655461355549,0.0
4.655172734839499,0.0,5.117,0.03199577262200326,0.07268827650164852,4.655172734839499,0.0
5.120690008323448,0.0,5.583,0.04506762960898625,0.07170348586463003,5.120690008323448,0.0
5.586207281807399,0.0,6.046,0.0690327223947238,0.07036933325076616,5.586207281807399,0.0
6.051724555291348,0.0,6.511,0.07339009462879398,0.06886745579148165,6.051724555291348,0.0
6.5172418287752985,0.0,6.977,0.1692505956293584,0.06745405856969458,6.5172418287752985,0.0
6.982759102259248,0.0,7.442,0.011577300430629434,0.06644849498180976,6.982759102259248,0.0
7.448276375743198,0.0,7.907,0.04071038723252984,0.06618545354675795,7.448276375743198,0.0
7.913793649227148,0.0,8.373,0.1169630378238129,0.06693184658559122,7.913793649227148,0.0
8.379310922711097,0.0,8.84,0.005851928790423733,0.06879173013565622,8.379310922711097,0.0
8.844828196195047,0.0,9.306,0.10171255964860193,0.071631442255459,8.844828196195047,0.0
9.310345469678998,0.0,9.766,0.03199577262200326,0.07505266305468954,9.310345469678998,0.0
9.775862743162946,0.0,10.236,0.06031823764181121,0.07843079344702182,9.775862743162946,0.0
10.241380016646897,0.0,10.696,0.04942487198544265,0.08102167891657572,10.241380016646897,0.0
10.706897290130847,0.0,11.166,0.21282366868199132,0.08211943731349022,10.706897290130847,0.0
11.172414563614797,0.0,11.629,0.03336377202813878,0.08122604296039629,11.172414563614797,0.0
11.637931837098746,0.0,12.092,0.11042717425912851,0.07818262325057997,11.637931837098746,0.0
12.103449110582696,0.0,12.557,0.03772101440459519,0.07322432454909564,12.103449110582696,0.0
12.568966384066647,0.0,13.021,0.1169630378238129,0.06694838499759095,12.568966384066647,0.0
13.034483657550597,0.0,13.487,0.042078386638665366,0.060210041029719476,13.034483657550597,0.0
13.500000931034545,0.0,13.952,0.005041307008331053,0.05397423767952479,13.500000931034545,0.0
13.965518204518496,0.0,14.418,0.04942487198544265,0.04915658898265118,13.965518204518496,0.0
14.431035478002446,0.0,14.884,0.05950748600210476,0.04648577105560445,14.431035478002446,0.0
14.896552751486396,0.0,15.35,0.0668541012064956,0.0464081630541304,14.896552751486396,0.0
15.362070024970345,0.0,15.814,0.02247053622938422,0.04903859386875008,15.362070024970345,0.0
15.827587298454295,0.0,16.279,0.08864057280400517,0.05415041587506212,15.827587298454295,0.0
16.293104571938244,0.0,16.74,0.008030549978651935,0.061198647634616014,16.293104571938244,0.0
16.758621845422194,0.0,17.21,0.10606980202505834,0.0693751062080979,16.758621845422194,0.0
17.224139118906145,0.0,17.673,0.04942487198544265,0.07769635025517249,17.224139118906145,0.0
17.689656392390095,0.0,18.136,0.10389118083683013,0.08512187063562822,17.689656392390095,0.0
18.155173665874045,0.0,18.602,0.04506762960898625,0.09069391768458851,18.155173665874045,0.0
18.620690939357996,0.0,19.065,0.08428333042754876,0.09368383372583325,18.620690939357996,0.0
19.086208212841946,0.0,19.531,0.2171809110584475,0.09372156210807661,19.086208212841946,0.0
19.551725486325893,0.0,19.996,0.08428333042754876,0.09087602284817095,19.551725486325893,0.0
20.017242759809843,0.0,20.462,0.04506762960898625,0.08565491949037735,20.017242759809843,0.0
20.482760033293793,0.0,20.929,0.05950748600210476,0.07891397496219853,20.482760033293793,0.0
20.948277306777744,0.0,21.395,0.07774733700525038,0.07169800831479191,20.948277306777744,0.0
21.413794580261694,0.0,21.859,0.08210470923932056,0.06505515556200511,21.413794580261694,0.0
21.879311853745644,0.0,22.325,0.0668541012064956,0.059861577053999596,21.879311853745644,0.0
22.344829127229595,0.0,22.788,0.005851928790423733,0.056681673933329346,22.344829127229595,0.0
22.810346400713545,0.0,23.251,0.042889008420758046,0.05568273920192436,22.810346400713545,0.0
23.275863674197492,0.0,23.722,0.07556871581702218,0.056620173713039595,23.275863674197492,0.0
23.741380947681442,0.0,24.184,0.05160362303128463,0.05889936136572242,23.741380947681442,0.0
24.206898221165392,0.0,24.652,0.07774733700525038,0.061702650526134176,24.206898221165392,0.0
24.672415494649343,0.0,25.114,0.04506762960898625,0.06415499486470295,24.672415494649343,0.0
25.137932768133293,0.0,25.58,0.055960865407741034,0.06549654110629888,25.137932768133293,0.0
25.603450041617243,0.0,26.043,0.11042717425912851,0.0652312180574818,25.603450041617243,0.0
26.068967315101194,0.0,26.508,0.1300348948107959,0.06322150814788301,26.068967315101194,0.0
26.53448458858514,0.0,26.974,0.005851928790423733,0.05970391486884815,26.53448458858514,0.0
27.00000186206909,0.0,27.44,0.07339009462879398,0.05521590723474562,27.00000186206909,0.0
27.46551913555304,0.0,27.907,0.023281158011476677,0.05045303364158597,27.46551913555304,0.0
27.93103640903699,0.0,28.365,0.005041307008331053,0.04609957505583059,27.93103640903699,0.0
28.396553682520942,0.0,28.836,0.04506762960898625,0.04268266261774645,28.396553682520942,0.0
28.862070956004892,0.0,29.295,0.058139486595969014,0.0404866166149307,28.862070956004892,0.0
29.327588229488843,0.0,29.766,0.02029178518354202,0.03954029527793652,29.327588229488843,0.0
29.793105502972793,0.0,30.228,0.05160362303128463,0.03966723806824304,29.793105502972793,0.0
30.25862277645674,0.0,30.696,0.04506762960898625,0.040574628784642276,30.25862277645674,0.0
30.72414004994069,0.0,31.158,0.062496858830039415,0.0419530298795524,30.72414004994069,0.0
31.18965732342464,0.0,31.626,0.05378224421951283,0.04356080136485292,31.18965732342464,0.0
31.65517459690859,0.0,32.088,0.0189237857774065,0.0452739129758719,31.65517459690859,0.0
32.12069187039254,0.0,32.553,0.07556871581702218,0.04709311212765103,32.12069187039254,0.0
32.58620914387649,0.0,33.017,0.04071038723252984,0.04911227280511815,32.58620914387649,0.0
33.05172641736044,0.0,33.483,0.04506762960898625,0.05145979170862086,33.05172641736044,0.0
33.51724369084439,0.0,33.948,0.07339009462879398,0.05422904291346032,33.51724369084439,0.0
33.98276096432834,0.0,34.413,0.005041307008331053,0.05741649382626786,33.98276096432834,0.0
34.44827823781229,0.0,34.881,0.05378224421951283,0.06088683951612188,34.44827823781229,0.0
34.91379551129624,0.0,35.346,0.058139486595969014,0.06437976037368484,34.91379551129624,0.0
35.37931278478019,0.0,35.812,0.12567765243433948,0.06755962387513441,35.37931278478019,0.0
35.84483005826414,0.0,36.27,0.07556871581702218,0.07009165250077853,35.84483005826414,0.0
36.31034733174809,0.0,36.74,0.02981715143377528,0.07171785446148216,36.31034733174809,0.0
36.77586460523204,0.0,37.204,0.09517656622630355,0.07231176532335151,36.77586460523204,0.0
37.24138187871599,0.0,37.666,0.04071038723252984,0.07190574433797792,37.24138187871599,0.0
37.70689915219994,0.0,38.136,0.11042717425912851,0.07069335529005576,37.70689915219994,0.0
38.17241642568389,0.0,38.595,0.0668541012064956,0.06900732478107811,38.17241642568389,0.0
38.63793369916784,0.0,39.066,0.10606980202505834,0.0672690089016277,38.63793369916784,0.0
39.103450972651785,0.0,39.531,0.04724625079721445,0.06590824428636331,39.103450972651785,0.0
39.56896824613574,0.0,39.996,0.0014946864139673277,0.06526527607259335,39.56896824613574,0.0
40.034485519619686,0.0,40.462,0.08646195161577697,0.06550174831910512,40.034485519619686,0.0
40.50000279310364,0.0,40.922,0.06467548001826762,0.06655273099951277,40.50000279310364,0.0
40.96552006658759,0.0,41.387,0.03199577262200326,0.06813988909031776,40.96552006658759,0.0
41.43103734007154,0.0,41.856,0.08428333042754876,0.06984418744176064,41.43103734007154,0.0
41.89655461355549,0.0,42.321,0.10171255964860193,0.07121642759454644,41.89655461355549,0.0
42.36207188703944,0.0,42.781,0.12349903124611128,0.07189060606900678,42.36207188703944,0.0
42.82758916052339,0.0,43.25,0.08428333042754876,0.07166209482722317,42.82758916052339,0.0
43.293106434007335,0.0,43.711,0.0072199281965592554,0.07050626049720783,43.293106434007335,0.0
43.75862370749129,0.0,44.181,0.0668541012064956,0.06854168846771848,43.75862370749129,0.0
44.224140980975235,0.0,44.644,0.042889008420758046,0.06596864472615736,44.224140980975235,0.0
44.68965825445919,0.0,45.106,0.050792871391578176,0.06301902122513386,44.68965825445919,0.0
45.155175527943136,0.0,45.572,0.10171255964860193,0.05993680173962854,45.155175527943136,0.0
45.62069280142709,0.0,46.035,0.07339009462879398,0.05698273189666544,45.62069280142709,0.0
46.08621007491104,0.0,46.501,0.06031823764181121,0.054440335755360926,46.08621007491104,0.0
46.551727348394984,0.0,46.966,0.06031823764181121,0.05260142562913385,46.551727348394984,0.0
47.01724462187894,0.0,47.432,0.00367330760219553,0.05172522110158562,47.01724462187894,0.0
47.482761895362884,0.0,47.896,0.04506762960898625,0.05198421433573403,47.482761895362884,0.0
47.94827916884684,0.0,48.362,0.09517656622630355,0.05341879154281075,47.94827916884684,0.0
48.413796442330785,0.0,48.829,0.011577300430629434,0.055916852039528044,48.413796442330785,0.0
48.87931371581474,0.0,49.295,0.10171255964860193,0.05922168773375258,48.87931371581474,0.0
49.344830989298686,0.0,49.758,0.016745164589178296,0.06296219101340084,49.344830989298686,0.0
49.81034826278263,0.0,50.221,0.11260579544735672,0.0666972642153898,49.81034826278263,0.0
50.275865536266586,0.0,50.685,0.0668541012064956,0.06996699958642028,50.275865536266586,0.0
50.74138280975053,0.0,51.155,0.058139486595969014,0.07234451443928981,50.74138280975053,0.0
51.20690008323449,0.0,51.618,0.03417439381023146,0.07348575199311813,51.20690008323449,0.0
51.672417356718434,0.0,52.08,0.09517656622630355,0.07317845446571512,51.672417356718434,0.0
52.13793463020239,0.0,52.546,0.08428333042754876,0.07138935922209182,52.13793463020239,0.0
52.603451903686334,0.0,53.011,0.13439226704486607,0.0682987297680018,52.603451903686334,0.0
53.06896917717028,0.0,53.477,0.0028626858201028504,0.06430367681614661,53.06896917717028,0.0
53.534486450654235,0.0,53.944,0.055960865407741034,0.05997807174719653,53.534486450654235,0.0
54.00000372413818,0.0,54.41,0.062496858830039415,0.05599440379552935,54.00000372413818,0.0
54.465520997622136,0.0,54.87,0.058139486595969014,0.05302600621595016,54.465520997622136,0.0
54.93103827110608,0.0,55.336,0.058139486595969014,0.051647481458385464,54.93103827110608,0.0
55.396555544590036,0.0,55.803,0.062496858830039415,0.05224396638142373,55.396555544590036,0.0
55.86207281807398,0.0,56.269,0.027638400387933082,0.054937277934538696,55.86207281807398,0.0
56.32759009155794,0.0,56.737,0.03199577262200326,0.05954057759007378,56.32759009155794,0.0
56.793107365041884,0.0,57.199,0.10171255964860193,0.06555597202833216,56.793107365041884,0.0
57.25862463852583,0.0,57.662,0.048614250203349973,0.07222481240584161,57.25862463852583,0.0
57.724141912009785,0.0,58.125,0.04506762960898625,0.0786290893689904,57.724141912009785,0.0
58.18965918549373,0.0,58.591,0.1191416590120411,0.08383020975724649,58.18965918549373,0.0
58.655176458977685,0.0,59.061,0.1169630378238129,0.08702143987242383,58.655176458977685,0.0
59.12069373246163,0.0,59.52,0.12785627362256768,0.08766285622528305,59.12069373246163,0.0
59.586211005945586,0.0,59.986,0.012387922212722113,0.08556860639538123,59.586211005945586,0.0
60.05172827942953,0.0,60.452,0.10171255964860193,0.08093113230345257,60.05172827942953,0.0
60.51724555291348,0.0,60.919,0.027638400387933082,0.07428718457140247,60.51724555291348,0.0
60.98276282639743,0.0,61.385,0.20410905407146474,0.06643922503983796,60.98276282639743,0.0
61.44828009988138,0.0,61.851,0.005041307008331053,0.05834044477473672,61.44828009988138,0.0
61.913797373365334,0.0,62.31,0.0189237857774065,0.050948819544477386,61.913797373365334,0.0
62.37931464684928,0.0,62.781,0.012387922212722113,0.045068632757810013,62.37931464684928,0.0
62.844831920333235,0.0,63.243,0.04942487198544265,0.04121577624956379,62.844831920333235,0.0
63.31034919381718,0.0,63.711,0.02545977919970488,0.03954380284419109,63.31034919381718,0.0
63.77586646730113,0.0,64.173,0.06031823764181121,0.03984682962545432,63.77586646730113,0.0
64.24138374078508,0.0,64.637,0.050792871391578176,0.041629238149577044,64.24138374078508,0.0
64.70690101426904,0.0,65.106,0.04071038723252984,0.04421631408199673,64.70690101426904,0.0
65.17241828775298,0.0,65.565,0.071211473440566,0.04687782134652338,65.17241828775298,0.0
65.63793556123693,0.0,66.031,0.00367330760219553,0.04894350208570292,65.63793556123693,0.0
66.10345283472088,0.0,66.497,0.071211473440566,0.04989909016429812,66.10345283472088,0.0
66.56897010820484,0.0,66.962,0.04724625079721445,0.04945753512014355,66.56897010820484,0.0
67.03448738168878,0.0,67.428,0.07774733700525038,0.04760005627231113,67.03448738168878,0.0
67.50000465517273,0.0,67.893,0.04506762960898625,0.0445789744375432,67.50000465517273,0.0
67.96552192865668,0.0,68.358,0.04506762960898625,0.04087639240362832,67.96552192865668,0.0
68.43103920214062,0.0,68.826,0.008030549978651935,0.03712299059793,68.43103920214062,0.0
68.89655647562458,0.0,69.292,0.021102536823248697,0.03399430683336945,68.89655647562458,0.0
69.36207374910853,0.0,69.755,0.062496858830039415,0.032108792319269185,69.36207374910853,0.0
69.82759102259249,0.0,70.216,0.00367330760219553,0.03194822855912703,69.82759102259249,0.0
70.29310829607643,0.0,70.685,0.00367330760219553,0.03381084648433604,70.29310829607643,0.0
70.75862556956038,0.0,71.147,0.09081932384984714,0.037797357640113376,70.75862556956038,0.0
71.22414284304433,0.0,71.611,0.06386485823617494,0.043821807812169065,71.22414284304433,0.0
71.68966011652827,0.0,72.081,0.027638400387933082,0.05163345831326453,71.68966011652827,0.0
72.15517739001223,0.0,72.546,0.04506762960898625,0.06083802832987188,72.15517739001223,0.0
72.62069466349618,0.0,73.007,0.058139486595969014,0.07091747032020926,72.62069466349618,0.0
73.08621193698013,0.0,73.473,0.1213204100578833,0.08125652433293501,73.08621193698013,0.0
73.55172921046407,0.0,73.94,0.10606980202505834,0.09118278474146302,73.55172921046407,0.0
74.01724648394803,0.0,74.406,0.005851928790423733,0.10002052877719954,74.01724648394803,0.0
74.48276375743198,0.0,74.866,0.04724625079721445,0.1071561798796754,74.48276375743198,0.0
74.94828103091592,0.0,75.331,0.3587931062998728,0.11210985598363334,74.94828103091592,0.0
75.41379830439988,0.0,75.804,0.0690327223947238,0.11459373452941171,75.41379830439988,0.0
75.87931557788383,0.0,76.262,0.03853163618668787,0.11452792970196331,75.87931557788383,0.0
76.34483285136778,0.0,76.725,0.10171255964860193,0.112003992773991,76.34483285136778,0.0
76.81035012485172,0.0,77.195,0.04506762960898625,0.10722654163920682,76.81035012485172,0.0
77.27586739833568,0.0,77.655,0.04942487198544265,0.10048256856675045,77.27586739833568,0.0
77.74138467181963,0.0,78.125,0.269468468863993,0.09216301409251626,77.74138467181963,0.0
78.20690194530357,0.0,78.59,0.07339009462879398,0.0828132948501662,78.20690194530357,0.0
78.67241921878752,0.0,79.054,0.05378224421951283,0.0731579306108289,78.67241921878752,0.0
79.13793649227148,0.0,79.519,0.08428333042754876,0.06405378737240953,79.13793649227148,0.0
79.60345376575543,0.0,79.984,0.04071038723252984,0.056367568452221066,79.60345376575543,0.0
80.06897103923937,0.0,80.45,0.012387922212722113,0.05081381598309399,80.06897103923937,0.0
80.53448831272333,0.0,80.915,0.013755921618857636,0.04780778821826153,80.53448831272333,0.0
81.00000558620728,0.0,81.381,0.03336377202813878,0.04738266210820485,81.00000558620728,0.0
81.46552285969122,0.0,81.84,0.06467548001826762,0.04919848023841408,81.46552285969122,0.0
81.93104013317517,0.0,82.306,0.04071038723252984,0.05263756040481665,81.93104013317517,0.0
82.39655740665913,0.0,82.773,0.18450120366218337,0.05694961441916912,82.39655740665913,0.0
82.86207468014308,0.0,83.235,0.012387922212722113,0.061394150878154106,82.86207468014308,0.0
83.32759195362702,0.0,83.703,0.058139486595969014,0.0653370607916822,83.32759195362702,0.0
83.79310922711097,0.0,84.166,0.05378224421951283,0.06828899951113672,83.79310922711097,0.0
84.25862650059493,0.0,84.637,0.0072199281965592554,0.06990631337785323,84.25862650059493,0.0
84.72414377407888,0.0,85.099,0.10171255964860193,0.06998875777613049,84.72414377407888,0.0
85.18966104756282,0.0,85.565,0.10171255964860193,0.06849580592608939,85.18966104756282,0.0
85.65517832104678,0.0,86.031,0.055960865407741034,0.06557800245035701,85.65517832104678,0.0
86.12069559453073,0.0,86.49,0.04724625079721445,0.0616011737566342,86.12069559453073,0.0
86.58621286801467,0.0,86.955,0.10171255964860193,0.057139584577334215,86.58621286801467,0.0
87.05173014149862,0.0,87.42,0.07556871581702218,0.052924284343108946,87.05173014149862,0.0
87.51724741498258,0.0,87.885,0.005851928790423733,0.04974596599850424,87.51724741498258,0.0
87.98276468846653,0.0,88.351,0.03417439381023146,0.04832597273773953,87.98276468846653,0.0
88.44828196195047,0.0,88.819,0.031185150839910802,0.04918284904411881,88.44828196195047,0.0
88.91379923543442,0.0,89.284,0.07339009462879398,0.052525853365200846,88.91379923543442,0.0
89.37931650891838,0.0,89.748,0.11260579544735672,0.05819612083896544,89.37931650891838,0.0
89.84483378240232,0.0,90.21,0.0028626858201028504,0.06566074573048827,89.84483378240232,0.0
90.31035105588627,0.0,90.681,0.021102536823248697,0.0740594376606728,90.31035105588627,0.0
90.77586832937023,0.0,91.143,0.10171255964860193,0.08230714627105594,90.77586832937023,0.0
91.24138560285418,0.0,91.611,0.10171255964860193,0.08925289782754114,91.24138560285418,0.0
91.70690287633812,0.0,92.073,0.12785627362256768,0.0938754659409314,91.70690287633812,0.0
92.17242014982207,0.0,92.539,0.13221364585663786,0.09547323767112442,92.17242014982207,0.0
92.63793742330603,0.0,93.006,0.0668541012064956,0.09379956781132408,92.63793742330603,0.0
93.10345469678997,0.0,93.472,0.09735518741453175,0.08911173114694818,93.10345469678997,0.0
93.56897197027392,0.0,93.936,0.055960865407741034,0.08212893049813177,93.56897197027392,0.0
94.03448924375787,0.0,94.395,0.10824842321328632,0.07391603639709302,94.03448924375787,0.0
94.50000651724183,0.0,94.866,0.09081932384984714,0.06571749688182683,94.50000651724183,0.0
94.96552379072577,0.0,95.331,0.00367330760219553,0.0587659948892126,94.96552379072577,0.0
95.43104106420972,0.0,95.792,0.02981715143377528,0.05409265316928356,95.43104106420972,0.0
95.89655833769368,0.0,96.255,0.06031823764181121,0.052369660071620396,95.89655833769368,0.0
96.36207561117762,0.0,96.725,0.11260579544735672,0.05381217854443508,96.36207561117762,0.0
96.82759288466157,0.0,97.188,0.005041307008331053,0.05815167470851558,96.82759288466157,0.0
97.29311015814552,0.0,97.656,0.036353014998459665,0.0646793912765049,97.29311015814552,0.0
97.75862743162948,0.0,98.117,0.062496858830039415,0.07235538204369413,97.75862743162948,0.0
98.22414470511342,0.0,98.583,0.08428333042754876,0.07997622295512492,98.22414470511342,0.0
98.68966197859737,0.0,99.046,0.16053598101883182,0.08638103864931516,98.68966197859737,0.0
99.15517925208133,0.0,99.511,0.06386485823617494,0.09065631974672805,99.15517925208133,0.0
99.62069652556526,0.0,99.977,0.12349903124611128,0.09229297522516404,99.62069652556526,0.0
100.08621379904922,0.0,100.442,0.058139486595969014,0.09126256227391359,100.08621379904922,0.0
100.55173107253317,0.0,100.908,0.10171255964860193,0.08800406591681358,100.55173107253317,0.0
101.01724834601713,0.0,101.373,0.07339009462879398,0.0833322163015391,101.01724834601713,0.0
101.48276561950107,0.0,101.837,0.15182149626591923,0.07828632310845546,101.48276561950107,0.0
101.94828289298502,0.0,102.303,0.0189237857774065,0.0739404325816585,101.94828289298502,0.0
102.41380016646897,0.0,102.766,0.05378224421951283,0.07120100747998424,102.41380016646897,0.0
102.87931743995291,0.0,103.236,0.04506762960898625,0.07062920409939748,102.87931743995291,0.0
103.34483471343687,0.0,103.699,0.05378224421951283,0.07233061914143167,103.34483471343687,0.0
103.81035198692082,0.0,104.162,0.06031823764181121,0.07594444126733324,103.81035198692082,0.0
104.27586926040478,0.0,104.626,0.10389118083683013,0.08073730484442714,104.27586926040478,0.0
104.74138653388871,0.0,105.095,0.10171255964860193,0.08577658222631324,104.74138653388871,0.0
105.20690380737267,0.0,105.561,0.10824842321328632,0.09013545643828634,105.20690380737267,0.0
105.67242108085662,0.0,106.025,0.15400011745414743,0.09307543209597009,105.67242108085662,0.0
106.13793835434056,0.0,106.49,0.04942487198544265,0.0941632252621409,106.13793835434056,0.0
106.60345562782452,0.0,106.955,0.0690327223947238,0.09330425966729901,106.60345562782452,0.0
107.06897290130847,0.0,107.42,0.10824842321328632,0.09070339250221843,107.06897290130847,0.0
107.53449017479242,0.0,107.885,0.09081932384984714,0.08678093237496774,107.53449017479242,0.0
108.00000744827636,0.0,108.351,0.050792871391578176,0.08207244572988158,108.00000744827636,0.0
108.46552472176032,0.0,108.811,0.1191416590120411,0.07713198721082318,108.46552472176032,0.0
108.93104199524427,0.0,109.277,0.04071038723252984,0.07245091371104205,108.93104199524427,0.0
109.39655926872823,0.0,109.74,0.07339009462879398,0.06840116883421722,109.39655926872823,0.0
109.86207654221217,0.0,110.21,0.027638400387933082,0.06521042804751799,109.86207654221217,0.0
110.32759381569612,0.0,110.67,0.08210470923932056,0.06297343353663512,110.32759381569612,0.0
110.79311108918007,0.0,111.14,0.08428333042754876,0.061695952214988296,110.79311108918007,0.0
111.25862836266401,0.0,111.611,0.04942487198544265,0.06135619532802217,111.25862836266401,0.0
111.72414563614797,0.0,112.066,0.07339009462879398,0.06196050474982575,111.72414563614797,0.0
112.18966290963192,0.0,112.532,0.062496858830039415,0.06357123594833992,112.18966290963192,0.0
112.65518018311587,0.0,112.999,0.13874950942132247,0.06629285920284653,112.65518018311587,0.0
113.12069745659981,0.0,113.465,0.009398549384787458,0.07021328981584173,113.12069745659981,0.0
113.58621473008377,0.0,113.93,0.10171255964860193,0.07531205045582103,113.58621473008377,0.0
114.05173200356772,0.0,114.395,0.05160362303128463,0.0813649954601911,114.05173200356772,0.0
114.51724927705166,0.0,114.859,0.008030549978651935,0.08788922438469723,114.51724927705166,0.0
114.98276655053562,0.0,115.325,0.06467548001826762,0.09417075330557745,114.98276655053562,0.0
115.44828382401957,0.0,115.788,0.04071038723252984,0.09939476366554656,115.44828382401957,0.0
115.91380109750352,0.0,116.25,0.34789987050111804,0.10285394309410772,115.91380109750352,0.0
116.37931837098746,0.0,116.718,0.13874950942132247,0.1041601393408178,116.37931837098746,0.0
116.84483564447142,0.0,117.181,0.05378224421951283,0.10336366755645779,116.84483564447142,0.0
117.31035291795537,0.0,117.651,0.07774733700525038,0.1009216604157853,117.31035291795537,0.0
117.77587019143931,0.0,118.113,0.01020930102449391,0.09753413017613648,117.77587019143931,0.0
118.24138746492326,0.0,118.579,0.10171255964860193,0.0939279291739517,118.24138746492326,0.0
118.70690473840722,0.0,119.042,0.10824842321328632,0.09067591696278571,118.70690473840722,0.0
119.17242201189117,0.0,119.507,0.071211473440566,0.0881015121793076,119.17242201189117,0.0
119.63793928537511,0.0,119.974,0.1147844166355847,0.08627325438902406,119.63793928537511,0.0
120.10345655885907,0.0,120.44,0.0690327223947238,0.08506569422005543,120.10345655885907,0.0
120.56897383234302,0.0,120.9,0.06467548001826762,0.08425492969791533,120.56897383234302,0.0
121.03449110582696,0.0,121.366,0.15835735983060362,0.08361932919903389,121.03449110582696,0.0
121.50000837931091,0.0,121.833,0.09953380860275995,0.08302016831698486,121.50000837931091,0.0
121.96552565279487,0.0,122.299,0.0028626858201028504,0.08244423059485365,121.96552565279487,0.0
122.43104292627882,0.0,122.762,0.05378224421951283,0.08200505630983682,122.43104292627882,0.0
122.89656019976276,0.0,123.225,0.15835735983060362,0.08191445977884923,122.89656019976276,0.0
123.36207747324671,0.0,123.696,0.1169630378238129,0.08243650125235295,123.36207747324671,0.0
123.82759474673067,0.0,124.158,0.04071038723252984,0.08382428960810394,123.82759474673067,0.0
124.29311202021461,0.0,124.622,0.09517656622630355,0.08623706005173155,124.29311202021461,0.0
124.75862929369856,0.0,125.091,0.058139486595969014,0.08965033965405873,124.75862929369856,0.0
125.22414656718252,0.0,125.55,0.071211473440566,0.09378941769341699,125.22414656718252,0.0
125.68966384066647,0.0,126.021,0.10389118083683013,0.09811752313151305,125.68966384066647,0.0
126.15518111415041,0.0,126.48,0.10389118083683013,0.10189430447234817,126.15518111415041,0.0
126.62069838763436,0.0,126.952,0.10389118083683013,0.10429792581685714,126.62069838763436,0.0
127.08621566111832,0.0,127.41,0.10824842321328632,0.10458560764778828,127.08621566111832,0.0
127.55173293460226,0.0,127.877,0.1169630378238129,0.10225785047726706,127.55173293460226,0.0
128.0172502080862,0.0,128.343,0.10389118083683013,0.09719030803254672,128.0172502080862,0.0
128.48276748157016,0.0,128.807,0.12785627362256768,0.0897018071294854,128.48276748157016,0.0
128.94828475505412,0.0,129.273,0.071211473440566,0.08053691034298033,128.94828475505412,0.0
129.41380202853807,0.0,129.74,0.10389118083683013,0.07075758997490601,129.41380202853807,0.0
129.87931930202203,0.0,130.203,0.013755921618857636,0.06155988470815599,129.87931930202203,0.0
130.34483657550595,0.0,130.666,0.04724625079721445,0.05405281296264477,130.34483657550595,0.0
130.8103538489899,0.0,131.136,0.0189237857774065,0.04905041250549162,130.8103538489899,0.0
131.27587112247386,0.0,131.602,0.03853163618668787,0.04692665624314832,131.27587112247386,0.0
131.7413883959578,0.0,132.065,0.04942487198544265,0.04756631435935992,131.7413883959578,0.0
132.20690566944177,0.0,132.531,0.04506762960898625,0.05041932547872323,132.20690566944177,0.0
132.67242294292572,0.0,132.996,0.04724625079721445,0.05464154915166381,132.67242294292572,0.0
133.13794021640967,0.0,133.455,0.09517656622630355,0.05928715323967364,133.13794021640967,0.0
133.6034574898936,0.0,133.921,0.07992608805109236,0.06350879190242924,133.6034574898936,0.0
134.06897476337755,0.0,134.387,0.04942487198544265,0.06672143288354865,134.06897476337755,0.0
134.5344920368615,0.0,134.851,0.11042717425912851,0.06869492009564114,134.5344920368615,0.0
135.00000931034546,0.0,135.317,0.1169630378238129,0.06955728832365049,135.00000931034546,0.0
135.46552658382942,0.0,135.781,0.016745164589178296,0.06971184739938316,135.46552658382942,0.0
135.93104385731337,0.0,136.25,0.005041307008331053,0.06969442318814967,135.93104385731337,0.0
136.39656113079732,0.0,136.711,0.058139486595969014,0.07001751661983079,136.39656113079732,0.0
136.86207840428125,0.0,137.181,0.08210470923932056,0.07105106213479156,136.86207840428125,0.0
137.3275956777652,0.0,137.644,0.15617873864237564,0.07296632338061447,137.3275956777652,0.0
137.79311295124916,0.0,138.106,0.0014946864139673277,0.07573517476221849,137.79311295124916,0.0
138.2586302247331,0.0,138.572,0.10171255964860193,0.07915785369317453,138.2586302247331,0.0
138.72414749821706,0.0,139.035,0.13657088823309427,0.0828967728341758,138.72414749821706,0.0
139.18966477170102,0.0,139.501,0.042889008420758046,0.08650865091529984,139.18966477170102,0.0
139.65518204518497,0.0,139.966,0.058139486595969014,0.08947943140930849,139.65518204518497,0.0
140.1206993186689,0.0,140.432,0.04724625079721445,0.09127450811152436,140.1206993186689,0.0
140.58621659215285,0.0,140.899,0.09953380860275995,0.09141649528565804,140.58621659215285,0.0
141.0517338656368,0.0,141.365,0.2193595322466757,0.08958616177337282,141.0517338656368,0.0
141.51725113912076,0.0,141.829,0.04724625079721445,0.08571608388924719,141.51725113912076,0.0
141.9827684126047,0.0,142.295,0.0668541012064956,0.08003533512454011,141.9827684126047,0.0
142.44828568608867,0.0,142.755,0.09953380860275995,0.07304211082953141,142.44828568608867,0.0
142.91380295957262,0.0,143.225,0.005851928790423733,0.0654156489257574,142.91380295957262,0.0
143.37932023305655,0.0,143.688,0.04942487198544265,0.05790286070852089,143.37932023305655,0.0
143.8448375065405,0.0,144.151,0.04506762960898625,0.05121703694603271,143.8448375065405,0.0
144.31035478002445,0.0,144.619,0.06467548001826762,0.04597060977562602,144.31035478002445,0.0
144.7758720535084,0.0,145.08,0.07556871581702218,0.042641360584144035,144.7758720535084,0.0
145.24138932699236,0.0,145.546,0.05160362303128463,0.04155387787152539,145.24138932699236,0.0
145.70690660047632,0.0,146.011,0.0014946864139673277,0.0428558342281994,145.70690660047632,0.0
146.17242387396027,0.0,146.477,0.11042717425912851,0.046481701876857115,146.17242387396027,0.0
146.6379411474442,0.0,146.945,0.0006839347742608748,0.05211435242344419,146.6379411474442,0.0
147.10345842092815,0.0,147.41,0.01020930102449391,0.05916737307891201,147.10345842092815,0.0
147.5689756944121,0.0,147.87,0.07339009462879398,0.06681391789979989,147.5689756944121,0.0
148.03449296789606,0.0,148.336,0.10389118083683013,0.0740790836873771,148.03449296789606,0.0
148.50001024138,0.0,148.803,0.04724625079721445,0.07999193059665051,148.50001024138,0.0
148.96552751486396,0.0,149.269,0.04942487198544265,0.08376925072907396,148.96552751486396,0.0
149.43104478834792,0.0,149.737,0.24332475489002725,0.08498721084234964,149.43104478834792,0.0
149.89656206183184,0.0,150.199,0.04724625079721445,0.0836919341860711,149.89656206183184,0.0
150.3620793353158,0.0,150.662,0.08428333042754876,0.08040827849667043,150.3620793353158,0.0
150.82759660879975,0.0,151.125,0.04724625079721445,0.07603325082614362,150.82759660879975,0.0
151.2931138822837,0.0,151.591,0.0690327223947238,0.07163913344197516,151.2931138822837,0.0
151.75863115576766,0.0,152.061,0.06822210061263134,0.06823896265048383,151.75863115576766,0.0
152.2241484292516,0.0,152.52,0.02981715143377528,0.06657087789844751,152.2241484292516,0.0
152.68966570273557,0.0,152.986,0.09953380860275995,0.06694567499194501,152.68966570273557,0.0
153.1551829762195,0.0,153.452,0.0028626858201028504,0.06918567618985039,153.1551829762195,0.0
153.62070024970345,0.0,153.918,0.07774733700525038,0.07266696189106753,153.62070024970345,0.0
154.0862175231874,0.0,154.384,0.07774733700525038,0.07645951445177067,154.0862175231874,0.0
154.55173479667135,0.0,154.851,0.09517656622630355,0.07953921591425284,154.55173479667135,0.0
155.0172520701553,0.0,155.317,0.1300348948107959,0.08102514384812483,155.0172520701553,0.0
155.48276934363926,0.0,155.777,0.08428333042754876,0.08038440346284542,155.48276934363926,0.0
155.94828661712322,0.0,156.24,0.10824842321328632,0.07755315807560381,155.94828661712322,0.0
156.41380389060714,0.0,156.707,0.04724625079721445,0.0729462540670525,156.41380389060714,0.0
156.8793211640911,0.0,157.17,0.04942487198544265,0.06735943056580282,156.8793211640911,0.0
157.34483843757505,0.0,157.64,0.08864057280400517,0.06179470267592755,157.34483843757505,0.0
157.810355711059,0.0,158.103,0.013755921618857636,0.057252310651094394,157.810355711059,0.0
158.27587298454296,0.0,158.569,0.08565132983368429,0.05453181675043824,158.27587298454296,0.0
158.7413902580269,0.0,159.032,0.008030549978651935,0.054077192970761835,158.7413902580269,0.0
159.20690753151086,0.0,159.498,0.06031823764181121,0.05589143353336941,159.20690753151086,0.0
159.6724248049948,0.0,159.962,0.04506762960898625,0.05953556973495192,159.6724248049948,0.0
160.13794207847874,0.0,160.428,0.062496858830039415,0.06421323569857898,160.13794207847874,0.0
160.6034593519627,0.0,160.895,0.07774733700525038,0.06892565849520195,160.6034593519627,0.0
161.06897662544665,0.0,161.361,0.0668541012064956,0.07266659810095658,161.06897662544665,0.0
161.5344938989306,0.0,161.826,0.15617873864237564,0.07461660353571233,161.5344938989306,0.0
162.00001117241456,0.0,162.285,0.04506762960898625,0.07429479603568911,162.00001117241456,0.0
162.4655284458985,0.0,162.755,0.04506762960898625,0.07163740931218862,162.4655284458985,0.0
162.93104571938244,0.0,163.217,0.10171255964860193,0.06699369552200019,162.93104571938244,0.0
163.3965629928664,0.0,163.685,0.04506762960898625,0.06105109070779887,163.3965629928664,0.0
163.86208026635035,0.0,164.147,0.058139486595969014,0.05471245458019444,163.86208026635035,0.0
164.3275975398343,0.0,164.611,0.036353014998459665,0.048949794146335546,164.3275975398343,0.0
164.79311481331825,0.0,165.08,0.008030549978651935,0.04465786779120494,164.79311481331825,0.0
165.2586320868022,0.0,165.546,0.09517656622630355,0.04252818281396374,165.2586320868022,0.0
165.72414936028616,0.0,166.011,0.036353014998459665,0.042956315654536004,165.72414936028616,0.0
166.1896666337701,0.0,166.47,0.04942487198544265,0.04598624243736624,166.1896666337701,0.0
166.65518390725404,0.0,166.936,0.0028626858201028504,0.051292165740283564,166.65518390725404,0.0
167.120701180738,0.0,167.402,0.09953380860275995,0.05820243768938972,167.120701180738,0.0
167.58621845422195,0.0,167.866,0.0028626858201028504,0.06577303549060236,167.58621845422195,0.0
168.0517357277059,0.0,168.331,0.1300348948107959,0.07291217106280523,168.0517357277059,0.0
168.51725300118986,0.0,168.804,0.04071038723252984,0.07854524024191031,168.51725300118986,0.0
168.9827702746738,0.0,169.262,0.07040072180085932,0.08179733949018808,168.9827702746738,0.0
169.44828754815777,0.0,169.725,0.10389118083683013,0.0821623038957341,169.44828754815777,0.0
169.9138048216417,0.0,170.195,0.15835735983060362,0.0796214990113696,169.9138048216417,0.0
170.37932209512564,0.0,170.655,0.12349903124611128,0.0746738887840926,170.37932209512564,0.0
170.8448393686096,0.0,171.125,0.012387922212722113,0.06825098175620734,170.8448393686096,0.0
171.31035664209355,0.0,171.591,0.0189237857774065,0.06152388816185149,171.31035664209355,0.0
171.7758739155775,0.0,172.054,0.036353014998459665,0.055652328128236915,171.7758739155775,0.0
172.24139118906146,0.0,172.52,0.04942487198544265,0.051548824010407675,172.24139118906146,0.0
172.7069084625454,0.0,172.984,0.021102536823248697,0.04972042971837926,172.7069084625454,0.0
173.17242573602934,0.0,173.45,0.06467548001826762,0.05021707369063444,173.17242573602934,0.0
173.6379430095133,0.0,173.915,0.06031823764181121,0.05268120404255579,173.6379430095133,0.0
174.10346028299725,0.0,174.381,0.10171255964860193,0.056469524290731876,174.10346028299725,0.0
174.5689775564812,0.0,174.84,0.042889008420758046,0.060807272019511825,174.5689775564812,0.0
175.03449482996515,0.0,175.306,0.04724625079721445,0.06493968701565209,175.03449482996515,0.0
175.5000121034491,0.0,175.77,0.04506762960898625,0.06825981910385302,175.5000121034491,0.0
175.96552937693306,0.0,176.239,0.10171255964860193,0.07040475057223923,175.96552937693306,0.0
176.431046650417,0.0,176.7,0.10389118083683013,0.0713136708390291,176.431046650417,0.0
176.89656392390094,0.0,177.169,0.07556871581702218,0.07123478417869768,176.89656392390094,0.0
177.3620811973849,0.0,177.633,0.06467548001826762,0.07066771160477399,177.3620811973849,0.0
177.82759847086885,0.0,178.095,0.10606980202505834,0.07024169032180273,177.82759847086885,0.0
178.2931157443528,0.0,178.561,0.0028626858201028504,0.0705513726463426,178.2931157443528,0.0
178.75863301783676,0.0,179.025,0.09517656622630355,0.07199005276623453,178.75863301783676,0.0
179.2241502913207,0.0,179.49,0.005041307008331053,0.0746274184636819,179.2241502913207,0.0
179.68966756480464,0.0,179.962,0.071211473440566,0.07817208611291365,179.68966756480464,0.0
180.1551848382886,0.0,180.42,0.008030549978651935,0.082037108390339,180.1551848382886,0.0
180.62070211177254,0.0,180.885,0.29343369150734455,0.08549191732297348,180.62070211177254,0.0
181.0862193852565,0.0,181.351,0.10171255964860193,0.0878476785201421,181.0862193852565,0.0
181.55173665874045,0.0,181.818,0.026827778605840402,0.08860767608406922,181.55173665874045,0.0
182.0172539322244,0.0,182.284,0.04506762960898625,0.0875393698099056,182.0172539322244,0.0
182.48277120570836,0.0,182.752,0.04071038723252984,0.08467575904465159,182.48277120570836,0.0
182.94828847919229,0.0,183.214,0.10389118083683013,0.08028693010802476,182.94828847919229,0.0
183.41380575267624,0.0,183.677,0.15835735983060362,0.0748525101731662,183.41380575267624,0.0
183.8793230261602,0.0,184.14,0.04942487198544265,0.0690314886269492,183.8793230261602,0.0
184.34484029964415,0.0,184.611,0.055960865407741034,0.06360526766657527,184.34484029964415,0.0
184.8103575731281,0.0,185.073,0.071211473440566,0.059379571171244275,184.8103575731281,0.0
185.27587484661206,0.0,185.539,0.005041307008331053,0.057056900666884944,185.27587484661206,0.0
185.741392120096,0.0,186.004,0.07556871581702218,0.05711002149866495,185.741392120096,0.0
186.20690939357993,0.0,186.47,0.0668541012064956,0.05968825095738805,186.20690939357993,0.0
186.6724266670639,0.0,186.936,0.03417439381023146,0.06457716170844452,186.6724266670639,0.0
187.13794394054784,0.0,187.402,0.071211473440566,0.07121841525438011,187.13794394054784,0.0
187.6034612140318,0.0,187.866,0.11179517366526404,0.07878552024601543,187.6034612140318,0.0
188.06897848751575,0.0,188.332,0.04071038723252984,0.08630325528647496,188.06897848751575,0.0
188.5344957609997,0.0,188.792,0.12567765243433948,0.09279224959690635,188.5344957609997,0.0
189.00001303448366,0.0,189.255,0.10389118083683013,0.09741676135833482,189.00001303448366,0.0
189.46553030796758,0.0,189.725,0.08428333042754876,0.09961331993405005,189.46553030796758,0.0
189.93104758145154,0.0,190.188,0.1169630378238129,0.09917996818013677,189.93104758145154,0.0
190.3965648549355,0.0,190.656,0.10824842321328632,0.09631030196375925,190.3965648549355,0.0
190.86208212841944,0.0,191.117,0.1191416590120411,0.0915628875152181,190.86208212841944,0.0
191.3275994019034,0.0,191.583,0.05950748600210476,0.08576520944609774,191.3275994019034,0.0
191.79311667538735,0.0,192.046,0.10171255964860193,0.07986375188873938,191.79311667538735,0.0
192.2586339488713,0.0,192.511,0.05378224421951283,0.07474678419658329,192.2586339488713,0.0
192.72415122235523,0.0,192.977,0.0028626858201028504,0.07107794708504048,192.72415122235523,0.0
193.1896684958392,0.0,193.443,0.08428333042754876,0.06918040600664713,193.1896684958392,0.0
193.65518576932314,0.0,193.908,0.07556871581702218,0.0689990445253348,193.65518576932314,0.0
194.1207030428071,0.0,194.373,0.10389118083683013,0.07014337980406532,194.1207030428071,0.0
194.58622031629105,0.0,194.84,0.09872318682066727,0.07198826154518066,194.58622031629105,0.0
195.051737589775,0.0,195.306,0.036353014998459665,0.07379895537714659,195.051737589775,0.0
195.51725486325896,0.0,195.766,0.04071038723252984,0.07485670933740936,195.51725486325896,0.0
195.98277213674288,0.0,196.236,0.07339009462879398,0.07457776984964286,195.98277213674288,0.0
196.44828941022683,0.0,196.699,0.10389118083683013,0.07262471921183133,196.44828941022683,0.0
196.9138066837108,0.0,197.162,0.10389118083683013,0.06899818068578042,196.9138066837108,0.0
197.37932395719474,0.0,197.625,0.07992608805109236,0.06408252939556261,197.37932395719474,0.0
197.8448412306787,0.0,198.095,0.03989963559282339,0.05861949019406711,197.8448412306787,0.0
198.31035850416265,0.0,198.561,0.011577300430629434,0.05360243837682243,198.31035850416265,0.0
198.7758757776466,0.0,199.024,0.1300348948107959,0.0501083918798134,198.7758757776466,0.0
199.24139305113053,0.0,199.49,0.013755921618857636,0.04909857689512346,199.24139305113053,0.0
199.70691032461448,0.0,199.955,0.04425700782689357,0.05122087827139458,199.70691032461448,0.0
200.17242759809844,0.0,200.42,0.0072199281965592554,0.05664837265794345,200.17242759809844,0.0
200.6379448715824,0.0,200.886,0.07774733700525038,0.06499011024094954,200.6379448715824,0.0
201.10346214506635,0.0,201.351,0.04506762960898625,0.07530413465594916,201.10346214506635,0.0
201.5689794185503,0.0,201.811,0.09517656622630355,0.08622301198220084,201.5689794185503,0.0
202.03449669203425,0.0,202.277,0.10824842321328632,0.0961759243112506,202.03449669203425,0.0
202.50001396551818,0.0,202.74,0.02981715143377528,0.10366882217021121,202.50001396551818,0.0
202.96553123900213,0.0,203.21,0.24768199726648366,0.10756892593031833,202.96553123900213,0.0
203.4310485124861,0.0,203.673,0.13874950942132247,0.10733161103612195,203.4310485124861,0.0
203.89656578597004,0.0,204.136,0.11042717425912851,0.10311136931417245,203.89656578597004,0.0
204.362083059454,0.0,204.607,0.04506762960898625,0.09572457818314328,204.362083059454,0.0
204.82760033293795,0.0,205.07,0.04506762960898625,0.08647805627546332,204.82760033293795,0.0
205.2931176064219,0.0,205.535,0.09299794503807535,0.07691868253344007,205.2931176064219,0.0
205.75863487990583,0.0,206.0,0.07339009462879398,0.06857006703402684,205.75863487990583,0.0
206.22415215338978,0.0,206.465,0.06467548001826762,0.06270370146712577,206.22415215338978,0.0
206.68966942687373,0.0,206.925,0.0668541012064956,0.060167080764981666,206.68966942687373,0.0
207.1551867003577,0.0,207.391,0.021102536823248697,0.061277946963924364,207.1551867003577,0.0
207.62070397384164,0.0,207.856,0.07339009462879398,0.0657917550649767,207.62070397384164,0.0
208.0862212473256,0.0,208.322,0.04071038723252984,0.07294795969267959,208.0862212473256,0.0
208.55173852080955,0.0,208.792,0.1213204100578833,0.08159183431748944,208.55173852080955,0.0
209.01725579429348,0.0,209.255,0.1213204100578833,0.09035352718727639,209.01725579429348,0.0
209.48277306777743,0.0,209.718,0.05378224421951283,0.09785384242465556,209.48277306777743,0.0
209.94829034126138,0.0,210.18,0.10606980202505834,0.10290526877064454,209.94829034126138,0.0
210.41380761474534,0.0,210.648,0.10389118083683013,0.10468532242392406,210.41380761474534,0.0
210.8793248882293,0.0,211.11,0.08210470923932056,0.10286601521887066,210.8793248882293,0.0
211.34484216171325,0.0,211.575,0.2171809110584475,0.0976809353201268,211.34484216171325,0.0
211.8103594351972,0.0,212.046,0.06467548001826762,0.08990660787999084,211.8103594351972,0.0
212.27587670868112,0.0,212.511,0.0668541012064956,0.08074178488706893,212.27587670868112,0.0
212.74139398216508,0.0,212.97,0.05160362303128463,0.07159350839297421,212.74139398216508,0.0
213.20691125564903,0.0,213.435,0.07475809403492972,0.06381062722711464,213.20691125564903,0.0
213.672428529133,0.0,213.9,0.02981715143377528,0.05842416087570099,213.672428529133,0.0
214.13794580261694,0.0,214.366,0.03199577262200326,0.055952244261078136,214.13794580261694,0.0
214.6034630761009,0.0,214.833,0.005851928790423733,0.056312856224686424,214.6034630761009,0.0
215.06898034958485,0.0,215.299,0.08210470923932056,0.05886628733939731,215.06898034958485,0.0
215.5344976230688,0.0,215.767,0.04724625079721445,0.06258077355768309,215.5344976230688,0.0
216.00001489655273,0.0,216.229,0.14746412403184905,0.06628195606016271,216.00001489655273,0.0
216.46553217003668,0.0,216.692,0.07992608805109236,0.06892193139683928,216.46553217003668,0.0
216.93104944352064,0.0,217.155,0.02545977919970488,0.06979980833605239,216.93104944352064,0.0
217.3965667170046,0.0,217.625,0.12785627362256768,0.0686849554357861,217.3965667170046,0.0
217.86208399048854,0.0,218.088,0.10389118083683013,0.06582426438216649,217.86208399048854,0.0
218.3276012639725,0.0,218.554,0.016745164589178296,0.061841978128808574,218.3276012639725,0.0
218.79311853745645,0.0,219.018,0.021102536823248697,0.05756304573307894,218.79311853745645,0.0
219.25863581094038,0.0,219.483,0.013755921618857636,0.05381014142548402,219.25863581094038,0.0
219.72415308442433,0.0,219.947,0.07556871581702218,0.05123098362758179,219.72415308442433,0.0
220.18967035790828,0.0,220.414,0.0690327223947238,0.05019632698458656,220.18967035790828,0.0
220.65518763139224,0.0,220.88,0.0006839347742608748,0.05077818409161798,220.65518763139224,0.0
221.1207049048762,0.0,221.346,0.10171255964860193,0.05279213508539974,221.1207049048762,0.0
221.58622217836015,0.0,221.811,0.06031823764181121,0.055876371774490834,221.58622217836015,0.0
222.0517394518441,0.0,222.277,0.07556871581702218,0.05957914039811736,222.0517394518441,0.0
222.51725672532802,0.0,222.74,0.07339009462879398,0.06343159072782342,222.51725672532802,0.0
222.98277399881198,0.0,223.203,0.03199577262200326,0.06699551757982643,222.98277399881198,0.0
223.44829127229593,0.0,223.666,0.03199577262200326,0.06989185042250354,223.44829127229593,0.0
223.9138085457799,0.0,224.136,0.08428333042754876,0.07182578425070457,223.9138085457799,0.0
224.37932581926384,0.0,224.602,0.10171255964860193,0.07261934826216644,224.37932581926384,0.0
224.8448430927478,0.0,225.065,0.11042717425912851,0.07224471896308081,224.8448430927478,0.0
225.31036036623175,0.0,225.531,0.08210470923932056,0.07083708841465312,225.31036036623175,0.0
225.77587763971567,0.0,225.996,0.0006839347742608748,0.06866947867442078,225.77587763971567,0.0
226.24139491319963,0.0,226.455,0.06031823764181121,0.06609209913614349,226.24139491319963,0.0
226.70691218668358,0.0,226.921,0.13439226704486607,0.06345756870675685,226.70691218668358,0.0
227.17242946016754,0.0,227.387,0.0006839347742608748,0.06105541171121484,227.17242946016754,0.0
227.6379467336515,0.0,227.851,0.058139486595969014,0.0590692483313729,227.6379467336515,0.0
228.10346400713544,0.0,228.317,0.07556871581702218,0.0575623482006601,228.10346400713544,0.0
228.5689812806194,0.0,228.781,0.011577300430629434,0.05649452206376392,228.5689812806194,0.0
229.03449855410332,0.0,229.25,0.08210470923932056,0.05576826236768775,229.03449855410332,0.0
229.50001582758728,0.0,229.711,0.062496858830039415,0.05529223541038144,229.50001582758728,0.0
229.96553310107123,0.0,230.18,0.09081932384984714,0.055040422327641274,229.96553310107123,0.0
230.43105037455518,0.0,230.644,0.071211473440566,0.05508157092263771,230.43105037455518,0.0
230.89656764803914,0.0,231.106,0.05378224421951283,0.05556154530782889,230.89656764803914,0.0
231.3620849215231,0.0,231.573,0.00367330760219553,0.056641033523726556,231.3620849215231,0.0
231.82760219500705,0.0,232.036,0.05378224421951283,0.05841385779615228,231.82760219500705,0.0
232.29311946849097,0.0,232.502,0.058139486595969014,0.06084260466421757,232.29311946849097,0.0
232.75863674197493,0.0,232.967,0.042078386638665366,0.0637405042583494,232.75863674197493,0.0
233.22415401545888,0.0,233.432,0.11042717425912851,0.06680693836210712,233.22415401545888,0.0
233.68967128894283,0.0,233.899,0.04506762960898625,0.06970190653736542,233.68967128894283,0.0
234.1551885624268,0.0,234.365,0.07774733700525038,0.07213186975722823,234.1551885624268,0.0
234.62070583591074,0.0,234.83,0.14746412403184905,0.07391724347580397,234.62070583591074,0.0
235.0862231093947,0.0,235.295,0.062496858830039415,0.07501809417884132,235.0862231093947,0.0
235.55174038287862,0.0,235.758,0.011577300430629434,0.07550861684466259,235.55174038287862,0.0
236.01725765636257,0.0,236.221,0.1213204100578833,0.07551150784371063,236.01725765636257,0.0
236.48277492984653,0.0,236.685,0.027638400387933082,0.07512123745998328,236.48277492984653,0.0
236.94829220333048,0.0,237.154,0.07339009462879398,0.07434869411146133,236.94829220333048,0.0
237.41380947681444,0.0,237.618,0.07339009462879398,0.07310825681239531,237.41380947681444,0.0
237.8793267502984,0.0,238.08,0.04942487198544265,0.07125102746309667,237.8793267502984,0.0
238.34484402378234,0.0,238.546,0.13439226704486607,0.06863127569504256,238.34484402378234,0.0
238.81036129726627,0.0,239.011,0.0668541012064956,0.06518071517323248,238.81036129726627,0.0
239.27587857075022,0.0,239.477,0.06467548001826762,0.06096263486470772,239.27587857075022,0.0
239.74139584423418,0.0,239.944,0.005851928790423733,0.05618912578503498,239.74139584423418,0.0
240.20691311771813,0.0,240.41,0.02981715143377528,0.051203629002317175,240.20691311771813,0.0
240.67243039120208,0.0,240.87,0.13439226704486607,0.04644267145027728,240.67243039120208,0.0
241.13794766468604,0.0,241.335,0.0006839347742608748,0.04238616402557218,241.13794766468604,0.0
241.60346493817,0.0,241.808,0.07339009462879398,0.03949464275001634,241.60346493817,0.0
242.06898221165392,0.0,242.266,0.016745164589178296,0.03813106677389006,242.06898221165392,0.0
242.53449948513787,0.0,242.736,0.008030549978651935,0.0384769637590655,242.53449948513787,0.0
243.00001675862183,0.0,243.199,0.05378224421951283,0.04046540514282494,243.00001675862183,0.0
243.46553403210578,0.0,243.662,0.02981715143377528,0.04375525505788597,243.46553403210578,0.0
243.93105130558973,0.0,244.125,0.04506762960898625,0.04776178468782282,243.93105130558973,0.0
244.3965685790737,0.0,244.591,0.02981715143377528,0.05174460898329185,244.3965685790737,0.0
244.86208585255764,0.0,245.062,0.055960865407741034,0.0549406288439004,244.86208585255764,0.0
245.32760312604157,0.0,245.52,0.10389118083683013,0.05671787525660748,245.32760312604157,-4.7146884415791185e-05
245.79312039952552,0.0,245.985,0.06822210061263134,0.056715938141285505,245.79312039952552,-7.404478642223617e-05
246.25863767300947,0.0,246.451,0.055960865407741034,0.05493543108499644,246.25863767300947,-7.33108147784006e-05
246.72415494649343,0.0,246.918,0.055960865407741034,0.05174900083453614,246.72415494649343,-7.656331657265236e-05
247.18967221997738,0.0,247.384,0.07339009462879398,0.047827421193256496,247.18967221997738,-0.00010583377677793837
247.65518949346134,0.0,247.851,0.008030549978651935,0.043996559812486014,247.65518949346134,-0.0001405915487966618
248.1207067669453,0.0,248.31,0.04506762960898625,0.041057448625877006,248.1207067669453,-0.0001800430417528262
248.58622404042922,0.0,248.781,0.005041307008331053,0.039610699503867176,248.58622404042922,-0.0001964700258630318
249.05174131391317,0.0,249.243,0.04071038723252984,0.03992660204014095,249.05174131391317,-0.0001827219348624852
249.51725858739712,0.0,249.711,0.027638400387933082,0.041891854733056226,249.51725858739712,-0.0001684002357762415
249.98277586088108,0.0,250.173,0.04724625079721445,0.04504549831793402,249.98277586088108,-0.0001714862059067823
250.44829313436503,0.0,250.637,0.0028626858201028504,0.04869598676559372,250.44829313436503,-0.0001992537746313627
250.91381040784898,0.0,251.107,0.12567765243433948,0.05209263197994597,250.91381040784898,-0.0002132444660394204
251.37932768133294,0.0,251.565,0.10171255964860193,0.05460968922891475,251.37932768133294,-0.00020993439728276132
251.84484495481686,0.0,252.031,0.0072199281965592554,0.05589479524953733,251.84484495481686,-0.0002266266009035213
252.31036222830082,0.0,252.497,0.0668541012064956,0.05594293307796299,252.31036222830082,-0.00026571419111663577
252.77587950178477,0.0,252.962,0.09735518741453175,0.05508115263000796,252.77587950178477,-0.0003336898358584325
253.24139677526873,0.0,253.428,0.03853163618668787,0.05387396316036226,253.24139677526873,-0.00040929097283616284
253.70691404875268,0.0,253.893,0.014566543400950316,0.05297495481911353,253.70691404875268,-0.000464067463099237
254.17243132223663,0.0,254.359,0.0690327223947238,0.05295965405623971,254.17243132223663,-0.00046770237147128783
254.6379485957206,0.0,254.825,0.00367330760219553,0.054179512774962836,254.6379485957206,-0.0004377863460943138
255.1034658692045,0.0,255.291,0.10171255964860193,0.05667202350551243,255.1034658692045,-0.00039952113602201967
255.56898314268847,0.0,255.755,0.012387922212722113,0.06014651339532693,255.56898314268847,-0.00036242986914315284
256.0345004161724,0.0,256.217,0.07339009462879398,0.06404655818538009,256.0345004161724,-0.00031720323565028624
256.5000176896564,0.0,256.685,0.058139486595969014,0.06767443225616912,256.5000176896564,-0.00025540364244522795
256.9655349631403,0.0,257.147,0.09517656622630355,0.07035071546207085,256.9655349631403,-0.00017842913417373971
257.4310522366243,0.0,257.615,0.11833103722994842,0.07157213777154146,257.4310522366243,-9.214326021458657e-05
257.89656951010824,0.0,258.077,0.04942487198544265,0.07112687069044507,257.89656951010824,-2.4404047945841394e-05
258.3620867835922,0.0,258.542,0.10606980202505834,0.06913497435494712,258.3620867835922,-9.442951097622496e-06
258.82760405707614,0.0,259.007,0.0668541012064956,0.066002700221683,258.82760405707614,2.752902673591124e-06
259.2931213305601,0.0,259.472,0.04071038723252984,0.06230517836930132,259.2931213305601,3.981949889833612e-05
259.75863860404405,0.0,259.937,0.01020930102449391,0.05863400498438174,259.75863860404405,6.841355432237804e-05
260.22415587752795,0.0,260.403,0.04942487198544265,0.05545796451389743,260.22415587752795,0.00011212907057770778
260.6896731510119,0.0,260.87,0.012387922212722113,0.05304063067881278,260.6896731510119,0.0001833962789152884
261.15519042449586,0.0,261.336,0.10389118083683013,0.05143592235640788,261.15519042449586,0.00028438625823048097
261.6207076979798,0.0,261.803,0.071211473440566,0.05055008064594151,261.6207076979798,0.0004213696311926679
262.08622497146376,0.0,262.262,0.07556871581702218,0.050232186700672476,262.08622497146376,0.0005459207168525407
262.5517422449477,0.0,262.725,0.04506762960898625,0.05034924280045455,262.5517422449477,0.0006768596172483932
263.0172595184317,0.0,263.195,0.04942487198544265,0.050817970396496326,263.0172595184317,0.0007953415590261724
263.4827767919156,0.0,263.659,0.02545977919970488,0.05159225526617208,263.4827767919156,0.0008932455674151484
263.9482940653996,0.0,264.121,0.04506762960898625,0.05262665631626909,263.9482940653996,0.0009812584340250056
264.41381133888353,0.0,264.587,0.042889008420758046,0.0538432711403862,264.41381133888353,0.0010759058285284345
264.8793286123675,0.0,265.05,0.06031823764181121,0.05512177527844652,264.8793286123675,0.0011719800473572683
265.34484588585144,0.0,265.516,0.0668541012064956,0.056317118065734986,265.34484588585144,0.001257982201424749
265.8103631593354,0.0,265.981,0.09299794503807535,0.05729471627820402,265.8103631593354,0.0013302321527967995
266.27588043281935,0.0,266.446,0.021102536823248697,0.057966244945516276,266.27588043281935,0.0013719945225025194
266.74139770630325,0.0,266.915,0.042078386638665366,0.058312832305218304,266.74139770630325,0.0014086478740998895
267.2069149797872,0.0,267.38,0.07556871581702218,0.058391568089154286,267.2069149797872,0.0014768249995996277
267.67243225327115,0.0,267.84,0.10824842321328632,0.05832617115326443,267.67243225327115,0.0015782570060993873
268.1379495267551,0.0,268.306,0.02981715143377528,0.05828075203791705,268.1379495267551,0.0016828613324974032
268.60346680023906,0.0,268.774,0.04071038723252984,0.05841562274514581,268.60346680023906,0.001794634731946661
269.068984073723,0.0,269.236,0.07556871581702218,0.05883284925005116,269.068984073723,0.0018946995360054294
269.53450134720697,0.0,269.707,0.0014946864139673277,0.059529805253087466,269.53450134720697,0.002015313490028835
270.0000186206909,-0.003524834057316184,270.169,0.1213204100578833,0.06038015379043507,270.0000186206909,0.0021138527841569363
270.4655358941749,0.0023498893715441227,270.63,0.009398549384787458,0.06115211331225903,270.4655358941749,0.0022010124337713374
270.93105316765883,0.0005035477224737406,271.1,0.10171255964860193,0.06156092467208816,270.93105316765883,0.002304551780987073
271.3965704411428,-0.000839246204122901,271.565,0.02247053622938422,0.061342947585001216,271.3965704411428,0.0024114567067411784
271.86208771462674,-0.0028534370940178633,272.031,0.09517656622630355,0.06033431985853266,271.86208771462674,0.0025120704468569142
272.3276049881107,-0.003524834057316184,272.497,0.0668541012064956,0.05853545219349271,272.3276049881107,0.0026088375175374184
272.79312226159465,-0.0041962312534451485,272.955,0.055960865407741034,0.056142853090141054,272.79312226159465,0.0026747962825438695
273.25863953507854,-0.0028534370940178633,273.42,0.08428333042754876,0.053534184752902114,273.25863953507854,0.0027619086447510563
273.7241568085625,-0.000839246204122901,273.885,0.04071038723252984,0.0512030178988085,273.7241568085625,0.0028589656030323933
274.18967408204645,-0.000839246204122901,274.351,0.02247053622938422,0.049654747900885636,274.18967408204645,0.0029242315148952703
274.6551913555304,-0.0021820401307195425,274.815,0.02247053622938422,0.04928944225609239,274.6551913555304,0.002964782936076609
275.12070862901436,-0.0041962312534451485,275.281,0.08428333042754876,0.05030402293254478,275.12070862901436,0.0030074211392628
275.5862259024983,-0.003524834057316184,275.751,0.016745164589178296,0.052640361166764904,275.5862259024983,0.0030697963949365544
276.05174317598227,-0.002517738612368703,276.214,0.058139486595969014,0.05599084373407698,276.05174317598227,0.0031566106446929776
276.5172604494662,-0.0041962312534451485,276.677,0.07556871581702218,0.05985759159533707,276.5172604494662,0.00322480833064634
276.9827777229502,-0.006210422143340111,277.147,0.08428333042754876,0.06365087274180087,276.9827777229502,0.0032891511233925524
277.44829499643413,-0.008896009996533394,277.607,0.0006839347742608748,0.06680657169016838,277.44829499643413,0.003363080778134407
277.9138122699181,-0.010238803923130035,278.077,0.10389118083683013,0.06890143859318731,277.9138122699181,0.003409351831847462
278.37932954340204,-0.009567406959831715,278.535,0.11260579544735672,0.06974537135581886,278.37932954340204,0.0034570599895837107
278.844846816886,-0.006546120624989271,279.0,0.11260579544735672,0.06942872540092523,278.844846816886,0.0035147086315081492
279.31036409036994,-0.004531929735094309,279.465,0.02247053622938422,0.06830513327311545,279.31036409036994,0.003558514609228928
279.77588136385384,-0.0041962312534451485,279.932,0.03417439381023146,0.06690657877379011,279.77588136385384,0.0035983094420760837
280.2413986373378,-0.004531929735094309,280.398,0.09299794503807535,0.06581306359974368,280.2413986373378,0.0036295741673797216
280.70691591082175,-0.0041962312534451485,280.863,0.0668541012064956,0.06551527040003725,280.70691591082175,0.00361679031110429
281.1724331843057,-0.0031891355756670237,281.328,0.021102536823248697,0.06630567550195665,281.1724331843057,0.0035907476787309495
281.63795045778966,-0.0021820401307195425,281.792,0.0668541012064956,0.06822089086444108,281.63795045778966,0.0035840617496876287
282.1034677312736,-0.0015106431674212217,282.255,0.055960865407741034,0.07104553924131927,282.1034677312736,0.0036038502016794045
282.56898500475756,-0.0028534370940178633,282.725,0.11615241604172044,0.07437408209677814,282.56898500475756,0.0036429295665149895
283.0345022782415,-0.0068818191066384315,283.188,0.1169630378238129,0.07771014939109244,283.0345022782415,0.0036721465727389503
283.5000195517255,-0.007553216069936752,283.651,0.026827778605840402,0.08057180359657902,283.5000195517255,0.0036694697353783436
283.9655368252094,-0.006210422143340111,284.121,0.10171255964860193,0.08257524918555512,283.9655368252094,0.0036442042523603378
284.4310540986934,-0.007217517588287592,284.587,0.11042717425912851,0.08348510673725255,284.4310540986934,0.0036206739819662475
284.89657137217733,-0.006546120624989271,285.049,0.0189237857774065,0.08323333903193092,284.89657137217733,0.003618761955282952
285.3620886456613,-0.004867628216743469,285.516,0.1300348948107959,0.0819140703946749,285.3620886456613,0.003645186990549458
285.82760591914524,-0.0028534370940178633,285.981,0.08210470923932056,0.07976058477919017,285.82760591914524,0.0036384928402096515
286.29312319262914,-0.0001678492408245802,286.446,0.02545977919970488,0.0771078660898082,286.29312319262914,0.0036416774957458244
286.7586404661131,0.000839246204122901,286.91,0.1692505956293584,0.0743415658373534,286.7586404661131,0.003648902079094967
287.22415773959705,-0.0001678492408245802,287.376,0.014566543400950316,0.07183433200582154,287.22415773959705,0.00365478413153562
287.689675013081,-0.000839246204122901,287.836,0.10389118083683013,0.0698743060045326,287.689675013081,0.003627448313106926
288.15519228656495,-0.0021820401307195425,288.302,0.01593454280708584,0.06859857788555714,288.15519228656495,0.0035784613590139763
288.6207095600489,-0.0028534370940178633,288.77,0.05378224421951283,0.06795323475295749,288.6207095600489,0.003518477162664522
289.08622683353286,-0.0023498893715441227,289.233,0.042889008420758046,0.06770297569813678,289.08622683353286,0.0034572532328550226
289.5517441070168,-0.0021820401307195425,289.696,0.055960865407741034,0.06750022071108822,289.5517441070168,0.0033901965929626077
290.01726138050077,-0.0028534370940178633,290.165,0.19103719708448175,0.06699838263532279,290.01726138050077,0.0033266165527947025
290.4827786539847,-0.0038605325389653444,290.626,0.05950748600210476,0.06596905074269117,290.4827786539847,0.0032704605259813294
290.9482959274687,-0.006210422143340111,291.095,0.03199577262200326,0.06437643464162478,290.9482959274687,0.0032162720364343413
291.41381320095263,-0.0068818191066384315,291.561,0.04506762960898625,0.06238384727889588,291.41381320095263,0.0031635329865227963
291.8793304744366,-0.004867628216743469,292.025,0.036353014998459665,0.06030210498728104,291.8793304744366,0.0030937727845149893
292.34484774792054,-0.002517738612368703,292.491,0.07992608805109236,0.058511044204625946,292.34484774792054,0.003048628387640492
292.8103650214045,-0.0021820401307195425,292.956,0.07992608805109236,0.057380961805344174,292.8103650214045,0.003020924554899347
293.2758822948884,-0.0015106431674212217,293.421,0.06031823764181121,0.05720377830236504,293.2758822948884,0.0029725358796716997
293.74139956837234,-0.0021820401307195425,293.881,0.04506762960898625,0.05813371465205632,293.74139956837234,0.0029272043914898025
294.2069168418563,-0.0005035477224737406,294.347,0.04942487198544265,0.060141196091139694,294.2069168418563,0.002875057452164022
294.67243411534025,0.0018463416490703821,294.812,0.016745164589178296,0.06299354852139513,294.67243411534025,0.0027936318286956273
295.1379513888242,0.002517738612368703,295.277,0.0668541012064956,0.06627892507942498,295.1379513888242,0.002754801231720044
295.60346866230816,0.0011749446857720613,295.74,0.10389118083683013,0.06947879507189038,295.60346866230816,0.0027036082494407256
296.0689859357921,-0.0006713969632983208,296.21,0.12349903124611128,0.07207330998150614,296.0689859357921,0.0026371971770585427
296.53450320927607,-0.000839246204122901,296.67,0.035542393216366985,0.07364683416546626,296.53450320927607,0.0025838577899773554
297.00002048276,0.000839246204122901,297.14,0.07556871581702218,0.07396161624400449,297.00002048276,0.002526965733261437
297.465537756244,0.0028534370940178633,297.61,0.0668541012064956,0.07298509386994213,297.465537756244,0.0024700572288362714
297.93105502972793,0.0011749446857720613,298.066,0.10389118083683013,0.07087500486069197,297.93105502972793,0.0024238889737922664
298.3965723032119,0.0001678492408245802,298.531,0.03417439381023146,0.06793431737656197,298.3965723032119,0.0023732634310938074
298.86208957669584,0.0021820401307195425,298.996,0.07339009462879398,0.06454807933851384,298.86208957669584,0.00230077499058705
299.3276068501798,0.0038605325389653444,299.462,0.05950748600210476,0.061114363523991695,299.3276068501798,0.0022010453054364942
299.7931241236637,0.0036926832981407642,299.929,0.058139486595969014,0.05798211842275077,299.7931241236637,0.0021408472917443574
300.25864139714764,0.0021820401307195425,300.395,0.055150243625648354,0.05540714612183675,300.25864139714764,0.002102684878170829
300.7241586706316,0.0001678492408245802,300.859,0.005851928790423733,0.05353419077268354,300.7241586706316,0.0020457722613520684
301.18967594411555,0.0011749446857720613,301.325,0.04942487198544265,0.05240892110540213,301.18967594411555,0.001974192547160473
301.6551932175995,0.0011749446857720613,301.788,0.1213204100578833,0.05201520462792547,301.6551932175995,0.0019260752575212636
302.12071049108346,-0.0001678492408245802,302.25,0.07339009462879398,0.05231965740572098,302.12071049108346,0.0019085997422118083
302.5862277645674,-0.0018463416490703821,302.718,0.04071038723252984,0.053296763084807894,302.5862277645674,0.0019298746403506614
303.05174503805137,-0.0015106431674212217,303.18,0.04506762960898625,0.05491686005693359,303.05174503805137,0.0019720502549917594
303.5172623115353,0.0005035477224737406,303.648,0.005851928790423733,0.05710400833273355,303.5172623115353,0.0020171226934655455
303.9827795850193,0.0011749446857720613,304.11,0.09299794503807535,0.05969233634108716,303.9827795850193,0.002000459273203359
304.4482968585032,0.0011749446857720613,304.576,0.04724625079721445,0.062412110700660516,304.4482968585032,0.0019265912959523749
304.9138141319872,-0.0015106431674212217,305.046,0.012387922212722113,0.06492232668860332,304.9138141319872,0.0018748576013081556
305.37933140547113,-0.004531929735094309,305.505,0.10171255964860193,0.06688707341081276,305.37933140547113,0.0018349085723097234
305.8448486789551,-0.00553902518004179,305.97,0.10171255964860193,0.06807519612779749,305.8448486789551,0.0018062631182997751
306.310365952439,-0.0041962312534451485,306.435,0.10389118083683013,0.06844820498014312,306.310365952439,0.0017821983023145274
306.77588322592294,-0.0021820401307195425,306.9,0.10171255964860193,0.06819646172369852,306.77588322592294,0.0017331003247795969
307.2414004994069,-0.0005035477224737406,307.366,0.012387922212722113,0.06769818889643343,307.2414004994069,0.0016683072787041292
307.70691777289085,-0.000839246204122901,307.83,0.07774733700525038,0.06740784287164146,307.70691777289085,0.0016621867366667644
308.1724350463748,-0.0028534370940178633,308.296,0.01020930102449391,0.06771251653506069,308.1724350463748,0.0017164821383144839
308.63795231985875,-0.004364080261439085,308.766,0.058139486595969014,0.06880860289683921,308.63795231985875,0.0017513324283120143
309.1034695933427,-0.0041962312534451485,309.229,0.0690327223947238,0.07063985226608667,309.1034695933427,0.001759550033420923
309.56898686682666,-0.002517738612368703,309.692,0.16053598101883182,0.07291008179162721,309.56898686682666,0.0018205149120963692
310.0345041403106,0.0001678492408245802,310.162,0.03336377202813878,0.0751552352448418,310.0345041403106,0.0018948269730709442
310.50002141379457,0.0021820401307195425,310.622,0.023281158011476677,0.07684659398033404,310.50002141379457,0.0019475845283173298
310.9655386872785,0.0011749446857720613,311.085,0.08210470923932056,0.07750317395578214,310.9655386872785,0.001967607356491248
311.4310559607625,0.0005035477224737406,311.55,0.12349903124611128,0.07680074519033318,311.4310559607625,0.0019342291218669805
311.89657323424643,-0.0001678492408245802,312.018,0.09953380860275995,0.07466076409143026,311.89657323424643,0.001935238589681903
312.3620905077304,-0.0021820401307195425,312.484,0.1191416590120411,0.07129121914209259,312.3620905077304,0.0019719392308938447
312.8276077812143,-0.003524834057316184,312.948,0.02247053622938422,0.0671544536119702,312.8276077812143,0.002036279969373984
313.29312505469824,-0.0041962312534451485,313.414,0.011577300430629434,0.06286210355784887,313.29312505469824,0.002114366742463945
313.7586423281822,-0.0041962312534451485,313.881,0.11260579544735672,0.05902836716487104,313.7586423281822,0.002184677939049803
314.22415960166614,-0.004531929735094309,314.346,0.02247053622938422,0.05612803440463589,314.22415960166614,0.002227708828080947
314.6896768751501,-0.0041962312534451485,314.811,0.005851928790423733,0.05439920998211916,314.6896768751501,0.002244995195849128
315.15519414863405,-0.003524834057316184,315.276,0.058139486595969014,0.05381335419902044,315.15519414863405,0.0022642634927954102
315.620711422118,-0.0031891355756670237,315.737,0.08428333042754876,0.05411605478629113,315.620711422118,0.0023190954946625485
316.08622869560196,-0.0028534370940178633,316.206,0.10606980202505834,0.05492113075019353,316.08622869560196,0.0024534760455631986
316.5517459690859,-0.0038605325389653444,316.67,0.012387922212722113,0.055823652026114494,316.5517459690859,0.00259914166762614
317.01726324256987,-0.0018463416490703821,317.132,0.07339009462879398,0.05649629813715152,317.01726324256987,0.002684015111866633
317.4827805160538,-0.0001678492408245802,317.598,0.04724625079721445,0.056749075864972395,317.4827805160538,0.0027263264212740277
317.9482977895378,0.0011749446857720613,318.063,0.0690327223947238,0.05655041523858109,317.9482977895378,0.002789569286011807
318.41381506302173,0.0005035477224737406,318.529,0.04071038723252984,0.05601633358716768,318.41381506302173,0.002845756154294164
318.8793323365057,0.0005035477224737406,318.995,0.0668541012064956,0.05537517838013904,318.8793323365057,0.002890836818450633
319.3448496099896,0.0021820401307195425,319.461,0.055960865407741034,0.05491464899411943,319.3448496099896,0.002944560666746437
319.81036688347353,0.002517738612368703,319.926,0.07339009462879398,0.05491785504785581,319.81036688347353,0.00296498029456203
320.2758841569575,0.0021820401307195425,320.391,0.016745164589178296,0.05559660028883659,320.2758841569575,0.0029867321701660633
320.74140143044144,0.0011749446857720613,320.851,0.07556871581702218,0.057033259975287215,320.74140143044144,0.0030178673727959127
321.2069187039254,-0.0001678492408245802,321.317,0.042078386638665366,0.0591454037394846,321.2069187039254,0.003070768843600295
321.67243597740935,-0.0021820401307195425,321.781,0.06031823764181121,0.06168590147980447,321.67243597740935,0.0031156480247429828
322.1379532508933,-0.0028534370940178633,322.25,0.0014946864139673277,0.06428457203899195,322.1379532508933,0.003157443291261771
322.60347052437726,-0.0028534370940178633,322.711,0.15835735983060362,0.06652676871462077,322.60347052437726,0.0032165475415746026
323.0689877978612,-0.0018463416490703821,323.18,0.07339009462879398,0.06805091240052492,323.0689877978612,0.0032353429736688938
323.53450507134517,0.0011749446857720613,323.641,0.042889008420758046,0.06863627355590401,323.53450507134517,0.0032183033194689748
324.0000223448291,0.0028534370940178633,324.11,0.10171255964860193,0.06825400985171336,324.0000223448291,0.0032685382313043763
324.4655396183131,0.0011749446857720613,324.576,0.04071038723252984,0.06707019911595084,324.4655396183131,0.0033304550109977465
324.931056891797,-0.0015106431674212217,325.038,0.061686237047946735,0.06540800099425143,324.931056891797,0.003395807271256581
325.396574165281,-0.0021820401307195425,325.504,0.04942487198544265,0.06368619755176834,325.396574165281,0.00342611598326848
325.8620914387649,-0.0021820401307195425,325.97,0.07556871581702218,0.06235160970381585,325.8620914387649,0.0034019051991845514
326.32760871224883,-0.0021820401307195425,326.435,0.08864057280400517,0.06181657452294046,326.32760871224883,0.0033760208773609564
326.7931259857328,-0.0021820401307195425,326.9,0.04506762960898625,0.06240514254031576,326.7931259857328,0.0033497171430154535
327.25864325921674,-0.002517738612368703,327.366,0.03853163618668787,0.06430935617089265,327.25864325921674,0.003317118111111399
327.7241605327007,-0.0030212863348424435,327.825,0.0690327223947238,0.06756098380324946,327.7241605327007,0.0033243714777763367
328.18967780618465,-0.0028534370940178633,328.291,0.10171255964860193,0.07202720725361177,328.18967780618465,0.0033468264866808864
328.6551950796686,-0.004867628216743469,328.76,0.04724625079721445,0.0774347628348598,328.6551950796686,0.0033473199125198063
329.12071235315256,-0.007553216069936752,329.223,0.07556871581702218,0.0834192856919138,329.12071235315256,0.0033538968734823406
329.5862296266365,-0.006210422143340111,329.685,0.08210470923932056,0.08959140537626334,329.5862296266365,0.003352891516580886
330.05174690012046,-0.006210422143340111,330.155,0.08428333042754876,0.09560713960635733,330.05174690012046,0.0033404941794736294
330.5172641736044,-0.00553902518004179,330.618,0.269468468863993,0.10122277221091713,330.5172641736044,0.0033509589315686176
330.98278144708837,-0.004531929735094309,331.08,0.011577300430629434,0.10630885353472325,330.98278144708837,0.0034031305431113526
331.4482987205723,-0.00553902518004179,331.546,0.08428333042754876,0.11080848482288924,331.4482987205723,0.003443556552572296
331.9138159940563,-0.006210422143340111,332.011,0.10171255964860193,0.11465498977640283,331.9138159940563,0.0034398496867748796
332.3793332675402,-0.003524834057316184,332.476,0.10606980202505834,0.1176926558985288,332.3793332675402,0.003413605573894563
332.84485054102413,-0.003524834057316184,332.944,0.10389118083683013,0.11964697281451468,332.84485054102413,0.0033693061696275966
333.3103678145081,-0.006210422143340111,333.409,0.10389118083683013,0.1201679350212241,333.3103678145081,0.003311318293749099
333.77588508799204,-0.007553216069936752,333.873,0.06031823764181121,0.11893948785624497,333.77588508799204,0.003263484723525297
334.241402361476,-0.00553902518004179,334.339,0.3108627908707837,0.11582080699570613,334.241402361476,0.00326524255719724
334.70691963495995,-0.004531929735094309,334.804,0.09081932384984714,0.11096410957328841,334.70691963495995,0.0032651191997913973
335.1724369084439,-0.004867628216743469,335.27,0.08864057280400517,0.10485078560417443,335.1724369084439,0.003215422945116554
335.63795418192785,-0.00553902518004179,335.733,0.08864057280400517,0.09821609168937818,335.63795418192785,0.0032143497417802033
336.1034714554118,-0.0068818191066384315,336.195,0.0690327223947238,0.09188210980855553,336.1034714554118,0.0031955501979339914
336.56898872889576,-0.00520332669839263,336.663,0.062496858830039415,0.08655742324120554,336.56898872889576,0.0031536624142862574
337.0345060023797,-0.0018463416490703821,337.125,0.04724625079721445,0.08266996056339304,337.0345060023797,0.0031025722297234578
337.50002327586367,-0.0001678492408245802,337.59,0.10171255964860193,0.08028201131472314,337.50002327586367,0.0030628472978168316
337.9655405493476,0.0001678492408245802,338.06,0.05378224421951283,0.07910740240150713,337.9655405493476,0.0030016377585187722
338.4310578228316,0.0011749446857720613,338.526,0.08428333042754876,0.0786205051260401,338.4310578228316,0.002937204504210145
338.89657509631553,0.002517738612368703,338.991,0.1300348948107959,0.07822247736142982,338.89657509631553,0.002889202346664842
339.3620923697994,0.0041962312534451485,339.45,0.08864057280400517,0.07741680406607038,339.3620923697994,0.0028751026893263187
339.8276096432834,0.004867628216743469,339.915,0.055960865407741034,0.07594655261603524,339.8276096432834,0.0028743049866499187
340.29312691676733,0.003524834057316184,340.38,0.10389118083683013,0.07386015848133251,340.29312691676733,0.002855439653814733
340.7586441902513,0.0003356984816491604,340.848,0.06031823764181121,0.07149497318295678,340.7586441902513,0.0027922050122784954
341.22416146373524,0.0003356984816491604,341.313,0.10389118083683013,0.06938816019835167,341.22416146373524,0.0027106848109270474
341.6896787372192,0.0028534370940178633,341.781,0.008030549978651935,0.06813848522646071,341.6896787372192,0.0026634186791347977
342.15519601070315,0.0036926832981407642,342.243,0.071211473440566,0.06825219882967372,342.15519601070315,0.0026398246749589254
342.6207132841871,0.0018463416490703821,342.711,0.0668541012064956,0.07001079816006843,342.6207132841871,0.0026197586721906168
343.08623055767106,-0.0015106431674212217,343.174,0.04071038723252984,0.0733932024648208,343.08623055767106,0.002606325141310157
343.551747831155,-0.0028534370940178633,343.636,0.10171255964860193,0.07806942798508794,343.551747831155,0.00254964279062419
344.01726510463897,0.0003356984816491604,344.106,0.07556871581702218,0.08346352345451882,344.01726510463897,0.002497569864233268
344.4827823781229,0.0038605325389653444,344.565,0.10171255964860193,0.08886707993234348,344.4827823781229,0.0024831823727928283
344.9482996516069,0.004531929735094309,345.031,0.10824842321328632,0.09357480608132492,344.9482996516069,0.0025010608537163223
345.4138169250908,0.002517738612368703,345.496,0.062496858830039415,0.09701182948542209,345.4138169250908,0.0025391533658359828
345.8793341985747,0.0001678492408245802,345.962,0.17360796786342858,0.09882704539702346,345.8793341985747,0.002548647710922274
346.3448514720587,-0.0005035477224737406,346.428,0.10606980202505834,0.0989348696422272,346.3448514720587,0.0025448277690880076
346.81036874554263,-0.0003356984816491604,346.896,0.04724625079721445,0.09749905414959392,346.81036874554263,0.0025476300194095815
347.2758860190266,0.000839246204122901,347.361,0.055960865407741034,0.09486855156275949,347.2758860190266,0.0025347947672432745
347.74140329251054,0.0018463416490703821,347.821,0.1169630378238129,0.09149077701605456,347.74140329251054,0.0025040234652232668
348.2069205659945,0.0031891355756670237,348.287,0.10389118083683013,0.08782863708667764,348.2069205659945,0.0024691855112201383
348.67243783947845,-0.0001678492408245802,348.755,0.14092826046716445,0.08429201693769466,348.67243783947845,0.0024284716719921414
349.1379551129624,-0.000839246204122901,349.218,0.026827778605840402,0.08117914667609172,349.1379551129624,0.002383584265212401
349.60347238644636,-0.0003356984816491604,349.681,0.04506762960898625,0.07862538169771342,349.60347238644636,0.0022989760401716064
350.0689896599303,0.0011749446857720613,350.151,0.08428333042754876,0.07657193487031169,350.0689896599303,0.0022485499232206747
350.53450693341426,0.0028534370940178633,350.614,0.07992608805109236,0.0747750368947565,350.53450693341426,0.0022147481644195412
351.0000242068982,0.0038605325389653444,351.077,0.06031823764181121,0.07286590163681181,351.0000242068982,0.002174406447679655
351.46554148038217,0.0038605325389653444,351.543,0.07556871581702218,0.07045249203939975,351.46554148038217,0.0021438345720745143
351.9310587538661,0.0031891355756670237,352.007,0.07992608805109236,0.06723941018382099,351.9310587538661,0.002122103254485745
352.39657602735,0.0018463416490703821,352.473,0.08428333042754876,0.06313635646418152,352.39657602735,0.0021401708808857487
352.862093300834,-0.0001678492408245802,352.94,0.055960865407741034,0.05832628575957072,352.862093300834,0.0021615424074377587
353.32761057431793,0.0003356984816491604,353.406,0.07556871581702218,0.05327131565046169,353.32761057431793,0.002177070943824061
353.7931278478019,0.0001678492408245802,353.866,0.07339009462879398,0.048647842310392764,353.7931278478019,0.0021692398561607884
354.25864512128584,0.0003356984816491604,354.332,0.014566543400950316,0.04522002547850904,354.25864512128584,0.002207034258615974
354.7241623947698,0.0011749446857720613,354.804,0.0006839347742608748,0.043679472358202895,354.7241623947698,0.0022256898848508322
355.18967966825375,0.002517738612368703,355.262,0.0014946864139673277,0.04449280363590561,355.18967966825375,0.0022191643218667525
355.6551969417377,0.0006713969632983208,355.725,0.12567765243433948,0.047798232895730056,355.6551969417377,0.0022345345520182066
356.12071421522165,-0.0001678492408245802,356.195,0.03199577262200326,0.053373083428550884,356.12071421522165,0.0022952218808468343
356.5862314887056,0.0011749446857720613,356.659,0.07556871581702218,0.06066825539570307,356.5862314887056,0.0023569289574933245
357.05174876218956,0.000839246204122901,357.121,0.011577300430629434,0.06889202460488361,357.05174876218956,0.002397233667824246
357.5172660356735,0.0021820401307195425,357.587,0.0690327223947238,0.07712783174742642,357.5172660356735,0.0023934939052736508
357.98278330915747,0.00520332669839263,358.05,0.164893353252902,0.08447396858351978,357.98278330915747,0.0024051243756608013
358.4483005826414,0.006378271151334047,358.516,0.02247053622938422,0.09018560683484583,358.4483005826414,0.0025018606089219964
358.9138178561253,0.0030212863348424435,358.981,0.1793332096460205,0.09378828857628842,358.9138178561253,0.002631997691946383
359.3793351296093,-0.0015106431674212217,359.447,0.12349903124611128,0.09513119031272498,359.3793351296093,0.0027425642538617297
359.8448524030932,-0.002517738612368703,359.915,0.058139486595969014,0.09436352130923692,359.8448524030932,0.0028361939576310286
360.3103696765772,-0.000839246204122901,360.38,0.04506762960898625,0.09184394195488098,360.3103696765772,0.0029271118727381344
360.77588695006114,-0.000839246204122901,360.84,0.06467548001826762,0.08802039770068285,360.77588695006114,0.003041644349046773
361.2414042235451,-0.0015106431674212217,361.305,0.08428333042754876,0.08332993131954909,361.2414042235451,0.0031489316824338735
361.70692149702904,-0.0015106431674212217,361.773,0.071211473440566,0.078154071763058,361.70692149702904,0.0032225879007007005
362.172438770513,-0.002517738612368703,362.236,0.10171255964860193,0.07283363148399137,362.172438770513,0.0032326414605578476
362.63795604399695,-0.00553902518004179,362.707,0.08864057280400517,0.06771714530625439,362.63795604399695,0.0032145080423055775
363.1034733174809,-0.0068818191066384315,363.169,0.08565132983368429,0.06320372958669013,363.1034733174809,0.0032358651800658347
363.56899059096486,-0.006210422143340111,363.633,0.04724625079721445,0.05974647718654993,363.56899059096486,0.003249130126091672
364.0345078644488,-0.004531929735094309,364.095,0.07040072180085932,0.05780168095547587,364.0345078644488,0.003275734030005895
364.50002513793277,-0.003524834057316184,364.561,0.062496858830039415,0.0577329112546009,364.50002513793277,0.003336252772571068
364.9655424114167,-0.004364080261439085,365.032,0.02545977919970488,0.05969824162856283,364.9655424114167,0.003430719245766319
365.4310596849006,-0.007553216069936752,365.49,0.02545977919970488,0.06355941907615928,365.4310596849006,0.0035013820078716638
365.89657695838457,-0.009063859470188618,365.955,0.036353014998459665,0.06885163806742066,365.89657695838457,0.00350638411887293
366.3620942318685,-0.008224613033235073,366.42,0.09299794503807535,0.07483830211792546,366.3620942318685,0.003508041210491847
366.8276115053525,-0.004867628216743469,366.885,0.1191416590120411,0.08064635215758036,366.8276115053525,0.003547757918401255
367.29312877883643,-0.0028534370940178633,367.351,0.10606980202505834,0.0854450807435089,367.29312877883643,0.0036037515267287805
367.7586460523204,-0.0031891355756670237,367.818,0.12785627362256768,0.08861291535438663,367.7586460523204,0.0036417679694857813
368.22416332580434,-0.00553902518004179,368.284,0.04643562901512177,0.08984349143789545,368.22416332580434,0.0036784562729237458
368.6896805992883,-0.00520332669839263,368.752,0.10171255964860193,0.08916910730086183,368.6896805992883,0.003723909061131157
369.15519787277225,-0.0041962312534451485,369.214,0.06467548001826762,0.08690940886410492,369.15519787277225,0.0037440881421322665
369.6207151462562,-0.0021820401307195425,369.681,0.14746412403184905,0.08357086510751723,369.6207151462562,0.003805151705078293
370.08623241974016,-0.0001678492408245802,370.143,0.0006839347742608748,0.07972610622526938,370.08623241974016,0.0038658369777814215
370.5517496932241,0.000839246204122901,370.607,0.071211473440566,0.07590009713380391,370.5517496932241,0.0039109875420656305
371.01726696670806,0.0003356984816491604,371.077,0.07339009462879398,0.07248763499138906,371.01726696670806,0.003911557038624705
371.482784240192,-0.0015106431674212217,371.535,0.062496858830039415,0.06971879590937002,371.482784240192,0.003922506991141156
371.9483015136759,-0.0031891355756670237,372.007,0.10171255964860193,0.06767196111321552,371.9483015136759,0.003897623913312082
372.41381878715987,-0.004531929735094309,372.465,0.09081932384984714,0.06631581049675961,372.41381878715987,0.0038626132602155674
372.8793360606438,-0.0038605325389653444,372.932,0.03199577262200326,0.06555426345272156,372.8793360606438,0.003835772924373001
373.3448533341278,-0.003524834057316184,373.398,0.09517656622630355,0.06525567317280793,373.3448533341278,0.0038372223637859974
373.81037060761173,-0.00553902518004179,373.863,0.04942487198544265,0.06526311925587021,373.81037060761173,0.0038127381383018383
374.2758878810957,-0.0068818191066384315,374.329,0.009398549384787458,0.06539607069134715,374.2758878810957,0.0038018190244509696
374.74140515457964,-0.004867628216743469,374.792,0.1169630378238129,0.06545830414706162,374.74140515457964,0.0037647585954619723
375.2069224280636,-0.004364080261439085,375.255,0.04506762960898625,0.06526148416813585,375.2069224280636,0.0037308807660576117
375.67243970154755,-0.004867628216743469,375.726,0.09299794503807535,0.06466177784537948,375.67243970154755,0.0037454574006559813
376.1379569750315,-0.0041962312534451485,376.188,0.04506762960898625,0.06359657563629352,376.1379569750315,0.0037488620409531033
376.60347424851545,-0.003524834057316184,376.651,0.07774733700525038,0.062106934497885354,376.60347424851545,0.003725383170696343
377.0689915219994,-0.000839246204122901,377.121,0.055960865407741034,0.06033743719316165,377.0689915219994,0.003699231574417373
377.53450879548336,0.000839246204122901,377.58,0.06467548001826762,0.058512508406668766,377.53450879548336,0.003677179528292089
378.0000260689673,-0.000839246204122901,378.05,0.07339009462879398,0.05689372428453167,378.0000260689673,0.0036503371348752664
378.4655433424512,-0.004531929735094309,378.515,0.0006839347742608748,0.05572720369786663,378.4655433424512,0.003614479431343147
378.93106061593517,-0.004364080261439085,378.981,0.08864057280400517,0.05519418559861646,378.93106061593517,0.003545126304633682
379.3965778894191,-0.004867628216743469,379.44,0.005041307008331053,0.05537853332842557,379.3965778894191,0.003471805207824652
379.8620951629031,-0.007217517588287592,379.907,0.09953380860275995,0.056258666008708796,379.8620951629031,0.0034249687683348025
380.327612436387,-0.00553902518004179,380.373,0.10171255964860193,0.05771967225772979,380.327612436387,0.003384411178557367
380.793129709871,-0.0015106431674212217,380.837,0.03199577262200326,0.059572091859126625,380.793129709871,0.0033059522797965943
381.25864698335494,0.002517738612368703,381.303,0.04506762960898625,0.061566077515699515,381.25864698335494,0.003221198083482974
381.7241642568389,0.005035477224737406,381.766,0.05732886481387656,0.06340355741158779,381.7241642568389,0.003164655536591675
382.18968153032284,0.00587472366169095,382.236,0.014566543400950316,0.06476446686472684,382.18968153032284,0.00310719192709707
382.6551988038068,0.005035477224737406,382.699,0.0690327223947238,0.06536240735439941,382.6551988038068,0.0030541938256065785
383.12071607729075,0.0018463416490703821,383.162,0.10389118083683013,0.06502768429821146,383.12071607729075,0.0030037985511997905
383.5862333507747,0.0010070954449474812,383.63,0.14092826046716445,0.06379095255047645,383.5862333507747,0.002954587493578335
384.05175062425866,0.0005035477224737406,384.092,0.05378224421951283,0.06192487448990569,384.05175062425866,0.002872738341307319
384.5172678977426,0.0006713969632983208,384.557,0.042889008420758046,0.05990956739216694,384.5172678977426,0.0027935207993160225
384.98278517122657,0.0011749446857720613,385.021,0.04071038723252984,0.05832056873778559,384.98278517122657,0.0027496983715132274
385.44830244471046,-0.0001678492408245802,385.487,0.0006839347742608748,0.05767556640730281,385.44830244471046,0.00268302208139151
385.9138197181944,-0.0021820401307195425,385.955,0.07774733700525038,0.058294068992611386,385.9138197181944,0.0026087675852917627
386.3793369916784,-0.0031891355756670237,386.42,0.06031823764181121,0.06021442054999706,386.3793369916784,0.0025415012392268023
386.8448542651623,-0.004531929735094309,386.885,0.07774733700525038,0.06318574596227844,386.8448542651623,0.0024787744151075278
387.3103715386463,-0.004867628216743469,387.351,0.04071038723252984,0.06672640108907715,387.3103715386463,0.002412079620882984
387.77588881213023,-0.0018463416490703821,387.811,0.10171255964860193,0.07022687512893389,387.77588881213023,0.0023691803139735765
388.2414060856142,0.0031891355756670237,388.276,0.06031823764181121,0.07307307095772998,388.2414060856142,0.0023671408180041815
388.70692335909814,0.003524834057316184,388.744,0.06031823764181121,0.07476836055615674,388.70692335909814,0.0023540691321670315
389.1724406325821,0.0028534370940178633,389.206,0.10606980202505834,0.07503536267564966,389.1724406325821,0.0022923990663385203
389.63795790606605,0.0011749446857720613,389.67,0.11260579544735672,0.0738804870083458,389.63795790606605,0.002205926098040413
390.10347517955,-0.0015106431674212217,390.14,0.01811316399531404,0.07160779967455926,390.10347517955,0.0021307217533835725
390.56899245303396,-0.0028534370940178633,390.607,0.0690327223947238,0.06877705459754893,390.56899245303396,0.0021118050192132642
391.0345097265179,-0.0028534370940178633,391.07,0.1213204100578833,0.06611271035581164,391.0345097265179,0.0021373192757836324
391.50002700000186,-0.002517738612368703,391.536,0.04942487198544265,0.06437937741614232,391.50002700000186,0.0021690589247569413
391.96554427348576,-0.0021820401307195425,391.996,0.005041307008331053,0.06424247599077387,391.96554427348576,0.0021681995420201237
392.4310615469697,-0.0015106431674212217,392.461,0.10171255964860193,0.06613639915663912,392.4310615469697,0.0021223067810168484
392.89657882045367,-0.0010070954449474812,392.926,0.05378224421951283,0.07016550014759587,392.89657882045367,0.002064995309468997
393.3620960939376,-0.0015106431674212217,393.392,0.071211473440566,0.07605838188971527,393.3620960939376,0.002034740054250379
393.8276133674216,-0.0005035477224737406,393.859,0.09953380860275995,0.08318389345576617,393.8276133674216,0.002018726313124863
394.29313064090553,-0.000839246204122901,394.325,0.07339009462879398,0.09062659871916919,394.29313064090553,0.0019898464813214592
394.7586479143895,-0.0015106431674212217,394.788,0.08428333042754876,0.09731434304046474,394.7586479143895,0.001909954589371108
395.22416518787344,-0.0005035477224737406,395.25,0.06031823764181121,0.10218771911045153,395.22416518787344,0.0017968880079047643
395.6896824613574,0.0010070954449474812,395.718,0.11042717425912851,0.10439500536882203,395.6896824613574,0.001701609438447343
396.15519973484135,-0.0001678492408245802,396.181,0.19539443946093815,0.10348219509304575,396.15519973484135,0.0016183643065453876
396.6207170083253,-0.0021820401307195425,396.648,0.11260579544735672,0.09953000233893258,396.6207170083253,0.0015425143983025054
397.08623428180925,-0.0031891355756670237,397.11,0.15835735983060362,0.09318401121727704,397.08623428180925,0.0014592589898483892
397.5517515552932,-0.003524834057316184,397.576,0.011577300430629434,0.08554583575470445,397.5517515552932,0.001409634693420254
398.01726882877716,-0.0028534370940178633,398.046,0.10824842321328632,0.07793881935500253,398.01726882877716,0.001378727698946827
398.48278610226106,-0.0015106431674212217,398.511,0.0006839347742608748,0.07160844196184481,398.48278610226106,0.0013597410620450087
398.948303375745,-0.000839246204122901,398.97,0.005851928790423733,0.0674417475868612,398.948303375745,0.001376786885397141
399.41382064922897,-0.0018463416490703821,399.435,0.09299794503807535,0.06578292770936811,399.41382064922897,0.0014383109827647836
399.8793379227129,-0.0021820401307195425,399.9,0.08428333042754876,0.06638883718083069,399.8793379227129,0.0014862637975816056
400.3448551961969,-0.0001678492408245802,400.366,0.062496858830039415,0.0685232880763922,400.3448551961969,0.001555222178884096
400.81037246968083,0.0018463416490703821,400.833,0.06467548001826762,0.07115236556635658,400.81037246968083,0.0016661012442493184
401.2758897431648,0.0038605325389653444,401.299,0.10171255964860193,0.07318742189319517,401.2758897431648,0.0017858290883741314
401.74140701664874,0.003524834057316184,401.766,0.07339009462879398,0.07372377368437054,401.74140701664874,0.001889405441208862
402.2069242901327,0.0018463416490703821,402.228,0.10171255964860193,0.07223071276009847,402.2069242901327,0.0019378948577138226
402.67244156361664,-0.0001678492408245802,402.696,0.10606980202505834,0.06865899621494218,402.67244156361664,0.0019685140177117346
403.1379588371006,0.0005035477224737406,403.159,0.0028626858201028504,0.06344836318583334,403.1379588371006,0.0020139647502413903
403.60347611058455,0.0023498893715441227,403.622,0.08864057280400517,0.057439666222491345,403.60347611058455,0.0021267023879121736
404.0689933840685,0.002517738612368703,404.091,0.036353014998459665,0.051717093200071354,404.0689933840685,0.002235256178384759
404.53451065755246,0.0011749446857720613,404.55,0.021102536823248697,0.04741703724964177,404.53451065755246,0.0023291634343679418
405.00002793103636,0.0018463416490703821,405.021,0.04724625079721445,0.045539033326948815,405.00002793103636,0.0024158070408798454
405.4655452045203,0.002517738612368703,405.48,0.07339009462879398,0.04678512134097095,405.4655452045203,0.002450077556417199
405.93106247800426,0.0021820401307195425,405.945,0.04942487198544265,0.051442320769991945,405.93106247800426,0.0024211853950304287
406.3965797514882,0.000839246204122901,406.41,0.0668541012064956,0.05931407842856115,406.3965797514882,0.002425891447179662
406.8620970249722,-0.0001678492408245802,406.877,0.03417439381023146,0.06970571338676411,406.8620970249722,0.002506463854536683
407.3276142984561,0.000839246204122901,407.343,0.058139486595969014,0.08147450404439975,407.3276142984561,0.0026472322197084574
407.7931315719401,0.0036926832981407642,407.807,0.09517656622630355,0.09315758744853249,407.7931315719401,0.0027779079575691173
408.25864884542403,0.00520332669839263,408.273,0.03199577262200326,0.10318136421705125,408.25864884542403,0.002827036769851142
408.724166118908,0.004531929735094309,408.736,0.08864057280400517,0.11013320216593844,408.724166118908,0.002841874509361964
409.18968339239194,0.0028534370940178633,409.206,0.363150478533943,0.11304443868193573,409.18968339239194,0.0028687354036047987
409.6552006658759,0.0011749446857720613,409.67,0.11042717425912851,0.1116050235673711,409.6552006658759,0.0029059726422470157
410.12071793935985,0.000839246204122901,410.132,0.06467548001826762,0.10622982872549594,410.12071793935985,0.002939809351374392
410.5862352128438,0.0010070954449474812,410.599,0.012387922212722113,0.09794490902228545,410.5862352128438,0.0029450191106174606
411.05175248632776,0.000839246204122901,411.064,0.07556871581702218,0.08813761976399605,411.05175248632776,0.0029927745540497927
411.51726975981165,-0.0001678492408245802,411.53,0.07774733700525038,0.07826295040835601,411.51726975981165,0.00307402953566824
411.9827870332956,0.0011749446857720613,411.996,0.08428333042754876,0.0695902012863351,411.9827870332956,0.003175305293296372
412.44830430677956,0.002517738612368703,412.462,0.07556871581702218,0.06303161868110538,412.44830430677956,0.003288086108002757
412.9138215802635,0.0011749446857720613,412.926,0.03417439381023146,0.05905711424759701,412.9138215802635,0.003385562479915386
413.37933885374747,-0.0015106431674212217,413.391,0.055960865407741034,0.057683944057030326,413.37933885374747,0.0035095276210445614
413.8448561272314,-0.003524834057316184,413.851,0.04643562901512177,0.058529618824605056,413.8448561272314,0.0036279602194778516
414.3103734007154,-0.004531929735094309,414.317,0.08646195161577697,0.06091623734002231,414.3103734007154,0.00370253955401231
414.77589067419933,-0.004867628216743469,414.785,0.07556871581702218,0.06400915501432577,414.77589067419933,0.0037476078828759395
415.2414079476833,-0.004531929735094309,415.247,0.05378224421951283,0.06696722542736282,415.2414079476833,0.0038313402752832735
415.70692522116724,-0.003524834057316184,415.71,0.04942487198544265,0.06908248996862847,415.70692522116724,0.003920562035310133
416.1724424946512,-0.0028534370940178633,416.18,0.07556871581702218,0.06989331721492474,416.1724424946512,0.00401169582217144
416.63795976813515,-0.0021820401307195425,416.644,0.10389118083683013,0.06925898764571137,416.63795976813515,0.00410390281113138
417.1034770416191,-0.003524834057316184,417.106,0.12785627362256768,0.06738211123759787,417.1034770416191,0.004177951711555672
417.56899431510305,-0.004867628216743469,417.572,0.005041307008331053,0.06476595674356478,417.56899431510305,0.004229377015291911
418.03451158858695,-0.0057068741880357265,418.035,0.04942487198544265,0.062107136686451236,418.03451158858695,0.004289821740744214
418.5000288620709,-0.004867628216743469,418.501,0.07339009462879398,0.06014684383537442,418.5000288620709,0.00433553152272246
418.96554613555486,-0.00520332669839263,418.967,0.012387922212722113,0.059519232877321505,418.96554613555486,0.004353255808720986
419.4310634090388,-0.007217517588287592,419.433,0.07556871581702218,0.06063248464069996,419.4310634090388,0.004380194831018675
419.89658068252277,-0.007888914085924625,419.899,0.08646195161577697,0.06360164234825996,419.89658068252277,0.004398371424199006
420.3620979560067,-0.007553216069936752,420.365,0.07556871581702218,0.06823417559906642,420.3620979560067,0.0043448984012775735
420.8276152294907,-0.006378271151334047,420.83,0.05378224421951283,0.07405813795388362,420.8276152294907,0.004281694606623194
421.29313250297463,-0.007217517588287592,421.296,0.07339009462879398,0.08038236948315151,421.29313250297463,0.0042317022948873025
421.7586497764586,-0.009903104975819588,421.759,0.09735518741453175,0.08638435605671725,421.7586497764586,0.004255830842740717
422.22416704994254,-0.009567406959831715,422.221,0.03853163618668787,0.09122472881843181,422.22416704994254,0.004315062560890889
422.6896843234265,-0.008224613033235073,422.692,0.09953380860275995,0.094182519531254,422.6896843234265,0.004376255648501323
423.15520159691044,-0.007553216069936752,423.154,0.15835735983060362,0.09479321207031188,423.15520159691044,0.00441164665157102
423.6207188703944,-0.007553216069936752,423.618,0.13439226704486607,0.09295720608458792,423.6207188703944,0.004429792404782457
424.08623614387835,-0.006378271151334047,424.08,0.09081932384984714,0.08898012558492348,424.08623614387835,0.004433854948438768
424.55175341736225,-0.00587472366169095,424.546,0.055150243625648354,0.0835208296975041,424.55175341736225,0.004438600065021823
425.0172706908462,-0.0041962312534451485,425.011,0.04643562901512177,0.07745639387180511,425.0172706908462,0.004454311581317238
425.48278796433016,-0.0018463416490703821,425.477,0.071211473440566,0.07170546308026345,425.48278796433016,0.004446046690438097
425.9483052378141,-0.0005035477224737406,425.944,0.02545977919970488,0.06706186383046585,425.9483052378141,0.004460002431143462
426.41382251129806,-0.000839246204122901,426.41,0.1169630378238129,0.06407667685496285,426.41382251129806,0.004471462256928597
426.879339784782,-0.0018463416490703821,426.87,0.0668541012064956,0.06300204884761068,426.879339784782,0.0044601997976426765
427.344857058266,-0.0028534370940178633,427.335,0.042889008420758046,0.06378956007190863,427.344857058266,0.0044437193583448
427.8103743317499,-0.0015106431674212217,427.807,0.04942487198544265,0.06612895099898967,427.8103743317499,0.004427016877056793
428.2758916052339,-0.0001678492408245802,428.265,0.0668541012064956,0.06951653140238856,428.2758916052339,0.00441685640618263
428.74140887871783,-0.0001678492408245802,428.733,0.09299794503807535,0.07334498829727634,428.74140887871783,0.00439009008371126
429.2069261522018,-0.001678492408245802,429.195,0.10389118083683013,0.07700065337002525,429.2069261522018,0.004359425693201646
429.67244342568574,-0.004867628216743469,429.666,0.1169630378238129,0.07994697680931484,429.67244342568574,0.004325771961450911
430.1379606991697,-0.007553216069936752,430.128,0.04071038723252984,0.08177591925957721,430.1379606991697,0.004297212856256149
430.60347797265365,-0.008560311049222946,430.594,0.00367330760219553,0.08222565827150795,430.60347797265365,0.004252177423871916
431.0689952461376,-0.007553216069936752,431.057,0.1213204100578833,0.08118187649024267,431.0689952461376,0.004183420518122679
431.5345125196215,-0.005035477224737406,431.523,0.1169630378238129,0.07868276754756806,431.5345125196215,0.004063935275437758
432.00002979310545,-0.0018463416490703821,431.988,0.06822210061263134,0.0749303621700236,432.00002979310545,0.0039227063799425295
432.4655470665894,-0.0018463416490703821,432.454,0.08210470923932056,0.07029092400047679,432.4655470665894,0.0037999028486874445
432.93106434007336,-0.004531929735094309,432.919,0.07339009462879398,0.06526498005387116,432.93106434007336,0.0037321122364097035
433.3965816135573,-0.006210422143340111,433.384,0.04724625079721445,0.060422479194814804,433.3965816135573,0.003726871636906849
433.86209888704127,-0.004867628216743469,433.851,0.0189237857774065,0.056316136479283664,433.86209888704127,0.0037640903753789886
434.3276161605252,-0.0041962312534451485,434.317,0.07556871581702218,0.0533956430426043,434.3276161605252,0.0037223280050544096
434.7931334340092,-0.004867628216743469,434.778,0.04506762960898625,0.051944043649557244,434.7931334340092,0.0036852305691858853
435.25865070749313,-0.00587472366169095,435.24,0.07339009462879398,0.05204744949674258,435.25865070749313,0.0036517186977089535
435.7241679809771,-0.004867628216743469,435.71,0.016745164589178296,0.053597907974435734,435.7241679809771,0.003609458788687003
436.18968525446104,-0.003524834057316184,436.173,0.07556871581702218,0.0563237703400055,436.18968525446104,0.0035766192102336908
436.655202527945,-0.003524834057316184,436.637,0.04071038723252984,0.05984137410730726,436.655202527945,0.003512410053627172
437.12071980142895,-0.0031891355756670237,437.106,0.10389118083683013,0.06372051074380018,437.12071980142895,0.003437407196210604
437.5862370749129,-0.0011749446857720613,437.565,0.02981715143377528,0.06755241388679349,437.5862370749129,0.003408979670895996
438.0517543483968,0.0003356984816491604,438.031,0.10171255964860193,0.07100674519097246,438.0517543483968,0.0033370319444167877
438.51727162188075,0.000839246204122901,438.496,0.05378224421951283,0.07386582108232065,438.51727162188075,0.003277637805607632
438.9827888953647,0.0031891355756670237,438.962,0.15835735983060362,0.07602844318302984,438.9827888953647,0.0032366320206455752
439.44830616884866,0.003524834057316184,439.427,0.03336377202813878,0.07748156811109298,439.44830616884866,0.003215840270316206
439.9138234423326,0.000839246204122901,439.893,0.0072199281965592554,0.07824895087237206,439.9138234423326,0.0031745178735346847
440.37934071581657,-0.0015106431674212217,440.358,0.07774733700525038,0.07834034959597205,440.37934071581657,0.0031279692698493278
440.8448579893005,-0.0011749446857720613,440.825,0.08864057280400517,0.07772966429724162,440.8448579893005,0.003079430510096842
441.3103752627845,0.0005035477224737406,441.291,0.12785627362256768,0.07637396085918345,441.3103752627845,0.00298635591336478
441.77589253626843,0.0011749446857720613,441.751,0.08565132983368429,0.07425739828932135,441.77589253626843,0.0028554272912236635
442.2414098097524,0.0018463416490703821,442.221,0.055960865407741034,0.0714288779516391,442.2414098097524,0.002765058315456042
442.70692708323634,0.0003356984816491604,442.684,0.04942487198544265,0.06801158663617482,442.70692708323634,0.002737475785617961
443.1724443567203,-0.0015106431674212217,443.147,0.0668541012064956,0.06418487414354362,443.1724443567203,0.002720314827482596
443.63796163020425,-0.0021820401307195425,443.611,0.042889008420758046,0.060154350308484074,443.63796163020425,0.002654230653467891
444.1034789036882,-0.0015106431674212217,444.08,0.10389118083683013,0.056126251491536425,444.1034789036882,0.0025769004684012596
444.5689961771721,0.002517738612368703,444.546,0.023281158011476677,0.05229353415597926,444.5689961771721,0.002542132418487138
445.03451345065605,0.006546120624989271,445.011,0.0006839347742608748,0.048834712333916744,445.03451345065605,0.0025275578338513492
445.50003072414,0.007888914085924625,445.476,0.08428333042754876,0.04592537902405141,445.50003072414,0.0025009724336036146
445.96554799762396,0.006210422143340111,445.941,0.04942487198544265,0.04376007183879841,445.96554799762396,0.002455494970361588
446.4310652711079,0.0028534370940178633,446.406,0.062496858830039415,0.04257362689219931,446.4310652711079,0.0024155850042854787
446.89658254459187,0.0011749446857720613,446.866,0.04506762960898625,0.04264307053379032,446.89658254459187,0.0024242734119921793
447.3620998180758,0.0011749446857720613,447.332,0.04942487198544265,0.0442537915494991,447.3620998180758,0.002454269619422004
447.8276170915598,0.0021820401307195425,447.804,0.05378224421951283,0.047627441647739285,447.8276170915598,0.002502600729911713
448.2931343650437,0.0018463416490703821,448.262,0.055960865407741034,0.052825536695111044,448.2931343650437,0.0025770957709151813
448.7586516385277,0.0018463416490703821,448.725,0.014566543400950316,0.05965583465549391,448.7586516385277,0.002652604391964609
449.22416891201163,0.002517738612368703,449.195,0.03199577262200326,0.06761574769471729,449.22416891201163,0.002687551310706115
449.6896861854956,0.0018463416490703821,449.659,0.08428333042754876,0.07590453997839712,449.6896861854956,0.002713180699139387
450.15520345897954,0.0011749446857720613,450.121,0.08864057280400517,0.0835195541866934,450.15520345897954,0.0027302511971154632
450.6207207324635,-0.000839246204122901,450.587,0.10171255964860193,0.08942439025684573,450.6207207324635,0.0027391061436982905
451.0862380059474,-0.0028534370940178633,451.056,0.07774733700525038,0.09275141894025396,451.0862380059474,0.002735586369353721
451.55175527943135,-0.0041962312534451485,451.515,0.164893353252902,0.09298844637302472,451.55175527943135,0.0027212852298912054
452.0172725529153,-0.0028534370940178633,451.981,0.11260579544735672,0.09010141411147488,452.0172725529153,0.0027163633021719496
452.48278982639926,-0.000839246204122901,452.446,0.04506762960898625,0.084559469805702,452.48278982639926,0.0027221651729048314
452.9483070998832,-0.0001678492408245802,452.91,0.10171255964860193,0.07725427039603135,452.9483070998832,0.0026561570639892186
453.41382437336716,-0.0028534370940178633,453.376,0.016745164589178296,0.06933522063743754,453.41382437336716,0.002534815305879988
453.8793416468511,-0.0031891355756670237,453.844,0.08428333042754876,0.06200287966935514,453.8793416468511,0.0024198593068289827
454.34485892033507,-0.0018463416490703821,454.309,0.055960865407741034,0.05630567938383123,454.34485892033507,0.0023463408386953516
454.810376193819,-0.0018463416490703821,454.77,0.03336377202813878,0.05297500083548727,454.810376193819,0.002321075355871274
455.275893467303,-0.003524834057316184,455.24,0.05378224421951283,0.052320929073706356,455.275893467303,0.002356546544130894
455.74141074078693,-0.004867628216743469,455.703,0.00367330760219553,0.054201223276767505,455.74141074078693,0.00242567145634705
456.2069280142709,-0.007217517588287592,456.165,0.12349903124611128,0.058066942245985124,456.2069280142709,0.002487987091793337
456.67244528775484,-0.008224613033235073,456.633,0.02981715143377528,0.06307590132279497,456.67244528775484,0.0025200865300010135
457.1379625612388,-0.007721065077930689,457.095,0.0668541012064956,0.06825203198853046,457.1379625612388,0.0025133368695116048
457.6034798347227,-0.0068818191066384315,457.561,0.09735518741453175,0.07266114990307268,457.6034798347227,0.002500941589451007
458.06899710820664,-0.0041962312534451485,458.025,0.06467548001826762,0.07557314461088753,458.06899710820664,0.0025272309357719123
458.5345143816906,0.0005035477224737406,458.49,0.11260579544735672,0.0765835085870517,458.5345143816906,0.002567488355746773
459.00003165517455,0.004364080261439085,458.957,0.0668541012064956,0.07567217052587544,459.00003165517455,0.0025674328462388435
459.4655489286585,0.0021820401307195425,459.422,0.09517656622630355,0.0731870178069179,459.4655489286585,0.002560214431856542
459.93106620214246,-0.0011749446857720613,459.888,0.055960865407741034,0.06975362337927456,459.93106620214246,0.0025695381351584787
460.3965834756264,-0.0015106431674212217,460.354,0.08646195161577697,0.06612851780399988,460.3965834756264,0.002619125426247105
460.86210074911037,-0.0001678492408245802,460.819,0.0006839347742608748,0.06302701211149421,460.86210074911037,0.0026744734700332082
461.3276180225943,0.0011749446857720613,461.285,0.08864057280400517,0.060964626630518166,461.3276180225943,0.0027145499664126796
461.7931352960783,0.002517738612368703,461.748,0.00367330760219553,0.060150290700318104,461.7931352960783,0.0027572909650509965
462.25865256956223,-0.0001678492408245802,462.211,0.07339009462879398,0.06045772873309398,462.25865256956223,0.00280223182282899
462.7241698430462,-0.0015106431674212217,462.681,0.06467548001826762,0.06148086228644622,462.7241698430462,0.00283055244081692
463.18968711653014,-0.0005035477224737406,463.143,0.10389118083683013,0.06265579934930098,463.18968711653014,0.002839999502089371
463.6552043900141,0.000839246204122901,463.611,0.036353014998459665,0.0634143626056099,463.6552043900141,0.0028428161439775818
464.120721663498,0.0001678492408245802,464.074,0.10171255964860193,0.06332918667423346,464.120721663498,0.0029014639766828127
464.58623893698194,-0.0018463416490703821,464.54,0.02545977919970488,0.062218646202736344,464.58623893698194,0.0029917404360259034
465.0517562104659,-0.0018463416490703821,465.006,0.10606980202505834,0.06019401756946594,465.0517562104659,0.0030312186560554335
465.51727348394985,0.000839246204122901,465.465,0.03199577262200326,0.05764357541623786,465.51727348394985,0.003057563512163752
465.9827907574338,0.0031891355756670237,465.93,0.10824842321328632,0.055157113709875,465.9827907574338,0.003067571845188126
466.44830803091776,0.00520332669839263,466.395,0.0028626858201028504,0.05340279307394172,466.44830803091776,0.003065676268193286
466.9138253044017,0.0036926832981407642,466.863,0.03853163618668787,0.052978503866140156,466.9138253044017,0.003079623787636389
467.37934257788567,0.0005035477224737406,467.329,0.07556871581702218,0.0542690269489919,467.37934257788567,0.003100392925721497
467.8448598513696,0.0005035477224737406,467.792,0.04071038723252984,0.05734166688102085,467.8448598513696,0.0031147536893727477
468.3103771248536,0.0031891355756670237,468.255,0.04506762960898625,0.061904997175859656,468.3103771248536,0.003149398386298595
468.7758943983375,0.004531929735094309,468.725,0.01020930102449391,0.06734326589838371,468.7758943983375,0.0031796474769679385
469.2414116718215,0.0038605325389653444,469.188,0.12349903124611128,0.07282591476287234,469.2414116718215,0.0031965370499882776
469.70692894530544,0.003524834057316184,469.655,0.08428333042754876,0.0774742054474765,469.70692894530544,0.0032417986359662633
470.1724462187894,0.004531929735094309,470.117,0.1213204100578833,0.08054638664485146,470.1724462187894,0.003332480117510898
470.6379634922733,0.00520332669839263,470.583,0.10171255964860193,0.08159136518318799,470.6379634922733,0.0034534004017109936
471.10348076575724,0.006210422143340111,471.045,0.05950748600210476,0.08052956542542253,471.10348076575724,0.003543296512712179
471.5689980392412,0.006210422143340111,471.511,0.062496858830039415,0.07764548537760296,471.5689980392412,0.0035673489905641135
472.03451531272515,0.00520332669839263,471.977,0.10171255964860193,0.07350471969567926,472.03451531272515,0.003579016467745234
472.5000325862091,0.0031891355756670237,472.442,0.04724625079721445,0.06882553150991408,472.5000325862091,0.003594939746735107
472.96554985969306,0.0010070954449474812,472.908,0.03336377202813878,0.064338964956396,472.96554985969306,0.0035886341700662547
473.431067133177,-0.0011749446857720613,473.373,0.06031823764181121,0.06066773900527246,473.431067133177,0.00353802713390613
473.89658440666096,-0.0031891355756670237,473.84,0.04942487198544265,0.058245927051628156,473.89658440666096,0.0034804401711694337
474.3621016801449,-0.0036926832981407642,474.306,0.09953380860275995,0.05728752169088544,474.3621016801449,0.0034646690294276015
474.82761895362887,-0.0028534370940178633,474.766,0.058139486595969014,0.0577957481807458,474.82761895362887,0.0034689721181958223
475.2931362271128,-0.0010070954449474812,475.236,0.05378224421951283,0.059596027402044505,475.2931362271128,0.003435723408270184
475.7586535005968,0.0001678492408245802,475.699,0.005851928790423733,0.06237929923150109,475.7586535005968,0.003373572248653
476.22417077408073,0.000839246204122901,476.162,0.12785627362256768,0.06575250116763928,476.22417077408073,0.0033411253533439057
476.6896880475647,0.000839246204122901,476.625,0.055960865407741034,0.06929717769654664,476.6896880475647,0.0033310964638357276
477.1552053210486,-0.000839246204122901,477.095,0.06031823764181121,0.07263217745660804,477.1552053210486,0.003305771355570938
477.62072259453254,-0.004531929735094309,477.561,0.08428333042754876,0.07547071911429565,477.62072259453254,0.0032714247696328403
478.0862398680165,-0.007217517588287592,478.025,0.07992608805109236,0.07766238230897324,478.0862398680165,0.0032612560763699214
478.55175714150045,-0.0068818191066384315,478.49,0.062496858830039415,0.07921347548713702,478.55175714150045,0.003297683274615948
479.0172744149844,-0.00553902518004179,478.955,0.16053598101883182,0.08028030457778544,479.0172744149844,0.0033260018335609
479.48279168846835,-0.00553902518004179,479.42,0.013755921618857636,0.08113125681776615,479.48279168846835,0.003318440075431861
479.9483089619523,-0.004364080261439085,479.881,0.10171255964860193,0.0820800553086552,479.9483089619523,0.0032987605891908814
480.41382623543626,-0.003524834057316184,480.346,0.06467548001826762,0.08340376762178556,480.41382623543626,0.0032924694034469925
480.8793435089202,-0.003524834057316184,480.811,0.048614250203349973,0.08526766612158465,480.8793435089202,0.0032977161698234054
481.34486078240417,-0.003524834057316184,481.278,0.13439226704486607,0.08767699343423946,481.34486078240417,0.0033409279796893154
481.8103780558881,-0.0031891355756670237,481.74,0.10171255964860193,0.09046363079478846,481.8103780558881,0.003423498765499371
482.2758953293721,-0.003524834057316184,482.21,0.09081932384984714,0.09330265430645236,482.2758953293721,0.003513954089340687
482.74141260285603,-0.003524834057316184,482.673,0.055150243625648354,0.09574977441886211,482.74141260285603,0.003603714507691674
483.20692987634,-0.004531929735094309,483.136,0.10389118083683013,0.09729691636033473,483.20692987634,0.0036730121256917355
483.67244714982394,-0.006546120624989271,483.607,0.09081932384984714,0.09744941455822041,483.67244714982394,0.0036818814643402786
484.13796442330784,-0.0068818191066384315,484.069,0.07339009462879398,0.09582394247476576,484.13796442330784,0.003741333167952965
484.6034816967918,-0.0068818191066384315,484.535,0.15182149626591923,0.0922524589220403,484.6034816967918,0.0037722607184909685
485.06899897027574,-0.00553902518004179,485.0,0.1300348948107959,0.08686386052585206,485.06899897027574,0.0037751904373571504
485.5345162437597,-0.004531929735094309,485.465,0.02545977919970488,0.0801117436620189,485.5345162437597,0.00377838331675365
486.00003351724365,-0.004531929735094309,485.925,0.10389118083683013,0.0727292306604367,486.00003351724365,0.003771107334325225
486.4655507907276,-0.004531929735094309,486.391,0.04506762960898625,0.06561537532374352,486.4655507907276,0.0037533624900718755
486.93106806421156,-0.0041962312534451485,486.856,0.07556871581702218,0.059678111061252176,486.93106806421156,0.00376458177034869
487.3965853376955,-0.003356984816491604,487.322,0.04071038723252984,0.055666987876209544,487.3965853376955,0.003692650492574037
487.86210261117947,-0.0036926832981407642,487.792,0.04724625079721445,0.054028648495608685,487.86210261117947,0.003619970848269319
488.3276198846634,-0.004531929735094309,488.255,0.01593454280708584,0.05481530168506167,488.3276198846634,0.0035513825337372576
488.7931371581474,-0.0028534370940178633,488.722,0.012387922212722113,0.057670685264397364,488.7931371581474,0.0034944637513824703
489.2586544316313,-0.000839246204122901,489.184,0.1191416590120411,0.061903889795573916,489.2586544316313,0.003424946150269846
489.7241717051153,-0.0015106431674212217,489.647,0.08428333042754876,0.06663715596815319,489.7241717051153,0.003371896652249656
490.18968897859924,-0.0028534370940178633,490.11,0.07556871581702218,0.07098809067152498,490.18968897859924,0.003349184648664521
490.65520625208313,-0.003524834057316184,490.575,0.10171255964860193,0.07423527702732459,490.65520625208313,0.0033209956128040304
491.1207235255671,-0.003524834057316184,491.046,0.10171255964860193,0.07592648750273004,491.1207235255671,0.003311556776743699
491.58624079905104,-0.0028534370940178633,491.511,0.005851928790423733,0.07591325186265316,491.58624079905104,0.003324445484688018
492.051758072535,-0.0028534370940178633,491.977,0.09517656622630355,0.07432138515387585,492.051758072535,0.003306583450196127
492.51727534601895,-0.0015106431674212217,492.435,0.06467548001826762,0.07148375448663377,492.51727534601895,0.003241245580240546
492.9827926195029,-0.000839246204122901,492.907,0.04506762960898625,0.06786311324136805,492.9827926195029,0.0031890164025538945
493.44830989298686,-0.0015106431674212217,493.365,0.07774733700525038,0.06398166281383148,493.44830989298686,0.0031606361632633374
493.9138271664708,-0.0015106431674212217,493.83,0.12567765243433948,0.06035957513071051,493.9138271664708,0.003131852962397008
494.37934443995476,-0.0001678492408245802,494.296,0.00367330760219553,0.05745579500415387,494.37934443995476,0.003103596079653875
494.8448617134387,0.000839246204122901,494.766,0.07556871581702218,0.05560604082601835,494.8448617134387,0.0030835753043229395
495.3103789869227,-0.0001678492408245802,495.228,0.02545977919970488,0.05496437986162213,495.3103789869227,0.003085326968403477
495.7758962604066,0.000839246204122901,495.696,0.0189237857774065,0.05546664300598664,495.7758962604066,0.003082016901012871
496.2414135338906,0.0021820401307195425,496.159,0.12349903124611128,0.05683489337772027,496.2414135338906,0.0030943443360787735
496.70693080737453,0.0011749446857720613,496.622,0.013755921618857636,0.05863064477428074,496.70693080737453,0.0031089620917811728
497.17244808085843,-0.0005035477224737406,497.092,0.04506762960898625,0.06034942803100366,497.17244808085843,0.0031022227119706022
497.6379653543424,-0.0028534370940178633,497.55,0.0668541012064956,0.061539182481201375,497.6379653543424,0.0030589780053572177
498.10348262782634,-0.0057068741880357265,498.018,0.10171255964860193,0.06191909232530634,498.10348262782634,0.002975019459775357
498.5689999013103,-0.006378271151334047,498.483,0.10171255964860193,0.06146940424656332,498.5689999013103,0.0028918051654153415
499.03451717479425,-0.0041962312534451485,498.949,0.023281158011476677,0.060460677057394066,499.03451717479425,0.0028635626743158467
499.5000344482782,-0.0020141908898949623,499.415,0.1213204100578833,0.05940237783365158,499.5000344482782,0.002836724392134755
499.96555172176215,-0.0038605325389653444,499.882,0.013755921618857636,0.058915335529458907,499.96555172176215,0.0027972132772884736
500.4310689952461,-0.00553902518004179,500.34,0.03989963559282339,0.059558822281004356,500.4310689952461,0.0027471325594454732
500.89658626873006,-0.00553902518004179,500.807,0.06031823764181121,0.0616603652012169,500.89658626873006,0.002665682263477787
501.362103542214,-0.00553902518004179,501.272,0.016745164589178296,0.06519983804943165,501.362103542214,0.0025527924873240972
501.82762081569797,-0.00553902518004179,501.741,0.011577300430629434,0.06978742290299521,501.82762081569797,0.0024231344400891942
502.2931380891819,-0.0041962312534451485,502.203,0.11260579544735672,0.07474883132709151,502.2931380891819,0.002296105940674476
502.7586553626659,-0.0015106431674212217,502.666,0.18885844603863977,0.07929493046739618,502.7586553626659,0.002241335619928657
503.22417263614983,0.0005035477224737406,503.136,0.07339009462879398,0.08271840263981009,503.22417263614983,0.0022695883887666954
503.6896899096337,-0.0011749446857720613,503.607,0.08428333042754876,0.08454836479150288,503.6896899096337,0.002259884338483203
504.1552071831177,-0.0021820401307195425,504.062,0.07556871581702218,0.08461749658857624,504.1552071831177,0.0022410148945748443
504.62072445660164,-0.0028534370940178633,504.528,0.04724625079721445,0.08303980478190996,504.62072445660164,0.00221485096515906
505.0862417300856,-0.003524834057316184,504.992,0.08864057280400517,0.08013064798353403,505.0862417300856,0.002151811636112634
505.55175900356954,-0.0041962312534451485,505.457,0.0690327223947238,0.07630873136410884,505.55175900356954,0.0020868643921662026
506.0172762770535,-0.0041962312534451485,505.922,0.10824842321328632,0.0720088856425935,506.0172762770535,0.00207565538912315
506.48279355053745,-0.0028534370940178633,506.388,0.02247053622938422,0.06761937074456076,506.48279355053745,0.0020684924817391194
506.9483108240214,-0.0021820401307195425,506.855,0.0690327223947238,0.06344875684219554,506.9483108240214,0.002064553292822139
507.41382809750536,-0.001678492408245802,507.321,0.0028626858201028504,0.059725269041285264,507.41382809750536,0.002032032384472667
507.8793453709893,-0.0005035477224737406,507.781,0.10389118083683013,0.05662715970987361,507.8793453709893,0.001996476904159332
508.34486264447327,0.000839246204122901,508.251,0.10389118083683013,0.05432951049826979,508.34486264447327,0.002000066581477821
508.8103799179572,0.000839246204122901,508.714,0.10389118083683013,0.053037065991944264,508.8103799179572,0.0020500506682668185
509.2758971914412,0.0005035477224737406,509.176,0.00367330760219553,0.052971129741478405,509.2758971914412,0.0021050697596047456
509.7414144649251,0.0011749446857720613,509.644,0.02545977919970488,0.05430135361014818,509.7414144649251,0.0021273335675831813
510.206931738409,0.0011749446857720613,510.107,0.03417439381023146,0.05704830567995922,510.206931738409,0.0020872611814983185
510.672449011893,-0.0001678492408245802,510.572,0.07774733700525038,0.06100393257460026,510.672449011893,0.002015280560872552
511.13796628537693,-0.0015106431674212217,511.035,0.03417439381023146,0.0657106336721852,511.13796628537693,0.0019767871400115473
511.6034835588609,0.0005035477224737406,511.501,0.058139486595969014,0.07051529435599145,511.6034835588609,0.0019695152697514194
512.0690008323448,0.0038605325389653444,511.966,0.10171255964860193,0.07468922312386932,512.0690008323448,0.0019728397301174935
512.5345181058289,0.00520332669839263,512.431,0.0690327223947238,0.07758560029405868,512.5345181058289,0.00198251911043702
513.0000353793127,0.0038605325389653444,512.896,0.12785627362256768,0.07879293337934873,513.0000353793127,0.0019931709516833864
513.4655526527966,0.0031891355756670237,513.361,0.1213204100578833,0.07823894542459027,513.4655526527966,0.002022254321947323
513.9310699262807,0.0031891355756670237,513.826,0.08347270864545608,0.07620954664037023,513.9310699262807,0.0020471517925066034
514.3965871997646,0.003524834057316184,514.292,0.0006839347742608748,0.07327364014122709,514.3965871997646,0.002072659878028255
514.8621044732486,0.0011749446857720613,514.755,0.058139486595969014,0.07013875697409849,514.8621044732486,0.0021125143335612015
515.3276217467325,-0.0001678492408245802,515.224,0.05732886481387656,0.06748692839762535,515.3276217467325,0.0021496672799158497
515.7931390202165,0.000839246204122901,515.685,0.1213204100578833,0.0658391437499063,515.7931390202165,0.00215536018357466
516.2586562937004,0.0011749446857720613,516.154,0.008030549978651935,0.0654744151621505,516.2586562937004,0.0021492437540677808
516.7241735671844,0.0018463416490703821,516.618,0.07774733700525038,0.0664064272911934,516.7241735671844,0.0021476401192934797
517.1896908406683,0.0018463416490703821,517.081,0.0690327223947238,0.068410213981724,517.1896908406683,0.0021428806088223547
517.6552081141523,0.0005035477224737406,517.547,0.0690327223947238,0.071088303941796,517.6552081141523,0.002140534775600746
518.1207253876362,0.0011749446857720613,518.014,0.08428333042754876,0.07396137396982563,518.1207253876362,0.00216483807858464
518.5862426611202,0.002517738612368703,518.48,0.10171255964860193,0.07656308535394019,518.5862426611202,0.0022108891462904712
519.0517599346041,0.0018463416490703821,518.944,0.10171255964860193,0.07851818166187863,519.0517599346041,0.0022457456043507955
519.5172772080881,-0.000839246204122901,519.41,0.011577300430629434,0.0795902836163488,519.5172772080881,0.002252608342676592
519.982794481572,-0.0001678492408245802,519.87,0.07339009462879398,0.07969904782983882,519.982794481572,0.002264203861622412
520.4483117550559,0.0011749446857720613,520.335,0.12785627362256768,0.07891668330120453,520.4483117550559,0.0022639283656823287
520.9138290285399,0.0011749446857720613,520.807,0.05378224421951283,0.07745191110239265,520.9138290285399,0.0022658917915276107
521.3793463020238,0.0011749446857720613,521.265,0.11042717425912851,0.07561836419294705,521.3793463020238,0.0022967617755509525
521.8448635755078,0.0018463416490703821,521.733,0.11260579544735672,0.07377834972533144,521.8448635755078,0.0023045558554477623
522.3103808489917,0.002517738612368703,522.195,0.005041307008331053,0.07226066398054108,522.3103808489917,0.0022708897890914926
522.7758981224757,0.0031891355756670237,522.666,0.05160362303128463,0.0712686561041541,522.7758981224757,0.0022463356587882444
523.2414153959596,0.0031891355756670237,523.128,0.07339009462879398,0.0708100138046954,523.2414153959596,0.0023063979770039655
523.7069326694436,0.0011749446857720613,523.594,0.04425700782689357,0.07068016565837404,523.7069326694436,0.0023830003563677536
524.1724499429275,-0.0015106431674212217,524.058,0.08210470923932056,0.07051331984158475,524.1724499429275,0.002425831819637111
524.6379672164115,-0.0015106431674212217,524.524,0.09081932384984714,0.06988900554524949,524.6379672164115,0.002414585811471292
525.1034844898954,-0.0001678492408245802,524.991,0.11260579544735672,0.06846120438814277,525.1034844898954,0.0024346847098577306
525.5690017633794,0.0011749446857720613,525.457,0.03199577262200326,0.06606982468538153,525.5690017633794,0.002499146749164763
526.0345190368633,0.0038605325389653444,525.921,0.071211473440566,0.06280235697518069,526.0345190368633,0.00256815242264852
526.5000363103474,0.005035477224737406,526.38,0.07774733700525038,0.05899175296406466,526.5000363103474,0.0026371025858685994
526.9655535838313,0.004867628216743469,526.848,0.0668541012064956,0.05515408710230967,526.9655535838313,0.002708569223498598
527.4310708573151,0.003524834057316184,527.313,0.04942487198544265,0.051880719499273975,527.4310708573151,0.0027764091779201847
527.8965881307992,-0.0005035477224737406,527.781,0.012387922212722113,0.0497083335875612,527.8965881307992,0.0027842443773239706
528.362105404283,-0.0031891355756670237,528.244,0.0028626858201028504,0.04899905402959476,528.362105404283,0.0027641619269120066
528.8276226777671,-0.0028534370940178633,528.707,0.0690327223947238,0.04986495152570519,528.8276226777671,0.002751768703153726
529.293139951251,-0.0036926832981407642,529.177,0.07556871581702218,0.05215802340220712,529.293139951251,0.0027393713674182247
529.758657224735,-0.00553902518004179,529.64,0.055960865407741034,0.055521547303607095,529.758657224735,0.0027358721528086064
530.2241744982189,-0.00520332669839263,530.103,0.0668541012064956,0.05947710026474341,530.2241744982189,0.0027603111472620195
530.6896917717029,-0.0015106431674212217,530.568,0.10171255964860193,0.06351619361791147,530.6896917717029,0.0028142981575511572
531.1552090451868,0.0011749446857720613,531.032,0.00367330760219553,0.06717520430208296,531.1552090451868,0.00287369640998307
531.6207263186708,-0.0005035477224737406,531.498,0.10171255964860193,0.07008742488254525,531.6207263186708,0.0029049570235975294
532.0862435921547,-0.0028534370940178633,531.962,0.04942487198544265,0.07201763302201446,532.0862435921547,0.0029305637939373227
532.5517608656387,-0.0031891355756670237,532.427,0.07339009462879398,0.07288735971390778,532.5517608656387,0.0029471963730898637
533.0172781391226,-0.0015106431674212217,532.892,0.05378224421951283,0.07279323592736395,533.0172781391226,0.0029263861186120377
533.4827954126065,0.0003356984816491604,533.358,0.13874950942132247,0.072011327920742,533.4827954126065,0.0029174304312766437
533.9483126860905,-0.0005035477224737406,533.823,0.10606980202505834,0.07097297404058289,533.9483126860905,0.0029284050551088544
534.4138299595744,-0.0031891355756670237,534.288,0.012387922212722113,0.07019893537821019,534.4138299595744,0.00291178481218457
534.8793472330584,-0.0068818191066384315,534.751,0.071211473440566,0.07019402583894303,534.8793472330584,0.002915086656655971
535.3448645065423,-0.008896009996533394,535.221,0.012387922212722113,0.07132740860974304,535.3448645065423,0.0028831249670557314
535.8103817800263,-0.007217517588287592,535.681,0.1300348948107959,0.07373608232848411,535.8103817800263,0.002813128329132648
536.2758990535102,-0.00553902518004179,536.152,0.07339009462879398,0.07727984773439403,536.2758990535102,0.002765076829911207
536.7414163269942,-0.004867628216743469,536.614,0.0690327223947238,0.08155504929112373,536.7414163269942,0.002746341021555053
537.2069336004781,-0.0038605325389653444,537.077,0.06031823764181121,0.08595958836621713,537.2069336004781,0.002777330250025969
537.6724508739621,-0.004364080261439085,537.543,0.071211473440566,0.08979833946146681,537.6724508739621,0.0028280071918065624
538.137968147446,-0.0041962312534451485,538.007,0.11042717425912851,0.09241584390615586,538.137968147446,0.002851817067531298
538.60348542093,-0.0030212863348424435,538.473,0.15182149626591923,0.09333251032919185,538.60348542093,0.0028667781645905564
539.0690026944139,-0.000839246204122901,538.94,0.15835735983060362,0.09234701041769376,539.0690026944139,0.002895382499184789
539.534519967898,-0.0001678492408245802,539.405,0.03199577262200326,0.08956789082105311,539.534519967898,0.0029188552000212575
540.0000372413818,-0.0015106431674212217,539.87,0.04071038723252984,0.08536196127094711,540.0000372413818,0.002917093256642195
540.4655545148657,-0.004531929735094309,540.335,0.0668541012064956,0.08024415905184726,540.4655545148657,0.0028924034370710816
540.9310717883498,-0.0057068741880357265,540.796,0.11260579544735672,0.07475608963393618,540.9310717883498,0.0028775204654343895
541.3965890618337,-0.005035477224737406,541.265,0.03772101440459519,0.0693732670504317,541.3965890618337,0.0028634722065676967
541.8621063353177,-0.00553902518004179,541.726,0.055960865407741034,0.06445683866156916,541.8621063353177,0.0028511550516102544
542.3276236088016,-0.0041962312534451485,542.196,0.0690327223947238,0.06024548309480429,542.3276236088016,0.0028410336436755245
542.7931408822856,-0.0015106431674212217,542.659,0.11260579544735672,0.056873213826163525,542.7931408822856,0.0027950195831172977
543.2586581557695,0.0003356984816491604,543.121,0.0072199281965592554,0.05439444117913959,543.2586581557695,0.002717533147342424
543.7241754292535,0.000839246204122901,543.587,0.10389118083683013,0.052799277264296784,543.7241754292535,0.002640936931683752
544.1896927027374,0.0011749446857720613,544.05,0.023281158011476677,0.052012593296807234,544.1896927027374,0.002564003541595967
544.6552099762214,0.0011749446857720613,544.516,0.0014946864139673277,0.051885299689500404,544.6552099762214,0.002498353169910193
545.1207272497053,0.0010070954449474812,544.981,0.04942487198544265,0.05219619281937385,545.1207272497053,0.0024273614582712975
545.5862445231893,0.0011749446857720613,545.446,0.08864057280400517,0.05267996823907004,545.5862445231893,0.0023518261094412356
546.0517617966732,-0.0001678492408245802,545.91,0.07556871581702218,0.05308108037610712,546.0517617966732,0.002286887090937928
546.5172790701571,0.0005035477224737406,546.376,0.04506762960898625,0.05321477520961444,546.5172790701571,0.0022203649996568155
546.9827963436411,0.002517738612368703,546.841,0.058139486595969014,0.053011273941857444,546.9827963436411,0.0021487914532570852
547.448313617125,0.0041962312534451485,547.307,0.009398549384787458,0.05253009213940549,547.448313617125,0.002083476200599303
547.913830890609,0.0011749446857720613,547.77,0.09654456563243907,0.051946541822353566,547.913830890609,0.0020303629663047875
548.3793481640929,-0.000839246204122901,548.239,0.04506762960898625,0.051518898690438686,548.3793481640929,0.0019963329949410726
548.8448654375769,0.0011749446857720613,548.7,0.05378224421951283,0.05154228074607564,548.8448654375769,0.0019459459414143945
549.3103827110608,0.0028534370940178633,549.169,0.027638400387933082,0.05229263188499207,549.3103827110608,0.0019011304935429999
549.7758999845448,0.002517738612368703,549.633,0.10389118083683013,0.05396641294092382,549.7758999845448,0.0018393617400330536
550.2414172580287,0.0011749446857720613,550.095,0.012387922212722113,0.05662564356663514,550.2414172580287,0.0017380818745030438
550.7069345315127,0.0010070954449474812,550.561,0.07556871581702218,0.0601602790725934,550.7069345315127,0.0016724726198374044
551.1724518049966,0.0011749446857720613,551.025,0.005041307008331053,0.06428084614470937,551.1724518049966,0.0016935624839065906
551.6379690784806,0.0011749446857720613,551.491,0.07556871581702218,0.06855216585890497,551.6379690784806,0.0017334087156333946
552.1034863519645,-0.0001678492408245802,551.959,0.12349903124611128,0.07246879891327575,552.1034863519645,0.0017514331687280592
552.5690036254485,-0.001678492408245802,552.424,0.08210470923932056,0.07555511737412426,552.5690036254485,0.0017593094843163768
553.0345208989324,-0.002517738612368703,552.889,0.10606980202505834,0.0774591904911712,553.0345208989324,0.0017413960544298403
553.5000381724163,-0.002517738612368703,553.355,0.005041307008331053,0.07801271604779624,553.5000381724163,0.001744512862016765
553.9655554459003,-0.003524834057316184,553.822,0.10389118083683013,0.07724753446033666,553.9655554459003,0.0017338137360382525
554.4310727193842,-0.0036926832981407642,554.28,0.09735518741453175,0.07537666512797994,554.4310727193842,0.0017091999846976
554.8965899928683,-0.002517738612368703,554.748,0.0690327223947238,0.07275163535022133,554.8965899928683,0.00172301181121102
555.3621072663522,-0.0011749446857720613,555.21,0.04724625079721445,0.06980266641433,555.3621072663522,0.0017676011045789104
555.8276245398362,-0.000839246204122901,555.681,0.1191416590120411,0.06696633591385835,555.8276245398362,0.0017905947730253412
556.2931418133201,-0.0015106431674212217,556.143,0.008030549978651935,0.0646098796108051,556.2931418133201,0.0018203113748507392
556.7586590868041,-0.0011749446857720613,556.607,0.07339009462879398,0.06296689809620856,556.7586590868041,0.0018410640651182265
557.224176360288,0.0011749446857720613,557.07,0.013755921618857636,0.06210131698903458,557.224176360288,0.001900369797979981
557.689693633772,0.002517738612368703,557.535,0.10171255964860193,0.06191195196525285,557.689693633772,0.0019529361495881107
558.1552109072559,0.0018463416490703821,558.0,0.08428333042754876,0.062177153138749094,558.1552109072559,0.0019682981568659892
558.6207281807399,-0.0001678492408245802,558.465,0.04942487198544265,0.06262317057451804,558.6207281807399,0.0019841618140655623
559.0862454542238,-0.0015106431674212217,558.932,0.06467548001826762,0.06299227016788887,559.0862454542238,0.002000999988072213
559.5517627277077,0.0005035477224737406,559.398,0.07774733700525038,0.06309192393740888,559.5517627277077,0.002033117930140306
560.0172800011917,0.0028534370940178633,559.863,0.07774733700525038,0.06281794391737192,560.0172800011917,0.00209163829521068
560.4827972746756,0.004531929735094309,560.329,0.008030549978651935,0.06215433938173015,560.4827972746756,0.002186404935162694
560.9483145481596,0.004364080261439085,560.792,0.09735518741453175,0.061159457115456846,560.9483145481596,0.002274929732378786
561.4138318216435,0.0011749446857720613,561.255,0.01020930102449391,0.05995118824324677,561.4138318216435,0.002363211928480099
561.8793490951275,-0.000839246204122901,561.725,0.07556871581702218,0.058700547967947124,561.8793490951275,0.00243074143630454
562.3448663686114,-0.000839246204122901,562.187,0.07339009462879398,0.05763219892741355,562.3448663686114,0.0024596068740829835
562.8103836420954,-0.0015106431674212217,562.655,0.13874950942132247,0.057017867650096046,562.8103836420954,0.0025002302499262125
563.2759009155793,-0.0015106431674212217,563.117,0.00367330760219553,0.05714340946586191,563.2759009155793,0.002538908707286689
563.7414181890633,0.0005035477224737406,563.583,0.04942487198544265,0.05824081667300644,563.7414181890633,0.002596968539275833
564.2069354625472,0.0011749446857720613,564.046,0.04071038723252984,0.0604001704956513,564.2069354625472,0.0026594938792690913
564.6724527360312,0.0005035477224737406,564.511,0.03853163618668787,0.0634966422070165,564.6724527360312,0.002688425110821971
565.1379700095151,0.000839246204122901,564.977,0.062496858830039415,0.06716832754153813,565.1379700095151,0.002718680369505627
565.6034872829991,-0.0005035477224737406,565.443,0.055960865407741034,0.07086216161590282,565.6034872829991,0.002768985184286429
566.069004556483,-0.0005035477224737406,565.91,0.13874950942132247,0.0739389945615808,566.069004556483,0.00283186208743211
566.5345218299669,-0.000839246204122901,566.376,0.07556871581702218,0.07580689039082478,566.5345218299669,0.0029095767343293643
567.000039103451,-0.0005035477224737406,566.841,0.10389118083683013,0.0760431933472066,567.000039103451,0.0030122916511279934
567.4655563769348,-0.0015106431674212217,567.306,0.0006839347742608748,0.07447569189676673,567.4655563769348,0.003074138533528396
567.9310736504189,-0.004364080261439085,567.77,0.07556871581702218,0.07121479337017854,567.9310736504189,0.0030715624362815334
568.3965909239027,-0.00587472366169095,568.232,0.09953380860275995,0.06664508326869946,568.3965909239027,0.0030506617194113947
568.8621081973868,-0.00553902518004179,568.696,0.10389118083683013,0.06138416681512531,568.8621081973868,0.003066258102472151
569.3276254708707,-0.0038605325389653444,569.166,0.005851928790423733,0.056206580900416435,569.3276254708707,0.003113807954586708
569.7931427443547,-0.003524834057316184,569.629,0.1169630378238129,0.05192878812411154,569.7931427443547,0.0031502187074762896
570.2586600178386,-0.004867628216743469,570.092,0.012387922212722113,0.04926443905905407,570.2586600178386,0.0031648673006493336
570.7241772913226,-0.0041962312534451485,570.557,0.0072199281965592554,0.04867767078102213,570.7241772913226,0.003164129216700311
571.1896945648065,-0.004364080261439085,571.021,0.0014946864139673277,0.05027422423407524,571.1896945648065,0.003159546519512855
571.6552118382905,-0.00553902518004179,571.487,0.10171255964860193,0.053767853508208646,571.6552118382905,0.0031774887337418637
572.1207291117744,-0.006042572669684887,571.952,0.03336377202813878,0.058539304037738646,572.1207291117744,0.003238951152206954
572.5862463852583,-0.006210422143340111,572.417,0.09517656622630355,0.06377418613021493,572.5862463852583,0.0033333559482763746
573.0517636587423,-0.00520332669839263,572.885,0.05378224421951283,0.0686411269892271,573.0517636587423,0.0033840657849022364
573.5172809322262,-0.004531929735094309,573.351,0.1213204100578833,0.07246323288487572,573.5172809322262,0.003435513704881077
573.9827982057102,-0.004531929735094309,573.811,0.08210470923932056,0.07484156828077301,573.9827982057102,0.0034805039077831345
574.4483154791941,-0.00587472366169095,574.277,0.07339009462879398,0.07570335507181751,574.4483154791941,0.0035061559077248818
574.9138327526781,-0.007553216069936752,574.74,0.10171255964860193,0.07526773055279218,574.9138327526781,0.0035136868294784007
575.379350026162,-0.006210422143340111,575.21,0.01020930102449391,0.07394514148671018,575.379350026162,0.003525233004574948
575.844867299646,-0.0028534370940178633,575.674,0.07556871581702218,0.07220575141760716,575.844867299646,0.0035744255548082076
576.3103845731299,-0.0028534370940178633,576.136,0.04071038723252984,0.07045968504537746,576.3103845731299,0.0036395434391757924
576.7759018466139,-0.004531929735094309,576.607,0.11042717425912851,0.06898355914128394,576.7759018466139,0.0036941472309557823
577.2414191200978,-0.0041962312534451485,577.069,0.0028626858201028504,0.06790748586759558,577.2414191200978,0.0037014437745793226
577.7069363935818,-0.0030212863348424435,577.535,0.09735518741453175,0.06725473661334702,577.7069363935818,0.0037266044065672643
578.1724536670657,-0.0041962312534451485,578.0,0.11042717425912851,0.0670098454367615,578.1724536670657,0.0037864159013507484
578.6379709405497,-0.005035477224737406,578.466,0.11260579544735672,0.06718139302349103,578.6379709405497,0.0038493092544729253
579.1034882140336,-0.007217517588287592,578.925,0.02981715143377528,0.06782647329600797,579.1034882140336,0.0038980330483891893
579.5690054875175,-0.0068818191066384315,579.391,0.07556871581702218,0.0690209281453668,579.5690054875175,0.003919540265834638
580.0345227610015,-0.004867628216743469,579.856,0.04942487198544265,0.07078824916943753,580.0345227610015,0.00393084589432489
580.5000400344854,-0.0028534370940178633,580.322,0.062496858830039415,0.07302355813333208,580.5000400344854,0.003938689318056714
580.9655573079694,-0.0018463416490703821,580.792,0.021102536823248697,0.07545460417502733,580.9655573079694,0.0039634963271163205
581.4310745814533,-0.0015106431674212217,581.255,0.058139486595969014,0.07766970202557026,581.4310745814533,0.004005963886173909
581.8965918549374,-0.000839246204122901,581.718,0.12785627362256768,0.07921806461949124,581.8965918549374,0.0040082377597742015
582.3621091284213,-0.0015106431674212217,582.18,0.1169630378238129,0.07975637864789763,582.3621091284213,0.00397763915775448
582.8276264019053,-0.0023498893715441227,582.648,0.10171255964860193,0.07918865196356957,582.8276264019053,0.0039344211778237536
583.2931436753892,-0.000839246204122901,583.11,0.1213204100578833,0.0777409811785388,583.2931436753892,0.0038986374878025726
583.7586609488732,0.0005035477224737406,583.576,0.0028626858201028504,0.07593533136924788,583.7586609488732,0.00387115981062298
584.2241782223571,0.0018463416490703821,584.046,0.14746412403184905,0.07446494839953977,584.2241782223571,0.0038909976049667913
584.6896954958411,0.0038605325389653444,584.505,0.011577300430629434,0.0740090184324954,584.6896954958411,0.003895387043542652
585.155212769325,0.0038605325389653444,584.97,0.0006839347742608748,0.07504313797490228,585.155212769325,0.00390941063070573
585.620730042809,0.0031891355756670237,585.435,0.08864057280400517,0.0777025137197206,585.620730042809,0.003928064204662279
586.0862473162929,0.0018463416490703821,585.9,0.14746412403184905,0.08173666826492046,586.0862473162929,0.003928216341302869
586.5517645897768,0.0028534370940178633,586.366,0.04942487198544265,0.08656188492977153,586.5517645897768,0.003907434869724462
587.0172818632608,0.004867628216743469,586.833,0.09517656622630355,0.0913868389559524,587.0172818632608,0.00391466767697386
587.4827991367447,0.004867628216743469,587.299,0.10606980202505834,0.09537492556996606,587.4827991367447,0.003919462135632316
587.9483164102287,0.00520332669839263,587.766,0.062496858830039415,0.09781157098140347,587.9483164102287,0.003917784485573203
588.4138336837126,0.0028534370940178633,588.228,0.14746412403184905,0.09825097405890698,588.4138336837126,0.003894815489797176
588.8793509571966,0.0001678492408245802,588.692,0.10606980202505834,0.09661704646678455,588.8793509571966,0.003841782439608867
589.3448682306805,-0.0015106431674212217,589.155,0.15835735983060362,0.09323331218897028,589.3448682306805,0.003794283987705789
589.8103855041645,-0.002517738612368703,589.625,0.042889008420758046,0.08876567596438194,589.8103855041645,0.0037289481742920827
590.2759027776484,-0.0041962312534451485,590.088,0.05160362303128463,0.08408465760275217,590.2759027776484,0.003678020409064993
590.7414200511324,-0.004867628216743469,590.553,0.062496858830039415,0.0800818135257918,590.7414200511324,0.0036397079097460205
591.2069373246163,-0.003524834057316184,591.021,0.08428333042754876,0.07749084084086755,591.2069373246163,0.003584869740537616
591.6724545981003,-0.002517738612368703,591.48,0.0690327223947238,0.0767564904715899,591.6724545981003,0.003537260266629906
592.1379718715842,-0.004364080261439085,591.945,0.08864057280400517,0.07797156419888608,592.1379718715842,0.0034820972579971852
592.6034891450681,-0.006546120624989271,592.41,0.10389118083683013,0.08088069352846992,592.6034891450681,0.0034023081641341
593.0690064185521,-0.0068818191066384315,592.877,0.03199577262200326,0.08493906922663359,593.0690064185521,0.00333611913286652
593.534523692036,-0.004867628216743469,593.343,0.10171255964860193,0.08941350905774742,593.534523692036,0.0033373218597407828
594.00004096552,-0.0028534370940178633,593.811,0.09299794503807535,0.09351468938504054,594.00004096552,0.0033160983606840633
594.4655582390039,-0.003524834057316184,594.27,0.1147844166355847,0.09654583689878844,594.4655582390039,0.00326759249496406
594.931075512488,-0.004867628216743469,594.74,0.09299794503807535,0.09804487610431309,594.931075512488,0.0032412209111606647
595.3965927859718,-0.006210422143340111,595.202,0.12349903124611128,0.09789143773846759,595.3965927859718,0.003240659638741401
595.8621100594559,-0.00553902518004179,595.67,0.11042717425912851,0.09635296761482044,595.8621100594559,0.00322385230500024
596.3276273329398,-0.0041962312534451485,596.132,0.09299794503807535,0.09405479136635984,596.3276273329398,0.0031825689667748075
596.7931446064238,-0.0030212863348424435,596.598,0.05378224421951283,0.09187414668058896,596.7931446064238,0.0031567401551550016
597.2586618799077,-0.0023498893715441227,597.064,0.14746412403184905,0.09077370912571188,597.2586618799077,0.0031495649108896338
597.7241791533917,-0.0023498893715441227,597.529,0.09517656622630355,0.09160085822441456,597.7241791533917,0.0031559959004966377
598.1896964268756,-0.001678492408245802,597.996,0.07556871581702218,0.09488426142824283,598.1896964268756,0.003162731169787301
598.6552137003596,-0.0021820401307195425,598.455,0.071211473440566,0.10066521346475832,598.6552137003596,0.0031542236779530876
599.1207309738435,-0.00520332669839263,598.922,0.04942487198544265,0.10840916374927383,599.1207309738435,0.0031489727999331244
599.5862482473274,-0.006378271151334047,599.388,0.042889008420758046,0.117042324480561,599.5862482473274,0.003161875898565698
600.0517655208114,-0.004867628216743469,599.852,0.11042717425912851,0.1251351616765051,600.0517655208114,0.0031952726369676777
600.5172827942953,-0.0018463416490703821,600.318,0.38275832894322437,0.13120646620283644,600.5172827942953,0.0032165845426847684
600.9828000677793,-0.0005035477224737406,600.781,0.04724625079721445,0.13406749134259216,600.9828000677793,0.0031582574378686734
601.4483173412632,-0.000839246204122901,601.251,0.10606980202505834,0.1331013794565061,601.4483173412632,0.003081751685075727
601.9138346147472,-0.0028534370940178633,601.714,0.15835735983060362,0.1283998672456918,601.9138346147472,0.003035904157270629
602.3793518882311,-0.0028534370940178633,602.177,0.21282366868199132,0.12073376030045081,602.3793518882311,0.002979447960737387
602.8448691617151,-0.0010070954449474812,602.64,0.05160362303128463,0.11137611490147871,602.8448691617151,0.0029094780480453525
603.310386435199,0.0005035477224737406,603.11,0.07556871581702218,0.1018205826464009,603.310386435199,0.002867917162140533
603.775903708683,0.0023498893715441227,603.575,0.05378224421951283,0.0934580472128253,603.775903708683,0.002832550826063139
604.2414209821669,0.004531929735094309,604.038,0.07339009462879398,0.08729002065130732,604.2414209821669,0.002798159010534495
604.7069382556509,0.0041962312534451485,604.504,0.071211473440566,0.08374995882177688,604.7069382556509,0.0027476239374179473
605.1724555291348,0.0030212863348424435,604.969,0.0014946864139673277,0.08267196832492398,605.1724555291348,0.00269842522087295
605.6379728026187,0.0011749446857720613,605.435,0.21282366868199132,0.0834048069703245,605.6379728026187,0.002668556477279275
606.1034900761027,0.0001678492408245802,605.899,0.0690327223947238,0.08503076048436299,606.1034900761027,0.002643724797263246
606.5690073495866,0.0023498893715441227,606.365,0.042889008420758046,0.08662374015856615,606.5690073495866,0.0025902743877097185
607.0345246230706,0.004531929735094309,606.829,0.1793332096460205,0.08747742729015646,607.0345246230706,0.0024914904356055528
607.5000418965545,0.0068818191066384315,607.295,0.10171255964860193,0.08725042197181297,607.5000418965545,0.0024099887403418413
607.9655591700385,0.00587472366169095,607.755,0.11260579544735672,0.08599982698214814,607.9655591700385,0.002348542768992809
608.4310764435224,0.003524834057316184,608.225,0.0072199281965592554,0.08410334823700381,608.4310764435224,0.002246257546430157
608.8965937170065,0.0011749446857720613,608.688,0.04942487198544265,0.0821029502524549,608.8965937170065,0.0021608392802089033
609.3621109904904,-0.000839246204122901,609.151,0.10171255964860193,0.08052772827546223,609.3621109904904,0.0021460138753891726
609.8276282639744,-0.0021820401307195425,609.619,0.0690327223947238,0.0797525387117481,609.8276282639744,0.002172607497666326
610.2931455374583,-0.003524834057316184,610.08,0.08428333042754876,0.0799237933201244,610.2931455374583,0.002198929735293313
610.7586628109423,-0.004867628216743469,610.546,0.0668541012064956,0.08095490207613976,610.7586628109423,0.002224141763534319
611.2241800844262,-0.0031891355756670237,611.011,0.036353014998459665,0.08257607162825428,611.2241800844262,0.002214213614185518
611.6896973579102,-0.0005035477224737406,611.476,0.231620767451566,0.08441436352350123,611.6896973579102,0.0022031999267664963
612.1552146313941,-0.0001678492408245802,611.941,0.04724625079721445,0.08607389610554127,612.1552146313941,0.0022130047180905963
612.620731904878,-0.000839246204122901,612.406,0.07556871581702218,0.08718793609110817,612.620731904878,0.002226563661729538
613.086249178362,-0.0020141908898949623,612.873,0.058139486595969014,0.08743336085020545,613.086249178362,0.0022488233564930365
613.5517664518459,-0.0028534370940178633,613.339,0.042889008420758046,0.08652587979530786,613.5517664518459,0.002285709029744103
614.0172837253299,-0.0028534370940178633,613.807,0.11260579544735672,0.08422864719101737,614.0172837253299,0.0022575076599596782
614.4828009988138,-0.0031891355756670237,614.265,0.07339009462879398,0.0803953384204569,614.4828009988138,0.002244454477874573
614.9483182722978,-0.0021820401307195425,614.733,0.09299794503807535,0.0750422195013656,614.9483182722978,0.002252334907034314
615.4138355457817,-0.0005035477224737406,615.195,0.07556871581702218,0.06842149970146093,615.4138355457817,0.002277995134327097
615.8793528192657,0.0011749446857720613,615.663,0.09081932384984714,0.06106085276973463,615.8793528192657,0.002327294594137169
616.3448700927496,0.0005035477224737406,616.125,0.07556871581702218,0.05374069166631753,616.3448700927496,0.0023500970575422177
616.8103873662336,-0.0001678492408245802,616.59,0.03336377202813878,0.047397124565546074,616.8103873662336,0.0023637485185781823
617.2759046397175,0.002517738612368703,617.061,0.04506762960898625,0.04296088530862784,617.2759046397175,0.002401473015800756
617.7414219132015,0.004364080261439085,617.526,0.00367330760219553,0.041165548629543594,617.7414219132015,0.002421306697351707
618.2069391866854,0.0011749446857720613,617.992,0.03199577262200326,0.042373578427625264,618.2069391866854,0.0024173448952978247
618.6724564601693,-0.002517738612368703,618.45,0.012387922212722113,0.04646936526646843,618.6724564601693,0.002385960926222508
619.1379737336533,-0.0028534370940178633,618.915,0.03417439381023146,0.05285335788363123,619.1379737336533,0.0023342930207326707
619.6034910071372,-0.000839246204122901,619.38,0.10171255964860193,0.06054488456509099,619.6034910071372,0.0023124815193314397
620.0690082806212,-0.0001678492408245802,619.848,0.06031823764181121,0.06837090814335993,620.0690082806212,0.0023388366536117883
620.5345255541051,0.0005035477224737406,620.313,0.10171255964860193,0.07519385477880872,620.5345255541051,0.0024061667350299184
621.0000428275891,0.0023498893715441227,620.781,0.12349903124611128,0.08012268098974337,621.0000428275891,0.002467195348234339
621.465560101073,0.002517738612368703,621.243,0.04724625079721445,0.08265967777035811,621.465560101073,0.0025002014590614816
621.931077374557,0.0018463416490703821,621.707,0.09953380860275995,0.0827560929428571,621.931077374557,0.002480236202258982
622.396594648041,0.0011749446857720613,622.176,0.11260579544735672,0.08077395838719499,622.396594648041,0.0024439200242380135
622.862111921525,-0.0001678492408245802,622.637,0.04942487198544265,0.07737179289916639,622.862111921525,0.002446278189746575
623.3276291950089,-0.0005035477224737406,623.106,0.03989963559282339,0.07334555717744694,623.3276291950089,0.0025011924288937198
623.7931464684929,-0.0001678492408245802,623.565,0.055960865407741034,0.06946435692754882,623.7931464684929,0.002596839010182453
624.2586637419768,-0.0001678492408245802,624.031,0.05160362303128463,0.06633993462290312,624.2586637419768,0.0027224818027909796
624.7241810154608,0.0005035477224737406,624.497,0.10171255964860193,0.06435508778731011,624.7241810154608,0.002873912284911417
625.1896982889447,-0.0001678492408245802,624.962,0.042078386638665366,0.06365288743692218,625.1896982889447,0.0030035209914911582
625.6552155624286,-0.002517738612368703,625.428,0.10606980202505834,0.06416877924534808,625.6552155624286,0.003073786956618486
626.1207328359126,-0.0038605325389653444,625.896,0.042889008420758046,0.06568083375562718,626.1207328359126,0.0030842866591537935
626.5862501093965,-0.003524834057316184,626.361,0.08428333042754876,0.067859004439212,626.5862501093965,0.003101760120111622
627.0517673828805,-0.0041962312534451485,626.826,0.0668541012064956,0.07030564077776524,627.0517673828805,0.0031687530235186695
627.5172846563644,-0.0041962312534451485,627.292,0.04071038723252984,0.07259027861081009,627.5172846563644,0.0032269629383500412
627.9828019298484,-0.003524834057316184,627.755,0.07556871581702218,0.07428784243989105,627.9828019298484,0.0032499463259978573
628.4483192033323,-0.0041962312534451485,628.217,0.08210470923932056,0.07502843361340186,628.4483192033323,0.003248883404386984
628.9138364768163,-0.0068818191066384315,628.685,0.07556871581702218,0.07455870230680708,628.9138364768163,0.003299274567569449
629.3793537503002,-0.008560311049222946,629.147,0.07992608805109236,0.07280367909227914,629.3793537503002,0.0034013521405213934
629.8448710237842,-0.007217517588287592,629.61,0.10171255964860193,0.06991079142973224,629.8448710237842,0.0034919657755626845
630.3103882972681,-0.0041962312534451485,630.08,0.03199577262200326,0.06625864201657201,630.3103882972681,0.0035678609115423884
630.7759055707521,-0.0028534370940178633,630.546,0.071211473440566,0.06242087526898863,630.7759055707521,0.003608286919078309
631.241422844236,-0.004531929735094309,631.011,0.10606980202505834,0.05908566456126375,631.241422844236,0.0036325861097256454
631.70694011772,-0.007217517588287592,631.477,0.04942487198544265,0.056939948922471915,631.70694011772,0.003667874315446714
632.1724573912039,-0.0068818191066384315,631.936,0.008030549978651935,0.0565354679805957,632.1724573912039,0.0037093796960045037
632.6379746646878,-0.006546120624989271,632.402,0.05378224421951283,0.05816386770316936,632.6379746646878,0.0038050797336701423
633.1034919381718,-0.008224613033235073,632.866,0.013755921618857636,0.06177561132954222,633.1034919381718,0.0038936538731298965
633.5690092116557,-0.0068818191066384315,633.332,0.10171255964860193,0.06697083441741654,633.5690092116557,0.003931285854181758
634.0345264851397,-0.0031891355756670237,633.804,0.11042717425912851,0.07306743703950891,634.0345264851397,0.00394362151267165
634.5000437586236,-0.0021820401307195425,634.262,0.07556871581702218,0.07922561802688624,634.5000437586236,0.003942795024067131
634.9655610321076,-0.0021820401307195425,634.725,0.00367330760219553,0.08459524633162543,634.9655610321076,0.00395791442907807
635.4310783055915,-0.0015106431674212217,635.195,0.19539443946093815,0.08845658195332466,635.4310783055915,0.004008700332767972
635.8965955790756,-0.002517738612368703,635.659,0.0668541012064956,0.09033398715586043,635.8965955790756,0.004068277451922579
636.3621128525594,-0.003524834057316184,636.121,0.11042717425912851,0.0900666405566945,636.3621128525594,0.004110712115265073
636.8276301260435,-0.0041962312534451485,636.587,0.027638400387933082,0.08782540165017068,636.8276301260435,0.004109427151008136
637.2931473995274,-0.0041962312534451485,637.05,0.07339009462879398,0.08407687703174048,637.2931473995274,0.004086637023049926
637.7586646730114,-0.0041962312534451485,637.516,0.21282366868199132,0.07950545420137346,637.7586646730114,0.004084687988948099
638.2241819464953,-0.000839246204122901,637.981,0.0028626858201028504,0.07490271485504991,638.2241819464953,0.004081129151361796
638.6896992199792,0.002517738612368703,638.447,0.07774733700525038,0.07103125117791369,638.6896992199792,0.0040963451849370435
639.1552164934632,0.002517738612368703,638.914,0.0028626858201028504,0.06848095191113089,639.1552164934632,0.004122761995735772
639.6207337669471,0.0018463416490703821,639.38,0.08210470923932056,0.0675531243338831,639.6207337669471,0.00414384980219933
640.0862510404311,0.0021820401307195425,639.844,0.07556871581702218,0.06820980530254962,640.0862510404311,0.004150029965984216
640.551768313915,0.0011749446857720613,640.31,0.04724625079721445,0.0701060138136745,640.551768313915,0.004100757235583203
641.017285587399,0.001678492408245802,640.77,0.021102536823248697,0.07269586333369928,641.017285587399,0.0040444038374281175
641.4828028608829,0.0011749446857720613,641.24,0.20410905407146474,0.07538253843426641,641.4828028608829,0.0040127834331904234
641.9483201343669,-0.0011749446857720613,641.703,0.09299794503807535,0.07766866669099529,641.9483201343669,0.003961516437705315
642.4138374078508,-0.004867628216743469,642.166,0.04071038723252984,0.07926056390376829,642.4138374078508,0.00393943149674617
642.8793546813348,-0.007553216069936752,642.637,0.07556871581702218,0.08009626700457718,642.8793546813348,0.003955708395718381
643.3448719548187,-0.008224613033235073,643.099,0.11260579544735672,0.08029983504019791,643.3448719548187,0.003908403201962043
643.8103892283027,-0.008224613033235073,643.564,0.005041307008331053,0.08009225589892192,643.8103892283027,0.003868156060324622
644.2759065017866,-0.007217517588287592,644.031,0.07339009462879398,0.07969768508184473,644.2759065017866,0.0038564968056919624
644.7414237752706,-0.00553902518004179,644.496,0.10171255964860193,0.07927525860590659,644.7414237752706,0.003771884470228226
645.2069410487545,-0.004364080261439085,644.955,0.13657088823309427,0.07888862201967892,645.2069410487545,0.003657744678441266
645.6724583222384,-0.004531929735094309,645.421,0.05378224421951283,0.07850605612473804,645.6724583222384,0.0035655541371905743
646.1379755957224,-0.00553902518004179,645.888,0.012387922212722113,0.07801670899970915,646.1379755957224,0.003502634056008278
646.6034928692063,-0.008560311049222946,646.354,0.10171255964860193,0.0772570419567004,646.6034928692063,0.0034530282614271294
647.0690101426903,-0.009567406959831715,646.819,0.09735518741453175,0.07605103273332661,647.0690101426903,0.0034214962614456694
647.5345274161742,-0.007217517588287592,647.284,0.10171255964860193,0.07426285061108572,647.5345274161742,0.0033706630686317195
648.0000446896582,-0.0028534370940178633,647.748,0.04942487198544265,0.07184833318364761,648.0000446896582,0.0032817044690610286
648.4655619631421,-0.0001678492408245802,648.21,0.04071038723252984,0.06888904279408756,648.4655619631421,0.0031792301002033767
648.9310792366261,0.000839246204122901,648.681,0.09299794503807535,0.06560242204827212,648.9310792366261,0.0030685525187189085
649.39659651011,0.0001678492408245802,649.143,0.07556871581702218,0.06233034885870783,649.39659651011,0.002969811742039032
649.862113783594,-0.0001678492408245802,649.611,0.03199577262200326,0.05950815647424966,649.862113783594,0.002881870833695845
650.327631057078,0.0011749446857720613,650.073,0.10171255964860193,0.057612909599779404,650.327631057078,0.002751544604741499
650.793148330562,0.0038605325389653444,650.538,0.036353014998459665,0.057091290529265676,650.793148330562,0.002663496787089575
651.2586656040459,0.003524834057316184,651.003,0.058139486595969014,0.05827385202050094,651.2586656040459,0.0026139012708544206
651.7241828775298,0.0018463416490703821,651.469,0.05160362303128463,0.06128980395887131,651.7241828775298,0.002526324263871121
652.1897001510138,0.0023498893715441227,651.933,0.07556871581702218,0.06600184643387647,652.1897001510138,0.002463106072596568
652.6552174244977,0.0028534370940178633,652.398,0.02981715143377528,0.07198139578335418,652.6552174244977,0.002407260493022015
653.1207346979817,0.0038605325389653444,652.863,0.0668541012064956,0.07853986774869735,653.1207346979817,0.002325878042453992
653.5862519714656,0.0018463416490703821,653.329,0.08428333042754876,0.08482141844893565,653.5862519714656,0.002264051724805004
654.0517692449496,-0.0001678492408245802,653.792,0.1300348948107959,0.08994634714416987,654.0517692449496,0.002251411787193271
654.5172865184335,-0.0005035477224737406,654.262,0.10171255964860193,0.09317573585857354,654.5172865184335,0.002275939180125001
654.9828037919175,-0.0001678492408245802,654.722,0.09517656622630355,0.09405673709412588,654.9828037919175,0.002285791258479867
655.4483210654014,0.0005035477224737406,655.192,0.10389118083683013,0.0925121886351636,655.4483210654014,0.002245733265244988
655.9138383388854,-0.0001678492408245802,655.655,0.09517656622630355,0.08885490138451728,655.9138383388854,0.0021863822998638032
656.3793556123693,-0.0011749446857720613,656.118,0.10389118083683013,0.08372617475594332,656.3793556123693,0.0021458925586915483
656.8448728858533,-0.0028534370940178633,656.583,0.02545977919970488,0.07797389402549115,656.8448728858533,0.002150740472315227
657.3103901593372,-0.0015106431674212217,657.046,0.08428333042754876,0.07249734837206771,657.3103901593372,0.0021552841065860646
657.7759074328212,0.0011749446857720613,657.511,0.04506762960898625,0.06809171015823177,657.7759074328212,0.0021637052495309434
658.2414247063051,0.002517738612368703,657.977,0.1213204100578833,0.06532122217171084,658.2414247063051,0.002175650278963021
658.706941979789,0.0018463416490703821,658.443,0.005851928790423733,0.06443869679607342,658.706941979789,0.0021425146437851796
659.172459253273,0.0021820401307195425,658.908,0.0690327223947238,0.06535869349937218,659.172459253273,0.002065036427527216
659.6379765267569,0.0021820401307195425,659.373,0.062496858830039415,0.06768725215136424,659.6379765267569,0.002013681026106115
660.1034938002409,0.000839246204122901,659.84,0.036353014998459665,0.0708068236777094,660.1034938002409,0.0019849122141769866
660.5690110737248,-0.0015106431674212217,660.306,0.14746412403184905,0.07400459311211591,660.5690110737248,0.0018903614474621525
661.0345283472088,-0.0010070954449474812,660.766,0.05378224421951283,0.07661822363459742,661.0345283472088,0.0017949101779360006
661.5000456206927,0.0011749446857720613,661.236,0.11042717425912851,0.07816452077317342,661.5000456206927,0.001737460958659091
661.9655628941767,0.0020141908898949623,661.7,0.071211473440566,0.07842087205827869,661.9655628941767,0.0017305632721088893
662.4310801676606,0.000839246204122901,662.162,0.07774733700525038,0.07744523594725117,662.4310801676606,0.0017482875588945355
662.8965974411446,0.0018463416490703821,662.625,0.04506762960898625,0.07553932986149638,662.8965974411446,0.001761575120943381
663.3621147146285,0.0011749446857720613,663.095,0.11042717425912851,0.07317282672282636,663.3621147146285,0.0017261286073961138
663.8276319881126,-0.0001678492408245802,663.561,0.005041307008331053,0.07089010713791989,663.8276319881126,0.0017114923486061578
664.2931492615965,-0.0006713969632983208,664.025,0.164893353252902,0.06921694221440726,664.2931492615965,0.0016997385217885097
664.7586665350804,-0.0005035477224737406,664.49,0.005041307008331053,0.06857752688041638,664.7586665350804,0.0016716276125369697
665.2241838085644,0.002517738612368703,664.955,0.058139486595969014,0.06922835167837704,665.2241838085644,0.001619075653054445
665.6897010820483,0.003524834057316184,665.421,0.08210470923932056,0.0712161333882486,665.6897010820483,0.0015815444128977451
666.1552183555323,0.000839246204122901,665.881,0.09299794503807535,0.07436731009676045,666.1552183555323,0.00153887742709162
666.6207356290162,-0.0015106431674212217,666.346,0.04942487198544265,0.0783113408904768,666.6207356290162,0.0014710888739281535
667.0862529025002,-0.0015106431674212217,666.811,0.08428333042754876,0.082532457243156,667.0862529025002,0.0013751873532572895
667.5517701759841,0.0005035477224737406,667.277,0.13874950942132247,0.08644061865299858,667.5517701759841,0.0013348949819409139
668.0172874494681,0.001678492408245802,667.74,0.021102536823248697,0.08945225588404983,668.0172874494681,0.0013492413517782438
668.482804722952,0.0023498893715441227,668.21,0.12349903124611128,0.09107274290603623,668.482804722952,0.0013711618191869417
668.948321996436,-0.0005035477224737406,668.674,0.04506762960898625,0.09097456468138332,668.948321996436,0.001397344253498376
669.4138392699199,-0.003524834057316184,669.136,0.14746412403184905,0.08906442869731947,669.4138392699199,0.001415969041940328
669.8793565434039,-0.004867628216743469,669.607,0.11260579544735672,0.08552649579550066,669.8793565434039,0.001416328833473314
670.3448738168878,-0.003524834057316184,670.07,0.07774733700525038,0.08082383460645809,670.3448738168878,0.001430983593651103
670.8103910903718,-0.0031891355756670237,670.536,0.042889008420758046,0.07564680282266378,670.8103910903718,0.0014736649752788759
671.2759083638557,-0.0023498893715441227,671.0,0.011577300430629434,0.07081563021233599,671.2759083638557,0.0015190540309165568
671.7414256373396,-0.0001678492408245802,671.466,0.13874950942132247,0.06716024030785382,671.7414256373396,0.0015973792867786719
672.2069429108236,0.0005035477224737406,671.925,0.11260579544735672,0.06539868741503084,672.2069429108236,0.0016938338545796757
672.6724601843075,-0.0018463416490703821,672.391,0.035542393216366985,0.06602182937263713,672.6724601843075,0.0017613983121400213
673.1379774577915,-0.0028534370940178633,672.856,0.0028626858201028504,0.06918714220953842,673.1379774577915,0.0017683001132284344
673.6034947312754,-0.0028534370940178633,673.321,0.1300348948107959,0.07463737761530397,673.6034947312754,0.0017701566304465803
674.0690120047594,-0.001678492408245802,673.792,0.05378224421951283,0.08167345652332965,674.0690120047594,0.0018503898092567142
674.5345292782433,0.000839246204122901,674.255,0.0668541012064956,0.08920854419703465,674.5345292782433,0.0018802935038097518
675.0000465517273,0.0031891355756670237,674.718,0.0189237857774065,0.09591529041516056,675.0000465517273,0.0018812741892984834
675.4655638252112,0.0023498893715441227,675.181,0.04724625079721445,0.10045929314982983,675.4655638252112,0.0019110504123552128
675.9310810986952,-0.000839246204122901,675.651,0.34136387707881966,0.1017843647093346,675.9310810986952,0.0020256301747477896
676.3965983721791,-0.0031891355756670237,676.114,0.10824842321328632,0.09937844304556678,676.3965983721791,0.0021304442078659133
676.8621156456632,-0.0021820401307195425,676.579,0.07556871581702218,0.09342904869228848,676.8621156456632,0.0021968491141131745
677.327632919147,-0.001678492408245802,677.042,0.04942487198544265,0.08480563796518295,677.327632919147,0.002282943786159462
677.7931501926311,-0.0028534370940178633,677.508,0.0668541012064956,0.0748742281699444,677.7931501926311,0.002374626511105425
678.258667466115,-0.0021820401307195425,677.974,0.03417439381023146,0.06520968784680643,678.258667466115,0.0024912190410764593
678.7241847395989,-0.0015106431674212217,678.44,0.07556871581702218,0.057289513172080045,678.7241847395989,0.0025415094657679016
679.1897020130829,-0.000839246204122901,678.9,0.012387922212722113,0.052237167935734415,679.1897020130829,0.0025065831066501216
679.6552192865668,-0.000839246204122901,679.366,0.04506762960898625,0.05065689717332188,679.6552192865668,0.0024846873143188172
680.1207365600508,-0.0015106431674212217,679.833,0.0072199281965592554,0.05257792212556834,680.1207365600508,0.0025106991085941015
680.5862538335347,-0.0015106431674212217,680.299,0.15400011745414743,0.05750369462581249,680.5862538335347,0.0025666659919558014
681.0517711070187,-0.0018463416490703821,680.766,0.058139486595969014,0.06454018814504832,681.0517711070187,0.0026270325931633696
681.5172883805026,-0.0015106431674212217,681.229,0.07556871581702218,0.07256343336224674,681.5172883805026,0.002687300508976714
681.9828056539866,-0.0015106431674212217,681.692,0.011577300430629434,0.08039072905984163,681.9828056539866,0.0027685102598524543
682.4483229274705,-0.0011749446857720613,682.162,0.10389118083683013,0.08693798218857794,682.4483229274705,0.0028217961930435773
682.9138402009545,-0.0030212863348424435,682.625,0.15835735983060362,0.0913581274374696,682.9138402009545,0.0028294134615760363
683.3793574744384,-0.00553902518004179,683.088,0.058139486595969014,0.09315134556444479,683.3793574744384,0.002857396901435959
683.8448747479224,-0.00553902518004179,683.553,0.10606980202505834,0.09222837748619162,683.8448747479224,0.0029340033960480777
684.3103920214063,-0.0028534370940178633,684.017,0.071211473440566,0.08891023068011299,684.3103920214063,0.002982367401802283
684.7759092948902,0.0011749446857720613,684.483,0.13874950942132247,0.08386022416507055,684.7759092948902,0.0030233012294844206
685.2414265683742,0.00520332669839263,684.947,0.09735518741453175,0.0779563325945332,685.2414265683742,0.003082625466979451
685.7069438418581,0.006546120624989271,685.413,0.0028626858201028504,0.07212146020007486,685.7069438418581,0.003110349860730341
686.1724611153421,0.00520332669839263,685.878,0.04724625079721445,0.06714242260563295,686.1724611153421,0.0031295071399412597
686.637978388826,0.002517738612368703,686.344,0.0668541012064956,0.06352073707750101,686.637978388826,0.003176193495510869
687.10349566231,0.000839246204122901,686.811,0.042889008420758046,0.061395782834330045,687.10349566231,0.003226426352578267
687.5690129357939,0.0011749446857720613,687.276,0.07339009462879398,0.06055945545614933,687.5690129357939,0.003240959815599538
688.0345302092779,0.0011749446857720613,687.737,0.03199577262200326,0.06055355369925788,688.0345302092779,0.0032877242965746027
688.5000474827618,0.0011749446857720613,688.206,0.10824842321328632,0.06081994707642882,688.5000474827618,0.0033122475862501716
688.9655647562458,0.000839246204122901,688.67,0.07556871581702218,0.06086204002140457,688.9655647562458,0.0033051011301202826
689.4310820297297,0.0011749446857720613,689.132,0.08210470923932056,0.06037357285933715,689.4310820297297,0.0033063737603506176
689.8965993032137,0.0031891355756670237,689.599,0.08210470923932056,0.05929979646009973,689.8965993032137,0.0032929176149301288
690.3621165766976,0.0010070954449474812,690.064,0.0189237857774065,0.05781750838012709,690.3621165766976,0.0033018712478482997
690.8276338501817,-0.001678492408245802,690.53,0.042889008420758046,0.056247938384198296,690.8276338501817,0.003348448637156625
691.2931511236656,-0.0028534370940178633,690.995,0.062496858830039415,0.054938135836631694,691.2931511236656,0.003355136620625724
691.7586683971494,-0.004867628216743469,691.461,0.0072199281965592554,0.05415284968792517,691.7586683971494,0.0033587201300525325
692.2241856706335,-0.004867628216743469,691.925,0.062496858830039415,0.05400926657471943,692.2241856706335,0.003355572482020449
692.6897029441174,-0.0041962312534451485,692.391,0.04071038723252984,0.054467892943837935,692.6897029441174,0.0033268283437456235
693.1552202176014,-0.005035477224737406,692.851,0.15617873864237564,0.05537146016618586,693.1552202176014,0.0033085181159513573
693.6207374910853,-0.00553902518004179,693.317,0.005851928790423733,0.05650736633670587,693.6207374910853,0.0032996713935511215
694.0862547645693,-0.00587472366169095,693.785,0.021102536823248697,0.05766698200660318,694.0862547645693,0.0032731435613808806
694.5517720380532,-0.006210422143340111,694.247,0.07339009462879398,0.058688553963950243,694.5517720380532,0.003301554637377777
695.0172893115372,-0.004531929735094309,694.71,0.07774733700525038,0.059485295421620746,695.0172893115372,0.003340483920936818
695.4828065850211,-0.0030212863348424435,695.181,0.0668541012064956,0.06006179069524642,695.4828065850211,0.003330736692137594
695.9483238585051,-0.0041962312534451485,695.644,0.04942487198544265,0.06051391609682443,695.9483238585051,0.0033018609700156435
696.413841131989,-0.00553902518004179,696.106,0.10171255964860193,0.06100455033896979,696.413841131989,0.0032477074291122877
696.879358405473,-0.006210422143340111,696.572,0.03199577262200326,0.061714308129560295,696.879358405473,0.003149087953590122
697.3448756789569,-0.0068818191066384315,697.035,0.03199577262200326,0.06277763169009452,697.3448756789569,0.003084321638435213
697.8103929524408,-0.007553216069936752,697.501,0.10171255964860193,0.06422334428496103,697.8103929524408,0.0030929997741926942
698.2759102259248,-0.00553902518004179,697.966,0.04724625079721445,0.06594081447938364,698.2759102259248,0.003155634077355796
698.7414274994087,-0.0005035477224737406,698.431,0.016745164589178296,0.06768730079343832,698.7414274994087,0.003209958258834306
699.2069447728927,0.0031891355756670237,698.895,0.06467548001826762,0.06914228828494777,699.2069447728927,0.003230233968462465
699.6724620463766,0.00520332669839263,699.361,0.10389118083683013,0.07000184557871075,699.6724620463766,0.0032256656629614253
700.1379793198606,0.0041962312534451485,699.825,0.1670719744411302,0.07008844744400404,700.1379793198606,0.003260797616243159
700.6034965933445,0.000839246204122901,700.291,0.012387922212722113,0.0694369128088689,700.6034965933445,0.0032910343691299696
701.0690138668285,0.0011749446857720613,700.759,0.021102536823248697,0.0683213237547189,701.0690138668285,0.0032911022145695598
701.5345311403124,0.0021820401307195425,701.222,0.14528550284362085,0.06721294945477477,701.5345311403124,0.003331865395194209
702.0000484137964,0.0011749446857720613,701.692,0.012387922212722113,0.06668479165528655,702.0000484137964,0.0033323958274848724
702.4655656872803,0.0011749446857720613,702.154,0.12349903124611128,0.06728730997371445,702.4655656872803,0.0033234236911625858
702.9310829607643,0.0003356984816491604,702.615,0.012387922212722113,0.06941821450634228,702.9310829607643,0.00334015700975868
703.3966002342482,-0.0030212863348424435,703.084,0.07774733700525038,0.07320991471436147,703.3966002342482,0.0033492257727658816
703.8621175077323,-0.007553216069936752,703.55,0.04724625079721445,0.07846093756932747,703.8621175077323,0.003351588049612842
704.3276347812161,-0.007217517588287592,704.014,0.11260579544735672,0.08463369952400736,704.3276347812161,0.0033412425427411393
704.7931520547,-0.003524834057316184,704.48,0.06604347942440314,0.09092752491008303,704.7931520547,0.003288799547252652
705.258669328184,-0.0015106431674212217,704.945,0.009398549384787458,0.09641802774028917,705.258669328184,0.0032075897943149995
705.724186601668,-0.0005035477224737406,705.41,0.2781830834745196,0.10023698299917125,705.724186601668,0.003127975453269516
706.189703875152,0.0011749446857720613,705.87,0.071211473440566,0.10175153903413452,706.189703875152,0.0030727487079860193
706.6552211486359,0.0011749446857720613,706.335,0.06822210061263134,0.100694061248009,706.6552211486359,0.0030261815977765875
707.1207384221199,-0.001678492408245802,706.808,0.15400011745414743,0.09720587285501556,707.1207384221199,0.0029824229055009244
707.5862556956038,-0.004531929735094309,707.266,0.08565132983368429,0.09178814371467049,707.5862556956038,0.0029315794335396006
708.0517729690878,-0.004531929735094309,707.736,0.01593454280708584,0.0851829514622155,708.0517729690878,0.0029119513436657606
708.5172902425717,-0.0003356984816491604,708.198,0.07339009462879398,0.07822420675311985,708.5172902425717,0.0029576261739060793
708.9828075160557,0.002517738612368703,708.666,0.09517656622630355,0.07170021655593295,708.9828075160557,0.0029895426338587363
709.4483247895396,0.0030212863348424435,709.129,0.0668541012064956,0.0662571370374394,709.4483247895396,0.0029831568728156004
709.9138420630236,-0.0001678492408245802,709.594,0.04942487198544265,0.06235110587639267,709.9138420630236,0.0029587610511028536
710.3793593365075,-0.0028534370940178633,710.057,0.04724625079721445,0.06024003409754975,710.3793593365075,0.0029791436707470183
710.8448766099914,-0.0028534370940178633,710.523,0.10171255964860193,0.06000023706157271,710.8448766099914,0.003004386539741186
711.3103938834754,-0.000839246204122901,710.988,0.0668541012064956,0.06155254834646428,711.3103938834754,0.0030119215720003528
711.7759111569593,0.0011749446857720613,711.453,0.0690327223947238,0.06468356877497863,711.7759111569593,0.0029827991376647836
712.2414284304433,0.0023498893715441227,711.917,0.0668541012064956,0.06905432091835724,712.2414284304433,0.0029372702782010647
712.7069457039272,0.000839246204122901,712.383,0.062496858830039415,0.07420231360570784,712.7069457039272,0.0029152819657092613
713.1724629774112,-0.0015106431674212217,712.848,0.0028626858201028504,0.079556780122101,713.1724629774112,0.002869757217834905
713.6379802508951,-0.002517738612368703,713.314,0.09517656622630355,0.08449051090802608,713.6379802508951,0.00283836913374226
714.1034975243791,-0.0021820401307195425,713.777,0.04942487198544265,0.08841827362753552,714.1034975243791,0.002787511269481365
714.569014797863,-0.0028534370940178633,714.247,0.3065055484943273,0.09092231081611646,714.569014797863,0.0027319740788498484
715.034532071347,-0.0031891355756670237,714.707,0.009398549384787458,0.09185548674329813,715.034532071347,0.00270177844124067
715.5000493448309,-0.0015106431674212217,715.177,0.1169630378238129,0.09136856635339838,715.5000493448309,0.0026469669981844723
715.9655666183149,-0.0015106431674212217,715.637,0.0072199281965592554,0.08984178412801774,715.9655666183149,0.002594493162148159
716.4310838917988,-0.0021820401307195425,716.107,0.1169630378238129,0.08775003535763082,716.4310838917988,0.0025259356840315436
716.8966011652828,-0.002517738612368703,716.565,0.04506762960898625,0.08551870465938888,716.8966011652828,0.002442304032142923
717.3621184387667,-0.0031891355756670237,717.032,0.09953380860275995,0.08341977041794937,717.3621184387667,0.002334494497500826
717.8276357122506,-0.003524834057316184,717.497,0.07774733700525038,0.08153127699703544,717.8276357122506,0.0022405379002921042
718.2931529857347,-0.003524834057316184,717.962,0.08210470923932056,0.07975790261749043,718.2931529857347,0.0022162592667845046
718.7586702592185,-0.0028534370940178633,718.427,0.09517656622630355,0.07789474464412355,718.7586702592185,0.00223954693334312
719.2241875327026,-0.0018463416490703821,718.892,0.10389118083683013,0.07571073469649743,719.2241875327026,0.0022827320162354787
719.6897048061865,-0.002517738612368703,719.358,0.012387922212722113,0.073030760346387,719.6897048061865,0.002331603837589997
720.1552220796705,-0.004867628216743469,719.822,0.036353014998459665,0.0698038026418628,720.1552220796705,0.002348189130573041
720.6207393531544,-0.006210422143340111,720.288,0.14746412403184905,0.06615061528452583,720.6207393531544,0.002320252975097335
721.0862566266384,-0.007553216069936752,720.751,0.11042717425912851,0.062380548162544326,721.0862566266384,0.002318900165657478
721.5517739001223,-0.008896009996533394,721.221,0.04506762960898625,0.0589586008585384,721.5517739001223,0.0023518034783460203
722.0172911736063,-0.007049668114632368,721.685,0.012387922212722113,0.05640950940982392,722.0172911736063,0.0023872068179006437
722.4828084470902,-0.0031891355756670237,722.147,0.08864057280400517,0.05517222529964686,722.4828084470902,0.0024314753837929195
722.9483257205742,-0.0001678492408245802,722.611,0.02029178518354202,0.05544713882629971,722.9483257205742,0.0024950328069368055
723.4138429940581,0.0005035477224737406,723.08,0.00367330760219553,0.05708942124737115,723.4138429940581,0.002543516056371427
723.8793602675421,-0.0015106431674212217,723.546,0.04506762960898625,0.05959300682886409,723.8793602675421,0.002520168766779089
724.344877541026,-0.0021820401307195425,724.011,0.03336377202813878,0.06218740410286498,724.344877541026,0.0025048355428426722
724.8103948145099,-0.0015106431674212217,724.477,0.09735518741453175,0.06403605831661975,724.8103948145099,0.0025117846322623098
725.2759120879939,0.000839246204122901,724.936,0.12349903124611128,0.06448569047467144,725.2759120879939,0.0025226564611186574
725.7414293614778,0.0011749446857720613,725.402,0.14964274522007703,0.0632861525647767,725.7414293614778,0.0025003412552102497
726.2069466349618,0.0003356984816491604,725.866,0.06467548001826762,0.06069813030454224,726.2069466349618,0.002497824780130137
726.6724639084457,-0.0020141908898949623,726.331,0.042889008420758046,0.057440172728855245,726.6724639084457,0.0024967310175236924
727.1379811819297,-0.0020141908898949623,726.803,0.012387922212722113,0.05448645899922622,727.1379811819297,0.002474201993340035
727.6034984554136,-0.0011749446857720613,727.261,0.005041307008331053,0.05278456253672068,727.6034984554136,0.0024306776793768707
728.0690157288976,-0.000839246204122901,727.729,0.005851928790423733,0.05299046648023336,728.0690157288976,0.0023735204074453353
728.5345330023815,0.0003356984816491604,728.191,0.05378224421951283,0.055306198395779126,728.5345330023815,0.002384774638102579
729.0000502758655,0.0001678492408245802,728.659,0.027638400387933082,0.059463061840038724,729.0000502758655,0.002424713388566791
729.4655675493494,-0.0028534370940178633,729.121,0.16271473206467402,0.06483950505085527,729.4655675493494,0.002449384703590184
729.9310848228334,-0.00553902518004179,729.587,0.09953380860275995,0.0706572766889502,729.9310848228334,0.0024288417177270745
730.3966020963173,-0.00553902518004179,730.05,0.0668541012064956,0.07617963365263505,730.3966020963173,0.0024188004919564196
730.8621193698012,-0.0041962312534451485,730.516,0.10171255964860193,0.08084867823856867,730.8621193698012,0.0024009507946795377
731.3276366432852,-0.0031891355756670237,730.981,0.055960865407741034,0.08433614789036387,731.3276366432852,0.0023977352994653655
731.7931539167691,-0.0028534370940178633,731.446,0.05378224421951283,0.08652080368190179,731.7931539167691,0.0023454362214798594
732.2586711902532,-0.0028534370940178633,731.911,0.12349903124611128,0.08742753901915397,732.2586711902532,0.0022692614744857075
732.724188463737,-0.0023498893715441227,732.377,0.021102536823248697,0.08716464229164081,732.724188463737,0.0022320550774978464
733.1897057372211,-0.0001678492408245802,732.844,0.12349903124611128,0.08588303431928294,733.1897057372211,0.0022232062991546305
733.655223010705,0.0011749446857720613,733.309,0.08565132983368429,0.08376377126531305,733.655223010705,0.002167874703100592
734.120740284189,0.0011749446857720613,733.77,0.10171255964860193,0.08102448866974521,734.120740284189,0.0021442786431157784
734.5862575576729,0.0005035477224737406,734.239,0.04942487198544265,0.07792672023661326,734.5862575576729,0.0021440566022093636
735.0517748311569,0.0011749446857720613,734.7,0.12785627362256768,0.07476702337720993,735.0517748311569,0.002117242994720662
735.5172921046408,0.0023498893715441227,735.169,0.08210470923932056,0.0718436427390397,735.5172921046408,0.002135586118763323
735.9828093781248,0.002517738612368703,735.633,0.005041307008331053,0.06940280200324869,735.9828093781248,0.002148846951679742
736.4483266516087,0.002517738612368703,736.095,0.05378224421951283,0.06758205038843876,736.4483266516087,0.0021279092289881248
736.9138439250927,0.0018463416490703821,736.561,0.08210470923932056,0.06637682707837672,736.9138439250927,0.0021005610760052294
737.3793611985766,-0.0001678492408245802,737.025,0.04506762960898625,0.06565136748630276,737.3793611985766,0.0020938772058337733
737.8448784720605,-0.0015106431674212217,737.49,0.07774733700525038,0.06519591458857509,737.8448784720605,0.002078492584891394
738.3103957455445,-0.0001678492408245802,737.962,0.11260579544735672,0.06481121686969142,738.3103957455445,0.0020696664219751436
738.7759130190284,0.000839246204122901,738.42,0.03417439381023146,0.06439037070836227,738.7759130190284,0.002055248094073626
739.2414302925124,0.0011749446857720613,738.892,0.05378224421951283,0.06397013068619495,739.2414302925124,0.0020275689338716983
739.7069475659963,0.0011749446857720613,739.35,0.13221364585663786,0.06373486371917558,739.7069475659963,0.002001826468762755
740.1724648394803,0.0005035477224737406,739.822,0.048614250203349973,0.06396939366903491,740.1724648394803,0.001981552815314283
740.6379821129642,0.0006713969632983208,740.28,0.048614250203349973,0.06496902902056566,740.6379821129642,0.001942288413360368
741.1034993864482,0.0028534370940178633,740.751,0.013755921618857636,0.06692871365984208,741.1034993864482,0.001928649288036469
741.5690166599321,0.006210422143340111,741.213,0.08864057280400517,0.06984575033325319,741.5690166599321,0.0019390749752014101
742.0345339334161,0.008560311049222946,741.681,0.04071038723252984,0.07347050757206565,742.0345339334161,0.0019433040501335762
742.5000512069,0.007553216069936752,742.144,0.14092826046716445,0.07732211436753171,742.5000512069,0.0019790342833129935
742.965568480384,0.0038605325389653444,742.607,0.058139486595969014,0.08076226469284385,742.965568480384,0.0019772271094735602
743.4310857538679,0.0011749446857720613,743.07,0.0668541012064956,0.08310543662478932,743.4310857538679,0.0019508308543886277
743.8966030273518,-0.0001678492408245802,743.535,0.0668541012064956,0.08374325573989008,743.8966030273518,0.0019374857286627452
744.3621203008358,0.0001678492408245802,744.007,0.10606980202505834,0.0822660428764562,744.3621203008358,0.0019251068960404664
744.8276375743197,-0.000839246204122901,744.465,0.10389118083683013,0.07856453159609444,744.8276375743197,0.0019289453415469247
745.2931548478037,-0.002517738612368703,744.93,0.09953380860275995,0.0728891391055343,745.2931548478037,0.0019648955637793777
745.7586721212876,-0.0018463416490703821,745.396,0.02981715143377528,0.06584398880042737,745.7586721212876,0.0020327499093883016
746.2241893947717,-0.000839246204122901,745.862,0.11260579544735672,0.05830558179420553,746.2241893947717,0.0021469657694142778
746.6897066682556,-0.0015106431674212217,746.328,0.005041307008331053,0.05127649411876799,746.6897066682556,0.0022803430182385146
747.1552239417396,-0.0018463416490703821,746.796,0.0668541012064956,0.04570251699166612,747.1552239417396,0.0023884506687080072
747.6207412152235,-0.0015106431674212217,747.258,0.005851928790423733,0.04229223922068927,747.6207412152235,0.0024353899035644247
748.0862584887075,-0.000839246204122901,747.726,0.00367330760219553,0.041380696968475066,748.0862584887075,0.0024517983850947103
748.5517757621914,-0.000839246204122901,748.188,0.04506762960898625,0.04287198781641474,748.5517757621914,0.0024727093816768967
749.0172930356754,-0.0028534370940178633,748.651,0.04506762960898625,0.04627784527494026,749.0172930356754,0.002494520881210145
749.4828103091593,-0.003524834057316184,749.121,0.04071038723252984,0.05084269907429938,749.4828103091593,0.0025055386800246016
749.9483275826433,-0.002517738612368703,749.587,0.15835735983060362,0.05571951789537404,749.9483275826433,0.002497662362779339
750.4138448561272,-0.0015106431674212217,750.049,0.009398549384787458,0.06014584525365613,750.4138448561272,0.0024843295727911894
750.8793621296111,0.0001678492408245802,750.515,0.10389118083683013,0.06357342806989384,750.8793621296111,0.0024565188322642124
751.3448794030951,0.000839246204122901,750.981,0.03199577262200326,0.06572660038708215,751.3448794030951,0.002417069398453693
751.810396676579,0.0011749446857720613,751.44,0.055960865407741034,0.06659250529770885,751.810396676579,0.002424222024095134
752.275913950063,0.002517738612368703,751.907,0.07556871581702218,0.06636543340192935,752.275913950063,0.0024578120204413675
752.7414312235469,0.002517738612368703,752.373,0.055960865407741034,0.0653715249938873,752.7414312235469,0.002475978332478004
753.2069484970309,-0.0001678492408245802,752.837,0.07556871581702218,0.06399327249658314,753.2069484970309,0.002458099852116331
753.6724657705148,-0.0028534370940178633,753.303,0.036353014998459665,0.06260416000424301,753.6724657705148,0.0024128588265606007
754.1379830439988,-0.0041962312534451485,753.766,0.09299794503807535,0.061517635040412334,754.1379830439988,0.002364167928610395
754.6035003174827,-0.0041962312534451485,754.236,0.042889008420758046,0.060951408504858653,754.6035003174827,0.002380572297216635
755.0690175909667,-0.0015106431674212217,754.696,0.07339009462879398,0.06100625476030545,755.0690175909667,0.002449514236077306
755.5345348644506,0.000839246204122901,755.166,0.06031823764181121,0.061658270098244865,755.5345348644506,0.0024979543117788056
756.0000521379346,-0.0001678492408245802,755.629,0.03989963559282339,0.06276533956323184,756.0000521379346,0.0025219245543755702
756.4655694114185,-0.003524834057316184,756.092,0.07339009462879398,0.06409057248369222,756.4655694114185,0.002561429498957403
756.9310866849024,-0.00587472366169095,756.557,0.04724625079721445,0.06534473024505705,756.9310866849024,0.0025909960151172078
757.3966039583864,-0.006378271151334047,757.021,0.07556871581702218,0.06624456190042445,757.3966039583864,0.0025841641167032667
757.8621212318703,-0.004867628216743469,757.487,0.10389118083683013,0.06657592274520349,757.8621212318703,0.002572955115628013
758.3276385053543,-0.0041962312534451485,757.952,0.07556871581702218,0.0662442540808847,758.3276385053543,0.002576923085573578
758.7931557788382,-0.0041962312534451485,758.418,0.02247053622938422,0.06529631022321636,758.7931557788382,0.002577264372045505
759.2586730523223,-0.0031891355756670237,758.885,0.10171255964860193,0.06390777966198814,759.2586730523223,0.002575290666664991
759.7241903258061,-0.0021820401307195425,759.351,0.014566543400950316,0.06234523535014578,759.7241903258061,0.002579094161001048
760.1897075992902,-0.0015106431674212217,759.811,0.06467548001826762,0.06091787402376392,760.1897075992902,0.0025653522378893314
760.655224872774,-0.0018463416490703821,760.276,0.08428333042754876,0.05993120126412043,760.655224872774,0.0025781998252800307
761.1207421462581,-0.0021820401307195425,760.744,0.10389118083683013,0.059645566838700904,761.1207421462581,0.002598829156792735
761.586259419742,-0.0028534370940178633,761.206,0.008030549978651935,0.06023560814130328,761.586259419742,0.002622139437894232
762.051776693226,-0.002517738612368703,761.67,0.06467548001826762,0.06174971788669068,762.051776693226,0.002624417422253991
762.5172939667099,-0.0015106431674212217,762.139,0.04071038723252984,0.06407997332964495,762.5172939667099,0.0025953875068583146
762.9828112401939,-0.0015106431674212217,762.607,0.04724625079721445,0.06696013397213219,762.9828112401939,0.0025866168535298452
763.4483285136778,-0.0028534370940178633,763.069,0.1213204100578833,0.07000253673657275,763.4483285136778,0.0025555104356103624
763.9138457871617,-0.003524834057316184,763.536,0.04942487198544265,0.07276788674107443,763.9138457871617,0.002502931749151436
764.3793630606457,-0.0041962312534451485,763.995,0.09517656622630355,0.07484734575697921,764.3793630606457,0.0024341563438395704
764.8448803341296,-0.004364080261439085,764.461,0.08864057280400517,0.07593274859543907,764.8448803341296,0.0023600663227532877
765.3103976076136,-0.0041962312534451485,764.926,0.09299794503807535,0.07585802355461962,765.3103976076136,0.002269125793245896
765.7759148810975,-0.0023498893715441227,765.392,0.02545977919970488,0.07460763815469948,765.7759148810975,0.0021690465974294132
766.2414321545815,0.0011749446857720613,765.858,0.055960865407741034,0.07230105007120273,766.2414321545815,0.0020863154549371123
766.7069494280654,0.0018463416490703821,766.324,0.07339009462879398,0.06916961185792735,766.7069494280654,0.002056154771258958
767.1724667015494,0.0001678492408245802,766.792,0.09517656622630355,0.06553748298803981,767.1724667015494,0.0020730546160944788
767.6379839750333,-0.0031891355756670237,767.255,0.07992608805109236,0.06180266291475521,767.6379839750333,0.002072840798324014
768.1035012485173,-0.00520332669839263,767.718,0.10389118083683013,0.058401810279164454,768.1035012485173,0.0020164627273388195
768.5690185220012,-0.0038605325389653444,768.18,0.005851928790423733,0.05574639518796127,768.5690185220012,0.0019289289028838511
769.0345357954852,-0.0028534370940178633,768.651,0.00367330760219553,0.05413799479902793,769.0345357954852,0.001849524270358014
769.5000530689691,-0.0023498893715441227,769.114,0.04506762960898625,0.05369256687476062,769.5000530689691,0.0018126036437890768
769.9655703424531,-0.002517738612368703,769.579,0.07556871581702218,0.05430837278372599,769.9655703424531,0.0018063659104665313
770.431087615937,-0.0018463416490703821,770.042,0.07556871581702218,0.05569343991538356,770.431087615937,0.0018266292823634913
770.8966048894209,-0.0001678492408245802,770.508,0.04506762960898625,0.05744022991097656,770.8966048894209,0.0018858938959064944
771.3621221629049,0.0005035477224737406,770.974,0.09953380860275995,0.05911833886544944,771.3621221629049,0.0019649449045856912
771.8276394363888,-0.000839246204122901,771.439,0.021102536823248697,0.0603578226254752,771.8276394363888,0.0020342178483496657
772.2931567098728,-0.0015106431674212217,771.9,0.07556871581702218,0.060908119590215096,772.2931567098728,0.0021089513765656697
772.7586739833567,-0.0005035477224737406,772.366,0.06031823764181121,0.06066978636943926,772.7586739833567,0.002183800037485883
773.2241912568408,-0.0001678492408245802,772.833,0.04506762960898625,0.05970267047842597,773.2241912568408,0.0022435663006026506
773.6897085303247,-0.000839246204122901,773.298,0.04942487198544265,0.0582143550765363,773.6897085303247,0.002297246972396152
774.1552258038087,-0.0021820401307195425,773.766,0.12567765243433948,0.056529349357595945,774.1552258038087,0.0023699492285373133
774.6207430772926,-0.0028534370940178633,774.228,0.012387922212722113,0.05503615647869455,774.6207430772926,0.002454070191886346
775.0862603507766,-0.002517738612368703,774.692,0.10389118083683013,0.05411084944955777,775.0862603507766,0.0025120107772262637
775.5517776242605,-0.0038605325389653444,775.155,0.0028626858201028504,0.054025919137102495,775.5517776242605,0.002547862311087128
776.0172948977445,-0.0038605325389653444,775.625,0.016745164589178296,0.05486848417884321,776.0172948977445,0.002560313101847742
776.4828121712284,-0.0021820401307195425,776.088,0.03853163618668787,0.056501456828842736,776.4828121712284,0.0025591987807241008
776.9483294447123,-0.0001678492408245802,776.554,0.0690327223947238,0.05859442557925524,776.9483294447123,0.0025781093441223243
777.4138467181963,-0.0001678492408245802,777.018,0.05378224421951283,0.0607265456378275,777.4138467181963,0.002612554612574243
777.8793639916802,-0.0021820401307195425,777.483,0.1169630378238129,0.06253240247227136,777.8793639916802,0.0026446067632948547
778.3448812651642,-0.003524834057316184,777.948,0.10389118083683013,0.0638397927606438,778.3448812651642,0.002644277811978875
778.8103985386481,-0.003524834057316184,778.414,0.02981715143377528,0.06474664442453006,778.8103985386481,0.002673003446752621
779.2759158121321,-0.0015106431674212217,778.881,0.14528550284362085,0.06560390350436425,779.2759158121321,0.0027038384823405183
779.741433085616,-0.0005035477224737406,779.346,0.012387922212722113,0.06690408313543406,779.741433085616,0.0027428582271397093
780.2069503591,-0.0021820401307195425,779.811,0.035542393216366985,0.06910894593664191,780.2069503591,0.0027657347044549624
780.6724676325839,-0.0028534370940178633,780.27,0.00367330760219553,0.07247346758096435,780.6724676325839,0.002755950471499761
781.1379849060679,-0.000839246204122901,780.74,0.1213204100578833,0.07692734015495263,781.1379849060679,0.0027413101011347
781.6035021795518,0.0011749446857720613,781.203,0.0690327223947238,0.08205437123110093,781.6035021795518,0.0027522579970066085
782.0690194530358,0.0038605325389653444,781.666,0.09081932384984714,0.08717273510556822,782.0690194530358,0.002775706029524648
782.5345367265197,0.0038605325389653444,782.136,0.09517656622630355,0.09148563998140789,782.5345367265197,0.002794357540756438
783.0000540000037,0.0005035477224737406,782.595,0.14528550284362085,0.09425616167288024,783.0000540000037,0.002790060620079531
783.4655712734876,-0.0015106431674212217,783.065,0.10824842321328632,0.0949603250777432,783.4655712734876,0.0028121825703280446
783.9310885469715,-0.0015106431674212217,783.531,0.05378224421951283,0.09338404577425029,783.9310885469715,0.002880326804401921
784.3966058204555,0.0001678492408245802,783.995,0.09517656622630355,0.08964972325682194,784.3966058204555,0.002892545274341589
784.8621230939394,0.0018463416490703821,784.461,0.10171255964860193,0.08417977233432257,784.8621230939394,0.0029008615644254953
785.3276403674234,0.0010070954449474812,784.925,0.071211473440566,0.0776164657793704,785.3276403674234,0.0029326855064620854
785.7931576409073,-0.0005035477224737406,785.391,0.04942487198544265,0.07071845044218054,785.7931576409073,0.002967225349095314
786.2586749143913,-0.0001678492408245802,785.856,0.062496858830039415,0.06425175468351647,786.2586749143913,0.002998006927881372
786.7241921878752,0.000839246204122901,786.321,0.062496858830039415,0.058890782933813064,786.7241921878752,0.003021901097604809
787.1897094613593,0.0011749446857720613,786.784,0.08210470923932056,0.05513989889019805,787.1897094613593,0.003012879620139687
787.6552267348432,0.000839246204122901,787.247,0.058139486595969014,0.05327929215786904,787.6552267348432,0.0029901984574360486
788.1207440083272,-0.000839246204122901,787.714,0.012387922212722113,0.05333641619931701,788.1207440083272,0.002985239523139566
788.5862612818111,-0.0028534370940178633,788.177,0.00367330760219553,0.05508912037920257,788.5862612818111,0.0030226823567813406
789.0517785552951,-0.004364080261439085,788.64,0.10824842321328632,0.058110435934275666,789.0517785552951,0.0030292058638680705
789.517295828779,-0.004867628216743469,789.11,0.04071038723252984,0.06185619635582147,789.517295828779,0.0030206634210231615
789.9828131022629,-0.00553902518004179,789.575,0.15400011745414743,0.06577609182211877,789.9828131022629,0.0030380566990953883
790.4483303757469,-0.006546120624989271,790.038,0.05378224421951283,0.06941268230850542,790.4483303757469,0.00305696726642636
790.9138476492308,-0.007888914085924625,790.504,0.03199577262200326,0.07245698920914596,790.9138476492308,0.0030345718770448623
791.3793649227148,-0.008224613033235073,790.969,0.08428333042754876,0.07475222091545712,791.3793649227148,0.002997961698125418
791.8448821961987,-0.008224613033235073,791.435,0.07339009462879398,0.07626167762127561,791.8448821961987,0.002972613975069633
792.3103994696827,-0.009567406959831715,791.9,0.09517656622630355,0.07702665782735074,792.3103994696827,0.0029293055343550573
792.7759167431666,-0.010910200886428356,792.366,0.011577300430629434,0.07713515838697585,792.7759167431666,0.0029253231711688
793.2414340166506,-0.01124589890241623,792.826,0.09517656622630355,0.07671293245583445,793.2414340166506,0.0029816580698639257
793.7069512901345,-0.010238803923130035,793.292,0.07774733700525038,0.07593926396030438,793.7069512901345,0.00303109733259314
794.1724685636185,-0.007553216069936752,793.755,0.14746412403184905,0.07507741319037985,794.1724685636185,0.0030490231012289984
794.6379858371024,-0.006210422143340111,794.225,0.0028626858201028504,0.07449731434620983,794.6379858371024,0.003029775361633493
795.1035031105864,-0.006210422143340111,794.688,0.12349903124611128,0.07466639392731957,795.1035031105864,0.003003500409135064
795.5690203840703,-0.0028534370940178633,795.15,0.07992608805109236,0.07609604627506465,795.5690203840703,0.002963787819745097
796.0345376575543,-0.0001678492408245802,795.618,0.09299794503807535,0.07924706079602484,796.0345376575543,0.002909169637114293
796.5000549310382,0.0011749446857720613,796.08,0.036353014998459665,0.08440997835800203,796.5000549310382,0.0028798765603070663
796.9655722045221,0.000839246204122901,796.546,0.09517656622630355,0.09158665029270704,796.9655722045221,0.0028744488698019604
797.4310894780061,-0.0001678492408245802,797.011,0.09735518741453175,0.10040555426436093,797.4310894780061,0.002894153029583169
797.89660675149,-0.0001678492408245802,797.477,0.10171255964860193,0.11009987881371755,797.89660675149,0.002873213249360073
798.362124024974,-0.0001678492408245802,797.944,0.1169630378238129,0.11956442487684928,798.362124024974,0.0028269565905760263
798.8276412984579,-0.0005035477224737406,798.409,0.10389118083683013,0.1274925533228868,798.8276412984579,0.002811956429676138
799.293158571942,-0.0001678492408245802,798.874,0.10171255964860193,0.1325821484332396,799.293158571942,0.0028256325616343022
799.7586758454258,-0.000839246204122901,799.34,0.03199577262200326,0.13378622713591842,799.7586758454258,0.0028409781194604303
800.2241931189099,-0.0011749446857720613,799.807,0.4372245079369981,0.13056274352561392,800.2241931189099,0.0028606123776195114
800.6897103923937,0.0011749446857720613,800.265,0.10606980202505834,0.12305250164383973,800.6897103923937,0.002943945916983218
801.1552276658778,0.002517738612368703,800.733,0.10171255964860193,0.11210867905493446,801.1552276658778,0.0030307211047527365
801.6207449393617,0.0011749446857720613,801.195,0.0006839347742608748,0.0991440605881713,801.6207449393617,0.0030779440613317374
802.0862622128457,0.0011749446857720613,801.666,0.06467548001826762,0.08583942801473028,802.0862622128457,0.0031067375448960355
802.5517794863296,0.0011749446857720613,802.129,0.04506762960898625,0.07381353451869578,802.5517794863296,0.0031426898217738622
803.0172967598135,0.000839246204122901,802.595,0.07339009462879398,0.06435347547760034,803.0172967598135,0.003196092942522754
803.4828140332975,0.0011749446857720613,803.058,0.07556871581702218,0.058258450240515375,803.4828140332975,0.003255709122814405
803.9483313067814,0.0023498893715441227,803.524,0.05378224421951283,0.055798979151732306,803.9483313067814,0.0032865462131303805
804.4138485802654,0.0018463416490703821,803.989,0.08210470923932056,0.056762758015238834,804.4138485802654,0.0032661533130155674
804.8793658537493,-0.0001678492408245802,804.454,0.0668541012064956,0.060550719771897785,804.8793658537493,0.003195319914216482
805.3448831272333,-0.0015106431674212217,804.922,0.03199577262200326,0.06629455858629389,805.3448831272333,0.0031110159703366235
805.8104004007172,-0.000839246204122901,805.38,0.08428333042754876,0.07298018499869148,805.8104004007172,0.0030268477188502953
806.2759176742012,0.0021820401307195425,805.845,0.08864057280400517,0.07957185357334688,806.2759176742012,0.002905783514797263
806.7414349476851,0.0038605325389653444,806.31,0.062496858830039415,0.08513413071791504,806.7414349476851,0.00279012232904094
807.2069522211691,0.00520332669839263,806.781,0.04724625079721445,0.08894475799663454,807.2069522211691,0.00270414896939734
807.672469494653,0.00587472366169095,807.243,0.21064491763614912,0.09058479541194893,807.672469494653,0.0025956691856168393
808.137986768137,0.0036926832981407642,807.711,0.11260579544735672,0.08998589799160867,808.137986768137,0.002429984857564092
808.6035040416209,-0.0005035477224737406,808.173,0.00367330760219553,0.08741516204767437,808.6035040416209,0.0022868953299332037
809.0690213151049,-0.003524834057316184,808.637,0.07339009462879398,0.08339508654727107,809.0690213151049,0.0021533248314893616
809.5345385885888,-0.0028534370940178633,809.107,0.08428333042754876,0.07858287487168329,809.5345385885888,0.0019964604923724113
810.0000558620727,-0.0003356984816491604,809.565,0.08428333042754876,0.07364585018601555,810.0000558620727,0.0018470674501671635
810.4655731355567,-0.0001678492408245802,810.031,0.1169630378238129,0.06915840850481221,810.4655731355567,0.0016643085219145623
810.9310904090406,-0.0005035477224737406,810.497,0.0006839347742608748,0.06552819616684308,810.9310904090406,0.0014422399316565296
811.3966076825246,-0.0015106431674212217,810.962,0.027638400387933082,0.06295415878721432,811.3966076825246,0.0011965444528266598
811.8621249560085,-0.003524834057316184,811.428,0.10389118083683013,0.06142373851631104,811.8621249560085,0.0009836577351565378
812.3276422294925,-0.003524834057316184,811.895,0.042889008420758046,0.060754294501693416,812.3276422294925,0.0008176650169629639
812.7931595029764,-0.0021820401307195425,812.361,0.11042717425912851,0.060669094616154426,812.7931595029764,0.0007032970326963878
813.2586767764604,0.0003356984816491604,812.826,0.04724625079721445,0.06088349157814567,813.2586767764604,0.0006374821718090278
813.7241940499443,0.0031891355756670237,813.285,0.04942487198544265,0.06117594586948754,813.7241940499443,0.0006651633751689417
814.1897113234284,0.00520332669839263,813.755,0.036353014998459665,0.06143049243585234,814.1897113234284,0.0007728516195418203
814.6552285969123,0.0038605325389653444,814.217,0.10171255964860193,0.06164990195636732,814.6552285969123,0.0009170863154120633
815.1207458703963,0.0038605325389653444,814.684,0.09081932384984714,0.06194260727464109,815.1207458703963,0.0010954537757909735
815.5862631438802,0.00520332669839263,815.147,0.024649157417612422,0.06248412615981208,815.5862631438802,0.0013131719839844331
816.0517804173642,0.00520332669839263,815.611,0.06031823764181121,0.06345573460972234,816.0517804173642,0.0015759235595729682
816.5172976908481,0.00520332669839263,816.08,0.07556871581702218,0.06497264503049752,816.5172976908481,0.001870143403853732
816.982814964332,0.004867628216743469,816.546,0.04724625079721445,0.06702196857847734,816.982814964332,0.0022267364454953533
817.448332237816,0.00520332669839263,817.007,0.07339009462879398,0.06942979256098529,817.448332237816,0.002706344766199684
817.9138495112999,0.0031891355756670237,817.472,0.04071038723252984,0.07186940725847839,817.9138495112999,0.0033384506019765777
818.3793667847839,0.002517738612368703,817.937,0.07339009462879398,0.07391374347524568,818.3793667847839,0.00407834541305988
818.8448840582678,0.0038605325389653444,818.403,0.09735518741453175,0.07512417480773864,818.8448840582678,0.004866010065678668
819.3104013317518,0.006210422143340111,818.87,0.10389118083683013,0.07515470585771801,819.3104013317518,0.005527900347616867
819.7759186052357,0.007217517588287592,819.335,0.09517656622630355,0.07384087087151041,819.7759186052357,0.006110188635965708
820.2414358787197,0.007888914085924625,819.796,0.06467548001826762,0.07124508306729586,820.2414358787197,0.006653985559724492
820.7069531522036,0.007553216069936752,820.266,0.02545977919970488,0.06764714924333848,820.7069531522036,0.007115598205932937
821.1724704256876,0.006210422143340111,820.729,0.06031823764181121,0.06349106715156873,821.1724704256876,0.007498996623189138
821.6379876991715,0.004867628216743469,821.191,0.05160362303128463,0.05931210036618305,821.6379876991715,0.00786942202736572
822.1035049726555,0.0036926832981407642,821.659,0.1213204100578833,0.0556636623234437,822.1035049726555,0.00821289813485988
822.5690222461394,0.00553902518004179,822.121,0.031185150839910802,0.05304911212073951,822.5690222461394,0.008575352649355243
823.0345395196233,0.007049668114632368,822.587,0.04071038723252984,0.05185532579635158,823.0345395196233,0.00894714527007823
823.5000567931073,0.00553902518004179,823.057,0.027638400387933082,0.05229114516747362,823.5000567931073,0.009299986207953059
823.9655740665912,0.004867628216743469,823.515,0.058139486595969014,0.05434603526559303,823.9655740665912,0.009626593319179024
824.4310913400752,0.00553902518004179,823.981,0.02247053622938422,0.0577876022883084,824.4310913400752,0.009933545614470199
824.8966086135591,0.005035477224737406,824.447,0.1292242730287032,0.062206109973066984,824.8966086135591,0.010245341697935534
825.3621258870431,0.0018463416490703821,824.914,0.00367330760219553,0.06709734139154275,825.3621258870431,0.010544748662960662
825.827643160527,-0.0015106431674212217,825.38,0.13358164526277339,0.07196242426885394,825.827643160527,0.010855792272259279
826.293160434011,-0.002517738612368703,825.844,0.005041307008331053,0.07639919125700535,826.293160434011,0.011219587279156569
826.7586777074949,-0.0015106431674212217,826.31,0.21282366868199132,0.0801617652169556,826.7586777074949,0.011599768144334454
827.224194980979,0.0005035477224737406,826.773,0.0769367152231577,0.08317017880489934,827.224194980979,0.011992745191966003
827.6897122544628,0.000839246204122901,827.236,0.02029178518354202,0.0854638301442297,827.6897122544628,0.01239671330471941
828.1552295279469,-0.0015106431674212217,827.703,0.03772101440459519,0.08711618682601577,828.1552295279469,0.012800471724518751
828.6207468014308,-0.003524834057316184,828.166,0.08565132983368429,0.08815261243349133,828.6207468014308,0.013205373238830125
829.0862640749148,-0.00520332669839263,828.637,0.09436594444421087,0.08851549547816996,829.0862640749148,0.013610052708647421
829.5517813483987,-0.007888914085924625,829.099,0.15536811686028296,0.08809380680920151,829.5517813483987,0.013913489323110999
830.0172986218826,-0.010910200886428356,829.565,0.01593454280708584,0.08679876948053993,830.0172986218826,0.014070037036163328
830.4828158953666,-0.012252994813024998,830.031,0.0791153364113859,0.08464872438148044,830.4828158953666,0.014243316004559395
830.9483331688505,-0.01359578873962164,830.496,0.2250849038868814,0.0818277470273421,830.9483331688505,0.014502708158723968
831.4138504423345,-0.01426718570291996,830.956,0.042078386638665366,0.07869169026086074,831.4138504423345,0.014848044894529415
831.8793677158184,-0.01577782817184925,831.421,0.035542393216366985,0.07570919406600188,831.8793677158184,0.015254780312140613
832.3448849893024,-0.018631266430020332,831.888,0.042078386638665366,0.07335096807269349,832.3448849893024,0.01572515129337906
832.8104022627863,-0.02064545638859272,832.354,0.03772101440459519,0.07197009276399727,832.8104022627863,0.016250769567877646
833.2759195362703,-0.021316854283213615,832.819,0.0072199281965592554,0.07172428128115944,833.2759195362703,0.016794478087807978
833.7414368097542,-0.02198825031518936,833.285,0.26430060470544414,0.07256660138400925,833.7414368097542,0.01735513990675478
834.2069540832382,-0.02366674318909645,833.747,0.014566543400950316,0.07429099723119449,834.2069540832382,0.018004980311550435
834.6724713567221,-0.026352331042289734,834.21,0.06822210061263134,0.07659357724784652,834.6724713567221,0.018587745576357742
835.1379886302061,-0.029709314927458763,834.681,0.031185150839910802,0.07911847376122771,835.1379886302061,0.019048673600848987
835.60350590369,-0.034073397517204285,835.143,0.14229625987329997,0.08148554083976857,835.60350590369,0.019464506578278303
836.0690231771739,-0.03776608034968376,835.611,0.05950748600210476,0.08331607737834491,836.0690231771739,0.019861511223095655
836.5345404506579,-0.03860532492399216,836.074,0.011577300430629434,0.08427058106315677,836.5345404506579,0.02025835550439195
837.0000577241418,-0.03810177743434906,836.54,0.1670719744411302,0.08410162138022687,837.0000577241418,0.02064276544257128
837.4655749976258,-0.03642328456044197,837.0,0.06822210061263134,0.08271473228573736,837.4655749976258,0.020993511370417176
837.9310922711097,-0.03508049249649048,837.466,0.08565132983368429,0.08022052155216977,837.9310922711097,0.021293882586497306
838.3966095445937,-0.032394904643297195,837.933,0.06822210061263134,0.07695608787658338,838.3966095445937,0.021539713743800662
838.8621268180776,-0.03004501387476921,838.398,0.10090180800889548,0.07345876783523672,838.8621268180776,0.02182680356483384
839.3276440915616,-0.029709314927458763,838.863,0.1248670306522468,0.07038623481804743,839.3276440915616,0.022161796863835934
839.7931613650455,-0.029709314927458763,839.329,0.031185150839910802,0.06838897379755476,839.7931613650455,0.022493673349869615
840.2586786385295,-0.029709314927458763,839.792,0.02029178518354202,0.06795701079759851,840.2586786385295,0.022770976885147384
840.7241959120134,-0.029709314927458763,840.255,0.016745164589178296,0.06928187746922684,840.7241959120134,0.023042402482568343
841.1897131854975,-0.029709314927458763,840.725,0.0791153364113859,0.07218275514556616,841.1897131854975,0.023287183058983647
841.6552304589814,-0.02702372707426548,841.188,0.15318949567205475,0.07612828611113022,841.6552304589814,0.023496005192699912
842.1207477324654,-0.020981155335903168,841.651,0.013755921618857636,0.08034960327707612,842.1207477324654,0.02365998721004954
842.5862650059493,-0.012252994813024998,842.121,0.0791153364113859,0.0840100877321404,842.5862650059493,0.023807464117187642
843.0517822794332,-0.005035477224737406,842.58,0.15101074462621278,0.08638784279645606,843.0517822794332,0.023896848296102464
843.5172995529172,0.0001678492408245802,843.05,0.09654456563243907,0.08703025288405304,843.5172995529172,0.023922603095463308
843.9828168264011,0.00587472366169095,843.516,0.10525918024296566,0.08584617182545326,843.9828168264011,0.02393112498049829
844.4483340998851,0.009903104975819588,843.981,0.0791153364113859,0.08311427082098806,844.4483340998851,0.02397086019500592
844.913851373369,0.01258869282901287,844.44,0.011577300430629434,0.07941042288888693,844.913851373369,0.023932856090484907
845.379368646853,0.015106432139873505,844.907,0.11179517366526404,0.07548242337949963,845.379368646853,0.023869095125820416
845.8448859203369,0.017959868535399437,845.372,0.050792871391578176,0.07211098528903825,845.8448859203369,0.023807431229560496
846.3104031938209,0.019974060356616974,845.836,0.04643562901512177,0.06998745359046128,846.3104031938209,0.02370312707623331
846.7759204673048,0.021820401772856712,846.302,0.12268840946401882,0.06962043457701436,846.7759204673048,0.023500581750118116
847.2414377407888,0.019974060356616974,846.77,0.1314028942169314,0.07126781866257237,847.2414377407888,0.02319221908485852
847.7069550142727,0.01930266246199608,847.232,0.011577300430629434,0.07488587344593524,847.7069550142727,0.022867639144829713
848.1724722877567,0.02064545638859272,847.7,0.013755921618857636,0.0800975342859594,848.1724722877567,0.022562646170493538
848.6379895612406,0.022995345294475555,848.162,0.127045651840475,0.08620112296754484,848.6379895612406,0.02223377547783921
849.1035068347245,0.024338139221072197,848.625,0.009398549384787458,0.09224823182411425,849.1035068347245,0.021899259166098507
849.5690241082085,0.025009537115693092,849.095,0.14883212343798458,0.09720136132676648,849.5690241082085,0.021549039562213615
850.0345413816924,0.02668802998960018,849.561,0.12268840946401882,0.10014706497901675,850.0345413816924,0.021167423649999295
850.5000586551764,0.026352331042289734,850.025,0.21637028927635482,0.10050985363416591,850.5000586551764,0.020732924772480843
850.9655759286603,0.024338139221072197,850.491,0.012387922212722113,0.09820323660928706,850.9655759286603,0.02027312134878536
851.4310932021443,0.02198825031518936,850.955,0.0769367152231577,0.09367460636313264,851.4310932021443,0.019798017597447485
851.8966104756282,0.020981155335903168,851.421,0.10090180800889548,0.08783961975353831,851.8966104756282,0.019315866073582964
852.3621277491122,0.019974060356616974,851.885,0.10090180800889548,0.08193255545913386,852.3621277491122,0.018835914414938332
852.8276450225961,0.01930266246199608,852.351,0.06822210061263134,0.07730531981247502,852.8276450225961,0.018349938842760753
853.2931622960801,0.01913481391966343,852.811,0.10743780143119386,0.07519995843222284,853.2931622960801,0.017820965272276324
853.758679569564,0.019974060356616974,853.276,0.05950748600210476,0.07651691889637414,853.758679569564,0.017285067285844048
854.224196843048,0.02668802998960018,853.744,0.0769367152231577,0.08160908909725692,854.224196843048,0.016758630752427672
854.689714116532,0.03608758747577667,854.206,0.01593454280708584,0.09014257217717712,854.689714116532,0.016248678763293573
855.155231390016,0.037262532860040665,854.674,0.07475809403492972,0.1010692131686551,855.155231390016,0.015799541574030962
855.6207486634999,0.031219959259033203,855.136,0.15318949567205475,0.11274376825591681,855.6207486634999,0.015405067800129627
856.0862659369838,0.02668802998960018,855.607,0.03417439381023146,0.12318751805493497,856.0862659369838,0.015039517032067117
856.5517832104678,0.0240024421364069,856.069,0.16190398042496734,0.1304591582736492,856.5517832104678,0.014624677087006578
857.0173004839517,0.02064545638859272,856.535,0.2751938405041987,0.13305674006598064,857.0173004839517,0.01418652479113267
857.4828177574357,0.016952773556113243,856.995,0.1793332096460205,0.13025187160776616,857.4828177574357,0.013781090788319574
857.9483350309196,0.01258869282901287,857.461,0.06822210061263134,0.12226214803375932,857.9483350309196,0.01341764735528353
858.4138523044036,0.006546120624989271,857.925,0.16408273147080954,0.11021066602970948,858.4138523044036,0.013054890620267266
858.8793695778875,0.0010070954449474812,858.391,0.029006399794068605,0.09588938969427731,858.8793695778875,0.01266271332504085
859.3448868513715,-0.0028534370940178633,858.856,0.0028626858201028504,0.08140101115080772,859.3448868513715,0.012264758836577343
859.8104041248554,-0.0068818191066384315,859.321,0.09436594444421087,0.06877624741571994,859.8104041248554,0.011914728382398302
860.2759213983394,-0.007888914085924625,859.792,0.0769367152231577,0.059648638233792094,860.2759213983394,0.011634795287336692
860.7414386718233,-0.007553216069936752,860.255,0.06822210061263134,0.05503119086062979,860.7414386718233,0.011422987952122474
861.2069559453073,-0.006546120624989271,860.715,0.04942487198544265,0.0552019409932139,861.2069559453073,0.011244856958236734
861.6724732187912,-0.007553216069936752,861.184,0.07257947284670152,0.05968840066556911,861.6724732187912,0.011067562710776501
862.1379904922752,-0.008224613033235073,861.647,0.0014946864139673277,0.06734439012755059,862.1379904922752,0.01090809760990153
862.6035077657591,-0.00872816052287817,862.11,0.013755921618857636,0.07652106431000748,862.6035077657591,0.010783303914368743
863.069025039243,-0.008896009996533394,862.576,0.14883212343798458,0.08533018100940058,863.069025039243,0.010673500125844755
863.534542312727,-0.0068818191066384315,863.046,0.11833103722994842,0.09197444950010639,863.534542312727,0.010563698404451682
864.0000595862109,-0.003524834057316184,863.505,0.1248670306522468,0.09508666659575996,864.0000595862109,0.01046110479336522
864.4655768596949,-0.0001678492408245802,863.977,0.0769367152231577,0.09399956387132638,864.4655768596949,0.010413055345543711
864.9310941331788,0.001678492408245802,864.435,0.21637028927635482,0.08887736076503967,864.9310941331788,0.010411318068087493
865.3966114066628,0.0011749446857720613,864.907,0.026827778605840402,0.08067231350892844,865.3966114066628,0.010403704904376879
865.8621286801467,0.000839246204122901,865.365,0.06822210061263134,0.07091202243196794,865.8621286801467,0.010369783893060194
866.3276459536307,0.0011749446857720613,865.836,0.00367330760219553,0.06136730767811683,866.3276459536307,0.010331668753698217
866.7931632271146,0.0018463416490703821,866.295,0.016745164589178296,0.0536839946843745,866.7931632271146,0.010279219578910506
867.2586805005986,0.0011749446857720613,866.762,0.02247053622938422,0.04906848309310935,867.2586805005986,0.010141325426562027
867.7241977740825,0.0010070954449474812,867.225,0.1314028942169314,0.04809170780102228,867.7241977740825,0.009840460786308479
868.1897150475666,0.002517738612368703,867.696,0.0189237857774065,0.05063411089416352,868.1897150475666,0.0094004108652938
868.6552323210504,0.0028534370940178633,868.158,0.011577300430629434,0.05595972265779354,868.6552323210504,0.00888509286487371
869.1207495945343,-0.000839246204122901,868.622,0.008030549978651935,0.06289368065640785,869.1207495945343,0.008487642078835506
869.5862668680184,-0.00553902518004179,869.092,0.15536811686028296,0.07007428788070662,869.5862668680184,0.008156844960710275
870.0517841415023,-0.006546120624989271,869.55,0.10743780143119386,0.07623873399148343,870.0517841415023,0.007844968682022087
870.5173014149863,-0.004531929735094309,870.015,0.10090180800889548,0.08048196880721278,870.5173014149863,0.007538616738208454
870.9828186884702,-0.004531929735094309,870.481,0.0791153364113859,0.08242355077504801,870.9828186884702,0.007284757113994692
871.4483359619542,-0.008560311049222946,870.948,0.15318949567205475,0.08224080710236215,871.4483359619542,0.0070786776179186175
871.9138532354381,-0.01359578873962164,871.413,0.011577300430629434,0.080566887288877,871.9138532354381,0.006937530969511021
872.3793705089221,-0.015609979629516602,871.881,0.03336377202813878,0.07829069782210679,872.3793705089221,0.006770944083214464
872.844887782406,-0.01493858266621828,872.347,0.07257947284670152,0.07632070270988495,872.844887782406,0.0065541675040754485
873.31040505589,-0.01426718570291996,872.807,0.06822210061263134,0.07537780866475781,873.31040505589,0.006329570117470029
873.7759223293739,-0.012924391776323318,873.273,0.10090180800889548,0.07586173703486393,873.7759223293739,0.006148908231353293
874.2414396028579,-0.01359578873962164,873.74,0.10743780143119386,0.07780346640716886,874.2414396028579,0.0060416270604621075
874.7069568763418,-0.01426718570291996,874.203,0.0006839347742608748,0.08089379702404638,874.7069568763418,0.0059830388489311714
875.1724741498258,-0.01359578873962164,874.666,0.029006399794068605,0.08457250028360597,875.1724741498258,0.005969113949740419
875.6379914233097,-0.01359578873962164,875.136,0.23243151909127246,0.08816210303858009,875.6379914233097,0.00599499210374363
876.1035086967936,-0.01426718570291996,875.602,0.11833103722994842,0.09102018533137222,876.1035086967936,0.006046964272287792
876.5690259702776,-0.012252994813024998,876.065,0.005041307008331053,0.0926702843858005,876.5690259702776,0.006046723718432009
877.0345432437615,-0.009231708012521267,876.531,0.10743780143119386,0.09287637862466533,877.0345432437615,0.006014019827931842
877.5000605172455,-0.007888914085924625,876.995,0.14883212343798458,0.09165190977401015,877.5000605172455,0.0059595476201986086
877.9655777907294,-0.009567406959831715,877.461,0.03772101440459519,0.08921708709364339,877.9655777907294,0.005880034014113518
878.4310950642134,-0.010238803923130035,877.925,0.12268840946401882,0.08592403107080511,878.4310950642134,0.005762454639831061
878.8966123376973,-0.009567406959831715,878.391,0.02247053622938422,0.08216913054741108,878.8966123376973,0.005653337523956486
879.3621296111813,-0.009567406959831715,878.856,0.06822210061263134,0.0783143403989148,879.3621296111813,0.00567833779950174
879.8276468846652,-0.0068818191066384315,879.322,0.11397379485349224,0.07463717468351715,879.8276468846652,0.005893701941467271
880.2931641581492,-0.0028534370940178633,879.784,0.048614250203349973,0.07131684449391854,880.2931641581492,0.006148965779975236
880.7586814316331,0.0005035477224737406,880.247,0.0791153364113859,0.06844734242590104,880.7586814316331,0.006324082781435542
881.2241987051171,0.0031891355756670237,880.715,0.140117508827458,0.06605820423523126,881.2241987051171,0.006450708322020854
881.689715978601,0.00520332669839263,881.177,0.00367330760219553,0.06412562629519686,881.689715978601,0.00655246517041181
882.1552332520849,0.004867628216743469,881.64,0.05297162243742015,0.06256925329986691,882.1552332520849,0.006604842367574255
882.620750525569,0.0031891355756670237,882.11,0.011577300430629434,0.06124684195735409,882.620750525569,0.006602021614159423
883.0862677990528,0.0031891355756670237,882.576,0.08565132983368429,0.05996771140796238,883.0862677990528,0.0065551091073060876
883.5517850725369,0.00553902518004179,883.038,0.10090180800889548,0.0585360646484022,883.5517850725369,0.006463944474119037
884.0173023460208,0.007553216069936752,883.504,0.03853163618668787,0.05681288754723534,884.0173023460208,0.0063350286355326295
884.4828196195048,0.007049668114632368,883.97,0.10090180800889548,0.054769372015008894,884.4828196195048,0.006259904487866806
884.9483368929887,0.00587472366169095,884.435,0.03336377202813878,0.0525081616723824,884.9483368929887,0.006259624887558327
885.4138541664727,0.006210422143340111,884.9,0.012387922212722113,0.050246759771498006,885.4138541664727,0.006280651020064499
885.8793714399566,0.008896009996533394,885.366,0.009398549384787458,0.04827644441280219,885.8793714399566,0.006316163313494674
886.3448887134406,0.011581597849726677,885.825,0.13358164526277339,0.04691731333029238,886.3448887134406,0.006370832900147076
886.8104059869245,0.01191729586571455,886.291,0.02545977919970488,0.046481280285632885,886.8104059869245,0.006488609646680996
887.2759232604085,0.009735256433486938,886.759,0.02247053622938422,0.047239705661664536,887.2759232604085,0.00664623057476525
887.7414405338924,0.009063859470188618,887.221,0.06822210061263134,0.0493865912571252,887.7414405338924,0.006794869078094108
888.2069578073764,0.007888914085924625,887.685,0.06604347942440314,0.05299447237399546,888.2069578073764,0.006954737145470059
888.6724750808603,0.006210422143340111,888.155,0.06822210061263134,0.057967631364420374,888.6724750808603,0.007111805018883791
889.1379923543442,0.0028534370940178633,888.618,0.055150243625648354,0.06400128940924876,889.1379923543442,0.007250751807829447
889.6035096278282,-0.0001678492408245802,889.08,0.0006839347742608748,0.07056077592952564,889.6035096278282,0.007391265225391404
890.0690269013121,0.0011749446857720613,889.546,0.11615241604172044,0.07690078384247959,890.0690269013121,0.007590465535375397
890.5345441747961,0.0038605325389653444,890.014,0.0769367152231577,0.08214245665207813,890.5345441747961,0.007752979598879677
891.00006144828,0.00520332669839263,890.48,0.042078386638665366,0.08541106550341238,891.00006144828,0.007872845181256739
891.465578721764,0.004531929735094309,890.94,0.04942487198544265,0.08601682539874615,891.465578721764,0.007970506579493315
891.9310959952479,0.00520332669839263,891.405,0.21854891046458302,0.08364318697119458,891.9310959952479,0.008101873106979967
892.3966132687319,0.008224613033235073,891.87,0.11833103722994842,0.07849157070918754,892.3966132687319,0.008244493869484393
892.8621305422158,0.010574501939117908,892.335,0.04425700782689357,0.07132678290491216,892.8621305422158,0.008383362535776658
893.3276478156998,0.010238803923130035,892.807,0.050792871391578176,0.06338905094027154,893.3276478156998,0.008541137653438596
893.7931650891837,0.006546120624989271,893.265,0.02247053622938422,0.056184543845471266,893.7931650891837,0.008669409989064738
894.2586823626677,0.005035477224737406,893.733,0.061686237047946735,0.05120803048239197,894.2586823626677,0.008748940028248877
894.7241996361516,0.00587472366169095,894.196,0.042078386638665366,0.04966479548163179,894.7241996361516,0.008875682745169795
895.1897169096355,0.007888914085924625,894.666,0.029006399794068605,0.05224721435352001,895.1897169096355,0.009001672986997132
895.6552341831195,0.007217517588287592,895.129,0.058139486595969014,0.05900194692261879,895.6552341831195,0.009092971247023882
896.1207514566034,0.006210422143340111,895.595,0.05950748600210476,0.0693067461005995,896.1207514566034,0.009171247164264222
896.5862687300875,0.0038605325389653444,896.058,0.04071038723252984,0.08196084039304487,896.5862687300875,0.009277368766440133
897.0517860035714,0.0041962312534451485,896.524,0.127045651840475,0.0953765864437299,897.0517860035714,0.009410456123017816
897.5173032770554,0.007553216069936752,896.989,0.06386485823617494,0.10784164501345196,897.5173032770554,0.00952751534506388
897.9828205505393,0.010238803923130035,897.454,0.26430060470544414,0.11780221442533921,897.9828205505393,0.00965023252255006
898.4483378240233,0.010574501939117908,897.915,0.14665350224975637,0.12410614112463568,898.4483378240233,0.009799504259924369
898.9138550975072,0.007888914085924625,898.381,0.021102536823248697,0.12615277287555046,898.9138550975072,0.009934816147938537
899.3793723709912,0.006210422143340111,898.848,0.0769367152231577,0.12392946615915433,899.3793723709912,0.010052340014235973
899.8448896444751,0.00587472366169095,899.313,0.21282366868199132,0.1179536357481612,899.8448896444751,0.010151294603903705
900.3104069179591,0.0038605325389653444,899.781,0.15536811686028296,0.10915371193937581,900.3104069179591,0.010234027810053331
900.775924191443,0.000839246204122901,900.244,0.013755921618857636,0.09871015414895912,900.775924191443,0.010333397706562712
901.241441464927,-0.0028534370940178633,900.707,0.09218732325598267,0.08786861749476539,901.241441464927,0.010485449079538899
901.7069587384109,-0.004867628216743469,901.177,0.11042717425912851,0.07774758033251361,901.7069587384109,0.01063259086418112
902.1724760118948,-0.006210422143340111,901.64,0.031185150839910802,0.06917496656486646,902.1724760118948,0.010724174891811983
902.6379932853788,-0.008224613033235073,902.103,0.005851928790423733,0.0625859308314161,902.6379932853788,0.010797806425113934
903.1035105588627,-0.01191729586571455,902.568,0.11397379485349224,0.058001261872230085,903.1035105588627,0.010886750628329675
903.5690278323467,-0.01359578873962164,903.032,0.005041307008331053,0.055089344699383175,903.5690278323467,0.010972228515166257
904.0345451058306,-0.01258869282901287,903.498,0.12268840946401882,0.053294566137109416,904.0345451058306,0.011054562862143558
904.5000623793146,-0.010910200886428356,903.962,0.061686237047946735,0.051997108419825785,904.5000623793146,0.01115339820785424
904.9655796527985,-0.012252994813024998,904.428,0.026827778605840402,0.0506638029238764,904.9655796527985,0.011182763240649487
905.4310969262825,-0.01493858266621828,904.893,0.013755921618857636,0.04896011972981895,905.4310969262825,0.011135544394399314
905.8966141997664,-0.016617074608802795,905.358,0.09218732325598267,0.04681028790442625,905.8966141997664,0.011050286491200049
906.3621314732504,-0.018295567482709885,905.826,0.09654456563243907,0.044402614177932495,906.3621314732504,0.010992775594517824
906.8276487467343,-0.020981155335903168,906.292,0.012387922212722113,0.042138040333178015,906.8276487467343,0.010934129827012785
907.2931660202183,-0.02366674318909645,906.755,0.03336377202813878,0.04052445943928323,907.2931660202183,0.010876026828214891
907.7586832937022,-0.024673838168382645,907.217,0.008030549978651935,0.0400356983138505,907.7586832937022,0.010797352054083728
908.2242005671862,-0.0234988946467638,907.681,0.03336377202813878,0.040971756549483165,908.2242005671862,0.010721822875897418
908.6897178406701,-0.021652551367878914,908.151,0.0690327223947238,0.043359765252572964,908.6897178406701,0.010687262473543497
909.155235114154,-0.020309757441282272,908.611,0.005041307008331053,0.0469215570126014,909.155235114154,0.01070151427290982
909.620752387638,-0.019806209951639175,909.08,0.008030549978651935,0.05111481536483569,909.620752387638,0.010718728682767815
910.086269661122,-0.020309757441282272,909.546,0.13358164526277339,0.055238199100598476,910.086269661122,0.010717772671760436
910.551786934606,-0.019974060356616974,910.011,0.06822210061263134,0.058575394913711526,910.551786934606,0.01071852720539506
911.0173042080899,-0.018463416025042534,910.47,0.06604347942440314,0.060540181001483374,911.0173042080899,0.010748467905661205
911.4828214815739,-0.015609979629516602,910.936,0.05950748600210476,0.06078436960899397,911.4828214815739,0.010770692652017778
911.9483387550578,-0.013931486755609512,911.402,0.050792871391578176,0.059247433509778014,911.9483387550578,0.010773871132755006
912.4138560285418,-0.015609979629516602,911.867,0.04643562901512177,0.05614948353076415,912.4138560285418,0.010750780840079133
912.8793733020257,-0.015609979629516602,912.332,0.04425700782689357,0.05194355438432691,912.8793733020257,0.010684513689586127
913.3448905755097,-0.01426718570291996,912.795,0.05950748600210476,0.04724485399782252,913.3448905755097,0.010587888481731861
913.8104078489936,-0.012252994813024998,913.265,0.06604347942440314,0.042748573517431186,913.8104078489936,0.010448799833593269
914.2759251224776,-0.008224613033235073,913.726,0.0189237857774065,0.039141400391379665,914.2759251224776,0.010228612448826443
914.7414423959615,-0.004531929735094309,914.195,0.02247053622938422,0.03701089453661766,914.7414423959615,0.009953613630548674
915.2069596694454,-0.00553902518004179,914.659,0.02247053622938422,0.03676113297661003,915.2069596694454,0.009697981794642782
915.6724769429294,-0.007217517588287592,915.121,0.11179517366526404,0.038545689600359215,915.6724769429294,0.009491034681779779
916.1379942164133,-0.008224613033235073,915.587,0.011577300430629434,0.04222597631491368,916.1379942164133,0.009292627959586042
916.6035114898973,-0.00553902518004179,916.057,0.01811316399531404,0.04736033813386468,916.6035114898973,0.009057703578599136
917.0690287633812,-0.0028534370940178633,916.515,0.00367330760219553,0.05323404939780571,917.0690287633812,0.008807519989231556
917.5345460368652,-0.0015106431674212217,916.981,0.06822210061263134,0.05894560763673746,917.5345460368652,0.008624754882478268
918.0000633103491,-0.0001678492408245802,917.447,0.08565132983368429,0.06355549971836029,918.0000633103491,0.008519560497935357
918.4655805838331,0.0011749446857720613,917.911,0.061686237047946735,0.06627804531813945,918.4655805838331,0.008438560463242269
918.931097857317,0.0011749446857720613,918.376,0.1248670306522468,0.06667105418209891,918.931097857317,0.008284919844759805
919.396615130801,0.0011749446857720613,918.841,0.06822210061263134,0.06476863006521735,919.396615130801,0.008087921447999039
919.8621324042849,0.0011749446857720613,919.307,0.0791153364113859,0.06111364646842951,919.8621324042849,0.007882094828779966
920.3276496777689,0.0005035477224737406,919.77,0.06386485823617494,0.056672427798396215,920.3276496777689,0.007701243798464364
920.7931669512528,-0.0001678492408245802,920.239,0.02545977919970488,0.052645865598220265,920.7931669512528,0.007515993066153663
921.2586842247368,0.0011749446857720613,920.707,0.04425700782689357,0.050218963938693045,921.2586842247368,0.007334013329293593
921.7242014982207,0.0038605325389653444,921.169,0.014566543400950316,0.05030685548316475,921.7242014982207,0.007139685595904426
922.1897187717046,0.007217517588287592,921.633,0.01811316399531404,0.05335568849216106,922.1897187717046,0.006980843448113731
922.6552360451886,0.006546120624989271,922.095,0.09436594444421087,0.05924156059333852,922.6552360451886,0.006863124265402294
923.1207533186725,0.0041962312534451485,922.561,0.06822210061263134,0.06728441985449253,923.1207533186725,0.006767938218184393
923.5862705921566,0.0038605325389653444,923.025,0.06604347942440314,0.07636627219363204,923.5862705921566,0.0066749684710935295
924.0517878656404,0.00587472366169095,923.491,0.06822210061263134,0.08512499835951794,924.0517878656404,0.006577011006145125
924.5173051391245,0.008224613033235073,923.959,0.10743780143119386,0.09218929777858587,924.5173051391245,0.006505057120874597
924.9828224126084,0.009231708012521267,924.425,0.09953380860275995,0.09641922367543772,924.9828224126084,0.006422354765516761
925.4483396860924,0.008560311049222946,924.892,0.11397379485349224,0.09711382825817882,925.4483396860924,0.006281312962335648
925.9138569595763,0.00587472366169095,925.35,0.16843997384726572,0.09414536569303676,925.9138569595763,0.006097992747837852
926.3793742330603,0.004364080261439085,925.822,0.06604347942440314,0.08798618066075987,926.3793742330603,0.0059390642378566345
926.8448915065442,0.00520332669839263,926.28,0.05950748600210476,0.079614852382504,926.8448915065442,0.00581086180265483
927.3104087800282,0.004867628216743469,926.751,0.09218732325598267,0.07031897673941055,927.3104087800282,0.005718469785802406
927.7759260535121,0.00520332669839263,927.213,0.013755921618857636,0.06144051754513435,927.7759260535121,0.005675591043846895
928.241443326996,0.006042572669684887,927.681,0.04506762960898625,0.054123298368373346,928.241443326996,0.005664114765130713
928.70696060048,0.00553902518004179,928.144,0.01020930102449391,0.049118296258233746,928.70696060048,0.005692231846075495
929.1724778739639,0.0041962312534451485,928.607,0.06604347942440314,0.04668520432852239,929.1724778739639,0.005739156686673098
929.6379951474479,0.006210422143340111,929.07,0.03336377202813878,0.046602870348629276,929.6379951474479,0.005754563927722386
930.1035124209318,0.007217517588287592,929.535,0.09218732325598267,0.04827327459705171,930.1035124209318,0.005771899643398068
930.5690296944158,0.0068818191066384315,930.0,0.050792871391578176,0.05088326376244536,930.5690296944158,0.005798080025890347
931.0345469678997,0.0068818191066384315,930.466,0.03989963559282339,0.05358237272417967,931.0345469678997,0.005824546174626391
931.5000642413837,0.008560311049222946,930.932,0.026827778605840402,0.05564280184849112,931.5000642413837,0.005878656542429743
931.9655815148676,0.007888914085924625,931.398,0.140117508827458,0.05657995402581736,931.9655815148676,0.005986926613156102
932.4310987883516,0.007217517588287592,931.863,0.02029178518354202,0.056219618426457486,932.4310987883516,0.006157109354316458
932.8966160618355,0.006378271151334047,932.329,0.07257947284670152,0.05470177411471252,932.8966160618355,0.006340522078722229
933.3621333353195,0.00520332669839263,932.792,0.062496858830039415,0.05241940283640251,933.3621333353195,0.006483767868260707
933.8276506088034,0.0031891355756670237,933.255,0.023281158011476677,0.04990558796695377,933.8276506088034,0.006584278803832512
934.2931678822874,0.0018463416490703821,933.722,0.050792871391578176,0.047696352660210016,934.2931678822874,0.006704703601710508
934.7586851557713,0.0011749446857720613,934.192,0.01020930102449391,0.04620366742459784,934.7586851557713,0.006872079965203269
935.2242024292552,0.0005035477224737406,934.655,0.035542393216366985,0.045630844189449,935.2242024292552,0.007079382737436406
935.6897197027392,0.0003356984816491604,935.117,0.03989963559282339,0.045950779349350344,935.6897197027392,0.007295595986222563
936.1552369762231,-0.0031891355756670237,935.583,0.07339009462879398,0.046947925784895525,936.1552369762231,0.007505631113375103
936.6207542497071,-0.004867628216743469,936.045,0.09654456563243907,0.048303686211725975,936.6207542497071,0.007692386804471392
937.086271523191,-0.004531929735094309,936.511,0.02545977919970488,0.049692243036330734,937.086271523191,0.007866745152942027
937.551788796675,-0.0068818191066384315,936.977,0.0028626858201028504,0.05085745339775587,937.551788796675,0.008053155445760284
938.017306070159,-0.007888914085924625,937.443,0.09436594444421087,0.0516574854504171,938.017306070159,0.008217702847529207
938.482823343643,-0.009231708012521267,937.907,0.09654456563243907,0.052077660323242236,938.482823343643,0.008357406234100483
938.9483406171269,-0.011581597849726677,938.373,0.008030549978651935,0.052215060534942744,938.9483406171269,0.008471509018468909
939.4138578906109,-0.01258869282901287,938.841,0.02247053622938422,0.05223903435827487,939.4138578906109,0.008530973052654569
939.8793751640948,-0.01191729586571455,939.306,0.06822210061263134,0.052338241529330996,939.8793751640948,0.008545035701833069
940.3448924375788,-0.010910200886428356,939.77,0.0769367152231577,0.0526701302060038,940.3448924375788,0.00855506870005591
940.8104097110627,-0.011581597849726677,940.232,0.050792871391578176,0.05332356732962503,940.8104097110627,0.008556119293440913
941.2759269845466,-0.01359578873962164,940.7,0.03989963559282339,0.05429627105640237,941.2759269845466,0.008577762205279062
941.7414442580306,-0.015609979629516602,941.162,0.04643562901512177,0.05548728839579849,941.7414442580306,0.008603282632210841
942.2069615315145,-0.01426718570291996,941.629,0.023281158011476677,0.056709618287309985,942.2069615315145,0.008639378826218052
942.6724788049985,-0.011581597849726677,942.092,0.09218732325598267,0.05772839542389905,942.6724788049985,0.008661774215713625
943.1379960784824,-0.009903104975819588,942.558,0.07475809403492972,0.05832074181261372,943.1379960784824,0.008636225008201008
943.6035133519664,-0.011581597849726677,943.021,0.05732886481387656,0.05834070093748586,943.6035133519664,0.008606415893179412
944.0690306254503,-0.013260089792311192,943.487,0.03772101440459519,0.05776726728849245,944.0690306254503,0.008564439707114908
944.5345478989343,-0.01493858266621828,943.952,0.12268840946401882,0.056719430642147184,944.5345478989343,0.008528873950779866
945.0000651724182,-0.015609979629516602,944.418,0.0028626858201028504,0.05543385316455334,945.0000651724182,0.008485121422793956
945.4655824459022,-0.01577782817184925,944.884,0.050792871391578176,0.05421203086587316,945.4655824459022,0.008445957759667586
945.9310997193861,-0.01493858266621828,945.35,0.0769367152231577,0.053352717946793284,945.9310997193861,0.00844486604876622
946.3966169928701,-0.01359578873962164,945.816,0.014566543400950316,0.053089933964610925,946.3966169928701,0.008464699725631528
946.862134266354,-0.01124589890241623,946.275,0.016745164589178296,0.05355433945708211,946.862134266354,0.008484669094844735
947.327651539838,-0.011581597849726677,946.744,0.1248670306522468,0.05476672371225322,947.327651539838,0.008534182368204484
947.7931688133219,-0.012924391776323318,947.206,0.04506762960898625,0.05665925111217613,947.7931688133219,0.008582223586801272
948.2586860868058,-0.01359578873962164,947.67,0.08565132983368429,0.059107948012846814,948.2586860868058,0.008615827974203656
948.7242033602898,-0.011581597849726677,948.14,0.031185150839910802,0.06195764599588759,948.7242033602898,0.008654765474687244
949.1897206337737,-0.007888914085924625,948.611,0.06604347942440314,0.06503160249044872,949.1897206337737,0.008708879949767911
949.6552379072577,-0.007888914085924625,949.066,0.061686237047946735,0.06813283850291837,949.6552379072577,0.008768245303624293
950.1207551807416,-0.009567406959831715,949.532,0.055150243625648354,0.07105080931091073,950.1207551807416,0.008822951890482812
950.5862724542257,-0.008896009996533394,949.999,0.03417439381023146,0.07358238863264013,950.5862724542257,0.008896363439528593
951.0517897277095,-0.008392462506890297,950.465,0.1880478242565471,0.07556428849837356,951.0517897277095,0.008955445075740585
951.5173070011936,-0.007553216069936752,950.93,0.09872318682066727,0.07690103754547169,951.5173070011936,0.008975420614091748
951.9828242746775,-0.0057068741880357265,951.396,0.012387922212722113,0.07756889350657648,951.9828242746775,0.008994187261478524
952.4483415481615,-0.003524834057316184,951.855,0.0072199281965592554,0.07759113315525497,952.4483415481615,0.008996037610419984
952.9138588216454,-0.004531929735094309,952.321,0.11397379485349224,0.07700486011527859,952.9138588216454,0.00899531391914413
953.3793760951294,-0.0031891355756670237,952.789,0.11833103722994842,0.07584745808324579,953.3793760951294,0.009017812103915012
953.8448933686133,-0.0005035477224737406,953.251,0.06822210061263134,0.07417191324008889,953.8448933686133,0.009036469790402046
954.3104106420972,0.0005035477224737406,953.721,0.048614250203349973,0.07207630414010914,954.3104106420972,0.00904624374736691
954.7759279155812,0.0011749446857720613,954.184,0.04425700782689357,0.06972730953567437,954.7759279155812,0.00908602624816667
955.2414451890651,0.0030212863348424435,954.647,0.1248670306522468,0.06736636872036594,955.2414451890651,0.009097584763843447
955.7069624625491,0.004867628216743469,955.11,0.10171255964860193,0.06529225485031455,955.7069624625491,0.009056724954300856
956.172479736033,0.005035477224737406,955.575,0.05950748600210476,0.06381327258519998,956.172479736033,0.00901233303513512
956.637997009517,0.004531929735094309,956.046,0.00367330760219553,0.06316998556074073,956.637997009517,0.008993574606620725
957.1035142830009,0.0036926832981407642,956.512,0.016745164589178296,0.06344974299924201,957.1035142830009,0.00897001761010009
957.5690315564849,0.004867628216743469,956.97,0.08565132983368429,0.06453017925561122,957.5690315564849,0.008953662588160787
958.0345488299688,0.007888914085924625,957.436,0.12268840946401882,0.0660809598404392,958.0345488299688,0.008928049651663252
958.5000661034528,0.010574501939117908,957.9,0.055150243625648354,0.06762533773093587,958.5000661034528,0.008877374773454431
958.9655833769367,0.009231708012521267,958.366,0.013755921618857636,0.06864011248442707,958.9655833769367,0.008765379333498023
959.4311006504207,0.006546120624989271,958.833,0.061686237047946735,0.06866998034307953,959.4311006504207,0.00861941149184104
959.8966179239046,0.00520332669839263,959.298,0.12268840946401882,0.06743911456805256,959.8966179239046,0.008470388522124247
960.3621351973886,0.00520332669839263,959.766,0.11397379485349224,0.06494084168750358,960.3621351973886,0.008329083562143081
960.8276524708725,0.005035477224737406,960.229,0.029006399794068605,0.06147822937442564,960.8276524708725,0.008176464747732306
961.2931697443564,0.004531929735094309,960.692,0.050792871391578176,0.0576330608447229,961.2931697443564,0.008006407424754718
961.7586870178404,0.0041962312534451485,961.162,0.06386485823617494,0.054163203883019775,961.7586870178404,0.00780261208068482
962.2242042913243,0.00553902518004179,961.626,0.03772101440459519,0.051852410794562695,962.2242042913243,0.007582675525265037
962.6897215648083,0.007888914085924625,962.088,0.06822210061263134,0.051346981237966,962.6897215648083,0.007428841648940983
963.1552388382922,0.009231708012521267,962.553,0.0028626858201028504,0.053012150659899296,963.1552388382922,0.007307528675353893
963.6207561117762,0.009903104975819588,963.017,0.10525918024296566,0.05683595153070957,963.6207561117762,0.007186980508924891
964.0862733852601,0.01040665339678526,963.483,0.0014946864139673277,0.0624023016139691,964.0862733852601,0.007098661311265667
964.5517906587442,0.010238803923130035,963.947,0.008030549978651935,0.06894635878315088,964.5517906587442,0.007030601372393984
965.017307932228,0.0117494473233819,964.413,0.12268840946401882,0.07549098140273429,965.017307932228,0.00698169459779004
965.4828252057121,0.014602883718907833,964.878,0.19894106005530188,0.0810407066608769,965.4828252057121,0.006916796704988
965.948342479196,0.01493858266621828,965.343,0.01811316399531404,0.08478492434945699,965.948342479196,0.006845990032138639
966.41385975268,0.01258869282901287,965.811,0.10743780143119386,0.08625415598573666,966.41385975268,0.006813859758710456
966.8793770261639,0.009231708012521267,966.276,0.021102536823248697,0.08539390965271798,966.8793770261639,0.006813465021208904
967.3448942996479,0.008560311049222946,966.74,0.20111968124353008,0.08255244591789163,967.3448942996479,0.006802963268112122
967.8104115731318,0.010238803923130035,967.202,0.0028626858201028504,0.07839692307540162,967.8104115731318,0.006738287417593956
968.2759288466157,0.01124589890241623,967.67,0.12050965841817662,0.07377562288933527,968.2759288466157,0.006619203082207328
968.7414461200997,0.01191729586571455,968.133,0.042078386638665366,0.06954811690689998,968.7414461200997,0.0065094691821212065
969.2069633935836,0.01124589890241623,968.599,0.0189237857774065,0.06641554952242816,969.2069633935836,0.006440101660063507
969.6724806670676,0.011581597849726677,969.064,0.050792871391578176,0.06478998996101341,969.6724806670676,0.006385652066884561
970.1379979405515,0.010238803923130035,969.53,0.06604347942440314,0.06473502012178789,970.1379979405515,0.006322000079543815
970.6035152140355,0.006546120624989271,969.996,0.11833103722994842,0.06598818723352691,970.6035152140355,0.006281771433875647
971.0690324875194,0.00520332669839263,970.462,0.06822210061263134,0.06804926149450516,971.0690324875194,0.006268068580487995
971.5345497610034,0.007217517588287592,970.921,0.011577300430629434,0.07030217843695194,971.5345497610034,0.006238937930762193
972.0000670344873,0.008224613033235073,971.387,0.12268840946401882,0.072140511584968,972.0000670344873,0.006169852078120248
972.4655843079713,0.007553216069936752,971.851,0.058139486595969014,0.07307666356961057,972.4655843079713,0.006130396475499742
972.9311015814552,0.00587472366169095,972.317,0.10525918024296566,0.07282021927493201,972.9311015814552,0.006139037603356721
973.3966188549392,0.004531929735094309,972.785,0.10525918024296566,0.07131131339018923,973.3966188549392,0.006183801652890324
973.8621361284231,0.004867628216743469,973.247,0.02545977919970488,0.06870082061737648,973.8621361284231,0.006224764260845296
974.327653401907,0.006546120624989271,973.71,0.048614250203349973,0.06528505643525756,974.327653401907,0.00624896681831398
974.793170675391,0.007888914085924625,974.18,0.03199577262200326,0.0614204406658929,974.793170675391,0.00626692342049914
975.2586879488749,0.00587472366169095,974.641,0.07257947284670152,0.05744975802739123,975.2586879488749,0.006267918496308235
975.7242052223589,0.0038605325389653444,975.11,0.0791153364113859,0.05366005697383104,975.7242052223589,0.006232663192122952
976.1897224958428,0.004531929735094309,975.576,0.04506762960898625,0.050271338291479666,976.1897224958428,0.0061927717335091914
976.6552397693268,0.004867628216743469,976.039,0.055150243625648354,0.047440680618799434,976.6552397693268,0.006156552186359704
977.1207570428107,0.00520332669839263,976.504,0.042078386638665366,0.04526627174842051,977.1207570428107,0.00613415885274722
977.5862743162947,0.00520332669839263,976.969,0.042078386638665366,0.04378513747666156,977.5862743162947,0.006103500631575192
978.0517915897786,0.0038605325389653444,977.435,0.02247053622938422,0.04296777577378327,978.0517915897786,0.006099394917208754
978.5173088632627,0.0030212863348424435,977.9,0.06386485823617494,0.04271708000868284,978.5173088632627,0.006098169575649016
978.9828261367466,0.0015106431674212217,978.366,0.03989963559282339,0.04287758074891117,978.9828261367466,0.006046372148474991
979.4483434102306,0.0005035477224737406,978.826,0.03336377202813878,0.04325683377157508,979.4483434102306,0.005957481397863116
979.9138606837145,-0.0028534370940178633,979.292,0.04425700782689357,0.043657477572050955,979.9138606837145,0.005848014769714156
980.3793779571985,-0.00587472366169095,979.755,0.012387922212722113,0.043917239773436006,980.3793779571985,0.005724347740094624
980.8448952306824,-0.00587472366169095,980.224,0.10743780143119386,0.04395208888362769,980.8448952306824,0.005609879002892234
981.3104125041663,-0.00553902518004179,980.686,0.02247053622938422,0.04379286741343988,981.3104125041663,0.00552406805187837
981.7759297776503,-0.005035477224737406,981.156,0.031185150839910802,0.043601967841542515,981.7759297776503,0.005445666725997663
982.2414470511342,-0.003524834057316184,981.618,0.06386485823617494,0.04365921500272268,982.2414470511342,0.0053269462959093725
982.7069643246182,-0.0028534370940178633,982.08,0.05732886481387656,0.04431373109258599,982.7069643246182,0.005203049004916837
983.1724815981021,-0.0028534370940178633,982.546,0.05732886481387656,0.045905651040768644,983.1724815981021,0.0051268084657652676
983.6379988715861,-0.004531929735094309,983.011,0.027638400387933082,0.04866784322661083,983.6379988715861,0.005101353829887228
984.10351614507,-0.004867628216743469,983.477,0.03199577262200326,0.05262669996465999,984.10351614507,0.00507478487268591
984.569033418554,-0.003524834057316184,983.945,0.06822210061263134,0.057530131207057786,984.569033418554,0.0050289147325025116
985.0345506920379,-0.0011749446857720613,984.41,0.009398549384787458,0.06283242457215854,985.0345506920379,0.004937863186349177
985.5000679655219,-0.0005035477224737406,984.87,0.03199577262200326,0.0677556275330053,985.5000679655219,0.004808336723645851
985.9655852390058,-0.003524834057316184,985.336,0.13358164526277339,0.07142695150633312,985.9655852390058,0.0046727719533675065
986.4311025124898,-0.007049668114632368,985.804,0.12268840946401882,0.07306519294234604,986.4311025124898,0.004553338115194707
986.8966197859737,-0.007553216069936752,986.269,0.06604347942440314,0.07216627017805434,986.8966197859737,0.004474303560062566
987.3621370594576,-0.004867628216743469,986.732,0.050792871391578176,0.06863443783700669,987.3621370594576,0.004428363519149679
987.8276543329416,-0.0031891355756670237,987.195,0.05950748600210476,0.06282638228637634,987.8276543329416,0.004389791971115052
988.2931716064255,-0.0041962312534451485,987.663,0.11397379485349224,0.05550427497184941,988.2931716064255,0.004393895630975857
988.7586888799095,-0.0041962312534451485,988.125,0.005041307008331053,0.047712704102881955,988.7586888799095,0.004392201531088545
989.2242061533934,-0.0038605325389653444,988.591,0.04506762960898625,0.0406027971630718,989.2242061533934,0.0043981205977637345
989.6897234268774,-0.0018463416490703821,989.061,0.014566543400950316,0.03523387789948281,989.6897234268774,0.004420631121244013
990.1552407003613,-0.0018463416490703821,989.52,0.03853163618668787,0.032389015392162435,990.1552407003613,0.004442239089252508
990.6207579738453,-0.0028534370940178633,989.992,0.023281158011476677,0.032439337131451675,990.6207579738453,0.004478107064790886
991.0862752473292,-0.0021820401307195425,990.45,0.005851928790423733,0.035282371054325086,991.0862752473292,0.004534254871608232
991.5517925208133,-0.0021820401307195425,990.915,0.021102536823248697,0.04036688630922734,991.5517925208133,0.004602943923847049
992.0173097942971,-0.0018463416490703821,991.381,0.0791153364113859,0.04680238115511695,992.0173097942971,0.004636122728403186
992.4828270677812,-0.0031891355756670237,991.848,0.02981715143377528,0.05353404231128191,992.4828270677812,0.00463224521615003
992.948344341265,-0.00553902518004179,992.313,0.12268840946401882,0.059546510654323,992.948344341265,0.004629975457601288
993.4138616147491,-0.0068818191066384315,992.781,0.06822210061263134,0.06405019691149912,993.4138616147491,0.004642177471806507
993.879378888233,-0.006210422143340111,993.243,0.05732886481387656,0.06660850912326831,993.879378888233,0.004681772870031072
994.3448961617169,-0.007553216069936752,993.707,0.07556871581702218,0.06718239139464556,994.3448961617169,0.004738210556004823
994.8104134352009,-0.009903104975819588,994.17,0.05950748600210476,0.06609207986133357,994.8104134352009,0.004794660583907748
995.2759307086848,-0.009567406959831715,994.64,0.08565132983368429,0.0639148450688965,995.2759307086848,0.004823715168537309
995.7414479821688,-0.007888914085924625,995.103,0.0189237857774065,0.06134733496038424,995.7414479821688,0.004806490477042244
996.2069652556527,-0.008560311049222946,995.569,0.02545977919970488,0.05906438618812259,996.2069652556527,0.004808620436228144
996.6724825291367,-0.009903104975819588,996.032,0.08565132983368429,0.05760393522957808,996.6724825291367,0.004865220548778539
997.1379998026206,-0.008896009996533394,996.498,0.06822210061263134,0.057296884416210385,997.1379998026206,0.004932486893568708
997.6035170761046,-0.007553216069936752,996.962,0.06604347942440314,0.058243179879992,997.6035170761046,0.004980766605004802
998.0690343495885,-0.006378271151334047,997.428,0.061686237047946735,0.06032177392152401,998.0690343495885,0.004988694323645075
998.5345516230725,-0.00520332669839263,997.893,0.050792871391578176,0.0632214698705399,998.5345516230725,0.004976346332694266
999.0000688965564,-0.0028534370940178633,998.359,0.03336377202813878,0.0664883192376062,999.0000688965564,0.004993612144509094
999.4655861700404,-0.0031891355756670237,998.825,0.055150243625648354,0.06959184489731184,999.4655861700404,0.005022206202231754
999.9311034435243,-0.006210422143340111,999.292,0.15835735983060362,0.07200855356579827,999.9311034435243,0.005067153223672085
1000.3966207170082,-0.008560311049222946,999.752,0.05950748600210476,0.07330872403761823,1000.3966207170082,0.005076809990178813
1000.8621379904922,-0.008896009996533394,1000.221,0.02981715143377528,0.07322361081127803,1000.8621379904922,0.005065019156193598
1001.3276552639761,-0.008224613033235073,1000.685,0.11833103722994842,0.07167602742256063,1001.3276552639761,0.005054305639538236
1001.7931725374601,-0.00553902518004179,1001.147,0.055960865407741034,0.06877305130644394,1001.7931725374601,0.005036651259482442
1002.258689810944,-0.0036926832981407642,1001.611,0.048614250203349973,0.06477147307186297,1002.258689810944,0.0050314106632449946
1002.724207084428,-0.0023498893715441227,1002.08,0.04724625079721445,0.06003009375688455,1002.724207084428,0.005033312413031052
1003.1897243579119,-0.0001678492408245802,1002.546,0.0668541012064956,0.05496214721396328,1003.1897243579119,0.005017380910106701
1003.6552416313959,-0.0001678492408245802,1003.01,0.04425700782689357,0.04999686639971458,1003.6552416313959,0.0049844118075194335
1004.1207589048798,-0.0018463416490703821,1003.476,0.055150243625648354,0.045551132449749517,1004.1207589048798,0.00492351477530455
1004.5862761783638,-0.0031891355756670237,1003.941,0.06604347942440314,0.0420046760497601,1004.5862761783638,0.004828912613688445
1005.0517934518477,-0.00553902518004179,1004.407,0.02029178518354202,0.03967064223081449,1005.0517934518477,0.004760899962443568
1005.5173107253318,-0.006546120624989271,1004.866,0.03772101440459519,0.03875833190053557,1005.5173107253318,0.004743687609521009
1005.9828279988157,-0.004531929735094309,1005.332,0.050792871391578176,0.03933331475997938,1005.9828279988157,0.00472467836255662
1006.4483452722997,-0.0031891355756670237,1005.804,0.02247053622938422,0.041286832137005576,1006.4483452722997,0.004690101515476523
1006.9138625457836,-0.004867628216743469,1006.262,0.029006399794068605,0.04432837151937108,1006.9138625457836,0.00465600781171134
1007.3793798192675,-0.006210422143340111,1006.725,0.0189237857774065,0.048012542247516166,1007.3793798192675,0.004588225426105883
1007.8448970927515,-0.00587472366169095,1007.195,0.10824842321328632,0.05180371024418829,1007.8448970927515,0.0044845750591014305
1008.3104143662354,-0.00520332669839263,1007.655,0.050792871391578176,0.05516925865485668,1008.3104143662354,0.004383186229203785
1008.7759316397194,-0.0041962312534451485,1008.125,0.042889008420758046,0.0576805408536395,1008.7759316397194,0.0043082861719078765
1009.2414489132033,-0.0028534370940178633,1008.59,0.03853163618668787,0.0590979589677153,1009.2414489132033,0.004224019238535141
1009.7069661866873,-0.004531929735094309,1009.054,0.10090180800889548,0.05942253849720763,1009.7069661866873,0.004116524258101177
1010.1724834601712,-0.007217517588287592,1009.519,0.10743780143119386,0.05890171489907883,1010.1724834601712,0.003978679447237756
1010.6380007336552,-0.007553216069936752,1009.984,0.035542393216366985,0.057979659907826726,1010.6380007336552,0.0038607608355761287
1011.1035180071391,-0.00587472366169095,1010.45,0.04425700782689357,0.05719177073415426,1011.1035180071391,0.0037320012364216145
1011.5690352806231,-0.0023498893715441227,1010.915,0.042078386638665366,0.057023293838470025,1011.5690352806231,0.0036375532663852177
1012.034552554107,0.000839246204122901,1011.381,0.02247053622938422,0.05777190141758241,1012.034552554107,0.0035753918315790728
1012.500069827591,0.0023498893715441227,1011.84,0.04425700782689357,0.05945824898850323,1012.500069827591,0.0035246120972552758
1012.9655871010749,0.0005035477224737406,1012.306,0.08565132983368429,0.061813788625603855,1012.9655871010749,0.0034293294179196217
1013.4311043745589,-0.0015106431674212217,1012.77,0.031185150839910802,0.06434936593002123,1013.4311043745589,0.0033330681129909254
1013.8966216480428,-0.0015106431674212217,1013.239,0.11397379485349224,0.0664824504838967,1013.8966216480428,0.0032731024255867962
1014.3621389215267,-0.0001678492408245802,1013.7,0.09953380860275995,0.06768394209760324,1014.3621389215267,0.0031602578814819756
1014.8276561950107,0.0018463416490703821,1014.169,0.0769367152231577,0.06760203162385643,1014.8276561950107,0.003000792771107374
1015.2931734684946,0.0041962312534451485,1014.633,0.04506762960898625,0.06613217533164333,1015.2931734684946,0.0028637456662570573
1015.7586907419786,0.0038605325389653444,1015.095,0.03336377202813878,0.06342560659056873,1015.7586907419786,0.0027526939042966984
1016.2242080154625,0.0011749446857720613,1015.561,0.01593454280708584,0.05985193085355612,1016.2242080154625,0.002643003176440756
1016.6897252889465,-0.0005035477224737406,1016.032,0.17061859503549393,0.05593909289544681,1016.6897252889465,0.002522152789941448
1017.1552425624304,-0.002517738612368703,1016.49,0.0006839347742608748,0.05230324862179322,1017.1552425624304,0.0023858848868873327
1017.6207598359144,-0.004364080261439085,1016.962,0.0769367152231577,0.049566689907988785,1017.6207598359144,0.0022657972549369825
1018.0862771093983,-0.004867628216743469,1017.42,0.03199577262200326,0.04826159484337589,1018.0862771093983,0.0021739747303458424
1018.5517943828823,-0.0041962312534451485,1017.885,0.0014946864139673277,0.0487312181597897,1018.5517943828823,0.0021082010034729924
1019.0173116563662,-0.0028534370940178633,1018.351,0.08565132983368429,0.051052670574157036,1019.0173116563662,0.0020538007533333854
1019.4828289298503,-0.0036926832981407642,1018.818,0.021102536823248697,0.05500460620348701,1019.4828289298503,0.002024376098687952
1019.9483462033342,-0.004867628216743469,1019.284,0.11397379485349224,0.06009048053836002,1019.9483462033342,0.002036210101104638
1020.413863476818,-0.004867628216743469,1019.747,0.013755921618857636,0.0656134885604548,1020.413863476818,0.0020347791658172835
1020.8793807503021,-0.0021820401307195425,1020.21,0.03989963559282339,0.07079106278543801,1020.8793807503021,0.002001448212594162
1021.344898023786,-0.0001678492408245802,1020.677,0.10389118083683013,0.07489367251588114,1021.344898023786,0.001987948884919122
1021.81041529727,-0.0003356984816491604,1021.14,0.09654456563243907,0.0773861285269151,1021.81041529727,0.002009236112022484
1022.2759325707539,0.0010070954449474812,1021.61,0.1793332096460205,0.07803740403879943,1022.2759325707539,0.0020139318856688686
1022.7414498442379,0.0021820401307195425,1022.073,0.029006399794068605,0.07695965750658593,1022.7414498442379,0.0019878584168458585
1023.2069671177218,0.0021820401307195425,1022.538,0.06822210061263134,0.07455403189688337,1023.2069671177218,0.0019605287636166656
1023.6724843912058,-0.0001678492408245802,1023.004,0.03772101440459519,0.0713773698852762,1023.6724843912058,0.001938598019940995
1024.1380016646897,-0.000839246204122901,1023.469,0.055150243625648354,0.06797778257317887,1024.1380016646897,0.001892629187704226
1024.6035189381737,-0.0010070954449474812,1023.937,0.02981715143377528,0.06475690014024019,1024.6035189381737,0.0018357104030308567
1025.0690362116577,-0.0015106431674212217,1024.395,0.07339009462879398,0.061900612708435866,1025.0690362116577,0.0018180642444540673
1025.5345534851415,-0.000839246204122901,1024.862,0.0769367152231577,0.059390715940220544,1025.5345534851415,0.0018298468470385736
1026.0000707586255,0.0011749446857720613,1025.328,0.03989963559282339,0.05708082948986914,1026.0000707586255,0.0018747712568677605
1026.4655880321095,0.0018463416490703821,1025.796,0.127045651840475,0.054800798329046586,1026.4655880321095,0.0019187396533966506
1026.9311053055933,0.0011749446857720613,1026.258,0.055150243625648354,0.0524494798163775,1026.9311053055933,0.001906556135448726
1027.3966225790773,0.0005035477224737406,1026.722,0.009398549384787458,0.05004680918862305,1027.3966225790773,0.0018627707147336442
1027.8621398525613,-0.0001678492408245802,1027.192,0.035542393216366985,0.0477379900288598,1027.8621398525613,0.0018067215940348986
1028.3276571260453,-0.0001678492408245802,1027.655,0.012387922212722113,0.045764195919901045,1028.3276571260453,0.0017148908416050519
1028.793174399529,-0.0001678492408245802,1028.117,0.12050965841817662,0.04442087105396059,1028.793174399529,0.0015809091429780195
1029.2586916730131,-0.0010070954449474812,1028.583,0.02545977919970488,0.044013606741296056,1029.2586916730131,0.0014467095145861907
1029.7242089464971,-0.0010070954449474812,1029.046,0.04942487198544265,0.044807053836257105,1029.7242089464971,0.0013389863200752934
1030.1897262199811,-0.0001678492408245802,1029.511,0.0791153364113859,0.04696078512262102,1030.1897262199811,0.0012472254704596621
1030.655243493465,-0.0001678492408245802,1029.977,0.0028626858201028504,0.050458810233283115,1030.655243493465,0.0011573108581248292
1031.120760766949,-0.000839246204122901,1030.443,0.00367330760219553,0.05505543040696926,1031.120760766949,0.0010646124994799899
1031.586278040433,-0.0001678492408245802,1030.91,0.050792871391578176,0.060267347982499705,1031.586278040433,0.000991013845069869
1032.051795313917,-0.000839246204122901,1031.376,0.06822210061263134,0.06543209742662214,1032.051795313917,0.0009720559942444682
1032.5173125874007,-0.002517738612368703,1031.841,0.1880478242565471,0.06982551549579886,1032.5173125874007,0.0010276425244588408
1032.9828298608847,-0.0021820401307195425,1032.306,0.048614250203349973,0.07280118712621152,1032.9828298608847,0.0011215353878629673
1033.4483471343688,-0.0018463416490703821,1032.77,0.016745164589178296,0.07390627651023492,1033.4483471343688,0.0012067686196095874
1033.9138644078525,-0.0028534370940178633,1033.233,0.055150243625648354,0.07294859353159462,1033.9138644078525,0.001273331833335117
1034.3793816813366,-0.0031891355756670237,1033.696,0.10090180800889548,0.07001810379497277,1034.3793816813366,0.0013313834398896943
1034.8448989548206,-0.0028534370940178633,1034.165,0.11615241604172044,0.06547511273498431,1034.8448989548206,0.001440632141830157
1035.3104162283046,0.0003356984816491604,1034.626,0.050792871391578176,0.0599065500553448,1035.3104162283046,0.0015661433529329557
1035.7759335017884,0.0038605325389653444,1035.095,0.013755921618857636,0.054044813590198686,1035.7759335017884,0.0017106884843407402
1036.2414507752724,0.00520332669839263,1035.561,0.061686237047946735,0.048654402302410873,1036.2414507752724,0.001839912728864558
1036.7069680487564,0.0038605325389653444,1036.024,0.050792871391578176,0.044408487809462466,1036.7069680487564,0.0019286739563891212
1037.1724853222404,0.0005035477224737406,1036.49,0.005851928790423733,0.04178361660023151,1037.1724853222404,0.001974165807861081
1037.6380025957242,-0.0018463416490703821,1036.955,0.03989963559282339,0.04099424429184932,1037.6380025957242,0.0020339937496351387
1038.1035198692082,-0.0028534370940178633,1037.42,0.04724625079721445,0.041977714657897985,1038.1035198692082,0.0020702688085341365
1038.5690371426922,-0.0001678492408245802,1037.885,0.061686237047946735,0.044428338916160805,1038.5690371426922,0.0021354833207216876
1039.0345544161762,0.003524834057316184,1038.351,0.05732886481387656,0.04786768024088606,1039.0345544161762,0.0021919888583492833
1039.50007168966,0.004867628216743469,1038.811,0.03989963559282339,0.05173201448281018,1039.50007168966,0.0021890982031896925
1039.965588963144,0.0031891355756670237,1039.276,0.036353014998459665,0.05546088978752224,1039.965588963144,0.002168378407296914
1040.431106236628,0.0021820401307195425,1039.744,0.031185150839910802,0.05857809848059209,1040.431106236628,0.002177173732445925
1040.8966235101118,0.0011749446857720613,1040.206,0.15536811686028296,0.06075887587812056,1040.8966235101118,0.002220348533193579
1041.3621407835958,-0.001678492408245802,1040.67,0.06822210061263134,0.061871959635251085,1041.3621407835958,0.002268835893912413
1041.8276580570798,-0.0021820401307195425,1041.14,0.0006839347742608748,0.0619821655384127,1041.8276580570798,0.002322278077104511
1042.2931753305638,-0.0021820401307195425,1041.611,0.035542393216366985,0.06130972925360837,1042.2931753305638,0.0023770730706690326
1042.7586926040476,-0.002517738612368703,1042.066,0.14883212343798458,0.06016093324942916,1042.7586926040476,0.002449082474696149
1043.2242098775316,-0.0021820401307195425,1042.531,0.011577300430629434,0.05885259599024731,1043.2242098775316,0.0025488717835791385
1043.6897271510156,-0.000839246204122901,1042.996,0.008030549978651935,0.05764742553029921,1043.6897271510156,0.002649195637839394
1044.1552444244996,-0.0005035477224737406,1043.463,0.09872318682066727,0.056710872130637205,1044.1552444244996,0.002727298857161327
1044.6207616979834,-0.0001678492408245802,1043.93,0.021102536823248697,0.05609679986036309,1044.6207616979834,0.0028047606221765576
1045.0862789714674,0.0011749446857720613,1044.396,0.1292242730287032,0.055761000623660135,1045.0862789714674,0.002882029131874119
1045.5517962449514,0.0021820401307195425,1044.855,0.04506762960898625,0.055589628064685315,1045.5517962449514,0.002999080138447249
1046.0173135184355,0.0018463416490703821,1045.32,0.01811316399531404,0.055426561753998856,1046.0173135184355,0.0030636758126305914
1046.4828307919192,0.0011749446857720613,1045.788,0.04425700782689357,0.05509430816343096,1046.4828307919192,0.0031104423492064105
1046.9483480654033,0.0018463416490703821,1046.251,0.0769367152231577,0.054416588601579,1046.9483480654033,0.003153995446819038
1047.4138653388873,0.0031891355756670237,1046.722,0.00367330760219553,0.05325334038311089,1047.4138653388873,0.003197464250683934
1047.879382612371,0.002517738612368703,1047.184,0.10525918024296566,0.05154846226626951,1047.879382612371,0.0032540664182190747
1048.344899885855,0.0011749446857720613,1047.648,0.02981715143377528,0.049376539484127006,1048.344899885855,0.003312617619613634
1048.810417159339,-0.0005035477224737406,1048.11,0.12050965841817662,0.04696597648627445,1048.810417159339,0.0033251856002334875
1049.275934432823,-0.0015106431674212217,1048.576,0.021102536823248697,0.044677205579836926,1049.275934432823,0.0033276218937626817
1049.7414517063069,0.0018463416490703821,1049.047,0.03336377202813878,0.04292842072775038,1049.7414517063069,0.0033463453674933384
1050.2069689797909,0.002517738612368703,1049.505,0.013755921618857636,0.04208433960457252,1050.2069689797909,0.0033692465172736586
1050.6724862532749,0.0010070954449474812,1049.97,0.005041307008331053,0.04234384636379399,1050.6724862532749,0.003379737995141554
1051.138003526759,-0.000839246204122901,1050.435,0.05950748600210476,0.04366657887598358,1051.138003526759,0.003391722087527324
1051.6035208002427,-0.002517738612368703,1050.9,0.06822210061263134,0.04576315842704652,1051.6035208002427,0.00341056891749455
1052.0690380737267,-0.0031891355756670237,1051.366,0.03989963559282339,0.04814880800989324,1052.0690380737267,0.0034264346300553195
1052.5345553472107,-0.0028534370940178633,1051.833,0.03772101440459519,0.05024090210467308,1052.5345553472107,0.0034241052471581357
1053.0000726206947,-0.0031891355756670237,1052.298,0.07992608805109236,0.05147537987257851,1053.0000726206947,0.0034125529039674236
1053.4655898941785,-0.006210422143340111,1052.766,0.03199577262200326,0.05142046210208062,1053.4655898941785,0.003387270973471171
1053.9311071676625,-0.008224613033235073,1053.229,0.050792871391578176,0.04987062183041354,1053.9311071676625,0.0033491065041771108
1054.3966244411465,-0.008224613033235073,1053.692,0.048614250203349973,0.046906436890977794,1054.3966244411465,0.003317950744416082
1054.8621417146303,-0.010238803923130035,1054.155,0.10525918024296566,0.04290759634110152,1054.8621417146303,0.0033029711439355965
1055.3276589881143,-0.012252994813024998,1054.625,0.02247053622938422,0.038508908991843324,1055.3276589881143,0.003224974831977416
1055.7931762615983,-0.011581597849726677,1055.088,0.01811316399531404,0.03449748249247859,1055.7931762615983,0.003142356760414239
1056.2586935350823,-0.009735256433486938,1055.554,0.013755921618857636,0.031665958031336344,1056.2586935350823,0.003103468599356653
1056.724210808566,-0.008224613033235073,1056.018,0.03772101440459519,0.030654196505981637,1056.724210808566,0.0030726623500562135
1057.1897280820501,-0.004867628216743469,1056.483,0.005041307008331053,0.03181801673302617,1057.1897280820501,0.003015145289463539
1057.6552453555341,-0.0021820401307195425,1056.947,0.0072199281965592554,0.03515544881016372,1057.6552453555341,0.00295410022750608
1058.1207626290181,-0.0023498893715441227,1057.413,0.08565132983368429,0.04030476294077133,1058.1207626290181,0.0028781906980061994
1058.586279902502,-0.0028534370940178633,1057.88,0.03199577262200326,0.04661040900511767,1058.586279902502,0.0028106488566314214
1059.051797175986,-0.0021820401307195425,1058.346,0.062496858830039415,0.05323754694164956,1059.051797175986,0.0027967260114785913
1059.51731444947,-0.0001678492408245802,1058.811,0.03989963559282339,0.05930832122348606,1059.51731444947,0.002819871818139853
1059.9828317229537,0.0018463416490703821,1059.27,0.1300348948107959,0.06403456212333976,1059.9828317229537,0.002818259959322703
1060.4483489964377,0.0011749446857720613,1059.74,0.0072199281965592554,0.06682752614584393,1060.4483489964377,0.002747718496989055
1060.9138662699218,0.000839246204122901,1060.203,0.10525918024296566,0.06737244460142944,1060.9138662699218,0.0027101461364669615
1061.3793835434058,-0.0001678492408245802,1060.666,0.02029178518354202,0.06566402140665267,1061.3793835434058,0.0026888157290854042
1061.8449008168895,-0.0015106431674212217,1061.136,0.07257947284670152,0.06200568840585523,1061.8449008168895,0.0026558815765905263
1062.3104180903736,-0.0018463416490703821,1061.603,0.11397379485349224,0.05697562401834738,1062.3104180903736,0.0026046413110905596
1062.7759353638576,-0.0015106431674212217,1062.066,0.04643562901512177,0.051357789575451646,1062.7759353638576,0.002601693090115018
1063.2414526373416,-0.0001678492408245802,1062.531,0.02545977919970488,0.04603570804655217,1063.2414526373416,0.0025983419041842233
1063.7069699108254,-0.0005035477224737406,1062.996,0.03417439381023146,0.041857286430964445,1063.7069699108254,0.0025160466164645726
1064.1724871843094,-0.0031891355756670237,1063.461,0.02247053622938422,0.039495020262790295,1064.1724871843094,0.0024752731533358805
1064.6380044577934,-0.006210422143340111,1063.925,0.031185150839910802,0.039333901805964716,1064.6380044577934,0.0024606183934062055
1065.1035217312774,-0.0068818191066384315,1064.391,0.027638400387933082,0.04141283627220718,1065.1035217312774,0.002442892051712814
1065.5690390047612,-0.004531929735094309,1064.856,0.07040072180085932,0.04542931328712572,1065.5690390047612,0.0024373492282753497
1066.0345562782452,-0.0015106431674212217,1065.322,0.06822210061263134,0.05079994102450466,1066.0345562782452,0.002426950270784694
1066.5000735517292,-0.0001678492408245802,1065.784,0.04425700782689357,0.05675812446481681,1066.5000735517292,0.002402437264582806
1066.965590825213,-0.0018463416490703821,1066.247,0.048614250203349973,0.06246890505179784,1066.965590825213,0.0023708579790906346
1067.431108098697,-0.002517738612368703,1066.715,0.0072199281965592554,0.06714745196992568,1067.431108098697,0.002333653633750817
1067.896625372181,-0.0011749446857720613,1067.177,0.19676243886707367,0.07017202853503528,1067.896625372181,0.0023189700879529115
1068.362142645665,0.0005035477224737406,1067.64,0.02247053622938422,0.07117731801995483,1068.362142645665,0.0023249652167811967
1068.8276599191488,0.0006713969632983208,1068.11,0.10743780143119386,0.07010690702590107,1068.8276599191488,0.0023364044858629326
1069.2931771926328,-0.0015106431674212217,1068.576,0.03989963559282339,0.06720885763275143,1069.2931771926328,0.002368351785992669
1069.7586944661168,-0.0028534370940178633,1069.038,0.012387922212722113,0.06297713918780795,1069.7586944661168,0.0023860842961823422
1070.2242117396008,-0.0001678492408245802,1069.504,0.127045651840475,0.05805921618487795,1070.2242117396008,0.002395627985306132
1070.6897290130846,0.0011749446857720613,1069.97,0.03772101440459519,0.05315331152590186,1070.6897290130846,0.0023616679176834935
1071.1552462865686,0.0001678492408245802,1070.436,0.0189237857774065,0.04891100152224572,1071.1552462865686,0.0023203928050608905
1071.6207635600526,-0.0001678492408245802,1070.896,0.050792871391578176,0.04585412593435791,1071.6207635600526,0.0022937148877127285
1072.0862808335366,0.0005035477224737406,1071.361,0.05950748600210476,0.044313971053034626,1072.0862808335366,0.002275750056824741
1072.5517981070204,-0.0005035477224737406,1071.826,0.042078386638665366,0.04439923925740523,1072.5517981070204,0.0023018769823041417
1073.0173153805044,-0.0001678492408245802,1072.292,0.03989963559282339,0.04599451377246374,1073.0173153805044,0.0023418753548695094
1073.4828326539885,0.0011749446857720613,1072.759,0.02981715143377528,0.04878758984959708,1073.4828326539885,0.0023512031698606265
1073.9483499274722,0.0023498893715441227,1073.221,0.050792871391578176,0.052323995221048906,1073.9483499274722,0.0023296445532645996
1074.4138672009562,0.0011749446857720613,1073.692,0.03336377202813878,0.05608496901975165,1074.4138672009562,0.002306959279715937
1074.8793844744403,0.0011749446857720613,1074.154,0.14883212343798458,0.05957710704983269,1074.8793844744403,0.002325061858746507
1075.3449017479243,0.0011749446857720613,1074.615,0.061686237047946735,0.0624120055843091,1075.3449017479243,0.002316025990242347
1075.810419021408,0.0011749446857720613,1075.085,0.012387922212722113,0.06435316926621548,1075.810419021408,0.002283196693431807
1076.275936294892,0.0011749446857720613,1075.55,0.06822210061263134,0.06532154199277347,1076.275936294892,0.0022532580522514186
1076.741453568376,0.0005035477224737406,1076.01,0.06386485823617494,0.0653711867716223,1076.741453568376,0.002252201297853478
1077.20697084186,-0.000839246204122901,1076.476,0.048614250203349973,0.06465533565174142,1077.20697084186,0.0022688338766552363
1077.6724881153439,-0.000839246204122901,1076.94,0.1292242730287032,0.06339505984523244,1077.6724881153439,0.002265764353680679
1078.1380053888279,-0.0015106431674212217,1077.406,0.016745164589178296,0.06185005286450482,1078.1380053888279,0.00226028937721997
1078.603522662312,-0.0021820401307195425,1077.871,0.03772101440459519,0.06028641832367652,1078.603522662312,0.0023129770308813013
1079.069039935796,-0.0023498893715441227,1078.336,0.09735518741453175,0.058940868778135716,1079.069039935796,0.0023509831958341654
1079.5345572092797,0.0010070954449474812,1078.804,0.04425700782689357,0.05798547518605101,1079.5345572092797,0.0023765735181338933
1080.0000744827637,0.004531929735094309,1079.27,0.10525918024296566,0.05749601088100458,1080.0000744827637,0.002459549324425806
1080.4655917562477,0.004867628216743469,1079.733,0.014566543400950316,0.05742518642502423,1080.4655917562477,0.002578495906102977
1080.9311090297315,0.0023498893715441227,1080.195,0.021102536823248697,0.05758733970794818,1080.9311090297315,0.0027062295916184145
1081.3966263032155,-0.000839246204122901,1080.666,0.027638400387933082,0.05766979812185387,1081.3966263032155,0.0028333444418446366
1081.8621435766995,-0.0031891355756670237,1081.129,0.1292242730287032,0.057285119255893524,1081.8621435766995,0.002952219069632779
1082.3276608501835,-0.00520332669839263,1081.595,0.012387922212722113,0.05606144830332252,1082.3276608501835,0.0030154968875030557
1082.7931781236673,-0.006210422143340111,1082.058,0.12268840946401882,0.053746015184398706,1082.7931781236673,0.0030434618254817697
1083.2586953971513,-0.00553902518004179,1082.524,0.035542393216366985,0.05028680796779688,1083.2586953971513,0.0030901831311123972
1083.7242126706353,-0.0028534370940178633,1082.989,0.02981715143377528,0.045865939423742175,1083.7242126706353,0.0031592710402676993
1084.1897299441193,-0.0005035477224737406,1083.455,0.05160362303128463,0.04087732346881203,1084.1897299441193,0.003225895929579041
1084.6552472176031,-0.0018463416490703821,1083.921,0.035542393216366985,0.03585916938751192,1084.6552472176031,0.0032551478872471845
1085.1207644910871,-0.0041962312534451485,1084.38,0.005041307008331053,0.031401113092369724,1085.1207644910871,0.0032765913733235467
1085.5862817645711,-0.00553902518004179,1084.851,0.050792871391578176,0.02804646153175453,1085.5862817645711,0.003282981244746848
1086.051799038055,-0.006210422143340111,1085.31,0.02247053622938422,0.02620617442505445,1086.051799038055,0.0033056994151627645
1086.517316311539,-0.006210422143340111,1085.777,0.012387922212722113,0.026096302996620472,1086.517316311539,0.0033191987371026647
1086.982833585023,-0.004364080261439085,1086.24,0.011577300430629434,0.02770655871826855,1086.982833585023,0.003351715531452932
1087.448350858507,-0.0021820401307195425,1086.71,0.03772101440459519,0.030804397023910295,1087.448350858507,0.003385305527884721
1087.9138681319907,-0.0031891355756670237,1087.173,0.06386485823617494,0.034973791454522486,1087.9138681319907,0.0033926123491070637
1088.3793854054747,-0.006210422143340111,1087.637,0.031185150839910802,0.03968035848636292,1088.3793854054747,0.003369129368107948
1088.8449026789588,-0.0068818191066384315,1088.106,0.03336377202813878,0.044350043067938445,1088.8449026789588,0.0033610125047868404
1089.3104199524428,-0.0068818191066384315,1088.565,0.02247053622938422,0.04845136167388438,1089.3104199524428,0.0033906345306513545
1089.7759372259266,-0.00587472366169095,1089.031,0.02545977919970488,0.051576254795509174,1089.7759372259266,0.0034797329342477162
1090.2414544994106,-0.0041962312534451485,1089.497,0.14883212343798458,0.053512265925871626,1090.2414544994106,0.003567170136073148
1090.7069717728946,-0.003524834057316184,1089.962,0.0791153364113859,0.054287794390820536,1090.7069717728946,0.003579474954688259
1091.1724890463786,-0.005035477224737406,1090.427,0.014566543400950316,0.05416564251705411,1091.1724890463786,0.0035170791381188365
1091.6380063198624,-0.006210422143340111,1090.893,0.048614250203349973,0.05357279565117769,1091.6380063198624,0.0034399668818559173
1092.1035235933464,-0.0068818191066384315,1091.359,0.042889008420758046,0.052982587683408515,1092.1035235933464,0.003417509813922649
1092.5690408668304,-0.00587472366169095,1091.825,0.03199577262200326,0.052787814476785336,1092.5690408668304,0.0034343870503411355
1093.0345581403142,-0.0041962312534451485,1092.291,0.04071038723252984,0.053205271928550305,1093.0345581403142,0.003432292044781107
1093.5000754137982,-0.0023498893715441227,1092.752,0.04071038723252984,0.05423756882722045,1093.5000754137982,0.0033923265662567778
1093.9655926872822,-0.0001678492408245802,1093.222,0.09436594444421087,0.05569739617888812,1093.9655926872822,0.003332942706426735
1094.4311099607662,0.0003356984816491604,1093.685,0.048614250203349973,0.057279704315262296,1094.4311099607662,0.003311162043833681
1094.89662723425,-0.0015106431674212217,1094.147,0.07040072180085932,0.05865420520851159,1094.89662723425,0.0033646124500048735
1095.362144507734,-0.00553902518004179,1094.61,0.062496858830039415,0.05954881639516336,1095.362144507734,0.003372272893950215
1095.827661781218,-0.00587472366169095,1095.08,0.10090180800889548,0.05980279699336498,1095.827661781218,0.003380763938682632
1096.293179054702,-0.0041962312534451485,1095.546,0.02029178518354202,0.05938109216959568,1096.293179054702,0.003367161819975886
1096.7586963281858,-0.0041962312534451485,1096.011,0.035542393216366985,0.05835532875657159,1096.7586963281858,0.003345311257856838
1097.2242136016698,-0.0023498893715441227,1096.477,0.04506762960898625,0.05686869728867226,1097.2242136016698,0.0033115279993911942
1097.6897308751538,0.0005035477224737406,1096.936,0.08565132983368429,0.0551046968567275,1097.6897308751538,0.0032670415018946565
1098.1552481486378,0.0010070954449474812,1097.402,0.061686237047946735,0.05326980891288752,1098.1552481486378,0.0032076946486561003
1098.6207654221216,-0.0021820401307195425,1097.866,0.02247053622938422,0.05158570331663418,1098.6207654221216,0.003171477154052999
1099.0862826956056,-0.0030212863348424435,1098.332,0.06822210061263134,0.050279644842221034,1099.0862826956056,0.0031791643250061127
1099.5517999690896,-0.0001678492408245802,1098.796,0.07257947284670152,0.049564149230356826,1099.5517999690896,0.003204113193019101
1100.0173172425734,0.002517738612368703,1099.266,0.06822210061263134,0.0496019627215845,1100.0173172425734,0.0032091523090147993
1100.4828345160574,0.002517738612368703,1099.729,0.023281158011476677,0.050458196507730715,1100.4828345160574,0.0032180524857271784
1100.9483517895414,0.0018463416490703821,1100.191,0.00367330760219553,0.05205145655762917,1100.9483517895414,0.0031805582529547873
1101.4138690630255,0.0011749446857720613,1100.659,0.05950748600210476,0.054126798601524834,1101.4138690630255,0.003123022684700136
1101.8793863365092,-0.0003356984816491604,1101.122,0.061686237047946735,0.05627359532803311,1101.8793863365092,0.0030597058048857317
1102.3449036099933,-0.0011749446857720613,1101.587,0.0769367152231577,0.05799553508284237,1102.3449036099933,0.0029905089282428366
1102.8104208834773,-0.0015106431674212217,1102.057,0.04724625079721445,0.05881802406887817,1102.8104208834773,0.0029072247303898566
1103.2759381569613,0.0003356984816491604,1102.515,0.03989963559282339,0.05840482774587841,1103.2759381569613,0.002856823284640609
1103.741455430445,0.0036926832981407642,1102.981,0.10525918024296566,0.05665434568809292,1103.741455430445,0.002844645933965507
1104.206972703929,0.00520332669839263,1103.447,0.09436594444421087,0.05374975564184009,1104.206972703929,0.0028523331041343533
1104.672489977413,0.0038605325389653444,1103.915,0.04506762960898625,0.050143625313943424,1104.672489977413,0.002840260606094926
1105.138007250897,0.0041962312534451485,1104.381,0.005041307008331053,0.04647233184460458,1105.138007250897,0.0028642575748866763
1105.6035245243809,0.0038605325389653444,1104.84,0.02247053622938422,0.04341993970910569,1105.6035245243809,0.0028740890966294026
1106.0690417978649,0.0028534370940178633,1105.306,0.050792871391578176,0.041571781151783144,1106.0690417978649,0.0028390866664777603
1106.534559071349,0.002517738612368703,1105.773,0.011577300430629434,0.04129955858287381,1106.534559071349,0.00278956105489914
1107.0000763448327,0.003524834057316184,1106.235,0.07040072180085932,0.04270266924548668,1107.0000763448327,0.0027905335145768533
1107.4655936183167,0.003524834057316184,1106.703,0.061686237047946735,0.04560825318021237,1107.4655936183167,0.0028157763843353265
1107.9311108918007,0.0023498893715441227,1107.166,0.02981715143377528,0.04961738749576,1107.9311108918007,0.002833251901609729
1108.3966281652847,0.0011749446857720613,1107.637,0.0014946864139673277,0.054180590802364245,1108.3966281652847,0.0028713032963271034
1108.8621454387685,0.0005035477224737406,1108.099,0.1749759672695641,0.05868802773791142,1108.8621454387685,0.0028587784904242726
1109.3276627122525,-0.000839246204122901,1108.565,0.0072199281965592554,0.06256095271444576,1109.3276627122525,0.002789236217659367
1109.7931799857365,-0.0028534370940178633,1109.031,0.061686237047946735,0.06533044700388214,1109.7931799857365,0.0027539089477668505
1110.2586972592205,-0.0031891355756670237,1109.49,0.03772101440459519,0.06669408363072393,1110.2586972592205,0.0027451362406229066
1110.7242145327043,-0.0015106431674212217,1109.955,0.11397379485349224,0.06654974597182743,1110.7242145327043,0.0027292458558794063
1111.1897318061883,0.0011749446857720613,1110.421,0.03772101440459519,0.0650080102738033,1111.1897318061883,0.002741221725816531
1111.6552490796723,0.000839246204122901,1110.886,0.1357602664510016,0.06237852107723364,1111.6552490796723,0.0027798179455747374
1112.1207663531563,-0.000839246204122901,1111.351,0.00367330760219553,0.05912285088973873,1112.1207663531563,0.0028113437741281813
1112.5862836266401,-0.0021820401307195425,1111.818,0.042889008420758046,0.05577451559248467,1112.5862836266401,0.0027953608721188457
1113.0518009001241,-0.0028534370940178633,1112.284,0.06604347942440314,0.052840972482239096,1113.0518009001241,0.002790660985000853
1113.5173181736081,-0.0018463416490703821,1112.752,0.042078386638665366,0.05071056684760551,1113.5173181736081,0.002812478653674907
1113.982835447092,-0.001678492408245802,1113.214,0.061686237047946735,0.049583760193041115,1113.982835447092,0.002845367575424227
1114.448352720576,-0.0005035477224737406,1113.677,0.04506762960898625,0.04943860529257264,1114.448352720576,0.0029121055425291795
1114.91386999406,-0.0015106431674212217,1114.14,0.02247053622938422,0.05003433993326101,1114.91386999406,0.0029323401355108012
1115.379387267544,-0.004867628216743469,1114.607,0.05732886481387656,0.05095541499337642,1115.379387267544,0.002922960925954936
1115.8449045410277,-0.007553216069936752,1115.07,0.009398549384787458,0.05169562716993987,1115.8449045410277,0.0029109254348007384
1116.3104218145118,-0.007553216069936752,1115.535,0.09436594444421087,0.05177324014040422,1116.3104218145118,0.0029449286746421476
1116.7759390879958,-0.00553902518004179,1116.006,0.08565132983368429,0.050853662039931545,1116.7759390879958,0.0030041912332004037
1117.2414563614798,-0.003524834057316184,1116.465,0.09436594444421087,0.04884412663912772,1117.2414563614798,0.0030643645746556234
1117.7069736349636,-0.003524834057316184,1116.93,0.005041307008331053,0.04592656251877998,1117.7069736349636,0.003118616800491197
1118.1724909084476,-0.00553902518004179,1117.396,0.009398549384787458,0.04251578826846642,1118.1724909084476,0.0031689051684297234
1118.6380081819316,-0.007217517588287592,1117.862,0.05950748600210476,0.03915962100203498,1118.6380081819316,0.0031774722822310547
1119.1035254554154,-0.00553902518004179,1118.328,0.03772101440459519,0.03641546684956072,1119.1035254554154,0.003133826667982857
1119.5690427288994,-0.0015106431674212217,1118.796,0.02029178518354202,0.03473595322232206,1119.5690427288994,0.0030758120681167295
1120.0345600023834,-0.0018463416490703821,1119.258,0.03336377202813878,0.03438423176675216,1120.0345600023834,0.003042131609229887
1120.5000772758674,-0.002517738612368703,1119.726,0.035542393216366985,0.035390322280492936,1120.5000772758674,0.003097769540451414
1120.9655945493512,-0.0028534370940178633,1120.188,0.021102536823248697,0.037554792692997274,1120.9655945493512,0.003161631243772336
1121.4311118228352,-0.0031891355756670237,1120.656,0.027638400387933082,0.04050074590737607,1121.4311118228352,0.003202246400004544
1121.8966290963192,-0.0041962312534451485,1121.118,0.03772101440459519,0.04376729318200243,1121.8966290963192,0.0032354252106694165
1122.3621463698032,-0.004867628216743469,1121.583,0.09000857221014069,0.0469272648176908,1122.3621463698032,0.003248264574211196
1122.827663643287,-0.00553902518004179,1122.046,0.0668541012064956,0.04970082722977888,1122.827663643287,0.003222018405653124
1123.293180916771,-0.004867628216743469,1122.511,0.012387922212722113,0.05203133076941362,1123.293180916771,0.003200870975576912
1123.758698190255,-0.0028534370940178633,1122.977,0.15318949567205475,0.05409625502504272,1123.758698190255,0.003197371759932061
1124.224215463739,-0.0001678492408245802,1123.443,0.02247053622938422,0.05624319549988956,1124.224215463739,0.003205486566072471
1124.6897327372228,0.0011749446857720613,1123.907,0.029006399794068605,0.05886270374237133,1124.6897327372228,0.0031539687459715944
1125.1552500107068,-0.0005035477224737406,1124.373,0.048614250203349973,0.06223228762563884,1125.1552500107068,0.0031506792361855815
1125.6207672841908,-0.003524834057316184,1124.837,0.0014946864139673277,0.06638197369758417,1125.6207672841908,0.0031310532033726603
1126.0862845576746,-0.004867628216743469,1125.303,0.09218732325598267,0.07103002640688406,1126.0862845576746,0.003100053693886386
1126.5518018311586,-0.004531929735094309,1125.766,0.11397379485349224,0.07561372245382654,1126.5518018311586,0.003056817211675188
1127.0173191046426,-0.00520332669839263,1126.236,0.014566543400950316,0.07940575964028256,1127.0173191046426,0.0029733027504357775
1127.4828363781266,-0.006210422143340111,1126.696,0.17360796786342858,0.08167950949751261,1127.4828363781266,0.0028911308198538914
1127.9483536516104,-0.004531929735094309,1127.166,0.09218732325598267,0.08187576395466561,1127.9483536516104,0.0028205400159695884
1128.4138709250944,-0.0023498893715441227,1127.629,0.0189237857774065,0.07972899720304553,1128.4138709250944,0.0027278581046575497
1128.8793881985785,-0.000839246204122901,1128.092,0.1213204100578833,0.07532744891204321,1128.8793881985785,0.0026919346110841095
1129.3449054720625,0.0005035477224737406,1128.557,0.09654456563243907,0.0691012086378326,1129.3449054720625,0.002698174399454143
1129.8104227455462,0.0011749446857720613,1129.021,0.031185150839910802,0.06174747503133051,1129.8104227455462,0.002691511086465202
1130.2759400190303,0.002517738612368703,1129.487,0.042078386638665366,0.05411134172934876,1130.2759400190303,0.00268099082776265
1130.7414572925143,0.0031891355756670237,1129.952,0.03336377202813878,0.04704867869544572,1130.7414572925143,0.0026671111550196688
1131.2069745659983,0.002517738612368703,1130.417,0.042078386638665366,0.041302635292493325,1131.2069745659983,0.0026239055115139793
1131.672491839482,0.0010070954449474812,1130.885,0.011577300430629434,0.037419990957103556,1131.672491839482,0.0026018616890037607
1132.138009112966,-0.0011749446857720613,1131.351,0.03989963559282339,0.03571876031776238,1132.138009112966,0.0026066479222846863
1132.60352638645,-0.0028534370940178633,1131.815,0.07257947284670152,0.03630115397040904,1132.60352638645,0.0025966149184693007
1133.0690436599339,-0.000839246204122901,1132.281,0.061686237047946735,0.03909204532469813,1133.0690436599339,0.0025513944504554228
1133.5345609334179,0.001678492408245802,1132.744,0.011577300430629434,0.0438777345434975,1133.5345609334179,0.002498143469064966
1134.000078206902,0.0031891355756670237,1133.206,0.06604347942440314,0.05032693209208908,1134.000078206902,0.0024418209087655285
1134.465595480386,0.0018463416490703821,1133.67,0.06386485823617494,0.057991372875712134,1134.465595480386,0.002386460529683735
1134.9311127538697,-0.0021820401307195425,1134.14,0.0668541012064956,0.06629693228687147,1134.9311127538697,0.002361635015642922
1135.3966300273537,-0.0041962312534451485,1134.607,0.0189237857774065,0.07454235401874224,1135.3966300273537,0.002349432991401924
1135.8621473008377,-0.0031891355756670237,1135.07,0.12268840946401882,0.08192366919820832,1135.8621473008377,0.0022884763352378646
1136.3276645743217,-0.0015106431674212217,1135.535,0.050792871391578176,0.08759851938150233,1136.3276645743217,0.002196232338708242
1136.7931818478055,-0.0001678492408245802,1135.999,0.06822210061263134,0.0907940988138297,1136.7931818478055,0.002099315183688271
1137.2586991212895,0.0011749446857720613,1136.465,0.06822210061263134,0.09094681924977874,1137.2586991212895,0.0020358214935960834
1137.7242163947735,0.0011749446857720613,1136.93,0.24904999667261918,0.08784410333363427,1137.7242163947735,0.001997467874165536
1138.1897336682575,0.0023498893715441227,1137.395,0.01020930102449391,0.08172329895683196,1138.1897336682575,0.0019708249058517147
1138.6552509417413,0.002517738612368703,1137.855,0.14883212343798458,0.07328148800395519,1138.6552509417413,0.001918277055893791
1139.1207682152253,-0.0003356984816491604,1138.321,0.012387922212722113,0.06357417944372107,1139.1207682152253,0.0018652049403790206
1139.5862854887093,-0.0028534370940178633,1138.788,0.02029178518354202,0.05382238537397813,1139.5862854887093,0.0017916967515467666
1140.0518027621931,-0.003524834057316184,1139.251,0.014566543400950316,0.04518220083501617,1140.0518027621931,0.001732748750801424
1140.5173200356771,-0.0031891355756670237,1139.721,0.055150243625648354,0.03854053681546498,1140.5173200356771,0.0017192946596384516
1140.9828373091611,-0.0015106431674212217,1140.184,0.04071038723252984,0.03438426062423591,1140.9828373091611,0.0017280283053287926
1141.4483545826452,-0.0010070954449474812,1140.648,0.011577300430629434,0.032761104151072924,1141.4483545826452,0.0017339165261545033
1141.913871856129,-0.0018463416490703821,1141.11,0.023281158011476677,0.033326301686322446,1141.913871856129,0.0017263506563448409
1142.379389129613,-0.0015106431674212217,1141.576,0.035542393216366985,0.035455821005162855,1142.379389129613,0.00165251762610336
1142.844906403097,0.0001678492408245802,1142.046,0.09436594444421087,0.038399630447162526,1142.844906403097,0.001567989583819831
1143.310423676581,0.0011749446857720613,1142.505,0.03853163618668787,0.0414419849715117,1143.310423676581,0.0015487356785457054
1143.7759409500648,0.002517738612368703,1142.97,0.005041307008331053,0.04403510054991266,1143.7759409500648,0.0015874100229051353
1144.2414582235488,0.003524834057316184,1143.435,0.09436594444421087,0.04588301428257419,1144.2414582235488,0.001607469859760971
1144.7069754970328,0.0028534370940178633,1143.903,0.031185150839910802,0.04696828481767904,1144.7069754970328,0.0015498520557720324
1145.1724927705166,0.0005035477224737406,1144.368,0.05950748600210476,0.04752574046121581,1145.1724927705166,0.0014845080148875131
1145.6380100440006,0.0003356984816491604,1144.833,0.0028626858201028504,0.04797352510322411,1145.6380100440006,0.001449501471965827
1146.1035273174846,-0.0003356984816491604,1145.299,0.055150243625648354,0.04881580743267431,1146.1035273174846,0.0014479944638907014
1146.5690445909686,-0.000839246204122901,1145.762,0.12050965841817662,0.050532005313442784,1146.5690445909686,0.00145763066669836
1147.0345618644524,0.0003356984816491604,1146.225,0.06031823764181121,0.053462583186968934,1147.0345618644524,0.001474649764097916
1147.5000791379364,0.0010070954449474812,1146.692,0.009398549384787458,0.057699896744120106,1147.5000791379364,0.0015029189817260687
1147.9655964114204,0.000839246204122901,1147.162,0.01811316399531404,0.06300388866898536,1147.9655964114204,0.0015523973073833083
1148.4311136849044,0.0005035477224737406,1147.622,0.02545977919970488,0.06877893070915464,1148.4311136849044,0.001594515357426211
1148.8966309583882,-0.0003356984816491604,1148.085,0.027638400387933082,0.07414732664762445,1148.8966309583882,0.0015975622639186067
1149.3621482318722,-0.0015106431674212217,1148.55,0.20765567466582846,0.07812443183373535,1149.3621482318722,0.0015412026979602484
1149.8276655053562,0.0001678492408245802,1149.015,0.1314028942169314,0.07985311936927357,1149.8276655053562,0.001493786483918963
1150.2931827788402,0.0011749446857720613,1149.481,0.023281158011476677,0.07882236291230182,1150.2931827788402,0.001463812890073787
1150.758700052324,0.0011749446857720613,1149.947,0.11042717425912851,0.07500063411182888,1150.758700052324,0.0014391230696414047
1151.224217325808,-0.0011749446857720613,1150.413,0.03199577262200326,0.0688540409431978,1151.224217325808,0.0014384672260182012
1151.689734599292,-0.0030212863348424435,1150.881,0.09436594444421087,0.061260609299142656,1151.689734599292,0.0014614382793855971
1152.1552518727758,-0.0036926832981407642,1151.347,0.03336377202813878,0.05335292697842319,1152.1552518727758,0.0014978017455951963
1152.6207691462598,-0.0031891355756670237,1151.812,0.042078386638665366,0.04632443275858303,1152.6207691462598,0.0015175285183735645
1153.0862864197438,-0.003524834057316184,1152.27,0.031185150839910802,0.04123243840349406,1153.0862864197438,0.0014995287380519726
1153.5518036932278,-0.0028534370940178633,1152.74,0.048614250203349973,0.03882818292517784,1153.5518036932278,0.001467797311729793
1154.0173209667116,-0.0015106431674212217,1153.202,0.021102536823248697,0.03943927768219197,1154.0173209667116,0.001450827559388708
1154.4828382401956,0.0011749446857720613,1153.67,0.00367330760219553,0.04292242437049219,1154.4828382401956,0.0014203461497492903
1154.9483555136796,0.0018463416490703821,1154.132,0.027638400387933082,0.04869467561300935,1154.9483555136796,0.001382520908637077
1155.4138727871637,-0.0018463416490703821,1154.599,0.1793332096460205,0.05583749123700273,1155.4138727871637,0.0013766943643297445
1155.8793900606474,-0.0030212863348424435,1155.064,0.011577300430629434,0.06324998998590413,1155.8793900606474,0.0013983269978361569
1156.3449073341314,-0.0011749446857720613,1155.53,0.0072199281965592554,0.06981690771176552,1156.3449073341314,0.0014047991046486664
1156.8104246076155,0.0001678492408245802,1155.995,0.16843997384726572,0.07456254657692474,1156.8104246076155,0.0013927245500930303
1157.2759418810995,0.0011749446857720613,1156.461,0.03336377202813878,0.07677599673132231,1157.2759418810995,0.001418372440695551
1157.7414591545833,0.002517738612368703,1156.925,0.09436594444421087,0.07610006576363547,1157.7414591545833,0.0014828755976187599
1158.2069764280673,0.0018463416490703821,1157.391,0.012387922212722113,0.07257697597459992,1158.2069764280673,0.0015192493426335074
1158.6724937015513,0.0011749446857720613,1157.851,0.1858692030683189,0.06664574773065313,1158.6724937015513,0.001562062301004363
1159.138010975035,0.0011749446857720613,1158.317,0.012387922212722113,0.059088755494763195,1159.138010975035,0.0016112980251874879
1159.603528248519,-0.000839246204122901,1158.785,0.02981715143377528,0.05092797726618832,1159.603528248519,0.0016373714957016651
1160.069045522003,-0.0001678492408245802,1159.248,0.035542393216366985,0.04328046895011499,1160.069045522003,0.0016681037329513296
1160.534562795487,0.0018463416490703821,1159.711,0.0791153364113859,0.03719485605733058,1160.534562795487,0.0017241035127867252
1161.0000800689709,0.0036926832981407642,1160.181,0.013755921618857636,0.03349516636205592,1161.0000800689709,0.0017506580740979485
1161.4655973424549,0.0036926832981407642,1160.644,0.011577300430629434,0.03265431577121682,1161.4655973424549,0.0017338486829108649
1161.931114615939,0.0011749446857720613,1161.106,0.026827778605840402,0.034716385276204506,1161.931114615939,0.0017009659297547888
1162.396631889423,-0.0005035477224737406,1161.572,0.012387922212722113,0.03928603290942965,1162.396631889423,0.0017295394275114958
1162.8621491629067,-0.0001678492408245802,1162.035,0.04071038723252984,0.04559673884660741,1162.8621491629067,0.0017747413920271475
1163.3276664363907,0.000839246204122901,1162.501,0.031185150839910802,0.05265280725784196,1163.3276664363907,0.0018296330157444754
1163.7931837098747,0.0005035477224737406,1162.966,0.1924050666330035,0.05941781204936668,1163.7931837098747,0.0018836858146632498
1164.2587009833587,0.0005035477224737406,1163.432,0.011577300430629434,0.06500448543208104,1164.2587009833587,0.001907355888161854
1164.7242182568425,-0.0001678492408245802,1163.9,0.03336377202813878,0.06881983243072853,1164.7242182568425,0.0019733084849229902
1165.1897355303265,-0.0001678492408245802,1164.366,0.09436594444421087,0.07063805868173892,1165.1897355303265,0.002038952690174394
1165.6552528038105,-0.0015106431674212217,1164.825,0.10743780143119386,0.07059827098365863,1165.6552528038105,0.0020913237274846185
1166.1207700772943,-0.0021820401307195425,1165.291,0.06386485823617494,0.06913618219247378,1166.1207700772943,0.002129142800320146
1166.5862873507783,-0.0015106431674212217,1165.758,0.08565132983368429,0.06686155743157109,1166.5862873507783,0.0021396610062624213
1167.0518046242623,-0.004531929735094309,1166.221,0.021102536823248697,0.06440074116467438,1167.0518046242623,0.0021346897346168924
1167.5173218977463,-0.0057068741880357265,1166.692,0.016745164589178296,0.062238631016754024,1167.5173218977463,0.0021231065505846105
1167.9828391712301,-0.003524834057316184,1167.154,0.0791153364113859,0.060603725315606226,1167.9828391712301,0.002112497886870075
1168.4483564447141,-0.0015106431674212217,1167.615,0.05950748600210476,0.0594316573643401,1168.4483564447141,0.00213827119005426
1168.9138737181981,-0.0015106431674212217,1168.084,0.0189237857774065,0.058418947754930825,1168.9138737181981,0.0021999782645675406
1169.3793909916822,-0.0031891355756670237,1168.55,0.10090180800889548,0.057152299955911,1169.3793909916822,0.002261315269270285
1169.844908265166,-0.0041962312534451485,1169.01,0.013755921618857636,0.05527974895472227,1169.844908265166,0.002286858306618271
1170.31042553865,-0.0028534370940178633,1169.476,0.11397379485349224,0.05267887059788584,1170.31042553865,0.002253708280586764
1170.775942812134,-0.000839246204122901,1169.941,0.12268840946401882,0.04957238023364423,1170.775942812134,0.0022315226018067885
1171.241460085618,0.0003356984816491604,1170.407,0.009398549384787458,0.04654691244606213,1171.241460085618,0.0022348182802402316
1171.7069773591018,-0.000839246204122901,1170.874,0.06822210061263134,0.044453153408885025,1171.7069773591018,0.0022662721536469655
1172.1724946325858,-0.000839246204122901,1171.339,0.021102536823248697,0.04420274174777146,1172.1724946325858,0.002284857879862455
1172.6380119060698,-0.0001678492408245802,1171.807,0.013755921618857636,0.046514416866575294,1172.6380119060698,0.0022983942100393796
1173.1035291795536,-0.0001678492408245802,1172.265,0.013755921618857636,0.05168209396519759,1173.1035291795536,0.0023301914256842033
1173.5690464530376,0.0010070954449474812,1172.733,0.031185150839910802,0.05943471669831278,1173.5690464530376,0.002339459618075084
1174.0345637265216,0.002517738612368703,1173.195,0.02247053622938422,0.06893422318325508,1174.0345637265216,0.002345242987035128
1174.5000810000056,0.0028534370940178633,1173.666,0.15835735983060362,0.0789191491336876,1174.5000810000056,0.0023712958977544656
1174.9655982734894,-0.000839246204122901,1174.129,0.10171255964860193,0.08795729839763487,1174.9655982734894,0.0023613410230434286
1175.4311155469734,-0.003524834057316184,1174.595,0.12050965841817662,0.09473778678612801,1175.4311155469734,0.002340436195941422
1175.8966328204574,-0.003524834057316184,1175.058,0.10090180800889548,0.09832580538752145,1175.8966328204574,0.0023107319328054565
1176.3621500939414,-0.0018463416490703821,1175.524,0.10308055905473745,0.09832391032166894,1176.3621500939414,0.0022865129254600954
1176.8276673674252,-0.0018463416490703821,1175.992,0.09872318682066727,0.09491666168627194,1176.8276673674252,0.0022899072881983422
1177.2931846409092,-0.004531929735094309,1176.45,0.09654456563243907,0.08880423786118402,1177.2931846409092,0.0023060670008191323
1177.7587019143932,-0.006210422143340111,1176.915,0.0769367152231577,0.08104915496469622,1177.7587019143932,0.002318620589373269
1178.224219187877,-0.00553902518004179,1177.381,0.035542393216366985,0.072870901127851,1178.224219187877,0.002330244888506367
1178.689736461361,-0.0031891355756670237,1177.848,0.08565132983368429,0.06542857898884877,1178.689736461361,0.002322962736215609
1179.155253734845,-0.0038605325389653444,1178.314,0.04942487198544265,0.059630492826754436,1179.155253734845,0.0023052569532304897
1179.620771008329,-0.00520332669839263,1178.781,0.02247053622938422,0.05600138964417875,1179.620771008329,0.0023075966176221477
1180.0862882818128,-0.004531929735094309,1179.244,0.042078386638665366,0.05462568845839723,1180.0862882818128,0.0023420830063510516
1180.5518055552968,-0.003524834057316184,1179.707,0.12268840946401882,0.05517117823931446,1180.5518055552968,0.002381828497125657
1181.0173228287808,-0.0041962312534451485,1180.177,0.016745164589178296,0.0569831147966748,1181.0173228287808,0.002434468862173429
1181.4828401022648,-0.0041962312534451485,1180.64,0.021102536823248697,0.05922748197415382,1181.4828401022648,0.0024686633067082914
1181.9483573757486,-0.001678492408245802,1181.103,0.09218732325598267,0.06105890206741118,1181.9483573757486,0.0024754931500832996
1182.4138746492326,0.0005035477224737406,1181.569,0.11397379485349224,0.0617887027449204,1182.4138746492326,0.002497545195184757
1182.8793919227166,-0.0003356984816491604,1182.033,0.012387922212722113,0.06102522608368058,1182.8793919227166,0.002545127940114041
1183.3449091962007,-0.0005035477224737406,1182.498,0.11179517366526404,0.05875664958768466,1183.3449091962007,0.0025783725386043185
1183.8104264696844,-0.0015106431674212217,1182.962,0.0690327223947238,0.05535540815372963,1183.8104264696844,0.0026011462194008403
1184.2759437431685,-0.0018463416490703821,1183.428,0.011577300430629434,0.051501055917756604,1184.2759437431685,0.002619988937122768
1184.7414610166525,-0.0018463416490703821,1183.895,0.07040072180085932,0.04803734866784225,1184.7414610166525,0.002607544314479134
1185.2069782901362,-0.0021820401307195425,1184.361,0.03989963559282339,0.045794493151083505,1185.2069782901362,0.002560617416079122
1185.6724955636203,-0.003524834057316184,1184.826,0.005041307008331053,0.045415557749566224,1185.6724955636203,0.002537407875798638
1186.1380128371043,-0.00520332669839263,1185.285,0.013755921618857636,0.04722512412465397,1186.1380128371043,0.0025605002272722282
1186.6035301105883,-0.00520332669839263,1185.755,0.09654456563243907,0.05116851652245515,1186.6035301105883,0.002612455962144115
1187.069047384072,-0.0018463416490703821,1186.217,0.00367330760219553,0.056831591830043306,1187.069047384072,0.002581902593248423
1187.534564657556,0.0005035477224737406,1186.685,0.1670719744411302,0.06352809245570404,1187.534564657556,0.00253740993085183
1188.00008193104,0.000839246204122901,1187.147,0.014566543400950316,0.07042442751984097,1188.00008193104,0.002523797531916846
1188.465599204524,0.0010070954449474812,1187.61,0.09872318682066727,0.07666957475196876,1188.465599204524,0.0025114598175324555
1188.9311164780079,0.000839246204122901,1188.08,0.009398549384787458,0.08150935961436415,1188.9311164780079,0.0024734392633457957
1189.396633751492,-0.0001678492408245802,1188.546,0.1902264454447753,0.08437812770640248,1189.396633751492,0.0024518498053577842
1189.862151024976,-0.000839246204122901,1189.011,0.02029178518354202,0.08496527156263929,1189.862151024976,0.002430996374859625
1190.32766829846,-0.0015106431674212217,1189.47,0.09654456563243907,0.08325014130335298,1190.32766829846,0.002385286593637129
1190.7931855719437,-0.000839246204122901,1189.937,0.140117508827458,0.07949692592412284,1190.7931855719437,0.0023633085621350193
1191.2587028454277,-0.0021820401307195425,1190.403,0.005041307008331053,0.07420605128586118,1191.2587028454277,0.0023675191322143135
1191.7242201189117,-0.0041962312534451485,1190.87,0.11397379485349224,0.06802741655872575,1191.7242201189117,0.0023593981562030145
1192.1897373923955,-0.004531929735094309,1191.336,0.058139486595969014,0.061650200106384945,1192.1897373923955,0.0023855867599632576
1192.6552546658795,-0.0031891355756670237,1191.803,0.009398549384787458,0.055691851396337026,1192.6552546658795,0.0024236751584858283
1193.1207719393635,-0.0015106431674212217,1192.261,0.013755921618857636,0.05061243789610797,1193.1207719393635,0.0024333997675660027
1193.5862892128475,-0.0001678492408245802,1192.729,0.08565132983368429,0.04667644303513288,1193.5862892128475,0.0024278857271876624
1194.0518064863313,0.0011749446857720613,1193.192,0.03199577262200326,0.04396922966217576,1194.0518064863313,0.0024237985111461367
1194.5173237598153,0.0031891355756670237,1193.655,0.10525918024296566,0.04245308877033816,1194.5173237598153,0.0024229309017199216
1194.9828410332993,0.00520332669839263,1194.125,0.0028626858201028504,0.04203153097415736,1194.9828410332993,0.0023835020259760017
1195.4483583067833,0.004364080261439085,1194.591,0.09000857221014069,0.04259174936444745,1195.4483583067833,0.0023089987600940823
1195.9138755802671,0.002517738612368703,1195.053,0.011577300430629434,0.044011715122434784,1195.9138755802671,0.002207854585286398
1196.3793928537511,0.000839246204122901,1195.519,0.042078386638665366,0.04613881532483339,1196.3793928537511,0.002077439950475911
1196.8449101272352,-0.0010070954449474812,1195.985,0.0006839347742608748,0.048761493705384525,1196.8449101272352,0.0019567499323857947
1197.3104274007192,-0.0018463416490703821,1196.45,0.07257947284670152,0.05159861669723371,1197.3104274007192,0.0018706984412137457
1197.775944674203,-0.0001678492408245802,1196.91,0.0791153364113859,0.05432149769546392,1197.775944674203,0.001811102817676827
1198.241461947687,0.0011749446857720613,1197.376,0.02029178518354202,0.05660538904406357,1198.241461947687,0.001752300788332646
1198.706979221171,0.0010070954449474812,1197.841,0.12268840946401882,0.058191868719802406,1198.706979221171,0.0016975057920531316
1199.1724964946548,-0.0005035477224737406,1198.306,0.04425700782689357,0.05893941556700826,1199.1724964946548,0.0016584305359892502
1199.6380137681388,-0.0015106431674212217,1198.77,0.035542393216366985,0.058846377068887464,1199.6380137681388,0.0016430232956957135
1200.1035310416228,-0.0031891355756670237,1199.24,0.0189237857774065,0.05804287815462732,1200.1035310416228,0.001606838695826657
1200.5690483151068,-0.0038605325389653444,1199.703,0.1771545884577923,0.05675816580147258,1200.5690483151068,0.0016201940981759972
1201.0345655885906,-0.003524834057316184,1200.165,0.005041307008331053,0.05527171208023013,1201.0345655885906,0.0016597257698283442
1201.5000828620746,-0.003524834057316184,1200.633,0.011577300430629434,0.053855316875624754,1201.5000828620746,0.0016626698769586813
1201.9656001355586,-0.003524834057316184,1201.096,0.008030549978651935,0.05271942709556002,1201.9656001355586,0.0016347789514385622
1202.4311174090426,-0.003524834057316184,1201.562,0.12268840946401882,0.051984514939258195,1202.4311174090426,0.0016274392355221008
1202.8966346825264,-0.0041962312534451485,1202.026,0.021102536823248697,0.05169130586921812,1202.8966346825264,0.001667410879921831
1203.3621519560104,-0.00520332669839263,1202.492,0.05732886481387656,0.051842264882711424,1203.3621519560104,0.0017300184569926126
1203.8276692294944,-0.004867628216743469,1202.959,0.11179517366526404,0.05244981310575203,1203.8276692294944,0.00178304122493355
1204.2931865029784,-0.0031891355756670237,1203.426,0.00367330760219553,0.05356581185663574,1204.2931865029784,0.0018480254692828792
1204.7587037764622,-0.0015106431674212217,1203.885,0.07556871581702218,0.05527765676171087,1204.7587037764622,0.0019401933983919752
1205.2242210499462,0.0010070954449474812,1204.351,0.06822210061263134,0.057670684086951,1205.2242210499462,0.002008866008163306
1205.6897383234302,0.0011749446857720613,1204.818,0.06386485823617494,0.06076873510037243,1205.6897383234302,0.0020634471817870793
1206.155255596914,0.0005035477224737406,1205.283,0.02247053622938422,0.06447220876370378,1206.155255596914,0.002168070014221498
1206.620772870398,0.0011749446857720613,1205.752,0.03989963559282339,0.06851668637361653,1206.620772870398,0.0023012869017719558
1207.086290143882,0.000839246204122901,1206.214,0.06822210061263134,0.07247351510913141,1207.086290143882,0.00240560339559096
1207.551807417366,-0.0001678492408245802,1206.677,0.1771545884577923,0.07580121187902392,1207.551807417366,0.0024741464814108565
1208.0173246908498,-0.0003356984816491604,1207.14,0.02247053622938422,0.07793623310605122,1208.0173246908498,0.0025169800001184107
1208.4828419643338,-0.0001678492408245802,1207.611,0.029006399794068605,0.07839908695763956,1208.4828419643338,0.0025764419854993528
1208.9483592378178,-0.0001678492408245802,1208.073,0.04425700782689357,0.07689576090787076,1208.9483592378178,0.0026453407490098853
1209.4138765113019,-0.0018463416490703821,1208.539,0.25203936950055383,0.07340146942137515,1209.4138765113019,0.0027016735888787755
1209.8793937847856,-0.003524834057316184,1209.004,0.014566543400950316,0.06820822035898565,1209.8793937847856,0.0027602227351317342
1210.3449110582696,-0.003524834057316184,1209.47,0.035542393216366985,0.06191116294201449,1210.3449110582696,0.002832213636439189
1210.8104283317537,-0.0021820401307195425,1209.936,0.042078386638665366,0.05532383489894785,1210.8104283317537,0.002922825213167585
1211.2759456052374,-0.0001678492408245802,1210.395,0.03989963559282339,0.04934354898481592,1211.2759456052374,0.003043083490937706
1211.7414628787214,0.003524834057316184,1210.866,0.048614250203349973,0.04480627499973102,1211.7414628787214,0.0031655066768282525
1212.2069801522055,0.0038605325389653444,1211.332,0.06386485823617494,0.042363575638949685,1212.2069801522055,0.0032294711767762766
1212.6724974256895,0.0011749446857720613,1211.792,0.02029178518354202,0.04239715899065985,1212.6724974256895,0.0032700431573617485
1213.1380146991733,-0.0015106431674212217,1212.256,0.009398549384787458,0.044975681363506874,1213.1380146991733,0.003319085622887648
1213.6035319726573,-0.0028534370940178633,1212.726,0.09654456563243907,0.04985507022576815,1213.6035319726573,0.0033557492555944895
1214.0690492461413,-0.0015106431674212217,1213.189,0.021102536823248697,0.05652012762422698,1214.0690492461413,0.003394168663469302
1214.5345665196253,0.000839246204122901,1213.652,0.10525918024296566,0.06425751986563023,1214.5345665196253,0.0034168847787265045
1215.000083793109,0.0023498893715441227,1214.121,0.07257947284670152,0.07224320864454269,1215.000083793109,0.003431512814163768
1215.465601066593,0.0018463416490703821,1214.58,0.09654456563243907,0.07962748316750465,1215.465601066593,0.0034355383515166336
1215.931118340077,0.0005035477224737406,1215.05,0.042078386638665366,0.08560919168416659,1215.931118340077,0.0034453205290764168
1216.396635613561,-0.0005035477224737406,1215.515,0.05950748600210476,0.08950300016746224,1216.396635613561,0.0034428986289704354
1216.8621528870449,-0.0010070954449474812,1215.981,0.07257947284670152,0.09081044773581552,1216.8621528870449,0.0034784376633284304
1217.327670160529,-0.0015106431674212217,1216.44,0.1793332096460205,0.08929812058206871,1217.327670160529,0.0035470568204074887
1217.793187434013,-0.0015106431674212217,1216.907,0.05732886481387656,0.08506613145360346,1217.793187434013,0.0035816007752974203
1218.2587047074967,-0.0005035477224737406,1217.373,0.15972535923673914,0.07857383505122444,1218.2587047074967,0.003581238930148591
1218.7242219809807,-0.0001678492408245802,1217.837,0.011577300430629434,0.0705946978416021,1218.7242219809807,0.0035720241944026936
1219.1897392544647,-0.0015106431674212217,1218.303,0.061686237047946735,0.0620988596236263,1219.1897392544647,0.003580881197324912
1219.6552565279487,-0.00553902518004179,1218.766,0.0072199281965592554,0.05409337894390409,1219.6552565279487,0.0036140846768899964
1220.1207738014325,-0.007217517588287592,1219.236,0.013755921618857636,0.04746693959095401,1220.1207738014325,0.0036608779428463564
1220.5862910749165,-0.007553216069936752,1219.696,0.12268840946401882,0.0428785444428751,1220.5862910749165,0.0036968836727529777
1221.0518083484005,-0.009567406959831715,1220.166,0.0028626858201028504,0.04070429587692942,1221.0518083484005,0.0037107797917336352
1221.5173256218845,-0.009903104975819588,1220.626,0.08129395759961411,0.04103038983661743,1221.5173256218845,0.0036932323186594407
1221.9828428953683,-0.007888914085924625,1221.095,0.035542393216366985,0.043670287202763926,1221.9828428953683,0.003647138077189117
1222.4483601688523,-0.00553902518004179,1221.561,0.055150243625648354,0.04819181177568343,1222.4483601688523,0.003621085167767387
1222.9138774423363,-0.00553902518004179,1222.024,0.00367330760219553,0.053955404631186865,1222.9138774423363,0.003591771532659707
1223.3793947158204,-0.006210422143340111,1222.49,0.04071038723252984,0.060176589495119094,1223.3793947158204,0.0035785065883335923
1223.8449119893041,-0.0068818191066384315,1222.957,0.0072199281965592554,0.06602569307742194,1223.8449119893041,0.0035287938867394723
1224.3104292627881,-0.00587472366169095,1223.415,0.2359781396856362,0.07076118632309454,1224.3104292627881,0.0034335708281075512
1224.7759465362722,-0.00553902518004179,1223.881,0.03772101440459519,0.07386536880180189,1224.7759465362722,0.0033536892161715472
1225.241463809756,-0.004867628216743469,1224.347,0.11397379485349224,0.07513324281066641,1225.241463809756,0.0033226897078146187
1225.70698108324,-0.0031891355756670237,1224.814,0.04506762960898625,0.07467736453109995,1225.70698108324,0.0033347539809841513
1226.172498356724,-0.0041962312534451485,1225.28,0.050792871391578176,0.0728489509221822,1226.172498356724,0.0033549967951966644
1226.638015630208,-0.006546120624989271,1225.74,0.042889008420758046,0.07011225211811448,1226.638015630208,0.003368709934373729
1227.1035329036918,-0.008224613033235073,1226.21,0.03336377202813878,0.0669232752761896,1227.1035329036918,0.0033719172047921545
1227.5690501771758,-0.007217517588287592,1226.674,0.0769367152231577,0.06365234138097342,1227.5690501771758,0.003329634677591172
1228.0345674506598,-0.00553902518004179,1227.136,0.12268840946401882,0.06056225305995083,1228.0345674506598,0.0032965093240104747
1228.5000847241438,-0.0041962312534451485,1227.602,0.03989963559282339,0.05782499138661558,1228.5000847241438,0.003314696198910579
1228.9656019976276,-0.0041962312534451485,1228.065,0.09000857221014069,0.05554571686617461,1228.9656019976276,0.0033605355070647283
1229.4311192711116,-0.0038605325389653444,1228.53,0.016745164589178296,0.05377078095461538,1229.4311192711116,0.003375196436688475
1229.8966365445956,-0.00520332669839263,1228.996,0.050792871391578176,0.05247830626611808,1229.8966365445956,0.0033549515662734605
1230.3621538180796,-0.00553902518004179,1229.461,0.021102536823248697,0.051569138412050054,1230.3621538180796,0.0033202266893253046
1230.8276710915634,-0.0028534370940178633,1229.926,0.01020930102449391,0.05088095679661766,1230.8276710915634,0.0032986022809197895
1231.2931883650474,-0.000839246204122901,1230.392,0.11833103722994842,0.05023697829161608,1231.2931883650474,0.0032631907187653715
1231.7587056385314,-0.0001678492408245802,1230.859,0.042889008420758046,0.049518603444898085,1231.7587056385314,0.003223844081621881
1232.2242229120152,0.0011749446857720613,1231.324,0.11833103722994842,0.048730823380917526,1232.2242229120152,0.0031944646559196157
1232.6897401854992,0.002517738612368703,1231.785,0.011577300430629434,0.04802484259871199,1232.6897401854992,0.0031365076226708187
1233.1552574589832,0.0011749446857720613,1232.254,0.03989963559282339,0.04765986902623388,1233.1552574589832,0.0030761841989266365
1233.6207747324672,-0.0011749446857720613,1232.715,0.04425700782689357,0.047915205160220666,1233.6207747324672,0.0030222341982947603
1234.086292005951,-0.0021820401307195425,1233.184,0.014566543400950316,0.04898656084892473,1234.086292005951,0.002957622077243477
1234.551809279435,-0.0018463416490703821,1233.648,0.06822210061263134,0.0509058219345249,1234.551809279435,0.0029029401606597786
1235.017326552919,-0.0010070954449474812,1234.11,0.012387922212722113,0.053513173394322405,1235.017326552919,0.0028612846986714444
1235.482843826403,-0.000839246204122901,1234.576,0.05950748600210476,0.05649257589548039,1235.482843826403,0.0028403120229357395
1235.9483610998868,-0.0003356984816491604,1235.046,0.011577300430629434,0.05946168219589959,1235.9483610998868,0.0027779881659191863
1236.4138783733708,-0.0001678492408245802,1235.505,0.23896738265595707,0.06208686606606474,1236.4138783733708,0.002671416303963065
1236.8793956468548,-0.000839246204122901,1235.977,0.042078386638665366,0.0641776081327365,1236.8793956468548,0.0026115636901574246
1237.3449129203386,-0.000839246204122901,1236.435,0.042078386638665366,0.06571561070801148,1237.3449129203386,0.0025764358465029595
1237.8104301938226,-0.0001678492408245802,1236.9,0.03772101440459519,0.06680357232018404,1237.8104301938226,0.0025069285242125946
1238.2759474673067,-0.000839246204122901,1237.365,0.01593454280708584,0.06756308818627557,1238.2759474673067,0.0024165122616908417
1238.7414647407907,-0.0001678492408245802,1237.836,0.042078386638665366,0.06803817038998372,1238.7414647407907,0.002318094265851457
1239.2069820142744,-0.0001678492408245802,1238.295,0.14746412403184905,0.06815158140882724,1239.2069820142744,0.0021900542437311822
1239.6724992877585,0.0010070954449474812,1238.763,0.05950748600210476,0.06772694200838132,1239.6724992877585,0.0020551761554279168
1240.1380165612425,0.0021820401307195425,1239.225,0.013755921618857636,0.0665574616585288,1240.1380165612425,0.0019400125045217708
1240.6035338347265,-0.000839246204122901,1239.696,0.127045651840475,0.06449063852636767,1240.6035338347265,0.001830778193326603
1241.0690511082103,-0.0028534370940178633,1240.158,0.01593454280708584,0.06150385053712672,1241.0690511082103,0.0017224978398252726
1241.5345683816943,-0.0021820401307195425,1240.626,0.1248670306522468,0.0577530563918119,1241.5345683816943,0.001608830915861967
1242.0000856551783,-0.0001678492408245802,1241.088,0.02981715143377528,0.05358015734227196,1242.0000856551783,0.001504249207180979
1242.4656029286623,0.0011749446857720613,1241.554,0.05950748600210476,0.049470360224738295,1242.4656029286623,0.001418090803377749
1242.931120202146,0.0018463416490703821,1242.018,0.05378224421951283,0.04596328202179601,1242.931120202146,0.0013087948139987027
1243.39663747563,0.000839246204122901,1242.483,0.021102536823248697,0.04353655073830763,1243.39663747563,0.0011996016219026908
1243.862154749114,-0.0001678492408245802,1242.948,0.023281158011476677,0.04249195444191794,1243.862154749114,0.0011290724967298643
1244.3276720225979,-0.0001678492408245802,1243.413,0.01593454280708584,0.042877722671708765,1244.3276720225979,0.001067610079921719
1244.793189296082,0.0011749446857720613,1243.878,0.027638400387933082,0.044473857348215955,1244.793189296082,0.0010725792959237158
1245.258706569566,0.0011749446857720613,1244.344,0.0769367152231577,0.04684965510200446,1245.258706569566,0.001064384309159249
1245.72422384305,0.000839246204122901,1244.811,0.10090180800889548,0.04947803998303414,1245.72422384305,0.0010630191651138567
1246.1897411165337,0.0011749446857720613,1245.277,0.013755921618857636,0.05187150237717782,1246.1897411165337,0.0010851328869304728
1246.6552583900177,0.0031891355756670237,1245.74,0.02981715143377528,0.053700768417307,1246.6552583900177,0.0011101578176184522
1247.1207756635017,0.002517738612368703,1246.202,0.10090180800889548,0.05486893431368603,1247.1207756635017,0.0011368809570367416
1247.5862929369857,0.000839246204122901,1246.67,0.10743780143119386,0.05552721325093152,1247.5862929369857,0.0011560629073751965
1248.0518102104695,0.0003356984816491604,1247.132,0.01593454280708584,0.05602589088989216,1248.0518102104695,0.001197440818253327
1248.5173274839535,0.002517738612368703,1247.598,0.06604347942440314,0.056803722230704595,1248.5173274839535,0.0012692137902808051
1248.9828447574375,0.00520332669839263,1248.064,0.042078386638665366,0.05823795073459909,1248.9828447574375,0.0013347284720171136
1249.4483620309215,0.00520332669839263,1248.529,0.03772101440459519,0.06049638198989995,1249.4483620309215,0.0013721055182755243
1249.9138793044053,0.003524834057316184,1248.996,0.02029178518354202,0.06343905369253547,1249.9138793044053,0.001405189755742988
1250.3793965778893,0.0011749446857720613,1249.455,0.050792871391578176,0.06660663197786568,1250.3793965778893,0.0014156380580440005
1250.8449138513733,0.0001678492408245802,1249.922,0.05732886481387656,0.06930885401249522,1250.8449138513733,0.0013940383182164371
1251.3104311248571,-0.0005035477224737406,1250.388,0.1836905818800907,0.07079364124100355,1251.3104311248571,0.0013923647813209282
1251.7759483983411,0.0011749446857720613,1250.855,0.02545977919970488,0.07044648688446847,1251.7759483983411,0.0014675465084717809
1252.2414656718252,0.004531929735094309,1251.321,0.12268840946401882,0.06795691578174595,1252.2414656718252,0.0015824326066079262
1252.7069829453092,0.004867628216743469,1251.781,0.042078386638665366,0.06340316343873596,1252.7069829453092,0.0016900694499593898
1253.172500218793,0.002517738612368703,1252.251,0.06822210061263134,0.05723844917462607,1253.172500218793,0.0017883805361221452
1253.638017492277,0.0003356984816491604,1252.714,0.021102536823248697,0.05019395706658485,1253.638017492277,0.0018838050785150407
1254.103534765761,-0.000839246204122901,1253.177,0.042078386638665366,0.04313344023023894,1254.103534765761,0.0019728685335076977
1254.569052039245,-0.0015106431674212217,1253.64,0.014566543400950316,0.03690031218656775,1254.569052039245,0.0020648493683548402
1255.0345693127288,-0.0018463416490703821,1254.11,0.0072199281965592554,0.032191966095953234,1255.0345693127288,0.002154194487601341
1255.5000865862128,-0.000839246204122901,1254.576,0.06386485823617494,0.029480938575732547,1255.5000865862128,0.0022256570118852153
1255.9656038596968,-0.000839246204122901,1255.038,0.06822210061263134,0.028983307808246674,1255.9656038596968,0.00227838989581299
1256.4311211331808,-0.0015106431674212217,1255.504,0.013755921618857636,0.030659385220613563,1256.4311211331808,0.002335366245937268
1256.8966384066646,-0.0001678492408245802,1255.969,0.011577300430629434,0.034229415570175725,1256.8966384066646,0.0023656852392696767
1257.3621556801486,0.0011749446857720613,1256.435,0.04071038723252984,0.03919854744708166,1257.3621556801486,0.0024213375618867277
1257.8276729536326,0.0011749446857720613,1256.9,0.042078386638665366,0.04489891038459724,1257.8276729536326,0.0024848106914853625
1258.2931902271164,-0.0001678492408245802,1257.366,0.013755921618857636,0.05055950159283967,1258.2931902271164,0.0024923868401172857
1258.7587075006004,-0.0005035477224737406,1257.826,0.0791153364113859,0.0554057353159454,1258.7587075006004,0.002483433207375931
1259.2242247740844,0.0011749446857720613,1258.291,0.09299794503807535,0.05877674697689124,1259.2242247740844,0.0025103146609544522
1259.6897420475684,0.0018463416490703821,1258.759,0.058139486595969014,0.06023651718357821,1259.6897420475684,0.0025528212844686754
1260.1552593210522,-0.0003356984816491604,1259.221,0.08347270864545608,0.059651233023588414,1260.1552593210522,0.0025743922404870695
1260.6207765945362,-0.0018463416490703821,1259.692,0.013755921618857636,0.05721455389234311,1260.6207765945362,0.002575625805302536
1261.0862938680202,-0.0028534370940178633,1260.155,0.04643562901512177,0.05341996344551371,1261.0862938680202,0.0025575232265600063
1261.5518111415042,-0.0028534370940178633,1260.618,0.06386485823617494,0.04899290649642651,1261.5518111415042,0.0025434996388522197
1262.017328414988,-0.0015106431674212217,1261.08,0.08129395759961411,0.04479655444574142,1262.017328414988,0.0025944808595550206
1262.482845688472,-0.0011749446857720613,1261.546,0.03199577262200326,0.04171794448510859,1262.482845688472,0.0026557788019828197
1262.948362961956,-0.0028534370940178633,1262.011,0.031185150839910802,0.04053836305089726,1262.948362961956,0.002707241113046328
1263.41388023544,-0.004867628216743469,1262.476,0.0189237857774065,0.041799759165606444,1263.41388023544,0.00274481758507508
1263.8793975089238,-0.00587472366169095,1262.944,0.04506762960898625,0.04569044926087503,1263.8793975089238,0.0027693717141206485
1264.3449147824078,-0.00587472366169095,1263.41,0.048614250203349973,0.05197647723383929,1264.3449147824078,0.002798831322968036
1264.8104320558919,-0.006210422143340111,1263.87,0.09654456563243907,0.05999672021576477,1264.8104320558919,0.002844625398642681
1265.2759493293756,-0.00553902518004179,1264.336,0.011577300430629434,0.06872770706054628,1265.2759493293756,0.0028894737403982592
1265.7414666028596,-0.0041962312534451485,1264.803,0.021102536823248697,0.07691613843953113,1265.7414666028596,0.0029217355990823987
1266.2069838763437,-0.004531929735094309,1265.269,0.12268840946401882,0.08327125683985248,1266.2069838763437,0.0029656299829986937
1266.6725011498277,-0.004364080261439085,1265.737,0.15101074462621278,0.08669563085120637,1266.6725011498277,0.003005914130893931
1267.1380184233115,-0.003524834057316184,1266.199,0.07257947284670152,0.08651094018694784,1267.1380184233115,0.003012375960678015
1267.6035356967955,-0.00520332669839263,1266.662,0.08210470923932056,0.0826218125206928,1267.6035356967955,0.003002246330465753
1268.0690529702795,-0.0041962312534451485,1267.125,0.14447488106152817,0.07557053150524698,1268.0690529702795,0.002992466210411782
1268.5345702437635,-0.000839246204122901,1267.59,0.04724625079721445,0.06646270572488862,1268.5345702437635,0.0029870364655550474
1269.0000875172473,0.0011749446857720613,1268.061,0.03989963559282339,0.056774270026585014,1269.0000875172473,0.0029922565051860627
1269.4656047907313,-0.0003356984816491604,1268.527,0.042889008420758046,0.048077222931695855,1269.4656047907313,0.002987949304899775
1269.9311220642153,-0.0031891355756670237,1268.985,0.011577300430629434,0.04174189797847279,1269.9311220642153,0.0029803402600394194
1270.396639337699,-0.003524834057316184,1269.45,0.011577300430629434,0.03868024615826957,1270.396639337699,0.0029931755120232058
1270.862156611183,-0.004531929735094309,1269.918,0.04506762960898625,0.039184267661915816,1270.862156611183,0.0029654593445225244
1271.327673884667,-0.00553902518004179,1270.384,0.0189237857774065,0.042890999529819736,1271.327673884667,0.002934338535298778
1271.793191158151,-0.0041962312534451485,1270.848,0.03989963559282339,0.0488778913522632,1271.793191158151,0.0029344906745944715
1272.258708431635,-0.0028534370940178633,1271.314,0.08565132983368429,0.055866314853177494,1272.258708431635,0.002953590384244919
1272.724225705119,-0.0015106431674212217,1271.777,0.042078386638665366,0.06249027381353556,1272.724225705119,0.0029419290748813305
1273.189742978603,-0.0001678492408245802,1272.24,0.09218732325598267,0.06757417678001859,1273.189742978603,0.0028835546818081616
1273.655260252087,-0.0015106431674212217,1272.71,0.164893353252902,0.07035947178897653,1273.655260252087,0.0028521049181513274
1274.1207775255707,-0.0028534370940178633,1273.173,0.0791153364113859,0.07062753021121232,1274.1207775255707,0.002849245101138275
1274.5862947990547,-0.0031891355756670237,1273.636,0.021102536823248697,0.06868967430673217,1274.5862947990547,0.0028358753040624114
1275.0518120725387,-0.004531929735094309,1274.107,0.04942487198544265,0.06525467026740742,1275.0518120725387,0.0028070242533788496
1275.5173293460227,-0.00553902518004179,1274.565,0.02545977919970488,0.06122454086289487,1275.5173293460227,0.002768510270829355
1275.9828466195065,-0.00553902518004179,1275.031,0.0189237857774065,0.05748794793689741,1275.9828466195065,0.002726127003725666
1276.4483638929905,-0.0028534370940178633,1275.496,0.09218732325598267,0.05476700642757573,1276.4483638929905,0.002679319347457499
1276.9138811664745,-0.0021820401307195425,1275.963,0.050792871391578176,0.05353954047955381,1276.9138811664745,0.0026387041915675166
1277.3793984399583,-0.0021820401307195425,1276.429,0.12268840946401882,0.05402442355081729,1277.3793984399583,0.002667378429523526
1277.8449157134423,-0.0015106431674212217,1276.896,0.031185150839910802,0.05619946868265184,1277.8449157134423,0.0027325908896552145
1278.3104329869263,0.0005035477224737406,1277.361,0.011577300430629434,0.05982625110278463,1278.3104329869263,0.0027882678829492017
1278.7759502604104,0.0010070954449474812,1277.826,0.06822210061263134,0.0644763104102752,1278.7759502604104,0.0028181654070353083
1279.2414675338941,0.0005035477224737406,1278.285,0.12050965841817662,0.06956958626788673,1279.2414675338941,0.0028220675879006376
1279.7069848073781,-0.0021820401307195425,1278.755,0.02545977919970488,0.07443618321839861,1279.7069848073781,0.0028236671124459234
1280.1725020808622,-0.0041962312534451485,1279.217,0.06822210061263134,0.07840274726573081,1280.1725020808622,0.0028556822572537964
1280.6380193543462,-0.0031891355756670237,1279.685,0.042889008420758046,0.08089721125592529,1280.6380193543462,0.0028558056143744505
1281.10353662783,-0.000839246204122901,1280.147,0.11833103722994842,0.08155954475619896,1281.10353662783,0.002816352065834644
1281.569053901314,0.0018463416490703821,1280.615,0.21419166808812684,0.08033338591962706,1281.569053901314,0.0028044933872026626
1282.034571174798,0.000839246204122901,1281.078,0.04506762960898625,0.07750055507328964,1282.034571174798,0.002798707963945176
1282.500088448282,-0.0015106431674212217,1281.543,0.021102536823248697,0.0736284199408171,1282.500088448282,0.002806631568289648
1282.9656057217658,-0.0041962312534451485,1282.011,0.02247053622938422,0.06943637717328892,1282.9656057217658,0.0028188520932739525
1283.4311229952498,-0.00553902518004179,1282.477,0.08565132983368429,0.0656279906421466,1283.4311229952498,0.002797272915479958
1283.8966402687338,-0.0041962312534451485,1282.937,0.04724625079721445,0.06274650371531244,1283.8966402687338,0.002761589968655408
1284.3621575422176,-0.0028534370940178633,1283.403,0.0769367152231577,0.06108904135070567,1284.3621575422176,0.002727432531333743
1284.8276748157016,-0.003524834057316184,1283.87,0.07257947284670152,0.060683024926548784,1284.8276748157016,0.0027207836108953387
1285.2931920891856,-0.004867628216743469,1284.336,0.06822210061263134,0.061309095216420965,1285.2931920891856,0.002690557136174855
1285.7587093626696,-0.00587472366169095,1284.796,0.05950748600210476,0.06255203716435935,1285.7587093626696,0.0026856475431210236
1286.2242266361534,-0.00553902518004179,1285.266,0.050792871391578176,0.06386850782510062,1286.2242266361534,0.002677349755848041
1286.6897439096374,-0.0015106431674212217,1285.729,0.012387922212722113,0.0646698050374404,1286.6897439096374,0.0026670248086086215
1287.1552611831214,0.0005035477224737406,1286.192,0.1314028942169314,0.06442159240366584,1287.1552611831214,0.0026125423178580067
1287.6207784566054,-0.0001678492408245802,1286.655,0.03772101440459519,0.06275597743511054,1287.6207784566054,0.0025246096315214247
1288.0862957300892,-0.0015106431674212217,1287.125,0.04643562901512177,0.05957883327384105,1288.0862957300892,0.0024618581349142663
1288.5518130035732,-0.0015106431674212217,1287.59,0.050792871391578176,0.05514627575874027,1288.5518130035732,0.0024538193995282355
1289.0173302770572,-0.000839246204122901,1288.054,0.1793332096460205,0.0500823856543374,1289.0173302770572,0.0024996545940995534
1289.4828475505412,-0.0001678492408245802,1288.519,0.02029178518354202,0.045313797545870615,1289.4828475505412,0.0025510737299212927
1289.948364824025,0.0011749446857720613,1288.985,0.0189237857774065,0.041910672089127625,1289.948364824025,0.0026082166111217934
1290.413882097509,0.0005035477224737406,1289.45,0.012387922212722113,0.040854526219177914,1290.413882097509,0.002638920065728708
1290.879399370993,-0.0015106431674212217,1289.91,0.005041307008331053,0.04279000672874762,1290.879399370993,0.0026073613401511563
1291.3449166444768,-0.0010070954449474812,1290.376,0.021102536823248697,0.04783493076997656,1291.3449166444768,0.002585716372062024
1291.8104339179608,0.0011749446857720613,1290.844,0.0769367152231577,0.05550896938497803,1291.8104339179608,0.0025939627590921576
1292.2759511914448,0.0031891355756670237,1291.31,0.011577300430629434,0.06480655385808957,1292.2759511914448,0.0026171722989591184
1292.7414684649289,0.0038605325389653444,1291.773,0.06604347942440314,0.0744012007171121,1292.7414684649289,0.0026619219566751187
1293.2069857384126,0.002517738612368703,1292.236,0.055960865407741034,0.08293560793079598,1293.2069857384126,0.0026845537799527574
1293.6725030118967,0.000839246204122901,1292.707,0.34789987050111804,0.08932452215024714,1293.6725030118967,0.002677115377931954
1294.1380202853807,-0.0011749446857720613,1293.169,0.06604347942440314,0.09298035046790323,1294.1380202853807,0.0026742164978511332
1294.6035375588647,-0.0021820401307195425,1293.633,0.021102536823248697,0.09388507683092309,1294.6035375588647,0.0026406655637228075
1295.0690548323485,0.0005035477224737406,1294.095,0.08782995102191249,0.09248970219277104,1295.0690548323485,0.002644364204345178
1295.5345721058325,0.0028534370940178633,1294.561,0.005041307008331053,0.0894974755279191,1295.5345721058325,0.002656615567604356
1296.0000893793165,0.003356984816491604,1295.025,0.11179517366526404,0.08562911753202541,1296.0000893793165,0.002653669403615585
1296.4656066528005,0.0031891355756670237,1295.491,0.01020930102449391,0.08145556138289957,1296.4656066528005,0.0026621933456630015
1296.9311239262843,0.0011749446857720613,1295.955,0.0769367152231577,0.07733679995811978,1296.9311239262843,0.002674401537687309
1297.3966411997683,-0.0015106431674212217,1296.42,0.269468468863993,0.07345346788355214,1297.3966411997683,0.0026845784547905923
1297.8621584732523,-0.0041962312534451485,1296.885,0.008030549978651935,0.0698803193659865,1297.8621584732523,0.0026355873887318314
1298.327675746736,-0.004531929735094309,1297.351,0.03417439381023146,0.06664429840560068,1298.327675746736,0.0025540466301579414
1298.79319302022,-0.00553902518004179,1297.818,0.011577300430629434,0.06374024961073137,1298.79319302022,0.002523744085801017
1299.258710293704,-0.0068818191066384315,1298.284,0.06822210061263134,0.06112036574585637,1299.258710293704,0.00254109007579869
1299.724227567188,-0.0068818191066384315,1298.752,0.10824842321328632,0.058691307902062666,1299.724227567188,0.002563314818339442
1300.189744840672,-0.00553902518004179,1299.213,0.03989963559282339,0.056336652914625335,1300.189744840672,0.0025987675012841844
1300.655262114156,-0.004867628216743469,1299.681,0.01593454280708584,0.05395777323260497,1300.655262114156,0.002631345976105541
1301.12077938764,-0.00553902518004179,1300.143,0.08565132983368429,0.051516557935970285,1301.12077938764,0.00265841041202298
1301.586296661124,-0.00587472366169095,1300.611,0.06604347942440314,0.04906576310779559,1301.586296661124,0.0026684146298475045
1302.0518139346077,-0.004531929735094309,1301.073,0.08347270864545608,0.046755056869952044,1302.0518139346077,0.0026677402797030784
1302.5173312080917,-0.002517738612368703,1301.538,0.0028626858201028504,0.044803566940296115,1302.5173312080917,0.0026429414945009465
1302.9828484815757,-0.000839246204122901,1302.004,0.03772101440459519,0.0434409871069334,1302.9828484815757,0.00260430210102673
1303.4483657550595,-0.0001678492408245802,1302.469,0.03417439381023146,0.04283628936296262,1303.4483657550595,0.0025598813957617593
1303.9138830285435,-0.0021820401307195425,1302.936,0.03199577262200326,0.04304266223582512,1303.9138830285435,0.0025296158577824295
1304.3794003020275,-0.0028534370940178633,1303.395,0.0189237857774065,0.04398212981495383,1304.3794003020275,0.0024850039495579513
1304.8449175755115,-0.000839246204122901,1303.866,0.03772101440459519,0.04547770367086387,1304.8449175755115,0.002462320729026237
1305.3104348489953,0.0018463416490703821,1304.332,0.10171255964860193,0.0473218681806407,1305.3104348489953,0.0024866569277337794
1305.7759521224793,0.004531929735094309,1304.792,0.09654456563243907,0.049352753424200445,1305.7759521224793,0.002501132820669831
1306.2414693959633,0.0031891355756670237,1305.255,0.021102536823248697,0.051501607169049946,1306.2414693959633,0.002479843529401509
1306.7069866694474,0.0011749446857720613,1305.725,0.05950748600210476,0.05378617036348709,1306.7069866694474,0.002437587731498362
1307.1725039429311,-0.000839246204122901,1306.188,0.03989963559282339,0.05625141504528484,1307.1725039429311,0.002380590822303622
1307.6380212164152,0.0001678492408245802,1306.655,0.04506762960898625,0.05888497152067809,1307.6380212164152,0.002323153941185694
1308.1035384898992,0.0011749446857720613,1307.117,0.07257947284670152,0.061545041929121545,1308.1035384898992,0.0023100390821230573
1308.5690557633832,0.0021820401307195425,1307.583,0.011577300430629434,0.06393358857567358,1308.5690557633832,0.0023201399313751807
1309.034573036867,0.002517738612368703,1308.046,0.02247053622938422,0.06563432523578791,1309.034573036867,0.002300117104276423
1309.500090310351,0.0010070954449474812,1308.512,0.1248670306522468,0.06621638371794437,1309.500090310351,0.0022654621277668624
1309.965607583835,-0.000839246204122901,1308.977,0.09218732325598267,0.06537954874183274,1309.965607583835,0.0022911059028073444
1310.4311248573188,-0.0001678492408245802,1309.442,0.11179517366526404,0.06309208240544079,1310.4311248573188,0.0023226173424235885
1310.8966421308028,0.0011749446857720613,1309.907,0.07257947284670152,0.059664010525573664,1310.8966421308028,0.002349239749836039
1311.3621594042868,0.0011749446857720613,1310.372,0.035542393216366985,0.05571856908571592,1311.3621594042868,0.002377280758112829
1311.8276766777708,-0.0028534370940178633,1310.837,0.026827778605840402,0.05206389874990371,1311.8276766777708,0.0023566082502176028
1312.2931939512546,-0.004867628216743469,1311.303,0.04643562901512177,0.049504396577735754,1312.2931939512546,0.0023617542741730976
1312.7587112247386,-0.004867628216743469,1311.766,0.02029178518354202,0.04864896703043094,1312.7587112247386,0.0023344451821561323
1313.2242284982226,-0.0031891355756670237,1312.236,0.031185150839910802,0.04976854569969055,1313.2242284982226,0.002314521037231821
1313.6897457717066,-0.0005035477224737406,1312.696,0.03772101440459519,0.05273542529187272,1313.6897457717066,0.0022983469322116444
1314.1552630451904,-0.0001678492408245802,1313.165,0.11833103722994842,0.057051202515703336,1314.1552630451904,0.0022756061452223054
1314.6207803186744,-0.0001678492408245802,1313.626,0.07257947284670152,0.06194589528265191,1314.6207803186744,0.0022494442690231
1315.0862975921584,-0.0015106431674212217,1314.095,0.042078386638665366,0.06651696424408225,1315.0862975921584,0.002227011873298231
1315.5518148656424,-0.004867628216743469,1314.561,0.03772101440459519,0.06988043254540936,1315.5518148656424,0.0022035864570227937
1316.0173321391262,-0.004867628216743469,1315.025,0.035542393216366985,0.07132045212688283,1316.0173321391262,0.0021681543336532967
1316.4828494126102,-0.0028534370940178633,1315.491,0.09218732325598267,0.07043005030042693,1316.4828494126102,0.0021132503742296075
1316.9483666860942,-0.0010070954449474812,1315.955,0.20765567466582846,0.06722340993932605,1316.9483666860942,0.002076058363486769
1317.413883959578,0.0011749446857720613,1316.421,0.03772101440459519,0.06218083875935862,1317.413883959578,0.0020845946364123073
1317.879401233062,0.0018463416490703821,1316.885,0.026827778605840402,0.05618808508388966,1317.879401233062,0.0020706841237916923
1318.344918506546,0.0005035477224737406,1317.351,0.04506762960898625,0.05036448715809284,1318.344918506546,0.0020356631885618806
1318.81043578003,-0.0001678492408245802,1317.811,0.027638400387933082,0.04582034485651912,1318.81043578003,0.0019822374516844598
1319.2759530535138,0.0011749446857720613,1318.277,0.0189237857774065,0.043411277167470196,1319.2759530535138,0.001937290423565017
1319.7414703269978,0.0011749446857720613,1318.744,0.0072199281965592554,0.04355493047448973,1319.7414703269978,0.001897170749471194
1320.2069876004819,-0.000839246204122901,1319.207,0.02247053622938422,0.04615357332812689,1320.2069876004819,0.001797663103253549
1320.6725048739659,-0.0030212863348424435,1319.67,0.09517656622630355,0.050635684608647175,1320.6725048739659,0.0017080897737231213
1321.1380221474496,-0.003524834057316184,1320.14,0.10743780143119386,0.05609646445739367,1321.1380221474496,0.0016338640587403666
1321.6035394209337,-0.0021820401307195425,1320.61,0.050792871391578176,0.061491690920395616,1321.6035394209337,0.0016015878045169151
1322.0690566944177,0.0010070954449474812,1321.066,0.014566543400950316,0.06583486070958154,1322.0690566944177,0.0015534067755917902
1322.5345739679017,0.0038605325389653444,1321.531,0.02247053622938422,0.0683639247496464,1322.5345739679017,0.0015022610770749761
1323.0000912413855,0.004867628216743469,1321.996,0.2403353820620926,0.0686615240965502,1323.0000912413855,0.0014704124629668772
1323.4656085148695,0.002517738612368703,1322.462,0.02981715143377528,0.0667146358123033,1323.4656085148695,0.0014200151317786554
1323.9311257883535,0.0003356984816491604,1322.93,0.035542393216366985,0.06289646262731265,1323.9311257883535,0.0013867767011857628
1324.3966430618373,-0.0001678492408245802,1323.395,0.04506762960898625,0.057868192831597096,1324.3966430618373,0.0014271040227856033
1324.8621603353213,0.0005035477224737406,1323.855,0.005041307008331053,0.05242877797944951,1324.8621603353213,0.001528048770804824
1325.3276776088053,0.0018463416490703821,1324.321,0.06822210061263134,0.04735967332850793,1325.3276776088053,0.0016381918079016306
1325.7931948822893,0.002517738612368703,1324.789,0.0769367152231577,0.04330271380963827,1325.7931948822893,0.001709641995192944
1326.258712155773,0.0011749446857720613,1325.251,0.00367330760219553,0.040685036238667184,1326.258712155773,0.0017867871450348957
1326.724229429257,0.0011749446857720613,1325.722,0.061686237047946735,0.03968609485730401,1326.724229429257,0.0019023948797558922
1327.189746702741,0.0028534370940178633,1326.184,0.048614250203349973,0.040237076546733634,1327.189746702741,0.0019847867967756378
1327.6552639762251,0.0031891355756670237,1326.647,0.0189237857774065,0.042047013670348736,1327.6552639762251,0.00202186573071447
1328.120781249709,0.002517738612368703,1327.11,0.02981715143377528,0.044654485119690314,1328.120781249709,0.0020649706334191103
1328.586298523193,0.0018463416490703821,1327.576,0.050792871391578176,0.04750523119981496,1328.586298523193,0.0021082667387125136
1329.051815796677,0.0021820401307195425,1328.046,0.05732886481387656,0.05005231305451008,1329.051815796677,0.002175679055052142
1329.5173330701607,0.0021820401307195425,1328.512,0.042078386638665366,0.051866365843699386,1329.5173330701607,0.0022682869525024606
1329.9828503436447,0.000839246204122901,1328.97,0.09000857221014069,0.05273363885950459,1329.9828503436447,0.0023437688448215764
1330.4483676171287,0.0005035477224737406,1329.435,0.05732886481387656,0.05271509865093245,1330.4483676171287,0.002420085449882174
1330.9138848906127,-0.0005035477224737406,1329.903,0.0769367152231577,0.05214389569348136,1330.9138848906127,0.0025285857896616584
1331.3794021640965,-0.0028534370940178633,1330.368,0.04506762960898625,0.051551209710336915,1331.3794021640965,0.0026051532198599196
1331.8449194375805,-0.0028534370940178633,1330.833,0.05950748600210476,0.05152994859934039,1331.8449194375805,0.002661946590374532
1332.3104367110645,-0.003524834057316184,1331.299,0.01020930102449391,0.052566708925258505,1332.3104367110645,0.0027380329297101527
1332.7759539845486,-0.0031891355756670237,1331.762,0.031185150839910802,0.05488746220506362,1332.7759539845486,0.002789497295815446
1333.2414712580323,-0.0031891355756670237,1332.232,0.023281158011476677,0.058364802909382285,1333.2414712580323,0.0028566896256145484
1333.7069885315163,-0.004364080261439085,1332.692,0.04506762960898625,0.06252011336950054,1333.7069885315163,0.0029155944491588777
1334.1725058050004,-0.004364080261439085,1333.162,0.14229625987329997,0.06662424295848832,1334.1725058050004,0.0029437279709056464
1334.6380230784844,-0.000839246204122901,1333.622,0.08565132983368429,0.06986567404008857,1334.6380230784844,0.0029423689908020766
1335.1035403519681,0.0018463416490703821,1334.085,0.06604347942440314,0.07153284884004409,1335.1035403519681,0.00295698469095791
1335.5690576254522,0.003524834057316184,1334.551,0.04942487198544265,0.0711599774218977,1335.5690576254522,0.0029826243572580596
1336.0345748989362,0.003524834057316184,1335.018,0.10090180800889548,0.06860821723235154,1336.0345748989362,0.003004896388843005
1336.50009217242,0.0031891355756670237,1335.483,0.042078386638665366,0.06407775942918574,1336.50009217242,0.002998138502322985
1336.965609445904,-0.0001678492408245802,1335.947,0.11397379485349224,0.058058643033131054,1336.965609445904,0.0030120017240770525
1337.431126719388,-0.0018463416490703821,1336.413,0.011577300430629434,0.051233013046607365,1337.431126719388,0.003049508293699409
1337.896643992872,-0.002517738612368703,1336.878,0.02029178518354202,0.04434816172763993,1337.896643992872,0.0031070233008872804
1338.3621612663558,-0.0021820401307195425,1337.344,0.01811316399531404,0.03808849180316802,1338.3621612663558,0.0031944975093583833
1338.8276785398398,-0.0018463416490703821,1337.811,0.050792871391578176,0.0329768050834567,1338.8276785398398,0.0032542288231328068
1339.2931958133238,-0.0011749446857720613,1338.277,0.031185150839910802,0.029324407182646502,1339.2931958133238,0.0032665048609189663
1339.7587130868078,-0.001678492408245802,1338.74,0.031185150839910802,0.0272306783307364,1339.7587130868078,0.0032572305011497435
1340.2242303602916,-0.000839246204122901,1339.202,0.0189237857774065,0.026618361056053714,1340.2242303602916,0.0032657482721028127
1340.6897476337756,0.002517738612368703,1339.67,0.03417439381023146,0.027286867678758018,1340.6897476337756,0.003309862643398089
1341.1552649072596,0.003356984816491604,1340.132,0.04643562901512177,0.028968446782140344,1341.1552649072596,0.0033370031499244607
1341.6207821807436,0.0021820401307195425,1340.599,0.026827778605840402,0.031375671874211995,1341.6207821807436,0.003342190294365128
1342.0862994542274,-0.000839246204122901,1341.064,0.031185150839910802,0.03423294856378146,1342.0862994542274,0.0033341309983486527
1342.5518167277114,-0.0031891355756670237,1341.529,0.04506762960898625,0.03729102281977325,1342.5518167277114,0.0033389789125170427
1343.0173340011954,-0.003524834057316184,1341.997,0.02247053622938422,0.040330381792506316,1343.0173340011954,0.0033813231180188303
1343.4828512746792,-0.0031891355756670237,1342.455,0.01593454280708584,0.043163544598894474,1343.4828512746792,0.0034118209799162517
1343.9483685481632,-0.0028534370940178633,1342.922,0.0769367152231577,0.04564512440704558,1343.9483685481632,0.0034223597472104956
1344.4138858216472,-0.003524834057316184,1343.387,0.026827778605840402,0.04769157718350953,1344.4138858216472,0.0034377238094103796
1344.8794030951312,-0.006210422143340111,1343.851,0.09872318682066727,0.049302256770343854,1344.8794030951312,0.0034607442065272315
1345.344920368615,-0.008224613033235073,1344.317,0.02545977919970488,0.050566192691320955,1345.344920368615,0.003503513991749601
1345.810437642099,-0.008224613033235073,1344.781,0.10743780143119386,0.05164080970529159,1345.810437642099,0.003586442511039269
1346.275954915583,-0.00553902518004179,1345.25,0.005851928790423733,0.052700163062228876,1346.275954915583,0.003610147533575066
1346.741472189067,-0.004867628216743469,1345.711,0.01811316399531404,0.05386662177818301,1346.741472189067,0.003626134546303942
1347.2069894625508,-0.00553902518004179,1346.181,0.05732886481387656,0.055153239887307665,1347.2069894625508,0.003674582845991252
1347.6725067360348,-0.007217517588287592,1346.644,0.031185150839910802,0.056444761589604056,1347.6725067360348,0.003763376970545626
1348.1380240095189,-0.009567406959831715,1347.106,0.08646195161577697,0.05752933505742987,1348.1380240095189,0.0038463322202852922
1348.6035412830029,-0.010238803923130035,1347.572,0.09654456563243907,0.05816838120085249,1348.6035412830029,0.0038862812514910815
1349.0690585564867,-0.007217517588287592,1348.035,0.050792871391578176,0.05817345816720261,1349.0690585564867,0.003896959822326177
1349.5345758299707,-0.003524834057316184,1348.501,0.08565132983368429,0.05745711403848216,1349.5345758299707,0.003915829269827909
1350.0000931034547,-0.0018463416490703821,1348.967,0.03336377202813878,0.05603989746950079,1350.0000931034547,0.0039305436564017904
1350.4656103769385,-0.0041962312534451485,1349.432,0.021102536823248697,0.054018563540745364,1350.4656103769385,0.0039453114973277414
1350.9311276504225,-0.004867628216743469,1349.9,0.04071038723252984,0.051518306658644694,1350.9311276504225,0.003984775325163221
1351.3966449239065,-0.0028534370940178633,1350.365,0.0769367152231577,0.04865546522015068,1351.3966449239065,0.003973613612895456
1351.8621621973905,-0.0041962312534451485,1350.83,0.03336377202813878,0.04552607785852764,1351.8621621973905,0.003977287585005469
1352.3276794708743,-0.0057068741880357265,1351.296,0.03772101440459519,0.04221905001599812,1352.3276794708743,0.004018679886859895
1352.7931967443583,-0.0036926832981407642,1351.758,0.050792871391578176,0.03884170754228354,1352.7931967443583,0.004033673880686593
1353.2587140178423,-0.0028534370940178633,1352.221,0.042078386638665366,0.035543037647597066,1353.2587140178423,0.004019563945523969
1353.7242312913263,-0.0030212863348424435,1352.692,0.042889008420758046,0.032521684228924784,1353.7242312913263,0.003995166071524358
1354.18974856481,-0.0018463416490703821,1353.154,0.04506762960898625,0.030009594205114565,1354.18974856481,0.003974349650030379
1354.655265838294,-0.000839246204122901,1353.618,0.012387922212722113,0.028229668402521578,1354.655265838294,0.003970552324358864
1355.120783111778,-0.0015106431674212217,1354.08,0.01020930102449391,0.02733670781445546,1355.120783111778,0.00397127396119183
1355.5863003852621,-0.0018463416490703821,1354.546,0.03336377202813878,0.027361007993399716,1355.5863003852621,0.003948755218414239
1356.051817658746,-0.0028534370940178633,1355.01,0.005851928790423733,0.028177423041012544,1356.051817658746,0.003899593510394306
1356.51733493223,-0.0021820401307195425,1355.476,0.011577300430629434,0.029517229420523202,1356.51733493223,0.0038265540773257806
1356.982852205714,-0.0001678492408245802,1355.941,0.011577300430629434,0.031027735878371012,1356.982852205714,0.0037393163084004006
1357.4483694791977,0.000839246204122901,1356.407,0.07040072180085932,0.03236795604736037,1357.4483694791977,0.0036718279210411686
1357.9138867526817,-0.0003356984816491604,1356.873,0.11833103722994842,0.03331046620484554,1357.9138867526817,0.0035916790431740698
1358.3794040261657,-0.001678492408245802,1357.339,0.014566543400950316,0.03380824186466188,1358.3794040261657,0.003500058003008394
1358.8449212996497,-0.0041962312534451485,1357.804,0.011577300430629434,0.03399365980897713,1358.8449212996497,0.003447246991781514
1359.3104385731335,-0.004867628216743469,1358.27,0.02029178518354202,0.034106957689526624,1359.3104385731335,0.003409364179557402
1359.7759558466175,-0.003524834057316184,1358.733,0.0028626858201028504,0.03438519148665393,1359.7759558466175,0.003327149069290513
1360.2414731201015,-0.0018463416490703821,1359.196,0.04942487198544265,0.03495755206448155,1360.2414731201015,0.00326908924285969
1360.7069903935856,-0.0028534370940178633,1359.666,0.03336377202813878,0.03578358912421438,1360.7069903935856,0.003256782364788077
1361.1725076670693,-0.004867628216743469,1360.129,0.021102536823248697,0.03664988506828851,1361.1725076670693,0.0032502280184054985
1361.6380249405534,-0.00520332669839263,1360.595,0.042078386638665366,0.03722206244539484,1361.6380249405534,0.0032284905329279
1362.1035422140374,-0.00587472366169095,1361.058,0.013755921618857636,0.03713744082653983,1362.1035422140374,0.0031484156652065182
1362.5690594875211,-0.004867628216743469,1361.524,0.09218732325598267,0.036116080077136035,1362.5690594875211,0.0030968217785121615
1363.0345767610052,-0.0011749446857720613,1361.989,0.03989963559282339,0.03406175739288774,1363.0345767610052,0.0031033905120038834
1363.5000940344892,-0.0001678492408245802,1362.454,0.03336377202813878,0.031123174941455285,1363.5000940344892,0.003140765498338085
1363.9656113079732,-0.0028534370940178633,1362.921,0.026827778605840402,0.02769495464089926,1363.9656113079732,0.003169057328398724
1364.431128581457,-0.0041962312534451485,1363.38,0.02247053622938422,0.024356340536359943,1364.431128581457,0.003200840149451062
1364.896645854941,-0.0041962312534451485,1363.851,0.012387922212722113,0.021763822029274644,1364.896645854941,0.003239504211469007
1365.362163128425,-0.00520332669839263,1364.31,0.0072199281965592554,0.02052416725792869,1365.362163128425,0.003251883042300303
1365.827680401909,-0.0068818191066384315,1364.777,0.01593454280708584,0.0210754172985398,1365.827680401909,0.003294710388476162
1366.2931976753928,-0.0068818191066384315,1365.246,0.03772101440459519,0.023597650873784855,1366.2931976753928,0.0033206769460853757
1366.7587149488768,-0.006210422143340111,1365.707,0.03336377202813878,0.027965962676299225,1366.7587149488768,0.0033282345900640586
1367.2242322223608,-0.00553902518004179,1366.177,0.02247053622938422,0.03374970119412789,1367.2242322223608,0.0033266412316508417
1367.6897494958448,-0.003524834057316184,1366.64,0.01593454280708584,0.04025861554325418,1367.6897494958448,0.003346631162452722
1368.1552667693286,-0.0028534370940178633,1367.102,0.011577300430629434,0.04663661056832264,1368.1552667693286,0.003335259738850502
1368.6207840428126,-0.0036926832981407642,1367.568,0.09436594444421087,0.05199988808989164,1368.6207840428126,0.0032682339354790525
1369.0863013162966,-0.0041962312534451485,1368.032,0.04724625079721445,0.05560305812283807,1369.0863013162966,0.003172313909578868
1369.5518185897804,-0.003524834057316184,1368.498,0.11397379485349224,0.056999315802918275,1369.5518185897804,0.0031182240996538908
1370.0173358632644,-0.0015106431674212217,1368.962,0.042078386638665366,0.05615164812675173,1370.0173358632644,0.0031337032918030646
1370.4828531367484,0.0005035477224737406,1369.428,0.08565132983368429,0.053459875375852416,1370.4828531367484,0.0031649022243817604
1370.9483704102324,0.00520332669839263,1369.893,0.03989963559282339,0.04969059785892996,1370.9483704102324,0.003191179229871468
1371.4138876837162,0.004531929735094309,1370.358,0.02545977919970488,0.045824101155842276,1371.4138876837162,0.0032013787616630798
1371.8794049572002,0.000839246204122901,1370.823,0.014566543400950316,0.042854346000907824,1371.8794049572002,0.003222470682881593
1372.3449222306842,0.0005035477224737406,1371.289,0.06822210061263134,0.04158866522378344,1372.3449222306842,0.0032380752923921877
1372.8104395041682,0.0018463416490703821,1371.751,0.013755921618857636,0.04249026243636708,1372.8104395041682,0.0032453965108621198
1373.275956777652,0.002517738612368703,1372.221,0.04506762960898625,0.045593184898460634,1373.275956777652,0.0033028416127717486
1373.741474051136,0.0021820401307195425,1372.684,0.0006839347742608748,0.0505040562923139,1373.741474051136,0.0034018866653650953
1374.20699132462,0.0010070954449474812,1373.147,0.0769367152231577,0.05649056993463732,1374.20699132462,0.0034785054923611317
1374.672508598104,0.0011749446857720613,1373.615,0.050792871391578176,0.0626398958958667,1374.672508598104,0.003500045603933176
1375.1380258715878,0.0021820401307195425,1374.078,0.19458381767884547,0.06804979435725057,1375.1380258715878,0.0035010098382789894
1375.6035431450719,-0.000839246204122901,1374.543,0.016745164589178296,0.0720007696082996,1375.6035431450719,0.003547200709827971
1376.0690604185559,-0.0028534370940178633,1375.01,0.10743780143119386,0.07406306247413111,1376.0690604185559,0.003638552425290505
1376.5345776920396,-0.0015106431674212217,1375.476,0.008030549978651935,0.07412055189055608,1376.5345776920396,0.003706491059094544
1377.0000949655237,-0.0001678492408245802,1375.94,0.09000857221014069,0.0723284409675937,1377.0000949655237,0.003783734894350682
1377.4656122390077,-0.0021820401307195425,1376.406,0.0072199281965592554,0.06904053194758573,1377.4656122390077,0.003884352742336926
1377.9311295124917,-0.003524834057316184,1376.87,0.16843997384726572,0.0647364792127172,1377.9311295124917,0.0039765391713765435
1378.3966467859755,-0.003524834057316184,1377.336,0.0189237857774065,0.059959513777538345,1378.3966467859755,0.004079889370591852
1378.8621640594595,-0.003524834057316184,1377.803,0.05950748600210476,0.05525847276322598,1378.8621640594595,0.0041832519052597055
1379.3276813329435,-0.0021820401307195425,1378.262,0.05160362303128463,0.051126236630873616,1379.3276813329435,0.004271433356758408
1379.7931986064275,-0.0001678492408245802,1378.729,0.03989963559282339,0.04793653665238672,1379.7931986064275,0.004322268603821318
1380.2587158799113,0.0010070954449474812,1379.192,0.050792871391578176,0.045890083811614996,1380.2587158799113,0.004344879862336134
1380.7242331533953,0.002517738612368703,1379.655,0.050792871391578176,0.04498263816784023,1380.7242331533953,0.004353938347935612
1381.1897504268793,0.006546120624989271,1380.125,0.008030549978651935,0.04500511366603205,1381.1897504268793,0.004370170015266774
1381.6552677003633,0.007888914085924625,1380.591,0.029006399794068605,0.04558265710222134,1381.6552677003633,0.004386537374923019
1382.120784973847,0.007553216069936752,1381.054,0.050792871391578176,0.046253905666068046,1382.120784973847,0.004390458055861464
1382.586302247331,0.008560311049222946,1381.519,0.08565132983368429,0.04657943824333347,1382.586302247331,0.004412384688609406
1383.0518195208151,0.009903104975819588,1381.984,0.08782995102191249,0.046252327617498236,1383.0518195208151,0.0044323191123816445
1383.517336794299,0.008896009996533394,1382.45,0.03336377202813878,0.0451753422301596,1383.517336794299,0.004475567929318157
1383.982854067783,0.008392462506890297,1382.915,0.016745164589178296,0.0434793450657353,1383.982854067783,0.004539844934244667
1384.448371341267,0.008392462506890297,1383.381,0.04942487198544265,0.041482040214519504,1384.448371341267,0.004566341927940401
1384.913888614751,0.007888914085924625,1383.841,0.0072199281965592554,0.03960868422841058,1384.913888614751,0.004566662652584095
1385.3794058882347,0.006546120624989271,1384.307,0.050792871391578176,0.03830306323840562,1385.3794058882347,0.004588813382979961
1385.8449231617187,0.006378271151334047,1384.77,0.07257947284670152,0.03794861079082471,1385.8449231617187,0.004643160180213404
1386.3104404352027,0.0073853665962815285,1385.239,0.005851928790423733,0.038806587837150755,1386.3104404352027,0.004703243061552114
1386.7759577086867,0.00872816052287817,1385.7,0.06822210061263134,0.04097096840636348,1386.7759577086867,0.004775809628747674
1387.2414749821705,0.008560311049222946,1386.169,0.014566543400950316,0.044341275647873664,1387.2414749821705,0.004869922478461324
1387.7069922556545,0.00520332669839263,1386.633,0.035542393216366985,0.048620232807033384,1387.7069922556545,0.004956124059682311
1388.1725095291386,0.002517738612368703,1387.095,0.03772101440459519,0.053344946036713685,1388.1725095291386,0.004974927714815587
1388.6380268026226,0.002517738612368703,1387.561,0.10743780143119386,0.057954166481991545,1388.6380268026226,0.004975293673099501
1389.1035440761063,0.0011749446857720613,1388.025,0.008030549978651935,0.06188184226438781,1389.1035440761063,0.004978254231218754
1389.5690613495904,0.0006713969632983208,1388.491,0.10090180800889548,0.06465536208424133,1389.5690613495904,0.004974746792822957
1390.0345786230744,0.0011749446857720613,1388.956,0.16190398042496734,0.0659718483622288,1390.0345786230744,0.004993912297129071
1390.5000958965582,-0.0001678492408245802,1389.421,0.00367330760219553,0.065730235025368,1390.5000958965582,0.005048382454392088
1390.9656131700422,-0.0018463416490703821,1389.888,0.03417439381023146,0.0640128681166696,1390.9656131700422,0.00512030345577999
1391.4311304435262,-0.001678492408245802,1390.353,0.042078386638665366,0.0610356987268418,1391.4311304435262,0.005192294359346136
1391.8966477170102,-0.0005035477224737406,1390.819,0.005041307008331053,0.05710509699814343,1391.8966477170102,0.005245654307750773
1392.362164990494,-0.000839246204122901,1391.285,0.042889008420758046,0.052613412594002776,1392.362164990494,0.00526252949216188
1392.827682263978,-0.0031891355756670237,1391.747,0.1793332096460205,0.04807420048462612,1392.827682263978,0.005233980665974748
1393.293199537462,-0.0068818191066384315,1392.21,0.05378224421951283,0.044161005190217956,1393.293199537462,0.005214728817185461
1393.758716810946,-0.008896009996533394,1392.681,0.029006399794068605,0.041696812237016,1393.758716810946,0.005242255838841741
1394.2242340844298,-0.0068818191066384315,1393.143,0.031185150839910802,0.04156009479133127,1394.2242340844298,0.005277842160221944
1394.6897513579138,-0.004867628216743469,1393.611,0.02247053622938422,0.044516657513167204,1394.6897513579138,0.005273103212708398
1395.1552686313978,-0.006210422143340111,1394.073,0.03336377202813878,0.05102387826625708,1395.1552686313978,0.005228055446959202
1395.6207859048816,-0.007217517588287592,1394.539,0.04425700782689357,0.06106518721650511,1395.6207859048816,0.005182621163758664
1396.0863031783656,-0.006210422143340111,1395.004,0.09654456563243907,0.07406059739045234,1396.0863031783656,0.00521300183713438
1396.5518204518496,-0.005035477224737406,1395.47,0.042889008420758046,0.08887712345358328,1396.5518204518496,0.005209331983016212
1397.0173377253336,-0.006378271151334047,1395.936,0.11179517366526404,0.10394138861762568,1397.0173377253336,0.005146561988722966
1397.4828549988174,-0.009231708012521267,1396.395,0.17061859503549393,0.11743966657807955,1397.4828549988174,0.00506953608564717
1397.9483722723014,-0.008896009996533394,1396.861,0.06031823764181121,0.12757810549418389,1397.9483722723014,0.005002831016170925
1398.4138895457854,-0.007553216069936752,1397.327,0.04724625079721445,0.13286800605551966,1398.4138895457854,0.004938736991005231
1398.8794068192694,-0.0068818191066384315,1397.796,0.2817297040688833,0.1323949828123668,1398.8794068192694,0.004865987449148022
1399.3449240927532,-0.007553216069936752,1398.258,0.21419166808812684,0.12601957521046792,1399.3449240927532,0.004785454107003385
1399.8104413662372,-0.007553216069936752,1398.721,0.15318949567205475,0.11444633523499323,1399.8104413662372,0.004709665881091022
1400.2759586397212,-0.0068818191066384315,1399.192,0.01020930102449391,0.09911551619712239,1400.2759586397212,0.004636992408627844
1400.7414759132052,-0.004531929735094309,1399.655,0.02981715143377528,0.08192933329844013,1400.7414759132052,0.0045236441569700345
1401.206993186689,-0.0041962312534451485,1400.117,0.03989963559282339,0.06489130780173152,1401.206993186689,0.004418823956927019
1401.672510460173,-0.004867628216743469,1400.583,0.042889008420758046,0.049764298243389994,1401.672510460173,0.004295508493964873
1402.138027733657,-0.004867628216743469,1401.046,0.06386485823617494,0.037827631537890746,1402.138027733657,0.00415855802039671
1402.6035450071408,-0.003524834057316184,1401.511,0.0028626858201028504,0.029764271063971885,1402.6035450071408,0.004068189043628077
1403.0690622806248,-0.001678492408245802,1401.977,0.021102536823248697,0.025668421858037693,1403.0690622806248,0.004030867510858825
1403.5345795541089,-0.0015106431674212217,1402.443,0.055150243625648354,0.025143724246143855,1403.5345795541089,0.003998221192237714
1404.0000968275929,-0.0010070954449474812,1402.91,0.050792871391578176,0.027455228606039696,1404.0000968275929,0.003951475216472008
1404.4656141010767,-0.0021820401307195425,1403.376,0.011577300430629434,0.03169761989792437,1404.4656141010767,0.0038853088031296423
1404.9311313745607,-0.004531929735094309,1403.836,0.048614250203349973,0.03694831607722582,1404.9311313745607,0.0037966668209424405
1405.3966486480447,-0.0057068741880357265,1404.302,0.042078386638665366,0.042387075410331994,1405.3966486480447,0.003707780181352402
1405.8621659215287,-0.006210422143340111,1404.77,0.02247053622938422,0.04737700307239253,1405.8621659215287,0.0036298455498282355
1406.3276831950125,-0.00553902518004179,1405.232,0.042889008420758046,0.051508641646199185,1406.3276831950125,0.0036043333556375493
1406.7932004684965,-0.0041962312534451485,1405.696,0.15972535923673914,0.05460822105303757,1406.7932004684965,0.003583759529768472
1407.2587177419805,-0.0031891355756670237,1406.166,0.012387922212722113,0.056707755716025605,1407.2587177419805,0.003542219203735493
1407.7242350154645,-0.0023498893715441227,1406.629,0.011577300430629434,0.05797765776490627,1407.7242350154645,0.0035278090945495065
1408.1897522889483,-0.0015106431674212217,1407.092,0.06822210061263134,0.05863689573065376,1408.1897522889483,0.0035438104934292915
1408.6552695624323,-0.0021820401307195425,1407.557,0.03989963559282339,0.05887078223017794,1408.6552695624323,0.003530072683444104
1409.1207868359163,-0.00553902518004179,1408.021,0.008030549978651935,0.0587853175683851,1409.1207868359163,0.003519486637583487
1409.5863041094,-0.006210422143340111,1408.487,0.1771545884577923,0.05840769547811566,1409.5863041094,0.0035319538807903287
1410.051821382884,-0.0028534370940178633,1408.955,0.03989963559282339,0.05771882551344061,1410.051821382884,0.003553997696584361
1410.517338656368,0.0011749446857720613,1409.42,0.031185150839910802,0.0566913525244239,1410.517338656368,0.0035625134139329953
1410.9828559298521,0.002517738612368703,1409.885,0.04643562901512177,0.055313836398348935,1410.9828559298521,0.0035233209711526513
1411.448373203336,0.0018463416490703821,1410.351,0.03336377202813878,0.053601097723585615,1411.448373203336,0.003457925531813412
1411.91389047682,0.000839246204122901,1410.811,0.03989963559282339,0.05160288520809329,1411.91389047682,0.0034129106553682734
1412.379407750304,-0.0001678492408245802,1411.276,0.11397379485349224,0.04941705565991973,1412.379407750304,0.0033957003484926555
1412.844925023788,-0.000839246204122901,1411.744,0.08129395759961411,0.047197816346708325,1412.844925023788,0.0033799867778712797
1413.3104422972717,0.0005035477224737406,1412.207,0.0028626858201028504,0.04514182570814382,1413.3104422972717,0.0033448692141085294
1413.7759595707557,0.002517738612368703,1412.67,0.011577300430629434,0.04344580429514709,1413.7759595707557,0.0032841140412035136
1414.2414768442397,0.0041962312534451485,1413.14,0.03336377202813878,0.042251682905311144,1414.2414768442397,0.003184666018119406
1414.7069941177238,0.002517738612368703,1413.611,0.035542393216366985,0.041608550739435216,1414.7069941177238,0.003090191324334938
1415.1725113912075,0.000839246204122901,1414.066,0.050792871391578176,0.041471934617448164,1415.1725113912075,0.0030358733086462693
1415.6380286646915,0.0011749446857720613,1414.532,0.0668541012064956,0.041738291892687344,1415.6380286646915,0.0029607450379265095
1416.1035459381756,0.0011749446857720613,1414.996,0.06822210061263134,0.042293627792277674,1416.1035459381756,0.002875962058784765
1416.5690632116593,0.0018463416490703821,1415.462,0.029006399794068605,0.04305086974053894,1416.5690632116593,0.0027973818594252513
1417.0345804851434,0.0038605325389653444,1415.929,0.005041307008331053,0.04396131047148267,1417.0345804851434,0.002726838340986066
1417.5000977586274,0.00520332669839263,1416.394,0.09436594444421087,0.04500256375628647,1417.5000977586274,0.002634978805542724
1417.9656150321114,0.0038605325389653444,1416.859,0.01593454280708584,0.046157167625158514,1417.9656150321114,0.0025625479310715125
1418.4311323055952,0.0011749446857720613,1417.325,0.02981715143377528,0.04739709367812982,1418.4311323055952,0.0025467212819549607
1418.8966495790792,-0.000839246204122901,1417.788,0.035542393216366985,0.04868447020963288,1418.8966495790792,0.002576351532247329
1419.3621668525632,-0.0028534370940178633,1418.251,0.050792871391578176,0.04999165499085888,1419.3621668525632,0.0025893039732148254
1419.8276841260472,-0.003524834057316184,1418.721,0.12050965841817662,0.05133276964152866,1419.8276841260472,0.0025530371393767985
1420.293201399531,-0.0021820401307195425,1419.184,0.02247053622938422,0.052786241332372065,1420.293201399531,0.0024983099905474524
1420.758718673015,-0.0011749446857720613,1419.648,0.10743780143119386,0.05448421687571033,1420.758718673015,0.0024863505711457926
1421.224235946499,-0.0028534370940178633,1420.11,0.042889008420758046,0.056557364667086676,1421.224235946499,0.002491295115070577
1421.6897532199828,-0.0031891355756670237,1420.575,0.02247053622938422,0.05904794294305782,1421.6897532199828,0.0024686838519670795
1422.1552704934668,-0.003524834057316184,1421.046,0.0006839347742608748,0.06182772170972105,1422.1552704934668,0.002450645005896948
1422.6207877669508,-0.0038605325389653444,1421.512,0.036353014998459665,0.06456731897372055,1422.6207877669508,0.0024739758408955895
1423.0863050404348,-0.0041962312534451485,1421.977,0.06604347942440314,0.0667896253003775,1423.0863050404348,0.0024939226001232245
1423.5518223139186,-0.004364080261439085,1422.436,0.14229625987329997,0.06800234056851355,1423.5518223139186,0.0024915520953405937
1424.0173395874026,-0.003524834057316184,1422.9,0.16190398042496734,0.06786047086688589,1424.0173395874026,0.0024873641374200057
1424.4828568608866,-0.0030212863348424435,1423.367,0.04425700782689357,0.06628696079915966,1424.4828568608866,0.0024957667747648195
1424.9483741343706,-0.003524834057316184,1423.834,0.03989963559282339,0.06349761950872601,1424.9483741343706,0.0025172657693481
1425.4138914078544,-0.004867628216743469,1424.299,0.005851928790423733,0.05992690364611556,1425.4138914078544,0.002555105402306435
1425.8794086813384,-0.006210422143340111,1424.762,0.026827778605840402,0.05610048466689545,1425.8794086813384,0.002586575724069795
1426.3449259548224,-0.006210422143340111,1425.232,0.021102536823248697,0.052516836238798666,1426.3449259548224,0.00261809127674127
1426.8104432283064,-0.0057068741880357265,1425.692,0.1771545884577923,0.04957789710049146,1426.8104432283064,0.002625470058996611
1427.2759605017902,-0.0041962312534451485,1426.155,0.0072199281965592554,0.047569544635444896,1427.2759605017902,0.002636736629600966
1427.7414777752742,-0.0015106431674212217,1426.625,0.042078386638665366,0.04666613033771052,1427.7414777752742,0.0026524049708856164
1428.2069950487582,-0.000839246204122901,1427.088,0.029006399794068605,0.04693575204735285,1428.2069950487582,0.0026434122760005028
1428.672512322242,-0.0015106431674212217,1427.553,0.021102536823248697,0.048343324045478905,1428.672512322242,0.002654212144057709
1429.138029595726,-0.0011749446857720613,1428.018,0.0690327223947238,0.050761907246380016,1429.138029595726,0.002630120603677012
1429.60354686921,-0.0001678492408245802,1428.484,0.10743780143119386,0.053997529633656685,1429.60354686921,0.002624248829858987
1430.069064142694,0.0003356984816491604,1428.948,0.03772101440459519,0.057818924757165505,1430.069064142694,0.002659458911959881
1430.5345814161778,-0.0005035477224737406,1429.414,0.04425700782689357,0.06197815643930511,1430.5345814161778,0.0026893543782236145
1431.0000986896619,-0.0005035477224737406,1429.881,0.06822210061263134,0.06621704599076826,1431.0000986896619,0.0027168731777021766
1431.4656159631459,-0.0015106431674212217,1430.346,0.01593454280708584,0.07026771864188054,1431.4656159631459,0.002744766158994164
1431.9311332366299,-0.0028534370940178633,1430.811,0.1880478242565471,0.07385928117809828,1431.9311332366299,0.002770891029520188
1432.3966505101137,-0.0021820401307195425,1431.276,0.011577300430629434,0.07673463030254896,1432.3966505101137,0.002806127836116346
1432.8621677835977,-0.001678492408245802,1431.737,0.08782995102191249,0.07867328680093555,1432.8621677835977,0.0028315269554508625
1433.3276850570817,-0.0031891355756670237,1432.206,0.04506762960898625,0.07951807140355895,1433.3276850570817,0.0028321314023447364
1433.7932023305657,-0.0028534370940178633,1432.666,0.061686237047946735,0.079210521142701,1433.7932023305657,0.0028478840370120785
1434.2587196040495,-0.0015106431674212217,1433.136,0.07040072180085932,0.07783817965749802,1434.2587196040495,0.002895824518289971
1434.7242368775335,0.0005035477224737406,1433.595,0.1902264454447753,0.07568095993912592,1434.7242368775335,0.0029692792521569993
1435.1897541510175,0.0001678492408245802,1434.066,0.06386485823617494,0.07322455285343671,1435.1897541510175,0.002995323937701291
1435.6552714245013,-0.003524834057316184,1434.532,0.10525918024296566,0.07110545431360979,1435.6552714245013,0.0029808048681602703
1436.1207886979853,-0.0068818191066384315,1434.991,0.031185150839910802,0.06997618594458668,1436.1207886979853,0.0029692134613314132
1436.5863059714693,-0.007553216069936752,1435.457,0.0014946864139673277,0.07032142706132616,1436.5863059714693,0.0029609979127843433
1437.0518232449533,-0.006210422143340111,1435.921,0.013755921618857636,0.07228995288928394,1437.0518232449533,0.0029467995700744112
1437.517340518437,-0.0031891355756670237,1436.387,0.1292242730287032,0.07561022355505077,1437.517340518437,0.0028977098189608
1437.982857791921,-0.0018463416490703821,1436.852,0.10743780143119386,0.07962574346276555,1437.982857791921,0.0028367531648757632
1438.4483750654051,-0.003524834057316184,1437.317,0.042078386638665366,0.08343993840931152,1438.4483750654051,0.0027651919568089803
1438.9138923388891,-0.004867628216743469,1437.781,0.021102536823248697,0.08612737341681857,1438.9138923388891,0.0027309337780788145
1439.379409612373,-0.0038605325389653444,1438.25,0.231620767451566,0.08695772048074077,1439.379409612373,0.0027218197853213608
1439.844926885857,-0.0011749446857720613,1438.711,0.14665350224975637,0.08557767758407822,1439.844926885857,0.002708741931298786
1440.310444159341,0.0011749446857720613,1439.181,0.013755921618857636,0.08209882457446974,1440.310444159341,0.0026787847853254163
1440.775961432825,0.0031891355756670237,1439.644,0.09218732325598267,0.07706115719601372,1440.775961432825,0.0026449789140080577
1441.2414787063087,0.0023498893715441227,1440.107,0.02545977919970488,0.07128593872988997,1441.2414787063087,0.0026167446480807577
1441.7069959797927,0.0001678492408245802,1440.572,0.03772101440459519,0.06567094421244157,1441.7069959797927,0.0025851180761510134
1442.1725132532767,-0.0015106431674212217,1441.035,0.11397379485349224,0.06099045037756113,1442.1725132532767,0.002553635420144307
1442.6380305267605,-0.0021820401307195425,1441.5,0.02545977919970488,0.05774446390389912,1442.6380305267605,0.002540183387405455
1443.1035478002445,-0.0018463416490703821,1441.966,0.07257947284670152,0.05607745789573884,1443.1035478002445,0.002516542098063951
1443.5690650737286,-0.000839246204122901,1442.432,0.0006839347742608748,0.05577194877410402,1443.5690650737286,0.0024383566382707523
1444.0345823472126,-0.0001678492408245802,1442.896,0.03989963559282339,0.05631680900958842,1444.0345823472126,0.0023562566632633576
1444.5000996206963,-0.001678492408245802,1443.362,0.08565132983368429,0.05704319690135215,1444.5000996206963,0.002322183519595315
1444.9656168941804,-0.004531929735094309,1443.829,0.09081932384984714,0.057304360220719365,1444.9656168941804,0.0023083079596708596
1445.4311341676644,-0.0028534370940178633,1444.295,0.09218732325598267,0.056655684342166064,1445.4311341676644,0.002307524644551348
1445.8966514411484,-0.000839246204122901,1444.755,0.035542393216366985,0.054984194252956003,1445.8966514411484,0.00227058140420954
1446.3621687146322,-0.001678492408245802,1445.225,0.042889008420758046,0.05255105962461831,1446.3621687146322,0.0022687824530754214
1446.8276859881162,-0.0028534370940178633,1445.685,0.10090180800889548,0.04993804427722909,1446.8276859881162,0.0022519134398071437
1447.2932032616002,-0.0031891355756670237,1446.155,0.0189237857774065,0.04791326907706295,1447.2932032616002,0.0022491481952899373
1447.7587205350842,-0.0036926832981407642,1446.618,0.048614250203349973,0.047246535210966396,1447.7587205350842,0.002246633775725022
1448.224237808568,-0.004531929735094309,1447.08,0.01811316399531404,0.048513920962879674,1448.224237808568,0.0022273469766579735
1448.689755082052,-0.004531929735094309,1447.546,0.011577300430629434,0.0519370540169309,1448.689755082052,0.002222918474307076
1449.155272355536,-0.004867628216743469,1448.011,0.04942487198544265,0.05729836030603712,1449.155272355536,0.0022224332705061316
1449.6207896290198,-0.004531929735094309,1448.477,0.1248670306522468,0.06395506531606102,1449.6207896290198,0.002206000116924301
1450.0863069025038,-0.0031891355756670237,1448.944,0.012387922212722113,0.07094712572396475,1450.0863069025038,0.002224571448433229
1450.5518241759878,-0.0015106431674212217,1449.409,0.1292242730287032,0.0771709169644042,1450.5518241759878,0.0022122419602876382
1451.0173414494718,0.0011749446857720613,1449.873,0.03417439381023146,0.08158109240049732,1451.0173414494718,0.0022025769713550796
1451.4828587229556,0.0036926832981407642,1450.339,0.12050965841817662,0.08338478366728705,1451.4828587229556,0.0022337142304469514
1451.9483759964396,0.0036926832981407642,1450.804,0.07257947284670152,0.0821960581362193,1451.9483759964396,0.002299742894662836
1452.4138932699236,0.0021820401307195425,1451.27,0.1836905818800907,0.07812087097371126,1452.4138932699236,0.00233691845844362
1452.8794105434076,0.0020141908898949623,1451.733,0.012387922212722113,0.07174904978067555,1452.8794105434076,0.0023359398292201318
1453.3449278168914,-0.0001678492408245802,1452.195,0.02029178518354202,0.06404752357379336,1453.3449278168914,0.0023363469054966716
1453.8104450903754,-0.0018463416490703821,1452.663,0.11397379485349224,0.056175853600767156,1453.8104450903754,0.0023152652656785212
1454.2759623638594,-0.0015106431674212217,1453.125,0.029006399794068605,0.04926624143203354,1454.2759623638594,0.00228834885961488
1454.7414796373432,-0.000839246204122901,1453.591,0.008030549978651935,0.044214507658704015,1454.7414796373432,0.002249762921128703
1455.2069969108272,-0.002517738612368703,1454.061,0.035542393216366985,0.04152183190038171,1455.2069969108272,0.002221697242802389
1455.6725141843112,-0.003524834057316184,1454.527,0.016745164589178296,0.04121817550851185,1455.6725141843112,0.0021763143566876668
1456.1380314577953,-0.0031891355756670237,1454.992,0.021102536823248697,0.042884944454809955,1456.1380314577953,0.0021196032246850764
1456.603548731279,-0.0021820401307195425,1455.45,0.09517656622630355,0.04577243347022429,1456.603548731279,0.0021120784724659243
1457.069066004763,0.0005035477224737406,1455.917,0.050792871391578176,0.04898207256628149,1457.069066004763,0.002107111313245361
1457.534583278247,-0.0001678492408245802,1456.383,0.055150243625648354,0.05166526582396553,1457.534583278247,0.00209171229927618
1458.000100551731,-0.000839246204122901,1456.848,0.12268840946401882,0.05318781587228213,1458.000100551731,0.0020674912339116677
1458.4656178252148,-0.0001678492408245802,1457.314,0.042078386638665366,0.05322244887953094,1458.4656178252148,0.002067871582176572
1458.9311350986989,0.0011749446857720613,1457.777,0.012387922212722113,0.051756970801317574,1458.9311350986989,0.00206284480033581
1459.3966523721829,0.0001678492408245802,1458.247,0.021102536823248697,0.049034711521281395,1459.3966523721829,0.0020282494464892264
1459.8621696456669,-0.0001678492408245802,1458.707,0.035542393216366985,0.04546544806924656,1459.8621696456669,0.0019860964461799703
1460.3276869191507,0.0011749446857720613,1459.177,0.02545977919970488,0.04154616618162216,1460.3276869191507,0.0019081165834339809
1460.7932041926347,0.0021820401307195425,1459.64,0.09654456563243907,0.03781075804927023,1460.7932041926347,0.0018596559468111462
1461.2587214661187,0.0011749446857720613,1460.103,0.03989963559282339,0.03480060442067887,1461.2587214661187,0.001880534049894153
1461.7242387396025,0.0003356984816491604,1460.568,0.03772101440459519,0.03303215491722556,1461.7242387396025,0.0019095680790152548
1462.1897560130865,-0.0018463416490703821,1461.032,0.02247053622938422,0.03294170771454578,1462.1897560130865,0.0019033159558999447
1462.6552732865705,-0.0031891355756670237,1461.498,0.048614250203349973,0.03480602145965686,1462.6552732865705,0.001884950216989286
1463.1207905600545,-0.003524834057316184,1461.962,0.01593454280708584,0.038656610268360876,1463.1207905600545,0.0018819259245321364
1463.5863078335383,-0.0028534370940178633,1462.427,0.02545977919970488,0.04421607795853778,1463.5863078335383,0.0019023517176413453
1464.0518251070223,-0.0028534370940178633,1462.892,0.02247053622938422,0.050885365353661276,1464.0518251070223,0.0019435466500904892
1464.5173423805063,-0.0015106431674212217,1463.358,0.06386485823617494,0.057802182678688245,1464.5173423805063,0.0019863123198050068
1464.9828596539903,0.000839246204122901,1463.822,0.027638400387933082,0.0639731703610163,1464.9828596539903,0.0019854796626300577
1465.448376927474,0.0011749446857720613,1464.287,0.12268840946401882,0.06845828476935943,1465.448376927474,0.0019819084893488016
1465.913894200958,0.0005035477224737406,1464.755,0.16190398042496734,0.07056312615586445,1465.913894200958,0.002014168290264756
1466.3794114744421,0.0011749446857720613,1465.218,0.031185150839910802,0.06998463488239624,1466.3794114744421,0.002033206321819732
1466.8449287479261,0.0031891355756670237,1465.681,0.04506762960898625,0.06686835109111605,1466.8449287479261,0.0020002947861007597
1467.31044602141,0.003524834057316184,1466.15,0.0072199281965592554,0.06176894412832904,1467.31044602141,0.0019930085236266166
1467.775963294894,0.0031891355756670237,1466.611,0.14229625987329997,0.055538104025622,1467.775963294894,0.001997893443536631
1468.241480568378,0.004531929735094309,1467.08,0.04506762960898625,0.049173508488056294,1468.241480568378,0.0020006401826904788
1468.7069978418617,0.004531929735094309,1467.546,0.0014946864139673277,0.043653754442574424,1468.7069978418617,0.001977079075416084
1469.1725151153457,0.0031891355756670237,1468.011,0.04506762960898625,0.03977846599507023,1469.1725151153457,0.0019227199422452773
1469.6380323888297,0.002517738612368703,1468.47,0.011577300430629434,0.03803764381153931,1469.6380323888297,0.0018592139186997167
1470.1035496623138,-0.0001678492408245802,1468.937,0.016745164589178296,0.038536668226982033,1470.1035496623138,0.0018335064070883118
1470.5690669357975,-0.0015106431674212217,1469.403,0.10090180800889548,0.04099255918763446,1470.5690669357975,0.001817108205538151
1471.0345842092815,-0.0005035477224737406,1469.87,0.02545977919970488,0.0447981671315062,1471.0345842092815,0.0017822887548307664
1471.5001014827656,0.0018463416490703821,1470.335,0.024649157417612422,0.0491362770039343,1471.5001014827656,0.0017404605944477563
1471.9656187562496,0.0011749446857720613,1470.796,0.03772101440459519,0.053121951962188885,1471.9656187562496,0.0016903880995439268
1472.4311360297334,-0.0015106431674212217,1471.265,0.09654456563243907,0.05595377350409672,1472.4311360297334,0.0016328401962074756
1472.8966533032174,-0.0031891355756670237,1471.726,0.07992608805109236,0.05705298369278004,1472.8966533032174,0.0016083127933084122
1473.3621705767014,-0.002517738612368703,1472.196,0.05378224421951283,0.05616424593389569,1473.3621705767014,0.0016295712473370935
1473.8276878501854,-0.0015106431674212217,1472.659,0.061686237047946735,0.05339399792252011,1473.8276878501854,0.0016558338668156347
1474.2932051236692,-0.0021820401307195425,1473.121,0.03989963559282339,0.04917745997730283,1474.2932051236692,0.0016651143944080937
1474.7587223971532,-0.0001678492408245802,1473.586,0.011577300430629434,0.04418503381292377,1474.7587223971532,0.0016730667833830786
1475.2242396706372,0.0038605325389653444,1474.057,0.09436594444421087,0.03919166906119931,1475.2242396706372,0.0016918087582448976
1475.689756944121,0.00553902518004179,1474.516,0.005041307008331053,0.034935070698784584,1475.689756944121,0.001685484676532097
1476.155274217605,0.0031891355756670237,1474.981,0.02981715143377528,0.031985256011002536,1476.155274217605,0.0016360598064190139
1476.620791491089,0.0005035477224737406,1475.446,0.0014946864139673277,0.030645771026828753,1476.620791491089,0.0016269704849687632
1477.086308764573,0.0011749446857720613,1475.914,0.02247053622938422,0.030906045063156407,1477.086308764573,0.0016695634549539244
1477.5518260380568,0.0011749446857720613,1476.38,0.03989963559282339,0.032458377813442234,1477.5518260380568,0.0017419429301661852
1478.0173433115408,-0.0001678492408245802,1476.844,0.0189237857774065,0.034778536098336615,1478.0173433115408,0.001816847103272247
1478.4828605850248,-0.0021820401307195425,1477.31,0.10090180800889548,0.03725111226619497,1478.4828605850248,0.0018620470121186992
1478.9483778585088,-0.0021820401307195425,1477.773,0.02029178518354202,0.03930854807462835,1478.9483778585088,0.0019134106379334304
1479.4138951319926,-0.0018463416490703821,1478.236,0.02029178518354202,0.040552159605971534,1479.4138951319926,0.001949375250742918
1479.8794124054766,-0.0010070954449474812,1478.707,0.05732886481387656,0.04083401799884638,1479.8794124054766,0.0019609440440669806
1480.3449296789606,-0.0021820401307195425,1479.169,0.029006399794068605,0.04029178596207254,1480.3449296789606,0.002000971200033699
1480.8104469524444,-0.0028534370940178633,1479.633,0.042078386638665366,0.03933520964689124,1480.8104469524444,0.0020748186179347363
1481.2759642259284,-0.0001678492408245802,1480.095,0.10525918024296566,0.038582207838996546,1481.2759642259284,0.00215339470460406
1481.7414814994124,0.0011749446857720613,1480.561,0.03989963559282339,0.0387422581174013,1481.7414814994124,0.002203125911179386
1482.2069987728964,0.0011749446857720613,1481.032,0.005851928790423733,0.04045378057789275,1482.2069987728964,0.0022141601589008835
1482.6725160463802,0.0011749446857720613,1481.49,0.026827778605840402,0.044102461745772946,1482.6725160463802,0.002207525632567293
1483.1380333198642,0.000839246204122901,1481.955,0.0006839347742608748,0.049669001474144596,1483.1380333198642,0.0022165471119403243
1483.6035505933482,-0.000839246204122901,1482.421,0.03417439381023146,0.05666076661618225,1483.6035505933482,0.0022463623985268266
1484.0690678668323,-0.0015106431674212217,1482.886,0.04942487198544265,0.06416342452938349,1484.0690678668323,0.002281724619187629
1484.534585140316,-0.000839246204122901,1483.351,0.140117508827458,0.07101197076708426,1484.534585140316,0.002308283291922808
1485.0001024138,-0.0028534370940178633,1483.818,0.04506762960898625,0.0760412222704825,1485.0001024138,0.0023296404288332025
1485.465619687284,-0.0041962312534451485,1484.284,0.12268840946401882,0.07835036684498493,1485.465619687284,0.0023560880804763514
1485.931136960768,-0.0030212863348424435,1484.752,0.10743780143119386,0.07751342226410224,1485.931136960768,0.0023759238194104833
1486.3966542342519,-0.0036926832981407642,1485.213,0.0769367152231577,0.07368409448460862,1486.3966542342519,0.0023873425276992205
1486.8621715077359,-0.00553902518004179,1485.681,0.10525918024296566,0.06757068099059044,1486.8621715077359,0.002390817072227944
1487.3276887812199,-0.0038605325389653444,1486.144,0.013755921618857636,0.06028834792557686,1487.3276887812199,0.0023854017192258877
1487.7932060547037,-0.0015106431674212217,1486.607,0.013755921618857636,0.053127112655475005,1487.7932060547037,0.002418119996530045
1488.2587233281877,-0.0015106431674212217,1487.07,0.04425700782689357,0.04729497820310099,1488.2587233281877,0.00247870452489864
1488.7242406016717,-0.0015106431674212217,1487.535,0.03772101440459519,0.04369715353154572,1488.7242406016717,0.0024968050474443713
1489.1897578751557,-0.0005035477224737406,1488.0,0.04425700782689357,0.04279330366318471,1489.1897578751557,0.0025204113852048023
1489.6552751486395,-0.000839246204122901,1488.466,0.07339009462879398,0.04454698926622879,1489.6552751486395,0.002547340126735246
1490.1207924221235,-0.000839246204122901,1488.932,0.031185150839910802,0.04846009657133156,1490.1207924221235,0.002554330333160758
1490.5863096956075,-0.0001678492408245802,1489.398,0.012387922212722113,0.053677022005057355,1490.5863096956075,0.0025694188988986642
1491.0518269690915,-0.0001678492408245802,1489.862,0.048614250203349973,0.05914405963687023,1491.0518269690915,0.0025753667420622367
1491.5173442425753,-0.0015106431674212217,1490.328,0.07339009462879398,0.06380743447457557,1491.5173442425753,0.002572622058221102
1491.9828615160593,-0.000839246204122901,1490.796,0.14665350224975637,0.06682087244202328,1491.9828615160593,0.0025965758498318033
1492.4483787895433,0.0005035477224737406,1491.258,0.050792871391578176,0.067716833031529,1492.4483787895433,0.002620776354514539
1492.9138960630273,0.0001678492408245802,1491.726,0.140117508827458,0.06649192221874795,1492.9138960630273,0.0026026162099532083
1493.379413336511,-0.000839246204122901,1492.189,0.012387922212722113,0.0635774726191238,1493.379413336511,0.0025924680754042667
1493.8449306099951,-0.0021820401307195425,1492.651,0.027638400387933082,0.059703881956264034,1493.8449306099951,0.00262552353027461
1494.3104478834791,-0.004364080261439085,1493.121,0.048614250203349973,0.055703073069745535,1494.3104478834791,0.002671848037943322
1494.775965156963,-0.004867628216743469,1493.586,0.042078386638665366,0.05230978924022582,1494.775965156963,0.0027142929811290505
1495.241482430447,-0.0028534370940178633,1494.049,0.013755921618857636,0.050013896291812826,1495.241482430447,0.002690803832868521
1495.706999703931,-0.0021820401307195425,1494.515,0.10525918024296566,0.048991286184352965,1495.706999703931,0.0026777897140108898
1496.172516977415,-0.003524834057316184,1494.982,0.0006839347742608748,0.04911446269365572,1496.172516977415,0.0026498617846969818
1496.6380342508987,-0.00553902518004179,1495.44,0.10171255964860193,0.05002471957287155,1496.6380342508987,0.002617702721536265
1497.1035515243827,-0.0068818191066384315,1495.907,0.02247053622938422,0.05123903848420058,1497.1035515243827,0.0025825666531602023
1497.5690687978667,-0.00553902518004179,1496.373,0.05732886481387656,0.05226509742397568,1497.5690687978667,0.002580301004475434
1498.0345860713508,-0.003524834057316184,1496.837,0.0668541012064956,0.05270267045706006,1498.0345860713508,0.002592488634848325
1498.5001033448345,-0.003524834057316184,1497.303,0.06822210061263134,0.0523148386378746,1498.5001033448345,0.0025742359702548307
1498.9656206183186,-0.00553902518004179,1497.766,0.07040072180085932,0.051057105816650496,1498.9656206183186,0.0025533146949958305
1499.4311378918026,-0.00587472366169095,1498.236,0.013755921618857636,0.04905994771422126,1499.4311378918026,0.002561098495525671
1499.8966551652866,-0.0041962312534451485,1498.7,0.03989963559282339,0.04657240208424247,1499.8966551652866,0.0025437874559455023
1500.3621724387704,-0.004531929735094309,1499.162,0.06822210061263134,0.04388613029374634,1500.3621724387704,0.002586555182027931
1500.8276897122544,-0.007553216069936752,1499.625,0.00367330760219553,0.0412633280716824,1500.8276897122544,0.002663838082179895
1501.2932069857384,-0.007721065077930689,1500.095,0.016745164589178296,0.0388867340292074,1501.2932069857384,0.002699948665010232
1501.7587242592222,-0.004531929735094309,1500.561,0.09000857221014069,0.03684036304045772,1501.7587242592222,0.002667592234631627
1502.2242415327062,-0.0010070954449474812,1501.025,0.04425700782689357,0.03511872502155772,1502.2242415327062,0.0026377831143996394
1502.6897588061902,0.0005035477224737406,1501.49,0.011577300430629434,0.033653622228048095,1502.6897588061902,0.0026402934211346213
1503.1552760796742,-0.0005035477224737406,1501.954,0.01811316399531404,0.032347497318418614,1503.1552760796742,0.002639275729619077
1503.620793353158,-0.0015106431674212217,1502.42,0.008030549978651935,0.03111069930121185,1503.620793353158,0.0026674647639794765
1504.086310626642,-0.0021820401307195425,1502.885,0.02247053622938422,0.029905495696028614,1504.086310626642,0.002684050056064178
1504.551827900126,-0.0031891355756670237,1503.351,0.10743780143119386,0.028792426341000116,1504.551827900126,0.002707456966859328
1505.01734517361,-0.0028534370940178633,1503.811,0.03336377202813878,0.027959688109181466,1505.01734517361,0.002715100962730379
1505.4828624470938,-0.0015106431674212217,1504.276,0.02545977919970488,0.02770965400611015,1505.4828624470938,0.002717522863335439
1505.9483797205778,-0.000839246204122901,1504.745,0.01593454280708584,0.02838974201930676,1505.9483797205778,0.0027241142162068377
1506.4138969940618,-0.0018463416490703821,1505.207,0.011577300430629434,0.03028190288005052,1506.4138969940618,0.002704878813267371
1506.8794142675458,-0.0028534370940178633,1505.67,0.01020930102449391,0.03348777163840815,1506.8794142675458,0.002704702001654905
1507.3449315410296,-0.0036926832981407642,1506.14,0.02247053622938422,0.03785167132785152,1507.3449315410296,0.0026778267144080855
1507.8104488145136,-0.0031891355756670237,1506.607,0.0769367152231577,0.04295135708699298,1507.8104488145136,0.002621946183503425
1508.2759660879976,-0.000839246204122901,1507.069,0.005851928790423733,0.04816529412077609,1508.2759660879976,0.0025436846541080087
1508.7414833614814,0.0011749446857720613,1507.535,0.011577300430629434,0.05280493070580103,1508.7414833614814,0.002478371456916944
1509.2070006349654,0.0005035477224737406,1508.0,0.06604347942440314,0.05628449574545543,1509.2070006349654,0.002432435522209064
1509.6725179084494,-0.0005035477224737406,1508.465,0.2607538542534664,0.05828533360625585,1509.6725179084494,0.00237712243146705
1510.1380351819334,-0.000839246204122901,1508.925,0.008030549978651935,0.058858586011690986,1510.1380351819334,0.002384599895172458
1510.6035524554172,-0.0021820401307195425,1509.391,0.009398549384787458,0.05841803317205567,1510.6035524554172,0.0024129575190987938
1511.0690697289012,-0.001678492408245802,1509.856,0.02247053622938422,0.05761727105126087,1511.0690697289012,0.0024358175482855687
1511.5345870023853,0.0011749446857720613,1510.321,0.042078386638665366,0.0571588335990318,1511.5345870023853,0.0024350691841368262
1512.0001042758693,0.0031891355756670237,1510.792,0.0791153364113859,0.05760641031691231,1512.0001042758693,0.002431956485769351
1512.465621549353,0.0018463416490703821,1511.255,0.04425700782689357,0.059254170425967104,1512.465621549353,0.00241839548538605
1512.931138822837,-0.0001678492408245802,1511.718,0.03772101440459519,0.06207429962475885,1512.931138822837,0.002417575163552421
1513.396656096321,-0.002517738612368703,1512.181,0.09000857221014069,0.06573949840546914,1513.396656096321,0.0024275691016962682
1513.8621733698049,-0.0021820401307195425,1512.648,0.06822210061263134,0.06970439057782508,1513.8621733698049,0.0024336197411076437
1514.3276906432889,-0.0005035477224737406,1513.11,0.11179517366526404,0.07332212047184612,1514.3276906432889,0.0023895382667994012
1514.7932079167729,0.0010070954449474812,1513.576,0.012387922212722113,0.07596914031641575,1514.7932079167729,0.002321246004748264
1515.2587251902569,0.0005035477224737406,1514.046,0.12050965841817662,0.0771548616911515,1515.2587251902569,0.0022761941254590143
1515.7242424637407,-0.0001678492408245802,1514.505,0.09654456563243907,0.0766002741829929,1515.7242424637407,0.002255743659764959
1516.1897597372247,0.0011749446857720613,1514.977,0.07556871581702218,0.07427509687661747,1516.1897597372247,0.002220453397539089
1516.6552770107087,0.0011749446857720613,1515.435,0.058139486595969014,0.07038801704864055,1516.6552770107087,0.0021819270809601385
1517.1207942841927,-0.0015106431674212217,1515.9,0.04425700782689357,0.06533433382678118,1517.1207942841927,0.0021365380266115093
1517.5863115576765,-0.004364080261439085,1516.366,0.06822210061263134,0.05961705220101068,1517.5863115576765,0.002096852157986542
1518.0518288311605,-0.00553902518004179,1516.833,0.07040072180085932,0.053762119836295516,1518.0518288311605,0.0020476308257179844
1518.5173461046445,-0.0028534370940178633,1517.299,0.03989963559282339,0.0482438686068378,1518.5173461046445,0.00200769824373009
1518.9828633781285,0.0006713969632983208,1517.766,0.0006839347742608748,0.043430100099851196,1518.9828633781285,0.0019694021922515527
1519.4483806516123,-0.0001678492408245802,1518.229,0.06604347942440314,0.0395531505519046,1519.4483806516123,0.0019257133991197307
1519.9138979250963,-0.0023498893715441227,1518.692,0.050792871391578176,0.03671034749556328,1519.9138979250963,0.0018763255356637261
1520.3794151985803,-0.0028534370940178633,1519.155,0.0072199281965592554,0.03489018710201016,1520.3794151985803,0.0017821756787311748
1520.844932472064,-0.0028534370940178633,1519.625,0.036353014998459665,0.034012697132319115,1520.844932472064,0.0016848884530023234
1521.310449745548,-0.004531929735094309,1520.088,0.09654456563243907,0.03396917410418441,1521.310449745548,0.0016220218248288595
1521.7759670190321,-0.0041962312534451485,1520.554,0.0189237857774065,0.03464784638889577,1521.7759670190321,0.0015728107735271785
1522.2414842925161,-0.0021820401307195425,1521.018,0.005041307008331053,0.035937939038957936,1522.2414842925161,0.0015433943386068422
1522.707001566,-0.0028534370940178633,1521.484,0.02247053622938422,0.03771670936419982,1522.707001566,0.0015195885759772642
1523.172518839484,-0.004531929735094309,1521.952,0.02545977919970488,0.03983620356914423,1523.172518839484,0.0015043231975460296
1523.638036112968,-0.0038605325389653444,1522.41,0.06604347942440314,0.04212656778672779,1523.638036112968,0.001517343482800955
1524.103553386452,-0.002517738612368703,1522.878,0.07040072180085932,0.04441845498697421,1524.103553386452,0.0015837607258268867
1524.5690706599357,-0.0021820401307195425,1523.343,0.050792871391578176,0.046570828691539126,1524.5690706599357,0.0016684203510820123
1525.0345879334197,-0.0015106431674212217,1523.811,0.03772101440459519,0.0484861961165981,1525.0345879334197,0.0017122016622411235
1525.5001052069038,-0.000839246204122901,1524.276,0.031185150839910802,0.05010536929637916,1525.5001052069038,0.0017601894298025866
1525.9656224803878,-0.0015106431674212217,1524.736,0.061686237047946735,0.05138849584263338,1525.9656224803878,0.0018841442940715986
1526.4311397538715,-0.0036926832981407642,1525.206,0.03772101440459519,0.05229658649438308,1526.4311397538715,0.0020211605608580806
1526.8966570273556,-0.0041962312534451485,1525.67,0.04506762960898625,0.05278466169822823,1526.8966570273556,0.0021083901157421675
1527.3621743008396,-0.0018463416490703821,1526.132,0.10525918024296566,0.05280897570447104,1527.3621743008396,0.00216683852162186
1527.8276915743234,-0.000839246204122901,1526.599,0.02247053622938422,0.052343304723340964,1527.8276915743234,0.0022118266686978654
1528.2932088478074,0.0005035477224737406,1527.064,0.021102536823248697,0.05139752539809609,1528.2932088478074,0.0022525384542615387
1528.7587261212914,0.0011749446857720613,1527.53,0.0769367152231577,0.05003571240728131,1528.7587261212914,0.0023059929743007514
1529.2242433947754,0.0001678492408245802,1527.996,0.02545977919970488,0.048394441226367435,1529.2242433947754,0.002336941086424577
1529.6897606682592,-0.0001678492408245802,1528.462,0.09654456563243907,0.04669860218814211,1529.6897606682592,0.002365253476419799
1530.1552779417432,-0.0015106431674212217,1528.922,0.03199577262200326,0.045264996836302696,1530.1552779417432,0.0023944622608539005
1530.6207952152272,-0.0018463416490703821,1529.388,0.013755921618857636,0.044482377402999804,1530.6207952152272,0.002415815287041905
1531.0863124887112,-0.000839246204122901,1529.855,0.06822210061263134,0.044763089400837966,1531.0863124887112,0.002416273761490828
1531.551829762195,-0.0001678492408245802,1530.321,0.0769367152231577,0.0464694237317781,1531.551829762195,0.0024363335964900862
1532.017347035679,0.0018463416490703821,1530.781,0.07257947284670152,0.0498214991145125,1532.017347035679,0.002499268069681062
1532.482864309163,0.0038605325389653444,1531.251,0.021102536823248697,0.05479753019825138,1532.482864309163,0.0025788577368212745
1532.948381582647,0.00520332669839263,1531.714,0.021102536823248697,0.06104930973739563,1532.948381582647,0.0026381264634166577
1533.4138988561308,0.004364080261439085,1532.177,0.031185150839910802,0.06787103523766057,1533.4138988561308,0.002664097137377882
1533.8794161296148,0.0036926832981407642,1532.64,0.029006399794068605,0.07426176619369568,1533.8794161296148,0.002688591644148329
1534.3449334030988,0.0036926832981407642,1533.11,0.03772101440459519,0.07909893615211185,1534.3449334030988,0.0027201010282351164
1534.8104506765826,0.0011749446857720613,1533.575,0.26430060470544414,0.08139605699963338,1534.8104506765826,0.0027703030457642552
1535.2759679500666,-0.0010070954449474812,1534.038,0.10171255964860193,0.08057043549104673,1535.2759679500666,0.0028082598667737335
1535.7414852235506,-0.0001678492408245802,1534.504,0.10308055905473745,0.07662480092416991,1535.7414852235506,0.002823356657658167
1536.2070024970346,0.002517738612368703,1534.97,0.0072199281965592554,0.07017223369940166,1536.2070024970346,0.002823122278495807
1536.6725197705184,0.004867628216743469,1535.435,0.06604347942440314,0.06229677944647181,1536.6725197705184,0.002870569332206537
1537.1380370440024,0.004364080261439085,1535.9,0.04425700782689357,0.054302645673534156,1537.1380370440024,0.0029069471887764272
1537.6035543174864,0.0011749446857720613,1536.366,0.011577300430629434,0.04743080968036036,1537.6035543174864,0.0029205451969917836
1538.0690715909705,-0.0001678492408245802,1536.826,0.042889008420758046,0.04261411116273009,1538.0690715909705,0.002905072171334017
1538.5345888644542,-0.0001678492408245802,1537.291,0.02981715143377528,0.04031902152255737,1538.5345888644542,0.002931310116716212
1539.0001061379382,-0.002517738612368703,1537.755,0.011577300430629434,0.040497009855276205,1539.0001061379382,0.0029934324907332434
1539.4656234114223,-0.004531929735094309,1538.224,0.05732886481387656,0.042644353527432614,1539.4656234114223,0.002997770531219426
1539.9311406849063,-0.0028534370940178633,1538.685,0.06604347942440314,0.0459474713412008,1539.9311406849063,0.003008416204631149
1540.39665795839,-0.0001678492408245802,1539.155,0.09000857221014069,0.04947370522111936,1540.39665795839,0.0030311960533735373
1540.862175231874,-0.000839246204122901,1539.618,0.013755921618857636,0.05235995536568813,1540.862175231874,0.0030342840801172496
1541.327692505358,-0.0021820401307195425,1540.081,0.12050965841817662,0.05395828715234488,1541.327692505358,0.003060267087748592
1541.7932097788419,-0.0018463416490703821,1540.546,0.013755921618857636,0.053916060546366544,1541.7932097788419,0.0030629480375084983
1542.2587270523259,-0.000839246204122901,1541.011,0.04942487198544265,0.05218957638991485,1542.2587270523259,0.0030647243722203435
1542.7242443258099,-0.000839246204122901,1541.477,0.0189237857774065,0.04900715272865844,1542.7242443258099,0.0031211887900614798
1543.189761599294,-0.0005035477224737406,1541.944,0.061686237047946735,0.04480522459910362,1543.189761599294,0.0031875340731466854
1543.6552788727777,-0.0015106431674212217,1542.41,0.03853163618668787,0.040156877872235326,1543.6552788727777,0.0032138645347680374
1544.1207961462617,-0.0041962312534451485,1542.87,0.0668541012064956,0.03569975633292552,1544.1207961462617,0.003206561825049503
1544.5863134197457,-0.00553902518004179,1543.336,0.03772101440459519,0.032059670776053074,1544.5863134197457,0.0031784241890411543
1545.0518306932297,-0.007217517588287592,1543.808,0.011577300430629434,0.029766075590258897,1545.0518306932297,0.003187032421781937
1545.5173479667135,-0.007217517588287592,1544.266,0.013755921618857636,0.02916577682605378,1545.5173479667135,0.0031917837053611815
1545.9828652401975,-0.006546120624989271,1544.736,0.013755921618857636,0.03035337537685057,1545.9828652401975,0.0031621513984128637
1546.4483825136815,-0.008224613033235073,1545.199,0.050792871391578176,0.033140829992387634,1546.4483825136815,0.0031529901158896894
1546.9138997871653,-0.009063859470188618,1545.662,0.02247053622938422,0.03708069782508153,1546.9138997871653,0.0031622665336039145
1547.3794170606493,-0.008224613033235073,1546.125,0.029006399794068605,0.04154382793365285,1547.3794170606493,0.003176617015352871
1547.8449343341333,-0.006210422143340111,1546.591,0.00367330760219553,0.04583993732982703,1547.8449343341333,0.003198356556046219
1548.3104516076173,-0.004531929735094309,1547.061,0.11179517366526404,0.049359055900779325,1548.3104516076173,0.0032431966753560036
1548.775968881101,-0.0030212863348424435,1547.52,0.15318949567205475,0.051700082360952915,1548.775968881101,0.003283398584069027
1549.2414861545851,-0.0023498893715441227,1547.992,0.0028626858201028504,0.052745356645640874,1549.2414861545851,0.003312346260790126
1549.7070034280691,-0.0038605325389653444,1548.45,0.03417439381023146,0.05265226605600153,1549.7070034280691,0.003331022446263707
1550.1725207015531,-0.0041962312534451485,1548.915,0.0072199281965592554,0.05176744283088326,1550.1725207015531,0.003311871336729747
1550.638037975037,-0.0021820401307195425,1549.38,0.06822210061263134,0.0505036658075378,1550.638037975037,0.0032698869243408886
1551.103555248521,-0.0018463416490703821,1549.848,0.009398549384787458,0.04922819240098559,1551.103555248521,0.003242917063414692
1551.569072522005,-0.002517738612368703,1550.314,0.11260579544735672,0.04819266942868016,1551.569072522005,0.003273548556837458
1552.034589795489,-0.0010070954449474812,1550.777,0.042889008420758046,0.04750857379195214,1552.034589795489,0.003283546609813262
1552.5001070689727,0.0011749446857720613,1551.24,0.02247053622938422,0.04715650594051752,1552.5001070689727,0.0032276105681943268
1552.9656243424567,0.0011749446857720613,1551.707,0.01593454280708584,0.04701770998756855,1552.9656243424567,0.003125602897109771
1553.4311416159408,-0.0010070954449474812,1552.176,0.05950748600210476,0.04692361004797808,1553.4311416159408,0.0030138952872312726
1553.8966588894245,-0.0031891355756670237,1552.64,0.0668541012064956,0.046719969853190824,1553.8966588894245,0.00297937189199929
1554.3621761629086,-0.004531929735094309,1553.103,0.09000857221014069,0.04633209379100856,1554.3621761629086,0.002969593826348282
1554.8276934363926,-0.004364080261439085,1553.569,0.011577300430629434,0.04580753781234481,1554.8276934363926,0.0029581422229861265
1555.2932107098766,-0.0036926832981407642,1554.032,0.0769367152231577,0.04531637103377081,1555.2932107098766,0.002923886099965086
1555.7587279833604,-0.004531929735094309,1554.498,0.013755921618857636,0.0451058351793305,1555.7587279833604,0.002866262125794404
1556.2242452568444,-0.0041962312534451485,1554.962,0.042078386638665366,0.04542444526910616,1556.2242452568444,0.0027910063848017932
1556.6897625303284,-0.0021820401307195425,1555.428,0.04506762960898625,0.04644003243774502,1556.6897625303284,0.002688591637212548
1557.1552798038124,-0.0018463416490703821,1555.893,0.03989963559282339,0.048175158037651246,1557.1552798038124,0.0025807820954065184
1557.6207970772962,-0.0028534370940178633,1556.358,0.0690327223947238,0.05047547027042772,1557.6207970772962,0.002509046129283224
1558.0863143507802,-0.0028534370940178633,1556.825,0.03199577262200326,0.05301731362352591,1558.0863143507802,0.002492980990741074
1558.5518316242642,-0.0031891355756670237,1557.291,0.03989963559282339,0.05535436407604105,1558.5518316242642,0.0025153352588160554
1559.0173488977482,-0.0018463416490703821,1557.752,0.012387922212722113,0.0569988676864916,1559.0173488977482,0.002575555884541416
1559.482866171232,-0.0001678492408245802,1558.221,0.15318949567205475,0.05752614304840528,1559.482866171232,0.0026266686827116784
1559.948383444716,-0.0010070954449474812,1558.685,0.06822210061263134,0.05667869029186123,1559.948383444716,0.0026346724683247334
1560.4139007182,-0.0038605325389653444,1559.147,0.050792871391578176,0.05443685271137246,1560.4139007182,0.0026087675862157727
1560.8794179916838,-0.004531929735094309,1559.611,0.012387922212722113,0.05103016176086723,1560.8794179916838,0.0025684012010319737
1561.3449352651678,-0.0005035477224737406,1560.081,0.08565132983368429,0.046887262797851284,1561.3449352651678,0.0025547456268894433
1561.8104525386518,0.0031891355756670237,1560.546,0.012387922212722113,0.04254532449930861,1561.8104525386518,0.0026027272265506697
1562.2759698121358,0.003524834057316184,1561.011,0.031185150839910802,0.038548207727136664,1562.2759698121358,0.0026507561096378784
1562.7414870856196,0.0038605325389653444,1561.477,0.0189237857774065,0.03535891777092486,1562.7414870856196,0.0026603984811984873
1563.2070043591036,0.0031891355756670237,1561.937,0.04071038723252984,0.033303410600347104,1563.2070043591036,0.0026339652211419384
1563.6725216325876,0.0001678492408245802,1562.402,0.05950748600210476,0.0325516664407067,1563.6725216325876,0.0025931691432792892
1564.1380389060716,-0.0023498893715441227,1562.87,0.01593454280708584,0.033130053408635785,1564.1380389060716,0.002582332266371905
1564.6035561795554,-0.0021820401307195425,1563.335,0.021102536823248697,0.03495217567139867,1564.6035561795554,0.0026175731868018585
1565.0690734530394,0.0005035477224737406,1563.796,0.036353014998459665,0.037856043419157735,1565.0690734530394,0.002632160100798569
1565.5345907265234,0.0011749446857720613,1564.266,0.10525918024296566,0.04163817159317632,1565.5345907265234,0.0025885144856891014
1566.0001080000075,-0.0001678492408245802,1564.729,0.0189237857774065,0.04607544980559538,1566.0001080000075,0.0025429013330052455
1566.4656252734912,-0.0015106431674212217,1565.192,0.06031823764181121,0.05092779216520212,1566.4656252734912,0.0025179134001534704
1566.9311425469753,-0.001678492408245802,1565.655,0.014566543400950316,0.05592494461549744,1566.9311425469753,0.002485737890501258
1567.3966598204593,-0.0005035477224737406,1566.125,0.03336377202813878,0.060754605580076504,1567.3966598204593,0.002449545068123667
1567.862177093943,0.0010070954449474812,1566.591,0.10743780143119386,0.06507318964465593,1567.862177093943,0.0024057699278934924
1568.327694367427,0.0011749446857720613,1567.054,0.04724625079721445,0.06854911999703195,1568.327694367427,0.0023339825644191573
1568.793211640911,0.0011749446857720613,1567.519,0.0769367152231577,0.07092938652972156,1568.793211640911,0.0022439528156270373
1569.258728914395,0.0018463416490703821,1567.984,0.11615241604172044,0.07210632244430763,1569.258728914395,0.002198113508821829
1569.7242461878789,0.0011749446857720613,1568.45,0.04724625079721445,0.0721592565675565,1569.7242461878789,0.0022022747388648197
1570.1897634613629,0.0018463416490703821,1568.915,0.10171255964860193,0.071352991004905,1570.1897634613629,0.0022426082298592836
1570.6552807348469,0.004364080261439085,1569.38,0.042889008420758046,0.07008811640351079,1570.6552807348469,0.002286942586060956
1571.120798008331,0.004867628216743469,1569.84,0.09000857221014069,0.06881279930481009,1571.120798008331,0.002334537668002764
1571.5863152818147,0.003524834057316184,1570.306,0.04071038723252984,0.06791694099987647,1571.5863152818147,0.0024137942720151885
1572.0518325552987,0.0011749446857720613,1570.774,0.0668541012064956,0.06763475169755546,1572.0518325552987,0.0025120909675695395
1572.5173498287827,0.0011749446857720613,1571.236,0.03772101440459519,0.06798084097605461,1572.5173498287827,0.0025924002150749916
1572.9828671022665,0.0011749446857720613,1571.707,0.05950748600210476,0.06873795190616223,1572.9828671022665,0.0026309039182289993
1573.4483843757505,0.000839246204122901,1572.17,0.12050965841817662,0.06950117775071961,1573.4483843757505,0.002640723105135189
1573.9139016492345,-0.0001678492408245802,1572.633,0.04425700782689357,0.0697667444796442,1573.9139016492345,0.002623035827707356
1574.3794189227185,0.0003356984816491604,1573.095,0.11042717425912851,0.0690410229965071,1574.3794189227185,0.0025890469751861283
1574.8449361962023,0.0021820401307195425,1573.561,0.02247053622938422,0.06694463959223848,1574.8449361962023,0.0025550334546715864
1575.3104534696863,0.0030212863348424435,1574.025,0.03417439381023146,0.06329582978365095,1575.3104534696863,0.002517058132242903
1575.7759707431703,0.002517738612368703,1574.49,0.12268840946401882,0.058166182809447395,1575.7759707431703,0.002471693747838277
1576.2414880166543,0.0005035477224737406,1574.955,0.061686237047946735,0.05190200123148581,1576.2414880166543,0.0024709556650727863
1576.707005290138,-0.002517738612368703,1575.42,0.06386485823617494,0.04509937921319026,1576.707005290138,0.0024888403137168485
1577.1725225636221,-0.005035477224737406,1575.885,0.011577300430629434,0.03852407898117129,1577.1725225636221,0.002477586082403672
1577.6380398371061,-0.007553216069936752,1576.351,0.011577300430629434,0.03298428515706147,1577.6380398371061,0.0024649646489061728
1578.1035571105901,-0.008224613033235073,1576.819,0.02029178518354202,0.029184384657032734,1578.1035571105901,0.0024601270154280277
1578.569074384074,-0.003524834057316184,1577.284,0.03199577262200326,0.027595346493361712,1578.569074384074,0.0024821461649940607
1579.034591657558,0.0005035477224737406,1577.747,0.042078386638665366,0.02836827441996256,1579.034591657558,0.0025083717737943664
1579.500108931042,0.0001678492408245802,1578.21,0.035542393216366985,0.03130181899493541,1579.500108931042,0.0025405513967812943
1579.9656262045257,-0.0028534370940178633,1578.678,0.009398549384787458,0.03586327168935034,1579.9656262045257,0.0025775809860466596
1580.4311434780097,-0.004867628216743469,1579.14,0.005041307008331053,0.041261039922569985,1580.4311434780097,0.002602470231918565
1580.8966607514938,-0.00520332669839263,1579.611,0.035542393216366985,0.04656592460847818,1580.8966607514938,0.002650455944549467
1581.3621780249778,-0.006546120624989271,1580.073,0.14447488106152817,0.050870095586437576,1581.3621780249778,0.002713540502638877
1581.8276952984615,-0.008896009996533394,1580.539,0.008030549978651935,0.05345531806823099,1581.8276952984615,0.002755975166238041
1582.2932125719456,-0.008896009996533394,1581.006,0.10743780143119386,0.05392920841530916,1582.2932125719456,0.0027450581094224237
1582.7587298454296,-0.0068818191066384315,1581.472,0.014566543400950316,0.052293594703415554,1582.7587298454296,0.002717899099865533
1583.2242471189136,-0.0036926832981407642,1581.93,0.09436594444421087,0.0489299009891201,1583.2242471189136,0.002690974468022246
1583.6897643923974,0.0003356984816491604,1582.396,0.014566543400950316,0.04450914731049139,1583.6897643923974,0.00264712120189039
1584.1552816658814,0.000839246204122901,1582.863,0.013755921618857636,0.03984999536454553,1584.1552816658814,0.002569135176836707
1584.6207989393654,-0.0011749446857720613,1583.328,0.06604347942440314,0.035756512389818466,1584.6207989393654,0.0025062109834233745
1585.0863162128494,-0.0031891355756670237,1583.796,0.014566543400950316,0.03286801515368364,1585.0863162128494,0.002503334716827386
1585.5518334863332,-0.0031891355756670237,1584.259,0.011577300430629434,0.031547216220836054,1585.5518334863332,0.002577729014500184
1586.0173507598172,-0.003524834057316184,1584.722,0.035542393216366985,0.03182402392437297,1586.0173507598172,0.002670684368706841
1586.4828680333012,-0.0015106431674212217,1585.192,0.035542393216366985,0.033403757239371425,1586.4828680333012,0.002704288757751909
1586.948385306785,0.0010070954449474812,1585.655,0.0028626858201028504,0.03573912920349911,1586.948385306785,0.002767367145254608
1587.413902580269,0.0003356984816491604,1586.117,0.04071038723252984,0.0381543195038502,1587.413902580269,0.0028294175611646723
1587.879419853753,-0.0015106431674212217,1586.583,0.09218732325598267,0.03999795565028111,1587.879419853753,0.0028756536635704366
1588.344937127237,-0.0021820401307195425,1587.046,0.04506762960898625,0.04079164885934762,1588.344937127237,0.0028847450409408516
1588.8104544007208,-0.0021820401307195425,1587.512,0.04506762960898625,0.04033699061806857,1588.8104544007208,0.0028667678732342684
1589.2759716742048,-0.000839246204122901,1587.977,0.05950748600210476,0.03875313217917458,1589.2759716742048,0.002919702238153837
1589.7414889476888,-0.0005035477224737406,1588.442,0.0072199281965592554,0.03643787574187953,1589.7414889476888,0.0029810248503174515
1590.2070062211728,-0.001678492408245802,1588.908,0.014566543400950316,0.03396735735664514,1590.2070062211728,0.002995628214091026
1590.6725234946566,-0.0021820401307195425,1589.373,0.06822210061263134,0.031963116139213495,1590.6725234946566,0.0030110292836267377
1591.1380407681406,-0.0018463416490703821,1589.84,0.011577300430629434,0.030957475384480303,1591.1380407681406,0.0030083709499126553
1591.6035580416246,-0.0018463416490703821,1590.306,0.008030549978651935,0.031282578952728526,1591.6035580416246,0.003025293417025366
1592.0690753151086,-0.000839246204122901,1590.77,0.005851928790423733,0.03300172792615176,1592.0690753151086,0.0030548414298637613
1592.5345925885924,-0.0010070954449474812,1591.232,0.06604347942440314,0.035894825323797355,1592.5345925885924,0.003049282160262769
1593.0001098620764,-0.0023498893715441227,1591.7,0.07257947284670152,0.039498309082356374,1593.0001098620764,0.003010570806882048
1593.4656271355605,-0.004531929735094309,1592.162,0.027638400387933082,0.04318584450344854,1593.4656271355605,0.002969310084391584
1593.9311444090442,-0.0041962312534451485,1592.625,0.02247053622938422,0.04626988770818686,1593.9311444090442,0.0029415733581170363
1594.3966616825282,-0.0021820401307195425,1593.095,0.029006399794068605,0.048110511911038316,1594.3966616825282,0.002949313983778705
1594.8621789560123,-0.0015106431674212217,1593.561,0.07257947284670152,0.0482262764966369,1594.8621789560123,0.002957589154489673
1595.3276962294963,-0.0015106431674212217,1594.024,0.04071038723252984,0.04640002112666228,1595.3276962294963,0.0029390342691870508
1595.79321350298,-0.000839246204122901,1594.49,0.06822210061263134,0.04276144315154942,1595.79321350298,0.0029336805905188284
1596.258730776464,-0.0005035477224737406,1594.955,0.0769367152231577,0.03781998699981775,1596.258730776464,0.002921932932776394
1596.724248049948,-0.0003356984816491604,1595.42,0.02247053622938422,0.03242508414263535,1596.724248049948,0.0028880509899717227
1597.189765323432,0.0011749446857720613,1595.885,0.011577300430629434,0.02764697332933384,1597.189765323432,0.0028522117896184183
1597.6552825969159,0.002517738612368703,1596.351,0.01020930102449391,0.02459416782612374,1597.6552825969159,0.0028341441636604565
1598.1207998703999,0.0031891355756670237,1596.815,0.055150243625648354,0.024202508705753235,1598.1207998703999,0.0028140781609834074
1598.586317143884,0.0038605325389653444,1597.281,0.00367330760219553,0.027037506777007957,1598.586317143884,0.0027870342876898757
1599.051834417368,0.004531929735094309,1597.744,0.013755921618857636,0.03314841071008197,1599.051834417368,0.0027565652132491847
1599.5173516908517,0.006378271151334047,1598.207,0.0014946864139673277,0.042006549331083734,1599.5173516908517,0.0027241985032954224
1599.9828689643357,0.007553216069936752,1598.67,0.02247053622938422,0.05255233794546136,1599.9828689643357,0.0027147514455393425
1600.4483862378197,0.006546120624989271,1599.14,0.06822210061263134,0.06335762119057844,1600.4483862378197,0.0027338059251714613
1600.9139035113035,0.0031891355756670237,1599.611,0.15400011745414743,0.07287995598125449,1600.9139035113035,0.0027475560717727613
1601.3794207847875,0.002517738612368703,1600.066,0.062496858830039415,0.07975330355829445,1601.3794207847875,0.00271255158640537
1601.8449380582715,0.0030212863348424435,1600.532,0.1357602664510016,0.08304362301221013,1601.8449380582715,0.00271824860406909
1602.3104553317555,0.0031891355756670237,1600.996,0.08347270864545608,0.08240901180018517,1602.3104553317555,0.002766448130814342
1602.7759726052393,0.002517738612368703,1601.463,0.031185150839910802,0.07813603174576121,1602.7759726052393,0.0028417285417680666
1603.2414898787233,-0.0001678492408245802,1601.929,0.11833103722994842,0.0710595611944247,1603.2414898787233,0.0029347887477805014
1603.7070071522073,-0.0018463416490703821,1602.395,0.0072199281965592554,0.062398392864406405,1603.7070071522073,0.002958395084799443
1604.1725244256913,-0.0028534370940178633,1602.859,0.06822210061263134,0.05354774682871755,1604.1725244256913,0.0029180739306692047
1604.6380416991751,-0.002517738612368703,1603.324,0.02545977919970488,0.045866149216984384,1604.6380416991751,0.0028959273123503756
1605.1035589726591,-0.0028534370940178633,1603.785,0.09218732325598267,0.04048388320101144,1605.1035589726591,0.002874874455565684
1605.5690762461431,-0.0021820401307195425,1604.255,0.014566543400950316,0.038149048476711994,1605.5690762461431,0.002858398131142541
1606.034593519627,-0.000839246204122901,1604.718,0.013755921618857636,0.03912101621448427,1606.034593519627,0.0028628410267198716
1606.500110793111,-0.0001678492408245802,1605.18,0.062496858830039415,0.04312247829795537,1606.500110793111,0.0029136002059344736
1606.965628066595,-0.003524834057316184,1605.648,0.0014946864139673277,0.04936476917102055,1606.965628066595,0.0029982002067898243
1607.431145340079,-0.00587472366169095,1606.11,0.0028626858201028504,0.056657599413004335,1607.431145340079,0.003108265117591388
1607.8966626135627,-0.006210422143340111,1606.576,0.1793332096460205,0.06359987769571016,1607.8966626135627,0.003185710437275841
1608.3621798870468,-0.008224613033235073,1607.046,0.02545977919970488,0.06882608358487206,1608.3621798870468,0.0032026719672224664
1608.8276971605308,-0.009903104975819588,1607.505,0.03853163618668787,0.07126270648911033,1608.8276971605308,0.0031722460673276843
1609.2932144340148,-0.007553216069936752,1607.977,0.140117508827458,0.07034281619531423,1609.2932144340148,0.003124217180427506
1609.7587317074986,-0.0041962312534451485,1608.435,0.10525918024296566,0.06613373714219921,1609.7587317074986,0.003049909230560327
1610.2242489809826,-0.0015106431674212217,1608.9,0.0769367152231577,0.059345182776367036,1610.2242489809826,0.0029908234827133407
1610.6897662544666,-0.000839246204122901,1609.366,0.02545977919970488,0.05120451645615659,1610.6897662544666,0.0029396161085565283
1611.1552835279506,-0.000839246204122901,1609.833,0.029006399794068605,0.043217408620999764,1611.1552835279506,0.002910074261707608
1611.6208008014344,-0.0011749446857720613,1610.299,0.01593454280708584,0.03686654700311805,1611.6208008014344,0.0029030696619843665
1612.0863180749184,-0.0015106431674212217,1610.766,0.0072199281965592554,0.033319616740475434,1612.0863180749184,0.002906741577444131
1612.5518353484024,-0.0030212863348424435,1611.228,0.01593454280708584,0.0332128548499054,1612.5518353484024,0.0028712580556056553
1613.0173526218862,-0.00520332669839263,1611.696,0.02029178518354202,0.036554374430396816,1613.0173526218862,0.002816403439178526
1613.4828698953702,-0.0041962312534451485,1612.158,0.04071038723252984,0.04276164055069752,1613.4828698953702,0.0027441843347339647
1613.9483871688542,-0.0011749446857720613,1612.626,0.02981715143377528,0.05081665082240892,1613.9483871688542,0.0026799422886094964
1614.4139044423382,-0.0001678492408245802,1613.089,0.1749759672695641,0.0594953850042856,1614.4139044423382,0.0026262184401055055
1614.879421715822,-0.0015106431674212217,1613.554,0.01811316399531404,0.06761069368984562,1614.879421715822,0.0025891724012229813
1615.344938989306,-0.0018463416490703821,1614.021,0.12268840946401882,0.07420744279924951,1615.344938989306,0.0025661828446568065
1615.81045626279,-0.0018463416490703821,1614.48,0.11833103722994842,0.07866891735109444,1615.81045626279,0.002535763116546527
1616.275973536274,-0.0015106431674212217,1614.952,0.0028626858201028504,0.08072726249302915,1616.275973536274,0.002517037588544095
1616.7414908097578,0.0005035477224737406,1615.41,0.01020930102449391,0.08040442810159842,1616.7414908097578,0.002513252594919975
1617.2070080832418,-0.0015106431674212217,1615.877,0.1379388876392298,0.07792978462623916,1617.2070080832418,0.002497168950546758
1617.6725253567258,-0.0041962312534451485,1616.343,0.0668541012064956,0.07367541851641593,1617.6725253567258,0.002493554600497975
1618.1380426302098,-0.004531929735094309,1616.807,0.09436594444421087,0.06812304000134077,1618.1380426302098,0.0025143874685690046
1618.6035599036936,-0.003524834057316184,1617.273,0.0006839347742608748,0.061848899616294535,1618.6035599036936,0.00256424614318986
1619.0690771771776,-0.0015106431674212217,1617.736,0.15972535923673914,0.05550347459835483,1619.0690771771776,0.0026498247747031986
1619.5345944506616,0.0005035477224737406,1618.206,0.0189237857774065,0.049768149772199496,1619.5345944506616,0.002740284211576931
1620.0001117241454,0.0028534370940178633,1618.666,0.03989963559282339,0.045281728351548076,1620.0001117241454,0.0028090226107079807
1620.4656289976294,0.004531929735094309,1619.136,0.03336377202813878,0.042543828612482334,1620.4656289976294,0.002858945019526992
1620.9311462711134,0.00587472366169095,1619.607,0.012387922212722113,0.041818289302077885,1620.9311462711134,0.0028994470974522506
1621.3966635445975,0.006546120624989271,1620.062,0.042078386638665366,0.043068095151263044,1621.3966635445975,0.00294757672367335
1621.8621808180812,0.004531929735094309,1620.527,0.03772101440459519,0.0459472046454126,1621.8621808180812,0.0029452185579765633
1622.3276980915653,0.0031891355756670237,1620.992,0.03199577262200326,0.04985758817243234,1622.3276980915653,0.0029512280800483926
1622.7932153650493,0.0031891355756670237,1621.457,0.10743780143119386,0.05405997222388848,1622.7932153650493,0.003009956091851923
1623.2587326385333,0.0031891355756670237,1621.922,0.06822210061263134,0.05781107274702773,1623.2587326385333,0.0030761389527409803
1623.724249912017,0.002517738612368703,1622.388,0.0189237857774065,0.0604940025556307,1623.724249912017,0.003145999895461429
1624.189767185501,0.002517738612368703,1622.855,0.09654456563243907,0.061714645139059374,1624.189767185501,0.0032274399123045556
1624.655284458985,0.002517738612368703,1623.321,0.05378224421951283,0.06134997606763189,1624.655284458985,0.003320284241589103
1625.120801732469,0.0011749446857720613,1623.781,0.09872318682066727,0.05954517001316183,1625.120801732469,0.003434238996656996
1625.5863190059529,-0.000839246204122901,1624.251,0.03853163618668787,0.05666274937416372,1625.5863190059529,0.0035521925609777096
1626.0518362794369,-0.0020141908898949623,1624.714,0.008030549978651935,0.053194935459622505,1626.0518362794369,0.0036167162758791085
1626.517353552921,-0.000839246204122901,1625.176,0.02981715143377528,0.04966074118610228,1626.517353552921,0.003649878636422039
1626.9828708264047,0.0001678492408245802,1625.644,0.12268840946401882,0.04651306657817438,1626.9828708264047,0.003660842977353794
1627.4483880998887,0.000839246204122901,1626.106,0.02029178518354202,0.04407159276660085,1627.4483880998887,0.0036838715949629006
1627.9139053733727,0.0005035477224737406,1626.572,0.031185150839910802,0.042483306491041165,1627.9139053733727,0.0037059709261967784
1628.3794226468567,-0.000839246204122901,1627.035,0.01593454280708584,0.041708599754708864,1628.3794226468567,0.0037186828216359924
1628.8449399203405,-0.0021820401307195425,1627.5,0.04506762960898625,0.041536998378161945,1628.8449399203405,0.0037440017592798485
1629.3104571938245,0.0001678492408245802,1627.966,0.03336377202813878,0.04163860023368894,1629.3104571938245,0.003761253176522155
1629.7759744673085,0.002517738612368703,1628.432,0.0791153364113859,0.041647731273408616,1629.7759744673085,0.0037627848535916053
1630.2414917407925,0.004364080261439085,1628.896,0.0028626858201028504,0.04126136164414067,1630.2414917407925,0.003767860976210161
1630.7070090142763,0.003524834057316184,1629.361,0.09436594444421087,0.040326917676778526,1630.7070090142763,0.003782328646212747
1631.1725262877603,0.0018463416490703821,1629.826,0.03336377202813878,0.038895545720652326,1631.1725262877603,0.003780009541635892
1631.6380435612443,0.0021820401307195425,1630.292,0.042889008420758046,0.037225223016960525,1631.6380435612443,0.0037616006271497943
1632.1035608347283,0.000839246204122901,1630.759,0.029006399794068605,0.03573088607653697,1632.1035608347283,0.0037898492825019676
1632.5690781082121,-0.0015106431674212217,1631.221,0.021102536823248697,0.03489341093878534,1632.5690781082121,0.0038539905936688964
1633.0345953816961,-0.0028534370940178633,1631.692,0.01811316399531404,0.03515062434426088,1633.0345953816961,0.003918234702147379
1633.5001126551801,-0.0028534370940178633,1632.154,0.05950748600210476,0.03679629720504353,1633.5001126551801,0.004012734067686796
1633.965629928664,-0.004531929735094309,1632.618,0.02247053622938422,0.03990696434938515,1633.965629928664,0.0041443596448929665
1634.431147202148,-0.0068818191066384315,1633.081,0.07040072180085932,0.04430660735801584,1634.431147202148,0.004246527677479452
1634.896664475632,-0.008224613033235073,1633.546,0.01593454280708584,0.04957218230647445,1634.896664475632,0.004297058646355939
1635.362181749116,-0.008224613033235073,1634.011,0.01811316399531404,0.0550808329468235,1635.362181749116,0.004306433745420417
1635.8276990225997,-0.007553216069936752,1634.477,0.09654456563243907,0.06009790260022383,1635.8276990225997,0.004305228961784684
1636.2932162960838,-0.0041962312534451485,1634.944,0.09436594444421087,0.06389715481663791,1636.2932162960838,0.004279550232790362
1636.7587335695678,-0.0028534370940178633,1635.41,0.036353014998459665,0.06589207301136989,1636.7587335695678,0.004218110428363371
1637.2242508430518,-0.004867628216743469,1635.87,0.07774733700525038,0.06574985223910125,1637.2242508430518,0.004160716719894849
1637.6897681165356,-0.007553216069936752,1636.336,0.08347270864545608,0.06346413009037646,1637.6897681165356,0.004142959539418947
1638.1552853900196,-0.009903104975819588,1636.807,0.04425700782689357,0.05937302740494244,1638.1552853900196,0.004156962569379546
1638.6208026635036,-0.009903104975819588,1637.265,0.0791153364113859,0.05411802537744206,1638.6208026635036,0.004158806752730795
1639.0863199369874,-0.008224613033235073,1637.733,0.04425700782689357,0.048546453661364196,1639.0863199369874,0.004097418350551527
1639.5518372104714,-0.0068818191066384315,1638.196,0.06604347942440314,0.04356871713503805,1639.5518372104714,0.0040048104509822595
1640.0173544839554,-0.007217517588287592,1638.666,0.005851928790423733,0.03999127377933944,1640.0173544839554,0.00392680797051639
1640.4828717574394,-0.008560311049222946,1639.129,0.02981715143377528,0.03835638051773326,1640.4828717574394,0.0038596937642405
1640.9483890309232,-0.007721065077930689,1639.595,0.00367330760219553,0.03882602467917106,1640.9483890309232,0.003780486501519209
1641.4139063044072,-0.0068818191066384315,1640.058,0.012387922212722113,0.04114422755731178,1641.4139063044072,0.0036854608136671786
1641.8794235778912,-0.0068818191066384315,1640.524,0.061686237047946735,0.04469515373166512,1641.8794235778912,0.0035699784933159785
1642.3449408513752,-0.006210422143340111,1640.989,0.09872318682066727,0.04864710426899496,1642.3449408513752,0.003480952047375983
1642.810458124859,-0.00587472366169095,1641.455,0.016745164589178296,0.05214504687183805,1642.810458124859,0.003470265256302454
1643.275975398343,-0.006210422143340111,1641.922,0.11397379485349224,0.054500030927071653,1643.275975398343,0.0034899200752859048
1643.741492671827,-0.003524834057316184,1642.38,0.04643562901512177,0.055328553754484776,1643.741492671827,0.0034870376440493843
1644.207009945311,-0.0010070954449474812,1642.848,0.06822210061263134,0.05461319581173853,1644.207009945311,0.0034418891337574657
1644.6725272187948,-0.0015106431674212217,1643.314,0.04942487198544265,0.052678595403046646,1644.6725272187948,0.0033948039284324516
1645.1380444922788,-0.002517738612368703,1643.777,0.02029178518354202,0.05009832344653353,1645.1380444922788,0.0034058320072127748
1645.6035617657628,-0.0021820401307195425,1644.247,0.02247053622938422,0.04756374930680669,1645.6035617657628,0.0034521071756950456
1646.0690790392466,0.000839246204122901,1644.707,0.06822210061263134,0.04575021485020475,1646.0690790392466,0.003511708966718677
1646.5345963127306,0.0038605325389653444,1645.177,0.050792871391578176,0.04520690931527176,1646.5345963127306,0.0035546411722121732
1647.0001135862146,0.0038605325389653444,1645.64,0.03989963559282339,0.04628072603906506,1647.0001135862146,0.003554044949977156
1647.4656308596986,0.0011749446857720613,1646.103,0.050792871391578176,0.049071848903879514,1647.4656308596986,0.0035144104794817927
1647.9311481331824,0.0010070954449474812,1646.568,0.0791153364113859,0.053415727354700314,1647.9311481331824,0.003487255583025764
1648.3966654066664,0.0011749446857720613,1647.032,0.048614250203349973,0.058889711557444116,1648.3966654066664,0.0034896034715914586
1648.8621826801505,-0.000839246204122901,1647.498,0.011577300430629434,0.06484839483042748,1648.8621826801505,0.0035089457846695614
1649.3276999536345,-0.0018463416490703821,1647.962,0.04071038723252984,0.07049641340208147,1649.3276999536345,0.0035336870038532586
1649.7932172271182,-0.001678492408245802,1648.428,0.11397379485349224,0.07500450557485815,1649.7932172271182,0.003554007945470397
1650.2587345006023,-0.0005035477224737406,1648.893,0.1292242730287032,0.07765794490624627,1650.2587345006023,0.0035457389438489023
1650.7242517740863,-0.000839246204122901,1649.359,0.04942487198544265,0.07800342579683693,1650.7242517740863,0.0035268407168614554
1651.1897690475703,-0.0021820401307195425,1649.825,0.12268840946401882,0.07595006657528783,1651.1897690475703,0.0035325212880393843
1651.655286321054,-0.0041962312534451485,1650.291,0.07339009462879398,0.07179226060984761,1651.655286321054,0.003506083917825117
1652.120803594538,-0.003524834057316184,1650.751,0.061686237047946735,0.06614799985254029,1652.120803594538,0.0034542638754209093
1652.586320868022,-0.0028534370940178633,1651.221,0.01811316399531404,0.05983239319088806,1652.586320868022,0.0034057292297389255
1653.0518381415059,-0.000839246204122901,1651.685,0.04425700782689357,0.05370454426094582,1653.0518381415059,0.003342062843564941
1653.5173554149899,0.0011749446857720613,1652.147,0.0189237857774065,0.04853119140397139,1653.5173554149899,0.003232680506015235
1653.982872688474,0.002517738612368703,1652.611,0.09436594444421087,0.044899029423797164,1653.982872688474,0.0031667032399118437
1654.448389961958,0.0031891355756670237,1653.08,0.02247053622938422,0.04318464036524854,1654.448389961958,0.0030986309677464925
1654.9139072354417,0.0031891355756670237,1653.546,0.01811316399531404,0.04356941039982326,1654.9139072354417,0.0030309040938363606
1655.3794245089257,0.001678492408245802,1654.011,0.10743780143119386,0.046076081336091486,1655.3794245089257,0.002982036384715732
1655.8449417824097,0.0011749446857720613,1654.476,0.04643562901512177,0.05060246035975874,1655.8449417824097,0.0029583395853329973
1656.3104590558937,0.0011749446857720613,1654.941,0.11397379485349224,0.056932028240076295,1656.3104590558937,0.0028733325101803118
1656.7759763293775,0.000839246204122901,1655.406,0.0014946864139673277,0.06471285321571783,1656.7759763293775,0.0027733705025119403
1657.2414936028615,-0.0005035477224737406,1655.866,0.012387922212722113,0.07341731475865002,1657.2414936028615,0.002685328855489505
1657.7070108763455,-0.000839246204122901,1656.332,0.16843997384726572,0.08231553406493289,1657.7070108763455,0.0026249273057181587
1658.1725281498295,-0.000839246204122901,1656.804,0.011577300430629434,0.09049916187192662,1658.1725281498295,0.0025558208931986686
1658.6380454233133,-0.0001678492408245802,1657.263,0.07040072180085932,0.09697661686053169,1658.6380454233133,0.0024936882390959926
1659.1035626967973,0.0001678492408245802,1657.726,0.031185150839910802,0.10083730727615496,1659.1035626967973,0.002471305189815611
1659.5690799702813,0.0005035477224737406,1658.195,0.2926229398676381,0.10145648301253159,1659.5690799702813,0.002474374714766524
1660.0345972437651,0.0005035477224737406,1658.655,0.12268840946401882,0.09868337875070546,1660.0345972437651,0.0024874998569777277
1660.5001145172491,-0.0001678492408245802,1659.125,0.06604347942440314,0.09293818520160597,1660.5001145172491,0.0025096917078815803
1660.9656317907331,-0.0015106431674212217,1659.591,0.1292242730287032,0.08516330733841684,1660.9656317907331,0.002526324289124552
1661.4311490642172,-0.0041962312534451485,1660.054,0.011577300430629434,0.0766297872676105,1661.4311490642172,0.002492734295416311
1661.896666337701,-0.0041962312534451485,1660.52,0.03989963559282339,0.0686567271559378,1661.896666337701,0.002443580810098842
1662.362183611185,-0.0028534370940178633,1660.984,0.0028626858201028504,0.062329573075753736,1662.362183611185,0.002417018029527378
1662.827700884669,-0.0028534370940178633,1661.45,0.0791153364113859,0.058295831178043385,1662.827700884669,0.0023789131852405433
1663.293218158153,-0.0028534370940178633,1661.915,0.0769367152231577,0.056682910009725154,1663.293218158153,0.0023935782227604645
1663.7587354316368,-0.004364080261439085,1662.381,0.0769367152231577,0.0571389218080316,1663.7587354316368,0.0024400466418006096
1664.2242527051208,-0.00553902518004179,1662.84,0.02545977919970488,0.05896421481172704,1664.2242527051208,0.0024851088022392557
1664.6897699786048,-0.00587472366169095,1663.306,0.08347270864545608,0.061290950791866444,1664.6897699786048,0.0025168443404559515
1665.1552872520886,-0.00553902518004179,1663.773,0.03989963559282339,0.06327383479117982,1665.1552872520886,0.002576211752502595
1665.6208045255726,-0.006546120624989271,1664.236,0.09872318682066727,0.06426237977708123,1665.6208045255726,0.0026498885210361187
1666.0863217990566,-0.007553216069936752,1664.707,0.09872318682066727,0.06392714025941958,1666.0863217990566,0.0026861820782400634
1666.5518390725406,-0.008224613033235073,1665.169,0.03772101440459519,0.06231432475460588,1666.5518390725406,0.00271858990680531
1667.0173563460244,-0.007553216069936752,1665.633,0.11397379485349224,0.05981302162224513,1667.0173563460244,0.0027898345018548395
1667.4828736195084,-0.004867628216743469,1666.096,0.036353014998459665,0.05703851095253596,1667.4828736195084,0.0028758736627676235
1667.9483908929924,-0.0031891355756670237,1666.561,0.011577300430629434,0.054658265252228805,1667.9483908929924,0.0029519805633297313
1668.4139081664764,-0.0038605325389653444,1667.025,0.03199577262200326,0.053206274351480544,1668.4139081664764,0.0030395842972266926
1668.8794254399602,-0.004867628216743469,1667.49,0.03989963559282339,0.052938009548691725,1668.8794254399602,0.0030899631243063845
1669.3449427134442,-0.0038605325389653444,1667.957,0.0769367152231577,0.05376686572571253,1669.3449427134442,0.003059479657934014
1669.8104599869282,-0.0018463416490703821,1668.422,0.0006839347742608748,0.05529700456754699,1669.8104599869282,0.0030202604866172876
1670.2759772604122,-0.000839246204122901,1668.888,0.071211473440566,0.05693958910778088,1670.2759772604122,0.0029975340900766476
1670.741494533896,-0.0011749446857720613,1669.354,0.11397379485349224,0.058078139749755606,1670.741494533896,0.002986312753751335
1671.20701180738,-0.0031891355756670237,1669.819,0.12050965841817662,0.05823519784091977,1671.20701180738,0.002992455911714744
1671.672529080864,-0.004531929735094309,1670.284,0.02247053622938422,0.05719079984177682,1671.672529080864,0.003029865850397174
1672.1380463543478,-0.006210422143340111,1670.747,0.0014946864139673277,0.055021634289524876,1672.1380463543478,0.0030680405997483597
1672.6035636278318,-0.00553902518004179,1671.21,0.06822210061263134,0.05206310258283197,1672.6035636278318,0.0030900391896136648
1673.0690809013158,-0.003524834057316184,1671.681,0.08565132983368429,0.048822155277208686,1673.0690809013158,0.0030934664464214684
1673.5345981747998,-0.0015106431674212217,1672.143,0.013755921618857636,0.04587121372577433,1673.5345981747998,0.0030976030034375697
1674.0001154482836,0.000839246204122901,1672.611,0.03417439381023146,0.043742388578986505,1674.0001154482836,0.0030658756909919633
1674.4656327217676,0.000839246204122901,1673.073,0.058139486595969014,0.04283398185123497,1674.4656327217676,0.0030515868867823604
1674.9311499952516,0.0011749446857720613,1673.539,0.031185150839910802,0.043340114479674556,1674.9311499952516,0.0030540601855683597
1675.3966672687357,0.0011749446857720613,1674.006,0.07040072180085932,0.0452120275153842,1675.3966672687357,0.0030428511837031344
1675.8621845422194,-0.0001678492408245802,1674.465,0.013755921618857636,0.04815546643976092,1675.8621845422194,0.003004269356883322
1676.3277018157034,-0.000839246204122901,1674.93,0.048614250203349973,0.05166668542602486,1676.3277018157034,0.002967369291301313
1676.7932190891875,-0.0015106431674212217,1675.395,0.02247053622938422,0.055109049837865354,1676.7932190891875,0.002976705330694616
1677.2587363626715,-0.0015106431674212217,1675.863,0.07992608805109236,0.05782703151414598,1677.2587363626715,0.0030052027554325483
1677.7242536361553,0.0018463416490703821,1676.328,0.09000857221014069,0.05928154754394262,1677.7242536361553,0.0030000238340451273
1678.1897709096393,0.00520332669839263,1676.796,0.06822210061263134,0.0591754969607757,1678.1897709096393,0.0029517646833421432
1678.6552881831233,0.003356984816491604,1677.258,0.09654456563243907,0.057532116680152415,1678.6552881831233,0.0029249901366653684
1679.120805456607,-0.0011749446857720613,1677.721,0.027638400387933082,0.05469881498753226,1679.120805456607,0.0029353993746095617
1679.586322730091,-0.0031891355756670237,1678.191,0.04071038723252984,0.05127228282357832,1679.586322730091,0.002952759755654828
1680.051840003575,-0.0036926832981407642,1678.655,0.06822210061263134,0.04796555841883788,1680.051840003575,0.0029434648358512058
1680.517357277059,-0.0010070954449474812,1679.117,0.00367330760219553,0.04545330791925468,1680.517357277059,0.0029102243480462454
1680.9828745505429,0.003524834057316184,1679.583,0.0006839347742608748,0.044234087324326064,1680.9828745505429,0.002879522949707426
1681.4483918240269,0.004867628216743469,1680.046,0.11397379485349224,0.0445399579292416,1681.4483918240269,0.0028637230259730743
1681.913909097511,0.002517738612368703,1680.512,0.01811316399531404,0.04630768612670006,1681.913909097511,0.002838198491829571
1682.379426370995,-0.000839246204122901,1680.977,0.03772101440459519,0.04920745860885117,1682.379426370995,0.0027845651051503673
1682.8449436444787,-0.002517738612368703,1681.443,0.09000857221014069,0.05271350674171309,1682.8449436444787,0.0027409194893535964
1683.3104609179627,-0.0018463416490703821,1681.91,0.03772101440459519,0.05619970547602162,1683.3104609179627,0.0027018915213756762
1683.7759781914467,-0.0005035477224737406,1682.376,0.0014946864139673277,0.05904673710457148,1683.7759781914467,0.002643286864228773
1684.2414954649307,-0.0010070954449474812,1682.841,0.1357602664510016,0.06074958977657238,1684.2414954649307,0.0025834979838113533
1684.7070127384145,-0.0018463416490703821,1683.306,0.03417439381023146,0.06101181982814001,1684.7070127384145,0.002504564162250735
1685.1725300118985,-0.0015106431674212217,1683.77,0.11042717425912851,0.05980708397664956,1685.1725300118985,0.0024194460640924076
1685.6380472853825,-0.0015106431674212217,1684.232,0.06822210061263134,0.05738677132534245,1685.6380472853825,0.002327894920235798
1686.1035645588663,-0.0018463416490703821,1684.696,0.02981715143377528,0.05422340425238678,1686.1035645588663,0.00224937845475788
1686.5690818323503,-0.0015106431674212217,1685.165,0.026827778605840402,0.05090097640214633,1686.5690818323503,0.0022190635757497914
1687.0345991058343,0.0018463416490703821,1685.626,0.011577300430629434,0.04798390258676567,1687.0345991058343,0.0021887857039121217
1687.5001163793183,0.0057068741880357265,1686.095,0.10525918024296566,0.04590304701879226,1687.5001163793183,0.0021119653916778355
1687.9656336528021,0.005035477224737406,1686.561,0.021102536823248697,0.04488666271386899,1687.9656336528021,0.002045124626565469
1688.4311509262861,0.003524834057316184,1687.025,0.009398549384787458,0.04494591049028398,1688.4311509262861,0.0019963802714597937
1688.8966681997701,0.002517738612368703,1687.49,0.021102536823248697,0.045911833015804863,1688.8966681997701,0.001968246744625264
1689.3621854732542,0.002517738612368703,1687.955,0.06604347942440314,0.047513025202457086,1689.3621854732542,0.0019488797619739034
1689.827702746738,0.0011749446857720613,1688.421,0.1771545884577923,0.04947110379794846,1689.827702746738,0.0019262273826487996
1690.293220020222,-0.0018463416490703821,1688.881,0.0072199281965592554,0.05157661742937049,1690.293220020222,0.0018898104652869453
1690.758737293706,-0.0041962312534451485,1689.346,0.04506762960898625,0.053709837891853886,1690.758737293706,0.001893959359081716
1691.22425456719,-0.0041962312534451485,1689.811,0.04643562901512177,0.05579904808660193,1691.22425456719,0.0019403743288832192
1691.6897718406738,-0.0018463416490703821,1690.277,0.009398549384787458,0.05774635566735203,1691.6897718406738,0.002000975305477253
1692.1552891141578,-0.0003356984816491604,1690.74,0.050792871391578176,0.05937054350421642,1692.1552891141578,0.0020481386389911605
1692.6208063876418,-0.000839246204122901,1691.21,0.027638400387933082,0.06040809858920253,1692.6208063876418,0.002065918435678296
1693.0863236611256,-0.0005035477224737406,1691.673,0.042078386638665366,0.060585640847346925,1693.0863236611256,0.0020562719498418485
1693.5518409346096,0.0005035477224737406,1692.136,0.1815118308342487,0.05974152382632196,1693.5518409346096,0.002052007922669825
1694.0173582080936,0.0036926832981407642,1692.602,0.09953380860275995,0.05794370091990755,1694.0173582080936,0.0020639323938841537
1694.4828754815776,0.004867628216743469,1693.066,0.02029178518354202,0.055541536240857475,1694.4828754815776,0.0020683650057140204
1694.9483927550614,0.004867628216743469,1693.532,0.055150243625648354,0.05311329225357369,1694.9483927550614,0.0020398490752961697
1695.4139100285454,0.0038605325389653444,1693.999,0.02029178518354202,0.05131856271553239,1695.4139100285454,0.0019820112860472004
1695.8794273020294,0.0011749446857720613,1694.465,0.04071038723252984,0.05070626071766727,1695.8794273020294,0.001919029527411109
1696.3449445755134,-0.0018463416490703821,1694.93,0.029006399794068605,0.05154241561062008,1696.3449445755134,0.0018992842495916447
1696.8104618489972,-0.0018463416490703821,1695.396,0.050792871391578176,0.05371035175752657,1696.8104618489972,0.0019232483228936012
1697.2759791224812,-0.0001678492408245802,1695.855,0.01811316399531404,0.05671234182045208,1697.2759791224812,0.0019685777559025276
1697.7414963959652,0.0010070954449474812,1696.321,0.08428333042754876,0.05977586919356381,1697.7414963959652,0.0020035411246718637
1698.207013669449,-0.000839246204122901,1696.788,0.04506762960898625,0.06204264457859477,1698.207013669449,0.002008092981733573
1698.672530942933,-0.0028534370940178633,1697.251,0.14447488106152817,0.06279700427227423,1698.672530942933,0.001971110678680481
1699.138048216417,-0.002517738612368703,1697.721,0.02247053622938422,0.061677511584550454,1699.138048216417,0.001901998098702796
1699.603565489901,-0.0010070954449474812,1698.184,0.05950748600210476,0.05881744880353563,1699.603565489901,0.0018388025225871314
1700.0690827633848,0.0005035477224737406,1698.652,0.14883212343798458,0.054875975269283075,1700.0690827633848,0.001808399236967153
1700.5346000368688,0.002517738612368703,1699.114,0.011577300430629434,0.050944195184010145,1700.5346000368688,0.0017946696488801972
1701.0001173103528,0.0036926832981407642,1699.579,0.0791153364113859,0.048334188155144425,1701.0001173103528,0.0017541470118445507
1701.4656345838368,0.002517738612368703,1700.042,0.01811316399531404,0.04828596163219862,1701.4656345838368,0.001715515842316218
1701.9311518573206,0.0005035477224737406,1700.508,0.0014946864139673277,0.051654900898996714,1701.9311518573206,0.0016958034600549933
1702.3966691308046,-0.0021820401307195425,1700.974,0.016745164589178296,0.0586589655008336,1702.3966691308046,0.0016759780008956497
1702.8621864042887,-0.0031891355756670237,1701.44,0.07040072180085932,0.06875950059262463,1702.8621864042887,0.0016450668971542926
1703.3277036777727,-0.0018463416490703821,1701.907,0.014566543400950316,0.08072036415575928,1703.3277036777727,0.0016581982073142166
1703.7932209512564,0.0003356984816491604,1702.365,0.016745164589178296,0.09284445167109781,1703.7932209512564,0.001657355269896769
1704.2587382247405,-0.0003356984816491604,1702.83,0.3784009567091542,0.10333491886740727,1704.2587382247405,0.001629879647088769
1704.7242554982245,-0.0021820401307195425,1703.296,0.08565132983368429,0.11068253498459932,1704.7242554982245,0.0016161541709020328
1705.1897727717082,-0.0023498893715441227,1703.766,0.1300348948107959,0.11396295508247561,1705.1897727717082,0.0015845234872745523
1705.6552900451923,-0.0015106431674212217,1704.228,0.10308055905473745,0.11296100120097521,1705.6552900451923,0.0015228863158264524
1706.1208073186763,-0.0001678492408245802,1704.692,0.021102536823248697,0.10811232465316445,1706.1208073186763,0.0015081369799501538
1706.5863245921603,-0.0001678492408245802,1705.155,0.09436594444421087,0.10031950744266442,1706.5863245921603,0.0015075037519649548
1707.051841865644,-0.0015106431674212217,1705.626,0.15101074462621278,0.0907227148487949,1707.051841865644,0.0014627006418618338
1707.517359139128,-0.000839246204122901,1706.088,0.03199577262200326,0.08048684374379855,1707.517359139128,0.0013954733585395266
1707.982876412612,-0.0001678492408245802,1706.554,0.07040072180085932,0.0706356293272231,1707.982876412612,0.0014001999710197546
1708.448393686096,0.0005035477224737406,1707.019,0.06386485823617494,0.061942130802727584,1708.448393686096,0.0013818301200349125
1708.9139109595799,-0.0001678492408245802,1707.484,0.03989963559282339,0.054876865051969544,1708.9139109595799,0.001335425430547205
1709.379428233064,-0.0015106431674212217,1707.951,0.08565132983368429,0.049609150788268074,1709.379428233064,0.0013141053013291228
1709.844945506548,-0.001678492408245802,1708.417,0.031185150839910802,0.04604979163125128,1709.844945506548,0.001321687618494401
1710.310462780032,-0.0015106431674212217,1708.881,0.026827778605840402,0.04391879376655722,1710.310462780032,0.0013223372959028307
1710.7759800535157,-0.001678492408245802,1709.347,0.0769367152231577,0.04282318603907568,1710.7759800535157,0.0013026166902375795
1711.2414973269997,-0.000839246204122901,1709.807,0.035542393216366985,0.04233393798650105,1711.2414973269997,0.0012422747600320636
1711.7070146004837,-0.000839246204122901,1710.273,0.029006399794068605,0.042054052653352506,1711.7070146004837,0.00114519724093206
1712.1725318739675,-0.0028534370940178633,1710.74,0.03989963559282339,0.041672822574761424,1712.1725318739675,0.0010645878253665326
1712.6380491474515,-0.0021820401307195425,1711.203,0.04425700782689357,0.04100448412582435,1712.6380491474515,0.0010520815212707612
1713.1035664209355,-0.000839246204122901,1711.666,0.02981715143377528,0.04001017162109966,1713.1035664209355,0.0010502023866920736
1713.5690836944195,-0.000839246204122901,1712.136,0.09081932384984714,0.0387988476097303,1713.5690836944195,0.0010493265525357062
1714.0346009679033,-0.0015106431674212217,1712.607,0.042078386638665366,0.037600003444327255,1714.0346009679033,0.0010310574410115282
1714.5001182413873,-0.0023498893715441227,1713.062,0.0006839347742608748,0.03670476359382995,1714.5001182413873,0.0010051731169263894
1714.9656355148713,-0.003356984816491604,1713.528,0.01593454280708584,0.03638447737861414,1714.9656355148713,0.0009756168789100956
1715.4311527883553,-0.0018463416490703821,1713.992,0.061686237047946735,0.036809555278832486,1715.4311527883553,0.0009826769855916823
1715.8966700618391,0.0001678492408245802,1714.458,0.0028626858201028504,0.037994603789727015,1715.8966700618391,0.0010496184942600177
1716.3621873353231,0.0001678492408245802,1714.925,0.062496858830039415,0.03978614084745668,1716.3621873353231,0.001115902101400073
1716.8277046088072,-0.000839246204122901,1715.39,0.023281158011476677,0.041894847365767984,1716.8277046088072,0.001136255939180051
1717.2932218822912,0.0005035477224737406,1715.855,0.02981715143377528,0.04396319598185771,1717.2932218822912,0.0011124234472469333
1717.758739155775,0.000839246204122901,1716.321,0.09436594444421087,0.045651744743966695,1717.758739155775,0.0010810168616010461
1718.224256429259,0.0011749446857720613,1716.784,0.06604347942440314,0.04672182272449409,1718.224256429259,0.0010589072503300048
1718.689773702743,0.0011749446857720613,1717.247,0.02247053622938422,0.047091512666803156,1718.689773702743,0.00104954859763439
1719.1552909762268,0.000839246204122901,1717.714,0.016745164589178296,0.04685032270135107,1719.1552909762268,0.0010807968749435922
1719.6208082497108,-0.0011749446857720613,1718.177,0.10308055905473745,0.046232919365736425,1719.6208082497108,0.001096621477867754
1720.0863255231948,-0.0021820401307195425,1718.64,0.042078386638665366,0.04556321732557759,1720.0863255231948,0.0011210645874440146
1720.5518427966788,-0.0028534370940178633,1719.11,0.011577300430629434,0.04518277970945994,1720.5518427966788,0.0011845459394228498
1721.0173600701626,-0.0018463416490703821,1719.576,0.013755921618857636,0.04537880186456842,1721.0173600701626,0.001252562701823602
1721.4828773436466,-0.0001678492408245802,1720.039,0.08347270864545608,0.04632973377027013,1721.4828773436466,0.001344843706590248
1721.9483946171306,0.0005035477224737406,1720.505,0.016745164589178296,0.04808303674276508,1721.9483946171306,0.0014263515700393848
1722.4139118906146,-0.000839246204122901,1720.969,0.04506762960898625,0.05056607746280086,1722.4139118906146,0.0014689836044640698
1722.8794291640984,-0.0011749446857720613,1721.435,0.15536811686028296,0.05361583830373029,1722.8794291640984,0.0015246400378634013
1723.3449464375824,-0.0021820401307195425,1721.9,0.029006399794068605,0.05700575621310721,1723.3449464375824,0.0015884996839437362
1723.8104637110664,-0.0038605325389653444,1722.366,0.011577300430629434,0.060454093082188735,1723.8104637110664,0.0016914099111702645
1724.2759809845504,-0.003524834057316184,1722.826,0.06604347942440314,0.06361742028257773,1724.2759809845504,0.001807321925095805
1724.7414982580342,-0.0015106431674212217,1723.291,0.04425700782689357,0.0660927417244564,1724.7414982580342,0.0019124978046546606
1725.2070155315182,-0.0001678492408245802,1723.755,0.02029178518354202,0.06745471029056134,1725.2070155315182,0.001980452889265095
1725.6725328050022,-0.000839246204122901,1724.225,0.1379388876392298,0.06733607617851513,1725.6725328050022,0.002045562548965268
1726.138050078486,-0.0011749446857720613,1724.685,0.07257947284670152,0.06553192448125025,1726.138050078486,0.002110102712628262
1726.60356735197,-0.0003356984816491604,1725.154,0.12268840946401882,0.062087298338708685,1726.60356735197,0.002174622317024014
1727.069084625454,-0.0001678492408245802,1725.615,0.04942487198544265,0.05732629307104189,1727.069084625454,0.0022242527825159547
1727.534601898938,-0.0011749446857720613,1726.084,0.011577300430629434,0.051802996970568706,1727.534601898938,0.002282608670165874
1728.0001191724218,-0.0015106431674212217,1726.55,0.01593454280708584,0.04618993643131642,1728.0001191724218,0.0023391512224814554
1728.4656364459058,-0.000839246204122901,1727.014,0.042078386638665366,0.04114659428264167,1728.4656364459058,0.002416606820101233
1728.9311537193898,0.0005035477224737406,1727.479,0.02029178518354202,0.037213296990592414,1728.9311537193898,0.0025097759931763304
1729.3966709928739,0.0015106431674212217,1727.945,0.02981715143377528,0.03475595228097358,1729.3966709928739,0.00259952818574482
1729.8621882663576,0.003524834057316184,1728.41,0.09654456563243907,0.03395963397319373,1729.8621882663576,0.0027018545257183127
1730.3277055398416,0.0031891355756670237,1728.87,0.042889008420758046,0.03484863343373356,1730.3277055398416,0.002809215870183696
1730.7932228133257,0.002517738612368703,1729.336,0.02545977919970488,0.03730582588119109,1730.7932228133257,0.0029069471778594156
1731.2587400868094,0.0031891355756670237,1729.807,0.031185150839910802,0.04107688212263858,1731.2587400868094,0.0030043988774124952
1731.7242573602934,0.004364080261439085,1730.265,0.00367330760219553,0.045766882943202976,1731.7242573602934,0.0031086763077758746
1732.1897746337775,0.004531929735094309,1730.733,0.011577300430629434,0.050852036503421405,1732.1897746337775,0.0032205607272762244
1732.6552919072615,0.0011749446857720613,1731.195,0.16190398042496734,0.055725389052744274,1732.6552919072615,0.0033040484624432785
1733.1208091807453,-0.0021820401307195425,1731.666,0.0014946864139673277,0.059775252458334566,1733.1208091807453,0.0034227503921846745
1733.5863264542293,-0.0028534370940178633,1732.128,0.12268840946401882,0.06247467935398636,1733.5863264542293,0.003568150797258125
1734.0518437277133,-0.0015106431674212217,1732.593,0.008030549978651935,0.06345585813365628,1734.0518437277133,0.003678789318221559
1734.5173610011973,-0.0001678492408245802,1733.057,0.04506762960898625,0.0625550608268552,1734.5173610011973,0.003825920826873441
1734.982878274681,-0.0001678492408245802,1733.523,0.12050965841817662,0.05982697946178907,1734.982878274681,0.003942474295379466
1735.448395548165,-0.0015106431674212217,1733.989,0.07257947284670152,0.055530200936464616,1735.448395548165,0.004044311323829805
1735.913912821649,-0.004867628216743469,1734.455,0.03336377202813878,0.050082576536530574,1735.913912821649,0.004181874473237079
1736.379430095133,-0.007553216069936752,1734.922,0.0028626858201028504,0.043989511261484884,1736.379430095133,0.0042966824455371345
1736.8449473686169,-0.007217517588287592,1735.38,0.03772101440459519,0.03776223600681445,1736.8449473686169,0.004404882616894354
1737.310464642101,-0.0068818191066384315,1735.845,0.02029178518354202,0.03185301836888725,1737.310464642101,0.004509106594323051
1737.775981915585,-0.006210422143340111,1736.31,0.02247053622938422,0.026627469610438607,1737.775981915585,0.004584164961318846
1738.2414991890687,-0.00520332669839263,1736.781,0.05732886481387656,0.022374589896642042,1738.2414991890687,0.004656941234815286
1738.7070164625527,-0.00587472366169095,1737.243,0.02247053622938422,0.019336509476111687,1738.7070164625527,0.004739088496203215
1739.1725337360367,-0.0068818191066384315,1737.711,0.03989963559282339,0.017732022106393217,1739.1725337360367,0.004852584775938099
1739.6380510095207,-0.006210422143340111,1738.174,0.00367330760219553,0.01775364732072212,1739.6380510095207,0.004953266362868034
1740.1035682830045,-0.004531929735094309,1738.636,0.011577300430629434,0.01953338203955167,1740.1035682830045,0.0050824001444862
1740.5690855564885,-0.0028534370940178633,1739.107,0.021102536823248697,0.023089100392719906,1740.5690855564885,0.005171216884056868
1741.0346028299725,-0.0031891355756670237,1739.565,0.0189237857774065,0.02827348683665239,1741.0346028299725,0.0052390588931352355
1741.5001201034565,-0.004364080261439085,1740.031,0.027638400387933082,0.034747607124926375,1741.5001201034565,0.005285038004353972
1741.9656373769403,-0.006210422143340111,1740.496,0.042078386638665366,0.04199453426950396,1741.9656373769403,0.005322546630284351
1742.4311546504243,-0.007553216069936752,1740.962,0.011577300430629434,0.04937892661434388,1742.4311546504243,0.0053611880805856296
1742.8966719239083,-0.0068818191066384315,1741.428,0.06822210061263134,0.056247670197278506,1742.8966719239083,0.0054025228159795815
1743.3621891973924,-0.006210422143340111,1741.893,0.06822210061263134,0.062053828026624645,1743.3621891973924,0.005415111356417093
1743.8277064708761,-0.0068818191066384315,1742.359,0.13358164526277339,0.06647182333186039,1743.8277064708761,0.005450936164202748
1744.2932237443601,-0.009903104975819588,1742.826,0.10171255964860193,0.06946258945368845,1744.2932237443601,0.005444054924198226
1744.7587410178442,-0.010238803923130035,1743.292,0.07475809403492972,0.07125440529937573,1744.7587410178442,0.005400166710343897
1745.224258291328,-0.007217517588287592,1743.755,0.014566543400950316,0.07223366194880759,1745.224258291328,0.005382576059820576
1745.689775564812,-0.004531929735094309,1744.218,0.06604347942440314,0.07277959380913428,1745.689775564812,0.0053909807555381755
1746.155292838296,-0.003524834057316184,1744.681,0.02247053622938422,0.0731058666376426,1746.155292838296,0.005404523252545879
1746.62081011178,-0.004364080261439085,1745.151,0.04425700782689357,0.07317276819801387,1746.62081011178,0.0054212442371838155
1747.0863273852638,-0.00553902518004179,1745.614,0.0668541012064956,0.07270670130528442,1747.0863273852638,0.005416044757552977
1747.5518446587478,-0.00553902518004179,1746.077,0.11179517366526404,0.07132134250793609,1747.5518446587478,0.005418032854363237
1748.0173619322318,-0.004867628216743469,1746.542,0.1793332096460205,0.06869313114060571,1748.0173619322318,0.005420025062842713
1748.4828792057158,-0.0041962312534451485,1747.007,0.02981715143377528,0.06472022825708293,1748.4828792057158,0.005436595962776143
1748.9483964791996,-0.0030212863348424435,1747.473,0.05950748600210476,0.05960341360811274,1748.9483964791996,0.005471571664049176
1749.4139137526836,-0.0021820401307195425,1747.94,0.0006839347742608748,0.05382678876581062,1749.4139137526836,0.00550214353524245
1749.8794310261676,-0.0041962312534451485,1748.405,0.06604347942440314,0.048060151946410064,1749.8794310261676,0.005489392575745866
1750.3449482996516,-0.006546120624989271,1748.87,0.02981715143377528,0.04302597340255796,1750.3449482996516,0.005436945468976017
1750.8104655731354,-0.008224613033235073,1749.336,0.0769367152231577,0.03936726500902313,1750.8104655731354,0.0053828823908072
1751.2759828466194,-0.007553216069936752,1749.803,0.02029178518354202,0.03753518473106654,1751.2759828466194,0.005350501287088
1751.7415001201034,-0.0068818191066384315,1750.262,0.04506762960898625,0.03770478857671262,1751.7415001201034,0.005298352291400011
1752.2070173935872,-0.008224613033235073,1750.729,0.00367330760219553,0.03972858109664957,1752.2070173935872,0.005226211305958427
1752.6725346670712,-0.009903104975819588,1751.191,0.021102536823248697,0.043143005232402595,1752.6725346670712,0.005134008428701926
1753.1380519405552,-0.007553216069936752,1751.655,0.01593454280708584,0.047241868970241976,1753.1380519405552,0.0050247741164686725
1753.6035692140392,-0.005035477224737406,1752.124,0.05950748600210476,0.05121626035119393,1753.6035692140392,0.004867883046043307
1754.069086487523,-0.00520332669839263,1752.59,0.17061859503549393,0.05433462555551815,1754.069086487523,0.004697690030843302
1754.534603761007,-0.006210422143340111,1753.053,0.02545977919970488,0.056111771429417576,1754.534603761007,0.0045835666858358775
1755.000121034491,-0.006210422143340111,1753.519,0.10308055905473745,0.05641022633267041,1755.000121034491,0.004519620688387922
1755.465638307975,-0.006210422143340111,1753.984,0.005041307008331053,0.05544125558279721,1755.465638307975,0.004431377553460725
1755.9311555814588,-0.004867628216743469,1754.45,0.03336377202813878,0.05367365337804251,1755.9311555814588,0.004333154871380239
1756.3966728549428,-0.0041962312534451485,1754.915,0.0072199281965592554,0.05169094538851529,1756.3966728549428,0.004270685040900613
1756.8621901284268,-0.004867628216743469,1755.381,0.1379388876392298,0.05004486070087923,1756.8621901284268,0.004240639486917931
1757.3277074019106,-0.006210422143340111,1755.84,0.014566543400950316,0.049137363267639934,1757.3277074019106,0.004210125181115675
1757.7932246753946,-0.0028534370940178633,1756.306,0.04425700782689357,0.049142899809862056,1757.7932246753946,0.0041366581112285755
1758.2587419488787,0.000839246204122901,1756.773,0.03989963559282339,0.0499738824816564,1758.2587419488787,0.004061106314925972
1758.7242592223627,0.002517738612368703,1757.236,0.02981715143377528,0.05129585928085699,1758.7242592223627,0.003985254350714443
1759.1897764958464,0.000839246204122901,1757.707,0.0006839347742608748,0.05260044188652238,1759.1897764958464,0.003903325018820383
1759.6552937693305,-0.0028534370940178633,1758.169,0.12050965841817662,0.05333363269854654,1759.6552937693305,0.003789380542608972
1760.1208110428145,-0.003524834057316184,1758.633,0.06604347942440314,0.05305645495755917,1760.1208110428145,0.0036528330290423396
1760.5863283162985,-0.000839246204122901,1759.095,0.07257947284670152,0.05159466000156185,1760.5863283162985,0.003519180282957596
1761.0518455897823,0.0011749446857720613,1759.561,0.03989963559282339,0.04912873458682913,1761.0518455897823,0.00342960695754814
1761.5173628632663,0.0011749446857720613,1760.032,0.09872318682066727,0.046190104956685706,1761.5173628632663,0.00339218879373059
1761.9828801367503,0.0031891355756670237,1760.49,0.03989963559282339,0.04355612653053809,1761.9828801367503,0.003351440002368255
1762.4483974102343,0.004531929735094309,1760.962,0.0006839347742608748,0.04206408770749415,1762.4483974102343,0.0032935981011591774
1762.913914683718,0.0031891355756670237,1761.42,0.03989963559282339,0.04238818798493366,1762.913914683718,0.0032281985536499833
1763.379431957202,0.0021820401307195425,1761.885,0.011577300430629434,0.04483874079035637,1763.379431957202,0.0031495299502481266
1763.844949230686,-0.0001678492408245802,1762.351,0.011577300430629434,0.049242348123453274,1763.844949230686,0.0030944676842473645
1764.3104665041699,-0.0015106431674212217,1762.818,0.03853163618668787,0.05494302648710002,1764.3104665041699,0.003036185811651253
1764.775983777654,-0.0001678492408245802,1763.284,0.027638400387933082,0.06093209726560464,1764.775983777654,0.00295322028775501
1765.241501051138,0.0011749446857720613,1763.752,0.18667982485041157,0.06607605564950095,1765.241501051138,0.0028519239763723273
1765.707018324622,0.0005035477224737406,1764.214,0.12268840946401882,0.06937658198121555,1765.707018324622,0.0027343877681000914
1766.1725355981057,-0.0015106431674212217,1764.677,0.05950748600210476,0.07018267009582897,1766.1725355981057,0.002629569622924896
1766.6380528715897,-0.0023498893715441227,1765.14,0.011577300430629434,0.06829642486378587,1766.6380528715897,0.002540391035821222
1767.1035701450737,-0.0015106431674212217,1765.611,0.04506762960898625,0.0639629453002448,1767.1035701450737,0.0024513563648544787
1767.5690874185577,0.0011749446857720613,1766.073,0.09218732325598267,0.05777797798326505,1767.5690874185577,0.0023646613574323846
1768.0346046920415,0.0031891355756670237,1766.539,0.05378224421951283,0.05055866782662678,1768.0346046920415,0.0023085999039590146
1768.5001219655255,0.0011749446857720613,1767.007,0.021102536823248697,0.043209078536598146,1768.5001219655255,0.002288266627724933
1768.9656392390095,-0.003524834057316184,1767.465,0.02545977919970488,0.03659735977601279,1768.9656392390095,0.002264791870757259
1769.4311565124935,-0.006378271151334047,1767.93,0.011577300430629434,0.03145644540041343,1769.4311565124935,0.0022839902595876743
1769.8966737859773,-0.00553902518004179,1768.395,0.06386485823617494,0.028317025288040393,1769.8966737859773,0.002333460359222858
1770.3621910594613,-0.004364080261439085,1768.863,0.03199577262200326,0.02747235159786066,1770.3621910594613,0.002340360103661025
1770.8277083329453,-0.0028534370940178633,1769.329,0.05950748600210476,0.028963918427718095,1770.8277083329453,0.002310738077154837
1771.2932256064291,0.0005035477224737406,1769.792,0.011577300430629434,0.03257562814418206,1771.2932256064291,0.002274787854893865
1771.7587428799131,0.0018463416490703821,1770.255,0.00367330760219553,0.037835031028675574,1771.7587428799131,0.002226068170636238
1772.2242601533972,0.0011749446857720613,1770.725,0.035542393216366985,0.04403537846149497,1772.2242601533972,0.0022042936783447068
1772.6897774268812,0.0010070954449474812,1771.188,0.031185150839910802,0.05029832160303628,1772.6897774268812,0.002199702757642001
1773.155294700365,-0.0005035477224737406,1771.655,0.04071038723252984,0.055686780085148345,1773.155294700365,0.0021875521347703465
1773.620811973849,-0.0005035477224737406,1772.118,0.17279734608133612,0.0593551590173083,1773.620811973849,0.0021623668335798924
1774.086329247333,-0.0001678492408245802,1772.583,0.0072199281965592554,0.060702816530219646,1774.086329247333,0.0021161862394386364
1774.551846520817,-0.000839246204122901,1773.046,0.023281158011476677,0.05949036730869944,1774.551846520817,0.0020459470004207383
1775.0173637943008,-0.0018463416490703821,1773.512,0.14229625987329997,0.05589063452072394,1775.0173637943008,0.001975399373249776
1775.4828810677848,-0.0021820401307195425,1773.977,0.03336377202813878,0.050465187823769145,1775.4828810677848,0.00195069927471666
1775.9483983412688,-0.0005035477224737406,1774.443,0.031185150839910802,0.044071275473972896,1775.9483983412688,0.0019732653054832477
1776.4139156147528,-0.0005035477224737406,1774.908,0.02545977919970488,0.037714664837466945,1776.4139156147528,0.0020047088982339603
1776.8794328882366,0.0011749446857720613,1775.373,0.016745164589178296,0.03237602480994509,1776.8794328882366,0.0020115798606910144
1777.3449501617206,0.0031891355756670237,1775.84,0.04506762960898625,0.02884544734964935,1777.3449501617206,0.0020334509833378365
1777.8104674352046,0.004531929735094309,1776.306,0.021102536823248697,0.027594914243875137,1777.8104674352046,0.002087020628224318
1778.2759847086884,0.007217517588287592,1776.766,0.011577300430629434,0.028706946597860914,1778.2759847086884,0.002120006178432426
1778.7415019821724,0.007888914085924625,1777.236,0.02247053622938422,0.0318678289667877,1778.7415019821724,0.002106356770821229
1779.2070192556564,0.004867628216743469,1777.699,0.01811316399531404,0.036426836076272916,1779.2070192556564,0.002083803074377839
1779.6725365291404,0.0031891355756670237,1778.162,0.09953380860275995,0.041514302780349184,1779.6725365291404,0.002073190295280934
1780.1380538026242,0.004531929735094309,1778.63,0.005851928790423733,0.04620000779712122,1780.1380538026242,0.002059715647189265
1780.6035710761082,0.004531929735094309,1779.092,0.01811316399531404,0.049664543197812286,1780.6035710761082,0.002057961927131524
1781.0690883495922,0.002517738612368703,1779.557,0.08565132983368429,0.05135376132168354,1781.0690883495922,0.002054740264310858
1781.5346056230762,0.0011749446857720613,1780.021,0.17061859503549393,0.05108565839420613,1781.5346056230762,0.0020572711304727874
1782.00012289656,0.0011749446857720613,1780.487,0.011577300430629434,0.049078637757983,1782.00012289656,0.0020565741666809705
1782.465640170044,0.0005035477224737406,1780.952,0.008030549978651935,0.045881889282278154,1782.465640170044,0.002060642879241382
1782.931157443528,-0.0011749446857720613,1781.418,0.04071038723252984,0.04222093969256226,1782.931157443528,0.002022350939748621
1783.396674717012,-0.0015106431674212217,1781.884,0.0006839347742608748,0.038807657706681514,1783.396674717012,0.0019775498881095454
1783.8621919904958,-0.0001678492408245802,1782.35,0.005851928790423733,0.036177678011743486,1783.8621919904958,0.0019716657779320764
1784.3277092639798,0.0005035477224737406,1782.815,0.021102536823248697,0.03460251758403151,1784.3277092639798,0.001927236848975038
1784.7932265374639,-0.0015106431674212217,1783.281,0.09436594444421087,0.03409117391811566,1784.7932265374639,0.0018979067654651014
1785.2587438109476,-0.0021820401307195425,1783.744,0.04506762960898625,0.03446192016259436,1785.2587438109476,0.0018772034188957371
1785.7242610844316,-0.0021820401307195425,1784.206,0.04506762960898625,0.035442930161572364,1785.7242610844316,0.0018309241480756148
1786.1897783579157,-0.0011749446857720613,1784.67,0.03989963559282339,0.03676031656500986,1786.1897783579157,0.001799291408402487
1786.6552956313997,-0.0011749446857720613,1785.14,0.005851928790423733,0.038191495462713276,1786.6552956313997,0.0017704670839167654
1787.1208129048835,-0.0021820401307195425,1785.607,0.04425700782689357,0.0395852032499336,1787.1208129048835,0.0017875458019430538
1787.5863301783675,-0.0021820401307195425,1786.07,0.03336377202813878,0.04086242708951296,1787.5863301783675,0.0018308748035304825
1788.0518474518515,-0.0021820401307195425,1786.535,0.042889008420758046,0.04201119719122254,1788.0518474518515,0.001880659463134604
1788.5173647253355,-0.0011749446857720613,1786.999,0.09436594444421087,0.0430786370928813,1788.5173647253355,0.0019517066883196956
1788.9828819988193,0.002517738612368703,1787.466,0.012387922212722113,0.044155570763292344,1788.9828819988193,0.002006824467159388
1789.4483992723033,0.0038605325389653444,1787.925,0.042078386638665366,0.045349558059997915,1789.4483992723033,0.002082308417021391
1789.9139165457873,0.0036926832981407642,1788.39,0.012387922212722113,0.04675102101345017,1789.9139165457873,0.0021579732897287385
1790.379433819271,0.0031891355756670237,1788.856,0.08210470923932056,0.04840520400062673,1790.379433819271,0.00223741287361035
1790.844951092755,0.002517738612368703,1789.322,0.04506762960898625,0.050301101695492935,1790.844951092755,0.0022887559405913253
1791.310468366239,0.002517738612368703,1789.792,0.03989963559282339,0.052378667150149966,1791.310468366239,0.002363993176748175
1791.775985639723,0.004531929735094309,1790.255,0.029006399794068605,0.05454674297209305,1791.775985639723,0.002456177550751711
1792.241502913207,0.006210422143340111,1790.718,0.164893353252902,0.056700502242666935,1792.241502913207,0.0025252078947783658
1792.707020186691,0.0038605325389653444,1791.18,0.03772101440459519,0.058726766119866484,1792.707020186691,0.0025870321585234725
1793.172537460175,0.000839246204122901,1791.648,0.00367330760219553,0.06049089944549876,1793.172537460175,0.002682244936125775
1793.638054733659,-0.0018463416490703821,1792.11,0.012387922212722113,0.06181468011054859,1793.638054733659,0.002731067416192013
1794.1035720071427,-0.0021820401307195425,1792.576,0.10743780143119386,0.06247083895300994,1794.1035720071427,0.002764840390394003
1794.5690892806267,-0.000839246204122901,1793.046,0.04071038723252984,0.06221716069303842,1794.5690892806267,0.0028073942972258385
1795.0346065541107,0.0011749446857720613,1793.512,0.09000857221014069,0.06086864171894384,1795.0346065541107,0.0028835793228996565
1795.5001238275947,0.0011749446857720613,1793.977,0.0791153364113859,0.05838041702633739,1795.5001238275947,0.0030018309980427093
1795.9656411010785,-0.0005035477224737406,1794.435,0.0769367152231577,0.05490517794874773,1795.9656411010785,0.003087631669042223
1796.4311583745625,-0.0021820401307195425,1794.9,0.042078386638665366,0.05079816946534856,1796.4311583745625,0.003127597147098846
1796.8966756480465,-0.0015106431674212217,1795.366,0.02247053622938422,0.046563179907590145,1796.8966756480465,0.0032051575983381973
1797.3621929215303,-0.0003356984816491604,1795.833,0.04506762960898625,0.0427548737544974,1797.3621929215303,0.003254411826481553
1797.8277101950143,0.0001678492408245802,1796.299,0.04724625079721445,0.03986659694289553,1797.8277101950143,0.0033011557480981165
1798.2932274684983,0.0003356984816491604,1796.762,0.0014946864139673277,0.038233721605686555,1798.2932274684983,0.00333980336611141
1798.7587447419824,0.0005035477224737406,1797.225,0.048614250203349973,0.03797459315587456,1798.7587447419824,0.003367669618989643
1799.2242620154661,0.0011749446857720613,1797.693,0.03772101440459519,0.038980352446126194,1799.2242620154661,0.0033937266418972403
1799.6897792889501,0.0031891355756670237,1798.155,0.02981715143377528,0.04095356027765638,1799.6897792889501,0.0034134842553660287
1800.1552965624342,0.002517738612368703,1798.625,0.050792871391578176,0.04348445363568033,1800.1552965624342,0.0034426128567890467
1800.6208138359182,0.0011749446857720613,1799.088,0.08565132983368429,0.04614513407297385,1800.6208138359182,0.0034815770892797594
1801.086331109402,0.0001678492408245802,1799.554,0.011577300430629434,0.048578325020345085,1801.086331109402,0.0034824446982040422
1801.551848382886,-0.0015106431674212217,1800.021,0.10090180800889548,0.050559968658854135,1801.551848382886,0.003428126682398447
1802.01736565637,-0.0021820401307195425,1800.487,0.027638400387933082,0.05202382728523451,1802.01736565637,0.0033511850701928338
1802.482882929854,-0.0021820401307195425,1800.952,0.027638400387933082,0.05304835445247969,1802.482882929854,0.003329042562319763
1802.9484002033378,-0.0018463416490703821,1801.41,0.04942487198544265,0.053816275509015625,1802.9484002033378,0.0033477393124734614
1803.4139174768218,-0.0030212863348424435,1801.877,0.09654456563243907,0.05456058693463113,1803.4139174768218,0.0034315025462014806
1803.8794347503058,-0.0041962312534451485,1802.343,0.071211473440566,0.05550582748941656,1803.8794347503058,0.0035342339031746817
1804.3449520237896,-0.004867628216743469,1802.807,0.03989963559282339,0.05680765249055117,1804.3449520237896,0.0035731035656792086
1804.8104692972736,-0.0057068741880357265,1803.272,0.021102536823248697,0.058497229952281224,1804.8104692972736,0.00358428172580452
1805.2759865707576,-0.00553902518004179,1803.741,0.013755921618857636,0.06044856756354241,1805.2759865707576,0.003621800634067827
1805.7415038442416,-0.004867628216743469,1804.203,0.10308055905473745,0.06239160311897789,1805.7415038442416,0.003689726939155472
1806.2070211177254,-0.0041962312534451485,1804.666,0.021102536823248697,0.06397979015058908,1806.2070211177254,0.003719984253702255
1806.6725383912094,-0.00553902518004179,1805.136,0.1749759672695641,0.0648934060413472,1806.6725383912094,0.0037341435345678766
1807.1380556646934,-0.007217517588287592,1805.602,0.06822210061263134,0.06493716429562686,1807.1380556646934,0.0037631713949160643
1807.6035729381774,-0.007553216069936752,1806.065,0.06604347942440314,0.06408934555381743,1807.6035729381774,0.0037819853303916557
1808.0690902116612,-0.006378271151334047,1806.531,0.027638400387933082,0.0624834359355227,1808.0690902116612,0.0037955154922605233
1808.5346074851452,-0.00553902518004179,1806.996,0.008030549978651935,0.06033955743999533,1808.5346074851452,0.0038005916164476146
1809.0001247586292,-0.0068818191066384315,1807.455,0.012387922212722113,0.057888285869517185,1809.0001247586292,0.0037918353561174284
1809.4656420321132,-0.008224613033235073,1807.921,0.16843997384726572,0.05532599275273357,1809.4656420321132,0.0037418409882332194
1809.931159305597,-0.008896009996533394,1808.387,0.02981715143377528,0.052812001038316805,1809.931159305597,0.0037006995109717463
1810.396676579081,-0.008560311049222946,1808.852,0.05732886481387656,0.05048741845177408,1810.396676579081,0.003701088085164593
1810.862193852565,-0.008224613033235073,1809.318,0.036353014998459665,0.04848733776570885,1810.862193852565,0.0037129858279993924
1811.3277111260488,-0.008392462506890297,1809.781,0.035542393216366985,0.046932902760487415,1811.3277111260488,0.0036798954263876234
1811.7932283995328,-0.007553216069936752,1810.251,0.08646195161577697,0.045908008313548444,1811.7932283995328,0.0036717600605065586
1812.2587456730168,-0.007553216069936752,1810.714,0.01593454280708584,0.04543297036558523,1812.2587456730168,0.0036692990970903987
1812.7242629465009,-0.006210422143340111,1811.176,0.013755921618857636,0.04544737465398581,1812.7242629465009,0.0036707238657466045
1813.1897802199846,-0.0038605325389653444,1811.644,0.02247053622938422,0.045813164751763565,1813.1897802199846,0.0036574424741076536
1813.6552974934687,-0.0028534370940178633,1812.107,0.1213204100578833,0.046344397752571896,1813.6552974934687,0.0036359784292488697
1814.1208147669527,-0.002517738612368703,1812.573,0.03336377202813878,0.04685760110529647,1814.1208147669527,0.003643133110511028
1814.5863320404367,-0.000839246204122901,1813.036,0.013755921618857636,0.04722329982735341,1814.5863320404367,0.0036569531587544194
1815.0518493139205,0.0011749446857720613,1813.501,0.09654456563243907,0.047397331951159034,1815.0518493139205,0.003664702007218368
1815.5173665874045,0.0021820401307195425,1813.967,0.06386485823617494,0.04742019439658307,1815.5173665874045,0.003657025115344183
1815.9828838608885,0.0011749446857720613,1814.433,0.031185150839910802,0.04738448259934197,1815.9828838608885,0.0036247632571562707
1816.4484011343725,0.0005035477224737406,1814.9,0.005851928790423733,0.04738163215006573,1816.4484011343725,0.0035871970659204296
1816.9139184078563,-0.0010070954449474812,1815.366,0.035542393216366985,0.04745070573094823,1816.9139184078563,0.0035922999185497924
1817.3794356813403,-0.000839246204122901,1815.826,0.02247053622938422,0.0475565080208824,1817.3794356813403,0.003636527366238403
1817.8449529548243,-0.0001678492408245802,1816.292,0.06822210061263134,0.047612352239458595,1817.8449529548243,0.0036527487553918297
1818.310470228308,0.0011749446857720613,1816.755,0.1314028942169314,0.04753766241626129,1818.310470228308,0.003614195711525623
1818.775987501792,0.004531929735094309,1817.224,0.011577300430629434,0.047318449263214414,1818.775987501792,0.0035904125618789456
1819.241504775276,0.007217517588287592,1817.685,0.05732886481387656,0.047035812898389304,1819.241504775276,0.003541012362554022
1819.70702204876,0.004531929735094309,1818.155,0.035542393216366985,0.04684670508651272,1819.70702204876,0.0034511429814638285
1820.172539322244,0.0005035477224737406,1818.618,0.029006399794068605,0.046927846082724683,1820.172539322244,0.003399470964849485
1820.638056595728,-0.0011749446857720613,1819.081,0.016745164589178296,0.047409851085563025,1820.638056595728,0.0033534939101412527
1821.103573869212,-0.0018463416490703821,1819.546,0.09654456563243907,0.0483278580956492,1821.103573869212,0.0032777755841370344
1821.569091142696,-0.0001678492408245802,1820.014,0.042078386638665366,0.04960267973205114,1821.569091142696,0.00322091231105347
1822.0346084161797,0.0011749446857720613,1820.48,0.04643562901512177,0.05105285605495886,1822.0346084161797,0.0031799908196879973
1822.5001256896637,0.000839246204122901,1820.944,0.011577300430629434,0.052431824388268655,1822.5001256896637,0.0030947288059260418
1822.9656429631477,0.0005035477224737406,1821.41,0.021102536823248697,0.053485437243485,1822.9656429631477,0.002958080550061121
1823.4311602366315,0.000839246204122901,1821.87,0.1793332096460205,0.05402276156151144,1823.4311602366315,0.002792494903133328
1823.8966775101155,0.0001678492408245802,1822.336,0.01020930102449391,0.05398152290412723,1823.8966775101155,0.002623537509264996
1824.3621947835995,0.000839246204122901,1822.808,0.06822210061263134,0.05345969599089676,1824.3621947835995,0.0024819570454411755
1824.8277120570835,0.000839246204122901,1823.266,0.06822210061263134,0.052692254868612065,1824.8277120570835,0.0024003484384988115
1825.2932293305673,0.0001678492408245802,1823.736,0.027638400387933082,0.051975508300723616,1825.2932293305673,0.00229431111722005
1825.7587466040513,0.000839246204122901,1824.199,0.03853163618668787,0.05156447365570619,1825.7587466040513,0.002172718531500573
1826.2242638775353,0.004531929735094309,1824.662,0.0006839347742608748,0.05157988674125237,1826.2242638775353,0.002061052038627947
1826.6897811510194,0.0068818191066384315,1825.125,0.06604347942440314,0.05195861851269389,1826.6897811510194,0.0019811992075608217
1827.1552984245031,0.00520332669839263,1825.591,0.10090180800889548,0.05246514416780908,1827.1552984245031,0.0019146935615620044
1827.6208156979872,0.0038605325389653444,1826.062,0.029006399794068605,0.05275813797677001,1827.6208156979872,0.001861054006554781
1828.0863329714712,0.0021820401307195425,1826.52,0.013755921618857636,0.05248843405182714,1828.0863329714712,0.001836464925677175
1828.5518502449552,0.0018463416490703821,1826.992,0.11397379485349224,0.051400877247141014,1828.5518502449552,0.00180082103921966
1829.017367518439,0.0036926832981407642,1827.45,0.035542393216366985,0.049416851414245844,1829.017367518439,0.001789322150361053
1829.482884791923,0.0041962312534451485,1827.915,0.09000857221014069,0.046677567659822096,1829.482884791923,0.0017908168212696527
1829.948402065407,0.0038605325389653444,1828.38,0.011577300430629434,0.04353312544267927,1829.948402065407,0.001794838242820922
1830.4139193388908,0.0018463416490703821,1828.848,0.048614250203349973,0.0404754124182985,1830.4139193388908,0.0018066393558622514
1830.8794366123748,0.002517738612368703,1829.314,0.02029178518354202,0.038030541484262256,1830.8794366123748,0.0018178401336988875
1831.3449538858588,0.0021820401307195425,1829.781,0.042889008420758046,0.03663860465021741,1831.3449538858588,0.0017863842067390525
1831.8104711593428,-0.000839246204122901,1830.243,0.011577300430629434,0.03655003318596611,1831.8104711593428,0.0017396032778494036
1832.2759884328266,-0.0005035477224737406,1830.707,0.050792871391578176,0.03776137664022196,1832.2759884328266,0.0017236368228049752
1832.7415057063106,0.0011749446857720613,1831.176,0.036353014998459665,0.04000355872854636,1832.7415057063106,0.0017524446975537582
1833.2070229797946,0.0018463416490703821,1831.637,0.013755921618857636,0.04278569625680857,1833.2070229797946,0.0017923361576505019
1833.6725402532786,-0.0011749446857720613,1832.1,0.04071038723252984,0.04548857927256533,1833.6725402532786,0.0017952370949291304
1834.1380575267624,-0.0041962312534451485,1832.565,0.09654456563243907,0.047493042418160984,1834.1380575267624,0.0018396927518863973
1834.6035748002464,-0.004531929735094309,1833.031,0.04506762960898625,0.04831890753125991,1834.6035748002464,0.001925826485106803
1835.0690920737304,-0.0021820401307195425,1833.497,0.012387922212722113,0.04774394143524803,1835.0690920737304,0.001990084985200405
1835.5346093472144,0.0011749446857720613,1833.962,0.11179517366526404,0.045875057996963994,1835.5346093472144,0.0020760994672541977
1836.0001266206982,0.0031891355756670237,1834.428,0.050792871391578176,0.04315438012811,1836.0001266206982,0.0021683640223751663
1836.4656438941822,0.0011749446857720613,1834.893,0.01593454280708584,0.040295315952565976,1836.4656438941822,0.0022421271502245104
1836.9311611676662,-0.0015106431674212217,1835.358,0.014566543400950316,0.03815807667214104,1836.9311611676662,0.00231251852866929
1837.39667844115,-0.0010070954449474812,1835.823,0.05378224421951283,0.0375893638091396,1837.39667844115,0.0024178033715719525
1837.862195714634,0.0018463416490703821,1836.288,0.02029178518354202,0.03925917186000977,1837.862195714634,0.0025267889120466794
1838.327712988118,0.0011749446857720613,1836.751,0.07257947284670152,0.04352332514768714,1838.327712988118,0.0026033522285223674
1838.793230261602,0.0001678492408245802,1837.221,0.04071038723252984,0.05032991261172578,1838.793230261602,0.0026462638702112753
1839.2587475350858,-0.000839246204122901,1837.684,0.03989963559282339,0.05918113960479121,1839.2587475350858,0.002665857006530539
1839.7242648085698,-0.0010070954449474812,1838.147,0.048614250203349973,0.06916159197903143,1839.7242648085698,0.0026527030829741924
1840.1897820820539,-0.0015106431674212217,1838.615,0.048614250203349973,0.07904353309540484,1840.1897820820539,0.0026305071189865886
1840.6552993555379,-0.002517738612368703,1839.077,0.02981715143377528,0.08747113238243266,1840.6552993555379,0.0026377481499080895
1841.1208166290216,-0.0028534370940178633,1839.543,0.1793332096460205,0.09320360109525827,1841.1208166290216,0.002649302549104523
1841.5863339025057,-0.0018463416490703821,1840.007,0.2403353820620926,0.09536630562514214,1841.5863339025057,0.0026535254555375564
1842.0518511759897,-0.000839246204122901,1840.473,0.0014946864139673277,0.09363682414692819,1842.0518511759897,0.002666319588156961
1842.5173684494737,0.0005035477224737406,1840.94,0.1314028942169314,0.08830335616904554,1842.5173684494737,0.002662316666533361
1842.9828857229575,0.0011749446857720613,1841.406,0.03417439381023146,0.08017934058504478,1842.9828857229575,0.0026214938588709448
1843.4484029964415,0.000839246204122901,1841.871,0.04643562901512177,0.07041158428075796,1843.4484029964415,0.0025856587690803253
1843.9139202699255,-0.0028534370940178633,1842.336,0.0769367152231577,0.060246933468414164,1843.9139202699255,0.0026161278471229462
1844.3794375434093,-0.004364080261439085,1842.804,0.013755921618857636,0.0508188318802173,1844.3794375434093,0.002683470259598866
1844.8449548168933,-0.0018463416490703821,1843.262,0.011577300430629434,0.04299467787567619,1844.8449548168933,0.002733263146419982
1845.3104720903773,0.0011749446857720613,1843.725,0.10525918024296566,0.037300902320609244,1845.3104720903773,0.00274995945993894
1845.7759893638613,0.0023498893715441227,1844.195,0.011577300430629434,0.03392042645323507,1845.7759893638613,0.002761400783104227
1846.241506637345,0.002517738612368703,1844.655,0.050792871391578176,0.032740825674790315,1846.241506637345,0.0027291265874760085
1846.707023910829,0.0005035477224737406,1845.125,0.02545977919970488,0.0334270727647955,1846.707023910829,0.0026491545149158607
1847.172541184313,-0.0021820401307195425,1845.59,0.02029178518354202,0.03550033943476058,1847.172541184313,0.0025881094536257428
1847.6380584577971,-0.00553902518004179,1846.053,0.04506762960898625,0.03841505764256643,1847.6380584577971,0.0025184376557829077
1848.103575731281,-0.007888914085924625,1846.519,0.042889008420758046,0.041631386950617466,1848.103575731281,0.002471812978930479
1848.569093004765,-0.008560311049222946,1846.984,0.06822210061263134,0.04467845040171636,1848.569093004765,0.0024642717783062186
1849.034610278249,-0.007553216069936752,1847.45,0.04425700782689357,0.04720050634960327,1849.034610278249,0.0024468538277803305
1849.5001275517327,-0.00553902518004179,1847.915,0.05297162243742015,0.04897958668157764,1849.5001275517327,0.0024203239381356484
1849.9656448252167,-0.0068818191066384315,1848.38,0.0028626858201028504,0.049935524412571916,1849.9656448252167,0.0023863104162065714
1850.4311620987007,-0.0068818191066384315,1848.844,0.06604347942440314,0.05011261160549856,1850.4311620987007,0.0023334397885366735
1850.8966793721847,-0.00520332669839263,1849.31,0.03772101440459519,0.04966339113330788,1850.8966793721847,0.002283712691306278
1851.3621966456685,-0.0041962312534451485,1849.773,0.11397379485349224,0.0488313495371289,1851.3621966456685,0.002303281159198741
1851.8277139191525,-0.0038605325389653444,1850.236,0.04071038723252984,0.047922714234932225,1851.8277139191525,0.0023828255961523656
1852.2932311926365,-0.0028534370940178633,1850.704,0.03417439381023146,0.047255574411226756,1852.2932311926365,0.0024465598320409137
1852.7587484661206,-0.0001678492408245802,1851.166,0.021102536823248697,0.04708726872711367,1852.7587484661206,0.0025016796638747374
1853.2242657396043,0.0018463416490703821,1851.636,0.050792871391578176,0.0475392506844337,1853.2242657396043,0.0025499861008128097
1853.6897830130883,0.0011749446857720613,1852.099,0.023281158011476677,0.04854737798636067,1853.6897830130883,0.0026345552632792116
1854.1553002865724,-0.000839246204122901,1852.564,0.0769367152231577,0.049858764122210956,1854.1553002865724,0.002760582515764821
1854.6208175600564,-0.0015106431674212217,1853.031,0.02247053622938422,0.05108055809399085,1854.6208175600564,0.002891124622282656
1855.0863348335401,-0.000839246204122901,1853.497,0.03417439381023146,0.051770808241582054,1855.0863348335401,0.00301909679679591
1855.5518521070242,0.0001678492408245802,1853.956,0.12268840946401882,0.05155068930079758,1855.5518521070242,0.0031078333553147403
1856.0173693805082,0.002517738612368703,1854.421,0.013755921618857636,0.0502099696275476,1856.0173693805082,0.003194824418078199
1856.482886653992,0.00520332669839263,1854.888,0.12268840946401882,0.04777512709761374,1856.482886653992,0.003264607237934221
1856.948403927476,0.00520332669839263,1855.354,0.009398549384787458,0.04451717526450564,1856.948403927476,0.0032534475793906704
1857.41392120096,0.0028534370940178633,1855.819,0.0072199281965592554,0.04089536093460769,1857.41392120096,0.003224865860169218
1857.879438474444,-0.0011749446857720613,1856.284,0.026827778605840402,0.03745531263300169,1857.879438474444,0.0032033483611551457
1858.3449557479278,-0.0031891355756670237,1856.748,0.08565132983368429,0.03471293607973492,1858.3449557479278,0.003190058752297905
1858.8104730214118,-0.0018463416490703821,1857.21,0.011577300430629434,0.03305211622895081,1858.8104730214118,0.003179918841375436
1859.2759902948958,0.0005035477224737406,1857.678,0.0006839347742608748,0.03265316869868822,1859.2759902948958,0.003229742566947691
1859.7415075683798,0.0031891355756670237,1858.14,0.02247053622938422,0.03346247209901864,1859.7415075683798,0.00330267920392812
1860.2070248418636,0.0018463416490703821,1858.611,0.027638400387933082,0.035211442114051576,1860.2070248418636,0.0033494107886947156
1860.6725421153476,-0.0015106431674212217,1859.073,0.0769367152231577,0.03748462572372243,1860.6725421153476,0.0033883174577108758
1861.1380593888316,-0.003524834057316184,1859.538,0.03772101440459519,0.03982052163035831,1861.1380593888316,0.0034572223874447363
1861.6035766623156,-0.003524834057316184,1860.004,0.06822210061263134,0.04181606146747535,1861.6035766623156,0.0035150745709439635
1862.0690939357994,-0.0015106431674212217,1860.469,0.0028626858201028504,0.0432066625677483,1862.0690939357994,0.003591944226813631
1862.5346112092834,-0.0001678492408245802,1860.936,0.0769367152231577,0.04390649979814697,1862.5346112092834,0.003665205702559591
1863.0001284827674,0.0001678492408245802,1861.402,0.04425700782689357,0.04400796541553544,1863.0001284827674,0.0037305929164984835
1863.4656457562512,-0.0015106431674212217,1861.867,0.03853163618668787,0.04374800030213181,1863.4656457562512,0.003766094943087164
1863.9311630297352,-0.0028534370940178633,1862.325,0.011577300430629434,0.04345317724778729,1863.9311630297352,0.003789847255351607
1864.3966803032192,-0.003524834057316184,1862.796,0.04425700782689357,0.04347803523977454,1864.3966803032192,0.0038132377214576533
1864.8621975767032,-0.004531929735094309,1863.258,0.058139486595969014,0.04414983313942853,1864.8621975767032,0.0038301416872680866
1865.327714850187,-0.003524834057316184,1863.721,0.0791153364113859,0.04572470010568028,1865.327714850187,0.003859566345632377
1865.793232123671,-0.0021820401307195425,1864.191,0.042078386638665366,0.04835040656429245,1865.793232123671,0.003904172086766553
1866.258749397155,-0.0018463416490703821,1864.655,0.02247053622938422,0.052029739630987455,1866.258749397155,0.003950496596038025
1866.724266670639,-0.0015106431674212217,1865.118,0.06604347942440314,0.05658797460879632,1866.724266670639,0.0039747855082566605
1867.1897839441228,-0.0023498893715441227,1865.583,0.042078386638665366,0.061658684590586446,1867.1897839441228,0.004003083509092235
1867.6553012176068,-0.0041962312534451485,1866.046,0.09218732325598267,0.06670381150364756,1867.6553012176068,0.004005809690949493
1868.1208184910909,-0.004867628216743469,1866.511,0.02247053622938422,0.07107636882766599,1868.1208184910909,0.004005336825336049
1868.5863357645749,-0.0036926832981407642,1866.977,0.03853163618668787,0.07412378803905625,1868.5863357645749,0.004024307012289889
1869.0518530380587,-0.0041962312534451485,1867.443,0.15101074462621278,0.07531874907910298,1869.0518530380587,0.004037820726381064
1869.5173703115427,-0.0031891355756670237,1867.907,0.12050965841817662,0.0743899312499248,1869.5173703115427,0.004075210106104256
1869.9828875850267,-0.0015106431674212217,1868.373,0.042889008420758046,0.07141283500916612,1869.9828875850267,0.004092385454254832
1870.4484048585105,-0.0023498893715441227,1868.84,0.10090180800889548,0.06682503459259462,1870.4484048585105,0.004084494745400153
1870.9139221319945,-0.006210422143340111,1869.306,0.02029178518354202,0.06135554171545442,1870.9139221319945,0.00408314399097071
1871.3794394054785,-0.008224613033235073,1869.766,0.035542393216366985,0.05588921330514876,1871.3794394054785,0.004089013708092859
1871.8449566789625,-0.008224613033235073,1870.236,0.05378224421951283,0.05130528417244063,1871.8449566789625,0.004055968536296934
1872.3104739524463,-0.008896009996533394,1870.696,0.0791153364113859,0.04832807087472031,1872.3104739524463,0.004022553294570692
1872.7759912259303,-0.007217517588287592,1871.166,0.013755921618857636,0.04741458819885312,1872.7759912259303,0.004035330982943035
1873.2415084994143,-0.004867628216743469,1871.629,0.03989963559282339,0.04869020040943319,1873.2415084994143,0.004115416125870488
1873.7070257728983,-0.004867628216743469,1872.092,0.055150243625648354,0.05193635913340154,1873.7070257728983,0.004197935504787101
1874.172543046382,-0.006210422143340111,1872.558,0.06386485823617494,0.05663039593004642,1874.172543046382,0.004260187404141581
1874.638060319866,-0.0068818191066384315,1873.021,0.07257947284670152,0.06203061456949918,1874.638060319866,0.004291579599478512
1875.10357759335,-0.007721065077930689,1873.487,0.050792871391578176,0.06729266785569293,1875.10357759335,0.004352774744369459
1875.5690948668341,-0.008392462506890297,1873.952,0.042078386638665366,0.07160062554114967,1875.5690948668341,0.004416091622538325
1876.034612140318,-0.007553216069936752,1874.417,0.140117508827458,0.07429711840902073,1876.034612140318,0.004430078204975048
1876.500129413802,-0.006210422143340111,1874.884,0.03336377202813878,0.07499611189695572,1876.500129413802,0.00443202518545533
1876.965646687286,-0.006210422143340111,1875.35,0.06822210061263134,0.07365884722585407,1876.965646687286,0.004439477977956204
1877.4311639607697,-0.00587472366169095,1875.814,0.1836905818800907,0.07061321752660966,1877.4311639607697,0.004454759801159246
1877.8966812342537,-0.004867628216743469,1876.28,0.011577300430629434,0.0665026499848915,1877.8966812342537,0.00441831821070776
1878.3621985077377,-0.0018463416490703821,1876.744,0.042078386638665366,0.062164164448643235,1878.3621985077377,0.00437361172931154
1878.8277157812217,0.0005035477224737406,1877.206,0.06822210061263134,0.05845679662609956,1878.8277157812217,0.004308888583783041
1879.2932330547055,0.0005035477224737406,1877.674,0.02247053622938422,0.05608203328496891,1879.2932330547055,0.004211044196981882
1879.7587503281895,-0.0001678492408245802,1878.137,0.02981715143377528,0.055443541335443665,1879.7587503281895,0.0041418390960195044
1880.2242676016735,0.0006713969632983208,1878.607,0.04724625079721445,0.05658119560999488,1880.2242676016735,0.004094061036030864
1880.6897848751576,0.0011749446857720613,1879.07,0.09436594444421087,0.059191686166701576,1880.6897848751576,0.004027787712812235
1881.1553021486413,-0.0018463416490703821,1879.536,0.04643562901512177,0.06272277662051706,1881.1553021486413,0.003982394546315274
1881.6208194221254,-0.006210422143340111,1879.995,0.0791153364113859,0.06650828237696324,1881.6208194221254,0.003966746762974591
1882.0863366956094,-0.007217517588287592,1880.462,0.140117508827458,0.0699029753870064,1882.0863366956094,0.003972768622184428
1882.5518539690931,-0.007553216069936752,1880.929,0.05950748600210476,0.0723824418669845,1882.5518539690931,0.003964246737463156
1883.0173712425772,-0.007888914085924625,1881.395,0.005041307008331053,0.07359021093159367,1883.0173712425772,0.003937254260833361
1883.4828885160612,-0.007217517588287592,1881.859,0.11833103722994842,0.07333844159625333,1883.4828885160612,0.003938461097939491
1883.9484057895452,-0.006210422143340111,1882.325,0.029006399794068605,0.07158748177495372,1883.9484057895452,0.0038826648598072207
1884.413923063029,-0.00520332669839263,1882.788,0.012387922212722113,0.06843152529809347,1884.413923063029,0.0037893373792852263
1884.879440336513,-0.004867628216743469,1883.25,0.16190398042496734,0.06410236680058108,1884.879440336513,0.003744271107511032
1885.344957609997,-0.004364080261439085,1883.718,0.0791153364113859,0.05898109612252368,1885.344957609997,0.003713170856216993
1885.810474883481,-0.0041962312534451485,1884.181,0.058139486595969014,0.05359139735085907,1885.810474883481,0.0036721157288316054
1886.2759921569648,-0.0028534370940178633,1884.651,0.01593454280708584,0.04855077755401885,1886.2759921569648,0.0036551932599621353
1886.7415094304488,-0.0015106431674212217,1885.113,0.013755921618857636,0.04447908435686619,1886.7415094304488,0.003631037983506744
1887.2070267039328,-0.000839246204122901,1885.579,0.07339009462879398,0.041889018541659565,1887.2070267039328,0.0035705665300713213
1887.6725439774168,0.0018463416490703821,1886.042,0.035542393216366985,0.04109100410109702,1887.6725439774168,0.0034769491637309208
1888.1380612509006,0.0030212863348424435,1886.508,0.02247053622938422,0.04213475293765327,1888.1380612509006,0.0033510164823351775
1888.6035785243846,0.002517738612368703,1886.973,0.023281158011476677,0.044796657817228046,1888.6035785243846,0.0032576869479463734
1889.0690957978686,0.0028534370940178633,1887.439,0.08565132983368429,0.04861378548593197,1889.0690957978686,0.0032061238950066564
1889.5346130713524,0.0031891355756670237,1887.903,0.027638400387933082,0.052958071221882196,1889.5346130713524,0.0031387012977315215
1890.0001303448364,0.002517738612368703,1888.369,0.09218732325598267,0.057135646782371395,1890.0001303448364,0.0031173277145520786
1890.4656476183204,0.0021820401307195425,1888.833,0.050792871391578176,0.06049070131658088,1890.4656476183204,0.00306585923473562
1890.9311648918044,0.0021820401307195425,1889.299,0.08129395759961411,0.06249528516705219,1890.9311648918044,0.0029928855911665565
1891.3966821652882,0.002517738612368703,1889.762,0.013755921618857636,0.06281458715187468,1891.3966821652882,0.002920434156931876
1891.8621994387722,0.000839246204122901,1890.225,0.07257947284670152,0.06134627696801245,1891.8621994387722,0.0028292489700815367
1892.3277167122562,-0.0018463416490703821,1890.692,0.10743780143119386,0.058236585906296615,1892.3277167122562,0.0027415157113119823
1892.7932339857402,-0.0023498893715441227,1891.162,0.009398549384787458,0.053872775528393715,1892.7932339857402,0.002655616356917415
1893.258751259224,-0.0001678492408245802,1891.622,0.06822210061263134,0.0488471987323584,1893.258751259224,0.0025679118816005464
1893.724268532708,0.0021820401307195425,1892.085,0.06467548001826762,0.04388943242149111,1893.724268532708,0.002453494536159503
1894.189785806192,0.0018463416490703821,1892.551,0.03336377202813878,0.03976938863593418,1894.189785806192,0.002332259687339046
1894.655303079676,0.0005035477224737406,1893.018,0.024649157417612422,0.0371815582318914,1894.655303079676,0.002211316779430115
1895.1208203531598,-0.0011749446857720613,1893.483,0.03989963559282339,0.03662770070576838,1895.1208203531598,0.002100982540528814
1895.5863376266439,-0.0015106431674212217,1893.947,0.01593454280708584,0.03832136540360053,1895.5863376266439,0.00201044497639305
1896.0518549001279,-0.000839246204122901,1894.412,0.011577300430629434,0.04213843386346204,1896.0518549001279,0.0019708043398996566
1896.5173721736116,0.0011749446857720613,1894.877,0.04506762960898625,0.04763033287627661,1896.5173721736116,0.0019694905925607786
1896.9828894470957,0.002517738612368703,1895.343,0.09872318682066727,0.05410097722787301,1896.9828894470957,0.0019478147829627371
1897.4484067205797,0.002517738612368703,1895.808,0.08565132983368429,0.06072915432963919,1897.4484067205797,0.0019677430390543336
1897.9139239940637,-0.0001678492408245802,1896.274,0.021102536823248697,0.06670493714944305,1897.9139239940637,0.002011536681391015
1898.3794412675475,-0.000839246204122901,1896.736,0.07339009462879398,0.0713507273918262,1898.3794412675475,0.002027418841971887
1898.8449585410315,-0.0015106431674212217,1897.206,0.07339009462879398,0.07421025630539138,1898.8449585410315,0.002037515579152678
1899.3104758145155,-0.0018463416490703821,1897.67,0.14883212343798458,0.07509788436494169,1899.3104758145155,0.0020486238404307452
1899.7759930879995,-0.0011749446857720613,1898.132,0.04506762960898625,0.07410087047920612,1899.7759930879995,0.00205451000669664
1900.2415103614833,0.0011749446857720613,1898.599,0.04942487198544265,0.07152975901029288,1900.2415103614833,0.0020805752500537116
1900.7070276349673,0.0031891355756670237,1899.064,0.09436594444421087,0.06782541228859733,1900.7070276349673,0.0021612710169697483
1901.1725449084513,0.0031891355756670237,1899.53,0.029006399794068605,0.06344811462296392,1901.1725449084513,0.002197665321613927
1901.6380621819353,0.002517738612368703,1899.996,0.03989963559282339,0.05878184399229255,1901.6380621819353,0.0022028586326600765
1902.103579455419,0.000839246204122901,1900.462,0.011577300430629434,0.05408201243989876,1902.103579455419,0.002228052160614077
1902.569096728903,-0.0015106431674212217,1900.922,0.12349903124611128,0.04948075634414602,1902.569096728903,0.002285030567223192
1903.0346140023871,-0.003524834057316184,1901.388,0.02029178518354202,0.0450431926955583,1903.0346140023871,0.002338086234817675
1903.500131275871,-0.0041962312534451485,1901.855,0.03989963559282339,0.04084838421145942,1903.500131275871,0.002328612449397888
1903.965648549355,-0.006210422143340111,1902.32,0.08347270864545608,0.03706071511275826,1903.965648549355,0.002285803604393119
1904.431165822839,-0.004867628216743469,1902.781,0.04071038723252984,0.03396342029904261,1904.431165822839,0.0022331652958929274
1904.896683096323,-0.002517738612368703,1903.25,0.013755921618857636,0.031940179306883726,1904.896683096323,0.002200046109935833
1905.3622003698067,-0.0028534370940178633,1903.714,0.0072199281965592554,0.0314082792431508,1905.3622003698067,0.0021664890080156417
1905.8277176432907,-0.003524834057316184,1904.176,0.03772101440459519,0.03272354584236572,1905.8277176432907,0.0021423460688921865
1906.2932349167747,-0.0041962312534451485,1904.644,0.048614250203349973,0.03608504844194521,1906.2932349167747,0.0021076479184013903
1906.7587521902587,-0.0028534370940178633,1905.106,0.021102536823248697,0.041462925195304735,1906.7587521902587,0.00213701089853332
1907.2242694637425,-0.0015106431674212217,1905.572,0.042078386638665366,0.04856234353017726,1907.2242694637425,0.0021755228251284283
1907.6897867372265,0.000839246204122901,1906.035,0.08347270864545608,0.05682862421027865,1907.6897867372265,0.0022066662522916497
1908.1553040107106,0.0005035477224737406,1906.501,0.04506762960898625,0.06549374217082865,1908.1553040107106,0.002241720073263518
1908.6208212841943,-0.0030212863348424435,1906.967,0.023281158011476677,0.07366059126325,1908.6208212841943,0.0023032256664655927
1909.0863385576783,-0.0041962312534451485,1907.432,0.13358164526277339,0.08041738476365926,1909.0863385576783,0.0023828564531869316
1909.5518558311624,-0.003356984816491604,1907.899,0.07774733700525038,0.08496784715316344,1909.5518558311624,0.0024229185615303986
1910.0173731046464,-0.000839246204122901,1908.365,0.1248670306522468,0.08675294275504931,1910.0173731046464,0.002439156402842014
1910.4828903781302,-0.000839246204122901,1908.83,0.127045651840475,0.08553453965746521,1910.4828903781302,0.0024915068794020166
1910.9484076516142,-0.000839246204122901,1909.296,0.013755921618857636,0.08142034150275143,1910.9484076516142,0.002517720156197705
1911.4139249250982,-0.0011749446857720613,1909.759,0.04071038723252984,0.07483169396212756,1911.4139249250982,0.002509508717434756
1911.8794421985822,-0.0015106431674212217,1910.221,0.07257947284670152,0.0664372080435278,1911.8794421985822,0.0024915356647426485
1912.344959472066,-0.0021820401307195425,1910.689,0.11615241604172044,0.05707866491275319,1912.344959472066,0.0024981290746378905
1912.81047674555,-0.0041962312534451485,1911.151,0.0189237857774065,0.04769951074867883,1912.81047674555,0.002525055760524803
1913.275994019034,-0.0030212863348424435,1911.622,0.05732886481387656,0.03926833728764788,1913.275994019034,0.002552802767580854
1913.741511292518,0.0011749446857720613,1912.084,0.029006399794068605,0.03268753181457283,1913.741511292518,0.0025371652626802804
1914.2070285660018,0.0028534370940178633,1912.55,0.02981715143377528,0.028688827100750665,1914.2070285660018,0.002520228402035985
1914.6725458394858,0.0005035477224737406,1913.014,0.009398549384787458,0.027729849258618634,1914.6725458394858,0.0025369391075293984
1915.1380631129698,-0.0015106431674212217,1913.479,0.04071038723252984,0.029911941433189336,1915.1380631129698,0.0025570606223352583
1915.6035803864536,-0.0015106431674212217,1913.944,0.0028626858201028504,0.03493973030381418,1915.6035803864536,0.002599267076540282
1916.0690976599376,-0.000839246204122901,1914.41,0.048614250203349973,0.042138216527109765,1916.0690976599376,0.002593615289967198
1916.5346149334216,-0.0015106431674212217,1914.87,0.005041307008331053,0.0505340391252349,1916.5346149334216,0.0025853236694023648
1917.0001322069056,-0.0018463416490703821,1915.336,0.10743780143119386,0.05899423863779149,1917.0001322069056,0.0025685410076528585
1917.4656494803894,-0.003524834057316184,1915.804,0.11833103722994842,0.06639983444190883,1917.4656494803894,0.002556680273300345
1917.9311667538734,-0.004531929735094309,1916.269,0.02247053622938422,0.07181924336406494,1917.9311667538734,0.0025355163937524194
1918.3966840273574,-0.00553902518004179,1916.733,0.042889008420758046,0.07464710700649188,1918.3966840273574,0.0024724482845900125
1918.8622013008414,-0.0068818191066384315,1917.195,0.14665350224975637,0.07468706793134897,1918.8622013008414,0.00246333634318971
1919.3277185743252,-0.006210422143340111,1917.666,0.09436594444421087,0.07216949360313478,1919.3277185743252,0.00246956173972503
1919.7932358478092,-0.0038605325389653444,1918.128,0.03989963559282339,0.0677002735642516,1919.7932358478092,0.0024561405450300488
1920.2587531212932,-0.0031891355756670237,1918.594,0.035542393216366985,0.06214422134712376,1920.2587531212932,0.0024463378098656717
1920.7242703947772,-0.003524834057316184,1919.057,0.08565132983368429,0.0564626343435409,1920.7242703947772,0.0024544464498283836
1921.189787668261,-0.0031891355756670237,1919.523,0.031185150839910802,0.05153839296997127,1921.189787668261,0.002473751755145727
1921.655304941745,-0.00520332669839263,1919.989,0.03199577262200326,0.04802294173533088,1921.655304941745,0.002484533120754199
1922.120822215229,-0.003524834057316184,1920.455,0.061686237047946735,0.04623154240373713,1922.120822215229,0.002516363230477136
1922.5863394887128,-0.0005035477224737406,1920.915,0.01593454280708584,0.04610420525266488,1922.5863394887128,0.002537403751327315
1923.0518567621968,0.0001678492408245802,1921.38,0.016745164589178296,0.047240711590643025,1923.0518567621968,0.0024960792977101747
1923.5173740356809,0.0005035477224737406,1921.851,0.0668541012064956,0.04900659054876868,1923.5173740356809,0.0024362307946155185
1923.9828913091649,0.0018463416490703821,1922.317,0.06822210061263134,0.05069126134669412,1923.9828913091649,0.002406156457941604
1924.4484085826487,0.0031891355756670237,1922.777,0.07556871581702218,0.05168200052473924,1924.4484085826487,0.0023909918230520786
1924.9139258561327,0.0030212863348424435,1923.24,0.10308055905473745,0.05160635233037806,1924.9139258561327,0.002357496397313744
1925.3794431296167,0.0001678492408245802,1923.71,0.050792871391578176,0.050400898746035656,1925.3794431296167,0.0023289187873573695
1925.8449604031007,-0.0028534370940178633,1924.173,0.013755921618857636,0.048288099652136214,1925.8449604031007,0.002325345556091185
1926.3104776765845,-0.0041962312534451485,1924.636,0.027638400387933082,0.04567638712940174,1926.3104776765845,0.0023157525239423183
1926.7759949500685,-0.0031891355756670237,1925.106,0.005041307008331053,0.04302568357182808,1926.7759949500685,0.0023090707072098873
1927.2415122235525,-0.000839246204122901,1925.565,0.06822210061263134,0.04072675551945396,1927.2415122235525,0.002302170963786992
1927.7070294970365,-0.0001678492408245802,1926.031,0.035542393216366985,0.039026913598569225,1927.7070294970365,0.0023071545706340995
1928.1725467705203,-0.0015106431674212217,1926.497,0.042078386638665366,0.038009330040961145,1928.1725467705203,0.00235762797170117
1928.6380640440043,-0.0023498893715441227,1926.962,0.04506762960898625,0.0376143099868082,1928.6380640440043,0.0024213375369384485
1929.1035813174883,-0.0028534370940178633,1927.428,0.036353014998459665,0.03768470454372464,1929.1035813174883,0.002498320270211018
1929.569098590972,-0.000839246204122901,1927.893,0.005041307008331053,0.03802038070976843,1929.569098590972,0.0025435571880930213
1930.034615864456,0.0010070954449474812,1928.358,0.08565132983368429,0.03843094714061274,1930.034615864456,0.0025847356712814925
1930.50013313794,0.0005035477224737406,1928.825,0.027638400387933082,0.03877717288033736,1930.50013313794,0.002624178938458011
1930.9656504114241,-0.001678492408245802,1929.291,0.0791153364113859,0.03899070571104603,1930.9656504114241,0.002658749620635201
1931.431167684908,-0.0015106431674212217,1929.751,0.016745164589178296,0.03906466483871327,1931.431167684908,0.002690672251536758
1931.896684958392,-0.0021820401307195425,1930.221,0.011577300430629434,0.03901855036552539,1931.896684958392,0.002703807672242255
1932.362202231876,-0.003524834057316184,1930.684,0.026827778605840402,0.038855138679678235,1932.362202231876,0.002734761950623634
1932.82771950536,-0.0041962312534451485,1931.147,0.029006399794068605,0.03853386347967173,1932.82771950536,0.002758941896754951
1933.2932367788437,-0.0021820401307195425,1931.611,0.04506762960898625,0.03797769703453408,1933.2932367788437,0.0027370892794344134
1933.7587540523277,-0.0001678492408245802,1932.08,0.055960865407741034,0.037112498364622264,1933.7587540523277,0.002671467685654411
1934.2242713258117,0.0021820401307195425,1932.546,0.036353014998459665,0.03592021390162561,1934.2242713258117,0.0025868841336576173
1934.6897885992958,0.0038605325389653444,1933.011,0.0668541012064956,0.03447945519236191,1934.6897885992958,0.002511132919393129
1935.1553058727795,0.0010070954449474812,1933.47,0.04506762960898625,0.032971394778247023,1935.1553058727795,0.0024467798525616355
1935.6208231462635,-0.0028534370940178633,1933.936,0.0014946864139673277,0.03164311661052907,1935.6208231462635,0.002419285724803799
1936.0863404197476,-0.0041962312534451485,1934.402,0.011577300430629434,0.030739420867007306,1936.0863404197476,0.002385011097260707
1936.5518576932313,-0.0036926832981407642,1934.866,0.01811316399531404,0.03042955941624474,1936.5518576932313,0.0023316408714768627
1937.0173749667154,-0.0011749446857720613,1935.332,0.02545977919970488,0.03075843938906341,1937.0173749667154,0.0023024608771745583
1937.4828922401994,0.0005035477224737406,1935.804,0.04425700782689357,0.03163990647116605,1937.4828922401994,0.002310328968688657
1937.9484095136834,-0.0015106431674212217,1936.263,0.04425700782689357,0.03289042887225709,1937.9484095136834,0.002360060174730681
1938.4139267871672,-0.0041962312534451485,1936.725,0.03336377202813878,0.034286205896165725,1938.4139267871672,0.002375097346251766
1938.8794440606512,-0.004867628216743469,1937.195,0.048614250203349973,0.03562186270786385,1938.8794440606512,0.002355101242712854
1939.3449613341352,-0.0030212863348424435,1937.659,0.03989963559282339,0.03675363383721261,1939.3449613341352,0.0024089217160765553
1939.8104786076192,-0.0021820401307195425,1938.121,0.005851928790423733,0.037619357450507825,1939.8104786076192,0.0024661509461606857
1940.275995881103,-0.0001678492408245802,1938.587,0.05950748600210476,0.03823648199201678,1940.275995881103,0.0025290216836220433
1940.741513154587,0.003524834057316184,1939.05,0.050792871391578176,0.03868381221935374,1940.741513154587,0.0025485408041346015
1941.207030428071,0.0041962312534451485,1939.516,0.02981715143377528,0.039072292409245014,1941.207030428071,0.002545633698761808
1941.6725477015548,0.0031891355756670237,1939.981,0.03772101440459519,0.03950874754356939,1941.6725477015548,0.0025672457695017164
1942.1380649750388,0.0038605325389653444,1940.447,0.042078386638665366,0.04005838377317954,1942.1380649750388,0.002603401581009997
1942.6035822485228,0.00520332669839263,1940.914,0.02247053622938422,0.04071561954990882,1942.6035822485228,0.0026957422055107344
1943.0690995220068,0.006210422143340111,1941.38,0.03336377202813878,0.04139390208063807,1943.0690995220068,0.0028335356206486886
1943.5346167954906,0.004531929735094309,1941.844,0.05950748600210476,0.04194143436302243,1943.5346167954906,0.0029836811413384056
1944.0001340689746,0.0031891355756670237,1942.309,0.01593454280708584,0.042182210742023545,1944.0001340689746,0.003132338159444691
1944.4656513424586,0.0031891355756670237,1942.77,0.04942487198544265,0.04197298281293301,1944.4656513424586,0.003262756907515746
1944.9311686159426,0.003524834057316184,1943.239,0.09872318682066727,0.041259537418608536,1944.9311686159426,0.003366296253793213
1945.3966858894264,0.002517738612368703,1943.703,0.0189237857774065,0.04011237376323113,1945.3966858894264,0.0034955431109320386
1945.8622031629104,0.000839246204122901,1944.165,0.03989963559282339,0.03872574965350882,1945.8622031629104,0.0035711586362224055
1946.3277204363944,-0.0015106431674212217,1944.634,0.035542393216366985,0.03737685700043499,1946.3277204363944,0.003629397331586135
1946.7932377098784,-0.0011749446857720613,1945.097,0.023281158011476677,0.03635811369993273,1946.7932377098784,0.0037392772093874896
1947.2587549833622,0.0018463416490703821,1945.563,0.013755921618857636,0.03590557063386598,1947.2587549833622,0.0038517537398928305
1947.7242722568462,0.0038605325389653444,1946.026,0.03772101440459519,0.0361457815547283,1947.7242722568462,0.003926812107998008
1948.1897895303302,0.00587472366169095,1946.492,0.04071038723252984,0.03707416577987055,1948.1897895303302,0.003972096309702407
1948.655306803814,0.004531929735094309,1946.959,0.06822210061263134,0.038564239246948205,1948.655306803814,0.004003219175995627
1949.120824077298,0.0038605325389653444,1947.425,0.055150243625648354,0.04039545695463369,1949.120824077298,0.004038902123652927
1949.586341350782,0.004531929735094309,1947.892,0.011577300430629434,0.042285036804870495,1949.586341350782,0.004090923646892077
1950.051858624266,0.0041962312534451485,1948.35,0.03336377202813878,0.04391789554876047,1950.051858624266,0.004123329418293738
1950.5173758977498,0.004531929735094309,1948.822,0.02981715143377528,0.044981049439301354,1950.5173758977498,0.004116108944828532
1950.9828931712339,0.00520332669839263,1949.28,0.04071038723252984,0.04521277291134263,1950.9828931712339,0.0041938770455046265
1951.4484104447179,0.004531929735094309,1949.748,0.05160362303128463,0.04446760297475076,1951.4484104447179,0.004272963008867745
1951.9139277182019,0.0028534370940178633,1950.21,0.11397379485349224,0.04278207767522004,1951.9139277182019,0.00431094655377074
1952.3794449916857,0.002517738612368703,1950.678,0.0072199281965592554,0.04041460676160414,1952.3794449916857,0.004352231946336394
1952.8449622651697,0.0011749446857720613,1951.141,0.03772101440459519,0.03783553991841786,1952.8449622651697,0.004401350481473066
1953.3104795386537,0.000839246204122901,1951.611,0.042078386638665366,0.03566042487931864,1953.3104795386537,0.0044264062597901
1953.7759968121377,0.0020141908898949623,1952.073,0.03336377202813878,0.034539690619922625,1953.7759968121377,0.0044835984826439215
1954.2415140856215,0.0031891355756670237,1952.539,0.011577300430629434,0.03502991822419236,1954.2415140856215,0.004571391360628526
1954.7070313591055,0.0011749446857720613,1953.004,0.03772101440459519,0.03747380581011275,1954.7070313591055,0.004605992881653819
1955.1725486325895,-0.0015106431674212217,1953.47,0.06822210061263134,0.04191224249432344,1955.1725486325895,0.004627532996745087
1955.6380659060733,-0.002517738612368703,1953.93,0.01593454280708584,0.04804549998437165,1955.6380659060733,0.004640693088067632
1956.1035831795573,-0.003524834057316184,1954.395,0.009398549384787458,0.05525374301968085,1956.1035831795573,0.004677971446305234
1956.5691004530413,-0.0036926832981407642,1954.867,0.055150243625648354,0.06268047430605889,1956.5691004530413,0.004715397832254871
1957.0346177265253,-0.0010070954449474812,1955.325,0.15101074462621278,0.06937113541973451,1957.0346177265253,0.004741779692333795
1957.500135000009,0.0005035477224737406,1955.795,0.06822210061263134,0.07444021720546262,1957.500135000009,0.004778182218314384
1957.965652273493,-0.0031891355756670237,1956.258,0.09436594444421087,0.07722519527893201,1957.965652273493,0.004821484492172513
1958.4311695469771,-0.009063859470188618,1956.721,0.03989963559282339,0.0773899684131529,1958.4311695469771,0.004797269592164358
1958.8966868204611,-0.012420844286680222,1957.191,0.08565132983368429,0.07496260159557257,1958.8966868204611,0.004719838664186283
1959.362204093945,-0.01191729586571455,1957.655,0.07992608805109236,0.07031375563257099,1959.362204093945,0.004692675542184463
1959.827721367429,-0.009231708012521267,1958.117,0.0791153364113859,0.06409026970624306,1959.827721367429,0.004733691604508615
1960.293238640913,-0.0068818191066384315,1958.583,0.02545977919970488,0.0571169170633753,1960.293238640913,0.0047158316275225385
1960.758755914397,-0.007553216069936752,1959.045,0.061686237047946735,0.05027860697329053,1960.758755914397,0.004710167504099488
1961.2242731878807,-0.009567406959831715,1959.511,0.055150243625648354,0.0443978088499137,1961.2242731878807,0.004748533458760134
1961.6897904613647,-0.008560311049222946,1959.978,0.02247053622938422,0.040123327934899776,1961.6897904613647,0.004776083094100876
1962.1553077348487,-0.0068818191066384315,1960.443,0.04506762960898625,0.037845025099306956,1962.1553077348487,0.004767143853245569
1962.6208250083325,-0.006210422143340111,1960.91,0.02029178518354202,0.037647132271810275,1962.6208250083325,0.00472715576131911
1963.0863422818165,-0.007888914085924625,1961.376,0.03199577262200326,0.03931099689406665,1963.0863422818165,0.004685683278372919
1963.5518595553006,-0.008896009996533394,1961.836,0.011577300430629434,0.04237367029743645,1963.5518595553006,0.0046830393377768975
1964.0173768287846,-0.00553902518004179,1962.302,0.02981715143377528,0.04623921243075166,1964.0173768287846,0.004697278801054706
1964.4828941022683,-0.0028534370940178633,1962.77,0.08428333042754876,0.0503238426039635,1964.4828941022683,0.004678053677157094
1964.9484113757524,-0.0031891355756670237,1963.232,0.17279734608133612,0.054196475710029376,1964.9484113757524,0.004620259062779151
1965.4139286492364,-0.006210422143340111,1963.696,0.050792871391578176,0.0576637312178868,1965.4139286492364,0.004503232727858302
1965.8794459227204,-0.007217517588287592,1964.165,0.02247053622938422,0.06076022523855364,1965.8794459227204,0.004450643761051357
1966.3449631962042,-0.006210422143340111,1964.626,0.04071038723252984,0.0636455213835079,1966.3449631962042,0.004434671141953883
1966.8104804696882,-0.00553902518004179,1965.095,0.011577300430629434,0.0664567425833377,1966.8104804696882,0.004419989651756732
1967.2759977431722,-0.0031891355756670237,1965.561,0.055150243625648354,0.06918851291381303,1967.2759977431722,0.004405793363926027
1967.7415150166562,-0.000839246204122901,1966.025,0.029006399794068605,0.07165683824585879,1967.7415150166562,0.004401099647791159
1968.20703229014,-0.000839246204122901,1966.491,0.0791153364113859,0.07356222429927009,1968.20703229014,0.00441921661915267
1968.672549563624,-0.0023498893715441227,1966.955,0.2751938405041987,0.07461924774573357,1968.672549563624,0.0044145516864933015
1969.138066837108,-0.0031891355756670237,1967.42,0.021102536823248697,0.07468501136206523,1969.138066837108,0.004382986792610546
1969.6035841105918,-0.0028534370940178633,1967.885,0.02545977919970488,0.07381842529830922,1969.6035841105918,0.004347478599932575
1970.0691013840758,-0.0001678492408245802,1968.351,0.09872318682066727,0.07224207266717624,1970.0691013840758,0.0042860819730916
1970.5346186575598,0.0041962312534451485,1968.811,0.04425700782689357,0.0702323125699988,1970.5346186575598,0.004218102216669179
1971.0001359310438,0.00520332669839263,1969.277,0.04071038723252984,0.06799431132368237,1971.0001359310438,0.004135985796157042
1971.4656532045276,0.0036926832981407642,1969.74,0.016745164589178296,0.06557698599269417,1971.4656532045276,0.0040572534576301675
1971.9311704780116,0.0018463416490703821,1970.21,0.09872318682066727,0.06286257235109136,1971.9311704780116,0.003972501317898348
1972.3966877514956,0.0011749446857720613,1970.67,0.04506762960898625,0.05963778872506427,1972.3966877514956,0.0038866759757713006
1972.8622050249796,0.002517738612368703,1971.14,0.08565132983368429,0.05572374756937659,1972.8622050249796,0.0038208426230214
1973.3277222984634,0.003524834057316184,1971.611,0.06604347942440314,0.051119432923311794,1973.3277222984634,0.0037983526634341215
1973.7932395719474,0.004364080261439085,1972.066,0.0791153364113859,0.04610748158959207,1973.7932395719474,0.003755432798606411
1974.2587568454314,0.004531929735094309,1972.532,0.05732886481387656,0.04128170220347365,1974.2587568454314,0.0037002944613864146
1974.7242741189152,0.00587472366169095,1972.999,0.014566543400950316,0.03747855965801762,1974.7242741189152,0.003651872893152965
1975.1897913923992,0.00587472366169095,1973.465,0.027638400387933082,0.03562330704359306,1975.1897913923992,0.0035963686015162075
1975.6553086658832,0.0023498893715441227,1973.925,0.03989963559282339,0.03652649859558345,1975.6553086658832,0.003543304714364889
1976.1208259393673,-0.003524834057316184,1974.391,0.0189237857774065,0.04067952749224181,1976.1208259393673,0.0034981623756892137
1976.586343212851,-0.00553902518004179,1974.859,0.01593454280708584,0.04809666796225137,1976.586343212851,0.0034422283924915443
1977.051860486335,-0.0028534370940178633,1975.324,0.05950748600210476,0.05824016453665723,1977.051860486335,0.003359943384886057
1977.517377759819,0.0011749446857720613,1975.792,0.08565132983368429,0.07004789963632495,1977.517377759819,0.003268898004123301
1977.982895033303,0.0038605325389653444,1976.255,0.09872318682066727,0.08206270922784356,1977.982895033303,0.003153923502897342
1978.4484123067868,0.0021820401307195425,1976.718,0.013755921618857636,0.09264469927459104,1978.4484123067868,0.0030280792310167074
1978.9139295802709,0.0001678492408245802,1977.181,0.035542393216366985,0.10023778531692552,1978.9139295802709,0.00291313145680993
1979.3794468537549,-0.0015106431674212217,1977.651,0.30214830611787113,0.10365249462773626,1979.3794468537549,0.0028106694242004977
1979.8449641272389,-0.0021820401307195425,1978.113,0.10308055905473745,0.10230969373319913,1979.8449641272389,0.0026754747232877953
1980.3104814007227,-0.0018463416490703821,1978.579,0.1191416590120411,0.09637639840978234,1980.3104814007227,0.0025394473653484423
1980.7759986742067,-0.000839246204122901,1979.042,0.027638400387933082,0.08674258154102936,1980.7759986742067,0.002412924631685533
1981.2415159476907,-0.0001678492408245802,1979.508,0.10743780143119386,0.07483953530680056,1981.2415159476907,0.0022972881159815835
1981.7070332211745,-0.0011749446857720613,1979.973,0.02029178518354202,0.06235278162895509,1981.7070332211745,0.0021816187050701743
1982.1725504946585,-0.0015106431674212217,1980.439,0.02981715143377528,0.050906007991809166,1982.1725504946585,0.0020243205605813322
1982.6380677681425,-0.0015106431674212217,1980.903,0.023281158011476677,0.04178726959944808,1982.6380677681425,-0.0001374499411428345
1983.1035850416265,-0.0041962312534451485,1981.369,0.011577300430629434,0.03576851188438239,1983.1035850416265,-0.002092590082986004
1983.5691023151103,-0.00587472366169095,1981.836,0.0791153364113859,0.033042355638221534,1983.5691023151103,-0.0037813600834574047
1984.0346195885943,-0.0041962312534451485,1982.302,0.0189237857774065,0.03327119722296348,1984.0346195885943,-0.005222376727942903
1984.5001368620783,-0.000839246204122901,1982.762,0.042078386638665366,0.03572152501860914,1984.5001368620783,-0.006483198131718464
1984.9656541355623,-0.0018463416490703821,1983.225,0.027638400387933082,0.039447758561050934,1984.9656541355623,-0.0075949965680730145
1985.431171409046,-0.002517738612368703,1983.696,0.00367330760219553,0.04349224895450661,1985.431171409046,-0.00856206891668191
1985.89668868253,-0.0005035477224737406,1984.158,0.15972535923673914,0.047071431615024896,1985.89668868253,-0.009337447306649913
1986.3622059560141,0.0005035477224737406,1984.622,0.026827778605840402,0.04971703253363596,1986.3622059560141,-0.009911421406499383
1986.8277232294981,0.0001678492408245802,1985.092,0.031185150839910802,0.05134240949809289,1986.8277232294981,-0.01032916851416716
1987.293240502982,-0.0011749446857720613,1985.55,0.10525918024296566,0.05221767439901613,1987.293240502982,-0.010605339266329391
1987.758757776466,-0.0018463416490703821,1986.022,0.03417439381023146,0.05286120064695228,1987.758757776466,-0.010730854625072212
1988.22427504995,-0.0015106431674212217,1986.48,0.005041307008331053,0.05387748995920475,1988.22427504995,-0.01067561148017933
1988.6897923234337,-0.000839246204122901,1986.945,0.04425700782689357,0.05578466789162482,1988.6897923234337,-0.010441776720267576
1989.1553095969177,-0.0011749446857720613,1987.41,0.050792871391578176,0.05887665198741825,1989.1553095969177,-0.010109918644880509
1989.6208268704017,-0.0028534370940178633,1987.877,0.04506762960898625,0.0631521265139523,1989.6208268704017,-0.009673182818586883
1990.0863441438858,-0.004867628216743469,1988.343,0.13874950942132247,0.06831734562270457,1990.0863441438858,-0.009096564917974974
1990.5518614173695,-0.003524834057316184,1988.811,0.06822210061263134,0.07384496837011317,1990.5518614173695,-0.008339071146389687
1991.0173786908535,-0.0015106431674212217,1989.276,0.061686237047946735,0.0790602641161515,1991.0173786908535,-0.007436798009688882
1991.4828959643376,-0.0001678492408245802,1989.737,0.07556871581702218,0.08323329352872551,1991.4828959643376,-0.006421069643043019
1991.9484132378216,-0.0005035477224737406,1990.206,0.055150243625648354,0.08567190378978554,1991.9484132378216,-0.005286881956397485
1992.4139305113054,-0.0010070954449474812,1990.666,0.09218732325598267,0.0858198020998357,1992.4139305113054,-0.004067808632764333
1992.8794477847894,-0.0003356984816491604,1991.136,0.09436594444421087,0.08335826745732132,1992.8794477847894,-0.002770107747508199
1993.3449650582734,-0.0001678492408245802,1991.607,0.12268840946401882,0.07829466390462489,1993.3449650582734,-0.001361102218184387
1993.8104823317574,-0.0005035477224737406,1992.062,0.10525918024296566,0.07100886642092438,1993.8104823317574,0.00018219949698669157
1994.2759996052412,0.0005035477224737406,1992.527,0.0028626858201028504,0.06223146849133487,1994.2759996052412,0.0018433478732727835
1994.7415168787252,0.002517738612368703,1992.992,0.09218732325598267,0.052947211216503025,1994.7415168787252,0.0036025688509160685
1995.2070341522092,0.0018463416490703821,1993.457,0.0072199281965592554,0.04424263147282794,1995.2070341522092,0.0054212847156643205
1995.672551425693,0.000839246204122901,1993.922,0.02981715143377528,0.03713331796499638,1995.672551425693,0.007395376558371004
1996.138068699177,0.000839246204122901,1994.388,0.027638400387933082,0.03240736868158523,1996.138068699177,0.009481726927686365
1996.603585972661,0.0005035477224737406,1994.855,0.04942487198544265,0.030512172773980117,1996.603585972661,0.011636196855524797
1997.069103246145,0.000839246204122901,1995.321,0.02545977919970488,0.03149858899153509,1997.069103246145,0.0138482866441393
1997.5346205196288,0.0011749446857720613,1995.781,0.005041307008331053,0.03502594225626566,1997.5346205196288,0.016124706959867306
1998.0001377931128,0.0,1996.251,0.042078386638665366,0.040425921084978646,1998.0001377931128,0.018499919375260482
1998.4656550665968,0.0,1996.711,0.0028626858201028504,0.04681971050217976,1998.4656550665968,0.020962205090497506
1998.9311723400808,0.0,1997.181,0.12268840946401882,0.053273482676979525,1998.9311723400808,0.02350682515694688
1999.3966896135646,0.0,1997.641,0.055150243625648354,0.05896185000027367,1999.3966896135646,0.026121445976028668
1999.8622068870486,0.0,1998.11,0.16843997384726572,0.06329648635307598,1999.8622068870486,0.028819973942887826
2000.3277241605326,0.0,1998.575,0.011577300430629434,0.06598148372029027,2000.3277241605326,0.0315854024279361
2000.7932414340164,0.0,1999.038,0.01020930102449391,0.06698411675046322,2000.7932414340164,0.03435750654661036
2001.2587587075004,0.0,1999.504,0.05297162243742015,0.06644799593922487,2001.2587587075004,0.03720156447924377
2001.7242759809844,0.0,1999.97,0.03199577262200326,0.06459980622135071,2001.7242759809844,0.04012517914741703
2002.1897932544684,0.0,2000.436,0.07339009462879398,0.0616927537139669,2002.1897932544684,0.043062714699111965
2002.6553105279522,0.0,2000.895,0.17061859503549393,0.057996243420588005,2002.6553105279522,0.04601446914333863
2003.1208278014362,0.0,2001.361,0.0006839347742608748,0.053807956132817934,2003.1208278014362,0.04903871612808561
2003.5863450749202,0.0,2001.826,0.04506762960898625,0.04945485360862337,2003.5863450749202,0.052062350370752776
2004.0518623484043,0.0,2002.292,0.03417439381023146,0.045267238864409566,2004.0518623484043,0.05507551157496275
2004.517379621888,0.0,2002.755,0.03772101440459519,0.04153609212240691,2004.517379621888,0.05813104576739712
2004.982896895372,0.0,2003.224,0.02981715143377528,0.03847640320414753,2004.982896895372,0.06122169971195872
2005.448414168856,0.0,2003.685,0.02247053622938422,0.03621385251618997,2005.448414168856,0.06432950425505096
2005.91393144234,0.0,2004.154,0.042078386638665366,0.03479902149606879,2005.91393144234,0.06743785564218942
2006.3794487158239,0.0,2004.618,0.055150243625648354,0.034240396874074396,2006.3794487158239,0.07054201499666428
2006.8449659893079,0.0,2005.081,0.0769367152231577,0.034537811711568334,2006.8449659893079,0.07365782322503175
2007.3104832627919,0.14888226985931396,2005.546,0.009398549384787458,0.03569588340544249,2007.3104832627919,0.07677824297460457
2007.7760005362757,0.15022507309913635,2006.011,0.021102536823248697,0.0377067051250212,2007.7760005362757,0.07989311586195631
2008.2415178097597,0.15072861313819885,2006.477,0.03772101440459519,0.04050886234615672,2008.2415178097597,0.08304091676652536
2008.7070350832437,0.15022507309913635,2006.944,0.048614250203349973,0.043943708696530914,2008.7070350832437,0.08621149542296645
2009.1725523567277,0.15056076645851135,2007.409,0.03772101440459519,0.04773095314318218,2009.1725523567277,0.08935174069396093
2009.6380696302115,0.15056076645851135,2007.873,0.029006399794068605,0.051477050007140965,2009.6380696302115,0.09243570650723745
2010.1035869036955,0.15072861313819885,2008.339,0.06822210061263134,0.05471958090263652,2010.1035869036955,0.09551449545978367
2010.5691041771795,0.15022507309913635,2008.804,0.06604347942440314,0.05700144062726744,2010.5691041771795,0.09858535271874261
2011.0346214506635,0.15022507309913635,2009.27,0.031185150839910802,0.05795940670667071,2011.0346214506635,0.10160791165343738
2011.5001387241473,0.15022507309913635,2009.733,0.140117508827458,0.0574045616924958,2011.5001387241473,0.10460480634950513
2011.9656559976313,0.15022507309913635,2010.196,0.027638400387933082,0.05537100941939737,2011.9656559976313,0.10756007641575638
2012.4311732711153,0.15022507309913635,2010.666,0.013755921618857636,0.052116907990870355,2012.4311732711153,0.11048935935466192
2012.8966905445993,0.15022507309913635,2011.129,0.10525918024296566,0.04807666568722596,2012.8966905445993,0.11338542647086974
2013.362207818083,0.14955367147922516,2011.595,0.014566543400950316,0.043777995264541625,2013.362207818083,0.1162307652422421
2013.8277250915671,0.14988936483860016,2012.058,0.02029178518354202,0.039745016144508954,2013.8277250915671,0.11901639531000816
2014.2932423650511,0.14988936483860016,2012.524,0.042078386638665366,0.03640924688468444,2014.2932423650511,0.12174811019085192
2014.758759638535,0.15005722641944885,2012.989,0.009398549384787458,0.03404760013549669,2014.758759638535,0.12444512901754771
2015.224276912019,0.14988936483860016,2013.454,0.05950748600210476,0.032759423666671575,2015.224276912019,0.1271201925310785
2015.689794185503,0.15022507309913635,2013.922,0.0072199281965592554,0.03248293036202678,2015.689794185503,0.12971571571215532
2016.155311458987,0.15056076645851135,2014.38,0.05378224421951283,0.033039726192980574,2016.155311458987,0.13221651748109392
2016.6208287324707,0.15056076645851135,2014.848,0.071211473440566,0.03418920641748799,2016.6208287324707,0.1346262080739325
2017.0863460059547,0.15089647471904755,2015.314,0.02545977919970488,0.03567408889249682,2017.0863460059547,0.1369595449187476
2017.5518632794387,0.15123216807842255,2015.777,0.011577300430629434,0.03724541653714155,2017.5518632794387,0.1392252105370833
2018.0173805529228,0.15123216807842255,2016.24,0.03772101440459519,0.038668653686613624,2018.0173805529228,0.14139805649095932
2018.4828978264065,0.15089647471904755,2016.707,0.014566543400950316,0.03972418102407279,2018.4828978264065,0.14348095904477004
2018.9484150998906,0.15089647471904755,2017.177,0.0769367152231577,0.04021631977075439,2018.9484150998906,0.14547295999845333
2019.4139323733746,0.15089647471904755,2017.64,0.050792871391578176,0.03999496886853314,2019.4139323733746,0.14737534664665453
2019.8794496468586,0.15089647471904755,2018.103,0.012387922212722113,0.03898297969442612,2019.8794496468586,0.1492046443847977
2020.3449669203424,0.15056076645851135,2018.568,0.03336377202813878,0.037199732533922836,2020.3449669203424,0.1509253883400201
2020.8104841938264,0.15022507309913635,2019.032,0.03989963559282339,0.03477598563300862,2020.8104841938264,0.15252815818151352
2021.2760014673104,0.15022507309913635,2019.498,0.061686237047946735,0.031958419009453114,2021.2760014673104,0.1540205444849425
2021.7415187407942,0.15022507309913635,2019.963,0.011577300430629434,0.029100571855300905,2021.7415187407942,0.15539419806249752
2022.2070360142782,0.15056076645851135,2020.429,0.013755921618857636,0.026635524190264485,2022.2070360142782,0.15666633334947253
2022.6725532877622,0.15022507309913635,2020.896,0.042078386638665366,0.02502940288092788,2022.6725532877622,0.15781941295322705
2023.1380705612462,0.15022507309913635,2021.361,0.042078386638665366,0.024720109652811434,2023.1380705612462,0.15883299477625273
2023.60358783473,0.15022507309913635,2021.826,0.005851928790423733,0.0260481071087227,2023.60358783473,0.1597146488690412
2024.069105108214,0.15022507309913635,2022.285,0.016745164589178296,0.029187647119032763,2024.069105108214,0.1604656416172924
2024.534622381698,0.15022507309913635,2022.755,0.04071038723252984,0.03409011375269209,2024.534622381698,0.16108230933066744
2025.000139655182,0.14988936483860016,2023.217,0.050792871391578176,0.04045287993520693,2025.000139655182,0.1615609883188274
2025.4656569286658,0.14988936483860016,2023.685,0.04425700782689357,0.047723918138903844,2025.4656569286658,0.1619002599469106
2025.9311742021498,0.14955367147922516,2024.147,0.0189237857774065,0.055147541251879525,2025.9311742021498,0.16209175454290478
2026.3966914756338,0.14938582479953766,2024.615,0.03199577262200326,0.0618537132660972,2026.3966914756338,0.16213427345449033
2026.8622087491178,0.14888226985931396,2025.078,0.12268840946401882,0.06698854484546272,2026.8622087491178,0.16202415299132847
2027.3277260226016,0.14888226985931396,2025.543,0.04071038723252984,0.06987108733910047,2027.3277260226016,0.16175997451855745
2027.7932432960856,0.14888226985931396,2026.01,0.06604347942440314,0.07014473917153748,2027.7932432960856,0.16133336836416493
2028.2587605695696,0.14955367147922516,2026.476,0.1793332096460205,0.06788091697710238,2028.2587605695696,0.16074313587583142
2028.7242778430534,0.15022507309913635,2026.94,0.08565132983368429,0.0635948502640668,2028.7242778430534,0.1599856133632181
2029.1897951165374,0.15022507309913635,2027.406,0.0028626858201028504,0.058151448516810686,2029.1897951165374,0.15905713713598596
2029.6553123900214,0.14988936483860016,2027.871,0.01593454280708584,0.052574286859644145,2029.6553123900214,0.1579495533928416
2030.1208296635054,0.14955367147922516,2028.336,0.02981715143377528,0.04781075869189414,2030.1208296635054,0.1566686104067932
2030.5863469369892,0.14938582479953766,2028.803,0.02029178518354202,0.04452601102235724,2030.5863469369892,0.15520571441146286
2031.0518642104732,0.14955367147922516,2029.261,0.04724625079721445,0.04298409354715192,2031.0518642104732,0.15355720171651163
2031.5173814839573,0.15005722641944885,2029.729,0.04506762960898625,0.04303927925470118,2031.5173814839573,0.15171940863160072
2031.9828987574413,0.15022507309913635,2030.191,0.06604347942440314,0.04422525271607916,2031.9828987574413,0.14968867146639117
2032.448416030925,0.15056076645851135,2030.655,0.011577300430629434,0.04590716715818219,2032.448416030925,0.14964560346231995
2032.913933304409,0.15072861313819885,2031.125,0.11615241604172044,0.04745306387116498,2032.913933304409,0.14962322039142228
2033.379450577893,0.15056076645851135,2031.591,0.04506762960898625,0.048383153861737895,2033.379450577893,0.14960850793495203
2033.8449678513769,0.15056076645851135,2032.054,0.03417439381023146,0.04846467915031528,2033.8449678513769,0.14959634501676808
2034.3104851248609,0.15022507309913635,2032.52,0.08565132983368429,0.04773573250290722,2034.3104851248609,0.14958856940373708
2034.7760023983449,0.15022507309913635,2032.985,0.016745164589178296,0.046461000639658495,2034.7760023983449,0.14958073210386671
2035.2415196718289,0.14988936483860016,2033.451,0.03772101440459519,0.04503978913206446,2035.2415196718289,0.14957084896387174
2035.7070369453127,0.14938582479953766,2033.91,0.01593454280708584,0.043897009698815076,2035.7070369453127,0.14955200206039432
2036.1725542187967,0.14888226985931396,2034.375,0.013755921618857636,0.043388751042103345,2036.1725542187967,0.14953116710188966
2036.6380714922807,0.14888226985931396,2034.84,0.11615241604172044,0.04374383724326594,2036.6380714922807,0.14951082557403497
2037.1035887657647,0.14888226985931396,2035.306,0.02247053622938422,0.04504401245583718,2037.1035887657647,0.1494865038135338
2037.5691060392485,0.14888226985931396,2035.77,0.07040072180085932,0.04722889623878957,2037.5691060392485,0.1494586498101694
2038.0346233127325,0.14888226985931396,2036.24,0.00367330760219553,0.05010890177891805,2038.0346233127325,0.14943443891430022
2038.5001405862165,0.14888226985931396,2036.7,0.11833103722994842,0.05337918341766283,2038.5001405862165,0.14940828519455424
2038.9656578597005,0.14921797811985016,2037.169,0.0028626858201028504,0.05663914966413613,2038.9656578597005,0.1493911939262458
2039.4311751331843,0.14938582479953766,2037.633,0.02545977919970488,0.059427420360503386,2039.4311751331843,0.1493737613696745
2039.8966924066683,0.14888226985931396,2038.095,0.04071038723252984,0.061280908895799194,2039.8966924066683,0.14936295953926176
2040.3622096801523,0.14888226985931396,2038.561,0.16408273147080954,0.06181731340160959,2040.3622096801523,0.14934917641196782
2040.827726953636,0.14888226985931396,2039.032,0.06822210061263134,0.060822477966905625,2040.827726953636,0.1493396122087677
2041.29324422712,0.14888226985931396,2039.49,0.029006399794068605,0.0583107807295687,2041.29324422712,0.14933473959074928
2041.7587615006041,0.14921797811985016,2039.957,0.014566543400950316,0.054534556616042146,2041.7587615006041,0.14933010956592022
2042.2242787740881,0.14888226985931396,2040.422,0.07774733700525038,0.04994295413389308,2042.2242787740881,0.14933121616160971
2042.689796047572,0.14888226985931396,2040.889,0.05950748600210476,0.04510785553490923,2042.689796047572,0.14933287437361212
2043.155313321056,0.14888226985931396,2041.355,0.061686237047946735,0.04063268443457052,2043.155313321056,0.14933504216536925
2043.62083059454,0.14921797811985016,2041.821,0.021102536823248697,0.03705185174628538,2043.62083059454,0.1493376775003359
2044.086347868024,0.14888226985931396,2042.28,0.012387922212722113,0.034730393064958856,2044.086347868024,0.14934073834196687
2044.5518651415077,0.14921797811985016,2042.751,0.005851928790423733,0.03378401000942873,2044.5518651415077,0.14934418265371693
2045.0173824149917,0.14921797811985016,2043.214,0.03772101440459519,0.03404566111010214,2045.0173824149917,0.14934796839904085
2045.4828996884758,0.14921797811985016,2043.677,0.03989963559282339,0.03509659425446203,2045.4828996884758,0.14935205354139341
2045.9484169619598,0.14938582479953766,2044.14,0.03336377202813878,0.03636046371678398,2045.9484169619598,0.14935639604422943
2046.4139342354435,0.14955367147922516,2044.611,0.03772101440459519,0.03723990826712376,2046.4139342354435,0.14936095387100365
2046.8794515089276,0.14888226985931396,2045.073,0.04425700782689357,0.03726370553390801,2046.8794515089276,0.14936568498517086
2047.3449687824116,0.14921797811985016,2045.539,0.08565132983368429,0.03620966240466813,2047.3449687824116,0.14937054735018587
2047.8104860558954,0.14921797811985016,2046.004,0.03989963559282339,0.034171702565774204,2047.8104860558954,0.14937549892950344
2048.2760033293794,0.14955367147922516,2046.469,0.011577300430629434,0.03155063234666869,2048.2760033293794,0.14938049768657835
2048.741520602863,0.14955367147922516,2046.937,0.03772101440459519,0.028967939779195897,2048.741520602863,0.14938550158486538
2049.2070378763474,0.14955367147922516,2047.395,0.016745164589178296,0.027124392642928596,2049.2070378763474,0.14939046858781935
2049.672555149831,0.14955367147922516,2047.863,0.0006839347742608748,0.026639766763457123,2049.672555149831,0.149395356658895
2050.1380724233154,0.14938582479953766,2048.329,0.012387922212722113,0.02791211200202641,2050.1380724233154,0.14940012376154713
2050.603589696799,0.14955367147922516,2048.792,0.05950748600210476,0.031026735900849065,2050.603589696799,0.1494047278592305
2051.069106970283,0.14955367147922516,2049.255,0.014566543400950316,0.03573053203443219,2051.069106970283,0.14940912691539993
2051.534624243767,0.14955367147922516,2049.725,0.02981715143377528,0.041471639079623236,2051.534624243767,0.1494132788935102
2052.000141517251,0.14938582479953766,2050.187,0.05732886481387656,0.047493040982090694,2052.000141517251,0.14941714175701606
2052.465658790735,0.14955367147922516,2050.656,0.07257947284670152,0.05296205917658075,2052.465658790735,0.14942067346937232
2052.931176064219,0.14955367147922516,2051.118,0.02545977919970488,0.05711285358104608,2052.931176064219,0.14942383199403375
2053.396693337703,0.14955367147922516,2051.583,0.12050965841817662,0.05937632603336913,2053.396693337703,0.14942657529445513
2053.8622106111866,0.14955367147922516,2052.046,0.05378224421951283,0.05947396592157829,2053.8622106111866,0.14942886133409125
2054.327727884671,0.14988936483860016,2052.512,0.027638400387933082,0.05746024685565252,2054.327727884671,0.1494306480763969
2054.7932451581546,0.14955367147922516,2052.977,0.04506762960898625,0.05371077402972063,2054.7932451581546,0.14943189348482686
2055.258762431639,0.14955367147922516,2053.443,0.07040072180085932,0.048865123331972855,2055.258762431639,0.14943255552283588
2055.7242797051226,0.14955367147922516,2053.907,0.06386485823617494,0.04373689311164419,2055.7242797051226,0.14943259215387877
2056.1897969786064,0.14955367147922516,2054.373,0.04506762960898625,0.0391995653673759,2056.1897969786064,0.14943196134141035
2056.6553142520906,0.14955367147922516,2054.84,0.0028626858201028504,0.03605558982986197,2056.6553142520906,0.14943062104888533
2057.1208315255744,0.14972151815891266,2055.306,0.042078386638665366,0.03490366329623054,2057.1208315255744,0.14942852923975855
2057.586348799058,0.14955367147922516,2055.766,0.011577300430629434,0.03602871300475794,2057.586348799058,0.14942564387748478
2058.0518660725425,0.14955367147922516,2056.236,0.029006399794068605,0.03934018102949342,2058.0518660725425,0.14942192292551876
2058.5173833460262,0.14888226985931396,2056.7,0.06822210061263134,0.04437437384670777,2058.5173833460262,0.1494173243473153
2058.9829006195105,0.14888226985931396,2057.162,0.05950748600210476,0.050361559686629344,2058.9829006195105,0.14941180610632923
2059.4484178929943,0.14888226985931396,2057.626,0.011577300430629434,0.0563459424097636,2059.4484178929943,0.14940532616601526
2059.913935166478,0.14921797811985016,2058.095,0.04071038723252984,0.06134090566566381,2059.913935166478,0.1493978424898282
2060.3794524399623,0.14938582479953766,2058.561,0.13358164526277339,0.06449943379351951,2060.3794524399623,0.14938931304122288
2060.844969713446,0.14955367147922516,2059.025,0.055960865407741034,0.06527324062987225,2060.844969713446,0.149379695783654
2061.31048698693,0.14955367147922516,2059.49,0.09654456563243907,0.06352605098744468,2061.31048698693,0.1493689486805764
2061.776004260414,0.14988936483860016,2059.955,0.08347270864545608,0.05956880902306615,2061.776004260414,0.14935702969544482
2062.241521533898,0.15022507309913635,2060.421,0.0072199281965592554,0.05410335291865124,2062.241521533898,0.1493438967917141
2062.7070388073817,0.15005722641944885,2060.881,0.02029178518354202,0.0480880125514965,2062.7070388073817,0.14932950793283895
2063.172556080866,0.14955367147922516,2061.346,0.09218732325598267,0.04255916128539461,2063.172556080866,0.14931382108227423
2063.6380733543497,0.14921797811985016,2061.811,0.0189237857774065,0.038447441247962635,2063.6380733543497,0.14929679420347466
2064.103590627834,0.14921797811985016,2062.277,0.01811316399531404,0.0364190377788406,2064.103590627834,0.14927838525989506
2064.5691079013177,0.14888226985931396,2062.74,0.050792871391578176,0.03676292703403782,2064.5691079013177,0.14925855221499018
2065.0346251748015,0.14888226985931396,2063.21,0.008030549978651935,0.039340767900069476,2065.0346251748015,0.14923725303221486
2065.5001424482857,0.14888226985931396,2063.673,0.0072199281965592554,0.043612222898990714,2065.5001424482857,0.14921444567502382
2065.9656597217695,0.14888226985931396,2064.136,0.06604347942440314,0.048738599458417416,2065.9656597217695,0.14919008810687187
2066.4311769952533,0.14888226985931396,2064.607,0.0769367152231577,0.053750404776652314,2066.4311769952533,0.1491641382912138
,,2065.069,0.07339009462879398,0.05774377180059683,,
,,2065.535,0.09654456563243907,0.06005669777426261,,
,,2065.999,0.10090180800889548,0.06037884475473076,,
,,2066.465,0.012387922212722113,0.05877011127402064,,
,,2066.93,0.00367330760219553,0.05559563211072481,,
,,2067.395,0.05732886481387656,0.051413840422506574,,
,,2067.855,0.029006399794068605,0.04686338547311463,,
,,2068.32,0.10090180800889548,0.04257860581080762,,
,,2068.792,0.02247053622938422,0.039135710917282185,,
,,2069.254,0.013755921618857636,0.03701376887766111,,
,,2069.718,0.09872318682066727,0.0365544294375878,,
,,2070.18,0.011577300430629434,0.037914533786152296,,
,,2070.648,0.03199577262200326,0.04101684262448295,,
,,2071.11,0.031185150839910802,0.04551384289218544,,
,,2071.576,0.02247053622938422,0.050786687386444755,,
,,2072.046,0.05950748600210476,0.05599999091605315,,
,,2072.512,0.04425700782689357,0.060220061174082934,,
,,2072.977,0.06822210061263134,0.06258348455993831,,
,,2073.435,0.09872318682066727,0.062482489590592674,,
,,2073.9,0.1314028942169314,0.05971998135152771,,
,,2074.365,0.005041307008331053,0.054587243831789894,,
,,2074.83,0.06822210061263134,0.04783575100849003,,
,,2075.296,0.02981715143377528,0.04054620525092288,,
,,2075.766,0.023281158011476677,0.03392713110499584,,
,,2076.229,0.01593454280708584,0.02908960561286776,,
,,2076.696,0.011577300430629434,0.026844313680278616,,
,,2077.158,0.031185150839910802,0.02755813551340411,,
,,2077.626,0.01593454280708584,0.031093724708577172,,
,,2078.088,0.03772101440459519,0.036839786345138466,,
,,2078.553,0.03989963559282339,0.04382517947841368,,
,,2079.018,0.016745164589178296,0.050898023110723126,,
,,2079.483,0.09654456563243907,0.05694062501819105,,
,,2079.948,0.09436594444421087,0.06108099017798357,,
,,2080.414,0.0769367152231577,0.06285458158407961,,
,,2080.881,0.11833103722994842,0.06227376385535239,,
,,2081.346,0.029006399794068605,0.05978324118865394,,
,,2081.811,0.0072199281965592554,0.05611416327125873,,
,,2082.27,0.04506762960898625,0.052083548052915374,,
,,2082.74,0.03772101440459519,0.048402581780296765,,
,,2083.202,0.008030549978651935,0.04554897105926934,,
,,2083.67,0.04071038723252984,0.04373148143389147,,
,,2084.132,0.04724625079721445,0.04294243348051004,,
,,2084.599,0.14310688165539265,0.04306489992025677,,
,,2085.064,0.048614250203349973,0.04398248900452571,,
,,2085.53,0.02247053622938422,0.04564167346338191,,
,,2085.995,0.0028626858201028504,0.04804406107386125,,
,,2086.461,0.09218732325598267,0.051183509172896706,,
,,2086.925,0.03336377202813878,0.0549657699885835,,
,,2087.391,0.042078386638665366,0.05914773075621768,,
,,2087.856,0.042078386638665366,0.06332113940905604,,
,,2088.322,0.031185150839910802,0.06695309013717507,,
,,2088.784,0.15972535923673914,0.06948082866445301,,
,,2089.246,0.042078386638665366,0.07043926087737332,,
,,2089.714,0.08347270864545608,0.06958455466716859,,
,,2090.177,0.03199577262200326,0.06697742408301748,,
,,2090.64,0.14883212343798458,0.06300292975497948,,
,,2091.11,0.050792871391578176,0.05831803211942852,,
,,2091.576,0.04643562901512177,0.05373023249793911,,
,,2092.038,0.0189237857774065,0.05002730088716104,,
,,2092.504,0.02247053622938422,0.04779887180981522,,
,,2092.969,0.0014946864139673277,0.04730202393830298,,
,,2093.435,0.07257947284670152,0.048413256410217986,,
,,2093.895,0.042078386638665366,0.050680796445495765,,
,,2094.361,0.09436594444421087,0.05345689751232729,,
,,2094.826,0.09654456563243907,0.05606485007574274,,
,,2095.292,0.02247053622938422,0.05795000866910542,,
,,2095.755,0.0769367152231577,0.0587787626993869,,
,,2096.225,0.026827778605840402,0.05847414657175678,,
,,2096.688,0.08565132983368429,0.057197118227737875,,
,,2097.151,0.04942487198544265,0.05529009071387593,,
,,2097.622,0.07556871581702218,0.05319769010531392,,
,,2098.084,0.011577300430629434,0.05137813248386192,,
,,2098.55,0.03336377202813878,0.05022134582512977,,
,,2099.014,0.02545977919970488,0.04999231809644569,,
,,2099.48,0.09436594444421087,0.05081171102374032,,
,,2099.945,0.11179517366526404,0.05266913033098712,,
,,2100.41,0.016745164589178296,0.05544904064167174,,
,,2100.87,0.011577300430629434,0.0589501376943826,,
,,2101.336,0.0769367152231577,0.06289591069748172,,
,,2101.807,0.10090180800889548,0.06694860007632608,,
,,2102.265,0.050792871391578176,0.07073631274942842,,
,,2102.733,0.08565132983368429,0.07389135736291737,,
,,2103.195,0.042078386638665366,0.07609276545705702,,
,,2103.666,0.042078386638665366,0.07710896670372595,,
,,2104.128,0.20329843228937206,0.07683678900200434,,
,,2104.594,0.03336377202813878,0.07532565955778027,,
,,2105.058,0.050792871391578176,0.07277115615280708,,
,,2105.524,0.055150243625648354,0.06947161059838779,,
,,2105.989,0.11615241604172044,0.06575969139399397,,
,,2106.455,0.02247053622938422,0.06193088345888993,,
,,2106.921,0.03336377202813878,0.058188380502022234,,
,,2107.387,0.08565132983368429,0.05461851665425504,,
,,2107.845,0.005041307008331053,0.05120596449989791,,
,,2108.311,0.021102536823248697,0.047888906201567424,,
,,2108.781,0.15972535923673914,0.04464016662425903,,
,,2109.243,0.0189237857774065,0.04154581015414014,,
,,2109.707,0.03772101440459519,0.03884711961226425,,
,,2110.177,0.011577300430629434,0.0369237751366814,,
,,2110.64,0.06822210061263134,0.036220597894250986,,
,,2111.103,0.036353014998459665,0.03714011336273313,,
,,2111.568,0.014566543400950316,0.039929672976287196,,
,,2112.032,0.0189237857774065,0.04459165685848346,,
,,2112.498,0.0189237857774065,0.05084364154274116,,
,,2112.962,0.04071038723252984,0.05814676398181802,,
,,2113.428,0.1836905818800907,0.06579925026200961,,
,,2113.895,0.02981715143377528,0.07306529004893786,,
,,2114.361,0.09654456563243907,0.07929501571912262,,
,,2114.826,0.10743780143119386,0.08400125496894494,,
,,2115.291,0.011577300430629434,0.08688514931910692,,
,,2115.752,0.127045651840475,0.08782634088306776,,
,,2116.221,0.036353014998459665,0.08686187472870585,,
,,2116.684,0.15536811686028296,0.08417105581508537,,
,,2117.147,0.021102536823248697,0.08006876522160677,,
,,2117.611,0.1292242730287032,0.07499768325407355,,
,,2118.081,0.042078386638665366,0.06950680689413065,,
,,2118.547,0.10525918024296566,0.06420800092275113,,
,,2119.006,0.012387922212722113,0.05970985778745126,,
,,2119.472,0.08428333042754876,0.056536603594129084,,
,,2119.937,0.042078386638665366,0.055046921262683304,,
,,2120.403,0.042078386638665366,0.055370404439415016,,
,,2120.87,0.031185150839910802,0.05737722557054827,,
,,2121.335,0.055150243625648354,0.06069026554400438,,
,,2121.796,0.17279734608133612,0.06473800344910972,,
,,2122.265,0.00367330760219553,0.06883400181157423,,
,,2122.726,0.04425700782689357,0.07226515591374738,,
,,2123.195,0.02545977919970488,0.0743809637663182,,
,,2123.655,0.16190398042496734,0.07468623915182702,,
,,2124.125,0.03772101440459519,0.07293258079623095,,
,,2124.591,0.16190398042496734,0.06918472045371235,,
,,2125.054,0.02981715143377528,0.06382960918479931,,
,,2125.52,0.04071038723252984,0.057511397638983996,,
,,2125.984,0.03336377202813878,0.05100508812434826,,
,,2126.45,0.01811316399531404,0.04506606342423273,,
,,2126.915,0.050792871391578176,0.040297795133076075,,
,,2127.381,0.06822210061263134,0.03706594145134059,,
,,2127.84,0.013755921618857636,0.035466212802306975,,
,,2128.306,0.02247053622938422,0.035339631130879484,,
,,2128.773,0.01811316399531404,0.03632623410041918,,
,,2129.236,0.04425700782689357,0.037949134049324686,,
,,2129.707,0.11833103722994842,0.03971585634226684,,
,,2130.169,0.005851928790423733,0.04121510200578696,,
,,2130.637,0.011577300430629434,0.04218645159024932,,
,,2131.1,0.008030549978651935,0.04255306240345861,,
,,2131.566,0.15972535923673914,0.042421008114950066,,
,,2132.031,0.0072199281965592554,0.04204993579588839,,
,,2132.49,0.005041307008331053,0.04179449988914841,,
,,2132.955,0.042078386638665366,0.042021007276043416,,
,,2133.421,0.03853163618668787,0.043017351481383366,,
,,2133.885,0.07774733700525038,0.044919351289404455,,
,,2134.351,0.02247053622938422,0.04766786934415125,,
,,2134.818,0.042078386638665366,0.05100089505778908,,
,,2135.284,0.02029178518354202,0.05448188045438993,,
,,2135.752,0.10308055905473745,0.057564582719626355,,
,,2136.214,0.0690327223947238,0.05968751352551223,,
,,2136.677,0.029006399794068605,0.06038040860344352,,
,,2137.14,0.0791153364113859,0.059360481266058404,,
,,2137.607,0.07257947284670152,0.05660032797849924,,
,,2138.07,0.03772101440459519,0.05235582163812215,,
,,2138.536,0.08210470923932056,0.04714715940268768,,
,,2139.003,0.035542393216366985,0.04169219551427497,,
,,2139.469,0.014566543400950316,0.03680068697907349,,
,,2139.933,0.0014946864139673277,0.03324881913061578,,
,,2140.399,0.06604347942440314,0.031659579377791826,,
,,2140.866,0.02545977919970488,0.03241087446600397,,
,,2141.331,0.03989963559282339,0.035581739971868934,,
,,2141.792,0.04425700782689357,0.04093717628494643,,
,,2142.255,0.021102536823248697,0.04795045409845308,,
,,2142.725,0.02247053622938422,0.055864496294853426,,
,,2143.187,0.07257947284670152,0.06379257009488407,,
,,2143.655,0.12268840946401882,0.0708475653432729,,
,,2144.118,0.14746412403184905,0.07627244348750864,,
,,2144.583,0.0072199281965592554,0.0795366231357443,,
,,2145.046,0.0769367152231577,0.08037735675935598,,
,,2145.512,0.005041307008331053,0.07879469426973228,,
,,2145.977,0.1771545884577923,0.07502820855781989,,
,,2146.442,0.0189237857774065,0.06953706946855422,,
,,2146.907,0.02545977919970488,0.06298313805451154,,
,,2147.373,0.15972535923673914,0.056200539514139745,,
,,2147.837,0.06822210061263134,0.050131362323776525,,
,,2148.303,0.029006399794068605,0.04571285364704097,,
,,2148.766,0.012387922212722113,0.043719468695450577,,
,,2149.236,0.02029178518354202,0.04459210370777419,,
,,2149.696,0.0028626858201028504,0.048309189627910115,,
,,2150.166,0.011577300430629434,0.05435157537346179,,
,,2150.629,0.16190398042496734,0.06178437091596263,,
,,2151.092,0.042078386638665366,0.06943832540131403,,
,,2151.557,0.031185150839910802,0.07614037887779729,,
,,2152.021,0.231620767451566,0.08093169059961076,,
,,2152.487,0.042078386638665366,0.08322053980062925,,
,,2152.952,0.04942487198544265,0.08283854443713522,,
,,2153.418,0.11615241604172044,0.07999792257004394,,
,,2153.884,0.011577300430629434,0.07517812483891953,,
,,2154.35,0.07257947284670152,0.06898737835160401,,
,,2154.814,0.055960865407741034,0.06204135770568959,,
,,2155.28,0.06822210061263134,0.054883919348613336,,
,,2155.744,0.03199577262200326,0.04795394115803861,,
,,2156.206,0.08347270864545608,0.04158606220613839,,
,,2156.67,0.03772101440459519,0.036026319988543096,,
,,2157.139,0.011577300430629434,0.031446700341759934,,
,,2157.611,0.013755921618857636,0.02795266411748322,,
,,2158.066,0.011577300430629434,0.025588576741497233,,
,,2158.531,0.06031823764181121,0.02434921575412843,,
,,2158.996,0.011577300430629434,0.024198507206905275,,
,,2159.462,0.04724625079721445,0.025086889389261128,,
,,2159.929,0.02029178518354202,0.026955982115847793,,
,,2160.394,0.021102536823248697,0.02972553396458682,,
,,2160.859,0.03772101440459519,0.03326736392868213,,
,,2161.324,0.03772101440459519,0.03737801915497579,,
,,2161.785,0.02247053622938422,0.04176382584812084,,
,,2162.255,0.03772101440459519,0.046050024660728585,,
,,2162.718,0.021102536823248697,0.04982073640216516,,
,,2163.181,0.06822210061263134,0.05268717399199589,,
,,2163.651,0.15318949567205475,0.05436728249833311,,
,,2164.113,0.02247053622938422,0.05474751413244459,,
,,2164.579,0.011577300430629434,0.053899441317699005,,
,,2165.042,0.07475809403492972,0.05204472370130228,,
,,2165.508,0.026827778605840402,0.0494867752990671,,
,,2165.974,0.06822210061263134,0.046537118708503175,,
,,2166.439,0.02247053622938422,0.043457585660940726,,
,,2166.907,0.02545977919970488,0.040428999992991696,,
,,2167.365,0.04506762960898625,0.03754998880134952,,
,,2167.83,0.021102536823248697,0.03486325078739257,,
,,2168.296,0.09000857221014069,0.03239787337552155,,
,,2168.766,0.035542393216366985,0.030208514863942555,,
,,2169.229,0.0028626858201028504,0.028392944728151123,,
,,2169.692,0.0006839347742608748,0.027081882737119513,,
,,2170.162,0.035542393216366985,0.026411657792540146,,
,,2170.625,0.02247053622938422,0.026497292514976543,,
,,2171.088,0.050792871391578176,0.02741623066526636,,
,,2171.553,0.02545977919970488,0.029200098527757443,,
,,2172.017,0.03989963559282339,0.031825497441318844,,
,,2172.483,0.03772101440459519,0.035198263744636235,,
,,2172.947,0.0072199281965592554,0.03913439817309164,,
,,2173.413,0.03853163618668787,0.043348466304996,,
,,2173.878,0.05378224421951283,0.04746150980896961,,
,,2174.344,0.0769367152231577,0.05103355152163392,,
,,2174.811,0.06467548001826762,0.05361509931933475,,
,,2175.277,0.012387922212722113,0.05480675294945697,,
,,2175.74,0.0189237857774065,0.05432025137221434,,
,,2176.203,0.11397379485349224,0.052040346496551,,
,,2176.67,0.035542393216366985,0.048083514770412034,,
,,2177.132,0.0791153364113859,0.042837964290512565,,
,,2177.598,0.0072199281965592554,0.036963576253853624,,
,,2178.063,0.031185150839910802,0.03133869937011979,,
,,2178.529,0.055960865407741034,0.026955975105497753,,
,,2178.995,0.02545977919970488,0.024780420859758644,,
,,2179.461,0.014566543400950316,0.025588230325819285,,
,,2179.925,0.013755921618857636,0.02980988282621533,,
,,2180.391,0.011577300430629434,0.03740751848819828,,
,,2180.856,0.061686237047946735,0.047817796938837316,,
,,2181.321,0.031185150839910802,0.059982338722506384,,
,,2181.784,0.08565132983368429,0.07247095215998585,,
,,2182.247,0.04506762960898625,0.08368485999546109,,
,,2182.711,0.06822210061263134,0.09211132105186311,,
,,2183.181,0.25340736890668936,0.0965858937382252,,
,,2183.644,0.04724625079721445,0.09650544877483683,,
,,2184.106,0.15536811686028296,0.09193526001581445,,
,,2184.572,0.02247053622938422,0.08357896089090446,,
,,2185.035,0.036353014998459665,0.07262370205433674,,
,,2185.5,0.10308055905473745,0.06050927762389346,,
,,2185.967,0.02545977919970488,0.04868051313186393,,
,,2186.432,0.02545977919970488,0.03837052775006126,,
,,2186.899,0.011577300430629434,0.03044531169554015,,
,,2187.365,0.009398549384787458,0.025327029063728364,,
,,2187.829,0.036353014998459665,0.02300094427992636,,
,,2188.295,0.050792871391578176,0.023094181457430956,,
,,2188.755,0.03772101440459519,0.024998191504420467,,
,,2189.225,0.026827778605840402,0.028000371780957014,,
,,2189.688,0.021102536823248697,0.03139807637404047,,
,,2190.15,0.011577300430629434,0.03458445250860055,,
,,2190.622,0.05950748600210476,0.03710869728534991,,
,,2191.084,0.029006399794068605,0.038716051344784126,,
,,2191.55,0.050792871391578176,0.039367208767677124,,
,,2192.014,0.04506762960898625,0.03923064732586261,,
,,2192.48,0.06822210061263134,0.03864044862008138,,
,,2192.945,0.03336377202813878,0.03801756768449924,,
,,2193.41,0.013755921618857636,0.0377634041794928,,
,,2193.87,0.013755921618857636,0.03814822891910044,,
,,2194.336,0.03772101440459519,0.03922638439350933,,
,,2194.807,0.042889008420758046,0.040807358704936764,,
,,2195.265,0.009398549384787458,0.042496684267114594,,
,,2195.733,0.02981715143377528,0.04380078938642976,,
,,2196.196,0.12268840946401882,0.04427163292328947,,
,,2196.666,0.03417439381023146,0.04365201085213091,,
,,2197.129,0.08565132983368429,0.04197581787497223,,
,,2197.594,0.026827778605840402,0.03958764136770866,,
,,2198.058,0.02247053622938422,0.03707276477283506,,
,,2198.524,0.02247053622938422,0.0351194067980198,,
,,2198.989,0.02029178518354202,0.03435542090233065,,
,,2199.455,0.011577300430629434,0.03520530014959238,,
,,2199.921,0.03199577262200326,0.03780228502978513,,
,,2200.38,0.06604347942440314,0.041970869122982556,,
,,2200.845,0.06604347942440314,0.04727401351929476,,
,,2201.31,0.02247053622938422,0.0531043697841387,,
,,2201.781,0.050792871391578176,0.058795031345722004,,
,,2202.244,0.11397379485349224,0.06372993233085876,,
,,2202.707,0.02981715143377528,0.06743841826864896,,
,,2203.177,0.09436594444421087,0.06965969300065664,,
,,2203.64,0.07556871581702218,0.0703652887732158,,
,,2204.103,0.10525918024296566,0.06973410694760802,,
,,2204.569,0.04724625079721445,0.0680838784658455,,
,,2205.032,0.029006399794068605,0.0657752194803409,,
,,2205.498,0.02247053622938422,0.06311765171764055,,
,,2205.963,0.013755921618857636,0.060310934830014644,,
,,2206.429,0.2294421462633378,0.0574394099982543,,
,,2206.896,0.013755921618857636,0.054506968025806464,,
,,2207.362,0.02247053622938422,0.05147982129424862,,
,,2207.821,0.012387922212722113,0.0483135906926369,,
,,2208.287,0.02247053622938422,0.04496917589275169,,
,,2208.755,0.0769367152231577,0.041436169261126025,,
,,2209.217,0.09735518741453175,0.037769083625791434,,
,,2209.685,0.005851928790423733,0.034118640028831505,,
,,2210.147,0.035542393216366985,0.030733531466728962,,
,,2210.61,0.005041307008331053,0.027923397886102614,,
,,2211.081,0.031185150839910802,0.025995660781791854,,
,,2211.546,0.0072199281965592554,0.02518979254808175,,
,,2212.011,0.03336377202813878,0.02562900000889178,,
,,2212.47,0.03772101440459519,0.027298597290373858,,
,,2212.936,0.03772101440459519,0.030050269788670442,,
,,2213.402,0.0028626858201028504,0.03362628530720151,,
,,2213.866,0.035542393216366985,0.03769802829540342,,
,,2214.332,0.061686237047946735,0.04191475386682957,,
,,2214.804,0.06822210061263134,0.04595598947585866,,
,,2215.262,0.03989963559282339,0.04957620481745861,,
,,2215.725,0.04724625079721445,0.05263085988731302,,
,,2216.195,0.02247053622938422,0.055081335846099484,,
,,2216.655,0.08565132983368429,0.05698506467680057,,
,,2217.125,0.06822210061263134,0.0584777819749816,,
,,2217.591,0.06822210061263134,0.05974825019525491,,
,,2218.055,0.061686237047946735,0.06100145735549041,,
,,2218.52,0.04506762960898625,0.062410851710348915,,
,,2218.985,0.03417439381023146,0.06407023351149711,,
,,2219.451,0.07339009462879398,0.06596201179952897,,
,,2219.91,0.09872318682066727,0.06795409794612835,,
,,2220.376,0.058139486595969014,0.0698251000058066,,
,,2220.841,0.011577300430629434,0.07130622195939781,,
,,2221.307,0.22153828329251768,0.07212486016676778,,
,,2221.77,0.0028626858201028504,0.07203729657770018,,
,,2222.24,0.029006399794068605,0.07084460951638014,,
,,2222.7,0.02247053622938422,0.06839878572340603,,
,,2223.169,0.15536811686028296,0.06461651758423032,,
,,2223.633,0.03772101440459519,0.05951123539319383,,
,,2224.095,0.055150243625648354,0.053233690343716104,,
,,2224.561,0.011577300430629434,0.04609975581535944,,
,,2225.025,0.11833103722994842,0.03858925992422445,,
,,2225.491,0.01020930102449391,0.0313095873306131,,
,,2225.959,0.005041307008331053,0.024924854402077264,,
,,2226.424,0.013755921618857636,0.02006044372577545,,
,,2226.888,0.0006839347742608748,0.017203763834935874,,
,,2227.354,0.031185150839910802,0.01662581374446357,,
,,2227.822,0.013755921618857636,0.01834007500229672,,
,,2228.28,0.013755921618857636,0.022102394839787837,,
,,2228.748,0.036353014998459665,0.02744619954594255,,
,,2229.21,0.04506762960898625,0.03374328062582469,,
,,2229.681,0.03336377202813878,0.040279340675452864,,
,,2230.143,0.035542393216366985,0.046334573329283986,,
,,2230.607,0.03199577262200326,0.05126237802543107,,
,,2231.076,0.12050965841817662,0.054560886878542485,,
,,2231.535,0.013755921618857636,0.055929962858320054,,
,,2232.003,0.08565132983368429,0.05530448241956237,,
,,2232.469,0.014566543400950316,0.05285880676294711,,
,,2232.933,0.04425700782689357,0.048985705389154935,,
,,2233.398,0.06386485823617494,0.044257377876964314,,
,,2233.863,0.06822210061263134,0.03937226744390912,,
,,2234.329,0.03336377202813878,0.03508439277952682,,
,,2234.792,0.012387922212722113,0.03211177322734873,,
,,2235.255,0.02247053622938422,0.03103052538943785,,
,,2235.725,0.036353014998459665,0.03217340561324162,,
,,2236.188,0.023281158011476677,0.03555551355310355,,
,,2236.651,0.071211473440566,0.04084408442438322,,
,,2237.121,0.011577300430629434,0.0473807193967274,,
,,2237.587,0.02029178518354202,0.05425901811333823,,
,,2238.049,0.048614250203349973,0.060456851300319726,,
,,2238.515,0.09872318682066727,0.06501304164001054,,
,,2238.981,0.071211473440566,0.06721937496294979,,
,,2239.44,0.16408273147080954,0.0667792116102437,,
,,2239.907,0.06822210061263134,0.06387956470226155,,
,,2240.372,0.021102536823248697,0.05914449405176535,,
,,2240.837,0.013755921618857636,0.053478934005103985,,
,,2241.303,0.04506762960898625,0.047853054700809416,,
,,2241.766,0.012387922212722113,0.043094528783390915,,
,,2242.236,0.04942487198544265,0.03974282911865149,,
,,2242.699,0.03199577262200326,0.03798943171061693,,
,,2243.162,0.08428333042754876,0.037698455931451214,,
,,2243.625,0.011577300430629434,0.0384839597083846,,
,,2244.095,0.03772101440459519,0.03981568219568578,,
,,2244.561,0.06467548001826762,0.04113152121283286,,
,,2245.025,0.013755921618857636,0.04194445833826924,,
,,2245.491,0.012387922212722113,0.04193708893591529,,
,,2245.954,0.07475809403492972,0.04103654303881051,,
,,2246.42,0.09299794503807535,0.03945684865053978,,
,,2246.885,0.058139486595969014,0.037688800442038345,,
,,2247.351,0.0014946864139673277,0.03642035889614474,,
,,2247.811,0.026827778605840402,0.03639128481409514,,
,,2248.276,0.005851928790423733,0.038214218866210015,,
,,2248.74,0.06822210061263134,0.042210625064013005,,
,,2249.21,0.011577300430629434,0.048304942685783156,,
,,2249.67,0.058139486595969014,0.0560021678061193,,
,,2250.14,0.04643562901512177,0.06445493527801148,,
,,2250.61,0.04071038723252984,0.07260972938649596,,
,,2251.066,0.14746412403184905,0.07940533127752289,,
,,2251.532,0.1292242730287032,0.08397974920000664,,
,,2251.999,0.10961642261942206,0.08583277832654805,,
,,2252.465,0.00367330760219553,0.08490195079748376,,
,,2252.93,0.1357602664510016,0.08154053778017126,,
,,2253.395,0.02981715143377528,0.07641918419165888,,
,,2253.855,0.09872318682066727,0.07038776155642087,,
,,2254.321,0.02029178518354202,0.06432998825248912,,
,,2254.785,0.11397379485349224,0.059032544953486296,,
,,2255.254,0.04071038723252984,0.05508133476164554,,
,,2255.715,0.016745164589178296,0.05279257068107736,,
,,2256.184,0.03772101440459519,0.052185904219206845,,
,,2256.648,0.07774733700525038,0.05300650014252522,,
,,2257.11,0.036353014998459665,0.05479546911692689,,
,,2257.576,0.11179517366526404,0.0569938723260901,,
,,2258.046,0.013755921618857636,0.05905466181813745,,
,,2258.512,0.12268840946401882,0.06053724959765926,,
,,2258.97,0.02247053622938422,0.061169453839544065,,
,,2259.435,0.03772101440459519,0.06087510417683352,,
,,2259.903,0.06386485823617494,0.05977646831540191,,
,,2260.369,0.0028626858201028504,0.05818302931379569,,
,,2260.833,0.20329843228937206,0.05656864303379922,,
,,2261.299,0.012387922212722113,0.05552355819124492,,
,,2261.762,0.0791153364113859,0.05566195731263023,,
,,2262.232,0.04071038723252984,0.05748181112303101,,
,,2262.692,0.011577300430629434,0.06120512728208134,,
,,2263.162,0.023281158011476677,0.06665148857903214,,
,,2263.622,0.042078386638665366,0.07319893191416373,,
,,2264.092,0.15972535923673914,0.07986109259344283,,
,,2264.55,0.055150243625648354,0.0854689305133217,,
,,2265.021,0.09436594444421087,0.08890940556608588,,
,,2265.48,0.14665350224975637,0.0893589095495347,,
,,2265.945,0.09436594444421087,0.0864562318891291,,
,,2266.41,0.04942487198544265,0.08037831423150286,,
,,2266.877,0.1379388876392298,0.07180573343762578,,
,,2267.342,0.012387922212722113,0.06179009203481869,,
,,2267.807,0.03772101440459519,0.05155664472720704,,
,,2268.273,0.01593454280708584,0.04228817933652082,,
,,2268.74,0.042078386638665366,0.03493753673974603,,
,,2269.203,0.01593454280708584,0.03010411458104458,,
,,2269.67,0.03772101440459519,0.02798829991120094,,
,,2270.132,0.012387922212722113,0.02841675975208569,,
,,2270.598,0.10308055905473745,0.030917652476196555,,
,,2271.064,0.0014946864139673277,0.03481963094658893,,
,,2271.53,0.02981715143377528,0.03935284563748596,,
,,2271.996,0.0072199281965592554,0.0437426948896536,,
,,2272.455,0.06467548001826762,0.04729875198871153,,
,,2272.921,0.08782995102191249,0.04950095640725416,,
,,2273.387,0.013755921618857636,0.05007342540111273,,
,,2273.851,0.127045651840475,0.04902629150013335,,
,,2274.317,0.005041307008331053,0.04664854820225358,,
,,2274.785,0.00367330760219553,0.04344895105780865,,
,,2275.247,0.06822210061263134,0.040058536631858606,,
,,2275.711,0.06822210061263134,0.037116973161444536,,
,,2276.181,0.012387922212722113,0.03516221283726617,,
,,2276.641,0.0006839347742608748,0.03453711182371419,,
,,2277.11,0.050792871391578176,0.03532678002958384,,
,,2277.576,0.026827778605840402,0.03734210851039322,,
,,2278.039,0.027638400387933082,0.04015891697694291,,
,,2278.505,0.02247053622938422,0.04320910222711649,,
,,2278.97,0.11397379485349224,0.045906659198348236,,
,,2279.435,0.031185150839910802,0.04778092051480454,,
,,2279.9,0.03989963559282339,0.048584944709564724,,
,,2280.366,0.06604347942440314,0.04835271378901579,,
,,2280.826,0.06386485823617494,0.04739205648150669,,
,,2281.291,0.07040072180085932,0.04621318854736455,,
,,2281.759,0.005041307008331053,0.04540372974907396,,
,,2282.221,0.050792871391578176,0.04547384643299749,,
,,2282.692,0.021102536823248697,0.046707859972919395,,
,,2283.155,0.04506762960898625,0.04906296672092267,,
,,2283.618,0.021102536823248697,0.05214741258229349,,
,,2284.081,0.00367330760219553,0.05529270413182481,,
,,2284.546,0.12268840946401882,0.0577108807780906,,
,,2285.011,0.10308055905473745,0.058700482057264115,,
,,2285.477,0.07556871581702218,0.0578415645288451,,
,,2285.944,0.09872318682066727,0.05511647849801159,,
,,2286.41,0.013755921618857636,0.050917702303765966,,
,,2286.874,0.0028626858201028504,0.045946317948270705,,
,,2287.34,0.031185150839910802,0.04104227800381255,,
,,2287.807,0.06822210061263134,0.037002405606248304,,
,,2288.265,0.014566543400950316,0.034431671866406006,,
,,2288.733,0.0006839347742608748,0.033651547291045164,,
,,2289.196,0.04942487198544265,0.034671911347249514,,
,,2289.666,0.05378224421951283,0.037222448915393926,,
,,2290.129,0.061686237047946735,0.04082980972410411,,
,,2290.595,0.0028626858201028504,0.044919149196937465,,
,,2291.058,0.03853163618668787,0.04891888107432754,,
,,2291.524,0.10090180800889548,0.052352912290014174,,
,,2291.989,0.09654456563243907,0.054906468417768646,,
,,2292.455,0.03853163618668787,0.05645079688424215,,
,,2292.915,0.013755921618857636,0.0570202646586208,,
,,2293.38,0.03989963559282339,0.05675546599935316,,
,,2293.845,0.06822210061263134,0.055842389001285075,,
,,2294.31,0.04724625079721445,0.054474687617627075,,
,,2294.781,0.048614250203349973,0.0528468753677052,,
,,2295.243,0.0690327223947238,0.051166412683041416,,
,,2295.711,0.11397379485349224,0.049662233245744224,,
,,2296.173,0.02981715143377528,0.04856792826704366,,
,,2296.637,0.01593454280708584,0.048070556063358,,
,,2297.106,0.023281158011476677,0.04823857601245923,,
,,2297.565,0.04942487198544265,0.04896189214493026,,
,,2298.031,0.01020930102449391,0.04993829675195826,,
,,2298.497,0.09654456563243907,0.05072217221754065,,
,,2298.962,0.05732886481387656,0.05082532598591265,,
,,2299.428,0.02247053622938422,0.04983986756978194,,
,,2299.895,0.1357602664510016,0.04754624031141573,,
,,2300.361,0.016745164589178296,0.04397587636459173,,
,,2300.826,0.012387922212722113,0.03941370719435138,,
,,2301.292,0.011577300430629434,0.034346245434513395,,
,,2301.755,0.04643562901512177,0.029377478069010043,,
,,2302.217,0.050792871391578176,0.02513711120423788,,
,,2302.685,0.0028626858201028504,0.022194888004969538,,
,,2303.147,0.02247053622938422,0.020984492194878378,,
,,2303.615,0.013755921618857636,0.021740133938245802,,
,,2304.078,0.01811316399531404,0.024453552185622937,,
,,2304.543,0.03772101440459519,0.02886020451205657,,
,,2305.01,0.03336377202813878,0.034459130171578714,,
,,2305.476,0.03772101440459519,0.040565392346400456,,
,,2305.94,0.042078386638665366,0.04639070706738733,,
,,2306.405,0.009398549384787458,0.05114674796140987,,
,,2306.866,0.09735518741453175,0.05416322574090678,,
,,2307.331,0.0769367152231577,0.05500603484796703,,
,,2307.804,0.035542393216366985,0.053572215795444314,,
,,2308.262,0.06604347942440314,0.05013641093504563,,
,,2308.726,0.07257947284670152,0.045332159585216664,,
,,2309.196,0.023281158011476677,0.04006594751214507,,
,,2309.659,0.031185150839910802,0.03537629827738693,,
,,2310.121,0.013755921618857636,0.03226256950014276,,
,,2310.587,0.029006399794068605,0.03151608459198603,,
,,2311.05,0.03989963559282339,0.03358566444814839,,
,,2311.515,0.011577300430629434,0.03850079956086674,,
,,2311.981,0.02545977919970488,0.045863692301999985,,
,,2312.446,0.10308055905473745,0.054909474137271944,,
,,2312.91,0.04071038723252984,0.06462177675884172,,
,,2313.376,0.11397379485349224,0.07388045793142184,,
,,2313.841,0.042078386638665366,0.08161529812518825,,
,,2314.307,0.07040072180085932,0.08694543643186006,,
,,2314.77,0.11833103722994842,0.08929212430449994,,
,,2315.24,0.1314028942169314,0.08845374470877798,,
,,2315.703,0.08347270864545608,0.0846283912771043,,
,,2316.166,0.04506762960898625,0.07837170628944523,,
,,2316.633,0.09953380860275995,0.07049253189826957,,
,,2317.096,0.042889008420758046,0.0619079259819666,,
,,2317.561,0.042078386638665366,0.05348978630690593,,
,,2318.025,0.03199577262200326,0.04593539321540986,,
,,2318.49,0.021102536823248697,0.039688031222425396,,
,,2318.955,0.014566543400950316,0.03492283869307746,,
,,2319.421,0.08565132983368429,0.03159636654896315,,
,,2319.885,0.02247053622938422,0.029539180514868202,,
,,2320.351,0.035542393216366985,0.028557398498459115,,
,,2320.818,0.06822210061263134,0.0285088005344504,,
,,2321.284,0.005851928790423733,0.02933194598416174,,
,,2321.752,0.008030549978651935,0.031025624103027956,,
,,2322.214,0.03336377202813878,0.03359311758737396,,
,,2322.677,0.08347270864545608,0.0369747473293904,,
,,2323.14,0.0006839347742608748,0.04099101160659548,,
,,2323.611,0.01020930102449391,0.04531354824461927,,
,,2324.073,0.03772101440459519,0.04947837545973535,,
,,2324.539,0.03336377202813878,0.052950345413043734,,
,,2325.004,0.17061859503549393,0.055230833584762634,,
,,2325.469,0.0189237857774065,0.05597772529186946,,
,,2325.936,0.048614250203349973,0.05509628474386463,,
,,2326.402,0.050792871391578176,0.05277221281982767,,
,,2326.866,0.07040072180085932,0.04944311903216962,,
,,2327.331,0.03989963559282339,0.045722558014087665,,
,,2327.792,0.013755921618857636,0.04229649044708094,,
,,2328.255,0.026827778605840402,0.03981284542324772,,
,,2328.725,0.08565132983368429,0.038783709019335894,,
,,2329.187,0.011577300430629434,0.03951359581932259,,
,,2329.655,0.03772101440459519,0.042058693367157104,,
,,2330.117,0.04506762960898625,0.0462177044526275,,
,,2330.583,0.042889008420758046,0.05155506520788033,,
,,2331.046,0.09654456563243907,0.05745588707630009,,
,,2331.511,0.02247053622938422,0.06320755160013172,,
,,2331.977,0.02545977919970488,0.06809981355602099,,
,,2332.443,0.12268840946401882,0.07153398036788775,,
,,2332.907,0.11397379485349224,0.07312642602130126,,
,,2333.373,0.02981715143377528,0.07278197991090948,,
,,2333.84,0.1749759672695641,0.07070984019117231,,
,,2334.306,0.011577300430629434,0.06736821984166862,,
,,2334.766,0.0006839347742608748,0.06334988617431692,,
,,2335.236,0.048614250203349973,0.05924577537602939,,
,,2335.699,0.0769367152231577,0.055532786077053364,,
,,2336.162,0.048614250203349973,0.052516390786990205,,
,,2336.625,0.09654456563243907,0.050328916251355514,,
,,2337.095,0.005041307008331053,0.04896229145338586,,
,,2337.561,0.08565132983368429,0.04831142065649207,,
,,2338.025,0.01593454280708584,0.04821469747560667,,
,,2338.49,0.04071038723252984,0.0484891008970165,,
,,2338.955,0.04506762960898625,0.04896150560026883,,
,,2339.42,0.09872318682066727,0.04949436261558984,,
,,2339.885,0.0791153364113859,0.049996854210179985,,
,,2340.351,0.005851928790423733,0.050411019432527904,,
,,2340.811,0.03989963559282339,0.05067363563668118,,
,,2341.277,0.01593454280708584,0.05067328427463352,,
,,2341.745,0.06031823764181121,0.050231357527508055,,
,,2342.208,0.04071038723252984,0.04912566417824816,,
,,2342.67,0.10090180800889548,0.047152559997389314,,
,,2343.141,0.03417439381023146,0.0442036628188544,,
,,2343.6,0.011577300430629434,0.040327447396312284,,
,,2344.072,0.08129395759961411,0.03575467298798513,,
,,2344.53,0.02247053622938422,0.030880491611851607,,
,,2344.996,0.026827778605840402,0.026206573486816136,,
,,2345.461,0.011577300430629434,0.02225381171705175,,
,,2345.926,0.013755921618857636,0.019463340106977506,,
,,2346.392,0.013755921618857636,0.018108582685016552,,
,,2346.859,0.005851928790423733,0.018239848012479954,,
,,2347.325,0.009398549384787458,0.019675873457294366,,
,,2347.785,0.023281158011476677,0.022046500751301646,,
,,2348.254,0.01811316399531404,0.024879024541077755,,
,,2348.715,0.06822210061263134,0.027709085398190104,,
,,2349.184,0.009398549384787458,0.030188374059075485,,
,,2349.647,0.0791153364113859,0.032159944973408024,,
,,2350.11,0.0189237857774065,0.03367958559416072,,
,,2350.575,0.04724625079721445,0.03497660641146372,,
,,2351.046,0.011577300430629434,0.03636521654567711,,
,,2351.511,0.02247053622938422,0.038132969383077926,,
,,2351.97,0.03989963559282339,0.04044008853573856,,
,,2352.435,0.027638400387933082,0.04325966502416482,,
,,2352.9,0.016745164589178296,0.04637556093280489,,
,,2353.366,0.09436594444421087,0.0494373085078514,,
,,2353.833,0.055960865407741034,0.05205377864333887,,
,,2354.298,0.06822210061263134,0.05389453729488416,,
,,2354.766,0.09654456563243907,0.05476577783485854,,
,,2355.228,0.005041307008331053,0.05463952719198009,,
,,2355.692,0.031185150839910802,0.05363551916140034,,
,,2356.162,0.058139486595969014,0.05197348519726744,,
,,2356.625,0.08565132983368429,0.04991877584420053,,
,,2357.088,0.012387922212722113,0.047735128632289216,,
,,2357.554,0.07992608805109236,0.04564640231774636,,
,,2358.021,0.029006399794068605,0.043805461675533945,,
,,2358.48,0.02029178518354202,0.04227269209108802,,
,,2358.952,0.048614250203349973,0.041011555114352755,,
,,2359.41,0.00367330760219553,0.039908766584381083,,
,,2359.882,0.05950748600210476,0.038819950669479714,,
,,2360.34,0.10743780143119386,0.03762935365633642,,
,,2360.807,0.00367330760219553,0.036301213881754994,,
,,2361.272,0.02247053622938422,0.03490056368207041,,
,,2361.74,0.055150243625648354,0.03357565231444188,,
,,2362.203,0.011577300430629434,0.03251278812845326,,
,,2362.666,0.01593454280708584,0.0318844603244681,,
,,2363.135,0.005041307008331053,0.031810710135504856,,
,,2363.602,0.06822210061263134,0.032345671256869074,,
,,2364.066,0.061686237047946735,0.03348822150017504,,
,,2364.531,0.021102536823248697,0.035202857462992676,,
,,2364.996,0.013755921618857636,0.03743366007242542,,
,,2365.462,0.07257947284670152,0.04010306034542964,,
,,2365.921,0.026827778605840402,0.04309857558891125,,
,,2366.387,0.04506762960898625,0.04625568736350377,,
,,2366.851,0.06822210061263134,0.049344880988828145,,
,,2367.317,0.012387922212722113,0.05207074998657079,,
,,2367.785,0.03989963559282339,0.05409145083573346,,
,,2368.247,0.09436594444421087,0.055064247208111795,,
,,2368.714,0.013755921618857636,0.05471487451488548,,
,,2369.176,0.07257947284670152,0.05291712837523774,,
,,2369.64,0.11260579544735672,0.049760290461944176,,
,,2370.11,0.011577300430629434,0.04558029865956368,,
,,2370.576,0.012387922212722113,0.04093788807349702,,
,,2371.038,0.09654456563243907,0.03654176874967804,,
,,2371.504,0.026827778605840402,0.03312971498683809,,
,,2371.97,0.005041307008331053,0.031329030884203975,,
,,2372.436,0.011577300430629434,0.03152351937857842,,
,,2372.896,0.009398549384787458,0.03375957381599695,,
,,2373.361,0.021102536823248697,0.03772198465000942,,
,,2373.826,0.03989963559282339,0.042793494254913474,,
,,2374.292,0.11833103722994842,0.04818539684077862,,
,,2374.755,0.06604347942440314,0.053102124585489414,,
,,2375.225,0.0189237857774065,0.05689399291286178,,
,,2375.688,0.02981715143377528,0.05916422977851338,,
,,2376.15,0.12050965841817662,0.05981813687890608,,
,,2376.618,0.06822210061263134,0.05905532013289255,,
,,2377.08,0.08565132983368429,0.05730683540252703,,
,,2377.546,0.005041307008331053,0.055122590683713966,,
,,2378.011,0.031185150839910802,0.05303023138752766,,
,,2378.477,0.02545977919970488,0.05140452821760097,,
,,2378.944,0.058139486595969014,0.05038816927877251,,
,,2379.41,0.06822210061263134,0.04988607047179075,,
,,2379.87,0.02247053622938422,0.04962768727682158,,
,,2380.335,0.09517656622630355,0.049270856260203715,,
,,2380.807,0.050792871391578176,0.048513006398422674,,
,,2381.265,0.06822210061263134,0.047179063788216555,,
,,2381.736,0.0072199281965592554,0.045266849438373315,,
,,2382.199,0.050792871391578176,0.042947036793079825,,
,,2382.662,0.04071038723252984,0.040528790662392594,,
,,2383.125,0.029006399794068605,0.038406903003684406,,
,,2383.591,0.06604347942440314,0.03700207005369474,,
,,2384.062,0.0072199281965592554,0.03669997828685641,,
,,2384.52,0.04724625079721445,0.03779253109063244,,
,,2384.992,0.06822210061263134,0.040425725956539996,,
,,2385.45,0.009398549384787458,0.044560752863436276,,
,,2385.915,0.031185150839910802,0.04995681790972278,,
,,2386.38,0.0668541012064956,0.05618530558520597,,
,,2386.845,0.042889008420758046,0.06268149302246091,,
,,2387.31,0.10090180800889548,0.06882948639747496,,
,,2387.781,0.03853163618668787,0.07406264258883638,,
,,2388.243,0.15754673804851116,0.07795274477913655,,
,,2388.711,0.1248670306522468,0.08026068385647149,,
,,2389.173,0.011577300430629434,0.0809322513819048,,
,,2389.637,0.023281158011476677,0.08004657541681541,,
,,2390.106,0.036353014998459665,0.0777515691213326,,
,,2390.565,0.1213204100578833,0.07422726425186102,,
,,2391.031,0.16843997384726572,0.06969197787671931,,
,,2391.497,0.02545977919970488,0.06442803779651333,,
,,2391.962,0.058139486595969014,0.05878856344982203,,
,,2392.428,0.021102536823248697,0.05316683968027656,,
,,2392.895,0.013755921618857636,0.04794266623082895,,
,,2393.361,0.05950748600210476,0.04343559209781419,,
,,2393.826,0.09654456563243907,0.03988458794132327,,
,,2394.292,0.0014946864139673277,0.037451824290025026,,
,,2394.755,0.02981715143377528,0.03623461414692409,,
,,2395.217,0.05950748600210476,0.036272063277176456,,
,,2395.685,0.02029178518354202,0.03754291323205138,,
,,2396.147,0.06386485823617494,0.03995703468797777,,
,,2396.611,0.04071038723252984,0.043344402331094684,,
,,2397.08,0.01020930102449391,0.04744767186585401,,
,,2397.546,0.042078386638665366,0.05192839153102771,,
,,2398.011,0.027638400387933082,0.056396715796909844,,
,,2398.477,0.15754673804851116,0.06046444898383976,,
,,2398.936,0.0668541012064956,0.06380428154847075,,
,,2399.402,0.050792871391578176,0.06618856419834437,,
,,2399.866,0.036353014998459665,0.06749173771859146,,
,,2400.332,0.04506762960898625,0.06766544591964169,,
,,2400.804,0.06604347942440314,0.06671254809117656,,
,,2401.262,0.09218732325598267,0.0646814641112564,,
,,2401.725,0.05378224421951283,0.061682241199837645,,
,,2402.195,0.10743780143119386,0.05790791388211287,,
,,2402.655,0.02981715143377528,0.05364098481036757,,
,,2403.125,0.012387922212722113,0.049235287837312625,,
,,2403.591,0.04071038723252984,0.04507916115265974,,
,,2404.054,0.09654456563243907,0.04155454088711143,,
,,2404.519,0.005041307008331053,0.03900245756534817,,
,,2404.984,0.02545977919970488,0.03769594043842885,,
,,2405.45,0.050792871391578176,0.03781764206617034,,
,,2405.914,0.05950748600210476,0.0394413974767786,,
,,2406.38,0.02981715143377528,0.0425174646553807,,
,,2406.844,0.06822210061263134,0.046860690821502494,,
,,2407.31,0.009398549384787458,0.05214453879225935,,
,,2407.773,0.013755921618857636,0.057910461788249844,,
,,2408.236,0.14883212343798458,0.06360332160137662,,
,,2408.707,0.031185150839910802,0.06863408565425463,,
,,2409.169,0.10525918024296566,0.07245679571306059,,
,,2409.633,0.04071038723252984,0.07464059783253746,,
,,2410.095,0.09654456563243907,0.07492389284318099,,
,,2410.561,0.036353014998459665,0.0732475488108284,,
,,2411.025,0.10308055905473745,0.0697679837762666,,
,,2411.49,0.09872318682066727,0.06484804941780373,,
,,2411.955,0.035542393216366985,0.05902017370035618,,
,,2412.421,0.031185150839910802,0.052919321414164756,,
,,2412.885,0.042078386638665366,0.04719367647554609,,
,,2413.351,0.09654456563243907,0.04240970312818562,,
,,2413.818,0.011577300430629434,0.03896798734101572,,
,,2414.284,0.0028626858201028504,0.03704209265340457,,
,,2414.751,0.02247053622938422,0.03655296316765719,,
,,2415.214,0.050792871391578176,0.037192326038137075,,
,,2415.677,0.005851928790423733,0.03849963416719455,,
,,2416.14,0.08565132983368429,0.03997816994592889,,
,,2416.611,0.09654456563243907,0.0412177810949949,,
,,2417.073,0.0189237857774065,0.04198506934021762,,
,,2417.539,0.03772101440459519,0.042252233159424106,,
,,2418.007,0.04506762960898625,0.042160340001231734,,
,,2418.465,0.01593454280708584,0.041938404230188006,,
,,2418.936,0.02545977919970488,0.041812591038370255,,
,,2419.402,0.04071038723252984,0.04193727551180581,,
,,2419.866,0.042078386638665366,0.042366660700621804,,
,,2420.332,0.04425700782689357,0.04306815553423209,,
,,2420.792,0.06822210061263134,0.04396269449495444,,
,,2421.255,0.06822210061263134,0.044968159507192886,,
,,2421.726,0.050792871391578176,0.04602319330969014,,
,,2422.189,0.011577300430629434,0.047080230097014175,,
,,2422.651,0.05950748600210476,0.048074249095705505,,
,,2423.121,0.02247053622938422,0.048888140056498136,,
,,2423.58,0.013755921618857636,0.04933807240096516,,
,,2424.05,0.12268840946401882,0.049191981059087724,,
,,2424.516,0.0189237857774065,0.04821741276041994,,
,,2424.981,0.05950748600210476,0.04624093965953463,,
,,2425.447,0.058139486595969014,0.0431982152303948,,
,,2425.907,0.02247053622938422,0.039161704071059664,,
,,2426.373,0.02545977919970488,0.03434465205331769,,
,,2426.837,0.012387922212722113,0.029087907580058765,,
,,2427.303,0.061686237047946735,0.02383768176636391,,
,,2427.766,0.005851928790423733,0.01911746772054594,,
,,2428.235,0.011577300430629434,0.01549094253482111,,
,,2428.696,0.03772101440459519,0.013511086286788732,,
,,2429.166,0.009398549384787458,0.013654930294175955,,
,,2429.629,0.00367330760219553,0.016249747821337198,,
,,2430.092,0.009398549384787458,0.0214027594182563,,
,,2430.557,0.008030549978651935,0.028950596457803554,,
,,2431.021,0.09436594444421087,0.038443105267999086,,
,,2431.487,0.005041307008331053,0.0491678861883764,,
,,2431.952,0.06467548001826762,0.060213235682368,,
,,2432.417,0.055960865407741034,0.07056360743858146,,
,,2432.885,0.055150243625648354,0.07922057839533109,,
,,2433.351,0.1793332096460205,0.08533675111020136,,
,,2433.811,0.04506762960898625,0.08834052139090932,,
,,2434.277,0.055960865407741034,0.08802551185106967,,
,,2434.74,0.15318949567205475,0.08458573923326729,,
,,2435.21,0.08565132983368429,0.07859010426780595,,
,,2435.674,0.02029178518354202,0.07089944354570067,,
,,2436.136,0.09218732325598267,0.06253806642989462,,
,,2436.607,0.035542393216366985,0.0545422059581964,,
,,2437.069,0.03772101440459519,0.04781404568809019,,
,,2437.535,0.05160362303128463,0.04300711417760234,,
,,2437.999,0.01593454280708584,0.0404606122136188,,
,,2438.464,0.021102536823248697,0.040191064876069486,,
,,2438.93,0.01811316399531404,0.04193918172104116,,
,,2439.396,0.16408273147080954,0.045255825508161915,,
,,2439.855,0.050792871391578176,0.04959617569799474,,
,,2440.321,0.035542393216366985,0.0543875982407994,,
,,2440.788,0.008030549978651935,0.05905580317611289,,
,,2441.251,0.04942487198544265,0.06302673685210994,,
,,2441.722,0.01020930102449391,0.0657414839815658,,
,,2442.184,0.15972535923673914,0.06671092016317157,,
,,2442.648,0.06604347942440314,0.06560484697116956,,
,,2443.11,0.062496858830039415,0.06234156107867428,,
,,2443.576,0.09654456563243907,0.05713790989714456,,
,,2444.046,0.00367330760219553,0.05049754760385337,,
,,2444.512,0.042078386638665366,0.043141140639594906,,
,,2444.977,0.03336377202813878,0.03590100838216005,,
,,2445.435,0.02247053622938422,0.02960750339372415,,
,,2445.9,0.042078386638665366,0.024987466679110046,,
,,2446.365,0.009398549384787458,0.022584035440525237,,
,,2446.833,0.02545977919970488,0.022699402960004864,,
,,2447.298,0.02247053622938422,0.025359689206159598,,
,,2447.766,0.06604347942440314,0.03030121430875598,,
,,2448.229,0.011577300430629434,0.0369783660065342,,
,,2448.692,0.027638400387933082,0.04459626173336057,,
,,2449.155,0.026827778605840402,0.052176550869540504,,
,,2449.625,0.042889008420758046,0.058666005403026106,,
,,2450.088,0.12268840946401882,0.06308792714200769,,
,,2450.554,0.03417439381023146,0.06471780063854543,,
,,2451.017,0.013755921618857636,0.0632483641014075,,
,,2451.483,0.20765567466582846,0.058903582423562376,,
,,2451.947,0.048614250203349973,0.052464108046084375,,
,,2452.413,0.012387922212722113,0.04517822841022175,,
,,2452.878,0.02247053622938422,0.038558487071105534,,
,,2453.344,0.04506762960898625,0.03410079658830767,,
,,2453.811,0.009398549384787458,0.03298893512406015,,
,,2454.277,0.013755921618857636,0.03584990308564168,,
,,2454.74,0.02247053622938422,0.042612339680136356,,
,,2455.202,0.0014946864139673277,0.05250134884613763,,
,,2455.67,0.06604347942440314,0.0641788815007774,,
