EMG_time_ms,EMG_value,FORCE_time_ms,FORCE_newtons,Force_LPF,ENVELOPE_time_ms,EMG_Envelope
0.0,0.0,0.464,0.0363097582795302,0.03682050251646335,0.0,0.0
0.4655172734839499,0.0,0.933,0.023237901292547436,0.04735351868471083,0.4655172734839499,0.0
0.9310345469678998,0.0,1.395,0.0842400737086193,0.057197163903618155,0.9310345469678998,0.0
1.3965518204518497,0.0,1.863,0.051560366312355166,0.06577773717597445,1.3965518204518497,0.0
1.8620690939357996,0.0,2.325,0.09295468831914588,0.07264867818882563,1.8620690939357996,0.0
2.3275863674197494,0.0,2.791,0.12127715333895384,0.07753636847804586,2.3275863674197494,0.0
2.7931036409036993,0.0,3.256,0.11474115991665546,0.08036557856260444,2.7931036409036993,0.0
3.2586209143876492,0.0,3.722,0.04284575170182858,0.08126052588254255,3.2586209143876492,0.0
3.724138187871599,0.0,4.189,0.06245360211110995,0.08052168963144049,3.724138187871599,0.0
4.189655461355549,0.0,4.655,0.09513330950737409,0.07858313907239979,4.189655461355549,0.0
4.655172734839499,0.0,5.115,0.09295468831914588,0.07595789937647494,4.655172734839499,0.0
5.120690008323448,0.0,5.58,0.051560366312355166,0.07317905008026579,5.120690008323448,0.0
5.586207281807399,0.0,6.052,0.0363097582795302,0.07074338294876789,5.586207281807399,0.0
6.051724555291348,0.0,6.51,0.0363097582795302,0.06906388675704989,6.051724555291348,0.0
6.5172418287752985,0.0,6.974,0.10166930292967247,0.06843628417754662,6.5172418287752985,0.0
6.982759102259248,0.0,7.444,0.06681084448756636,0.0690220463587029,6.982759102259248,0.0
7.448276375743198,0.0,7.904,0.09077606713091768,0.07084646534872173,7.448276375743198,0.0
7.913793649227148,0.0,8.374,0.11256253872842725,0.0738077470507442,7.913793649227148,0.0
8.379310922711097,0.0,8.839,0.04284575170182858,0.07769316697802756,8.379310922711097,0.0
8.844828196195047,0.0,9.303,0.011620427291944901,0.08220062323765434,8.844828196195047,0.0
9.310345469678998,0.0,9.769,0.10166930292967247,0.08696641479496854,9.310345469678998,0.0
9.775862743162946,0.0,10.234,0.15613548192344617,0.09160032199962712,9.775862743162946,0.0
10.241380016646897,0.0,10.7,0.0384885093253724,0.095726350407881,10.241380016646897,0.0
10.706897290130847,0.0,11.159,0.11038391754019905,0.0990241095286756,10.706897290130847,0.0
11.172414563614797,0.0,11.625,0.14088500374823498,0.10126440238293095,11.172414563614797,0.0
11.637931837098746,0.0,12.09,0.1619472371438968,0.10233320210303029,11.637931837098746,0.0
12.103449110582696,0.0,12.555,0.06245360211110995,0.10223975860103109,12.103449110582696,0.0
12.568966384066647,0.0,13.026,0.0842400737086193,0.10110750887662104,12.568966384066647,0.0
13.034483657550597,0.0,13.488,0.06463222329933815,0.09915076040954757,13.034483657550597,0.0
13.500000931034545,0.0,13.949,0.11909853215072563,0.09664340530318667,13.500000931034545,0.0
13.965518204518496,0.0,14.418,0.07116821672163653,0.093885866322085,13.965518204518496,0.0
14.431035478002446,0.0,14.881,0.16920746876804293,0.09117371896225868,14.431035478002446,0.0
14.896552751486396,0.0,15.344,0.058096359734653547,0.08876875088111971,14.896552751486396,0.0
15.362070024970345,0.0,15.81,0.09295468831914588,0.0868728105717697,15.362070024970345,0.0
15.827587298454295,0.0,16.276,0.007987423117336245,0.08560676094951516,15.827587298454295,0.0
16.293104571938244,0.0,16.742,0.09295468831914588,0.08499916684805783,16.293104571938244,0.0
16.758621845422194,0.0,17.207,0.09295468831914588,0.08498931677356171,16.758621845422194,0.0
17.224139118906145,0.0,17.673,0.06463222329933815,0.08544590586287609,17.224139118906145,0.0
17.689656392390095,0.0,18.138,0.11909853215072563,0.08619799815810358,17.689656392390095,0.0
18.155173665874045,0.0,18.603,0.10166930292967247,0.08707132100922138,18.155173665874045,0.0
18.620690939357996,0.0,19.064,0.11038391754019905,0.087921714790281,18.620690939357996,0.0
19.086208212841946,0.0,19.529,0.12127715333895384,0.08865859818248215,19.086208212841946,0.0
19.551725486325893,0.0,20.0,0.06898959553340833,0.08925427595828345,19.551725486325893,0.0
20.017242759809843,0.0,20.463,0.05373898750058337,0.08973914698136087,20.017242759809843,0.0
20.482760033293793,0.0,20.926,0.08206145252039132,0.0901868949114792,20.482760033293793,0.0
20.948277306777744,0.0,21.396,0.07988283133216312,0.09069567421411229,20.948277306777744,0.0
21.413794580261694,0.0,21.856,0.11474115991665546,0.0913702088776464,21.413794580261694,0.0
21.879311853745644,0.0,22.326,0.11909853215072563,0.0923066982273313,21.879311853745644,0.0
22.344829127229595,0.0,22.784,0.0885974459426897,0.09357987127457504,22.344829127229595,0.0
22.810346400713545,0.0,23.249,0.09513330950737409,0.09523120789376632,22.810346400713545,0.0
23.275863674197492,0.0,23.714,0.06245360211110995,0.09725912486506591,23.275863674197492,0.0
23.741380947681442,0.0,24.181,0.06245360211110995,0.09961405971383687,23.741380947681442,0.0
24.206898221165392,0.0,24.647,0.08206145252039132,0.10220179001293224,24.206898221165392,0.0
24.672415494649343,0.0,25.111,0.2185921671835125,0.1048959821395712,24.672415494649343,0.0
25.137932768133293,0.0,25.576,0.06681084448756636,0.1075569346463538,25.137932768133293,0.0
25.603450041617243,0.0,26.048,0.11909853215072563,0.11005071637600332,25.603450041617243,0.0
26.068967315101194,0.0,26.506,0.09077606713091768,0.11226368752383956,26.068967315101194,0.0
26.53448458858514,0.0,26.974,0.11909853215072563,0.1141106351350142,26.53448458858514,0.0
27.00000186206909,0.0,27.436,0.14088500374823498,0.11553728639583619,27.00000186206909,0.0
27.46551913555304,0.0,27.904,0.12127715333895384,0.11651843314014228,27.46551913555304,0.0
27.93103640903699,0.0,28.367,0.0864186948968475,0.11705265414010033,27.93103640903699,0.0
28.396553682520942,0.0,28.832,0.09731206055321606,0.11715508598702004,28.396553682520942,0.0
28.862070956004892,0.0,29.295,0.16267147534574455,0.1168504556234453,28.862070956004892,0.0
29.327588229488843,0.0,29.761,0.07988283133216312,0.11616838082125376,29.327588229488843,0.0
29.793105502972793,0.0,30.226,0.11256253872842725,0.11514170212823861,29.793105502972793,0.0
30.25862277645674,0.0,30.692,0.1365276315141648,0.1138074251130659,30.25862277645674,0.0
30.72414004994069,0.0,31.159,0.10166930292967247,0.11220923461003218,30.72414004994069,0.0
31.18965732342464,0.0,31.625,0.07116821672163653,0.11040014978457169,31.18965732342464,0.0
31.65517459690859,0.0,32.089,0.20188717616430707,0.1084435347129444,31.65517459690859,0.0
32.12069187039254,0.0,32.554,0.09295468831914588,0.10641050517074616,32.12069187039254,0.0
32.58620914387649,0.0,33.018,0.09513330950737409,0.10437228124319387,32.58620914387649,0.0
33.05172641736044,0.0,33.481,0.09731206055321606,0.1023880106567047,33.05172641736044,0.0
33.51724369084439,0.0,33.944,0.06681084448756636,0.10049166001555104,33.51724369084439,0.0
33.98276096432834,0.0,34.414,0.06463222329933815,0.09868369111562098,33.98276096432834,0.0
34.44827823781229,0.0,34.878,0.10602654530612887,0.09693265386418017,34.44827823781229,0.0
34.91379551129624,0.0,35.34,0.11909853215072563,0.09518861576920315,34.91379551129624,0.0
35.37931278478019,0.0,35.806,0.06681084448756636,0.09340604275676943,35.37931278478019,0.0
35.84483005826414,0.0,36.269,0.14306362493646319,0.091570341168388,35.84483005826414,0.0
36.31034733174809,0.0,36.735,0.06245360211110995,0.08972101488528952,36.31034733174809,0.0
36.77586460523204,0.0,37.202,0.10602654530612887,0.08796508330479955,36.77586460523204,0.0
37.24138187871599,0.0,37.667,0.15395686073521797,0.08647612502963865,37.24138187871599,0.0
37.70689915219994,0.0,38.133,0.06245360211110995,0.08547657989245906,37.70689915219994,0.0
38.17241642568389,0.0,38.599,0.09077606713091768,0.08520402525094817,38.17241642568389,0.0
38.63793369916784,0.0,39.064,0.07334683790986474,0.08586620736686912,38.63793369916784,0.0
39.103450972651785,0.0,39.53,0.045024372890056785,0.08759359957121661,39.103450972651785,0.0
39.56896824613574,0.0,39.992,0.06463222329933815,0.09040031409021516,39.56896824613574,0.0
40.034485519619686,0.0,40.455,0.06245360211110995,0.09416319355970038,40.034485519619686,0.0
40.50000279310364,0.0,40.926,0.11256253872842725,0.09862500027844052,40.50000279310364,0.0
40.96552006658759,0.0,41.389,0.11256253872842725,0.10342189855496707,40.96552006658759,0.0
41.43103734007154,0.0,41.852,0.11909853215072563,0.10812973589274194,41.43103734007154,0.0
41.89655461355549,0.0,42.314,0.08206145252039132,0.11231985857771916,41.89655461355549,0.0
42.36207188703944,0.0,42.78,0.16920746876804293,0.1156139805324899,42.36207188703944,0.0
42.82758916052339,0.0,43.244,0.22803089013827282,0.11772820111479187,42.82758916052339,0.0
43.293106434007335,0.0,43.71,0.051560366312355166,0.11849823525522993,43.293106434007335,0.0
43.75862370749129,0.0,44.175,0.0885974459426897,0.11788217998192686,43.75862370749129,0.0
44.224140980975235,0.0,44.64,0.13798214435815925,0.11594353870563745,44.224140980975235,0.0
44.68965825445919,0.0,45.108,0.06681084448756636,0.11282263637900213,44.68965825445919,0.0
45.155175527943136,0.0,45.574,0.11909853215072563,0.10870590843202683,45.155175527943136,0.0
45.62069280142709,0.0,46.037,0.09077606713091768,0.10380030151385797,45.62069280142709,0.0
46.08621007491104,0.0,46.5,0.09077606713091768,0.09831666695166495,46.08621007491104,0.0
46.551727348394984,0.0,46.97,0.09077606713091768,0.09246301920257922,46.551727348394984,0.0
47.01724462187894,0.0,47.433,0.08206145252039132,0.08644609488504498,47.01724462187894,0.0
47.482761895362884,0.0,47.9,0.08206145252039132,0.08047771752891078,47.482761895362884,0.0
47.94827916884684,0.0,48.362,0.138706382560007,0.07478105234639919,47.94827916884684,0.0
48.413796442330785,0.0,48.828,0.07334683790986474,0.06959129360590319,48.413796442330785,0.0
48.87931371581474,0.0,49.29,0.08206145252039132,0.06514651950539188,48.87931371581474,0.0
49.344830989298686,0.0,49.756,0.029773894714845817,0.06166790459639237,49.344830989298686,0.0
49.81034826278263,0.0,50.223,0.014523286682020853,0.05933317740749276,49.81034826278263,0.0
50.275865536266586,0.0,50.688,0.09077606713091768,0.05825071046874009,50.275865536266586,0.0
50.74138280975053,0.0,51.155,0.00580867207149427,0.058441981384496744,50.74138280975053,0.0
51.20690008323449,0.0,51.614,0.06463222329933815,0.059837520683082755,51.20690008323449,0.0
51.672417356718434,0.0,52.079,0.06463222329933815,0.06228758294608148,51.672417356718434,0.0
52.13793463020239,0.0,52.544,0.09077606713091768,0.0655851048158469,52.13793463020239,0.0
52.603451903686334,0.0,53.015,0.058096359734653547,0.06949574443292934,52.603451903686334,0.0
53.06896917717028,0.0,53.477,0.11038391754019905,0.07378851630497861,53.06896917717028,0.0
53.534486450654235,0.0,53.945,0.06245360211110995,0.07826106638441828,53.534486450654235,0.0
54.00000372413818,0.0,54.408,0.12127715333895384,0.08275552808591229,54.00000372413818,0.0
54.465520997622136,0.0,54.871,0.04720312393589898,0.0871633829904232,54.465520997622136,0.0
54.93103827110608,0.0,55.34,0.09295468831914588,0.0914202216484113,54.93103827110608,0.0
55.396555544590036,0.0,55.799,0.09949068174144426,0.09549314045976548,55.396555544590036,0.0
55.86207281807398,0.0,56.27,0.11909853215072563,0.09936412364011694,55.86207281807398,0.0
56.32759009155794,0.0,56.735,0.0029058126814183183,0.10301222570391493,56.32759009155794,0.0
56.793107365041884,0.0,57.2,0.30864091296362606,0.1063964273657936,56.793107365041884,0.0
57.25862463852583,0.0,57.665,0.03195251590307402,0.1094404332570116,57.25862463852583,0.0
57.724141912009785,0.0,58.13,0.051560366312355166,0.11202140703880205,57.724141912009785,0.0
58.18965918549373,0.0,58.589,0.07116821672163653,0.11396738890687193,58.18965918549373,0.0
58.655176458977685,0.0,59.056,0.00580867207149427,0.11507073526225851,58.655176458977685,0.0
59.12069373246163,0.0,59.522,0.10820529635197085,0.11512276420839707,59.12069373246163,0.0
59.586211005945586,0.0,59.985,0.3434993714057324,0.11396601679218456,59.586211005945586,0.0
60.05172827942953,0.0,60.455,0.16920746876804293,0.11154934466143201,60.05172827942953,0.0
60.51724555291348,0.0,60.919,0.058096359734653547,0.10796545601013507,60.51724555291348,0.0
60.98276282639743,0.0,61.382,0.0885974459426897,0.10345611808197239,60.98276282639743,0.0
61.44828009988138,0.0,61.852,0.06245360211110995,0.09838380328880884,61.44828009988138,0.0
61.913797373365334,0.0,62.314,0.07770421014393492,0.0931805629515459,61.913797373365334,0.0
62.37931464684928,0.0,62.78,0.09295468831914588,0.08828886650669016,62.37931464684928,0.0
62.844831920333235,0.0,63.245,0.10820529635197085,0.08410643222395768,62.844831920333235,0.0
63.31034919381718,0.0,63.704,0.010166044305564448,0.08094251172965558,63.31034919381718,0.0
63.77586646730113,0.0,64.17,0.0842400737086193,0.07898968970877938,63.77586646730113,0.0
64.24138374078508,0.0,64.636,0.09295468831914588,0.07831302030005555,64.24138374078508,0.0
64.70690101426904,0.0,65.101,0.09295468831914588,0.07885590360357927,64.70690101426904,0.0
65.17241828775298,0.0,65.567,0.07116821672163653,0.08045934167812499,65.17241828775298,0.0
65.63793556123693,0.0,66.029,0.0864186948968475,0.08288949671361674,65.63793556123693,0.0
66.10345283472088,0.0,66.499,0.0842400737086193,0.0858685627031212,66.10345283472088,0.0
66.56897010820484,0.0,66.959,0.11038391754019905,0.08910493841158013,66.56897010820484,0.0
67.03448738168878,0.0,67.429,0.11256253872842725,0.09231953325238142,67.03448738168878,0.0
67.50000465517273,0.0,67.892,0.09077606713091768,0.09526592364745215,67.50000465517273,0.0
67.96552192865668,0.0,68.355,0.06245360211110995,0.09774367942919901,67.96552192865668,0.0
68.43103920214062,0.0,68.821,0.10602654530612887,0.09960630088320102,68.43103920214062,0.0
68.89655647562458,0.0,69.284,0.09731206055321606,0.10076656667470978,68.89655647562458,0.0
69.36207374910853,0.0,69.75,0.0885974459426897,0.10120167133017574,69.36207374910853,0.0
69.82759102259249,0.0,70.215,0.09077606713091768,0.10095873689780663,69.82759102259249,0.0
70.29310829607643,0.0,70.68,0.11909853215072563,0.10015925106820955,70.29310829607643,0.0
70.75862556956038,0.0,71.145,0.11909853215072563,0.0989993162601892,70.75862556956038,0.0
71.22414284304433,0.0,71.611,0.12127715333895384,0.09774157870389868,71.22414284304433,0.0
71.68966011652827,0.0,72.078,0.14088500374823498,0.09669505525782106,71.68966011652827,0.0
72.15517739001223,0.0,72.544,0.0384885093253724,0.09618148312525822,72.15517739001223,0.0
72.62069466349618,0.0,73.004,0.11038391754019905,0.09649091104945605,72.62069466349618,0.0
73.08621193698013,0.0,73.474,0.0842400737086193,0.0978333246790736,73.08621193698013,0.0
73.55172921046407,0.0,73.937,0.11038391754019905,0.10029522572936783,73.55172921046407,0.0
74.01724648394803,0.0,74.399,0.06245360211110995,0.10380980253850604,74.01724648394803,0.0
74.48276375743198,0.0,74.871,0.06245360211110995,0.108147698555399,74.48276375743198,0.0
74.94828103091592,0.0,75.333,0.09077606713091768,0.11293304552021825,74.94828103091592,0.0
75.41379830439988,0.0,75.798,0.11909853215072563,0.11768565858839823,75.41379830439988,0.0
75.87931557788383,0.0,76.263,0.20188717616430707,0.12188467236693967,75.87931557788383,0.0
76.34483285136778,0.0,76.728,0.11038391754019905,0.12504312434370565,76.34483285136778,0.0
76.81035012485172,0.0,77.192,0.09949068174144426,0.12678003289447876,76.81035012485172,0.0
77.27586739833568,0.0,77.658,0.12999176794948042,0.12687760489644762,77.27586739833568,0.0
77.74138467181963,0.0,78.123,0.2846758201778885,0.1253143874649245,77.74138467181963,0.0
78.20690194530357,0.0,78.589,0.07552545909809272,0.12226816858793793,78.20690194530357,0.0
78.67241921878752,0.0,79.049,0.11909853215072563,0.11808611003724681,78.67241921878752,0.0
79.13793649227148,0.0,79.515,0.07988283133216312,0.11322596318893609,79.13793649227148,0.0
79.60345376575543,0.0,79.985,0.12345577452718204,0.1081797363147205,79.60345376575543,0.0
80.06897103923937,0.0,80.448,0.02541652248077564,0.10339575253613364,80.06897103923937,0.0
80.53448831272333,0.0,80.911,0.09295468831914588,0.09921488453084654,80.53448831272333,0.0
81.00000558620728,0.0,81.374,0.00580867207149427,0.09583305924746238,81.00000558620728,0.0
81.46552285969122,0.0,81.84,0.11038391754019905,0.09329603402365041,81.46552285969122,0.0
81.93104013317517,0.0,82.311,0.2098775525729859,0.09152443476803004,81.93104013317517,0.0
82.39655740665913,0.0,82.769,0.0842400737086193,0.09035896404238088,82.39655740665913,0.0
82.86207468014308,0.0,83.234,0.07988283133216312,0.08961125226778917,82.86207468014308,0.0
83.32759195362702,0.0,83.699,0.11909853215072563,0.08910756555250957,83.32759195362702,0.0
83.79310922711097,0.0,84.171,0.06681084448756636,0.08871864274769006,83.79310922711097,0.0
84.25862650059493,0.0,84.629,0.0885974459426897,0.08837487170420397,84.25862650059493,0.0
84.72414377407888,0.0,85.096,0.06245360211110995,0.08806931927892289,84.72414377407888,0.0
85.18966104756282,0.0,85.562,0.09949068174144426,0.08785204230809332,85.18966104756282,0.0
85.65517832104678,0.0,86.03,0.10820529635197085,0.0878184727496841,85.65517832104678,0.0
86.12069559453073,0.0,86.492,0.07770421014393492,0.08809328999916397,86.12069559453073,0.0
86.58621286801467,0.0,86.96,0.11909853215072563,0.08881022123988748,86.58621286801467,0.0
87.05173014149862,0.0,87.422,0.09077606713091768,0.09008853824353212,87.05173014149862,0.0
87.51724741498258,0.0,87.889,0.0384885093253724,0.09200854434835362,87.51724741498258,0.0
87.98276468846653,0.0,88.352,0.09077606713091768,0.09459012422092938,87.98276468846653,0.0
88.44828196195047,0.0,88.818,0.12345577452718204,0.0977791251184156,88.44828196195047,0.0
88.91379923543442,0.0,89.281,0.04720312393589898,0.10144504297255298,88.91379923543442,0.0
89.37931650891838,0.0,89.747,0.09949068174144426,0.10539069264621446,89.37931650891838,0.0
89.84483378240232,0.0,90.212,0.19099394036555228,0.10937154984296162,89.84483378240232,0.0
90.31035105588627,0.0,90.677,0.11474115991665546,0.11312007857978602,90.31035105588627,0.0
90.77586832937023,0.0,91.145,0.09513330950737409,0.11636943247582425,90.77586832937023,0.0
91.24138560285418,0.0,91.61,0.11474115991665546,0.1188725087973141,91.24138560285418,0.0
91.70690287633812,0.0,92.074,0.11691978110488366,0.12041578199675866,91.70690287633812,0.0
92.17242014982207,0.0,92.54,0.11909853215072563,0.12083005847727114,92.17242014982207,0.0
92.63793742330603,0.0,93.0,0.11474115991665546,0.12000072448562261,92.63793742330603,0.0
93.10345469678997,0.0,93.47,0.10820529635197085,0.11787900096135508,93.10345469678997,0.0
93.56897197027392,0.0,93.93,0.0842400737086193,0.11449442050685135,93.56897197027392,0.0
94.03448924375787,0.0,94.399,0.12563439571541002,0.10996737968692392,94.03448924375787,0.0
94.50000651724183,0.0,94.863,0.11909853215072563,0.10451879481464686,94.50000651724183,0.0
94.96552379072577,0.0,95.325,0.17574333233272732,0.09847182210395884,94.96552379072577,0.0
95.43104106420972,0.0,95.791,0.0842400737086193,0.0922396951710735,95.43104106420972,0.0
95.89655833769368,0.0,96.256,0.06463222329933815,0.08629567129941772,95.89655833769368,0.0
96.36207561117762,0.0,96.722,0.11038391754019905,0.08112589645686884,96.36207561117762,0.0
96.82759288466157,0.0,97.189,0.058096359734653547,0.07717144892328914,96.82759288466157,0.0
97.29311015814552,0.0,97.654,0.018156420714243282,0.07476940784336368,97.29311015814552,0.0
97.75862743162948,0.0,98.118,0.06898959553340833,0.07410374925324105,97.75862743162948,0.0
98.22414470511342,0.0,98.584,0.06463222329933815,0.07517544322554329,98.22414470511342,0.0
98.68966197859737,0.0,99.049,0.06245360211110995,0.07779750419408787,98.68966197859737,0.0
99.15517925208133,0.0,99.515,0.09295468831914588,0.08161577256987555,99.15517925208133,0.0
99.62069652556526,0.0,99.978,0.10820529635197085,0.08615155345797437,99.62069652556526,0.0
100.08621379904922,0.0,100.44,0.07116821672163653,0.09085918914963693,100.08621379904922,0.0
100.55173107253317,0.0,100.904,0.0842400737086193,0.09519047279160386,100.55173107253317,0.0
101.01724834601713,0.0,101.373,0.12127715333895384,0.09865796750163641,101.01724834601713,0.0
101.48276561950107,0.0,101.839,0.09949068174144426,0.1008897156115576,101.48276561950107,0.0
101.94828289298502,0.0,102.303,0.21495903315129006,0.10166798217063326,101.94828289298502,0.0
102.41380016646897,0.0,102.769,0.06681084448756636,0.10094557980717776,102.41380016646897,0.0
102.87931743995291,0.0,103.234,0.07552545909809272,0.09883665087147232,102.87931743995291,0.0
103.34483471343687,0.0,103.7,0.09295468831914588,0.09558457804769825,103.34483471343687,0.0
103.81035198692082,0.0,104.159,0.07334683790986474,0.0915153417710561,103.81035198692082,0.0
104.27586926040478,0.0,104.625,0.06245360211110995,0.08698712354780076,104.27586926040478,0.0
104.74138653388871,0.0,105.09,0.07116821672163653,0.0823457580840535,104.74138653388871,0.0
105.20690380737267,0.0,105.555,0.06681084448756636,0.07789236572588204,105.20690380737267,0.0
105.67242108085662,0.0,106.026,0.07988283133216312,0.07386558397110336,105.67242108085662,0.0
106.13793835434056,0.0,106.488,0.10602654530612887,0.07043702094466553,106.13793835434056,0.0
106.60345562782452,0.0,106.952,0.07552545909809272,0.06771574812211806,106.60345562782452,0.0
107.06897290130847,0.0,107.414,0.06681084448756636,0.06575682855524165,107.06897290130847,0.0
107.53449017479242,0.0,107.882,0.01670203772786283,0.0645702904328863,107.53449017479242,0.0
108.00000744827636,0.0,108.344,0.09731206055321606,0.06412942125401574,108.00000744827636,0.0
108.46552472176032,0.0,108.81,0.06027498092288175,0.06437881124812891,108.46552472176032,0.0
108.93104199524427,0.0,109.276,0.07116821672163653,0.06524234611201216,108.93104199524427,0.0
109.39655926872823,0.0,109.742,0.06681084448756636,0.06663037957519075,109.39655926872823,0.0
109.86207654221217,0.0,110.207,0.07552545909809272,0.06844503698696322,109.86207654221217,0.0
110.32759381569612,0.0,110.673,0.07552545909809272,0.07058323225105072,110.32759381569612,0.0
110.79311108918007,0.0,111.141,0.058096359734653547,0.07293792440101061,110.79311108918007,0.0
111.25862836266401,0.0,111.599,0.04720312393589898,0.07539895680138944,111.25862836266401,0.0
111.72414563614797,0.0,112.064,0.05373898750058337,0.07785509923163793,111.72414563614797,0.0
112.18966290963192,0.0,112.529,0.1975298039302369,0.08019802770108583,112.18966290963192,0.0
112.65518018311587,0.0,113.0,0.045024372890056785,0.08232710959728358,112.65518018311587,0.0
113.12069745659981,0.0,113.462,0.034131137091302,0.08415286106993797,113.12069745659981,0.0
113.58621473008377,0.0,113.93,0.10166930292967247,0.0855984162732831,113.58621473008377,0.0
114.05173200356772,0.0,114.392,0.09077606713091768,0.08660089327415452,114.05173200356772,0.0
114.51724927705166,0.0,114.855,0.04284575170182858,0.0871152080170037,114.51724927705166,0.0
114.98276655053562,0.0,115.326,0.11256253872842725,0.08712109015978058,114.98276655053562,0.0
115.44828382401957,0.0,115.784,0.13144615093586087,0.08663154759569161,115.44828382401957,0.0
115.91380109750352,0.0,116.252,0.09295468831914588,0.0856992755704347,115.91380109750352,0.0
116.37931837098746,0.0,116.717,0.06245360211110995,0.08441737239254021,116.37931837098746,0.0
116.84483564447142,0.0,117.185,0.07552545909809272,0.08291270593032894,116.84483564447142,0.0
117.31035291795537,0.0,117.651,0.07552545909809272,0.08133330479123484,117.31035291795537,0.0
117.77587019143931,0.0,118.116,0.09077606713091768,0.07983301351928487,117.77587019143931,0.0
118.24138746492326,0.0,118.574,0.06681084448756636,0.07855643835283267,118.24138746492326,0.0
118.70690473840722,0.0,119.048,0.07770421014393492,0.07762596548626668,118.70690473840722,0.0
119.17242201189117,0.0,119.507,0.08206145252039132,0.07713161392500215,119.17242201189117,0.0
119.63793928537511,0.0,119.974,0.06898959553340833,0.07712393857508296,119.63793928537511,0.0
120.10345655885907,0.0,120.436,0.09295468831914588,0.0776098467881343,120.10345655885907,0.0
120.56897383234302,0.0,120.9,0.07116821672163653,0.07855096075683955,120.56897383234302,0.0
121.03449110582696,0.0,121.37,0.10602654530612887,0.07986420075770014,121.03449110582696,0.0
121.50000837931091,0.0,121.836,0.045024372890056785,0.08142470560500344,121.50000837931091,0.0
121.96552565279487,0.0,122.298,0.0885974459426897,0.08307196845305141,121.96552565279487,0.0
122.43104292627882,0.0,122.764,0.06898959553340833,0.08462068093560746,122.43104292627882,0.0
122.89656019976276,0.0,123.229,0.06681084448756636,0.08587754355759934,122.89656019976276,0.0
123.36207747324671,0.0,123.695,0.09077606713091768,0.08666388060605874,123.36207747324671,0.0
123.82759474673067,0.0,124.159,0.11909853215072563,0.08684164190326175,123.82759474673067,0.0
124.29311202021461,0.0,124.624,0.08206145252039132,0.08633812365115809,124.29311202021461,0.0
124.75862929369856,0.0,125.089,0.1343490103259366,0.08516359459266803,124.75862929369856,0.0
125.22414656718252,0.0,125.554,0.0384885093253724,0.08341682094142572,125.22414656718252,0.0
125.68966384066647,0.0,126.015,0.1365276315141648,0.08127609303223447,125.68966384066647,0.0
126.15518111415041,0.0,126.485,0.04938174512412696,0.07897664522466843,126.15518111415041,0.0
126.62069838763436,0.0,126.948,0.07988283133216312,0.0767782141008804,126.62069838763436,0.0
127.08621566111832,0.0,127.41,0.058096359734653547,0.07492846055335524,127.08621566111832,0.0
127.55173293460226,0.0,127.878,0.023237901292547436,0.07362893134168076,127.55173293460226,0.0
128.0172502080862,0.0,128.341,0.09077606713091768,0.07300971823153442,128.0172502080862,0.0
128.48276748157016,0.0,128.806,0.09513330950737409,0.07311663304965896,128.48276748157016,0.0
128.94828475505412,0.0,129.27,0.07334683790986474,0.07391121127983052,128.94828475505412,0.0
129.41380202853807,0.0,129.735,0.08206145252039132,0.07528097105642509,129.41380202853807,0.0
129.87931930202203,0.0,130.202,0.058096359734653547,0.07705657021649982,129.87931930202203,0.0
130.34483657550595,0.0,130.667,0.07334683790986474,0.07903347658381982,130.34483657550595,0.0
130.8103538489899,0.0,131.134,0.0842400737086193,0.08099682037233301,130.8103538489899,0.0
131.27587112247386,0.0,131.6,0.058096359734653547,0.08274803063998729,131.27587112247386,0.0
131.7413883959578,0.0,132.059,0.07334683790986474,0.08413067927305624,131.7413883959578,0.0
132.20690566944177,0.0,132.525,0.1844579469432539,0.08505124659207781,132.20690566944177,0.0
132.67242294292572,0.0,132.993,0.11909853215072563,0.08548913185267827,132.67242294292572,0.0
133.13794021640967,0.0,133.455,0.06681084448756636,0.085490800644211,133.13794021640967,0.0
133.6034574898936,0.0,133.919,0.07116821672163653,0.0851471031209869,133.6034574898936,0.0
134.06897476337755,0.0,134.388,0.01888065891609103,0.08455951161629605,134.06897476337755,0.0
134.5344920368615,0.0,134.856,0.06245360211110995,0.08380634538097059,134.5344920368615,0.0
135.00000931034546,0.0,135.318,0.07334683790986474,0.08292048514485982,135.00000931034546,0.0
135.46552658382942,0.0,135.784,0.10166930292967247,0.0818855506664841,135.46552658382942,0.0
135.93104385731337,0.0,136.244,0.0842400737086193,0.08065082829165555,135.93104385731337,0.0
136.39656113079732,0.0,136.71,0.04938174512412696,0.07915969734878503,136.39656113079732,0.0
136.86207840428125,0.0,137.175,0.11256253872842725,0.0773835365902382,136.86207840428125,0.0
137.3275956777652,0.0,137.641,0.10602654530612887,0.07535249610889634,137.3275956777652,0.0
137.79311295124916,0.0,138.107,0.10602654530612887,0.07317496048600264,137.79311295124916,0.0
138.2586302247331,0.0,138.573,0.09949068174144426,0.07103918427116564,138.2586302247331,0.0
138.72414749821706,0.0,139.041,0.0384885093253724,0.0691943739436512,138.72414749821706,0.0
139.18966477170102,0.0,139.503,0.0384885093253724,0.06791405802602177,139.18966477170102,0.0
139.65518204518497,0.0,139.971,0.07988283133216312,0.06744974880353824,139.65518204518497,0.0
140.1206993186689,0.0,140.433,0.0363097582795302,0.06798531083628351,140.1206993186689,0.0
140.58621659215285,0.0,140.901,0.03776427112352465,0.06960153155599348,140.58621659215285,0.0
141.0517338656368,0.0,141.363,0.06245360211110995,0.07225731428837673,141.0517338656368,0.0
141.51725113912076,0.0,141.828,0.11256253872842725,0.07578992043054997,141.51725113912076,0.0
141.9827684126047,0.0,142.291,0.11691978110488366,0.07993249379622633,141.9827684126047,0.0
142.44828568608867,0.0,142.757,0.029773894714845817,0.08434397226789299,142.44828568608867,0.0
142.91380295957262,0.0,143.222,0.09077606713091768,0.08864588015952074,142.91380295957262,0.0
143.37932023305655,0.0,143.687,0.11038391754019905,0.09246193317695761,143.37932023305655,0.0
143.8448375065405,0.0,144.152,0.09295468831914588,0.09545759276163622,143.8448375065405,0.0
144.31035478002445,0.0,144.618,0.09295468831914588,0.09737647914693183,144.31035478002445,0.0
144.7758720535084,0.0,145.085,0.11691978110488366,0.09806989747481777,144.7758720535084,0.0
145.24138932699236,0.0,145.544,0.11256253872842725,0.09751580995677103,145.24138932699236,0.0
145.70690660047632,0.0,146.011,0.10166930292967247,0.09582446220575856,145.70690660047632,0.0
146.17242387396027,0.0,146.481,0.06463222329933815,0.0932293482075896,146.17242387396027,0.0
146.6379411474442,0.0,146.944,0.11909853215072563,0.09006410910148821,146.6379411474442,0.0
147.10345842092815,0.0,147.407,0.09077606713091768,0.08672766827370264,147.10345842092815,0.0
147.5689756944121,0.0,147.87,0.0885974459426897,0.08364087394864304,147.5689756944121,0.0
148.03449296789606,0.0,148.34,0.0842400737086193,0.08119858073464271,148.03449296789606,0.0
148.50001024138,0.0,148.799,0.06245360211110995,0.07972218356858793,148.50001024138,0.0
148.96552751486396,0.0,149.266,0.029773894714845817,0.07941893314731288,148.96552751486396,0.0
149.43104478834792,0.0,149.732,0.07770421014393492,0.08035480268049358,149.43104478834792,0.0
149.89656206183184,0.0,150.197,0.09077606713091768,0.08244614781586175,149.89656206183184,0.0
150.3620793353158,0.0,150.662,0.06681084448756636,0.0854718373993961,150.3620793353158,0.0
150.82759660879975,0.0,151.129,0.11909853215072563,0.08910328087884159,150.82759660879975,0.0
151.2931138822837,0.0,151.595,0.10166930292967247,0.09294662214703368,151.2931138822837,0.0
151.75863115576766,0.0,152.059,0.09731206055321606,0.09659017151055686,151.75863115576766,0.0
152.2241484292516,0.0,152.525,0.09295468831914588,0.09965072895386935,152.2241484292516,0.0
152.68966570273557,0.0,152.985,0.10602654530612887,0.10181409123563522,152.68966570273557,0.0
153.1551829762195,0.0,153.455,0.10166930292967247,0.10286671469290239,153.1551829762195,0.0
153.62070024970345,0.0,153.919,0.09295468831914588,0.10271644594655908,153.62070024970345,0.0
154.0862175231874,0.0,154.381,0.15831423296928815,0.10140044630902707,154.0862175231874,0.0
154.55173479667135,0.0,154.847,0.10602654530612887,0.09907859388194855,154.55173479667135,0.0
155.0172520701553,0.0,155.31,0.11474115991665546,0.09601172337328366,155.0172520701553,0.0
155.48276934363926,0.0,155.776,0.029773894714845817,0.09252678574731,155.48276934363926,0.0
155.94828661712322,0.0,156.241,0.058096359734653547,0.08897473708735845,155.94828661712322,0.0
156.41380389060714,0.0,156.707,0.11909853215072563,0.0856893844501088,156.41380389060714,0.0
156.8793211640911,0.0,157.17,0.04284575170182858,0.08295450002327903,156.8793211640911,0.0
157.34483843757505,0.0,157.636,0.10602654530612887,0.08098280530209581,157.34483843757505,0.0
157.810355711059,0.0,158.101,0.1140169217148077,0.07990646013307946,157.810355711059,0.0
158.27587298454296,0.0,158.566,0.07334683790986474,0.07977647230290853,158.27587298454296,0.0
158.7413902580269,0.0,159.029,0.03195251590307402,0.08056841684927278,158.7413902580269,0.0
159.20690753151086,0.0,159.499,0.09077606713091768,0.08219330400978896,159.20690753151086,0.0
159.6724248049948,0.0,159.96,0.06027498092288175,0.0845136343009419,159.6724248049948,0.0
160.13794207847874,0.0,160.429,0.12563439571541002,0.08736393214396149,160.13794207847874,0.0
160.6034593519627,0.0,160.893,0.11909853215072563,0.09057259368482995,160.6034593519627,0.0
161.06897662544665,0.0,161.355,0.11909853215072563,0.09397989313487175,161.06897662544665,0.0
161.5344938989306,0.0,161.821,0.058096359734653547,0.09744748955500591,161.5344938989306,0.0
162.00001117241456,0.0,162.284,0.11038391754019905,0.10085786823502928,162.00001117241456,0.0
162.4655284458985,0.0,162.749,0.11909853215072563,0.10410594257804588,162.4655284458985,0.0
162.93104571938244,0.0,163.215,0.0885974459426897,0.1070873958045283,162.93104571938244,0.0
163.3965629928664,0.0,163.68,0.07770421014393492,0.10968883668383311,163.3965629928664,0.0
163.86208026635035,0.0,164.148,0.07334683790986474,0.11178431592045442,163.86208026635035,0.0
164.3275975398343,0.0,164.614,0.11256253872842725,0.11324125495950484,164.3275975398343,0.0
164.79311481331825,0.0,165.079,0.1474208673129196,0.11393559518286289,164.79311481331825,0.0
165.2586320868022,0.0,165.545,0.23892425579464138,0.11377148073434759,165.2586320868022,0.0
165.72414936028616,0.0,166.007,0.06245360211110995,0.11269783540031288,165.72414936028616,0.0
166.1896666337701,0.0,166.47,0.04430026454582303,0.1107158394125253,166.1896666337701,0.0
166.65518390725404,0.0,166.937,0.09077606713091768,0.10787718805436453,166.65518390725404,0.0
167.120701180738,0.0,167.399,0.12999176794948042,0.10427838568369563,167.120701180738,0.0
167.58621845422195,0.0,167.87,0.08206145252039132,0.10005669530123437,167.58621845422195,0.0
168.0517357277059,0.0,168.333,0.10166930292967247,0.09538938689552298,168.0517357277059,0.0
168.51725300118986,0.0,168.798,0.12127715333895384,0.09049375069633767,168.51725300118986,0.0
168.9827702746738,0.0,169.263,0.11909853215072563,0.08562353590300718,168.9827702746738,0.0
169.44828754815777,0.0,169.728,0.04938174512412696,0.08105803249809485,169.44828754815777,0.0
169.9138048216417,0.0,170.193,0.10602654530612887,0.07708234642366588,169.9138048216417,0.0
170.37932209512564,0.0,170.658,0.0384885093253724,0.07396071890274274,170.37932209512564,0.0
170.8448393686096,0.0,171.126,0.06463222329933815,0.07190754755936002,170.8448393686096,0.0
171.31035664209355,0.0,171.584,0.06681084448756636,0.07106185898306824,171.31035664209355,0.0
171.7758739155775,0.0,172.049,0.05373898750058337,0.07147020021401361,171.7758739155775,0.0
172.24139118906146,0.0,172.515,0.09295468831914588,0.07308086399783618,172.24139118906146,0.0
172.7069084625454,0.0,172.985,0.045024372890056785,0.07574990661270291,172.7069084625454,0.0
173.17242573602934,0.0,173.448,0.09077606713091768,0.07925729584672629,173.17242573602934,0.0
173.6379430095133,0.0,173.915,0.11038391754019905,0.08332999530669045,173.6379430095133,0.0
174.10346028299725,0.0,174.377,0.09077606713091768,0.08766782010930493,174.10346028299725,0.0
174.5689775564812,0.0,174.843,0.12999176794948042,0.09196779127800374,174.5689775564812,0.0
175.03449482996515,0.0,175.308,0.06681084448756636,0.09594405901979192,175.03449482996515,0.0
175.5000121034491,0.0,175.773,0.003630050883266067,0.09934313453119936,175.5000121034491,0.0
175.96552937693306,0.0,176.24,0.1844579469432539,0.10195657529597961,175.96552937693306,0.0
176.431046650417,0.0,176.699,0.11909853215072563,0.10363328714842822,176.431046650417,0.0
176.89656392390094,0.0,177.17,0.06898959553340833,0.10429110632718473,176.89656392390094,0.0
177.3620811973849,0.0,177.629,0.09949068174144426,0.10392493026056646,177.3620811973849,0.0
177.82759847086885,0.0,178.096,0.16702871772220074,0.10260848323653857,177.82759847086885,0.0
178.2931157443528,0.0,178.561,0.09077606713091768,0.10048800815483994,178.2931157443528,0.0
178.75863301783676,0.0,179.029,0.07988283133216312,0.09776751533693064,178.75863301783676,0.0
179.2241502913207,0.0,179.492,0.07770421014393492,0.09468706333241096,179.2241502913207,0.0
179.68966756480464,0.0,179.96,0.0842400737086193,0.09149778721051444,179.68966756480464,0.0
180.1551848382886,0.0,180.422,0.09077606713091768,0.08843837147471485,180.1551848382886,0.0
180.62070211177254,0.0,180.885,0.09295468831914588,0.08571649990720162,180.62070211177254,0.0
181.0862193852565,0.0,181.355,0.06681084448756636,0.08349661323050074,181.0862193852565,0.0
181.55173665874045,0.0,181.82,0.10602654530612887,0.08189359517578082,181.55173665874045,0.0
182.0172539322244,0.0,182.283,0.051560366312355166,0.08097125521469929,182.0172539322244,0.0
182.48277120570836,0.0,182.749,0.10166930292967247,0.080744288036862,182.48277120570836,0.0
182.94828847919229,0.0,183.215,0.0885974459426897,0.08118232189015215,182.94828847919229,0.0
183.41380575267624,0.0,183.674,0.0842400737086193,0.08221463783346607,183.41380575267624,0.0
183.8793230261602,0.0,184.141,0.0842400737086193,0.08373441758838251,183.8793230261602,0.0
184.34484029964415,0.0,184.606,0.09295468831914588,0.08560220947538241,184.34484029964415,0.0
184.8103575731281,0.0,185.071,0.06681084448756636,0.08764948452528587,184.8103575731281,0.0
185.27587484661206,0.0,185.537,0.08206145252039132,0.08968412459760204,185.27587484661206,0.0
185.741392120096,0.0,186.0,0.0885974459426897,0.09149993743123205,185.741392120096,0.0
186.20690939357993,0.0,186.469,0.06245360211110995,0.09289155608943545,186.20690939357993,0.0
186.6724266670639,0.0,186.93,0.12999176794948042,0.09367439380949942,186.6724266670639,0.0
187.13794394054784,0.0,187.4,0.09949068174144426,0.09370716689154843,187.13794394054784,0.0
187.6034612140318,0.0,187.863,0.11474115991665546,0.09291276366777194,187.6034612140318,0.0
188.06897848751575,0.0,188.325,0.07770421014393492,0.09129293518084597,188.06897848751575,0.0
188.5344957609997,0.0,188.791,0.09077606713091768,0.08893375283609121,188.5344957609997,0.0
189.00001303448366,0.0,189.256,0.06681084448756636,0.08600111844254507,189.00001303448366,0.0
189.46553030796758,0.0,189.721,0.10602654530612887,0.08272735544795475,189.46553030796758,0.0
189.93104758145154,0.0,190.186,0.10166930292967247,0.07939036758224745,189.93104758145154,0.0
190.3965648549355,0.0,190.651,0.06681084448756636,0.0762866636078949,190.3965648549355,0.0
190.86208212841944,0.0,191.118,0.0885974459426897,0.0736999648739297,190.86208212841944,0.0
191.3275994019034,0.0,191.584,0.03195251590307402,0.07186865999303912,191.3275994019034,0.0
191.79311667538735,0.0,192.049,0.04284575170182858,0.07095719689508208,191.79311667538735,0.0
192.2586339488713,0.0,192.515,0.05373898750058337,0.07103704959054308,192.2586339488713,0.0
192.72415122235523,0.0,192.978,0.11909853215072563,0.07208112634030935,192.72415122235523,0.0
193.1896684958392,0.0,193.44,0.058096359734653547,0.07397184609287705,193.1896684958392,0.0
193.65518576932314,0.0,193.904,0.10602654530612887,0.07651960006595195,193.65518576932314,0.0
194.1207030428071,0.0,194.373,0.04720312393589898,0.07948694544764182,194.1207030428071,0.0
194.58622031629105,0.0,194.839,0.0885974459426897,0.08261477383198741,194.58622031629105,0.0
195.051737589775,0.0,195.302,0.09077606713091768,0.08564823623159597,195.051737589775,0.0
195.51725486325896,0.0,195.768,0.07334683790986474,0.08836090287298856,195.51725486325896,0.0
195.98277213674288,0.0,196.233,0.11256253872842725,0.09057533021399994,195.98277213674288,0.0
196.44828941022683,0.0,196.699,0.12345577452718204,0.09217765122204971,196.44828941022683,0.0
196.9138066837108,0.0,197.163,0.06463222329933815,0.09312381160052237,196.9138066837108,0.0
197.37932395719474,0.0,197.628,0.12781314676125222,0.09343613906722646,197.37932395719474,0.0
197.8448412306787,0.0,198.093,0.0842400737086193,0.09319096428738934,197.8448412306787,0.0
198.31035850416265,0.0,198.559,0.04284575170182858,0.09250025457953857,198.31035850416265,0.0
198.7758757776466,0.0,199.022,0.09077606713091768,0.09149172200325632,198.7758757776466,0.0
199.24139305113053,0.0,199.484,0.10820529635197085,0.09029183628581001,199.24139305113053,0.0
199.70691032461448,0.0,199.952,0.09295468831914588,0.08901433410486213,199.70691032461448,0.0
200.17242759809844,0.0,200.414,0.06245360211110995,0.08775413335628525,200.17242759809844,0.0
200.6379448715824,0.0,200.882,0.14959961835876157,0.08658474135219628,200.6379448715824,0.0
201.10346214506635,0.0,201.345,0.058096359734653547,0.08555702606843629,201.10346214506635,0.0
201.5689794185503,0.0,201.81,0.07988283133216312,0.08469817386160523,201.5689794185503,0.0
202.03449669203425,0.0,202.276,0.07988283133216312,0.08401123457472821,202.03449669203425,0.0
202.50001396551818,0.0,202.742,0.045024372890056785,0.0834771248027858,202.50001396551818,0.0
202.96553123900213,0.0,203.207,0.07988283133216312,0.08306120609013148,202.96553123900213,0.0
203.4310485124861,0.0,203.672,0.11909853215072563,0.08272498443591887,203.4310485124861,0.0
203.89656578597004,0.0,204.138,0.09077606713091768,0.08244074735025914,203.89656578597004,0.0
204.362083059454,0.0,204.603,0.09077606713091768,0.08220470678044149,204.362083059454,0.0
204.82760033293795,0.0,205.068,0.11691978110488366,0.082044036615582,204.82760033293795,0.0
205.2931176064219,0.0,205.533,0.03195251590307402,0.0820153345137824,205.2931176064219,0.0
205.75863487990583,0.0,205.996,0.06027498092288175,0.0821952197202682,205.75863487990583,0.0
206.22415215338978,0.0,206.459,0.12127715333895384,0.08266616066512325,206.22415215338978,0.0
206.68966942687373,0.0,206.929,0.07988283133216312,0.08350094931743365,206.68966942687373,0.0
207.1551867003577,0.0,207.392,0.07770421014393492,0.0847478792526823,207.1551867003577,0.0
207.62070397384164,0.0,207.856,0.10166930292967247,0.08641744760768093,207.62070397384164,0.0
208.0862212473256,0.0,208.325,0.06681084448756636,0.08847146130972715,208.0862212473256,0.0
208.55173852080955,0.0,208.784,0.09077606713091768,0.09081619939089075,208.55173852080955,0.0
209.01725579429348,0.0,209.249,0.0842400737086193,0.09330167264413702,209.01725579429348,0.0
209.48277306777743,0.0,209.714,0.11909853215072563,0.09572862640743171,209.48277306777743,0.0
209.94829034126138,0.0,210.182,0.05373898750058337,0.09786399067957555,209.94829034126138,0.0
210.41380761474534,0.0,210.648,0.09295468831914588,0.09946444387553334,210.41380761474534,0.0
210.8793248882293,0.0,211.115,0.10166930292967247,0.10030667534511663,210.8793248882293,0.0
211.34484216171325,0.0,211.58,0.11909853215072563,0.10022131408225633,211.34484216171325,0.0
211.8103594351972,0.0,212.041,0.0864186948968475,0.09912529675384475,211.8103594351972,0.0
212.27587670868112,0.0,212.51,0.1844579469432539,0.09704573266620735,212.27587670868112,0.0
212.74139398216508,0.0,212.971,0.11256253872842725,0.09412841355627125,212.74139398216508,0.0
213.20691125564903,0.0,213.441,0.029773894714845817,0.09062676471668799,213.20691125564903,0.0
213.672428529133,0.0,213.904,0.09295468831914588,0.0868719628315668,213.672428529133,0.0
214.13794580261694,0.0,214.366,0.08206145252039132,0.0832301447244846,214.13794580261694,0.0
214.6034630761009,0.0,214.832,0.06463222329933815,0.08005529103962213,214.6034630761009,0.0
215.06898034958485,0.0,215.295,0.06245360211110995,0.07764569088819913,215.06898034958485,0.0
215.5344976230688,0.0,215.761,0.0885974459426897,0.07620956048355884,215.5344976230688,0.0
216.00001489655273,0.0,216.226,0.07334683790986474,0.07584303918441392,216.00001489655273,0.0
216.46553217003668,0.0,216.692,0.05373898750058337,0.07652184050123674,216.46553217003668,0.0
216.93104944352064,0.0,217.159,0.0864186948968475,0.07810634704297809,216.93104944352064,0.0
217.3965667170046,0.0,217.625,0.07988283133216312,0.08035883292926477,217.3965667170046,0.0
217.86208399048854,0.0,218.089,0.09295468831914588,0.08297045290086406,217.86208399048854,0.0
218.3276012639725,0.0,218.554,0.09513330950737409,0.08559467595022244,218.3276012639725,0.0
218.79311853745645,0.0,219.015,0.07334683790986474,0.08788348407321757,218.79311853745645,0.0
219.25863581094038,0.0,219.485,0.0885974459426897,0.08952314145318327,219.25863581094038,0.0
219.72415308442433,0.0,219.948,0.07770421014393492,0.09026714852211444,219.72415308442433,0.0
220.18967035790828,0.0,220.41,0.10820529635197085,0.08996432292566839,220.18967035790828,0.0
220.65518763139224,0.0,220.878,0.0864186948968475,0.08857950038030049,220.65518763139224,0.0
221.1207049048762,0.0,221.34,0.12781314676125222,0.08620366305386881,221.1207049048762,0.0
221.58622217836015,0.0,221.806,0.07116821672163653,0.08305033244699295,221.58622217836015,0.0
222.0517394518441,0.0,222.269,0.0842400737086193,0.07943642745054073,222.0517394518441,0.0
222.51725672532802,0.0,222.735,0.09077606713091768,0.07574827945079697,222.51725672532802,0.0
222.98277399881198,0.0,223.2,0.10166930292967247,0.07239625369645088,222.98277399881198,0.0
223.44829127229593,0.0,223.665,0.0029058126814183183,0.0697638008972641,223.44829127229593,0.0
223.9138085457799,0.0,224.13,0.029773894714845817,0.06815864536943711,223.9138085457799,0.0
224.37932581926384,0.0,224.595,0.06245360211110995,0.06777457279604053,224.37932581926384,0.0
224.8448430927478,0.0,225.06,0.09295468831914588,0.0686704564635334,224.8448430927478,0.0
225.31036036623175,0.0,225.526,0.11256253872842725,0.0707686076910641,225.31036036623175,0.0
225.77587763971567,0.0,225.989,0.01888065891609103,0.07386981770284312,225.77587763971567,0.0
226.24139491319963,0.0,226.459,0.0864186948968475,0.07768045749614698,226.24139491319963,0.0
226.70691218668358,0.0,226.922,0.07770421014393492,0.08184767515436224,226.70691218668358,0.0
227.17242946016754,0.0,227.385,0.09513330950737409,0.0859996139379535,227.17242946016754,0.0
227.6379467336515,0.0,227.856,0.07988283133216312,0.08978711164707094,227.6379467336515,0.0
228.10346400713544,0.0,228.318,0.11909853215072563,0.09292222898281936,228.10346400713544,0.0
228.5689812806194,0.0,228.783,0.12127715333895384,0.09520845382174704,228.5689812806194,0.0
229.03449855410332,0.0,229.249,0.09077606713091768,0.09655804924418183,229.03449855410332,0.0
229.50001582758728,0.0,229.714,0.09949068174144426,0.09699384102664435,229.50001582758728,0.0
229.96553310107123,0.0,230.174,0.12127715333895384,0.09663552897200932,229.96553310107123,0.0
230.43105037455518,0.0,230.64,0.05373898750058337,0.0956735242046183,230.43105037455518,0.0
230.89656764803914,0.0,231.104,0.09077606713091768,0.09433547450479211,230.89656764803914,0.0
231.3620849215231,0.0,231.569,0.0885974459426897,0.09285157216489508,231.3620849215231,0.0
231.82760219500705,0.0,232.037,0.08206145252039132,0.09142419724702554,231.82760219500705,0.0
232.29311946849097,0.0,232.5,0.09949068174144426,0.09020560101277239,232.29311946849097,0.0
232.75863674197493,0.0,232.97,0.0842400737086193,0.08928506111453591,232.75863674197493,0.0
233.22415401545888,0.0,233.433,0.09077606713091768,0.08868520504560158,233.22415401545888,0.0
233.68967128894283,0.0,233.9,0.10602654530612887,0.08836632698351353,233.68967128894283,0.0
234.1551885624268,0.0,234.362,0.07116821672163653,0.08823736312731881,234.1551885624268,0.0
234.62070583591074,0.0,234.828,0.05591760868881157,0.08817249362315226,234.62070583591074,0.0
235.0862231093947,0.0,235.291,0.07334683790986474,0.08803261590527567,235.0862231093947,0.0
235.55174038287862,0.0,235.756,0.09295468831914588,0.08769025533451465,235.55174038287862,0.0
236.01725765636257,0.0,236.222,0.19970855497607887,0.08705428737699214,236.01725765636257,0.0
236.48277492984653,0.0,236.688,0.06898959553340833,0.0860884023003042,236.48277492984653,0.0
236.94829220333048,0.0,237.153,0.04066713051360038,0.08481734051711445,236.94829220333048,0.0
237.41380947681444,0.0,237.618,0.10602654530612887,0.0833188613565417,237.41380947681444,0.0
237.8793267502984,0.0,238.085,0.06898959553340833,0.08170475682598474,237.8793267502984,0.0
238.34484402378234,0.0,238.551,0.058096359734653547,0.08009730148705767,238.34484402378234,0.0
238.81036129726627,0.0,239.011,0.05373898750058337,0.07860738134586742,238.81036129726627,0.0
239.27587857075022,0.0,239.481,0.11909853215072563,0.07731864710113062,239.27587857075022,0.0
239.74139584423418,0.0,239.941,0.06245360211110995,0.07627960525250747,239.74139584423418,0.0
240.20691311771813,0.0,240.411,0.06681084448756636,0.07550328327603308,240.20691311771813,0.0
240.67243039120208,0.0,240.874,0.09077606713091768,0.07497284105797085,240.67243039120208,0.0
241.13794766468604,0.0,241.337,0.0384885093253724,0.0746514123153887,241.13794766468604,0.0
241.60346493817,0.0,241.802,0.09513330950737409,0.07449462975907753,241.60346493817,0.0
242.06898221165392,0.0,242.266,0.09295468831914588,0.07446391827496086,242.06898221165392,0.0
242.53449948513787,0.0,242.732,0.06898959553340833,0.07453789407487586,242.53449948513787,0.0
243.00001675862183,0.0,243.197,0.10602654530612887,0.07471891613954021,243.00001675862183,0.0
243.46553403210578,0.0,243.663,0.058096359734653547,0.07503270894566638,243.46553403210578,0.0
243.93105130558973,0.0,244.13,0.058096359734653547,0.07552090031114422,243.93105130558973,0.0
244.3965685790737,0.0,244.596,0.07770421014393492,0.07622836457951206,244.3965685790737,0.0
244.86208585255764,0.0,245.056,0.11909853215072563,0.07718838100628811,244.86208585255764,0.0
245.32760312604157,0.0,245.521,0.04938174512412696,0.0784085709528086,245.32760312604157,0.0
245.79312039952552,0.0,245.989,0.04938174512412696,0.079860260647487,245.79312039952552,0.0
246.25863767300947,0.0,246.451,0.06245360211110995,0.08147408212966828,246.25863767300947,0.0
246.72415494649343,0.0,246.915,0.09295468831914588,0.08314443237203176,246.72415494649343,0.0
247.18967221997738,0.0,247.385,0.08206145252039132,0.08474349042663502,247.18967221997738,0.0
247.65518949346134,0.0,247.844,0.09731206055321606,0.08614217542662733,247.65518949346134,0.0
248.1207067669453,0.0,248.309,0.138706382560007,0.08723259315001482,248.1207067669453,0.0
248.58622404042922,0.0,248.775,0.0842400737086193,0.08794568616118731,248.58622404042922,0.0
249.05174131391317,0.0,249.241,0.07552545909809272,0.08825934826326559,249.05174131391317,0.0
249.51725858739712,0.0,249.706,0.09077606713091768,0.08819559210595536,249.51725858739712,0.0
249.98277586088108,0.0,250.171,0.11474115991665546,0.08780897375997132,249.98277586088108,0.0
250.44829313436503,0.0,250.637,0.00580867207149427,0.08717084221133103,250.44829313436503,0.0
250.91381040784898,0.0,251.104,0.11256253872842725,0.0863546691878071,250.91381040784898,0.0
251.37932768133294,0.0,251.569,0.06245360211110995,0.08542693580005524,251.37932768133294,0.0
251.84484495481686,0.0,252.033,0.138706382560007,0.08444584534720777,251.84484495481686,0.0
252.31036222830082,0.0,252.495,0.014523286682020853,0.08346716759007629,252.31036222830082,0.0
252.77587950178477,0.0,252.963,0.11256253872842725,0.08255432094902654,252.77587950178477,0.0
253.24139677526873,0.0,253.426,0.09077606713091768,0.0817889743173422,253.24139677526873,0.0
253.70691404875268,0.0,253.889,0.11474115991665546,0.08127816298157677,253.70691404875268,0.0
254.17243132223663,0.0,254.358,0.0842400737086193,0.08115381579242592,254.17243132223663,0.0
254.6379485957206,0.0,254.824,0.09077606713091768,0.0815616425693979,254.6379485957206,0.0
255.1034658692045,0.0,255.287,0.10166930292967247,0.08263911129275293,255.1034658692045,0.0
255.56898314268847,0.0,255.752,0.029773894714845817,0.08448587958586272,255.56898314268847,0.0
256.0345004161724,0.0,256.219,0.10602654530612887,0.08713311840134119,256.0345004161724,0.0
256.5000176896564,0.0,256.685,0.0384885093253724,0.09051962252702972,256.5000176896564,0.0
256.9655349631403,0.0,257.144,0.09077606713091768,0.09448187535770897,256.9655349631403,0.0
257.4310522366243,0.0,257.61,0.09295468831914588,0.09876241671098132,257.4310522366243,0.0
257.89656951010824,0.0,258.074,0.10602654530612887,0.10303676234419873,257.89656951010824,0.0
258.3620867835922,0.0,258.54,0.10820529635197085,0.10695491913065802,258.3620867835922,0.0
258.82760405707614,0.0,259.008,0.11909853215072563,0.11019032696191179,258.82760405707614,0.0
259.2931213305601,0.0,259.47,0.06463222329933815,0.11248734838594805,259.2931213305601,0.0
259.75863860404405,0.0,259.941,0.3282487633729074,0.11369797136894536,259.75863860404405,0.0
260.22415587752795,0.0,260.403,0.0384885093253724,0.1137991833472269,260.22415587752795,0.0
260.6896731510119,0.0,260.867,0.11909853215072563,0.11288585680696689,260.6896731510119,0.0
261.15519042449586,0.0,261.329,0.04938174512412696,0.11114092621242602,261.15519042449586,0.0
261.6207076979798,0.0,261.795,0.10166930292967247,0.1087925147343746,261.6207076979798,0.0
262.08622497146376,0.0,262.259,0.023237901292547436,0.10607153645035909,262.08622497146376,0.0
262.5517422449477,0.0,262.724,0.16848323056619519,0.10318094840494796,262.5517422449477,0.0
263.0172595184317,0.0,263.19,0.10166930292967247,0.1002813629928399,263.0172595184317,0.0
263.4827767919156,0.0,263.655,0.12127715333895384,0.09749093799993902,263.4827767919156,0.0
263.9482940653996,0.0,264.122,0.07988283133216312,0.09489347066230155,263.9482940653996,0.0
264.41381133888353,0.0,264.588,0.10820529635197085,0.09254850912850625,264.41381133888353,0.0
264.8793286123675,0.0,265.053,0.11474115991665546,0.09049961946427926,264.8793286123675,0.0
265.34484588585144,0.0,265.518,0.00580867207149427,0.08877949891366174,265.34484588585144,0.0
265.8103631593354,0.0,265.981,0.11256253872842725,0.08741226578124371,265.8103631593354,0.0
266.27588043281935,0.0,266.444,0.16920746876804293,0.08641356546057188,266.27588043281935,0.0
266.74139770630325,0.0,266.915,0.07334683790986474,0.08578820585873317,266.74139770630325,0.0
267.2069149797872,0.0,267.377,0.034131137091302,0.08552451460280205,267.2069149797872,0.0
267.67243225327115,0.0,267.844,0.08206145252039132,0.0855863477892598,267.67243225327115,0.0
268.1379495267551,0.0,268.308,0.06245360211110995,0.08590651897395302,268.1379495267551,0.0
268.60346680023906,0.0,268.774,0.11909853215072563,0.0863861002888836,268.60346680023906,0.0
269.068984073723,0.0,269.24,0.0842400737086193,0.08690164888025954,269.068984073723,0.0
269.53450134720697,0.0,269.699,0.06245360211110995,0.08731925393450861,269.53450134720697,0.0
270.0000186206909,0.0,270.164,0.09077606713091768,0.0875126046729157,270.0000186206909,0.0
270.4655358941749,0.0,270.63,0.11474115991665546,0.08738194954883173,270.4655358941749,0.0
270.93105316765883,0.0,271.096,0.09295468831914588,0.08687065373352237,270.93105316765883,0.0
271.3965704411428,0.0,271.562,0.12781314676125222,0.08597593922453713,271.3965704411428,0.0
271.86208771462674,0.0,272.026,0.029773894714845817,0.08475135211590938,271.86208771462674,0.0
272.3276049881107,0.0,272.495,0.06681084448756636,0.08330091599418209,272.3276049881107,0.0
272.79312226159465,0.0,272.959,0.08206145252039132,0.0817673944870476,272.79312226159465,0.0
273.25863953507854,0.0,273.421,0.11691978110488366,0.08031760928605791,273.25863953507854,0.0
273.7241568085625,0.0,273.889,0.10820529635197085,0.0791260912653082,273.7241568085625,0.0
274.18967408204645,0.0,274.352,0.03195251590307402,0.07835662310879997,274.18967408204645,0.0
274.6551913555304,0.0,274.818,0.11909853215072563,0.07814165453571559,274.6551913555304,0.0
275.12070862901436,0.0,275.281,0.007987423117336245,0.07856182545064129,275.12070862901436,0.0
275.5862259024983,0.0,275.747,0.09077606713091768,0.07962969169557302,275.5862259024983,0.0
276.05174317598227,0.0,276.212,0.11256253872842725,0.08128158068371057,276.05174317598227,0.0
276.5172604494662,0.0,276.678,0.07770421014393492,0.08337952896098602,276.5172604494662,0.0
276.9827777229502,0.0,277.144,0.06245360211110995,0.08572305798901161,276.9827777229502,0.0
277.44829499643413,0.0,277.61,0.058096359734653547,0.08806957572169435,277.44829499643413,0.0
277.9138122699181,0.0,278.069,0.11909853215072563,0.09016213171791385,277.9138122699181,0.0
278.37932954340204,0.0,278.534,0.07988283133216312,0.0917624909378859,278.37932954340204,0.0
278.844846816886,0.0,279.004,0.11691978110488366,0.09268554402220806,278.844846816886,0.0
279.31036409036994,0.0,279.466,0.09077606713091768,0.09282929290255475,279.31036409036994,0.0
279.77588136385384,0.0,279.93,0.09295468831914588,0.09219433669156431,279.77588136385384,0.0
280.2413986373378,0.0,280.399,0.17574333233272732,0.09088790579979011,280.2413986373378,0.0
280.70691591082175,0.0,280.863,0.07770421014393492,0.08910959677489401,280.70691591082175,0.0
281.1724331843057,0.0,281.326,0.07988283133216312,0.08711928759367377,281.1724331843057,0.0
281.63795045778966,0.0,281.791,0.0384885093253724,0.08519248411576244,281.63795045778966,0.0
282.1034677312736,0.0,282.259,0.01670203772786283,0.08357306704643122,282.1034677312736,0.0
282.56898500475756,0.0,282.724,0.09077606713091768,0.08243511332871276,282.56898500475756,0.0
283.0345022782415,0.0,283.189,0.11691978110488366,0.0818623841415348,283.0345022782415,0.0
283.5000195517255,0.0,283.655,0.11256253872842725,0.0818477011398119,283.5000195517255,0.0
283.9655368252094,0.0,284.115,0.00580867207149427,0.08230867503611161,283.9655368252094,0.0
284.4310540986934,0.0,284.581,0.09077606713091768,0.08311398278122104,284.4310540986934,0.0
284.89657137217733,0.0,285.049,0.16267147534574455,0.08411476682532011,284.89657137217733,0.0
285.3620886456613,0.0,285.514,0.06463222329933815,0.08517602681642279,285.3620886456613,0.0
285.82760591914524,0.0,285.975,0.07334683790986474,0.08620267650500867,285.82760591914524,0.0
286.29312319262914,0.0,286.444,0.10820529635197085,0.08715605670179048,286.29312319262914,0.0
286.7586404661131,0.0,286.907,0.07770421014393492,0.088059349667445,286.7586404661131,0.0
287.22415773959705,0.0,287.37,0.0864186948968475,0.08899266621678528,287.22415773959705,0.0
287.689675013081,0.0,287.835,0.09295468831914588,0.09007955975470866,287.689675013081,0.0
288.15519228656495,0.0,288.299,0.09731206055321606,0.0914669085352349,288.15519228656495,0.0
288.6207095600489,0.0,288.764,0.11038391754019905,0.09330011559740074,288.6207095600489,0.0
289.08622683353286,0.0,289.229,0.09731206055321606,0.0956957409848572,289.08622683353286,0.0
289.5517441070168,0.0,289.695,0.06245360211110995,0.09871437034968525,289.5517441070168,0.0
290.01726138050077,0.0,290.16,0.01888065891609103,0.10233756525238813,290.01726138050077,0.0
290.4827786539847,0.0,290.626,0.2977476771648715,0.10645290828566298,290.4827786539847,0.0
290.9482959274687,0.0,291.093,0.010166044305564448,0.11084950951886899,290.9482959274687,0.0
291.41381320095263,0.0,291.558,0.09077606713091768,0.11522431937643227,291.41381320095263,0.0
291.8793304744366,0.0,292.026,0.07770421014393492,0.11919956516774156,291.8793304744366,0.0
292.34484774792054,0.0,292.488,0.11909853215072563,0.12235267850498882,292.34484774792054,0.0
292.8103650214045,0.0,292.956,0.22149502657358844,0.12425869182790229,292.8103650214045,0.0
293.2758822948884,0.0,293.419,0.11909853215072563,0.12454083831810266,293.2758822948884,0.0
293.74139956837234,0.0,293.881,0.029773894714845817,0.12292191873555247,293.74139956837234,0.0
294.2069168418563,0.0,294.344,0.09949068174144426,0.11926966138583338,294.2069168418563,0.0
294.67243411534025,0.0,294.81,0.23020964118411502,0.11363146421717171,294.67243411534025,0.0
295.1379513888242,0.0,295.276,0.12345577452718204,0.10625370901117906,295.1379513888242,0.0
295.60346866230816,0.0,295.742,0.10166930292967247,0.0975790071755728,295.60346866230816,0.0
296.0689859357921,0.0,296.207,0.11474115991665546,0.08821580329051916,296.0689859357921,0.0
296.53450320927607,0.0,296.673,0.051560366312355166,0.07888039653110054,296.53450320927607,0.0
297.00002048276,0.0,297.138,0.0384885093253724,0.07031843174769462,297.00002048276,0.0
297.465537756244,0.0,297.603,0.09295468831914588,0.06321756497058241,297.465537756244,0.0
297.93105502972793,0.0,298.07,0.03195251590307402,0.058124250955512394,297.93105502972793,0.0
298.3965723032119,0.0,298.529,0.010166044305564448,0.05537636557702672,298.3965723032119,0.0
298.86208957669584,0.0,298.996,0.01670203772786283,0.05506099662302715,298.86208957669584,0.0
299.3276068501798,0.0,299.466,0.11038391754019905,0.05700357339410996,299.3276068501798,-7.408796433907181e-05
299.7931241236637,0.0,299.93,0.014523286682020853,0.060790129215941534,299.7931241236637,-9.839537789135521e-05
300.25864139714764,0.0,300.392,0.09077606713091768,0.06581952477021431,300.25864139714764,-0.0001534925966310549
300.7241586706316,0.0,300.856,0.003630050883266067,0.07137862871008063,300.7241586706316,-0.00021150308627957364
301.18967594411555,0.0,301.326,0.12781314676125222,0.07673126139830784,301.18967594411555,-0.0002447415186748564
301.6551932175995,0.0,301.784,0.11909853215072563,0.08120998240904782,301.6551932175995,-0.0002730312960351073
302.12071049108346,0.0,302.252,0.11909853215072563,0.08429811341884386,302.12071049108346,-0.0003234162923240503
302.5862277645674,0.0,302.718,0.09949068174144426,0.08568935099795372,302.5862277645674,-0.00037544809866898955
303.05174503805137,0.0,303.185,0.11909853215072563,0.08531565288049864,303.05174503805137,-0.00038800374359103715
303.5172623115353,0.0,303.65,0.051560366312355166,0.08334028424458721,303.5172623115353,-0.0004091758452824566
303.9827795850193,0.0,304.115,0.06463222329933815,0.08011967791108389,303.9827795850193,-0.0004085940109351452
304.4482968585032,0.0,304.574,0.0885974459426897,0.0761428546969185,304.4482968585032,-0.0003834148748272662
304.9138141319872,0.0,305.048,0.06681084448756636,0.07195944578857101,304.9138141319872,-0.00036487437865292017
305.37933140547113,0.0,305.507,0.029773894714845817,0.06810713592146567,305.37933140547113,-0.00035666911100428123
305.8448486789551,0.0,305.975,0.04066713051360038,0.0650478299556221,305.8448486789551,-0.00034860981505910354
306.310365952439,0.0,306.437,0.06681084448756636,0.06311973872995896,306.310365952439,-0.00033588558425005097
306.77588322592294,0.0,306.9,0.07770421014393492,0.06250954688892144,306.77588322592294,-0.00030963530433932213
307.2414004994069,0.0,307.37,0.07552545909809272,0.06324500487376822,307.2414004994069,-0.0002730868026968563
307.70691777289085,0.0,307.836,0.04938174512412696,0.06520515912377935,307.70691777289085,-0.0002090297840570547
308.1724350463748,0.0,308.299,0.046478885734051234,0.06814429768566665,308.1724350463748,-0.00012666459325511134
308.63795231985875,0.0,308.765,0.07770421014393492,0.07172603379356518,308.63795231985875,-5.021435048058019e-05
309.1034695933427,0.0,309.229,0.0842400737086193,0.0755640910615572,309.1034695933427,1.1759997698103685e-05
309.56898686682666,0.0,309.695,0.1321703891377084,0.07926546118379872,309.56898686682666,4.2572414941558454e-05
310.0345041403106,0.0,310.16,0.07116821672163653,0.08247068192540077,310.0345041403106,9.010170789439283e-05
310.50002141379457,0.0,310.625,0.0384885093253724,0.08488667357233935,310.50002141379457,0.00016642037031535645
310.9655386872785,0.0,311.086,0.11038391754019905,0.08631003663583756,310.9655386872785,0.00024191871140747472
311.4310559607625,0.0,311.552,0.08206145252039132,0.0866410834855058,311.4310559607625,0.00032554830690536966
311.89657323424643,0.0,312.015,0.10820529635197085,0.08588936754582066,311.89657323424643,0.0004119266980875803
312.3620905077304,0.0,312.484,0.0842400737086193,0.0841705685388561,312.3620905077304,0.00047366872446141805
312.8276077812143,0.0,312.945,0.07988283133216312,0.08169417121137665,312.8276077812143,0.0004994584727510821
313.29312505469824,0.0,313.414,0.06463222329933815,0.07874226874930339,313.29312505469824,0.0005376064976269672
313.7586423281822,0.0,313.878,0.09077606713091768,0.07564124268537728,313.7586423281822,0.0005826480992290066
314.22415960166614,0.0,314.34,0.07116821672163653,0.07272894686218506,314.22415960166614,0.0006205864146355685
314.6896768751501,0.0,314.806,0.09077606713091768,0.0703201510860509,314.6896768751501,0.0006656691352255411
315.15519414863405,0.0,315.27,0.034131137091302,0.06867301938314235,315.15519414863405,0.0007487929686819275
315.620711422118,0.0,315.735,0.0864186948968475,0.06795985633741948,315.620711422118,0.0008304879216760013
316.08622869560196,0.0,316.202,0.03195251590307402,0.0682459598703467,316.08622869560196,0.0008882743136651903
316.5517459690859,0.0,316.667,0.06245360211110995,0.06948035889913104,316.5517459690859,0.0009467329989175568
317.01726324256987,0.0,317.134,0.09949068174144426,0.07150102135696998,317.01726324256987,0.0010057940753717828
317.4827805160538,0.0,317.6,0.010166044305564448,0.07405502923762991,317.4827805160538,0.0010698778204347214
317.9482977895378,0.0,318.06,0.0864186948968475,0.07683184756697818,317.9482977895378,0.001129502225082928
318.41381506302173,0.0,318.525,0.11909853215072563,0.07950549796137792,318.41381506302173,0.0012074882563936438
318.8793323365057,0.0,318.993,0.09295468831914588,0.08177917987030725,318.8793323365057,0.0012616274049888725
319.3448496099896,0.0,319.455,0.11038391754019905,0.0834243065580444,319.3448496099896,0.001280570862505135
319.81036688347353,0.0,319.926,0.12563439571541002,0.08430648189048585,319.81036688347353,0.0013036159264745483
320.2758841569575,0.0,320.388,0.051560366312355166,0.08439428348269226,320.2758841569575,0.0013351088603509847
320.74140143044144,0.0,320.856,0.045024372890056785,0.0837517544117458,320.74140143044144,0.0013654936411580173
321.2069187039254,0.0,321.318,0.058096359734653547,0.08252009725093831,321.2069187039254,0.0014040466836153951
321.67243597740935,0.0,321.784,0.0842400737086193,0.080895948478467,321.67243597740935,0.001450192323683032
322.1379532508933,0.0,322.249,0.11256253872842725,0.07911176054655474,322.1379532508933,0.001503363121092764
322.60347052437726,0.0,322.715,0.04720312393589898,0.0774197093628085,322.60347052437726,0.001540548962007493
323.0689877978612,0.0,323.175,0.09949068174144426,0.07607708836240608,323.0689877978612,0.001536416517022798
323.53450507134517,0.0,323.64,0.11474115991665546,0.07532999106324444,323.53450507134517,0.0015086016712433424
324.0000223448291,-0.00553902518004179,324.107,0.07334683790986474,0.07539284580520153,324.0000223448291,0.0015092842506666767
324.4655396183131,-0.0023498893715441227,324.573,0.11474115991665546,0.07642337525867766,324.4655396183131,0.0015566511237847225
324.931056891797,-0.004867628216743469,325.034,0.010166044305564448,0.07849575475412855,324.931056891797,0.0015928912302499345
325.396574165281,-0.00553902518004179,325.504,0.01670203772786283,0.08157850032875806,325.396574165281,0.001644022531887052
325.8620914387649,-0.0041962312534451485,325.967,0.06245360211110995,0.08552577037735365,325.8620914387649,0.0017359046794919513
326.32760871224883,-0.0041962312534451485,326.429,0.10602654530612887,0.09008882519987851,326.32760871224883,0.0018559018506185256
326.7931259857328,-0.006210422143340111,326.897,0.09295468831914588,0.0949480229509234,326.7931259857328,0.0019990427717218916
327.25864325921674,-0.0068818191066384315,327.359,0.2432814981710978,0.09975791676841414,327.25864325921674,0.0021583762995869013
327.7241605327007,-0.004531929735094309,327.824,0.0363097582795302,0.10419318702569119,327.7241605327007,0.002284771564822129
328.18967780618465,-0.00553902518004179,328.295,0.17574333233272732,0.10798405257756995,328.18967780618465,0.0023583640432412183
328.6551950796686,-0.004364080261439085,328.76,0.04066713051360038,0.1109357976215856,328.6551950796686,0.0024467120245784267
329.12071235315256,-0.0028534370940178633,329.226,0.058096359734653547,0.11293449344185667,329.12071235315256,0.002570827249197208
329.5862296266365,-0.003524834057316184,329.684,0.04720312393589898,0.11394554719064569,329.5862296266365,0.0026912150490336685
330.05174690012046,-0.004531929735094309,330.155,0.29992642821071347,0.11401087059688012,330.05174690012046,0.002807821969570328
330.5172641736044,-0.004867628216743469,330.621,0.07988283133216312,0.11324521530819533,330.5172641736044,0.0029250847357578814
330.98278144708837,-0.004867628216743469,331.085,0.10602654530612887,0.11182725307343634,330.98278144708837,0.0030021065267252707
331.4482987205723,-0.0041962312534451485,331.55,0.0842400737086193,0.10998114398889575,331.4482987205723,0.003082707714560463
331.9138159940563,-0.0036926832981407642,332.013,0.12999176794948042,0.10794925702105009,331.9138159940563,0.003193286610234333
332.3793332675402,-0.0018463416490703821,332.475,0.06245360211110995,0.10596138678181721,332.3793332675402,0.0033217378180616366
332.84485054102413,0.0005035477224737406,332.945,0.09077606713091768,0.10420694171386931,332.84485054102413,0.003438916290358862
333.3103678145081,0.000839246204122901,333.407,0.1343490103259366,0.10281491633676405,333.3103678145081,0.0035542300222021752
333.77588508799204,0.0018463416490703821,333.871,0.12345577452718204,0.10184383882589904,333.77588508799204,0.003653764391503402
334.241402361476,0.0041962312534451485,334.34,0.06245360211110995,0.10128159020504289,334.241402361476,0.003742868961896321
334.70691963495995,0.0031891355756670237,334.799,0.06245360211110995,0.10105406306932864,334.70691963495995,0.0037905236656997276
335.1724369084439,0.0011749446857720613,335.27,0.06681084448756636,0.10104179174314472,335.1724369084439,0.0038181144186766125
335.63795418192785,0.0011749446857720613,335.736,0.2512718745797766,0.10110290128500475,335.63795418192785,0.003863195081826366
336.1034714554118,0.0005035477224737406,336.2,0.04720312393589898,0.10109803508568328,336.1034714554118,0.0038790093933657186
336.56898872889576,0.0001678492408245802,336.665,0.11256253872842725,0.10091080443939858,336.56898872889576,0.003834376922360479
337.0345060023797,0.0018463416490703821,337.13,0.09077606713091768,0.10045881279230102,337.0345060023797,0.0037619234344814343
337.50002327586367,0.004531929735094309,337.589,0.10602654530612887,0.09969467096006067,337.50002327586367,0.0037252495223876604
337.9655405493476,0.0038605325389653444,338.056,0.07988283133216312,0.0986000810070892,337.9655405493476,0.00373042844163617
338.4310578228316,0.003524834057316184,338.522,0.09077606713091768,0.09717720939355835,338.4310578228316,0.0037647585764912415
338.89657509631553,0.0041962312534451485,338.989,0.09295468831914588,0.09544099260292156,338.89657509631553,0.0037760559884590624
339.3620923697994,0.0038605325389653444,339.451,0.10602654530612887,0.09341475847952775,339.3620923697994,0.0037708174505231003
339.8276096432834,0.0011749446857720613,339.915,0.06681084448756636,0.09113004154700267,339.8276096432834,0.0037954784846052844
340.29312691676733,-0.0011749446857720613,340.385,0.06245360211110995,0.08863010969637417,340.29312691676733,0.0038831438945158402
340.7586441902513,-0.0028534370940178633,340.856,0.1474208673129196,0.08597560649613806,340.7586441902513,0.003966974970557785
341.22416146373524,-0.0028534370940178633,341.311,0.11256253872842725,0.08324958583674213,341.22416146373524,0.004024243263087974
341.6896787372192,-0.0028534370940178633,341.776,0.06027498092288175,0.0805585635162628,341.6896787372192,0.004099490776766625
342.15519601070315,-0.002517738612368703,342.241,0.03195251590307402,0.07802737015936842,342.15519601070315,0.0041478074931401146
342.6207132841871,-0.0028534370940178633,342.707,0.11256253872842725,0.07578851828179699,342.6207132841871,0.004126181032239546
343.08623055767106,-0.0015106431674212217,343.174,0.04938174512412696,0.07396916444926505,343.08623055767106,0.004069967442077103
343.551747831155,-0.0031891355756670237,343.64,0.09949068174144426,0.07267873574845105,343.551747831155,0.00403180296860218
344.01726510463897,-0.00587472366169095,344.104,0.045024372890056785,0.07199880670718,344.01726510463897,0.004014607057679398
344.4827823781229,-0.00587472366169095,344.57,0.09295468831914588,0.07197573807806824,344.4827823781229,0.004002931359980357
344.9482996516069,-0.00553902518004179,345.033,0.06681084448756636,0.07261641618312648,344.9482996516069,0.003996126184461773
345.4138169250908,-0.00587472366169095,345.495,0.058096359734653547,0.07388758342564754,345.4138169250908,0.004007020622151532
345.8793341985747,-0.00553902518004179,345.963,0.07334683790986474,0.07571930581996845,345.8793341985747,0.004065117457920205
346.3448514720587,-0.00520332669839263,346.426,0.0864186948968475,0.07801289937290322,346.3448514720587,0.004152028334335876
346.81036874554263,-0.004867628216743469,346.889,0.058096359734653547,0.08065294967431778,346.81036874554263,0.00422829970561366
347.2758860190266,-0.006210422143340111,347.359,0.12563439571541002,0.08352201471811624,347.2758860190266,0.004253507620882139
347.74140329251054,-0.009567406959831715,347.825,0.02541652248077564,0.08651566496055649,347.74140329251054,0.004227035294133076
348.2069205659945,-0.01191729586571455,348.287,0.12999176794948042,0.08955498218871923,348.2069205659945,0.004189035295178242
348.67243783947845,-0.010574501939117908,348.753,0.12127715333895384,0.09259333844457725,348.67243783947845,0.004162653430080003
349.1379551129624,-0.007721065077930689,349.218,0.16267147534574455,0.0956141711177357,349.1379551129624,0.0042457176370661485
349.60347238644636,-0.008896009996533394,349.684,0.05373898750058337,0.09861752044799613,349.60347238644636,0.004307521337768117
350.0689896599303,-0.008224613033235073,350.148,0.06245360211110995,0.10159652023641465,350.0689896599303,0.004411806991449967
350.53450693341426,-0.00553902518004179,350.615,0.09949068174144426,0.10450997730182826,350.53450693341426,0.004513535052141783
351.0000242068982,-0.003524834057316184,351.074,0.11474115991665546,0.10726044539302357,351.0000242068982,0.004611907813973054
351.46554148038217,-0.001678492408245802,351.539,0.010166044305564448,0.10968652159696002,351.46554148038217,0.004705247627477863
351.9310587538661,-0.0001678492408245802,352.008,0.06245360211110995,0.11157415947427436,351.9310587538661,0.004814237279040021
352.39657602735,-0.0021820401307195425,352.47,0.3391419991716622,0.11268615151232171,352.39657602735,0.00491381071185391
352.862093300834,-0.00587472366169095,352.941,0.058096359734653547,0.11280273636971687,352.862093300834,0.004993766336858811
353.32761057431793,-0.004867628216743469,353.403,0.0842400737086193,0.1117624516987721,353.32761057431793,0.005081111021044809
353.7931278478019,-0.0021820401307195425,353.864,0.0363097582795302,0.10949428470355284,353.7931278478019,0.005159111441084539
354.25864512128584,-0.0021820401307195425,354.334,0.1844579469432539,0.10603806770969473,354.25864512128584,0.005224977685468485
354.7241623947698,-0.0021820401307195425,354.799,0.06463222329933815,0.1015536726604138,354.7241623947698,0.005294042976940982
355.18967966825375,0.0018463416490703821,355.259,0.17356471114449934,0.09631832377303563,355.18967966825375,0.005372191427730001
355.6551969417377,0.004531929735094309,355.725,0.11256253872842725,0.09070896546979035,355.6551969417377,0.005453226422585474
356.12071421522165,0.0041962312534451485,356.19,0.06245360211110995,0.08516726485210145,356.12071421522165,0.00552805863759883
356.5862314887056,0.0018463416490703821,356.656,0.06245360211110995,0.08014895606956628,356.5862314887056,0.005557968498634717
357.05174876218956,0.0001678492408245802,357.122,0.0864186948968475,0.07606449422307902,357.05174876218956,0.005556634187810662
357.5172660356735,-0.0005035477224737406,357.588,0.029773894714845817,0.0732215537990007,357.5172660356735,0.005537285707844741
357.98278330915747,-0.0001678492408245802,358.052,0.051560366312355166,0.07178040632062391,357.98278330915747,0.005521929868974736
358.4483005826414,0.000839246204122901,358.517,0.02541652248077564,0.0717310971684175,358.4483005826414,0.005521804455528949
358.9138178561253,0.0011749446857720613,358.981,0.09077606713091768,0.07289742792890651,358.9138178561253,0.005518517001608916
359.3793351296093,0.0038605325389653444,359.444,0.08206145252039132,0.07496747389417598,359.3793351296093,0.005534004422229912
359.8448524030932,0.00520332669839263,359.915,0.09295468831914588,0.07754474942446515,359.8448524030932,0.005509511972383492
360.3103696765772,0.0038605325389653444,360.378,0.09077606713091768,0.08021003435476572,360.3103696765772,0.005431120918095523
360.77588695006114,0.00587472366169095,360.844,0.09731206055321606,0.08258258620518545,360.77588695006114,0.005354814590123238
361.2414042235451,0.01040665339678526,361.308,0.138706382560007,0.08437076041433518,361.2414042235451,0.005252241534767685
361.70692149702904,0.012924391776323318,361.774,0.04938174512412696,0.08540498345958565,361.70692149702904,0.0051510911920768735
362.172438770513,0.010910200886428356,362.234,0.0842400737086193,0.08564989102037218,362.172438770513,0.00512440299546441
362.63795604399695,0.008224613033235073,362.699,0.07770421014393492,0.08519649611284674,362.63795604399695,0.005130021890069775
363.1034733174809,0.006210422143340111,363.166,0.10166930292967247,0.0842381421788406,363.1034733174809,0.00509306220226398
363.56899059096486,0.007888914085924625,363.632,0.09077606713091768,0.08303486841263602,363.56899059096486,0.005024936471528624
364.0345078644488,0.009231708012521267,364.096,0.11256253872842725,0.08187051627913583,364.0345078644488,0.004971560079267633
364.50002513793277,0.007217517588287592,364.562,0.04284575170182858,0.08100713855949973,364.50002513793277,0.0049275464514541775
364.9655424114167,0.002517738612368703,365.03,0.003630050883266067,0.08064267839204363,364.9655424114167,0.004879075539072008
365.4310596849006,-0.0023498893715441227,365.492,0.09295468831914588,0.08087916407702152,365.4310596849006,0.004818137388271306
365.89657695838457,-0.0038605325389653444,365.955,0.12999176794948042,0.08170755074230691,365.89657695838457,0.004792265400748095
366.3620942318685,-0.0021820401307195425,366.426,0.09077606713091768,0.08301124793689696,366.3620942318685,0.004750373505337032
366.8276115053525,-0.0036926832981407642,366.889,0.010166044305564448,0.08458589986213305,366.8276115053525,0.004706861526669559
367.29312877883643,-0.008560311049222946,367.352,0.10820529635197085,0.08617109299647494,367.29312877883643,0.004651926728617361
367.7586460523204,-0.01124589890241623,367.818,0.11691978110488366,0.0874898438031122,367.7586460523204,0.004568097707736981
368.22416332580434,-0.010238803923130035,368.281,0.0885974459426897,0.0882913441714675,368.22416332580434,0.0044517724519275775
368.6896805992883,-0.008896009996533394,368.746,0.09077606713091768,0.08839113160183176,368.6896805992883,0.004382322695872389
369.15519787277225,-0.008560311049222946,369.212,0.12127715333895384,0.08770255771301043,369.15519787277225,0.004347207190813243
369.6207151462562,-0.008224613033235073,369.678,0.058096359734653547,0.08625503736015107,369.6207151462562,0.004301639271766756
370.08623241974016,-0.0068818191066384315,370.144,0.09949068174144426,0.08419706662660216,370.08623241974016,0.0042596281342038855
370.5517496932241,-0.0031891355756670237,370.61,0.06245360211110995,0.0817842518158648,370.5517496932241,0.004225330894835759
371.01726696670806,0.0005035477224737406,371.074,0.12127715333895384,0.0793540471530204,371.01726696670806,0.004184520428246947
371.482784240192,0.0005035477224737406,371.54,0.06681084448756636,0.07728953242379057,371.482784240192,0.004074009379783685
371.9483015136759,-0.003524834057316184,372.0,0.0842400737086193,0.0759750203372535,371.9483015136759,0.003944410957145338
372.41381878715987,-0.0068818191066384315,372.47,0.034131137091302,0.07574732453051666,372.41381878715987,0.0038889991845596945
372.8793360606438,-0.007553216069936752,372.93,0.11909853215072563,0.07684792985715286,372.8793360606438,0.003907408100762626
373.3448533341278,-0.006546120624989271,373.399,0.06681084448756636,0.07938207930251406,373.3448533341278,0.0039333623210199425
373.81037060761173,-0.0041962312534451485,373.863,0.06245360211110995,0.08329055457099066,373.81037060761173,0.003892046083400487
374.2758878810957,-0.0023498893715441227,374.325,0.03195251590307402,0.08833930476057889,374.2758878810957,0.003814683000767889
374.74140515457964,-0.0015106431674212217,374.791,0.10166930292967247,0.09413118329399517,374.74140515457964,0.0037979579039388416
375.2069224280636,-0.0021820401307195425,375.256,0.10602654530612887,0.10014180103468341,375.2069224280636,0.00381327262294824
375.67243970154755,-0.000839246204122901,375.722,0.11909853215072563,0.10577740558907449,375.67243970154755,0.003777793215134636
376.1379569750315,0.000839246204122901,376.186,0.09295468831914588,0.11044830241013952,376.1379569750315,0.003656963390586191
376.60347424851545,-0.0015106431674212217,376.651,0.11038391754019905,0.11364868076319232,376.60347424851545,0.0034878189027239843
377.0689915219994,-0.0028534370940178633,377.118,0.09513330950737409,0.11503300948560911,377.0689915219994,0.0033315980725619615
377.53450879548336,-0.0018463416490703821,377.584,0.11038391754019905,0.11447893943125782,377.53450879548336,0.003230710898112963
378.0000260689673,-0.0021820401307195425,378.049,0.323891520996451,0.11212579782091635,378.0000260689673,0.0032056016667272105
378.4655433424512,-0.0015106431674212217,378.514,0.08206145252039132,0.1083774254619623,378.4655433424512,0.003185804992435085
378.93106061593517,-0.0005035477224737406,378.978,0.0885974459426897,0.10386155123627254,378.93106061593517,0.003161958110600831
379.3965778894191,0.0005035477224737406,379.441,0.058096359734653547,0.09934703170722442,379.3965778894191,0.003173596804423378
379.8620951629031,0.0005035477224737406,379.904,0.09513330950737409,0.09563178597323971,379.8620951629031,0.0031586377637377342
380.327612436387,-0.0003356984816491604,380.374,0.045024372890056785,0.09342176388556449,380.327612436387,0.003156779191543398
380.793129709871,0.0005035477224737406,380.84,0.09077606713091768,0.09322189302043907,380.793129709871,0.0031132384346165194
381.25864698335494,0.0028534370940178633,381.303,0.058096359734653547,0.09525581421472262,381.25864698335494,0.003007848742044141
381.7241642568389,0.004531929735094309,381.769,0.09513330950737409,0.09942549323213588,381.7241642568389,0.002894942518956915
382.18968153032284,0.0038605325389653444,382.234,0.07552545909809272,0.1053159669530422,382.18968153032284,0.002806292311275256
382.6551988038068,0.0018463416490703821,382.7,0.10820529635197085,0.11224492377773031,382.6551988038068,0.0027108492681105333
383.12071607729075,0.0005035477224737406,383.159,0.0885974459426897,0.11935165832423797,383.12071607729075,0.0025999167506519337
383.5862333507747,0.0011749446857720613,383.625,0.09295468831914588,0.12571515088806834,383.5862333507747,0.0024975246204431934
384.05175062425866,0.0018463416490703821,384.093,0.09077606713091768,0.13048630533167474,384.05175062425866,0.00240843855330609
384.5172678977426,0.003524834057316184,384.559,0.45896772281557796,0.1330144872768566,384.5172678977426,0.002375570191112053
384.98278517122657,0.00520332669839263,385.019,0.10166930292967247,0.13294493037314142,384.98278517122657,0.00235397662373348
385.44830244471046,0.004867628216743469,385.489,0.11256253872842725,0.13026579226359172,385.44830244471046,0.0022978514350438313
385.9138197181944,0.00587472366169095,385.952,0.10820529635197085,0.12529506545897143,385.9138197181944,0.002229464605929688
386.3793369916784,0.00520332669839263,386.414,0.06463222329933815,0.11861416114083698,386.3793369916784,0.002221894633032128
386.8448542651623,0.0011749446857720613,386.885,0.0885974459426897,0.11096743806553065,386.8448542651623,0.002306881157247923
387.3103715386463,0.0011749446857720613,387.347,0.11691978110488366,0.10315003104726542,387.3103715386463,0.0024152725299248163
387.77588881213023,0.003356984816491604,387.813,0.09731206055321606,0.09590238927107117,387.77588881213023,0.0025266655797687846
388.2414060856142,0.00520332669839263,388.278,0.04720312393589898,0.08982401409829475,388.2414060856142,0.002621968823382442
388.70692335909814,0.004867628216743469,388.743,0.045024372890056785,0.08531418123124838,388.70692335909814,0.002729509029776504
389.1724406325821,0.0038605325389653444,389.208,0.07988283133216312,0.08254411284346028,389.1724406325821,0.0028434678899542805
389.63795790606605,0.0011749446857720613,389.674,0.12127715333895384,0.08146144510817573,389.63795790606605,0.002920391003033605
390.10347517955,-0.0015106431674212217,390.141,0.07770421014393492,0.08182317355366335,390.10347517955,0.0029870940202400957
390.56899245303396,0.0001678492408245802,390.599,0.06463222329933815,0.08324918505712967,390.56899245303396,0.0030786924507852434
391.0345097265179,0.000839246204122901,391.064,0.09949068174144426,0.08528689005349861,391.0345097265179,0.0031537117569348876
391.50002700000186,-0.0005035477224737406,391.529,0.10166930292967247,0.08747800275838555,391.50002700000186,0.0031793719807027402
391.96554427348576,0.0005035477224737406,392.0,0.11691978110488366,0.0894194932590394,391.96554427348576,0.0032608161085534463
392.4310615469697,0.002517738612368703,392.462,0.09295468831914588,0.09081164902935347,392.4310615469697,0.0034099213162432527
392.89657882045367,0.0031891355756670237,392.93,0.07770421014393492,0.0914878657847048,392.89657882045367,0.0036056676458538937
393.3620960939376,0.0011749446857720613,393.392,0.12999176794948042,0.09142352844402579,393.3620960939376,0.003806113867427875
393.8276133674216,0.0011749446857720613,393.856,0.10602654530612887,0.0907242985592918,393.8276133674216,0.003990449719899521
394.29313064090553,0.0018463416490703821,394.326,0.06463222329933815,0.08959665533158753,394.29313064090553,0.004158432595164087
394.7586479143895,0.0011749446857720613,394.784,0.07116821672163653,0.08830590815130399,394.7586479143895,0.00434702836106237
395.22416518787344,0.000839246204122901,395.252,0.07552545909809272,0.08712908065830915,395.22416518787344,0.004494102302632067
395.6896824613574,-0.000839246204122901,395.717,0.06245360211110995,0.08631094169182063,395.6896824613574,0.004588157583315694
396.15519973484135,-0.00553902518004179,396.182,0.07770421014393492,0.0860300868609373,396.15519973484135,0.00465264840374257
396.6207170083253,-0.0068818191066384315,396.648,0.11691978110488366,0.08637881742538346,396.6207170083253,0.004690736804215829
397.08623428180925,-0.0031891355756670237,397.115,0.07770421014393492,0.08735699917277212,397.08623428180925,0.004775453991268601
397.5517515552932,-0.0015106431674212217,397.58,0.09513330950737409,0.08887747667183846,397.5517515552932,0.0049058789058652845
398.01726882877716,-0.0038605325389653444,398.041,0.0842400737086193,0.09077971637034818,398.01726882877716,0.005042611453629919
398.48278610226106,-0.008224613033235073,398.504,0.09949068174144426,0.09284882393304636,398.48278610226106,0.005113068620490443
398.948303375745,-0.008896009996533394,398.974,0.10166930292967247,0.09483788917415233,398.948303375745,0.005137427434271318
399.41382064922897,-0.006546120624989271,399.437,0.09295468831914588,0.09649213307745298,399.41382064922897,0.005121689195340067
399.8793379227129,-0.0041962312534451485,399.9,0.07552545909809272,0.09757369435628285,399.8793379227129,0.005079832256298387
400.3448551961969,-0.00553902518004179,400.37,0.09077606713091768,0.0978862129903466,400.3448551961969,0.005061437738056018
400.81037246968083,-0.010070954449474812,400.836,0.11909853215072563,0.09729822823337345,400.81037246968083,0.005027771674876745
401.2758897431648,-0.012252994813024998,401.299,0.0885974459426897,0.09576343877415269,401.2758897431648,0.00500556954927731
401.74140701664874,-0.010238803923130035,401.764,0.11909853215072563,0.09333457901059267,401.74140701664874,0.005039544002962449
402.2069242901327,-0.008560311049222946,402.229,0.10602654530612887,0.09016714902452465,402.2069242901327,0.005153905830411209
402.67244156361664,-0.007217517588287592,402.695,0.07334683790986474,0.08651013831751289,402.67244156361664,0.005215508048937851
403.1379588371006,-0.006210422143340111,403.16,0.10166930292967247,0.08268297683295639,403.1379588371006,0.005272747556289965
403.60347611058455,-0.0038605325389653444,403.626,0.09295468831914588,0.07904050800203631,403.60347611058455,0.005338630247758599
404.0689933840685,0.0010070954449474812,404.085,0.04938174512412696,0.07593012442567419,404.0689933840685,0.005398410900291682
404.53451065755246,0.002517738612368703,404.551,0.058096359734653547,0.07364704281767981,404.53451065755246,0.005441573365546866
405.00002793103636,-0.000839246204122901,405.018,0.051560366312355166,0.07239479549860238,405.00002793103636,0.005471014467182873
405.4655452045203,-0.006378271151334047,405.481,0.09295468831914588,0.07225777436412796,405.4655452045203,0.0054846926538206315
405.93106247800426,-0.010910200886428356,405.944,0.029773894714845817,0.07319073764662197,405.93106247800426,0.005492219458891322
406.3965797514882,-0.009567406959831715,406.414,0.09077606713091768,0.07502728951445549,406.3965797514882,0.005521346000738062
406.8620970249722,-0.006210422143340111,406.875,0.07988283133216312,0.07750653533167087,406.8620970249722,0.005570246605414078
407.3276142984561,-0.0068818191066384315,407.345,0.00580867207149427,0.08031477061316576,407.3276142984561,0.005543813341025517
407.7931315719401,-0.007553216069936752,407.81,0.07334683790986474,0.08313684001360734,407.7931315719401,0.0055083627108610134
408.25864884542403,-0.007553216069936752,408.269,0.24909325339154842,0.08570906480692986,408.25864884542403,0.0054962141416736495
408.724166118908,-0.0068818191066384315,408.735,0.10602654530612887,0.08786256282196069,408.724166118908,0.00549932478110652
409.18968339239194,-0.00553902518004179,409.199,0.07770421014393492,0.0895449945964583,409.18968339239194,0.005503792342729327
409.6552006658759,-0.006210422143340111,409.665,0.0864186948968475,0.09081351290646329,409.6552006658759,0.0054938806389736765
410.12071793935985,-0.007553216069936752,410.13,0.07334683790986474,0.09180095309364167,410.12071793935985,0.005510798994348725
410.5862352128438,-0.010910200886428356,410.596,0.07770421014393492,0.09266571616450275,410.5862352128438,0.0055402544901494355
411.05175248632776,-0.012085145339369774,411.06,0.0384885093253724,0.09353938826367846,411.05175248632776,0.005581889392303003
411.51726975981165,-0.009231708012521267,411.526,0.0842400737086193,0.09448509584202344,411.51726975981165,0.005599009230509313
411.9827870332956,-0.006546120624989271,411.989,0.09513330950737409,0.09547566230487754,411.9827870332956,0.0055473084301371324
412.44830430677956,-0.0041962312534451485,412.459,0.10602654530612887,0.09639511331061086,412.44830430677956,0.005472519386832062
412.9138215802635,-0.003524834057316184,412.919,0.06463222329933815,0.097061411964173,412.9138215802635,0.005412855916175794
413.37933885374747,-0.004531929735094309,413.389,0.15831423296928815,0.0972640816490448,413.37933885374747,0.005372004327345053
413.8448561272314,-0.00587472366169095,413.852,0.09077606713091768,0.09680825844959666,413.8448561272314,0.005343644648505269
414.3103734007154,-0.007049668114632368,414.314,0.09731206055321606,0.0955564800874923,414.3103734007154,0.005311658283274371
414.77589067419933,-0.0031891355756670237,414.78,0.11256253872842725,0.09346089304124569,414.77589067419933,0.005226727274558313
415.2414079476833,-0.000839246204122901,415.244,0.09077606713091768,0.09058108113905183,415.2414079476833,0.0051174456773162786
415.70692522116724,-0.0031891355756670237,415.71,0.09295468831914588,0.08708546281971764,415.70692522116724,0.00496209450990257
416.1724424946512,-0.004867628216743469,416.178,0.12127715333895384,0.08323655601363474,416.1724424946512,0.0047998847168247375
416.63795976813515,-0.0021820401307195425,416.643,0.003630050883266067,0.07936248901158496,416.63795976813515,0.004636379679780769
417.1034770416191,-0.0021820401307195425,417.104,0.08206145252039132,0.07581903236748275,417.1034770416191,0.004511736077048989
417.56899431510305,-0.0018463416490703821,417.569,0.11474115991665546,0.07294746947166937,417.56899431510305,0.004429374997742298
418.03451158858695,-0.000839246204122901,418.037,0.0842400737086193,0.0710330688234213,418.03451158858695,0.004370780619377728
418.5000288620709,-0.000839246204122901,418.5,0.06027498092288175,0.07026758074647672,418.5000288620709,0.004282527207673073
418.96554613555486,-0.0018463416490703821,418.967,0.01670203772786283,0.07071906836352805,418.96554613555486,0.004155511047107491
419.4310634090388,-0.0001678492408245802,419.429,0.07116821672163653,0.07231384106629626,419.4310634090388,0.003993942708898183
419.89658068252277,0.0018463416490703821,419.9,0.06681084448756636,0.0748360240964577,419.89658068252277,0.0038527240912612755
420.3620979560067,0.0018463416490703821,420.363,0.058096359734653547,0.07794838449307934,420.3620979560067,0.003751220127647004
420.8276152294907,-0.000839246204122901,420.828,0.0885974459426897,0.08123405280760794,420.8276152294907,0.0036603988438106455
421.29313250297463,-0.0021820401307195425,421.291,0.04066713051360038,0.08425464585712346,421.29313250297463,0.003634360326739821
421.7586497764586,-0.0015106431674212217,421.756,0.11909853215072563,0.08661694453908073,421.7586497764586,0.0036456618495384037
422.22416704994254,-0.0015106431674212217,422.222,0.12999176794948042,0.08803752341183245,422.22416704994254,0.003638577070902237
422.6896843234265,0.0018463416490703821,422.688,0.1844579469432539,0.08839278865287432,422.6896843234265,0.0036278286016248633
423.15520159691044,0.00587472366169095,423.153,0.0864186948968475,0.08774237085638335,423.15520159691044,0.0036453123410969475
423.6207188703944,0.007217517588287592,423.618,0.06245360211110995,0.08631858844002385,423.6207188703944,0.0037098689542059858
424.08623614387835,0.008560311049222946,424.085,0.07988283133216312,0.08448322636932645,424.08623614387835,0.003780782543068864
424.55175341736225,0.009903104975819588,424.544,0.02541652248077564,0.08266148630179328,424.55175341736225,0.003805994575496437
425.0172706908462,0.009231708012521267,425.011,0.12999176794948042,0.08126766172076884,425.0172706908462,0.003772414862541181
425.48278796433016,0.009231708012521267,425.474,0.00580867207149427,0.08063686450395603,425.48278796433016,0.003773823187295404
425.9483052378141,0.008560311049222946,425.944,0.07552545909809272,0.08097387231199411,425.9483052378141,0.0038661185800267566
426.41382251129806,0.00520332669839263,426.407,0.0842400737086193,0.08232600429024191,426.41382251129806,0.003980165852682748
426.879339784782,0.0005035477224737406,426.871,0.06245360211110995,0.0845825653101481,426.879339784782,0.004072043892274545
427.344857058266,-0.0028534370940178633,427.34,0.10820529635197085,0.08749891928988542,427.344857058266,0.004141808202429494
427.8103743317499,-0.0031891355756670237,427.799,0.11691978110488366,0.09073934957027335,427.8103743317499,0.004199113504442979
428.2758916052339,-0.0015106431674212217,428.266,0.06681084448756636,0.09393050664732927,428.2758916052339,0.00423316814739053
428.74140887871783,0.0003356984816491604,428.732,0.11256253872842725,0.09671680075798614,428.74140887871783,0.004230458414651352
429.2069261522018,0.000839246204122901,429.2,0.09731206055321606,0.09881005266640978,429.2069261522018,0.004187318563006483
429.67244342568574,-0.0011749446857720613,429.665,0.16920746876804293,0.10002705049532706,429.67244342568574,0.004145496570606414
430.1379606991697,-0.0015106431674212217,430.13,0.09295468831914588,0.10030999423746038,430.1379606991697,0.004072494146767367
430.60347797265365,-0.0015106431674212217,430.589,0.07334683790986474,0.09972699526753358,430.60347797265365,0.004072101460945231
431.0689952461376,-0.0018463416490703821,431.056,0.0842400737086193,0.09845341279482231,431.0689952461376,0.0041458954248250164
431.5345125196215,0.0018463416490703821,431.521,0.138706382560007,0.09673851492314595,431.5345125196215,0.004176991565003103
432.00002979310545,0.006546120624989271,431.989,0.09295468831914588,0.09486378609536192,432.00002979310545,0.004163802693504688
432.4655470665894,0.00520332669839263,432.451,0.0363097582795302,0.09309919242771095,432.4655470665894,0.004183632266380901
432.93106434007336,0.0018463416490703821,432.915,0.06245360211110995,0.09166341034276664,432.93106434007336,0.004192651691191264
433.3965816135573,0.000839246204122901,433.385,0.16920746876804293,0.09069359491131947,433.3965816135573,0.004208683937634509
433.86209888704127,-0.000839246204122901,433.844,0.05373898750058337,0.09022849791337668,433.86209888704127,0.004192378257080448
434.3276161605252,-0.0031891355756670237,434.315,0.07116821672163653,0.09020601185850144,434.3276161605252,0.004178144967189901
434.7931334340092,-0.0028534370940178633,434.774,0.09295468831914588,0.09047452285308706,434.7931334340092,0.00418313885619312
435.25865070749313,-0.0015106431674212217,435.241,0.06463222329933815,0.09081717551310409,435.25865070749313,0.004190386058853494
435.7241679809771,-0.0015106431674212217,435.707,0.09077606713091768,0.09098752925063221,435.7241679809771,0.004251054884061264
436.18968525446104,-0.002517738612368703,436.171,0.09295468831914588,0.09075306885561991,436.18968525446104,0.004364629286714762
436.655202527945,-0.0031891355756670237,436.637,0.138706382560007,0.08994037114702666,436.655202527945,0.004448663897070601
437.12071980142895,-0.004531929735094309,437.104,0.08206145252039132,0.08847376676700987,437.12071980142895,0.004501649662928879
437.5862370749129,-0.00553902518004179,437.569,0.12345577452718204,0.08639921296323307,437.5862370749129,0.00451123447264336
438.0517543483968,-0.006210422143340111,438.03,0.09949068174144426,0.08388731633244628,438.0517543483968,0.004495453054620297
438.51727162188075,-0.00520332669839263,438.5,0.06245360211110995,0.0812134623675205,438.51727162188075,0.004472693769405864
438.9827888953647,-0.004531929735094309,438.963,0.0885974459426897,0.07871759285075278,438.9827888953647,0.004469167830942658
439.44830616884866,-0.00553902518004179,439.425,0.07334683790986474,0.07675012479229795,439.44830616884866,0.004509135362980163
439.9138234423326,-0.007553216069936752,439.893,0.06681084448756636,0.07561301812580161,439.9138234423326,0.004522593566108947
440.37934071581657,-0.009567406959831715,440.355,0.01234466549379265,0.07550589911669522,440.37934071581657,0.004470220474894839
440.8448579893005,-0.010910200886428356,440.821,0.07552545909809272,0.07648658381309673,440.8448579893005,0.00442954569911106
441.3103752627845,-0.010910200886428356,441.284,0.11474115991665546,0.07845311503112025,441.3103752627845,0.004440442200329809
441.77589253626843,-0.008224613033235073,441.75,0.034131137091302,0.08115052909628055,441.77589253626843,0.004407029015211038
442.2414098097524,-0.007217517588287592,442.215,0.06463222329933815,0.08420128259387347,442.2414098097524,0.004347715060311308
442.70692708323634,-0.006210422143340111,442.681,0.09949068174144426,0.08715504540196917,442.70692708323634,0.004286678225074617
443.1724443567203,-0.006210422143340111,443.148,0.11256253872842725,0.08955120427289469,443.1724443567203,0.0042266159066906344
443.63796163020425,-0.008896009996533394,443.614,0.12999176794948042,0.09098514500085975,443.63796163020425,0.0041702337261209504
444.1034789036882,-0.012252994813024998,444.074,0.0842400737086193,0.09116799503245158,444.1034789036882,0.004122453610859521
444.5689961771721,-0.01040665339678526,444.539,0.09731206055321606,0.08997055785578022,444.5689961771721,0.004022719816375441
445.03451345065605,-0.007217517588287592,445.008,0.08206145252039132,0.08744555171546127,445.03451345065605,0.003888836805760662
445.50003072414,-0.006210422143340111,445.47,0.09513330950737409,0.08382612484564138,445.50003072414,0.0037663725026360903
445.96554799762396,-0.006210422143340111,445.941,0.11691978110488366,0.07950136846231966,445.96554799762396,0.003653020138972541
446.4310652711079,-0.005035477224737406,446.403,0.06245360211110995,0.07497122734512789,446.4310652711079,0.0035527394609436583
446.89658254459187,-0.002517738612368703,446.867,0.09513330950737409,0.07078494898604072,446.89658254459187,0.00342910327082531
447.3620998180758,-0.0005035477224737406,447.33,0.01888065891609103,0.067469725825959,447.3620998180758,0.003292304933906293
447.8276170915598,0.0001678492408245802,447.795,0.06245360211110995,0.06545886715597125,447.8276170915598,0.003155198208805693
448.2931343650437,-0.000839246204122901,448.263,0.0363097582795302,0.06503025556782908,448.2931343650437,0.0030864495319959883
448.7586516385277,-0.0010070954449474812,448.728,0.04938174512412696,0.06626494745183796,448.7586516385277,0.003042232370393386
449.22416891201163,-0.0018463416490703821,449.193,0.05519350034457782,0.06903264870774509,449.22416891201163,0.002993099439329547
449.6896861854956,-0.003524834057316184,449.659,0.07334683790986474,0.07300639246570086,449.6896861854956,0.002986742457746458
450.15520345897954,-0.0021820401307195425,450.119,0.058096359734653547,0.07770414270794142,450.15520345897954,0.0030393869276303335
450.6207207324635,-0.0001678492408245802,450.584,0.11691978110488366,0.0825510121273191,450.6207207324635,0.0031234092022056617
451.0862380059474,0.0010070954449474812,451.049,0.10602654530612887,0.08695282243483889,451.0862380059474,0.0031999560676125812
451.55175527943135,0.000839246204122901,451.515,0.0885974459426897,0.0903703255926295,451.55175527943135,0.003197838445946841
452.0172725529153,0.000839246204122901,451.985,0.10602654530612887,0.0923839456466804,452.0172725529153,0.003078470393132567
452.48278982639926,-0.0003356984816491604,452.448,0.12127715333895384,0.09274119493451861,452.48278982639926,0.003002638995195358
452.9483070998832,-0.000839246204122901,452.915,0.09295468831914588,0.09138205979275514,452.9483070998832,0.002979151898799616
453.41382437336716,-0.000839246204122901,453.377,0.0885974459426897,0.08844090304883741,453.41382437336716,0.0029703277878422633
453.8793416468511,0.0003356984816491604,453.843,0.06245360211110995,0.08422662511468039,453.8793416468511,0.002941855029925521
454.34485892033507,0.0011749446857720613,454.309,0.06245360211110995,0.07918556404574462,454.34485892033507,0.0029347106276909575
454.810376193819,0.0011749446857720613,454.775,0.11909853215072563,0.07385298940008518,454.810376193819,0.002936299871024105
455.275893467303,0.0011749446857720613,455.234,0.04066713051360038,0.0687987038735637,455.275893467303,0.002928197398938816
455.74141074078693,0.0005035477224737406,455.7,0.0864186948968475,0.06457118832494874,455.74141074078693,0.0028932895389558815
456.2069280142709,0.002517738612368703,456.166,0.0072631849154887185,0.061644257806232214,456.2069280142709,0.002861083188136986
456.67244528775484,0.002517738612368703,456.632,0.0842400737086193,0.0603704392888598,456.67244528775484,0.002804571479492043
457.1379625612388,-0.000839246204122901,457.096,0.06245360211110995,0.060945101127410056,457.1379625612388,0.002790379304642422
457.6034798347227,-0.0023498893715441227,457.562,0.10602654530612887,0.06338413497215277,457.6034798347227,0.002743012440479292
458.06899710820664,0.0020141908898949623,458.03,0.01597779952601508,0.0675166636677866,458.06899710820664,0.0026399500680108915
458.5345143816906,0.0038605325389653444,458.492,0.029773894714845817,0.07299413170553191,458.5345143816906,0.002539558368969831
459.00003165517455,0.002517738612368703,458.956,0.07116821672163653,0.07931777753744343,459.00003165517455,0.0024674482185177513
459.4655489286585,0.0018463416490703821,459.426,0.10166930292967247,0.08588568402393236,459.4655489286585,0.0024667512540671494
459.93106620214246,0.0031891355756670237,459.889,0.058096359734653547,0.09205708553680352,459.93106620214246,0.0025042598777673536
460.3965834756264,0.0031891355756670237,460.351,0.20188717616430707,0.09722685445080886,460.3965834756264,0.002540366348109984
460.86210074911037,0.0011749446857720613,460.817,0.04938174512412696,0.10089979169779185,460.86210074911037,0.0025549265357776682
461.3276180225943,0.000839246204122901,461.28,0.0842400737086193,0.10275402008745996,461.3276180225943,0.00251240552230527
461.7931352960783,0.0005035477224737406,461.746,0.12781314676125222,0.10268490768933017,461.7931352960783,0.0024828225546460626
462.25865256956223,0.0011749446857720613,462.211,0.21060179077483365,0.10082355509078125,462.25865256956223,0.0025013116492172086
462.7241698430462,0.0021820401307195425,462.676,0.051560366312355166,0.09752575895009136,462.7241698430462,0.0025441019932847427
463.18968711653014,0.0036926832981407642,463.142,0.0842400737086193,0.09332990468503363,463.18968711653014,0.002579803442903103
463.6552043900141,0.0038605325389653444,463.608,0.12781314676125222,0.08888704253995196,463.6552043900141,0.0025909199267324843
464.120721663498,0.0021820401307195425,464.074,0.058096359734653547,0.08487199682207008,464.120721663498,0.002627258722518963
464.58623893698194,0.0001678492408245802,464.54,0.07770421014393492,0.08188807077883721,464.58623893698194,0.002687076387201855
465.0517562104659,-0.0021820401307195425,465.003,0.0363097582795302,0.08037927727543007,465.0517562104659,0.002754229653394183
465.51727348394985,-0.003524834057316184,465.466,0.011620427291944901,0.0805638240140888,465.51727348394985,0.002869545443325092
465.9827907574338,-0.0015106431674212217,465.934,0.10384792411790067,0.08240042547520197,465.9827907574338,0.003056054426842075
466.44830803091776,0.0018463416490703821,466.396,0.09077606713091768,0.08559408245432475,466.44830803091776,0.003237768951412561
466.9138253044017,0.003524834057316184,466.859,0.034131137091302,0.0896410845595027,466.9138253044017,0.0033584055220236488
467.37934257788567,0.0031891355756670237,467.329,0.11038391754019905,0.09390647039933994,467.37934257788567,0.0034687993848028296
467.8448598513696,0.0018463416490703821,467.795,0.04720312393589898,0.09772245045682011,467.8448598513696,0.0035632391301575563
468.3103771248536,0.0011749446857720613,468.259,0.2912118136001869,0.10049279276848518,468.3103771248536,0.00363774033748417
468.7758943983375,0.0011749446857720613,468.725,0.07116821672163653,0.10178564137288759,468.7758943983375,0.0037384589301015405
469.2414116718215,-0.0028534370940178633,469.185,0.1343490103259366,0.10139781609174793,469.2414116718215,0.0038805924447458413
469.70692894530544,-0.0068818191066384315,469.651,0.07552545909809272,0.09937946845085333,469.70692894530544,0.003980519502957795
470.1724462187894,-0.006210422143340111,470.118,0.10820529635197085,0.09601733038482889,470.1724462187894,0.00404612465260481
470.6379634922733,-0.004531929735094309,470.584,0.09513330950737409,0.09178308228903843,470.6379634922733,0.00412808277254309
471.10348076575724,-0.004867628216743469,471.052,0.0885974459426897,0.0872578439792704,471.10348076575724,0.004247010852758278
471.5689980392412,-0.00587472366169095,471.51,0.05591760868881157,0.08304531118727385,471.5689980392412,0.004394214316921913
472.03451531272515,-0.0068818191066384315,471.978,0.02541652248077564,0.07968639230138652,472.03451531272515,0.004513278089359517
472.5000325862091,-0.0073853665962815285,472.44,0.07770421014393492,0.07758757763131989,472.5000325862091,0.004567193140489344
472.96554985969306,-0.0068818191066384315,472.908,0.06027498092288175,0.07697274093032752,472.96554985969306,0.00459908698308716
473.431067133177,-0.007049668114632368,473.37,0.09077606713091768,0.07786336615752185,473.431067133177,0.004635894535775272
473.89658440666096,-0.009567406959831715,473.835,0.11474115991665546,0.08008675069041656,473.89658440666096,0.004648916883663696
474.3621016801449,-0.008896009996533394,474.306,0.023237901292547436,0.08330769460593727,474.3621016801449,0.004661881655346757
474.82761895362887,-0.004867628216743469,474.764,0.10166930292967247,0.08707755242786895,474.82761895362887,0.004707488637281345
475.2931362271128,-0.0031891355756670237,475.229,0.0885974459426897,0.09089441022403376,475.2931362271128,0.0047454105107195
475.7586535005968,-0.003524834057316184,475.695,0.10384792411790067,0.09426782226538304,475.7586535005968,0.004745420788908642
476.22417077408073,-0.006210422143340111,476.16,0.138706382560007,0.09678040240892492,476.22417077408073,0.004779257497080637
476.6896880475647,-0.010238803923130035,476.626,0.0842400737086193,0.0981377591276324,476.6896880475647,0.004849204787880485
477.1552053210486,-0.009903104975819588,477.093,0.17138608995627114,0.09819917939285985,477.1552053210486,0.004935862783343848
477.62072259453254,-0.0068818191066384315,477.558,0.09513330950737409,0.09698444636785669,477.62072259453254,0.005043415330543439
478.0862398680165,-0.0041962312534451485,478.026,0.058096359734653547,0.09465675575029187,478.0862398680165,0.005196297308376341
478.55175714150045,-0.0041962312534451485,478.488,0.06245360211110995,0.09148694178975149,478.55175714150045,0.005325009620348938
479.0172744149844,-0.0028534370940178633,478.956,0.04938174512412696,0.08780832645064854,479.0172744149844,0.005414480148475359
479.48279168846835,-0.0021820401307195425,479.419,0.12127715333895384,0.0839722819756587,479.48279168846835,0.0054589584171264765
479.9483089619523,-0.0028534370940178633,479.882,0.07334683790986474,0.08031157212803001,479.9483089619523,0.005465389405102202
480.41382623543626,-0.004531929735094309,480.344,0.08206145252039132,0.07711392345491042,480.41382623543626,0.005464028369289506
480.8793435089202,-0.004531929735094309,480.81,0.09949068174144426,0.07460502873294682,480.8793435089202,0.005477104171410221
481.34486078240417,-0.006210422143340111,481.276,0.021059280104319233,0.07293944925311015,481.34486078240417,0.005504859399674349
481.8103780558881,-0.008224613033235073,481.742,0.07116821672163653,0.0721986791810218,481.8103780558881,0.005512519847580957
482.2758953293721,-0.009903104975819588,482.207,0.07770421014393492,0.0723962243412469,482.2758953293721,0.005522322581339355
482.74141260285603,-0.01107805036008358,482.673,0.09077606713091768,0.07348877488406372,482.74141260285603,0.005585470867697854
483.20692987634,-0.010238803923130035,483.138,0.09513330950737409,0.07539072360528129,483.20692987634,0.005660159162096823
483.67244714982394,-0.008392462506890297,483.604,0.07552545909809272,0.0779879993925805,483.67244714982394,0.005762668476988633
484.13796442330784,-0.0057068741880357265,484.071,0.08206145252039132,0.08114774008501371,484.13796442330784,0.005834630591167324
484.6034816967918,-0.002517738612368703,484.529,0.08206145252039132,0.08472241165887764,484.6034816967918,0.005891670674388927
485.06899897027574,-0.000839246204122901,484.997,0.09513330950737409,0.08854924118030295,485.06899897027574,0.005967088828565736
485.5345162437597,0.0018463416490703821,485.459,0.08206145252039132,0.09244727598321936,485.5345162437597,0.006031404890722209
486.00003351724365,0.006713969632983208,485.929,0.09949068174144426,0.09621494675984597,486.00003351724365,0.006064807794298023
486.4655507907276,0.006546120624989271,486.392,0.07334683790986474,0.0996310601732831,486.4655507907276,0.006071207942835305
486.93106806421156,0.004531929735094309,486.855,0.11691978110488366,0.10246180608322687,486.93106806421156,0.006051744328739235
487.3965853376955,0.0038605325389653444,487.326,0.06463222329933815,0.1044754797872056,487.3965853376955,0.006053736541858727
487.86210261117947,0.00520332669839263,487.784,0.10166930292967247,0.10546507654850636,487.86210261117947,0.006072513466681749
488.3276198846634,0.006210422143340111,488.252,0.138706382560007,0.10527676409620411,488.3276198846634,0.006143143329450106
488.7931371581474,0.0038605325389653444,488.718,0.12127715333895384,0.10383979663215946,488.7931371581474,0.006235771782146511
489.2586544316313,0.0031891355756670237,489.185,0.07770421014393492,0.10119161489230076,489.2586544316313,0.006323539988789687
489.7241717051153,0.004867628216743469,489.65,0.12127715333895384,0.09749177617043121,489.7241717051153,0.006356482363718952
490.18968897859924,0.0038605325389653444,490.115,0.1343490103259366,0.09301997349105388,490.18968897859924,0.006358902205785819
490.65520625208313,0.0005035477224737406,490.574,0.09295468831914588,0.08815571907754557,490.65520625208313,0.006382177533472482
491.1207235255671,0.0011749446857720613,491.048,0.09295468831914588,0.08333994228103148,491.1207235255671,0.006364773973383888
491.58624079905104,0.0031891355756670237,491.507,0.06681084448756636,0.07902228741667912,491.58624079905104,0.006366235746099107
492.051758072535,0.0031891355756670237,491.975,0.029773894714845817,0.07560194042349208,492.051758072535,0.006395876273311524
492.51727534601895,0.003524834057316184,492.437,0.0363097582795302,0.07337268710186183,492.51727534601895,0.006416404861245445
492.9827926195029,0.00520332669839263,492.9,0.07334683790986474,0.07248290873188447,492.9827926195029,0.00641253351789639
493.44830989298686,0.006546120624989271,493.37,0.06681084448756636,0.07291786568743172,493.44830989298686,0.006419213277031748
493.9138271664708,0.007888914085924625,493.836,0.11691978110488366,0.07450614263062195,493.9138271664708,0.006456197635383293
494.37934443995476,0.010238803923130035,494.299,0.04066713051360038,0.07694700397384463,494.37934443995476,0.006476841358622341
494.8448617134387,0.010574501939117908,494.765,0.07334683790986474,0.07985263345743357,494.8448617134387,0.006574385576194153
495.3103789869227,0.009231708012521267,495.224,0.12563439571541002,0.08279879593339763,495.3103789869227,0.006624231916634404
495.7758962604066,0.007217517588287592,495.689,0.06681084448756636,0.08537786929788774,495.7758962604066,0.0066453032791360875
496.2414135338906,0.004364080261439085,496.156,0.07988283133216312,0.08724850118836484,496.2414135338906,0.006669512010639407
496.70693080737453,0.0038605325389653444,496.621,0.10166930292967247,0.08817662032988197,496.70693080737453,0.006693305441680746
497.17244808085843,0.006378271151334047,497.086,0.11909853215072563,0.08806335829240133,497.17244808085843,0.006705478679910918
497.6379653543424,0.007553216069936752,497.551,0.09513330950737409,0.0869563086477117,497.6379653543424,0.006733636871721467
498.10348262782634,0.007888914085924625,498.015,0.11038391754019905,0.0850417935135393,498.10348262782634,0.00679876914863674
498.5689999013103,0.009903104975819588,498.484,0.045024372890056785,0.08261823310736509,498.5689999013103,0.006869902719716687
499.03451717479425,0.01107805036008358,498.945,0.09513330950737409,0.08005413465954711,499.03451717479425,0.006967586741579396
499.5000344482782,0.010910200886428356,499.414,0.051560366312355166,0.07773722088834953,499.5000344482782,0.007030985858340136
499.96555172176215,0.010574501939117908,499.878,0.09731206055321606,0.07602251913509923,499.96555172176215,0.007021263307113702
500.4310689952461,0.011581597849726677,500.34,0.01597779952601508,0.07518674418163901,500.4310689952461,0.006991462413368629
500.89658626873006,0.010238803923130035,500.806,0.0842400737086193,0.07539476430212463,500.89658626873006,0.006950140014901645
501.362103542214,0.007553216069936752,501.27,0.10820529635197085,0.07668179549468034,501.362103542214,0.0069353804028924135
501.82762081569797,0.006210422143340111,501.735,0.058096359734653547,0.07895236214344904,501.82762081569797,0.0069666554070810524
502.2931380891819,0.0038605325389653444,502.2,0.06245360211110995,0.08199470485255675,502.2931380891819,0.00698190227642722
502.7586553626659,0.0005035477224737406,502.666,0.09949068174144426,0.08550808815434746,502.7586553626659,0.006938392354506958
503.22417263614983,-0.0015106431674212217,503.133,0.06245360211110995,0.08914002890079828,503.22417263614983,0.006836822603181358
503.6896899096337,-0.0031891355756670237,503.599,0.11909853215072563,0.092529694533157,503.6896899096337,0.006737650081718288
504.1552071831177,-0.0068818191066384315,504.063,0.11691978110488366,0.09535237902191432,504.1552071831177,0.006636754680080812
504.62072445660164,-0.009567406959831715,504.529,0.12781314676125222,0.09735900005743389,504.62072445660164,0.006540577664205651
505.0862417300856,-0.010238803923130035,504.989,0.01888065891609103,0.09840503864369547,505.0862417300856,0.006437126722104565
505.55175900356954,-0.008560311049222946,505.458,0.17574333233272732,0.09846537759002293,505.55175900356954,0.006334296684462711
506.0172762770535,-0.009567406959831715,505.919,0.10602654530612887,0.09763388940160905,506.0172762770535,0.006216211549647392
506.48279355053745,-0.01124589890241623,506.389,0.07334683790986474,0.09610822667950876,506.48279355053745,0.006145055369041029
506.9483108240214,-0.009567406959831715,506.852,0.10820529635197085,0.09416156192959638,506.9483108240214,0.006162045681288176
507.41382809750536,-0.007217517588287592,507.316,0.06463222329933815,0.09210490664426785,507.41382809750536,0.006237235624057412
507.8793453709893,-0.00587472366169095,507.781,0.0842400737086193,0.0902454451372021,507.8793453709893,0.006353542380190114
508.34486264447327,-0.00553902518004179,508.249,0.10602654530612887,0.08884673040159442,508.34486264447327,0.006442801147435875
508.8103799179572,-0.006210422143340111,508.714,0.11256253872842725,0.08809555011785385,508.8103799179572,0.006524531054985536
509.2758971914412,-0.006378271151334047,509.174,0.00580867207149427,0.08807892986598641,509.2758971914412,0.0065756726364345165
509.7414144649251,-0.006210422143340111,509.64,0.10166930292967247,0.08877401943294884,509.7414144649251,0.006564140851866523
510.206931738409,-0.0068818191066384315,510.104,0.0885974459426897,0.09005297727359735,510.206931738409,0.006495392173950286
510.672449011893,-0.0068818191066384315,510.569,0.0885974459426897,0.09170305149778771,510.672449011893,0.006431277591294072
511.13796628537693,-0.008224613033235073,511.037,0.12127715333895384,0.09345882967573654,511.13796628537693,0.006416326772900222
511.6034835588609,-0.009567406959831715,511.5,0.09295468831914588,0.09504085638656581,511.6034835588609,0.006366404364506142
512.0690008323448,-0.008560311049222946,511.97,0.11038391754019905,0.09619396868810283,512.0690008323448,0.006284211875492615
512.5345181058289,-0.008224613033235073,512.432,0.09295468831914588,0.09671971442213069,512.5345181058289,0.006227640547983405
513.0000353793127,-0.00587472366169095,512.9,0.0864186948968475,0.09649916806086413,513.0000353793127,0.006172487821218755
513.4655526527966,-0.0041962312534451485,513.363,0.138706382560007,0.09550439300842128,513.4655526527966,0.0061124296148975495
513.9310699262807,-0.0023498893715441227,513.829,0.06681084448756636,0.09379822178251909,513.9310699262807,0.00603717387504284
514.3965871997646,-0.003524834057316184,514.291,0.09513330950737409,0.09152312564535127,514.3965871997646,0.005979985765292733
514.8621044732486,-0.007217517588287592,514.757,0.09295468831914588,0.08888110761105782,514.8621044732486,0.005957970731240256
515.3276217467325,-0.0068818191066384315,515.222,0.08206145252039132,0.08610761281174475,515.3276217467325,0.0059142654954185
515.7931390202165,-0.007553216069936752,515.688,0.07334683790986474,0.08344294481726029,515.7931390202165,0.005817603280102924
516.2586562937004,-0.006210422143340111,516.153,0.09295468831914588,0.08110459100945443,516.2586562937004,0.005708835672304768
516.7241735671844,-0.00553902518004179,516.618,0.06027498092288175,0.07926350194165413,516.7241735671844,0.005600462805342014
517.1896908406683,-0.00553902518004179,517.085,0.08206145252039132,0.07802687265501447,517.1896908406683,0.005471810116608472
517.6552081141523,-0.00553902518004179,517.551,0.0842400737086193,0.07742934184552151,517.6552081141523,0.005349325256597983
518.1207253876362,-0.003524834057316184,518.011,0.0363097582795302,0.07743379133325115,518.1207253876362,0.005225580103629202
518.5862426611202,0.0005035477224737406,518.481,0.0842400737086193,0.07794206513184693,518.5862426611202,0.005043713443011316
519.0517599346041,0.002517738612368703,518.941,0.06245360211110995,0.07881468544951926,519.0517599346041,0.004848795656140083
519.5172772080881,0.0005035477224737406,519.411,0.11909853215072563,0.07989672369579427,519.5172772080881,0.004755499024892678
519.982794481572,-0.0028534370940178633,519.871,0.09513330950737409,0.08104473328959862,519.982794481572,0.004790439770917114
520.4483117550559,-0.0028534370940178633,520.34,0.09513330950737409,0.08214832990962993,520.4483117550559,0.004716588234585043
520.9138290285399,-0.002517738612368703,520.799,0.11038391754019905,0.08314082175443734,520.9138290285399,0.004607497848421833
521.3793463020238,-0.0031891355756670237,521.271,0.08206145252039132,0.08399627566519047,521.3793463020238,0.004485411836823508
521.8448635755078,-0.004867628216743469,521.729,0.06463222329933815,0.08471449960412845,521.8448635755078,0.0043923105094446704
522.3103808489917,-0.0041962312534451485,522.196,0.06245360211110995,0.08529929350468564,522.3103808489917,0.004377357633872973
522.7758981224757,-0.000839246204122901,522.662,0.06681084448756636,0.08573771991751791,522.7758981224757,0.004289653160096122
523.2414153959596,-0.0001678492408245802,523.127,0.06463222329933815,0.08598811517739845,523.2414153959596,0.004054936433602347
523.7069326694436,0.0005035477224737406,523.593,0.06463222329933815,0.0859819851292698,523.7069326694436,0.0037583275919805532
524.1724499429275,0.0021820401307195425,524.059,0.12999176794948042,0.08564069368475895,524.1724499429275,0.003530927968329081
524.6379672164115,0.0031891355756670237,524.525,0.06681084448756636,0.08490334248460957,524.6379672164115,0.003417538606492807
525.1034844898954,0.002517738612368703,524.989,0.0885974459426897,0.08375886535896053,525.1034844898954,0.0034116072059535733
525.5690017633794,0.0031891355756670237,525.451,0.06681084448756636,0.08227396978549648,525.5690017633794,0.0035305044392070495
526.0345190368633,0.0036926832981407642,525.919,0.19970855497607887,0.0806088063871273,526.0345190368633,0.0037049902622996603
526.5000363103474,0.004531929735094309,526.381,0.06245360211110995,0.07901342478883124,526.5000363103474,0.003790461975152933
526.9655535838313,0.0057068741880357265,526.852,0.10820529635197085,0.07780075561352037,526.9655535838313,0.003794555353413744
527.4310708573151,0.007217517588287592,527.314,0.06245360211110995,0.07729718782589334,527.4310708573151,0.003742718855868278
527.8965881307992,0.008896009996533394,527.78,0.05083612811050764,0.07777893427699645,527.8965881307992,0.003646473990084624
528.362105404283,0.008896009996533394,528.24,0.013799178337787099,0.07940834750657864,528.362105404283,0.003601163055808428
528.8276226777671,0.007721065077930689,528.706,0.018156420714243282,0.08218654071900652,528.8276226777671,0.0036142655735949734
529.293139951251,0.006546120624989271,529.17,0.042121513499981056,0.08593596522311343,529.293139951251,0.0037049881661764894
529.758657224735,0.007553216069936752,529.636,0.1619472371438968,0.09031913879370727,529.758657224735,0.0038855020159941694
530.2241744982189,0.009231708012521267,530.101,0.13362477212408908,0.09488945985636504,530.2241744982189,0.003990207077315502
530.6896917717029,0.010574501939117908,530.567,0.11837429394887788,0.099161125754198,530.6896917717029,0.0040183981582789605
531.1552090451868,0.009231708012521267,531.03,0.059550742721034,0.10268173710684633,531.1552090451868,0.004071351023131903
531.6207263186708,0.00520332669839263,531.499,0.19026970216370476,0.10509377446753726,531.6207263186708,0.004187154058453206
532.0862435921547,0.0028534370940178633,531.959,0.09005182892907015,0.10617646470147774,532.0862435921547,0.004343064436054794
532.5517608656387,0.0011749446857720613,532.429,0.09658782235136854,0.10586438200915428,532.5517608656387,0.004512877103600199
533.0172781391226,0.0023498893715441227,532.893,0.14233938673461544,0.10424299408526386,533.0172781391226,0.004546886516763277
533.4827954126065,0.0010070954449474812,533.355,0.05519350034457782,0.10152484745536684,533.4827954126065,0.004475759108281914
533.9483126860905,-0.0001678492408245802,533.821,0.048657506922279437,0.09801277837214352,533.9483126860905,0.004303678732372792
534.4138299595744,0.000839246204122901,534.284,0.1706618517544234,0.094057537672394,534.4138299595744,0.003997768785847429
534.8793472330584,0.002517738612368703,534.749,0.05083612811050764,0.09001617278452931,534.8793472330584,0.0036426560421506074
535.3448645065423,0.002517738612368703,535.215,0.07480135075385896,0.08621520491402954,535.3448645065423,0.0034199131310398466
535.8103817800263,0.003524834057316184,535.68,0.08787320774084195,0.08292071622069078,535.8103817800263,0.003389022601050448
536.2758990535102,0.00587472366169095,536.145,0.08133721431854357,0.08031660473914033,536.2758990535102,0.0034782937136561974
536.7414163269942,0.006210422143340111,536.611,0.08787320774084195,0.07849162892257364,536.7414163269942,0.0035832681054985154
537.2069336004781,0.003524834057316184,537.078,0.09440920116314033,0.07743499200206078,537.2069336004781,0.00363750183064782
537.6724508739621,0.004531929735094309,537.544,0.08569458655261375,0.07703986256214772,537.6724508739621,0.0036282027863700234
538.137968147446,0.00587472366169095,538.004,0.01597779952601508,0.07711501115671077,538.137968147446,0.0035424062547087013
538.60348542093,0.004531929735094309,538.474,0.03558564993529645,0.07740609625470263,538.60348542093,0.0034208239526511315
539.0690026944139,0.0021820401307195425,538.937,0.08133721431854357,0.07762834043339013,539.0690026944139,0.0032270801299032967
539.534519967898,-0.000839246204122901,539.4,0.07697997194208717,0.07750966473912399,539.534519967898,0.003001666521882786
540.0000372413818,-0.000839246204122901,539.87,0.1597686159556686,0.07683806539690997,540.0000372413818,0.0028766610681586675
540.4655545148657,0.0005035477224737406,540.333,0.14451800792284364,0.0755020899724255,540.4655545148657,0.0028852549178057575
540.9310717883498,0.0011749446857720613,540.798,0.05301474929873562,0.07351240566866687,540.9310717883498,0.00304003660506728
541.3965890618337,0.002517738612368703,541.263,0.0617293639092622,0.07099726630097197,541.3965890618337,0.0033055575256457424
541.8621063353177,0.003524834057316184,541.728,0.022513663090699687,0.0681731482451566,541.8621063353177,0.003696540298699271
542.3276236088016,0.0030212863348424435,542.192,0.10530243696189512,0.06529937095747901,542.3276236088016,0.004202516101142925
542.7931408822856,0.004531929735094309,542.658,0.02541652248077564,0.06262868314672138,542.7931408822856,0.004809570277327563
543.2586581557695,0.010238803923130035,543.126,0.00580867207149427,0.06036482717746719,543.2586581557695,0.005459087899440406
543.7241754292535,0.013260089792311192,543.584,0.03776427112352465,0.058635245449802115,543.7241754292535,0.00614482094712893
544.1896927027374,0.009231708012521267,544.049,0.07262259970801699,0.057483303552200486,544.1896927027374,0.0069305468378261115
544.6552099762214,-0.000839246204122901,544.515,0.10530243696189512,0.05687931214910615,544.6552099762214,0.007742288634336607
545.1207272497053,-0.007553216069936752,544.985,0.06826535733156058,0.05674424779328076,545.1207272497053,0.008517249607747721
545.5862445231893,-0.008560311049222946,545.448,0.07915859313031537,0.0569771726212204,545.5862445231893,0.009205466241403375
546.0517617966732,-0.0068818191066384315,545.911,0.01888065891609103,0.057478603512488145,546.0517617966732,0.009843933166451343
546.5172790701571,-0.0041962312534451485,546.381,0.059550742721034,0.05816612818903859,546.5172790701571,0.010485348313358938
546.9827963436411,-0.000839246204122901,546.839,0.048657506922279437,0.05898236275008714,546.9827963436411,0.011171262293175683
547.448313617125,0.007217517588287592,547.31,0.13144615093586087,0.05989683179156675,547.448313617125,0.011865770108368697
547.913830890609,0.01896696351468563,547.775,0.005084563727260516,0.060902932177869476,547.913830890609,0.012457653470915007
548.3793481640929,0.027359426021575928,548.234,0.022513663090699687,0.06201078581692544,548.3793481640929,0.012996094648774832
548.8448654375769,0.026016632094979286,548.699,0.10312368591605292,0.06323740365247218,548.8448654375769,0.013514726825907647
549.3103827110608,0.019806209951639175,549.167,0.09005182892907015,0.0645958717968285,549.3103827110608,0.013964118954994427
549.7758999845448,0.013260089792311192,549.633,0.10094506472782472,0.06608422076964356,549.7758999845448,0.014334365502763582
550.2414172580287,0.006210422143340111,550.1,0.03340689888945447,0.06767387852551875,550.2414172580287,0.01466575473096979
550.7069345315127,0.0011749446857720613,550.559,0.018156420714243282,0.06929922712360144,550.7069345315127,0.014983547992028202
551.1724518049966,-0.004867628216743469,551.03,0.03994289231175285,0.0708528020608621,551.1724518049966,0.015271914542073267
551.6379690784806,-0.009567406959831715,551.492,0.12273153632533429,0.07219171295000637,551.6379690784806,0.015532665673386865
552.1034863519645,-0.011581597849726677,551.956,0.005084563727260516,0.07315807971827197,552.1034863519645,0.015815801918624924
552.5690036254485,-0.011581597849726677,552.425,0.08787320774084195,0.07361126615616038,552.5690036254485,0.016165583614540544
553.0345208989324,-0.008896009996533394,552.889,0.12345577452718204,0.07346519948982153,553.0345208989324,0.016577952320359992
553.5000381724163,-0.006210422143340111,553.351,0.12055291513710609,0.07272129763512428,553.5000381724163,0.017018002249237316
553.9655554459003,-0.0041962312534451485,553.817,0.09005182892907015,0.07148689582946899,553.9655554459003,0.017452453829452513
554.4310727193842,0.0003356984816491604,554.279,0.03340689888945447,0.0699715615985242,554.4310727193842,0.017869540919525636
554.8965899928683,0.006546120624989271,554.745,0.13798214435815925,0.06845930105961176,554.8965899928683,0.01830835522860845
555.3621072663522,0.010910200886428356,555.211,0.00580867207149427,0.06726107822194508,555.3621072663522,0.018805784465141848
555.8276245398362,0.010910200886428356,555.677,0.05737212153280602,0.06665678450243019,555.8276245398362,0.01935533185553777
556.2931418133201,0.008896009996533394,556.141,0.059550742721034,0.06683806899585014,556.2931418133201,0.019911158088887125
556.7586590868041,0.004867628216743469,556.607,0.022513663090699687,0.06786340726386973,556.7586590868041,0.02037497676252905
557.224176360288,-0.0015106431674212217,557.071,0.07697997194208717,0.06963452222247678,557.224176360288,0.020745644781803192
557.689693633772,-0.009903104975819588,557.537,0.059550742721034,0.07189931005731573,557.689693633772,0.021069860812541023
558.1552109072559,-0.017792019993066788,558.0,0.014523286682020853,0.0742818047906516,558.1552109072559,0.021432652502224106
558.6207281807399,-0.02719157747924328,558.47,0.14233938673461544,0.07633520578150353,558.6207281807399,0.02180367825679451
559.0862454542238,-0.03944457322359085,558.93,0.07697997194208717,0.07760988266430588,559.0862454542238,0.022165896351219662
559.5517627277077,-0.04615854099392891,559.4,0.13144615093586087,0.07772510363775163,559.5517627277077,0.022537464873904022
560.0172800011917,-0.04078736528754234,559.863,0.03776427112352465,0.07643228507866631,560.0172800011917,0.022958133420198774
560.4827972746756,-0.029709314927458763,560.326,0.12491028737117627,0.07365966524123355,560.4827972746756,0.023391108844482426
560.9483145481596,-0.024338139221072197,560.791,0.05737212153280602,0.06953242283564175,560.9483145481596,0.023819840802347135
561.4138318216435,-0.026352331042289734,561.259,0.07480135075385896,0.06436643278912645,561.4138318216435,0.024245706779008856
561.8793490951275,-0.031052108854055405,561.725,0.048657506922279437,0.05863713273597626,561.8793490951275,0.024637830619686427
562.3448663686114,-0.03776608034968376,562.185,0.10530243696189512,0.05292748806355005,562.3448663686114,0.024907934238179573
562.8103836420954,-0.043808650225400925,562.65,0.018156420714243282,0.04786105735377958,562.8103836420954,0.025120508463830172
563.2759009155793,-0.047837033867836,563.115,0.003630050883266067,0.044027977506130085,563.2759009155793,0.025263221747530328
563.7414181890633,-0.05455100163817406,563.581,0.05083612811050764,0.04191335386241366,563.7414181890633,0.02531785021693444
564.2069354625472,-0.06193637102842331,564.048,0.013799178337787099,0.04183812963547977,564.2069354625472,0.025303818411070097
564.6724527360312,-0.0629434660077095,564.514,0.00580867207149427,0.04392091559763806,564.6724527360312,0.02523870053987821
565.1379700095151,-0.05740443989634514,564.978,0.09658782235136854,0.04806570522888954,565.1379700095151,0.025127862595257684
565.6034872829991,-0.05136186629533768,565.44,0.005084563727260516,0.05397613828545495,565.6034872829991,0.02495056013866996
566.069004556483,-0.045151446014642715,565.904,0.022513663090699687,0.061193078770163806,566.069004556483,0.02476537107761021
566.5345218299669,-0.03776608034968376,566.374,0.1750190941308798,0.06914914745660744,566.5345218299669,0.024609841055850984
567.000039103451,-0.031052108854055405,566.84,0.020335041902471485,0.07723138206788355,567.000039103451,0.024496058992607025
567.4655563769348,-0.024673838168382645,567.303,0.23166402417049548,0.08484173352811236,567.4655563769348,0.02440104151869077
567.9310736504189,-0.019806209951639175,567.769,0.00580867207149427,0.091446089283619,567.9310736504189,0.024277349834399064
568.3965909239027,-0.01359578873962164,568.234,0.13798214435815925,0.0966069222663158,568.3965909239027,0.024209057585868714
568.8621081973868,-0.007217517588287592,568.7,0.005084563727260516,0.10000109945032214,568.8621081973868,0.024192009693363676
569.3276254708707,-0.0015106431674212217,569.159,0.05083612811050764,0.10142951835162248,569.3276254708707,0.024158637620379758
569.7931427443547,0.004531929735094309,569.625,0.03776427112352465,0.10082585997609092,569.7931427443547,0.02402111970315539
570.2586600178386,0.009231708012521267,570.09,0.3645616048013942,0.09826675161544822,570.2586600178386,0.02397753371244855
570.7241772913226,0.01124589890241623,570.556,0.0014514296950378647,0.09397764475045516,570.7241772913226,0.023923219804969767
571.1896945648065,0.010574501939117908,571.026,0.16485009653397276,0.08832384762855387,571.1896945648065,0.02381103522124512
571.6552118382905,0.007888914085924625,571.488,0.026871035324769865,0.08177930026843466,571.6552118382905,0.02366967269527404
572.1207291117744,0.00520332669839263,571.956,0.046478885734051234,0.07487493888652433,572.1207291117744,0.023504584587534138
572.5862463852583,0.007553216069936752,572.418,0.059550742721034,0.06813698767258435,572.5862463852583,0.023439571563619248
573.0517636587423,0.009063859470188618,572.882,0.02541652248077564,0.0620285486754414,573.0517636587423,0.02344495401077062
573.5172809322262,0.009231708012521267,573.344,0.01234466549379265,0.056905660616144285,573.5172809322262,0.023506805000163146
573.9827982057102,0.014602883718907833,573.81,0.13362477212408908,0.052993936090538034,573.9827982057102,0.023507430000671833
574.4483154791941,0.02064545638859272,574.276,0.013799178337787099,0.05038611832824714,574.4483154791941,0.02337789530975905
574.9138327526781,0.02249179780483246,574.742,0.018156420714243282,0.04905624095126172,574.9138327526781,0.023095747961373106
575.379350026162,0.0240024421364069,575.207,0.1619472371438968,0.04888379044186569,575.379350026162,0.022672612280730406
575.844867299646,0.02668802998960018,575.673,0.013799178337787099,0.049681252529144605,575.844867299646,0.022127057528338958
576.3103845731299,0.02987716533243656,576.138,0.009441806103716699,0.051219901942065695,576.3103845731299,0.021588127034033625
576.7759018466139,0.03004501387476921,576.604,0.06608673614333238,0.053251294479367,576.7759018466139,0.021109443892675314
577.2414191200978,0.027359426021575928,577.07,0.0617293639092622,0.05552455078572818,577.2414191200978,0.020688754784540925
577.7069363935818,0.025009537115693092,577.536,0.07480135075385896,0.05780033193269805,577.7069363935818,0.02030921333214873
578.1724536670657,0.023331044241786003,577.996,0.07915859313031537,0.059861425016968256,578.1724536670657,0.01994023529538892
578.6379709405497,0.022659648209810257,578.466,0.05301474929873562,0.0615192674818563,578.6379709405497,0.019549957702920562
579.1034882140336,0.022659648209810257,578.926,0.03340689888945447,0.06261691675635138,579.1034882140336,0.019078166083081226
579.5690054875175,0.02198825031518936,579.389,0.05083612811050764,0.06303104840351771,579.5690054875175,0.018515433921442864
580.0345227610015,0.01930266246199608,579.859,0.042121513499981056,0.06267666638469756,580.0345227610015,0.01804102508690589
580.5000400344854,0.016617074608802795,580.322,0.05519350034457782,0.061517109702146695,580.5000400344854,0.017615181737343895
580.9655573079694,0.01426718570291996,580.788,0.046478885734051234,0.05957884887301982,580.9655573079694,0.01718757438861956
581.4310745814533,0.01594567857682705,581.252,0.1619472371438968,0.056966767294876486,581.4310745814533,0.016735817933578805
581.8965918549374,0.01930266246199608,581.718,0.022513663090699687,0.05387278575737243,581.8965918549374,0.016198086054940525
582.3621091284213,0.019974060356616974,582.185,0.11619567276064968,0.05057053503887032,582.3621091284213,0.015599041831941206
582.8276264019053,0.01728847250342369,582.651,0.022513663090699687,0.047392231207652506,582.8276264019053,0.015136123649828559
583.2931436753892,0.013931486755609512,583.116,0.0029058126814183183,0.04468987548506387,583.2931436753892,0.014776576238102218
583.7586609488732,0.01191729586571455,583.574,0.020335041902471485,0.04278863852776146,583.7586609488732,0.014542326215892395
584.2241782223571,0.009903104975819588,584.049,0.018156420714243282,0.04194312440054343,584.2241782223571,0.014471396209778385
584.6896954958411,0.00587472366169095,584.507,0.01888065891609103,0.04230593807666681,584.6896954958411,0.014477391337856624
585.155212769325,0.002517738612368703,584.97,0.10312368591605292,0.043913405462710914,585.155212769325,0.014440186995131986
585.620730042809,0.0011749446857720613,585.44,0.03340689888945447,0.0466877772991766,585.620730042809,0.014279317674991972
586.0862473162929,0.0011749446857720613,585.9,0.059550742721034,0.05045135916227415,586.0862473162929,0.014019263496710033
586.5517645897768,-0.0015106431674212217,586.37,0.059550742721034,0.054947092136929394,586.5517645897768,0.013783520856865223
587.0172818632608,-0.00520332669839263,586.835,0.08787320774084195,0.0598615965097154,587.0172818632608,0.013625344820337757
587.4827991367447,-0.008224613033235073,587.298,0.03122827770122627,0.06484898544015456,587.4827991367447,0.013561511921639052
587.9483164102287,-0.012924391776323318,587.764,0.013799178337787099,0.06955576749358892,587.9483164102287,0.01354249031657816
588.4138336837126,-0.016617074608802795,588.229,0.06826535733156058,0.07364821899597407,588.4138336837126,0.013543456611187558
588.8793509571966,-0.017959868535399437,588.695,0.12491028737117627,0.07684261694421687,588.8793509571966,0.013629292205178011
589.3448682306805,-0.01896696351468563,589.16,0.12926752974763267,0.07893536441504406,589.3448682306805,0.013882481603034217
589.8103855041645,-0.020981155335903168,589.625,0.058096359734653547,0.07982658824526805,589.8103855041645,0.014232440119354666
590.2759027776484,-0.024338139221072197,590.086,0.1140169217148077,0.07953054415901192,590.2759027776484,0.014569571584633918
590.7414200511324,-0.024673838168382645,590.551,0.05519350034457782,0.07816980654464963,590.7414200511324,0.014874632381295171
591.2069373246163,-0.022995345294475555,591.015,0.06245360211110995,0.07595524278321623,591.2069373246163,0.01512846732494737
591.6724545981003,-0.019974060356616974,591.484,0.003630050883266067,0.07315734627996663,591.6724545981003,0.015306618909779074
592.1379718715842,-0.016784925013780594,591.945,0.12491028737117627,0.07007530377296904,592.1379718715842,0.015463906762731955
592.6034891450681,-0.01896696351468563,592.414,0.09005182892907015,0.06700814235452282,592.6034891450681,0.015569421865362084
593.0690064185521,-0.019806209951639175,592.878,0.1074810581501231,0.06422885911262291,593.0690064185521,0.015580620579932102
593.534523692036,-0.018631266430020332,593.34,0.00580867207149427,0.061960474252825797,593.534523692036,0.015465053968636566
594.00004096552,-0.01493858266621828,593.806,0.011620427291944901,0.06035433830436968,594.00004096552,0.01521317422946758
594.4655582390039,-0.012252994813024998,594.27,0.08569458655261375,0.05947404804738792,594.4655582390039,0.014883668244839908
594.931075512488,-0.010238803923130035,594.735,0.08133721431854357,0.059289310103981384,594.931075512488,0.014615367689421023
595.3965927859718,-0.010238803923130035,595.2,0.048657506922279437,0.05968181873182264,595.3965927859718,0.014379090495186994
595.8621100594559,-0.010910200886428356,595.665,0.04284575170182858,0.06046215760186577,595.8621100594559,0.014160975500789937
596.3276273329398,-0.008224613033235073,596.13,0.042121513499981056,0.06139543366675845,596.3276273329398,0.013959900161357107
596.7931446064238,-0.0038605325389653444,596.596,0.08351583550677177,0.06223334894017987,596.7931446064238,0.013665365765483389
597.2586618799077,-0.0001678492408245802,597.064,0.10530243696189512,0.06274986617382866,597.2586618799077,0.01331341711232606
597.7241791533917,0.004867628216743469,597.529,0.0029058126814183183,0.06277637754270016,597.7241791533917,0.012992504974544931
598.1896964268756,0.008560311049222946,597.992,0.05519350034457782,0.0622317529853544,598.1896964268756,0.012678301382283581
598.6552137003596,0.011581597849726677,598.455,0.10530243696189512,0.061143178256759696,598.6552137003596,0.012334858159176832
599.1207309738435,0.014602883718907833,598.922,0.10530243696189512,0.05965401348598477,599.1207309738435,0.012069491426228216
599.5862482473274,0.018631266430020332,599.385,0.05301474929873562,0.05801472564539134,599.5862482473274,0.011891158926995595
600.0517655208114,0.020981155335903168,599.852,0.09005182892907015,0.056554162534418174,600.0517655208114,0.011716584687651731
600.5172827942953,0.02366674318909645,600.314,0.005084563727260516,0.055632363317950684,600.5172827942953,0.011494106990082529
600.9828000677793,0.026016632094979286,600.78,0.07915859313031537,0.05558129537068967,600.9828000677793,0.011263882500431551
601.4483173412632,0.026016632094979286,601.244,0.01597779952601508,0.05664375540392507,601.4483173412632,0.01106985700271535
601.9138346147472,0.02366674318909645,601.71,0.048657506922279437,0.0589218298626218,601.9138346147472,0.010902250355984197
602.3793518882311,0.020309757441282272,602.175,0.005084563727260516,0.06234498857340114,602.3793518882311,0.010738163489726308
602.8448691617151,0.01594567857682705,602.641,0.09005182892907015,0.06666472097653203,602.8448691617151,0.010604973334433943
603.310386435199,0.013260089792311192,603.108,0.048657506922279437,0.07147803538336046,603.310386435199,0.010501372304143346
603.775903708683,0.015274280682206154,603.574,0.08133721431854357,0.07627682591273724,603.775903708683,0.010398651234091756
604.2414209821669,0.01594567857682705,604.037,0.1096596793383513,0.08051537538263794,604.2414209821669,0.010324337125863892
604.7069382556509,0.013931486755609512,604.499,0.10530243696189512,0.08368528940951142,604.7069382556509,0.01030783612476915
605.1724555291348,0.013260089792311192,604.967,0.024692414136541663,0.08538637250726172,605.1724555291348,0.010282237575557579
605.6379728026187,0.01191729586571455,605.429,0.1597686159556686,0.08538302190631912,605.6379728026187,0.010199405685234336
606.1034900761027,0.009903104975819588,605.9,0.1728404729426516,0.08363768021578805,606.1034900761027,0.010076343109076565
606.5690073495866,0.009903104975819588,606.363,0.05083612811050764,0.08031532883638913,606.5690073495866,0.009987828605766347
607.0345246230706,0.008392462506890297,606.828,0.059550742721034,0.07575711809530021,607.0345246230706,0.009946284162899392
607.5000418965545,0.004531929735094309,607.291,0.05519350034457782,0.07042775938588731,607.5000418965545,0.009917112398138367
607.9655591700385,0.0030212863348424435,607.757,0.05519350034457782,0.06484783353448918,607.9655591700385,0.009852352261207516
608.4310764435224,0.0021820401307195425,608.222,0.007987423117336245,0.059525189249096215,608.4310764435224,0.009739018402585061
608.8965937170065,0.002517738612368703,608.688,0.01234466549379265,0.0548983033854526,608.8965937170065,0.009588254045673563
609.3621109904904,0.004531929735094309,609.153,0.010166044305564448,0.05130019473808903,609.3621109904904,0.009411584806812808
609.8276282639744,0.0031891355756670237,609.618,0.19026970216370476,0.04894522950978341,609.8276282639744,0.009144700796423655
610.2931455374583,-0.0010070954449474812,610.086,0.059550742721034,0.04793418738499574,610.2931455374583,0.008772013842075783
610.7586628109423,-0.0020141908898949623,610.544,0.011620427291944901,0.04826849444156356,610.7586628109423,0.008336493158577726
611.2241800844262,-0.0015106431674212217,611.011,0.011620427291944901,0.04986561471703509,611.2241800844262,0.007870232012726257
611.6896973579102,-0.0001678492408245802,611.474,0.08569458655261375,0.052572801946971386,611.6896973579102,0.0073754405497470565
612.1552146313941,-0.0001678492408245802,611.944,0.013799178337787099,0.05618060150009057,612.1552146313941,0.006915258840719617
612.620731904878,-0.0038605325389653444,612.407,0.09440920116314033,0.06043764041785562,612.620731904878,0.006530707043809349
613.086249178362,-0.008224613033235073,612.874,0.11837429394887788,0.06506597319724428,613.086249178362,0.006269717420489202
613.5517664518459,-0.011581597849726677,613.337,0.05083612811050764,0.06977465720389507,613.5517664518459,0.006091602852347503
614.0172837253299,-0.010574501939117908,613.803,0.059550742721034,0.074269979228912,614.0172837253299,0.005905984092203573
614.4828009988138,-0.008560311049222946,614.266,0.048657506922279437,0.07826358783595709,614.4828009988138,0.00572203063889768
614.9483182722978,-0.007553216069936752,614.732,0.005084563727260516,0.08148261049585094,614.9483182722978,0.005612198054811903
615.4138355457817,-0.0068818191066384315,615.197,0.06826535733156058,0.08368585894495216,615.4138355457817,0.005609607558332542
615.8793528192657,-0.0068818191066384315,615.662,0.27741571841135637,0.08468622002254834,615.8793528192657,0.005634500913355451
616.3448700927496,-0.0068818191066384315,616.126,0.05083612811050764,0.08437329707890776,616.3448700927496,0.0056484360849688355
616.8103873662336,-0.0028534370940178633,616.592,0.059550742721034,0.08272716458684927,616.8103873662336,0.005647971451352143
617.2759046397175,0.0005035477224737406,617.059,0.07697997194208717,0.07981736699579159,617.2759046397175,0.00561192872862008
617.7414219132015,0.0021820401307195425,617.525,0.0617293639092622,0.07578879653332579,617.7414219132015,0.005561095529215425
618.2069391866854,0.004531929735094309,617.985,0.024692414136541663,0.07084179256602723,618.2069391866854,0.005456879769549728
618.6724564601693,0.007049668114632368,618.455,0.06826535733156058,0.06521456550013574,618.6724564601693,0.005309962090788818
619.1379737336533,0.00553902518004179,618.918,0.020335041902471485,0.059173111420784595,619.1379737336533,0.005140248110465694
619.6034910071372,0.002517738612368703,619.381,0.07262259970801699,0.053009228873839666,619.6034910071372,0.0049838155222207085
620.0690082806212,0.003524834057316184,619.847,0.1118383005265795,0.0470423486995132,620.0690082806212,0.004816609793188667
620.5345255541051,0.0031891355756670237,620.31,0.11619567276064968,0.04161712949168584,620.5345255541051,0.0046377838748618335
621.0000428275891,-0.0001678492408245802,620.777,0.021059280104319233,0.03708831937459699,621.0000428275891,0.004449977598026442
621.465560101073,-0.0028534370940178633,621.241,0.0029058126814183183,0.03378874422517665,621.465560101073,0.004216356688254035
621.931077374557,-0.0028534370940178633,621.707,0.0014514296950378647,0.0319840812955024,621.931077374557,0.003892418212838637
622.396594648041,-0.0015106431674212217,622.171,0.01597779952601508,0.03182498931847109,622.396594648041,0.0035349102931375364
622.862111921525,0.0011749446857720613,622.637,0.009441806103716699,0.03330936819798154,622.862111921525,0.00326953739886513
623.3276291950089,0.0021820401307195425,623.103,0.03558564993529645,0.03626480428907956,623.3276291950089,0.0030448433860054296
623.7931464684929,0.0010070954449474812,623.569,0.034131137091302,0.04035615101061286,623.7931464684929,0.002830470213572689
624.2586637419768,-0.0003356984816491604,624.033,0.046478885734051234,0.045118166469455316,624.2586637419768,0.002652573587547297
624.7241810154608,0.0018463416490703821,624.496,0.003630050883266067,0.05000929238009225,624.7241810154608,0.0025773055354914535
625.1896982889447,0.007217517588287592,624.959,0.03122827770122627,0.05447991276015602,625.1896982889447,0.002565566114551195
625.6552155624286,0.011581597849726677,625.429,0.19680569558600314,0.058045918528976614,625.6552155624286,0.002634394973938496
626.1207328359126,0.013931486755609512,625.892,0.0617293639092622,0.060355845889792356,626.1207328359126,0.002795103924996272
626.5862501093965,0.01426718570291996,626.355,0.05519350034457782,0.06123908789775467,626.5862501093965,0.0029963314058180836
627.0517673828805,0.013260089792311192,626.821,0.07262259970801699,0.06072613589186234,627.0517673828805,0.0031629532599286364
627.5172846563644,0.010238803923130035,627.284,0.05083612811050764,0.05903876224421017,627.5172846563644,0.0032762439325548674
627.9828019298484,0.007553216069936752,627.75,0.009441806103716699,0.05655463517430646,627.9828019298484,0.0033209319128142197
628.4483192033323,0.007721065077930689,628.215,0.10530243696189512,0.05375419872067929,628.4483192033323,0.003391528867752684
628.9138364768163,0.006546120624989271,628.68,0.05083612811050764,0.05115789841895098,628.9138364768163,0.0035861485462171236
629.3793537503002,0.0023498893715441227,629.145,0.026871035324769865,0.04926071111917218,629.3793537503002,0.0038226806781905967
629.8448710237842,0.0005035477224737406,629.611,0.046478885734051234,0.04847017991833011,629.8448710237842,0.00401675757510301
630.3103882972681,0.0018463416490703821,630.078,0.024692414136541663,0.0490542962875593,630.3103882972681,0.004206800711808944
630.7759055707521,0.0021820401307195425,630.544,0.03994289231175285,0.051105547668662744,630.7759055707521,0.004410581671872548
631.241422844236,0.0011749446857720613,631.004,0.05083612811050764,0.05452606632982034,631.241422844236,0.004610904515857908
631.70694011772,0.0011749446857720613,631.474,0.06826535733156058,0.059036141557068864,631.70694011772,0.004849739299822266
632.1724573912039,0.0011749446857720613,631.937,0.04720312393589898,0.06420535856212048,632.1724573912039,0.0051341420101253775
632.6379746646878,0.0011749446857720613,632.399,0.05301474929873562,0.06950320068838803,632.6379746646878,0.005420164794074051
633.1034919381718,-0.0011749446857720613,632.867,0.0617293639092622,0.07436428156139381,633.1034919381718,0.005707567109759045
633.5690092116557,-0.0015106431674212217,633.329,0.05083612811050764,0.07826179707807895,633.5690092116557,0.0059702302671998195
634.0345264851397,-0.000839246204122901,633.795,0.18591245978724835,0.08078055578479863,634.0345264851397,0.006271935782037685
634.5000437586236,-0.002517738612368703,634.259,0.0617293639092622,0.08167845937247659,634.5000437586236,0.0066247355954347
634.9655610321076,-0.00587472366169095,634.724,0.16848323056619519,0.08092444649970153,634.9655610321076,0.006956445545946064
635.4310783055915,-0.008224613033235073,635.19,0.08351583550677177,0.07870366922690178,635.4310783055915,0.007234131479556837
635.8965955790756,-0.009735256433486938,635.656,0.048657506922279437,0.07538719116500177,635.8965955790756,0.007518287469036492
636.3621128525594,-0.011581597849726677,636.122,0.05301474929873562,0.07147172199291348,636.3621128525594,0.0077918368485743105
636.8276301260435,-0.01258869282901287,636.588,0.022513663090699687,0.0675017993719601,636.8276301260435,0.008051886906397526
637.2931473995274,-0.010238803923130035,637.052,0.059550742721034,0.06398987767976297,637.2931473995274,0.008287232753265511
637.7586646730114,-0.006210422143340111,637.517,0.024692414136541663,0.061348247796639305,637.7586646730114,0.008557003309281101
638.2241819464953,-0.0041962312534451485,637.981,0.1140169217148077,0.05984196307309475,638.2241819464953,0.008880446316041823
638.6896992199792,-0.006546120624989271,638.444,0.042121513499981056,0.05956640748962619,638.6896992199792,0.009212302241678905
639.1552164934632,-0.008224613033235073,638.915,0.0014514296950378647,0.06044894643423801,639.1552164934632,0.009487175641939318
639.6207337669471,-0.00587472366169095,639.377,0.05519350034457782,0.06227196641864306,639.6207337669471,0.009708730213735556
640.0862510404311,-0.002517738612368703,639.844,0.12926752974763267,0.06471325654734156,640.0862510404311,0.009931952165421263
640.551768313915,-0.0018463416490703821,640.309,0.07262259970801699,0.06739746015041216,640.551768313915,0.010152184776498966
641.017285587399,-0.0018463416490703821,640.774,0.08133721431854357,0.06994995526232138,641.017285587399,0.010346105429804327
641.4828028608829,-0.0005035477224737406,641.234,0.07915859313031537,0.0720444918131927,641.4828028608829,0.010506900736530368
641.9483201343669,-0.0001678492408245802,641.7,0.06826535733156058,0.07343889439855657,641.9483201343669,0.010564927673928057
642.4138374078508,-0.0038605325389653444,642.166,0.05301474929873562,0.07399711739997357,642.4138374078508,0.010579607109123354
642.8793546813348,-0.009567406959831715,642.632,0.042121513499981056,0.07369871234458134,642.8793546813348,0.01065245739458501
643.3448719548187,-0.012924391776323318,643.096,0.1619472371438968,0.07263750162105531,643.3448719548187,0.010746878636809403
643.8103892283027,-0.012252994813024998,643.562,0.042121513499981056,0.07101036065774521,643.8103892283027,0.010869098280560485
644.2759065017866,-0.009567406959831715,644.03,0.05083612811050764,0.0690960523118174,644.2759065017866,0.010995413359533482
644.7414237752706,-0.008896009996533394,644.492,0.06826535733156058,0.06722462973973163,644.7414237752706,0.011130741689641541
645.2069410487545,-0.010238803923130035,644.955,0.09658782235136854,0.06573965661327506,645.2069410487545,0.011293451068575922
645.6724583222384,-0.012252994813024998,645.425,0.05737212153280602,0.06495663548899033,645.6724583222384,0.011404511054410872
646.1379755957224,-0.01359578873962164,645.885,0.07915859313031537,0.06512123707428522,646.1379755957224,0.01143640901135582
646.6034928692063,-0.016281375661492348,646.355,0.005084563727260516,0.06637140275940165,646.6034928692063,0.011520774626535113
647.0690101426903,-0.015274280682206154,646.821,0.1140169217148077,0.06870845667284153,647.0690101426903,0.011628318943089742
647.5345274161742,-0.01359578873962164,647.283,0.020335041902471485,0.0719827856247579,647.5345274161742,0.011686759123954098
648.0000446896582,-0.01493858266621828,647.749,0.08351583550677177,0.07589851355249813,648.0000446896582,0.011656847210808159
648.4655619631421,-0.018295567482709885,648.214,0.0384885093253724,0.08003929112578245,648.4655619631421,0.011600528753185948
648.9310792366261,-0.020309757441282272,648.68,0.1118383005265795,0.0839145040283311,648.9310792366261,0.011562103180593601
649.39659651011,-0.01896696351468563,649.145,0.048657506922279437,0.08702203376101378,649.39659651011,0.011536870584364292
649.862113783594,-0.01896696351468563,649.604,0.09440920116314033,0.08892036705833976,649.862113783594,0.011505727152575319
650.327631057078,-0.018295567482709885,650.071,0.14233938673461544,0.08929987665411167,650.327631057078,0.011535585618202294
650.793148330562,-0.016617074608802795,650.536,0.09005182892907015,0.08804104721042086,650.793148330562,0.011617401868486926
651.2586656040459,-0.016281375661492348,651.004,0.2185921671835125,0.08524709359320556,651.2586656040459,0.011728568760650393
651.7241828775298,-0.01896696351468563,651.466,0.042121513499981056,0.08124110508315531,651.7241828775298,0.011875303472492521
652.1897001510138,-0.02198825031518936,651.929,0.07480135075385896,0.07652436148586499,652.1897001510138,0.012072495130018053
652.6552174244977,-0.025009537115693092,652.399,0.04430026454582303,0.07170157792639535,652.6552174244977,0.012293025852160508
653.1207346979817,-0.022659648209810257,652.863,0.0617293639092622,0.06738712168718809,653.1207346979817,0.01249590836339653
653.5862519714656,-0.01762416958808899,653.325,0.0029058126814183183,0.06411039562379493,653.5862519714656,0.012701280618381439
654.0517692449496,-0.016952773556113243,653.791,0.024692414136541663,0.06223787018131524,654.0517692449496,0.012866222757999842
654.5172865184335,-0.019638361409306526,654.256,0.03195251590307402,0.06192494113930485,654.5172865184335,0.012934780228467703
654.9828037919175,-0.020981155335903168,654.722,0.10530243696189512,0.06310410638382194,654.9828037919175,0.01296055352574279
655.4483210654014,-0.020309757441282272,655.189,0.05083612811050764,0.06550809231171627,655.4483210654014,0.01301479341284615
655.9138383388854,-0.019974060356616974,655.654,0.12491028737117627,0.06871972174524583,655.9138383388854,0.013068334279245078
656.3793556123693,-0.018463416025042534,656.118,0.042121513499981056,0.07223677972528933,656.3793556123693,0.013096093620584401
656.8448728858533,-0.014602883718907833,656.584,0.13144615093586087,0.07554042257768105,656.8448728858533,0.013110662031673225
657.3103901593372,-0.010910200886428356,657.049,0.06608673614333238,0.07815848610634402,657.3103901593372,0.013102195657523632
657.7759074328212,-0.009063859470188618,657.515,0.026871035324769865,0.0797187115204008,657.7759074328212,0.013070710945679463
658.2414247063051,-0.009567406959831715,657.978,0.03994289231175285,0.07999010091705848,658.2414247063051,0.013020714523152739
658.706941979789,-0.006546120624989271,658.44,0.1140169217148077,0.07891186987907718,658.706941979789,0.01294774088179103
659.172459253273,-0.0041962312534451485,658.908,0.2142347949494423,0.07660771914304107,659.172459253273,0.012833414003239722
659.6379765267569,-0.003524834057316184,659.37,0.03340689888945447,0.07338002439324603,659.6379765267569,0.01272121708152436
660.1034938002409,-0.0041962312534451485,659.835,0.05519350034457782,0.06967834913513792,660.1034938002409,0.0126290532715336
660.5690110737248,-0.0036926832981407642,660.306,0.07044397851978879,0.06604174217438169,660.5690110737248,0.01251158902433714
661.0345283472088,-0.0028534370940178633,660.764,0.08787320774084195,0.06302157618253493,661.0345283472088,0.012402219031711084
661.5000456206927,-0.0011749446857720613,661.229,0.04430026454582303,0.06109658602911337,661.5000456206927,0.012362494104646954
661.9655628941767,-0.0015106431674212217,661.695,0.024692414136541663,0.060593343951850474,661.9655628941767,0.012317501845066135
662.4310801676606,-0.0015106431674212217,662.159,0.0029058126814183183,0.06162549601131396,662.4310801676606,0.01221183048772087
662.8965974411446,0.0011749446857720613,662.625,0.024692414136541663,0.06406405105249455,662.8965974411446,0.012069472887492117
663.3621147146285,0.003524834057316184,663.089,0.05083612811050764,0.06754729440564941,663.3621147146285,0.011876251258176564
663.8276319881126,0.006546120624989271,663.555,0.048657506922279437,0.07153177498557878,663.8276319881126,0.011676553405602372
664.2931492615965,0.008392462506890297,664.022,0.10384792411790067,0.07537680268494684,664.2931492615965,0.011484224053215825
664.7586665350804,0.007217517588287592,664.485,0.15541137357921242,0.07844664840378315,664.7586665350804,0.011288132328837821
665.2241838085644,0.006546120624989271,664.956,0.19026970216370476,0.08020967046049103,665.2241838085644,0.011071435940743644
665.6897010820483,0.008224613033235073,665.418,0.05519350034457782,0.08031404065052139,665.6897010820483,0.010815874006499809
666.1552183555323,0.010574501939117908,665.882,0.05083612811050764,0.07862662134439583,666.1552183555323,0.010540303635118237
666.6207356290162,0.013931486755609512,666.344,0.05083612811050764,0.07523267544243299,666.6207356290162,0.010207059951206585
667.0862529025002,0.014602883718907833,666.81,0.07915859313031537,0.07040410538991253,667.0862529025002,0.00985333496327182
667.5517701759841,0.01191729586571455,667.276,0.05737212153280602,0.06454840450344822,667.5517701759841,0.009537361200277523
668.0172874494681,0.01258869282901287,667.742,0.026871035324769865,0.05814968632617409,668.0172874494681,0.009221325759241939
668.482804722952,0.013260089792311192,668.207,0.07697997194208717,0.051710277143918494,668.482804722952,0.008932009350612554
668.948321996436,0.011581597849726677,668.673,0.03195251590307402,0.045698704953252046,668.948321996436,0.008643681860752003
669.4138392699199,0.007553216069936752,669.14,0.04430026454582303,0.04050787149925386,669.4138392699199,0.00835002536040762
669.8793565434039,0.00587472366169095,669.606,0.026871035324769865,0.036425709290196236,669.8793565434039,0.008060649333906421
670.3448738168878,0.008560311049222946,670.071,0.009441806103716699,0.03361974317307418,670.3448738168878,0.007793629635042226
670.8103910903718,0.010574501939117908,670.529,0.0029058126814183183,0.032136243195397714,670.8103910903718,0.00753068481542378
671.2759083638557,0.008896009996533394,670.996,0.07262259970801699,0.031913228338048216,671.2759083638557,0.0072622609049147815
671.7414256373396,0.006546120624989271,671.459,0.05301474929873562,0.03280413881881758,671.7414256373396,0.007023648160736047
672.2069429108236,0.007888914085924625,671.926,0.0363097582795302,0.03460651103798017,672.2069429108236,0.006792601286061826
672.6724601843075,0.013260089792311192,672.396,0.059550742721034,0.037089236894461634,672.6724601843075,0.00657927664665069
673.1379774577915,0.01594567857682705,672.856,0.05083612811050764,0.04001378186492233,673.1379774577915,0.0064045955151521665
673.6034947312754,0.013260089792311192,673.326,0.0029058126814183183,0.043148103907605276,673.6034947312754,0.006262513412677294
674.0690120047594,0.01107805036008358,673.784,0.024692414136541663,0.046275291518838475,674.0690120047594,0.006139814727492849
674.5345292782433,0.012420844286680222,674.249,0.05083612811050764,0.049200736964632064,674.5345292782433,0.006009920241188488
675.0000465517273,0.013260089792311192,674.715,0.03994289231175285,0.051761082626938924,675.0000465517273,0.005841727654569503
675.4655638252112,0.01426718570291996,675.182,0.08569458655261375,0.0538354659376558,675.4655638252112,0.005639435203799813
675.9310810986952,0.015274280682206154,675.648,0.08569458655261375,0.055356425690130356,675.9310810986952,0.005445362412949813
676.3965983721791,0.013931486755609512,676.115,0.06826535733156058,0.056316241412657383,676.3965983721791,0.005311763115119812
676.8621156456632,0.009903104975819588,676.58,0.0007271914931903378,0.05676547693684137,676.8621156456632,0.005268962482308314
677.327632919147,0.00520332669839263,677.041,0.059550742721034,0.056803422476226474,677.327632919147,0.00528588288724668
677.7931501926311,0.0031891355756670237,677.511,0.09658782235136854,0.05656279971948528,677.7931501926311,0.005379950506345959
678.258667466115,0.0023498893715441227,677.974,0.04430026454582303,0.05619166321539229,678.258667466115,0.00544359428820677
678.7241847395989,0.0031891355756670237,678.437,0.0639079850974904,0.05583447930069894,678.7241847395989,0.005431583457428507
679.1897020130829,0.004867628216743469,678.9,0.048657506922279437,0.05561400138399098,679.1897020130829,0.005398984426545427
679.6552192865668,0.004867628216743469,679.371,0.020335041902471485,0.055616520398441026,679.6552192865668,0.005419116221650821
680.1207365600508,0.0028534370940178633,679.829,0.005084563727260516,0.055884021595977544,680.1207365600508,0.005494051233268463
680.5862538335347,0.0018463416490703821,680.299,0.12926752974763267,0.05641606973884355,680.5862538335347,0.005558665397888405
681.0517711070187,0.0011749446857720613,680.765,0.042121513499981056,0.057181432960641584,681.0517711070187,0.005601137076326702
681.5172883805026,0.0005035477224737406,681.229,0.05083612811050764,0.05813591446846564,681.5172883805026,0.005625506160767747
681.9828056539866,0.0005035477224737406,681.695,0.09658782235136854,0.059240869357517975,681.9828056539866,0.0056331480960386884
682.4483229274705,0.0005035477224737406,682.16,0.0617293639092622,0.060477345050260284,682.4483229274705,0.0056018710373273075
682.9138402009545,-0.0001678492408245802,682.626,0.05083612811050764,0.0618526906565393,682.9138402009545,0.0055270429422907075
683.3793574744384,-0.0005035477224737406,683.085,0.05083612811050764,0.06339870007062615,683.3793574744384,0.005438842997631857
683.8448747479224,0.0011749446857720613,683.551,0.07697997194208717,0.06516229852422237,683.8448747479224,0.005356490154614
684.3103920214063,0.0011749446857720613,684.019,0.07697997194208717,0.06719082155855371,684.3103920214063,0.005277759876715753
684.7759092948902,0.0018463416490703821,684.482,0.09005182892907015,0.06951393288698657,684.7759092948902,0.0052165380062429755
685.2414265683742,0.00520332669839263,684.944,0.059550742721034,0.0721241472735238,685.2414265683742,0.005139551174764932
685.7069438418581,0.0057068741880357265,685.414,0.07697997194208717,0.07495879228768093,685.7069438418581,0.005005575650001424
686.1724611153421,0.0021820401307195425,685.878,0.04430026454582303,0.07788789456230348,686.1724611153421,0.004863043290678075
686.637978388826,-0.0031891355756670237,686.34,0.00580867207149427,0.0807136634827045,686.637978388826,0.0047566708628312025
687.10349566231,-0.004867628216743469,686.806,0.1096596793383513,0.08318648834311876,687.10349566231,0.004681014216388321
687.5690129357939,-0.0028534370940178633,687.269,0.07697997194208717,0.08503877409682913,687.5690129357939,0.0045969734345902066
688.0345302092779,-0.003524834057316184,687.735,0.13144615093586087,0.086032182396347,688.0345302092779,0.004499519680902241
688.5000474827618,-0.00553902518004179,688.2,0.11619567276064968,0.08600846859504498,688.5000474827618,0.004454488364536349
688.9655647562458,-0.006210422143340111,688.666,0.09876644353959674,0.08493195121766248,688.9655647562458,0.004487895387960583
689.4310820297297,-0.003524834057316184,689.133,0.06826535733156058,0.0829136442212744,689.4310820297297,0.004501594145509826
689.8965993032137,0.0005035477224737406,689.599,0.09005182892907015,0.08021178288728938,689.8965993032137,0.004464235608989563
690.3621165766976,0.0011749446857720613,690.064,0.08351583550677177,0.0772083805758298,690.3621165766976,0.004420717467729207
690.8276338501817,0.0011749446857720613,690.53,0.1074810581501231,0.07436480912401938,690.8276338501817,0.004408753939752625
691.2931511236656,0.002517738612368703,690.992,0.07915859313031537,0.07216130206708848,691.2931511236656,0.004430635338700643
691.7586683971494,0.0021820401307195425,691.455,0.0617293639092622,0.07102710851802152,691.7586683971494,0.004531321034989768
692.2241856706335,-0.0018463416490703821,691.923,0.03340689888945447,0.07127062826204182,692.2241856706335,0.004659938772099459
692.6897029441174,-0.0068818191066384315,692.385,0.0029058126814183183,0.07302140320152432,692.6897029441174,0.004708695456471942
693.1552202176014,-0.008392462506890297,692.856,0.09658782235136854,0.076196293664034,693.1552202176014,0.004752641237168899
693.6207374910853,-0.007888914085924625,693.318,0.003630050883266067,0.08049897145292696,693.6207374910853,0.004808258602521073
694.0862547645693,-0.00553902518004179,693.784,0.15105400134514202,0.08545539855285518,694.0862547645693,0.004849467926074848
694.5517720380532,-0.0041962312534451485,694.249,0.08351583550677177,0.09048043790284073,694.5517720380532,0.004853143954963445
695.0172893115372,-0.003524834057316184,694.714,0.05083612811050764,0.09496468499165228,695.0172893115372,0.0048719352801312
695.4828065850211,-0.005035477224737406,695.175,0.13580352316993105,0.09836733157990914,695.4828065850211,0.004932632884297085
695.9483238585051,-0.0068818191066384315,695.64,0.17937646636494997,0.10029990701798855,695.9483238585051,0.004985727607669921
696.413841131989,-0.007888914085924625,696.107,0.13362477212408908,0.10058610382831754,696.413841131989,0.005010220058899506
696.879358405473,-0.0068818191066384315,696.573,0.15323262253337022,0.09928523343601998,696.879358405473,0.004977043316135561
697.3448756789569,-0.0041962312534451485,697.041,0.10094506472782472,0.09667291274147195,697.3448756789569,0.004935465977054431
697.8103929524408,-0.0028534370940178633,697.503,0.05519350034457782,0.09318212969117659,697.8103929524408,0.005012294512056774
698.2759102259248,-0.0041962312534451485,697.967,0.05083612811050764,0.08931783776152143,698.2759102259248,0.005149728140815095
698.7414274994087,-0.00553902518004179,698.429,0.00580867207149427,0.08556496126515305,698.7414274994087,0.005249287175306235
699.2069447728927,-0.00553902518004179,698.897,0.03122827770122627,0.08231069210077313,699.2069447728927,0.005307310010015293
699.6724620463766,-0.009231708012521267,699.359,0.0617293639092622,0.07979669640487068,699.6724620463766,0.005379422222042825
700.1379793198606,-0.012252994813024998,699.825,0.19244832335193274,0.07810691019344958,700.1379793198606,0.0054617771318322605
700.6034965933445,-0.01124589890241623,700.295,0.07262259970801699,0.07718567981452923,700.6034965933445,0.005597882611563733
701.0690138668285,-0.007553216069936752,700.761,0.07915859313031537,0.0768738996778629,701.0690138668285,0.005823078265418732
701.5345311403124,-0.004531929735094309,701.219,0.08787320774084195,0.07695040875885023,701.5345311403124,0.006083163274529275
702.0000484137964,-0.0041962312534451485,701.685,0.06608673614333238,0.07717057211658927,702.0000484137964,0.0062973020693853025
702.4655656872803,-0.0028534370940178633,702.152,0.05083612811050764,0.07729926235046715,702.4655656872803,0.006450070972584478
702.9310829607643,-0.0038605325389653444,702.618,0.046478885734051234,0.07713835968116481,702.9310829607643,0.006560890411873017
703.3966002342482,-0.00520332669839263,703.086,0.12781314676125222,0.07654899276986545,703.3966002342482,0.006631769043542317
703.8621175077323,-0.0068818191066384315,703.544,0.11474115991665546,0.07546687122476714,703.8621175077323,0.006701849969400994
704.3276347812161,-0.0068818191066384315,704.015,0.12273153632533429,0.0739070344017307,704.3276347812161,0.006785364430169843
704.7931520547,-0.00553902518004179,704.477,0.026871035324769865,0.07195479799974898,704.7931520547,0.006856201953117989
705.258669328184,-0.0068818191066384315,704.945,0.0072631849154887185,0.06974378347555626,705.258669328184,0.006872556983444684
705.724186601668,-0.009567406959831715,705.407,0.07697997194208717,0.06742731373245381,705.724186601668,0.006880478528905886
706.189703875152,-0.010910200886428356,705.87,0.0617293639092622,0.06515198118616468,706.189703875152,0.0069121338833129705
706.6552211486359,-0.009567406959831715,706.34,0.01597779952601508,0.06303999549804062,706.6552211486359,0.006974424843830161
707.1207384221199,-0.009567406959831715,706.806,0.13798214435815925,0.061182002837169874,707.1207384221199,0.007015726679117119
707.5862556956038,-0.011581597849726677,707.269,0.07915859313031537,0.05963763051058992,707.5862556956038,0.007003364297036008
708.0517729690878,-0.013931486755609512,707.735,0.05083612811050764,0.05843895475489467,708.0517729690878,0.00700846919974488
708.5172902425717,-0.01124589890241623,708.2,0.026871035324769865,0.057593059954811274,708.5172902425717,0.00707360352876164
708.9828075160557,-0.008896009996533394,708.665,0.05519350034457782,0.057083076173430926,708.9828075160557,0.007148569376868879
709.4483247895396,-0.0068818191066384315,709.13,0.042121513499981056,0.05687003117855272,709.4483247895396,0.007196150064243868
709.9138420630236,-0.008560311049222946,709.589,0.03122827770122627,0.05689825846190059,709.9138420630236,0.007232015988279649
710.3793593365075,-0.012252994813024998,710.056,0.12708890855940447,0.05710503293870479,710.3793593365075,0.0073287995059906534
710.8448766099914,-0.012252994813024998,710.522,0.042121513499981056,0.057432335807434565,710.8448766099914,0.0074244666433154445
711.3103938834754,-0.007888914085924625,710.985,0.059550742721034,0.05783704773947287,711.3103938834754,0.007456161058642826
711.7759111569593,-0.00553902518004179,711.455,0.024692414136541663,0.05829639901570268,711.7759111569593,0.007481811001375362
712.2414284304433,-0.00553902518004179,711.918,0.12273153632533429,0.058807449568081795,712.2414284304433,0.007495565261211562
712.7069457039272,-0.00553902518004179,712.381,0.048657506922279437,0.05938099957417989,712.7069457039272,0.0074750140531422175
713.1724629774112,-0.003524834057316184,712.847,0.04430026454582303,0.06003112193225333,713.1724629774112,0.0074524603563822685
713.6379802508951,-0.0003356984816491604,713.31,0.04430026454582303,0.06076247254146381,713.6379802508951,0.007435474153288974
714.1034975243791,0.0031891355756670237,713.776,0.059550742721034,0.06155891676806964,714.1034975243791,0.00744916262295267
714.569014797863,0.00553902518004179,714.24,0.0617293639092622,0.062377526832455295,714.569014797863,0.007449713613637899
715.034532071347,0.00520332669839263,714.706,0.00580867207149427,0.0631508122104421,715.034532071347,0.007371996910797665
715.5000493448309,0.004531929735094309,715.17,0.09658782235136854,0.06379768608134893,715.5000493448309,0.007270891797281026
715.9655666183149,0.004531929735094309,715.636,0.07915859313031537,0.06424084520819058,715.9655666183149,0.007175456977694295
716.4310838917988,0.002517738612368703,716.101,0.13362477212408908,0.06442544392116026,716.4310838917988,0.007108525751353185
716.8966011652828,-0.0015106431674212217,716.566,0.05083612811050764,0.06433251523583754,716.8966011652828,0.007018514508891212
717.3621184387667,-0.004867628216743469,717.029,0.05083612811050764,0.06398224027061233,717.3621184387667,0.006905846774562243
717.8276357122506,-0.006378271151334047,717.499,0.024692414136541663,0.06342668620915962,717.8276357122506,0.006854294004445979
718.2931529857347,-0.0068818191066384315,717.959,0.06245360211110995,0.06273623326680931,718.2931529857347,0.006778791554944346
718.7586702592185,-0.0068818191066384315,718.429,0.03994289231175285,0.06198558146550539,718.7586702592185,0.0066696374211876784
719.2241875327026,-0.00587472366169095,718.893,0.12273153632533429,0.06124339127882281,719.2241875327026,0.006531280676840476
719.6897048061865,-0.0030212863348424435,719.355,0.05301474929873562,0.06056628174033282,719.6897048061865,0.0063890197005702365
720.1552220796705,0.002517738612368703,719.82,0.00580867207149427,0.05999573558804396,720.1552220796705,0.006260965287248365
720.6207393531544,0.00520332669839263,720.291,0.07480135075385896,0.05955651147977419,720.6207393531544,0.006175993159136556
721.0862566266384,0.00587472366169095,720.749,0.12926752974763267,0.05925613214004065,721.0862566266384,0.0061477815114082505
721.5517739001223,0.007888914085924625,721.215,0.0014514296950378647,0.05908516533353893,721.5517739001223,0.006152210007656116
722.0172911736063,0.010238803923130035,721.679,0.05083612811050764,0.059017695601513286,722.0172911736063,0.006154699755962309
722.4828084470902,0.007888914085924625,722.145,0.022513663090699687,0.05901186977480274,722.4828084470902,0.006103200441681094
722.9483257205742,0.007217517588287592,722.611,0.19462694454016094,0.05901101087766985,722.9483257205742,0.006023847208559653
723.4138429940581,0.008224613033235073,723.078,0.00580867207149427,0.058945231512815936,723.4138429940581,0.005956607594661523
723.8793602675421,0.009903104975819588,723.544,0.05083612811050764,0.05873303603800335,723.8793602675421,0.005889629085598847
724.344877541026,0.01124589890241623,724.007,0.0014514296950378647,0.05828429334076121,724.344877541026,0.005794915905819595
724.8103948145099,0.01258869282901287,724.469,0.005084563727260516,0.057509018263509064,724.8103948145099,0.005728948910921081
725.2759120879939,0.01107805036008358,724.939,0.020335041902471485,0.0563366353659702,725.2759120879939,0.005689006048873211
725.7414293614778,0.0068818191066384315,725.4,0.1474208673129196,0.05474562914621982,725.7414293614778,0.005662628292150262
726.2069466349618,0.0038605325389653444,725.87,0.15323262253337022,0.05279569867838272,726.2069466349618,0.0056388657046113014
726.6724639084457,0.003524834057316184,726.333,0.06681084448756636,0.050648701804506174,726.6724639084457,0.005586607747441788
727.1379811819297,0.0031891355756670237,726.799,0.005084563727260516,0.0485655779663638,727.1379811819297,0.005512733605858274
727.6034984554136,0.0038605325389653444,727.259,0.05083612811050764,0.04687452999797828,727.6034984554136,0.005385006090521729
728.0690157288976,0.00553902518004179,727.725,0.05301474929873562,0.045915976800580585,728.0690157288976,0.005283709777912736
728.5345330023815,0.006210422143340111,728.192,0.024692414136541663,0.045976362241099106,728.5345330023815,0.005181952937273201
729.0000502758655,0.0068818191066384315,728.658,0.01888065891609103,0.04722447132023066,729.0000502758655,0.005056371826356369
729.4655675493494,0.007888914085924625,729.123,0.01670203772786283,0.04966266557741746,729.4655675493494,0.004942813870379739
729.9310848228334,0.009903104975819588,729.589,0.06826535733156058,0.05310300192503431,729.9310848228334,0.004879083751972545
730.3966020963173,0.009567406959831715,730.056,0.00580867207149427,0.057174528622398156,730.3966020963173,0.004752700824174773
730.8621193698012,0.007049668114632368,730.514,0.009441806103716699,0.06136328657006781,730.8621193698012,0.004619582633802523
731.3276366432852,0.0036926832981407642,730.981,0.08787320774084195,0.06508125211682644,731.3276366432852,0.0045446928603082625
731.7931539167691,0.004531929735094309,731.444,0.14451800792284364,0.06775477344209588,731.7931539167691,0.004460843287119237
732.2586711902532,0.007888914085924625,731.915,0.07915859313031537,0.06891761282038665,732.2586711902532,0.004302967427703721
732.724188463737,0.00587472366169095,732.377,0.12273153632533429,0.06829095285119524,732.724188463737,0.0041423509902014785
733.1897057372211,0.0011749446857720613,732.843,0.046478885734051234,0.06583501268417667,733.1897057372211,0.004092280554029771
733.655223010705,-0.0001678492408245802,733.308,0.08351583550677177,0.06176353589923297,733.655223010705,0.004052127986006135
734.120740284189,0.0011749446857720613,733.774,0.07480135075385896,0.056520123689233835,734.120740284189,0.0039937063147145214
734.5862575576729,0.0018463416490703821,734.24,0.010166044305564448,0.05072154298841427,734.5862575576729,0.003963693663354195
735.0517748311569,-0.0001678492408245802,734.699,0.06826535733156058,0.04507709602034454,735.0517748311569,0.004018221374107321
735.5172921046408,0.0001678492408245802,735.164,0.042121513499981056,0.04029528651390088,735.5172921046408,0.00413898746557555
735.9828093781248,0.0005035477224737406,735.63,0.009441806103716699,0.03698976774424794,735.9828093781248,0.004284905963605706
736.4483266516087,-0.0011749446857720613,736.096,0.011620427291944901,0.035596360833003556,736.4483266516087,0.004390363497103143
736.9138439250927,-0.0031891355756670237,736.562,0.024692414136541663,0.03631209669439262,736.9138439250927,0.004459665223729463
737.3793611985766,-0.0031891355756670237,737.03,0.0014514296950378647,0.03906539087955657,737.3793611985766,0.004479447504778041
737.8448784720605,-0.003524834057316184,737.492,0.005084563727260516,0.04352304727561225,737.8448784720605,0.004472095450833786
738.3103957455445,-0.004867628216743469,737.959,0.013799178337787099,0.049134826903794275,738.3103957455445,0.004397172771947991
738.7759130190284,-0.0031891355756670237,738.422,0.12273153632533429,0.05521016943728485,738.7759130190284,0.00426104672663806
739.2414302925124,-0.0010070954449474812,738.885,0.10094506472782472,0.06101506830684072,739.2414302925124,0.0041767222207902245
739.7069475659963,-0.0028534370940178633,739.355,0.1074810581501231,0.06587214321152675,739.7069475659963,0.0041305107894578095
740.1724648394803,-0.004531929735094309,739.821,0.0363097582795302,0.06924637002519447,740.1724648394803,0.004081445715936955
740.6379821129642,-0.003524834057316184,740.284,0.1597686159556686,0.070803412371332,740.6379821129642,0.004024465255555143
741.1034993864482,-0.0021820401307195425,740.75,0.03340689888945447,0.07043466182153087,741.1034993864482,0.003995774577256301
741.5690166599321,-0.0028534370940178633,741.215,0.029049656512998068,0.06824996785410062,741.5690166599321,0.003985928662515292
742.0345339334161,-0.003524834057316184,741.68,0.06826535733156058,0.06454420491252014,742.0345339334161,0.003953204214444754
742.5000512069,-0.0038605325389653444,742.145,0.09005182892907015,0.05974658560775164,742.5000512069,0.003933757055931984
742.965568480384,-0.007217517588287592,742.611,0.042121513499981056,0.05436160941381665,742.965568480384,0.003943781830240311
743.4310857538679,-0.009567406959831715,743.07,0.03122827770122627,0.048908964572872395,743.4310857538679,0.00398345330588981
743.8966030273518,-0.009735256433486938,743.536,0.03122827770122627,0.043868632594241896,743.8966030273518,0.004068972313562344
744.3621203008358,-0.008896009996533394,744.004,0.01597779952601508,0.03963717051994752,744.3621203008358,0.004176956610333442
744.8276375743197,-0.007217517588287592,744.466,0.022513663090699687,0.03650021371292927,744.8276375743197,0.00424616787518916
745.2931548478037,-0.00553902518004179,744.929,0.03122827770122627,0.034623729051778594,745.2931548478037,0.00426166557360859
745.7586721212876,-0.0031891355756670237,745.399,0.03994289231175285,0.03406292095288658,745.7586721212876,0.0042529319313433615
746.2241893947717,-0.001678492408245802,745.863,0.05519350034457782,0.03478403757486267,746.2241893947717,0.004248752199832686
746.6897066682556,-0.0005035477224737406,746.325,0.05737212153280602,0.036691729971091415,746.6897066682556,0.004277081032355283
747.1552239417396,0.0011749446857720613,746.791,0.07480135075385896,0.03965393156512708,747.1552239417396,0.004327535929918423
747.6207412152235,0.0011749446857720613,747.256,0.03994289231175285,0.043517816901030223,747.6207412152235,0.00433596734659495
748.0862584887075,0.0010070954449474812,747.722,0.05301474929873562,0.0481139639976659,748.0862584887075,0.004352589646782636
748.5517757621914,0.0018463416490703821,748.189,0.042121513499981056,0.05325035316003951,748.5517757621914,0.004409216485924428
749.0172930356754,0.003524834057316184,748.654,0.03340689888945447,0.05870180180345319,749.0172930356754,0.004497307470042876
749.4828103091593,0.00520332669839263,749.118,0.03994289231175285,0.06420258866943979,749.4828103091593,0.004596212714064647
749.9483275826433,0.0068818191066384315,749.584,0.020335041902471485,0.06944976476631956,749.9483275826433,0.004745414546964948
750.4138448561272,0.00553902518004179,750.052,0.014523286682020853,0.07412186018118944,750.4138448561272,0.004930054679074626
750.8793621296111,0.0018463416490703821,750.51,0.1619472371438968,0.07791243798423987,750.8793621296111,0.005095484080401899
751.3448794030951,0.0005035477224737406,750.978,0.22803089013827282,0.08057111061509567,751.3448794030951,0.005236583449207888
751.810396676579,0.0011749446857720613,751.44,0.024692414136541663,0.08193930338086361,751.810396676579,0.00536426573394432
752.275913950063,0.0031891355756670237,751.904,0.08133721431854357,0.08196859844225857,752.275913950063,0.005451223899951748
752.7414312235469,0.0018463416490703821,752.374,0.06826535733156058,0.0807169128538266,752.7414312235469,0.0055638566817100416
753.2069484970309,-0.0028534370940178633,752.839,0.0617293639092622,0.07832715476097768,753.2069484970309,0.005648355939853583
753.6724657705148,-0.006210422143340111,753.303,0.029049656512998068,0.07499839493907431,753.6724657705148,0.005750445849675458
754.1379830439988,-0.00553902518004179,753.769,0.06826535733156058,0.07095955098148161,754.1379830439988,0.0058971332747463434
754.6035003174827,-0.0005035477224737406,754.234,0.07697997194208717,0.06645218487109572,754.6035003174827,0.006050444941393789
755.0690175909667,0.006210422143340111,754.699,0.03340689888945447,0.06172434018446871,755.0690175909667,0.006200154595458428
755.5345348644506,0.009903104975819588,755.16,0.08787320774084195,0.057032838272970565,755.5345348644506,0.006313136887366454
756.0000521379346,0.007888914085924625,755.625,0.07480135075385896,0.05264826358409636,756.0000521379346,0.006360507867964299
756.4655694114185,0.007888914085924625,756.093,0.10530243696189512,0.048855563433429554,756.4655694114185,0.006357057994158141
756.9310866849024,0.014099336229264736,756.558,0.03340689888945447,0.04594410101557151,756.9310866849024,0.006347279937618903
757.3966039583864,0.017792019993066788,757.026,0.03776427112352465,0.044184437559120826,757.3966039583864,0.006380265481812387
757.8621212318703,0.013931486755609512,757.489,0.005084563727260516,0.043794289180592,757.8621212318703,0.006432136924864415
758.3276385053543,0.01191729586571455,757.952,0.05083612811050764,0.044900655057005155,758.3276385053543,0.006457202980341058
758.7931557788382,0.01191729586571455,758.415,0.06826535733156058,0.04750682193183569,758.7931557788382,0.00646395469585799
759.2586730523223,0.008560311049222946,758.885,0.022513663090699687,0.05147174970043266,759.2586730523223,0.006478243501553426
759.7241903258061,0.004531929735094309,759.348,0.01670203772786283,0.056507089314677184,759.7241903258061,0.006534701753504903
760.1897075992902,0.0038605325389653444,759.814,0.059550742721034,0.06219518187299267,760.1897075992902,0.006614077601648342
760.655224872774,0.002517738612368703,760.278,0.02541652248077564,0.06802927323717854,760.655224872774,0.006672920747045868
761.1207421462581,0.0011749446857720613,760.743,0.059550742721034,0.0734735871302658,761.1207421462581,0.006678638322522371
761.586259419742,-0.0011749446857720613,761.208,0.1118383005265795,0.07803577843650421,761.586259419742,0.006694791867773373
762.051776693226,-0.004531929735094309,761.673,0.20188717616430707,0.08133897025403412,762.051776693226,0.006772475674316728
762.5172939667099,-0.006546120624989271,762.14,0.1140169217148077,0.08317735655228951,762.5172939667099,0.006831462735189551
762.9828112401939,-0.009567406959831715,762.599,0.1074810581501231,0.08354107010655833,762.9828112401939,0.006895573205757318
763.4483285136778,-0.010910200886428356,763.064,0.007987423117336245,0.0826039008966155,763.4483285136778,0.006938819970173112
763.9138457871617,-0.010238803923130035,763.529,0.07915859313031537,0.08067859542090908,763.9138457871617,0.006935191228212613
764.3793630606457,-0.010238803923130035,764.0,0.03340689888945447,0.07815316743349793,764.3793630606457,0.00690376819631479
764.8448803341296,-0.010574501939117908,764.463,0.07480135075385896,0.07542405141114902,764.8448803341296,0.006904401427149021
765.3103976076136,-0.010910200886428356,764.926,0.11837429394887788,0.0728386850187354,765.3103976076136,0.006881851845035656
765.7759148810975,-0.009231708012521267,765.389,0.013799178337787099,0.07065476428657151,765.7759148810975,0.006831999340242911
766.2414321545815,-0.00587472366169095,765.859,0.05083612811050764,0.0690191933382185,766.2414321545815,0.006790035485338866
766.7069494280654,-0.006210422143340111,766.322,0.05301474929873562,0.06796743544668482,766.7069494280654,0.006785362327407487
767.1724667015494,-0.008560311049222946,766.788,0.11837429394887788,0.06744206643152172,767.1724667015494,0.006761706647725655
767.6379839750333,-0.008224613033235073,767.249,0.00580867207149427,0.06732649755970908,767.6379839750333,0.006714761242636162
768.1035012485173,-0.0068818191066384315,767.714,0.14233938673461544,0.06748684265662012,768.1035012485173,0.006704983178239981
768.5690185220012,-0.0036926832981407642,768.182,0.03195251590307402,0.06781333889206824,768.5690185220012,0.006756579127182831
769.0345357954852,-0.000839246204122901,768.647,0.11619567276064968,0.06825294721948796,769.0345357954852,0.006838306979947377
769.5000530689691,-0.0001678492408245802,769.112,0.10530243696189512,0.06882625723764486,769.5000530689691,0.0068952031503858695
769.9655703424531,-0.0028534370940178633,769.577,0.05083612811050764,0.06962445205589858,769.9655703424531,0.006901839735728215
770.431087615937,-0.007049668114632368,770.04,0.09876644353959674,0.07078593717544956,770.431087615937,0.006840753559722285
770.8966048894209,-0.007553216069936752,770.51,0.01597779952601508,0.07245682036509313,770.8966048894209,0.006758100538848137
771.3621221629049,-0.007553216069936752,770.974,0.1118383005265795,0.07474342717812169,771.3621221629049,0.0067070411969606695
771.8276394363888,-0.008896009996533394,771.436,0.03122827770122627,0.07766708420769597,771.8276394363888,0.006671730378094143
772.2931567098728,-0.010238803923130035,771.904,0.05737212153280602,0.08113116362720518,772.2931567098728,0.0066176570233874256
772.7586739833567,-0.009567406959831715,772.367,0.09005182892907015,0.08490844543640323,772.7586739833567,0.006546348698474605
773.2241912568408,-0.008224613033235073,772.832,0.03776427112352465,0.08865375171976955,773.2241912568408,0.0064806716011784815
773.6897085303247,-0.008224613033235073,773.295,0.05519350034457782,0.09194271936927637,773.6897085303247,0.006393028808879432
774.1552258038087,-0.009567406959831715,773.761,0.07697997194208717,0.09433259310290466,774.1552258038087,0.006312499579085613
774.6207430772926,-0.008224613033235073,774.226,0.2752369673655144,0.09543518184964951,774.6207430772926,0.006278093377317652
775.0862603507766,-0.004867628216743469,774.692,0.1140169217148077,0.09498687959485576,775.0862603507766,0.006271508196059641
775.5517776242605,-0.0021820401307195425,775.159,0.022513663090699687,0.09289931182767357,775.5517776242605,0.006213927405238633
776.0172948977445,-0.0005035477224737406,775.625,0.12708890855940447,0.08927944593430417,776.0172948977445,0.006067303717540051
776.4828121712284,0.0005035477224737406,776.09,0.09658782235136854,0.08441738510453715,776.4828121712284,0.005902480825808592
776.9483294447123,0.002517738612368703,776.556,0.03994289231175285,0.07874764022718249,776.9483294447123,0.005755505574891995
777.4138467181963,0.000839246204122901,777.018,0.06826535733156058,0.07279274563246696,777.4138467181963,0.005629673641387085
777.8793639916802,-0.0041962312534451485,777.481,0.11619567276064968,0.06709834550806805,777.8793639916802,0.005482813522889503
778.3448812651642,-0.003524834057316184,777.944,0.0014514296950378647,0.06216825461460395,778.3448812651642,0.005311290309096481
778.8103985386481,-0.000839246204122901,778.414,0.059550742721034,0.058407132850937064,778.8103985386481,0.005122525967227192
779.2759158121321,-0.0011749446857720613,778.874,0.03776427112352465,0.05607755566861857,779.2759158121321,0.004908239142788295
779.741433085616,-0.003524834057316184,779.344,0.042121513499981056,0.055276995073185446,779.741433085616,0.004668372279024273
780.2069503591,-0.006210422143340111,779.81,0.0014514296950378647,0.05593774766310562,780.2069503591,0.004536462977839682
780.6724676325839,-0.008896009996533394,780.276,0.10530243696189512,0.057849127367359254,780.6724676325839,0.004451840358782484
781.1379849060679,-0.009567406959831715,780.734,0.13362477212408908,0.06069699684558279,781.1379849060679,0.00433872237294376
781.6035021795518,-0.01124589890241623,781.201,0.01597779952601508,0.06411225131415964,781.6035021795518,0.004247165057516541
782.0690194530358,-0.012252994813024998,781.666,0.0617293639092622,0.06771907957757796,782.0690194530358,0.004278094660213073
782.5345367265197,-0.009567406959831715,782.133,0.09658782235136854,0.07117624298300473,782.5345367265197,0.0043935338091411775
783.0000540000037,-0.0068818191066384315,782.599,0.08569458655261375,0.07420800123735893,783.0000540000037,0.004467815025700773
783.4655712734876,-0.0068818191066384315,783.064,0.08351583550677177,0.07662333743364329,783.4655712734876,0.004520800784358045
783.9310885469715,-0.007049668114632368,783.529,0.07480135075385896,0.07832316008826636,783.9310885469715,0.004570673844821805
784.3966058204555,-0.004364080261439085,783.992,0.013799178337787099,0.07929659663032701,784.3966058204555,0.004560237870270401
784.8621230939394,-0.0003356984816491604,784.455,0.17719784517672177,0.07960906551550183,784.8621230939394,0.0045219849969197375
785.3276403674234,-0.000839246204122901,784.919,0.026871035324769865,0.07938524270704204,785.3276403674234,0.004483867812463344
785.7931576409073,-0.0041962312534451485,785.388,0.05083612811050764,0.07878932921378809,785.7931576409073,0.004411424603785862
786.2586749143913,-0.003524834057316184,785.852,0.08133721431854357,0.07800434430416303,786.2586749143913,0.004330716504100905
786.7241921878752,-0.0005035477224737406,786.315,0.15105400134514202,0.07721168826081411,786.7241921878752,0.004239983626217647
787.1897094613593,0.0011749446857720613,786.781,0.024692414136541663,0.0765712411680884,787.1897094613593,0.004179547127277922
787.6552267348432,-0.0005035477224737406,787.248,0.13144615093586087,0.07620148374447647,787.6552267348432,0.0041529925687301735
788.1207440083272,-0.0028534370940178633,787.713,0.05301474929873562,0.07616011795987124,788.1207440083272,0.0041590411540465885
788.5862612818111,-0.0041962312534451485,788.178,0.005084563727260516,0.07642824252466128,788.5862612818111,0.004196031681305087
789.0517785552951,-0.003524834057316184,788.644,0.10312368591605292,0.07690331122969954,789.0517785552951,0.004226521316960857
789.517295828779,-0.002517738612368703,789.104,0.034131137091302,0.07740600523420721,789.517295828779,0.004223791026052412
789.9828131022629,-0.00553902518004179,789.569,0.07697997194208717,0.07770322345188209,789.9828131022629,0.004232368414805996
790.4483303757469,-0.006378271151334047,790.037,0.11619567276064968,0.0775447059943152,790.4483303757469,0.004270818661392021
790.9138476492308,-0.0041962312534451485,790.5,0.12926752974763267,0.07670640526072325,790.9138476492308,0.004299466165122139
791.3793649227148,-0.001678492408245802,790.97,0.06245360211110995,0.07503152987249852,791.3793649227148,0.004299741662063234
791.8448821961987,-0.0031891355756670237,791.433,0.048657506922279437,0.072461338644443,791.8448821961987,0.004288417528822778
792.3103994696827,-0.004867628216743469,791.896,0.011620427291944901,0.06905161009596843,792.3103994696827,0.004287969327224272
792.7759167431666,-0.00553902518004179,792.359,0.18809108097547655,0.06497442551347504,792.7759167431666,0.004273347457947595
793.2414340166506,-0.0036926832981407642,792.825,0.005084563727260516,0.06050596419530295,793.2414340166506,0.0042352302727126385
793.7069512901345,-0.0018463416490703821,793.295,0.10530243696189512,0.05600027275410552,793.7069512901345,0.004163632053046459
794.1724685636185,-0.0028534370940178633,793.761,0.026871035324769865,0.05184942600052952,794.1724685636185,0.004031469865182977
794.6379858371024,-0.004867628216743469,794.219,0.05737212153280602,0.048433209141569414,794.6379858371024,0.0038956357632571516
795.1035031105864,-0.008224613033235073,794.685,0.024692414136541663,0.04606469346346037,795.1035031105864,0.003781105342583491
795.5690203840703,-0.007553216069936752,795.152,0.048657506922279437,0.04494002942294982,795.5690203840703,0.0037058496007438707
796.0345376575543,-0.003524834057316184,795.618,0.0029058126814183183,0.045101052774976086,796.0345376575543,0.003600873150688473
796.5000549310382,-0.0005035477224737406,796.086,0.03776427112352465,0.046418172953808796,796.5000549310382,0.003481718918231323
796.9655722045221,-0.001678492408245802,796.544,0.01597779952601508,0.04859863556223007,796.9655722045221,0.003424497912489488
797.4310894780061,-0.0021820401307195425,797.015,0.03122827770122627,0.05122160993577519,797.4310894780061,0.00342828084723604
797.89660675149,0.000839246204122901,797.477,0.10094506472782472,0.05379685069501945,797.89660675149,0.003431208516319311
798.362124024974,0.002517738612368703,797.945,0.023237901292547436,0.05583872542154492,798.362124024974,0.0034117634043411556
798.8276412984579,0.0031891355756670237,798.407,0.13362477212408908,0.056943562442043835,798.8276412984579,0.003398373048251866
799.293158571942,0.0011749446857720613,798.87,0.059550742721034,0.05685684607084686,799.293158571942,0.003436048204291679
799.7586758454258,0.0005035477224737406,799.34,0.07262259970801699,0.0555182692215317,799.7586758454258,0.003458406585524562
800.2241931189099,0.002517738612368703,799.806,0.06245360211110995,0.0530766086235145,800.2241931189099,0.0034349379981283277
800.6897103923937,0.004867628216743469,800.27,0.10312368591605292,0.049871695749397156,800.6897103923937,0.003362854580002784
801.1552276658778,0.004364080261439085,800.735,0.003630050883266067,0.04638616523307562,801.1552276658778,0.00325045001446604
801.6207449393617,0.0031891355756670237,801.2,0.026871035324769865,0.04317449292903831,801.6207449393617,0.003155722436806082
802.0862622128457,0.0031891355756670237,801.665,0.020335041902471485,0.0407806541591211,802.0862622128457,0.003133785523847012
802.5517794863296,0.0028534370940178633,802.13,0.04430026454582303,0.03965751266231978,802.5517794863296,0.003117893083320237
803.0172967598135,0.00520332669839263,802.596,0.021059280104319233,0.040099998413121785,803.0172967598135,0.003203917851679634
803.4828140332975,0.009903104975819588,803.06,0.005084563727260516,0.04220104534244196,803.4828140332975,0.0033048769899108464
803.9483313067814,0.011581597849726677,803.519,0.05083612811050764,0.045835669979682754,803.9483313067814,0.0033293303746190286
804.4138485802654,0.008560311049222946,803.989,0.018156420714243282,0.050674989578421405,804.4138485802654,0.0033121385783856073
804.8793658537493,0.006546120624989271,804.451,0.07697997194208717,0.05622807007271754,804.8793658537493,0.0033275375903242467
805.3448831272333,0.007217517588287592,804.915,0.022513663090699687,0.061905369137880424,805.3448831272333,0.0033924190413717704
805.8104004007172,0.007721065077930689,805.385,0.18155508755317817,0.0670939353836108,805.8104004007172,0.003486955420543975
806.2759176742012,0.006546120624989271,805.852,0.07915859313031537,0.0712323728112315,806.2759176742012,0.00359541052721654
806.7414349476851,0.004531929735094309,806.315,0.0617293639092622,0.07387407437643384,806.7414349476851,0.0037563785230087425
807.2069522211691,0.0030212863348424435,806.78,0.01597779952601508,0.07473111371178963,807.2069522211691,0.003969526358213756
807.672469494653,0.0028534370940178633,807.244,0.12273153632533429,0.07369687078882121,807.672469494653,0.004179483373381806
808.137986768137,0.0028534370940178633,807.71,0.05301474929873562,0.07084942246624311,808.137986768137,0.004369028986699281
808.6035040416209,0.003524834057316184,808.17,0.10530243696189512,0.06643820144598685,808.6035040416209,0.004563691842153696
809.0690213151049,0.004867628216743469,808.636,0.03558564993529645,0.06085529042524544,809.0690213151049,0.004758681589188103
809.5345385885888,0.0028534370940178633,809.1,0.1118383005265795,0.054592644502313374,809.5345385885888,0.004925926385468778
810.0000558620727,0.0018463416490703821,809.566,0.023237901292547436,0.04818816319538452,810.0000558620727,0.005005047297561084
810.4655731355567,0.002517738612368703,810.034,0.00580867207149427,0.04216604120630451,810.4655731355567,0.005081935455337628
810.9310904090406,0.0011749446857720613,810.496,0.0014514296950378647,0.036979196031837774,810.9310904090406,0.005217093152231244
811.3966076825246,0.0011749446857720613,810.959,0.06826535733156058,0.0329624726751718,811.3966076825246,0.005318167423055439
811.8621249560085,0.0018463416490703821,811.429,0.005084563727260516,0.030303635050120986,811.8621249560085,0.005333607553531416
812.3276422294925,0.0011749446857720613,811.889,0.00580867207149427,0.029035507271106757,812.3276422294925,0.005362008351732729
812.7931595029764,0.0018463416490703821,812.359,0.01597779952601508,0.02904899313497433,812.7931595029764,0.0054150146752783065
813.2586767764604,0.0011749446857720613,812.824,0.0617293639092622,0.030123949918155115,813.2586767764604,0.005491738356800817
813.7241940499443,0.0011749446857720613,813.287,0.026871035324769865,0.03197243027325536,813.7241940499443,0.005562557373264813
814.1897113234284,0.0038605325389653444,813.753,0.046478885734051234,0.03428660968093161,814.1897113234284,0.00558798938604147
814.6552285969123,0.0038605325389653444,814.218,0.1074810581501231,0.036782856703357805,814.6552285969123,0.005628141953734291
815.1207458703963,0.002517738612368703,814.684,0.003630050883266067,0.03923462498946266,815.1207458703963,0.005728805038392308
815.5862631438802,0.0018463416490703821,815.149,0.03994289231175285,0.04148998680554454,815.5862631438802,0.005828384637751787
816.0517804173642,0.0005035477224737406,815.615,0.005084563727260516,0.04347377070272789,816.0517804173642,0.005857675661698922
816.5172976908481,-0.0015106431674212217,816.074,0.10530243696189512,0.04517763431925328,816.5172976908481,0.005857317928590055
816.982814964332,-0.0031891355756670237,816.54,0.029773894714845817,0.04664248055415741,816.982814964332,0.005902462325284882
817.448332237816,-0.0041962312534451485,817.011,0.018156420714243282,0.047936978746046265,817.448332237816,0.005958826006012453
817.9138495112999,-0.004867628216743469,817.473,0.06608673614333238,0.04913544430383967,817.9138495112999,0.006003335119600445
818.3793667847839,-0.0041962312534451485,817.934,0.042121513499981056,0.05029847733680661,818.3793667847839,0.006001719145988414
818.8448840582678,-0.00553902518004179,818.403,0.0384885093253724,0.05145955727250518,818.8448840582678,0.0059757566988049935
819.3104013317518,-0.004867628216743469,818.867,0.026871035324769865,0.05261975028196044,819.3104013317518,0.005944239093467353
819.7759186052357,-0.00587472366169095,819.33,0.05301474929873562,0.053751181634915796,819.7759186052357,0.005920272966777704
820.2414358787197,-0.007553216069936752,819.796,0.1118383005265795,0.0548080396639072,820.2414358787197,0.005948363316727779
820.7069531522036,-0.010910200886428356,820.263,0.029773894714845817,0.05574174746822676,820.7069531522036,0.0059939949756847456
821.1724704256876,-0.012924391776323318,820.728,0.07915859313031537,0.05651568536506668,821.1724704256876,0.00600057810629287
821.6379876991715,-0.010910200886428356,821.192,0.05083612811050764,0.057115567169555626,821.6379876991715,0.005971585199359515
822.1035049726555,-0.008896009996533394,821.658,0.06608673614333238,0.05755377965765166,822.1035049726555,0.005972502150681462
822.5690222461394,-0.009231708012521267,822.123,0.0007271914931903378,0.057868184797594896,822.5690222461394,0.005981807349144786
823.0345395196233,-0.01040665339678526,822.589,0.09876644353959674,0.05811702538865522,823.0345395196233,0.005972197871975997
823.5000567931073,-0.010910200886428356,823.049,0.1118383005265795,0.05837139227222215,823.5000567931073,0.005958480620516561
823.9655740665912,-0.009567406959831715,823.515,0.007987423117336245,0.05870577662760199,823.9655740665912,0.005929849558463959
824.4310913400752,-0.010238803923130035,823.985,0.059550742721034,0.05918706010381267,824.4310913400752,0.005849511527135076
824.8966086135591,-0.010910200886428356,824.447,0.026871035324769865,0.059863665463105765,824.8966086135591,0.005767664436855887
825.3621258870431,-0.012252994813024998,824.915,0.09658782235136854,0.06075798193675762,825.3621258870431,0.005716993665701931
825.827643160527,-0.013931486755609512,825.378,0.013799178337787099,0.06186465981937334,825.827643160527,0.0057086794350174885
826.293160434011,-0.013092241249978542,825.844,0.059550742721034,0.06315513707632206,826.293160434011,0.005693677218488329
826.7586777074949,-0.010238803923130035,826.308,0.1750190941308798,0.06458631727595786,826.7586777074949,0.005638654015695078
827.224194980979,-0.008224613033235073,826.774,0.009441806103716699,0.06610970712825288,827.224194980979,0.005552121427460394
827.6897122544628,-0.0041962312534451485,827.234,0.05083612811050764,0.0676774102887945,827.6897122544628,0.0054497169595033425
828.1552295279469,-0.0021820401307195425,827.7,0.09005182892907015,0.0692436030747235,828.1552295279469,0.005402695490150357
828.6207468014308,-0.004531929735094309,828.167,0.059550742721034,0.07076299925941347,828.6207468014308,0.005433018588946284
829.0862640749148,-0.007553216069936752,828.633,0.05083612811050764,0.07218907883315334,829.0862640749148,0.005488296729938135
829.5517813483987,-0.007553216069936752,829.1,0.10094506472782472,0.07347424039230079,829.5517813483987,0.005515823745830757
830.0172986218826,-0.0068818191066384315,829.566,0.0363097582795302,0.07457282649159662,830.0172986218826,0.005534678800539545
830.4828158953666,-0.007888914085924625,830.026,0.10530243696189512,0.07544685949290618,830.4828158953666,0.005557584063001498
830.9483331688505,-0.008224613033235073,830.496,0.0617293639092622,0.0760733085354361,830.9483331688505,0.005561083276344881
831.4138504423345,-0.0068818191066384315,830.959,0.10530243696189512,0.07645089676585545,831.4138504423345,0.005573320250555637
831.8793677158184,-0.004867628216743469,831.421,0.018156420714243282,0.0766041018302175,831.8793677158184,0.005555894079546052
832.3448849893024,-0.0028534370940178633,831.885,0.18373370874140638,0.07658217714881307,832.3448849893024,0.005488929959115422
832.8104022627863,-0.001678492408245802,832.355,0.059550742721034,0.07645162228183751,832.8104022627863,0.005437473816377081
833.2759195362703,-0.0011749446857720613,832.821,0.05519350034457782,0.07628184556387368,833.2759195362703,0.00539731713605111
833.7414368097542,-0.0011749446857720613,833.283,0.05083612811050764,0.0761263601137988,833.7414368097542,0.005340904114377482
834.2069540832382,-0.0001678492408245802,833.749,0.0617293639092622,0.07600498072771057,834.2069540832382,0.005319146070787653
834.6724713567221,0.0018463416490703821,834.215,0.023237901292547436,0.07589380097765872,834.6724713567221,0.005278341768117851
835.1379886302061,0.0018463416490703821,834.68,0.10530243696189512,0.07572770673717501,835.1379886302061,0.005188976092062433
835.60350590369,0.0005035477224737406,835.145,0.07915859313031537,0.07541562600871443,835.60350590369,0.005047825324028864
836.0690231771739,0.0018463416490703821,835.611,0.14959961835876157,0.07486377635789243,836.0690231771739,0.004903436442488018
836.5345404506579,0.004531929735094309,836.071,0.046478885734051234,0.07399919080105792,836.5345404506579,0.004814788290233149
837.0000577241418,0.0038605325389653444,836.536,0.07697997194208717,0.07278637470339201,837.0000577241418,0.004709696705819449
837.4655749976258,0.000839246204122901,837.004,0.03122827770122627,0.0712335768170706,837.4655749976258,0.004580053050134071
837.9310922711097,-0.000839246204122901,837.466,0.10530243696189512,0.06938919236344084,837.9310922711097,0.004434311360710493
838.3966095445937,0.0021820401307195425,837.934,0.10530243696189512,0.06733075969689467,838.3966095445937,0.004278000065107495
838.8621268180776,0.004531929735094309,838.396,0.020335041902471485,0.06514894243067224,838.8621268180776,0.004135521157081845
839.3276440915616,0.0021820401307195425,838.859,0.08787320774084195,0.06292889507891698,839.3276440915616,0.0040355344783543825
839.7931613650455,-0.0005035477224737406,839.329,0.003630050883266067,0.06073264216651656,839.7931613650455,0.003909848512166736
840.2586786385295,0.0011749446857720613,839.794,0.029773894714845817,0.058587331253365973,840.2586786385295,0.003740942509329672
840.7241959120134,0.0038605325389653444,840.259,0.05083612811050764,0.05648347808888337,840.7241959120134,0.0035749641693844374
841.1897131854975,0.0031891355756670237,840.725,0.164125858332125,0.05438400407350875,841.1897131854975,0.0034244835308188887
841.6552304589814,0.0010070954449474812,841.185,0.024692414136541663,0.052240527435899915,841.6552304589814,0.0033005225005290303
842.1207477324654,-0.0015106431674212217,841.65,0.003630050883266067,0.05001107430772997,842.1207477324654,0.0031876183313627993
842.5862650059493,-0.0028534370940178633,842.115,0.034131137091302,0.04767487856812986,842.5862650059493,0.0030651458067649266
843.0517822794332,-0.0041962312534451485,842.581,0.1074810581501231,0.04524310737759636,843.0517822794332,0.002933557231082445
843.5172995529172,-0.0038605325389653444,843.048,0.03340689888945447,0.042765604416550654,843.5172995529172,0.002793557792763177
843.9828168264011,-0.005035477224737406,843.514,0.03776427112352465,0.04033287853961205,843.9828168264011,0.002693867172608263
844.4483340998851,-0.006546120624989271,843.974,0.00580867207149427,0.038072297614209154,844.4483340998851,0.002595591041329062
844.913851373369,-0.006546120624989271,844.444,0.07044397851978879,0.03613878617698191,844.913851373369,0.002478638724131385
845.379368646853,-0.005035477224737406,844.904,0.024692414136541663,0.03470156712260545,845.379368646853,0.00235264642265362
845.8448859203369,-0.0038605325389653444,845.374,0.005084563727260516,0.03392841811573562,845.8448859203369,0.002303957580757617
846.3104031938209,-0.0030212863348424435,845.84,0.09440920116314033,0.033968219620685906,846.3104031938209,0.002333201313581533
846.7759204673048,-0.0015106431674212217,846.303,0.018156420714243282,0.0349321887403762,846.7759204673048,0.002326326240262346
847.2414377407888,-0.000839246204122901,846.769,0.03776427112352465,0.03687441889523441,847.2414377407888,0.0023091920116073378
847.7069550142727,-0.0001678492408245802,847.234,0.003630050883266067,0.039773329397700896,847.7069550142727,0.0022631717773852174
848.1724722877567,-0.0015106431674212217,847.7,0.08133721431854357,0.043517009500921,848.1724722877567,0.002218177465377786
848.6379895612406,-0.0028534370940178633,848.159,0.05083612811050764,0.04789612635975624,848.6379895612406,0.002172722619473487
849.1035068347245,-0.0041962312534451485,848.625,0.00580867207149427,0.05260766157513746,849.1035068347245,0.0021246855096312867
849.5690241082085,-0.0031891355756670237,849.09,0.00580867207149427,0.05727203606397878,849.5690241082085,0.0021037909625692963
850.0345413816924,-0.002517738612368703,849.555,0.09005182892907015,0.061465249749746806,850.0345413816924,0.002083445349314135
850.5000586551764,-0.0015106431674212217,850.026,0.03340689888945447,0.06476515680348706,850.5000586551764,0.0020472895349938976
850.9655759286603,0.0011749446857720613,850.488,0.164125858332125,0.06680652250737851,850.9655759286603,0.0020338436666702793
851.4310932021443,0.002517738612368703,850.952,0.005084563727260516,0.06733517038929476,851.4310932021443,0.0020599726542555818
851.8966104756282,0.004531929735094309,851.414,0.1619472371438968,0.06624999943481286,851.8966104756282,0.00210590447513822
852.3621277491122,0.00520332669839263,851.885,0.03994289231175285,0.0636236482173122,852.3621277491122,0.0021651218031391423
852.8276450225961,0.003524834057316184,852.347,0.10530243696189512,0.0596969324719844,852.8276450225961,0.0021936500704468854
853.2931622960801,0.0028534370940178633,852.813,0.021059280104319233,0.05484748162001867,853.2931622960801,0.0022115902281625386
853.758679569564,0.0031891355756670237,853.277,0.04430026454582303,0.049538271488888314,853.758679569564,0.002280887844805104
854.224196843048,0.002517738612368703,853.743,0.0014514296950378647,0.04425588584142385,854.224196843048,0.0023901550491001885
854.689714116532,0.0011749446857720613,854.207,0.013799178337787099,0.03945003917101765,854.689714116532,0.0024746769238741884
855.155231390016,-0.0015106431674212217,854.672,0.042121513499981056,0.03548446405385122,855.155231390016,0.002504905453510975
855.6207486634999,-0.003524834057316184,855.137,0.05083612811050764,0.03260523773401254,855.6207486634999,0.002527428308744902
856.0862659369838,-0.0018463416490703821,855.602,0.024692414136541663,0.030927727553215715,856.0862659369838,0.0025592193610467994
856.5517832104678,0.0018463416490703821,856.067,0.046478885734051234,0.03043970117090342,856.5517832104678,0.0025814132651871945
857.0173004839517,0.0036926832981407642,856.532,0.00580867207149427,0.031016879513984557,857.0173004839517,0.00256480330826051
857.4828177574357,0.0021820401307195425,857.0,0.026871035324769865,0.03244767453645658,857.4828177574357,0.002540224512832942
857.9483350309196,0.0010070954449474812,857.462,0.03340689888945447,0.034464508081367994,857.9483350309196,0.002534254056926027
858.4138523044036,0.002517738612368703,857.93,0.03558564993529645,0.03677884802457108,858.4138523044036,0.0025344432058019817
858.8793695778875,0.0011749446857720613,858.392,0.09005182892907015,0.03911593512376983,858.8793695778875,0.00254872789625479
859.3448868513715,-0.0001678492408245802,858.856,0.059550742721034,0.04124414578241962,859.3448868513715,0.002561073829289117
859.8104041248554,0.0021820401307195425,859.326,0.018156420714243282,0.04299443558560519,859.8104041248554,0.0026375405153211064
860.2759213983394,0.006378271151334047,859.784,0.003630050883266067,0.04426789130090317,860.2759213983394,0.0027427040533871284
860.7414386718233,0.00520332669839263,860.252,0.09658782235136854,0.04503279818628958,860.7414386718233,0.002786436015132941
861.2069559453073,0.000839246204122901,860.717,0.024692414136541663,0.045314535873617424,861.2069559453073,0.0027716969522211324
861.6724732187912,-0.0021820401307195425,861.182,0.03122827770122627,0.04518131391816689,861.6724732187912,0.0028168536894248937
862.1379904922752,-0.0028534370940178633,861.648,0.08787320774084195,0.04472770632753132,862.1379904922752,0.0029306295729133345
862.6035077657591,-0.004364080261439085,862.115,0.024692414136541663,0.04405756820533661,862.6035077657591,0.003021234978938092
863.069025039243,-0.0041962312534451485,862.58,0.0014514296950378647,0.04326826504617933,863.069025039243,0.0030774896895742997
863.534542312727,-0.0028534370940178633,863.047,0.05083612811050764,0.04243864380032829,863.534542312727,0.0031486458748491994
864.0000595862109,-0.0021820401307195425,863.505,0.046478885734051234,0.041623028053141824,864.0000595862109,0.003246747252158639
864.4655768596949,-0.0038605325389653444,863.974,0.05737212153280602,0.04085205789040577,864.4655768596949,0.0032973440046711157
864.9310941331788,-0.00553902518004179,864.436,0.03994289231175285,0.040139045914125995,864.9310941331788,0.0033107323044723465
865.3966114066628,-0.004531929735094309,864.9,0.003630050883266067,0.03948928098667268,865.3966114066628,0.0033336827918791284
865.8621286801467,-0.001678492408245802,865.37,0.06826535733156058,0.038909896730504843,865.8621286801467,0.003380630245967267
866.3276459536307,-0.0001678492408245802,865.829,0.06826535733156058,0.03841846867766094,866.3276459536307,0.003425024219088223
866.7931632271146,0.0005035477224737406,866.299,0.018156420714243282,0.03804860707477433,866.7931632271146,0.0034433015487432945
867.2586805005986,0.0018463416490703821,866.765,0.03340689888945447,0.03785111033620556,867.2586805005986,0.0034625205004856587
867.7241977740825,0.0030212863348424435,867.229,0.020335041902471485,0.03789045640196048,867.7241977740825,0.003487027337769186
868.1897150475666,0.0028534370940178633,867.695,0.05519350034457782,0.03823776094200854,868.1897150475666,0.003510831046164064
868.6552323210504,0.0011749446857720613,868.16,0.05519350034457782,0.03896155168173808,868.6552323210504,0.0035513084523172613
869.1207495945343,-0.0001678492408245802,868.626,0.03340689888945447,0.04011694968437219,869.1207495945343,0.003628587234582902
869.5862668680184,-0.0023498893715441227,869.085,0.05083612811050764,0.04173345024583041,869.5862668680184,0.003718390825087068
870.0517841415023,-0.004867628216743469,869.551,0.03340689888945447,0.04380221346937913,870.0517841415023,0.0038152956431344413
870.5173014149863,-0.0031891355756670237,870.019,0.03776427112352465,0.04626507152470244,870.5173014149863,0.003933029216582616
870.9828186884702,-0.0001678492408245802,870.482,0.03122827770122627,0.04900834173948798,870.9828186884702,0.00403512117601914
871.4483359619542,0.0011749446857720613,870.944,0.042121513499981056,0.051864399586730135,871.4483359619542,0.004106992829767615
871.9138532354381,-0.0001678492408245802,871.415,0.08133721431854357,0.05462270986619457,871.9138532354381,0.004152852693102257
872.3793705089221,-0.0028534370940178633,871.878,0.020335041902471485,0.057050008402883996,872.3793705089221,0.004192359692791467
872.844887782406,-0.004531929735094309,872.34,0.06826535733156058,0.05891734376365061,872.844887782406,0.00422856896009772
873.31040505589,-0.00587472366169095,872.806,0.10530243696189512,0.06003031771314103,873.31040505589,0.004298166744663471
873.7759223293739,-0.00553902518004179,873.269,0.020335041902471485,0.06025815523766296,873.7759223293739,0.004387633162033277
874.2414396028579,-0.005035477224737406,873.735,0.048657506922279437,0.05955719902276284,874.2414396028579,0.004469093740704638
874.7069568763418,-0.006546120624989271,874.2,0.13580352316993105,0.057985067351617445,874.7069568763418,0.00450321622588626
875.1724741498258,-0.010238803923130035,874.666,0.024692414136541663,0.05570261324709532,875.1724741498258,0.004537215357754494
875.6379914233097,-0.01191729586571455,875.133,0.09440920116314033,0.052961895721434366,875.6379914233097,0.004569000235765084
876.1035086967936,-0.009903104975819588,875.599,0.003630050883266067,0.05008040974246466,876.1035086967936,0.004630592178358423
876.5690259702776,-0.0068818191066384315,876.064,0.01597779952601508,0.047404864358996456,876.5690259702776,0.00473364426692536
877.0345432437615,-0.004699778743088245,876.53,0.08206145252039132,0.04527015878403916,877.0345432437615,0.004855730278860204
877.5000605172455,-0.0031891355756670237,876.992,0.07044397851978879,0.04395926116816489,877.5000605172455,0.004980275198750197
877.9655777907294,-0.0018463416490703821,877.455,0.011620427291944901,0.0436679960921679,877.9655777907294,0.005103348060204006
878.4310950642134,-0.0003356984816491604,877.926,0.01888065891609103,0.04447748435564935,878.4310950642134,0.0051813155884727945
878.8966123376973,0.0005035477224737406,878.388,0.07988283133216312,0.04633720357767175,878.8966123376973,0.005278103218631581
879.3621296111813,0.002517738612368703,878.852,0.01670203772786283,0.049062057421445954,879.3621296111813,0.005359689206248453
879.8276468846652,0.006210422143340111,879.314,0.024692414136541663,0.05234605052699681,879.8276468846652,0.005419856379752103
880.2931641581492,0.008560311049222946,879.78,0.046478885734051234,0.05579336681346105,880.2931641581492,0.005485554039723469
880.7586814316331,0.009231708012521267,880.244,0.005084563727260516,0.05896525411043478,880.7586814316331,0.005560820058175138
881.2241987051171,0.009567406959831715,880.71,0.15323262253337022,0.061437713017076116,881.2241987051171,0.0056131849276250525
881.689715978601,0.01124589890241623,881.174,0.14016076554638746,0.06286081793221962,881.689715978601,0.005648756854666588
882.1552332520849,0.010574501939117908,881.64,0.009441806103716699,0.0630078126541791,882.1552332520849,0.00568656770346497
882.620750525569,0.008560311049222946,882.107,0.10094506472782472,0.06180370976563382,882.620750525569,0.005708465553450386
883.0862677990528,0.007888914085924625,882.573,0.05083612811050764,0.05932901749793168,883.0862677990528,0.0057165289629755416
883.5517850725369,0.007049668114632368,883.037,0.024692414136541663,0.05580100252950228,883.5517850725369,0.0057118537496487435
884.0173023460208,0.006210422143340111,883.5,0.048657506922279437,0.05153921124319612,884.0173023460208,0.005632440896967175
884.4828196195048,0.0031891355756670237,883.97,0.026871035324769865,0.046923140911881045,884.4828196195048,0.005517807688062357
884.9483368929887,0.000839246204122901,884.433,0.06826535733156058,0.04234882814433353,884.9483368929887,0.005459926722499313
885.4138541664727,0.003524834057316184,884.896,0.05083612811050764,0.0381887638179164,885.4138541664727,0.005454815645559023
885.8793714399566,0.009063859470188618,885.359,0.03122827770122627,0.034757371118626854,885.8793714399566,0.0054075001746972575
886.3448887134406,0.007888914085924625,885.825,0.007987423117336245,0.032283587080817605,886.3448887134406,0.0052950277559523935
886.8104059869245,0.002517738612368703,886.295,0.0014514296950378647,0.03089281052876003,886.8104059869245,0.0052814544184596034
887.2759232604085,-0.000839246204122901,886.76,0.042121513499981056,0.030601084745340724,887.2759232604085,0.0053152212272767185
887.7414405338924,-0.0028534370940178633,887.219,0.00580867207149427,0.031323312640615206,887.7414405338924,0.005338253957630201
888.2069578073764,-0.0028534370940178633,887.685,0.08133721431854357,0.03289452607573556,888.2069578073764,0.005352993017256641
888.6724750808603,-0.0031891355756670237,888.152,0.00580867207149427,0.035100195296553206,888.6724750808603,0.005333430717817679
889.1379923543442,-0.0041962312534451485,888.617,0.06826535733156058,0.03770979011107425,889.1379923543442,0.005311388951284664
889.6035096278282,-0.005035477224737406,889.081,0.048657506922279437,0.04050778692462908,889.6035096278282,0.005351000806082133
890.0690269013121,-0.004867628216743469,889.547,0.03340689888945447,0.04331758258485194,890.0690269013121,0.005405670390512915
890.5345441747961,-0.00587472366169095,890.015,0.06608673614333238,0.04601562504106814,890.5345441747961,0.0054027735685311
891.00006144828,-0.00553902518004179,890.477,0.06608673614333238,0.04853504562026498,891.00006144828,0.005371716495692904
891.465578721764,-0.00520332669839263,890.945,0.011620427291944901,0.05085996671055732,891.465578721764,0.005322624690869339
891.9310959952479,-0.00553902518004179,891.407,0.013799178337787099,0.05301331584204704,891.9310959952479,0.0052527472992389985
892.3966132687319,-0.006546120624989271,891.87,0.10530243696189512,0.05504187103970394,892.3966132687319,0.005214905614370248
892.8621305422158,-0.008224613033235073,892.34,0.07697997194208717,0.05700157533579519,892.8621305422158,0.005204364796160895
893.3276478156998,-0.007049668114632368,892.799,0.042121513499981056,0.05894428196962832,893.3276478156998,0.005201437134635116
893.7931650891837,-0.00587472366169095,893.27,0.00580867207149427,0.06090600044336044,893.7931650891837,0.0051530484617659765
894.2586823626677,-0.0068818191066384315,893.736,0.09658782235136854,0.06289732450458566,894.2586823626677,0.0050502101948452175
894.7241996361516,-0.0068818191066384315,894.2,0.09949068174144426,0.06489734707985921,894.7241996361516,0.004959388911356787
895.1897169096355,-0.0041962312534451485,894.666,0.05083612811050764,0.06685150089002445,895.1897169096355,0.004948005159388955
895.6552341831195,-0.0041962312534451485,895.126,0.03340689888945447,0.0686726048974002,895.6552341831195,0.004899532192777785
896.1207514566034,-0.00553902518004179,895.591,0.09005182892907015,0.0702446298852217,896.1207514566034,0.0047615229061052245
896.5862687300875,-0.00587472366169095,896.056,0.10530243696189512,0.07142963420711862,896.5862687300875,0.004597505947093381
897.0517860035714,-0.00553902518004179,896.522,0.05301474929873562,0.07207845132124306,897.0517860035714,0.004418497051395609
897.5173032770554,-0.004867628216743469,896.985,0.01234466549379265,0.07204538117264413,897.5173032770554,0.004304159891375491
897.9828205505393,-0.003524834057316184,897.455,0.024692414136541663,0.07120724760598447,897.9828205505393,0.004258470674122992
898.4483378240233,-0.0031891355756670237,897.918,0.14451800792284364,0.06948656110457707,898.4483378240233,0.004256388007614587
898.9138550975072,-0.005035477224737406,898.381,0.1575899947674404,0.06687545955385671,898.9138550975072,0.0042231207981320235
899.3793723709912,-0.007553216069936752,898.852,0.03340689888945447,0.06345320437815181,899.3793723709912,0.004193967527284045
899.8448896444751,-0.007049668114632368,899.314,0.048657506922279437,0.05938966555318103,899.8448896444751,0.004192133630018804
900.3104069179591,-0.006210422143340111,899.78,0.014523286682020853,0.054932088874415204,900.3104069179591,0.004237442505440248
900.775924191443,-0.003524834057316184,900.245,0.046478885734051234,0.05037873909514906,900.775924191443,0.004265411547978433
901.241441464927,-0.0015106431674212217,900.71,0.11837429394887788,0.04604590185249794,901.241441464927,0.0042555389038739936
901.7069587384109,-0.0018463416490703821,901.17,0.007987423117336245,0.042233585266871536,901.7069587384109,0.0042102218094689425
902.1724760118948,-0.0021820401307195425,901.635,0.00580867207149427,0.039193334881161834,902.1724760118948,0.004110917705379353
902.6379932853788,0.0003356984816491604,902.1,0.00580867207149427,0.03710138695218542,902.6379932853788,0.003980667553918385
903.1035105588627,0.002517738612368703,902.566,0.07480135075385896,0.03604090644894605,903.1035105588627,0.0038391055974827605
903.5690278323467,0.0011749446857720613,903.029,0.020335041902471485,0.035995842156996374,903.5690278323467,0.0036814106628461647
904.0345451058306,-0.0011749446857720613,903.499,0.09005182892907015,0.03685595807921648,904.0345451058306,0.0035116678956480956
904.5000623793146,-0.000839246204122901,903.959,0.007987423117336245,0.03843033447364082,904.5000623793146,0.0033448569032734454
904.9655796527985,-0.0001678492408245802,904.429,0.013799178337787099,0.04046679488594013,904.9655796527985,0.0032376435895487975
905.4310969262825,-0.0010070954449474812,904.892,0.018156420714243282,0.042676461640230555,905.4310969262825,0.0031885024410584803
905.8966141997664,-0.0005035477224737406,905.355,0.05083612811050764,0.044763626720515565,905.8966141997664,0.00316103915456144
906.3621314732504,0.0011749446857720613,905.821,0.05083612811050764,0.046459717992792825,906.3621314732504,0.003119755819176484
906.8276487467343,0.002517738612368703,906.284,0.13144615093586087,0.04755695974287614,906.8276487467343,0.003078846665237058
907.2931660202183,0.0018463416490703821,906.75,0.026871035324769865,0.04793484292391729,907.2931660202183,0.003045782982693418
907.7586832937022,0.0011749446857720613,907.214,0.03122827770122627,0.047573032974467896,907.7586832937022,0.002995790677921825
908.2242005671862,0.0031891355756670237,907.68,0.07262259970801699,0.04654798036269008,908.2242005671862,0.0029915430905992574
908.6897178406701,0.007049668114632368,908.145,0.03558564993529645,0.04501502336342809,908.6897178406701,0.0030439963579514096
909.155235114154,0.008560311049222946,908.611,0.003630050883266067,0.043180774545378164,909.155235114154,0.0031062976019365788
909.620752387638,0.006546120624989271,909.078,0.029773894714845817,0.04127149634673394,909.620752387638,0.0031529037673825072
910.086269661122,0.007217517588287592,909.544,0.10530243696189512,0.03950251979240333,910.086269661122,0.003207630910830349
910.551786934606,0.009567406959831715,910.007,0.020335041902471485,0.03805202923549373,910.551786934606,0.0033056706048481864
911.0173042080899,0.010238803923130035,910.469,0.010166044305564448,0.03704088486515912,911.0173042080899,0.00346666944739106
911.4828214815739,0.004531929735094309,910.937,0.003630050883266067,0.03652000743532115,911.4828214815739,0.0036186920330588163
911.9483387550578,-0.0015106431674212217,911.399,0.03994289231175285,0.03646763304465247,911.9483387550578,0.0037027286991979276
912.4138560285418,-0.003524834057316184,911.87,0.042121513499981056,0.036798163005641635,912.4138560285418,0.0037650833904881616
912.8793733020257,-0.0038605325389653444,912.333,0.059550742721034,0.03738155427697428,912.8793733020257,0.0038568750731825347
913.3448905755097,-0.004867628216743469,912.798,0.029049656512998068,0.03806899179147707,913.3448905755097,0.0039548058014324625
913.8104078489936,-0.0041962312534451485,913.263,0.07480135075385896,0.03871907386737696,913.8104078489936,0.004044582659641462
914.2759251224776,-0.0011749446857720613,913.729,0.00580867207149427,0.039219385167111605,914.2759251224776,0.004141493643227713
914.7414423959615,-0.0015106431674212217,914.193,0.059550742721034,0.039500204644268753,914.7414423959615,0.0042399856436744566
915.2069596694454,-0.004531929735094309,914.659,0.05519350034457782,0.03953906669220267,915.2069596694454,0.004317922329450436
915.6724769429294,-0.003524834057316184,915.126,0.0617293639092622,0.039356385536840226,915.6724769429294,0.004407195484951797
916.1379942164133,-0.0028534370940178633,915.584,0.013799178337787099,0.039003650555181575,916.1379942164133,0.004485004702536801
916.6035114898973,-0.0041962312534451485,916.056,0.00580867207149427,0.03854742289300393,916.6035114898973,0.00451101237783064
917.0690287633812,-0.0028534370940178633,916.514,0.00580867207149427,0.03805413946306762,917.0690287633812,0.004516982839521173
917.5345460368652,-0.001678492408245802,916.985,0.00580867207149427,0.037580882078842096,917.5345460368652,0.0045472298695419305
918.0000633103491,-0.0005035477224737406,917.448,0.13362477212408908,0.03717449208543798,918.0000633103491,0.004623694501327811
918.4655805838331,-0.0015106431674212217,917.911,0.05519350034457782,0.036876680725673024,918.4655805838331,0.004687214909740934
918.931097857317,-0.0038605325389653444,918.374,0.022513663090699687,0.03672931583234765,918.931097857317,0.004738728614727517
919.396615130801,-0.004867628216743469,918.839,0.0029058126814183183,0.036774692039251884,919.396615130801,0.004790764535921524
919.8621324042849,-0.0015106431674212217,919.311,0.0617293639092622,0.03704966352306936,919.8621324042849,0.004849548061838773
920.3276496777689,0.0021820401307195425,919.769,0.01597779952601508,0.03757636594923067,920.3276496777689,0.004880103484287567
920.7931669512528,0.00520332669839263,920.237,0.05083612811050764,0.03835330938103852,920.7931669512528,0.004926810395271526
921.2586842247368,0.007888914085924625,920.703,0.024692414136541663,0.03934959543567316,921.2586842247368,0.005030462818512703
921.7242014982207,0.007888914085924625,921.167,0.03340689888945447,0.040503732364643046,921.7242014982207,0.00517455152846855
922.1897187717046,0.00587472366169095,921.633,0.05083612811050764,0.04172760971766548,922.1897187717046,0.005319310476026928
922.6552360451886,0.002517738612368703,922.1,0.05083612811050764,0.042915344838108944,922.6552360451886,0.005440652233240667
923.1207533186725,0.0005035477224737406,922.566,0.005084563727260516,0.04395584694960981,923.1207533186725,0.005519826596719084
923.5862705921566,0.0021820401307195425,923.026,0.05373898750058337,0.04474727345115722,923.5862705921566,0.005609815220169273
924.0517878656404,0.0011749446857720613,923.496,0.1118383005265795,0.04521096800756646,924.0517878656404,0.005722336978576844
924.5173051391245,0.0005035477224737406,923.959,0.048657506922279437,0.04530185627095428,924.5173051391245,0.005858329385360057
924.9828224126084,-0.000839246204122901,924.422,0.00580867207149427,0.045012532188977356,924.9828224126084,0.00595080775264754
925.4483396860924,-0.0041962312534451485,924.889,0.00580867207149427,0.04437043208649602,925.4483396860924,0.005997771657867188
925.9138569595763,-0.00553902518004179,925.352,0.1074810581501231,0.04343042484461628,925.9138569595763,0.006028390813484606
926.3793742330603,-0.00553902518004179,925.818,0.011620427291944901,0.04226624310911375,926.3793742330603,0.006047196520936116
926.8448915065442,-0.007553216069936752,926.281,0.022513663090699687,0.040962921492484865,926.8448915065442,0.0060797441545708255
927.3104087800282,-0.008560311049222946,926.747,0.05083612811050764,0.03961077812720349,927.3104087800282,0.006120630692818062
927.7759260535121,-0.008224613033235073,927.212,0.0617293639092622,0.038300693914563144,927.7759260535121,0.006155322674752687
928.241443326996,-0.007888914085924625,927.677,0.024692414136541663,0.037119962454734305,928.241443326996,0.006206486871728449
928.70696060048,-0.008896009996533394,928.144,0.048657506922279437,0.03614762749970129,928.70696060048,0.00623916814120055
929.1724778739639,-0.010910200886428356,928.61,0.024692414136541663,0.03544863719578607,929.1724778739639,0.006259246480091596
929.6379951474479,-0.010910200886428356,929.074,0.0363097582795302,0.03506725966847699,929.6379951474479,0.0062620322824643625
930.1035124209318,-0.009903104975819588,929.539,0.020335041902471485,0.035021155811180725,930.1035124209318,0.006217687647851102
930.5690296944158,-0.009903104975819588,930.0,0.04430026454582303,0.035297731099841224,930.5690296944158,0.0061523456674697245
931.0345469678997,-0.012252994813024998,930.469,0.026871035324769865,0.03585391856341857,931.0345469678997,0.0060676839876775985
931.5000642413837,-0.015274280682206154,930.93,0.0639079850974904,0.036619707919121475,931.5000642413837,0.006019017760877742
931.9655815148676,-0.015609979629516602,931.399,0.00580867207149427,0.03750501931439562,931.9655815148676,0.006009484352638125
932.4310987883516,-0.016281375661492348,931.86,0.04430026454582303,0.03840930727697928,932.4310987883516,0.0059749959083883215
932.8966160618355,-0.01359578873962164,932.33,0.04430026454582303,0.039233433180669,932.8966160618355,0.0059018824632547625
933.3621333353195,-0.009567406959831715,932.795,0.024692414136541663,0.03989330370357426,933.3621333353195,0.0058328973515051254
933.8276506088034,-0.008560311049222946,933.255,0.0007271914931903378,0.040334211193478575,933.8276506088034,0.005821990572875798
934.2931678822874,-0.0068818191066384315,933.721,0.12273153632533429,0.04054379679679606,934.2931678822874,0.005848337477503644
934.7586851557713,-0.0036926832981407642,934.185,0.05737212153280602,0.04056030591407136,934.7586851557713,0.005838528575294594
935.2242024292552,-0.0028534370940178633,934.651,0.018156420714243282,0.04047217359503827,935.2242024292552,0.005839307779617565
935.6897197027392,-0.0038605325389653444,935.116,0.05083612811050764,0.0404063844406739,935.6897197027392,0.005907735731943283
936.1552369762231,-0.003524834057316184,935.581,0.029049656512998068,0.040506517896013755,936.1552369762231,0.005987944237740787
936.6207542497071,-0.0028534370940178633,936.049,0.046478885734051234,0.040904822417261566,936.6207542497071,0.0059918608116414735
937.086271523191,-0.0021820401307195425,936.515,0.0029058126814183183,0.04169424392877513,937.086271523191,0.005919674596985793
937.551788796675,-0.0015106431674212217,936.978,0.05301474929873562,0.04290612208445585,937.551788796675,0.005875424535444456
938.017306070159,-0.0005035477224737406,937.44,0.026871035324769865,0.04449796059289868,938.017306070159,0.005859143522105147
938.482823343643,-0.000839246204122901,937.904,0.07044397851978879,0.046353597698214365,938.482823343643,0.005829190491271736
938.9483406171269,-0.000839246204122901,938.374,0.009441806103716699,0.048295720368126654,938.9483406171269,0.005755528109784614
939.4138578906109,0.0011749446857720613,938.839,0.048657506922279437,0.05010869564667692,939.4138578906109,0.005601354998303005
939.8793751640948,0.0021820401307195425,939.303,0.07480135075385896,0.051568276621357496,939.8793751640948,0.005437843800243248
940.3448924375788,0.0021820401307195425,939.769,0.09658782235136854,0.05247346039882558,940.3448924375788,0.005341960787359844
940.8104097110627,0.002517738612368703,940.234,0.05083612811050764,0.05267489353847873,940.8104097110627,0.005260753092566824
941.2759269845466,0.00587472366169095,940.7,0.03340689888945447,0.05209497249579315,941.2759269845466,0.005208645218034201
941.7414442580306,0.007888914085924625,941.159,0.01234466549379265,0.05073758668649486,941.7414442580306,0.0051655177057603665
942.2069615315145,0.007553216069936752,941.625,0.09005182892907015,0.048688551488561244,942.2069615315145,0.0050852146293178906
942.6724788049985,0.006378271151334047,942.089,0.06608673614333238,0.04610892375411578,942.6724788049985,0.0049787496783645245
943.1379960784824,0.006546120624989271,942.555,0.018156420714243282,0.04322256253740243,943.1379960784824,0.004840503960736114
943.6035133519664,0.006546120624989271,943.026,0.024692414136541663,0.04029856450712799,943.6035133519664,0.004663622962537571
944.0690306254503,0.007888914085924625,943.488,0.01234466549379265,0.03762971040614023,944.0690306254503,0.004478121392218656
944.5345478989343,0.007888914085924625,943.956,0.1140169217148077,0.035508571352931145,944.5345478989343,0.0043230189984286085
945.0000651724182,0.007553216069936752,944.418,0.010166044305564448,0.03420215959987926,945.0000651724182,0.004156999544509051
945.4655824459022,0.006546120624989271,944.882,0.05083612811050764,0.03392499391041476,945.4655824459022,0.004022625165139087
945.9310997193861,0.0038605325389653444,945.344,0.018156420714243282,0.03481113184859142,945.9310997193861,0.003944024410544894
946.3966169928701,0.0011749446857720613,945.81,0.042121513499981056,0.03688812852637932,946.3966169928701,0.003909943038901254
946.862134266354,0.0005035477224737406,946.276,0.00580867207149427,0.040058173961986146,946.862134266354,0.0038975806518920892
947.327651539838,0.0011749446857720613,946.742,0.024692414136541663,0.04409238347993177,947.327651539838,0.003871229635255654
947.7931688133219,0.002517738612368703,947.207,0.007987423117336245,0.048643090176377315,947.7931688133219,0.003789347595497229
948.2586860868058,0.0010070954449474812,947.673,0.08351583550677177,0.05327609109448369,948.2586860868058,0.003672193797855319
948.7242033602898,-0.000839246204122901,948.138,0.05737212153280602,0.05752045434595865,948.7242033602898,0.003562338597672387
949.1897206337737,-0.0015106431674212217,948.604,0.05301474929873562,0.060928912951454084,949.1897206337737,0.003459325575606889
949.6552379072577,-0.0041962312534451485,949.064,0.1597686159556686,0.06313879707503353,949.6552379072577,0.0033147413863673933
950.1207551807416,-0.0068818191066384315,949.529,0.0029058126814183183,0.0639229773593923,950.1207551807416,0.0031311765149943604
950.5862724542257,-0.00553902518004179,950.0,0.10094506472782472,0.06322241149464626,950.5862724542257,0.0030152275030586517
951.0517897277095,-0.0041962312534451485,950.462,0.046478885734051234,0.06115572908173499,951.0517897277095,0.002948510101905756
951.5173070011936,-0.0031891355756670237,950.93,0.09658782235136854,0.058005278276766964,951.5173070011936,0.002878659443842522
951.9828242746775,-0.002517738612368703,951.392,0.02541652248077564,0.05418192199239882,951.9828242746775,0.0028084222686958404
952.4483415481615,-0.0005035477224737406,951.855,0.09876644353959674,0.05017277123019996,952.4483415481615,0.0027328848627963045
952.9138588216454,0.000839246204122901,952.326,0.02541652248077564,0.04647786657518545,952.9138588216454,0.0026898190301608066
953.3793760951294,-0.0001678492408245802,952.784,0.003630050883266067,0.04354385782241975,953.3793760951294,0.0026578840661766225
953.8448933686133,-0.0003356984816491604,953.251,0.024692414136541663,0.04170446465539653,953.8448933686133,0.0026484616842422782
954.3104106420972,0.0005035477224737406,953.717,0.00580867207149427,0.041137817036064624,954.3104106420972,0.0026592348303965843
954.7759279155812,0.002517738612368703,954.182,0.03340689888945447,0.041848556923466534,954.7759279155812,0.002617437511642262
955.2414451890651,0.004364080261439085,954.648,0.048657506922279437,0.0436778803120578,955.2414451890651,0.0025455452932165224
955.7069624625491,0.004867628216743469,955.115,0.03122827770122627,0.04633898178614614,955.7069624625491,0.002486650746195834
956.172479736033,0.002517738612368703,955.58,0.07480135075385896,0.049470384121260466,956.172479736033,0.0025112274908737037
956.637997009517,0.0005035477224737406,956.04,0.1140169217148077,0.05269644122732099,956.637997009517,0.0026378406824058356
957.1035142830009,0.0010070954449474812,956.51,0.05083612811050764,0.05568338288823403,957.1035142830009,0.002804478978273757
957.5690315564849,0.002517738612368703,956.971,0.05301474929873562,0.05818100719982829,957.5690315564849,0.002978761256643097
958.0345488299688,0.0038605325389653444,957.44,0.05519350034457782,0.0600442491408668,958.0345488299688,0.0031408888127346674
958.5000661034528,0.003524834057316184,957.904,0.13580352316993105,0.06123368362651947,958.5000661034528,0.003217230092213874
958.9655833769367,0.002517738612368703,958.366,0.01234466549379265,0.06179774727494461,958.9655833769367,0.0032685135288745646
959.4311006504207,0.0031891355756670237,958.832,0.01670203772786283,0.06184205166912008,959.4311006504207,0.0033303192915170254
959.8966179239046,0.0031891355756670237,959.295,0.07697997194208717,0.06149330930656038,959.8966179239046,0.00334878782883436
960.3621351973886,0.000839246204122901,959.761,0.0617293639092622,0.060866290773963716,960.3621351973886,0.0033452988949891358
960.8276524708725,-0.000839246204122901,960.226,0.003630050883266067,0.06004065572985448,960.8276524708725,0.003355720471209238
961.2931697443564,0.0005035477224737406,960.692,0.10530243696189512,0.059051176491396636,961.2931697443564,0.0034020799305816535
961.7586870178404,0.002517738612368703,961.159,0.00580867207149427,0.05789149917884101,961.7586870178404,0.00338981623168741
962.2242042913243,0.0021820401307195425,961.625,0.09876644353959674,0.05652875559376374,962.2242042913243,0.003340393416122734
962.6897215648083,-0.0001678492408245802,962.09,0.09440920116314033,0.054924023059394214,962.6897215648083,0.003282430213581982
963.1552388382922,-0.0018463416490703821,962.556,0.024692414136541663,0.05305239242312995,963.1552388382922,0.0032100178439351226
963.6207561117762,-0.0041962312534451485,963.018,0.07552545909809272,0.05091704573792768,963.6207561117762,0.0031593943581407283
964.0862733852601,-0.0068818191066384315,963.481,0.06826535733156058,0.04855420783857032,964.0862733852601,0.0031421881728018455
964.5517906587442,-0.007888914085924625,963.944,0.01234466549379265,0.04602897462570447,964.5517906587442,0.0031328521370304345
965.017307932228,-0.006210422143340111,964.415,0.01234466549379265,0.043424629635056014,965.017307932228,0.003118363907991611
965.4828252057121,-0.0041962312534451485,964.878,0.07915859313031537,0.040829504073995854,965.4828252057121,0.0031022967145844928
965.948342479196,-0.0011749446857720613,965.341,0.018156420714243282,0.03832529057365437,965.948342479196,0.0031028435962384975
966.41385975268,-0.0015106431674212217,965.806,0.042121513499981056,0.03597918075742441,966.41385975268,0.0031476097027645735
966.8793770261639,-0.002517738612368703,966.27,0.005084563727260516,0.033840495702854134,966.8793770261639,0.0032079351790751044
967.3448942996479,-0.0028534370940178633,966.736,0.05083612811050764,0.03194151322821771,967.3448942996479,0.0032668955156209202
967.8104115731318,-0.003524834057316184,967.201,0.05519350034457782,0.030301540194307204,967.8104115731318,0.0032939126628192816
968.2759288466157,-0.007049668114632368,967.666,0.024692414136541663,0.028932500568550335,968.2759288466157,0.0033045233851889387
968.7414461200997,-0.010238803923130035,968.133,0.021059280104319233,0.02784407162624115,968.7414461200997,0.0033436335927169644
969.2069633935836,-0.009567406959831715,968.599,0.007987423117336245,0.027047342548730986,969.2069633935836,0.003415383944312422
969.6724806670676,-0.007217517588287592,969.063,0.00580867207149427,0.026557361947229685,969.6724806670676,0.0034831128709799783
970.1379979405515,-0.00553902518004179,969.529,0.07262259970801699,0.026395301598102158,970.1379979405515,0.003547383707929251
970.6035152140355,-0.004531929735094309,969.989,0.013799178337787099,0.026589805519686704,970.6035152140355,0.0036433448501223386
971.0690324875194,-0.0041962312534451485,970.459,0.06826535733156058,0.02717558395910813,971.0690324875194,0.0036379479970279883
971.5345497610034,-0.0028534370940178633,970.922,0.0014514296950378647,0.02818712977412599,971.5345497610034,0.0035652395709218263
972.0000670344873,-0.0018463416490703821,971.384,0.03776427112352465,0.029647107204703472,972.0000670344873,0.0034946240949146803
972.4655843079713,-0.0021820401307195425,971.852,0.018156420714243282,0.03155146371581365,972.4655843079713,0.0034439142589789756
972.9311015814552,-0.0021820401307195425,972.315,0.0384885093253724,0.03385517060373264,972.9311015814552,0.0034048945149611994
973.3966188549392,-0.0028534370940178633,972.781,0.00580867207149427,0.03646299325429739,973.3966188549392,0.0033337095431507286
973.8621361284231,-0.000839246204122901,973.248,0.020335041902471485,0.039228988714204896,973.8621361284231,0.0032672203452290527
974.327653401907,0.002517738612368703,973.713,0.059550742721034,0.04196681642934952,974.327653401907,0.003239386987332977
974.793170675391,0.00520332669839263,974.178,0.03340689888945447,0.04447051553632753,974.793170675391,0.0033048811117128056
975.2586879488749,0.003524834057316184,974.643,0.05301474929873562,0.04654259451722364,975.2586879488749,0.0034036445055108146
975.7242052223589,0.0011749446857720613,975.108,0.027595273526617614,0.04802402758202951,975.7242052223589,0.003467136141667748
976.1897224958428,0.0011749446857720613,975.574,0.15105400134514202,0.04881961640332293,976.1897224958428,0.0035223628871736915
976.6552397693268,0.0031891355756670237,976.037,0.05083612811050764,0.04891222555499647,976.6552397693268,0.003580644760662443
977.1207570428107,0.004867628216743469,976.5,0.05083612811050764,0.04836123895283954,977.1207570428107,0.003612458424056443
977.5862743162947,0.002517738612368703,976.97,0.0014514296950378647,0.047284982713754704,977.5862743162947,0.003629970947910924
978.0517915897786,-0.0015106431674212217,977.432,0.0029058126814183183,0.04583261997666313,978.0517915897786,0.003645332955237286
978.5173088632627,-0.0010070954449474812,977.9,0.024692414136541663,0.04415475977899442,978.5173088632627,0.0036397120083393507
978.9828261367466,-0.0018463416490703821,978.362,0.09440920116314033,0.042381155917387496,978.9828261367466,0.0036294672455084373
979.4483434102306,-0.006210422143340111,978.828,0.04430026454582303,0.04060922913356607,979.4483434102306,0.0036035808683150903
979.9138606837145,-0.008224613033235073,979.29,0.024692414136541663,0.03890225395829142,979.9138606837145,0.003559028581521577
980.3793779571985,-0.008224613033235073,979.756,0.01597779952601508,0.037293952954273075,980.3793779571985,0.003515822937508251
980.8448952306824,-0.00553902518004179,980.222,0.046478885734051234,0.035796861988386386,980.8448952306824,0.003468221690945872
981.3104125041663,-0.0021820401307195425,980.688,0.042121513499981056,0.03441274776426196,981.3104125041663,0.003372165983469354
981.7759297776503,-0.0005035477224737406,981.153,0.05083612811050764,0.03314302138696088,981.7759297776503,0.0032539759933889224
982.2414470511342,-0.0015106431674212217,981.618,0.046478885734051234,0.031996292075138565,982.2414470511342,0.0031791890088530505
982.7069643246182,-0.0005035477224737406,982.085,0.046478885734051234,0.03099049476409323,982.7069643246182,0.0031734858204571724
983.1724815981021,0.0031891355756670237,982.551,0.003630050883266067,0.030148907543672995,983.1724815981021,0.003222960032993587
983.6379988715861,0.004531929735094309,983.011,0.00580867207149427,0.029492106650724263,983.6379988715861,0.003247376412308074
984.10351614507,0.002517738612368703,983.474,0.00580867207149427,0.0290300549643296,984.10351614507,0.003215760118350729
984.569033418554,0.002517738612368703,983.944,0.042121513499981056,0.028758659181086922,984.569033418554,0.003182260580740693
985.0345506920379,0.0031891355756670237,984.407,0.042121513499981056,0.028662891085653366,985.0345506920379,0.0031840286891196283
985.5000679655219,0.0031891355756670237,984.87,0.00580867207149427,0.028725226601893646,985.5000679655219,0.0031789505105951675
985.9655852390058,0.0001678492408245802,985.34,0.08787320774084195,0.0289356575655828,985.9655852390058,0.003173325451038412
986.4311025124898,-0.003524834057316184,985.799,0.024692414136541663,0.029298899532405765,986.4311025124898,0.0031392995949572505
986.8966197859737,-0.00553902518004179,986.266,0.009441806103716699,0.029835527824477036,986.8966197859737,0.003108139720076226
987.3621370594576,-0.00553902518004179,986.732,0.03776427112352465,0.03057605238502589,987.3621370594576,0.0030860301062926748
987.8276543329416,-0.00553902518004179,987.199,0.05519350034457782,0.03154944060442402,987.8276543329416,0.003051000950031603
988.2931716064255,-0.0041962312534451485,987.665,0.0014514296950378647,0.032769234795562575,988.2931716064255,0.0030168969647862034
988.7586888799095,-0.0015106431674212217,988.13,0.024692414136541663,0.03422099712447278,988.7586888799095,0.0029885002807609118
989.2242061533934,-0.000839246204122901,988.589,0.01597779952601508,0.03585484589261527,989.2242061533934,0.0029674309779096557
989.6897234268774,-0.0018463416490703821,989.056,0.01670203772786283,0.03758617052479511,989.6897234268774,0.0029270481402596657
990.1552407003613,-0.001678492408245802,989.522,0.06245360211110995,0.03930558952956968,990.1552407003613,0.0028739349165171186
990.6207579738453,0.0005035477224737406,989.985,0.03776427112352465,0.04089604968571164,990.6207579738453,0.0028236959008437743
991.0862752473292,0.0005035477224737406,990.455,0.13362477212408908,0.042251971661077296,991.0862752473292,0.002747987859910292
991.5517925208133,-0.0015106431674212217,990.918,0.01670203772786283,0.04329421706547061,991.5517925208133,0.002682061995170541
992.0173097942971,-0.0015106431674212217,991.381,0.010166044305564448,0.043976532745873716,992.0173097942971,0.002631506353421165
992.4828270677812,-0.0028534370940178633,991.847,0.02541652248077564,0.04428343757682177,992.4828270677812,0.0025835247523881854
992.948344341265,-0.004531929735094309,992.311,0.05083612811050764,0.044223528198211605,992.948344341265,0.0025666043442243384
993.4138616147491,-0.0028534370940178633,992.776,0.05301474929873562,0.043823131154617334,993.4138616147491,0.002648979807428951
993.879378888233,-0.0021820401307195425,993.241,0.022513663090699687,0.04312315779964083,993.879378888233,0.002812898084622835
994.3448961617169,-0.0028534370940178633,993.707,0.021059280104319233,0.04217929076307975,994.3448961617169,0.0029943371082966647
994.8104134352009,-0.0031891355756670237,994.174,0.10312368591605292,0.04106384023226971,994.8104134352009,0.0031751182337361396
995.2759307086848,-0.0001678492408245802,994.639,0.03994289231175285,0.03986657113986537,995.2759307086848,0.003350525124331594
995.7414479821688,0.004867628216743469,995.104,0.03994289231175285,0.03869143982264966,995.7414479821688,0.003517593110311669
996.2069652556527,0.007217517588287592,995.57,0.03340689888945447,0.037647295633461995,996.2069652556527,0.0036526582879830554
996.6724825291367,0.006546120624989271,996.033,0.042121513499981056,0.03683321916923557,996.6724825291367,0.003756218192133192
997.1379998026206,0.00587472366169095,996.495,0.005084563727260516,0.03632180533952057,997.1379998026206,0.0038233508983823825
997.6035170761046,0.006546120624989271,996.963,0.03195251590307402,0.036144967385114087,997.6035170761046,0.0038921283588329953
998.0690343495885,0.007553216069936752,997.426,0.027595273526617614,0.03628647614276501,998.0690343495885,0.0039759799930299475
998.5345516230725,0.007217517588287592,997.889,0.022513663090699687,0.03668376686981183,998.5345516230725,0.004096468530946759
999.0000688965564,0.00520332669839263,998.359,0.05083612811050764,0.037239025821433534,999.0000688965564,0.004171607078429718
999.4655861700404,0.0011749446857720613,998.825,0.08351583550677177,0.03783697103297542,999.4655861700404,0.004253867412212641
999.9311034435243,-0.0015106431674212217,999.287,0.01597779952601508,0.03836503087297048,999.9311034435243,0.004347673925007749
1000.3966207170082,-0.0028534370940178633,999.753,0.020335041902471485,0.038731626219467,1000.3966207170082,0.004426134876109572
1000.8621379904922,-0.0021820401307195425,1000.219,0.05519350034457782,0.03887987613940432,1000.8621379904922,0.00448082501430061
1001.3276552639761,0.000839246204122901,1000.685,0.046478885734051234,0.038795863820024555,1001.3276552639761,0.0045283769182885075
1001.7931725374601,0.0018463416490703821,1001.144,0.02541652248077564,0.03851130802903854,1001.7931725374601,0.00457591237455575
1002.258689810944,0.0005035477224737406,1001.61,0.059550742721034,0.03810036563171198,1002.258689810944,0.004632321280852712
1002.724207084428,-0.0005035477224737406,1002.074,0.03122827770122627,0.03767038133393149,1002.724207084428,0.004686879838596071
1003.1897243579119,-0.000839246204122901,1002.54,0.05301474929873562,0.037347021105099576,1003.1897243579119,0.004739694956515629
1003.6552416313959,-0.000839246204122901,1003.004,0.024692414136541663,0.03725513956665723,1003.6552416313959,0.00475020493556032
1004.1207589048798,-0.001678492408245802,1003.473,0.022513663090699687,0.037497766190176265,1004.1207589048798,0.004758033964782361
1004.5862761783638,-0.004867628216743469,1003.934,0.05519350034457782,0.03813645985099827,1004.5862761783638,0.004852817049640222
1005.0517934518477,-0.0068818191066384315,1004.404,0.01234466549379265,0.039176502368941275,1005.0517934518477,0.004989775748922438
1005.5173107253318,-0.008224613033235073,1004.867,0.05083612811050764,0.0405598249249662,1005.5173107253318,0.005109415184681452
1005.9828279988157,-0.009903104975819588,1005.329,0.03122827770122627,0.042167516213118414,1005.9828279988157,0.00518319886836152
1006.4483452722997,-0.009903104975819588,1005.795,0.010166044305564448,0.04383257398192263,1006.4483452722997,0.005221159798291
1006.9138625457836,-0.007553216069936752,1006.259,0.024692414136541663,0.04536214533400972,1006.9138625457836,0.005228783233454606
1007.3793798192675,-0.0041962312534451485,1006.724,0.11691978110488366,0.046566458901565015,1007.3793798192675,0.005229823539042474
1007.8448970927515,-0.0015106431674212217,1007.19,0.08133721431854357,0.04728902403243032,1007.8448970927515,0.005233244626447097
1008.3104143662354,-0.0028534370940178633,1007.655,0.03122827770122627,0.04743090153909347,1008.3104143662354,0.005262817308402447
1008.7759316397194,-0.00587472366169095,1008.122,0.05083612811050764,0.0469630086845695,1008.7759316397194,0.005305083385581305
1009.2414489132033,-0.0068818191066384315,1008.588,0.04430026454582303,0.04592455743470578,1009.2414489132033,0.0052544352252913
1009.7069661866873,-0.004531929735094309,1009.053,0.020335041902471485,0.04441025102062852,1009.7069661866873,0.005172865688962791
1010.1724834601712,-0.002517738612368703,1009.518,0.048657506922279437,0.04255133635340453,1010.1724834601712,0.005104614550804827
1010.6380007336552,-0.0021820401307195425,1009.981,0.00580867207149427,0.040495715814650474,1010.6380007336552,0.0050181354155105305
1011.1035180071391,-0.003524834057316184,1010.444,0.05083612811050764,0.0383909039211462,1011.1035180071391,0.004871100542070695
1011.5690352806231,-0.00520332669839263,1010.915,0.08787320774084195,0.03637142225865348,1011.5690352806231,0.004813523859125897
1012.034552554107,-0.0041962312534451485,1011.377,0.00580867207149427,0.034550111591164,1012.034552554107,0.004835421704762189
1012.500069827591,-0.0028534370940178633,1011.844,0.024692414136541663,0.033011990581207705,1012.500069827591,0.0048515793580719245
1012.9655871010749,-0.0041962312534451485,1012.309,0.03122827770122627,0.0318101879420911,1012.9655871010749,0.004867358718346765
1013.4311043745589,-0.006210422143340111,1012.775,0.018156420714243282,0.030964937492860636,1013.4311043745589,0.004917344861509378
1013.8966216480428,-0.008896009996533394,1013.234,0.00580867207149427,0.03046695804239787,1013.8966216480428,0.0049572979996844796
1014.3621389215267,-0.012252994813024998,1013.7,0.08351583550677177,0.03028534673423947,1014.3621389215267,0.004960840387553805
1014.8276561950107,-0.01258869282901287,1014.166,0.01597779952601508,0.030378272852991967,1014.8276561950107,0.004975937174839162
1015.2931734684946,-0.01124589890241623,1014.632,0.04430026454582303,0.03070345592732374,1015.2931734684946,0.00497275868484472
1015.7586907419786,-0.010574501939117908,1015.096,0.03195251590307402,0.031225541292648616,1015.7586907419786,0.004937170309583449
1016.2242080154625,-0.010574501939117908,1015.562,0.029049656512998068,0.03191900293315271,1016.2242080154625,0.004923884803637288
1016.6897252889465,-0.010910200886428356,1016.026,0.023237901292547436,0.03276708953801764,1016.6897252889465,0.004906670390525294
1017.1552425624304,-0.011581597849726677,1016.495,0.007987423117336245,0.03375858545759872,1017.1552425624304,0.004890909528968922
1017.6207598359144,-0.010574501939117908,1016.959,0.07915859313031537,0.034884374256082526,1017.6207598359144,0.0048887363944357335
1018.0862771093983,-0.007553216069936752,1017.422,0.005084563727260516,0.036135036139352275,1018.0862771093983,0.004886481025471569
1018.5517943828823,-0.00553902518004179,1017.885,0.059550742721034,0.0374995929048449,1018.5517943828823,0.004838875663016334
1019.0173116563662,-0.0041962312534451485,1018.355,0.009441806103716699,0.03896488650817271,1019.0173116563662,0.0048119078560681676
1019.4828289298503,-0.0021820401307195425,1018.821,0.06027498092288175,0.0405151058441083,1019.4828289298503,0.00478524227261257
1019.9483462033342,-0.000839246204122901,1019.283,0.07044397851978879,0.042131073875968914,1019.9483462033342,0.004732655359940512
1020.413863476818,0.0001678492408245802,1019.749,0.021059280104319233,0.04378884122882494,1020.413863476818,0.004558334010472497
1020.8793807503021,0.0018463416490703821,1020.214,0.03340689888945447,0.0454574577043915,1020.8793807503021,0.0044124586848407815
1021.344898023786,0.002517738612368703,1020.68,0.06463222329933815,0.04709678423457437,1021.344898023786,0.004342332529080703
1021.81041529727,0.0038605325389653444,1021.145,0.020335041902471485,0.04865709658965081,1021.81041529727,0.004285590555783094
1022.2759325707539,0.0038605325389653444,1021.611,0.026871035324769865,0.0500821343347679,1022.2759325707539,0.004210822078053632
1022.7414498442379,0.002517738612368703,1022.071,0.06826535733156058,0.05131609960975389,1022.7414498442379,0.0041203770384189336
1023.2069671177218,-0.0001678492408245802,1022.537,0.1074810581501231,0.05231326916270577,1023.2069671177218,0.004047946171083135
1023.6724843912058,-0.000839246204122901,1023.0,0.048657506922279437,0.05304704477014644,1023.6724843912058,0.004007333070996389
1024.1380016646897,-0.0015106431674212217,1023.469,0.03994289231175285,0.053514882082610855,1024.1380016646897,0.003966682964466456
1024.6035189381737,-0.0031891355756670237,1023.93,0.01597779952601508,0.053737534859339776,1024.6035189381737,0.003864983684201478
1025.0690362116577,-0.002517738612368703,1024.4,0.09295468831914588,0.05375404718916656,1025.0690362116577,0.0037617218874913456
1025.5345534851415,-0.0015106431674212217,1024.863,0.04430026454582303,0.05361542221464473,1025.5345534851415,0.003726676279069234
1026.0000707586255,-0.0015106431674212217,1025.325,0.029049656512998068,0.053379255773151786,1026.0000707586255,0.0037095667174122343
1026.4655880321095,-0.0031891355756670237,1025.791,0.046478885734051234,0.05310631814642704,1026.4655880321095,0.0036520455407441817
1026.9311053055933,-0.0041962312534451485,1026.256,0.06826535733156058,0.052859117585404666,1026.9311053055933,0.00358849222756979
1027.3966225790773,-0.0018463416490703821,1026.722,0.07480135075385896,0.052701472266376996,1027.3966225790773,0.0035142767942925495
1027.8621398525613,0.0005035477224737406,1027.189,0.03122827770122627,0.052696917236899316,1027.8621398525613,0.0034530590358340676
1028.3276571260453,0.002517738612368703,1027.654,0.12127715333895384,0.05290334928492003,1028.3276571260453,0.003412591906637997
1028.793174399529,0.0031891355756670237,1028.119,0.009441806103716699,0.05336241800928065,1028.793174399529,0.003379587853753005
1029.2586916730131,0.0011749446857720613,1028.585,0.07697997194208717,0.05408452228374379,1029.2586916730131,0.0033649947701278166
1029.7242089464971,-0.0001678492408245802,1029.052,0.029773894714845817,0.055033054367472876,1029.7242089464971,0.003407581575954412
1030.1897262199811,-0.0015106431674212217,1029.51,0.007987423117336245,0.05611373489899042,1030.1897262199811,0.0034746505509714054
1030.655243493465,-0.0021820401307195425,1029.978,0.005084563727260516,0.05717535470296138,1030.655243493465,0.003554639071865364
1031.120760766949,-0.0011749446857720613,1030.44,0.1074810581501231,0.058026066992464535,1031.120760766949,0.0036593400207360644
1031.586278040433,0.0011749446857720613,1030.904,0.059550742721034,0.058464535601045066,1031.586278040433,0.0037508006963967765
1032.051795313917,0.0021820401307195425,1031.374,0.05083612811050764,0.058319419936281716,1032.051795313917,0.003796234982979648
1032.5173125874007,0.0005035477224737406,1031.84,0.18809108097547655,0.057486727679549404,1032.5173125874007,0.0037726759321187945
1032.9828298608847,-0.000839246204122901,1032.303,0.024692414136541663,0.05595445175960063,1032.9828298608847,0.003728170934369473
1033.4483471343688,0.0010070954449474812,1032.769,0.024692414136541663,0.0538077566153748,1033.4483471343688,0.0037210347561093147
1033.9138644078525,0.00553902518004179,1033.234,0.026871035324769865,0.051214470372741204,1033.9138644078525,0.003766514273896898
1034.3793816813366,0.007888914085924625,1033.699,0.05591760868881157,0.048396843607515665,1034.3793816813366,0.003833293361153352
1034.8448989548206,0.007888914085924625,1034.159,0.02541652248077564,0.04559817775124562,1034.8448989548206,0.0038591961902852906
1035.3104162283046,0.009567406959831715,1034.626,0.06463222329933815,0.043051475801891136,1035.3104162283046,0.003842113360381598
1035.7759335017884,0.01124589890241623,1035.092,0.024692414136541663,0.040954177724604385,1035.7759335017884,0.0038274113123517007
1036.2414507752724,0.008560311049222946,1035.558,0.03340689888945447,0.03945066309072233,1036.2414507752724,0.003793120239512054
1036.7069680487564,0.00520332669839263,1036.026,0.021059280104319233,0.03862298101921519,1036.7069680487564,0.0037714773312073897
1037.1724853222404,0.00587472366169095,1036.488,0.07915859313031537,0.038489472892359385,1037.1724853222404,0.0037531033724547075
1037.6380025957242,0.006210422143340111,1036.952,0.024692414136541663,0.03900999664518903,1037.6380025957242,0.003730037748622009
1038.1035198692082,0.002517738612368703,1037.414,0.026871035324769865,0.04009562433062826,1038.1035198692082,0.0037247807062153293
1038.5690371426922,-0.0001678492408245802,1037.885,0.05373898750058337,0.041620598726948975,1038.5690371426922,0.0037216618447330776
1039.0345544161762,-0.0015106431674212217,1038.348,0.05083612811050764,0.0434348411329282,1039.0345544161762,0.0037489503801550156
1039.50007168966,-0.0011749446857720613,1038.813,0.034131137091302,0.04537565997589291,1039.50007168966,0.003847995437699233
1039.965588963144,0.0018463416490703821,1039.277,0.10312368591605292,0.047277423720002994,1039.965588963144,0.003963858102222883
1040.431106236628,0.002517738612368703,1039.743,0.01234466549379265,0.048978474357242376,1040.431106236628,0.004049716334523816
1040.8966235101118,0.0003356984816491604,1040.208,0.01234466549379265,0.050325883355200676,1040.8966235101118,0.004160546049879697
1041.3621407835958,0.0010070954449474812,1040.674,0.04720312393589898,0.051180256102913504,1041.3621407835958,0.004271503233315329
1041.8276580570798,0.0003356984816491604,1041.14,0.06826535733156058,0.051423221733346854,1041.8276580570798,0.004379216145176739
1042.2931753305638,-0.0001678492408245802,1041.606,0.0617293639092622,0.05096851103731035,1042.2931753305638,0.004522028115816838
1042.7586926040476,-0.0015106431674212217,1042.07,0.05083612811050764,0.0497746960085788,1042.7586926040476,0.004634268207737543
1043.2242098775316,-0.0028534370940178633,1042.529,0.048657506922279437,0.04785596119292708,1043.2242098775316,0.004705401782171306
1043.6897271510156,-0.0003356984816491604,1043.0,0.08787320774084195,0.045287606436328814,1043.6897271510156,0.004764783586762782
1044.1552444244996,0.0005035477224737406,1043.462,0.00580867207149427,0.04220457538239953,1044.1552444244996,0.004818412863133118
1044.6207616979834,-0.0023498893715441227,1043.926,0.026871035324769865,0.038793272524612454,1044.6207616979834,0.00482649888743501
1045.0862789714674,-0.007888914085924625,1044.389,0.034131137091302,0.0352787083139703,1045.0862789714674,0.0047751475970100815
1045.5517962449514,-0.010910200886428356,1044.859,0.023237901292547436,0.031909763538649584,1045.5517962449514,0.004675896947275413
1046.0173135184355,-0.008560311049222946,1045.321,0.03340689888945447,0.028944497832126104,1046.0173135184355,0.004610635147115975
1046.4828307919192,-0.007553216069936752,1045.787,0.03994289231175285,0.026635538859233174,1046.4828307919192,0.0045837454669592805
1046.9483480654033,-0.00872816052287817,1046.252,0.06608673614333238,0.025213985983872405,1046.9483480654033,0.00455838540859925
1047.4138653388873,-0.01124589890241623,1046.717,0.01234466549379265,0.024869952471618956,1047.4138653388873,0.004495862131376381
1047.879382612371,-0.01191729586571455,1047.185,0.022513663090699687,0.025729287365736587,1047.879382612371,0.0044072407073470375
1048.344899885855,-0.010238803923130035,1047.65,0.03195251590307402,0.02782878968121521,1048.344899885855,0.0043220198132203945
1048.810417159339,-0.008896009996533394,1048.115,0.005084563727260516,0.031095040332091775,1048.810417159339,0.004305179585928719
1049.275934432823,-0.009567406959831715,1048.58,0.005084563727260516,0.03533345269931502,1049.275934432823,0.004329380092305474
1049.7414517063069,-0.010238803923130035,1049.041,0.010166044305564448,0.040233711895716937,1049.7414517063069,0.00437088341470437
1050.2069689797909,-0.0068818191066384315,1049.504,0.00580867207149427,0.04539534212814555,1050.2069689797909,0.0043929621877319075
1050.6724862532749,-0.004867628216743469,1049.974,0.058096359734653547,0.05037265875963765,1050.6724862532749,0.004372334913083341
1051.138003526759,-0.006210422143340111,1050.437,0.18881531917732408,0.05473240302272199,1051.138003526759,0.004371802425023663
1051.6035208002427,-0.007553216069936752,1050.9,0.018156420714243282,0.05811201288331953,1051.6035208002427,0.004332801184655264
1052.0690380737267,-0.0068818191066384315,1051.37,0.10312368591605292,0.06026492305288075,1052.0690380737267,0.004316000023320317
1052.5345553472107,-0.0057068741880357265,1051.829,0.08133721431854357,0.06108316650936316,1052.5345553472107,0.004279496757197463
1053.0000726206947,-0.0041962312534451485,1052.299,0.00580867207149427,0.06059489304542464,1053.0000726206947,0.004244878790690242
1053.4655898941785,-0.0031891355756670237,1052.765,0.07480135075385896,0.05894138910643997,1053.4655898941785,0.004241535828696777
1053.9311071676625,-0.0021820401307195425,1053.23,0.020335041902471485,0.05634232002222422,1053.9311071676625,0.004242576137039562
1054.3966244411465,-0.000839246204122901,1053.695,0.01597779952601508,0.053058727823465185,1054.3966244411465,0.004209504239362357
1054.8621417146303,0.000839246204122901,1054.155,0.08787320774084195,0.04936129889459746,1054.8621417146303,0.0041544872062203985
1055.3276589881143,0.0011749446857720613,1054.621,0.03994289231175285,0.04550766052320632,1055.3276589881143,0.004092747239437102
1055.7931762615983,0.0011749446857720613,1055.089,0.05083612811050764,0.04172855850107668,1055.7931762615983,0.003990994507167153
1056.2586935350823,0.0023498893715441227,1055.555,0.03122827770122627,0.03822030423028686,1056.2586935350823,0.003802842833539557
1056.724210808566,0.003524834057316184,1056.018,0.06608673614333238,0.035140490167747666,1056.724210808566,0.003593473827956953
1057.1897280820501,0.00520332669839263,1056.48,0.005084563727260516,0.032604941534776284,1057.1897280820501,0.003447390852557676
1057.6552453555341,0.0038605325389653444,1056.948,0.029049656512998068,0.03068516770366918,1057.6552453555341,0.00332906722259588
1058.1207626290181,0.0021820401307195425,1057.411,0.048657506922279437,0.029406656666630688,1058.1207626290181,0.0032117366098821697
1058.586279902502,0.0011749446857720613,1057.874,0.026871035324769865,0.028748931877572815,1058.586279902502,0.0030957074092772398
1059.051797175986,-0.0005035477224737406,1058.344,0.003630050883266067,0.02864837434674754,1059.051797175986,0.003072105184894304
1059.51731444947,-0.000839246204122901,1058.81,0.022513663090699687,0.029004796114399545,1059.51731444947,0.003125687168641331
1059.9828317229537,-0.0015106431674212217,1059.276,0.026871035324769865,0.029692619749474118,1059.9828317229537,0.003176325041621868
1060.4483489964377,-0.0005035477224737406,1059.734,0.048657506922279437,0.030576662161499384,1060.4483489964377,0.0032357952520580793
1060.9138662699218,-0.0028534370940178633,1060.2,0.00580867207149427,0.031530876521170696,1060.9138662699218,0.003321692546910589
1061.3793835434058,-0.003524834057316184,1060.665,0.048657506922279437,0.032456844395202834,1061.3793835434058,0.0033772523467262973
1061.8449008168895,-0.0021820401307195425,1061.13,0.07480135075385896,0.033298033837981016,1061.8449008168895,0.0034296377769891754
1062.3104180903736,-0.000839246204122901,1061.596,0.046478885734051234,0.03404591889229371,1062.3104180903736,0.0034534414881304152
1062.7759353638576,-0.0005035477224737406,1062.06,0.042121513499981056,0.0347352609557045,1062.7759353638576,0.0034975990349640548
1063.2414526373416,-0.0021820401307195425,1062.526,0.0007271914931903378,0.035428656678299454,1063.2414526373416,0.003511155923261764
1063.7069699108254,-0.0028534370940178633,1062.989,0.018156420714243282,0.036194213753401074,1063.7069699108254,0.0034754195225642623
1064.1724871843094,-0.0015106431674212217,1063.459,0.0363097582795302,0.037082912432360164,1064.1724871843094,0.0034424051902638185
1064.6380044577934,0.0011749446857720613,1063.922,0.020335041902471485,0.038112217398107176,1064.6380044577934,0.0033631609208940034
1065.1035217312774,0.002517738612368703,1064.385,0.03994289231175285,0.039260067222983336,1065.1035217312774,0.003282424037111833
1065.5690390047612,-0.0005035477224737406,1064.856,0.034131137091302,0.040470043603041524,1065.5690390047612,0.003228821492078432
1066.0345562782452,-0.000839246204122901,1065.318,0.05083612811050764,0.04166560608709379,1066.0345562782452,0.0031326013017799917
1066.5000735517292,0.0018463416490703821,1065.784,0.042121513499981056,0.04276919550384464,1066.5000735517292,0.003033595308923412
1066.965590825213,0.0005035477224737406,1066.249,0.12273153632533429,0.04372086242408215,1066.965590825213,0.002918238401721403
1067.431108098697,-0.0021820401307195425,1066.715,0.009441806103716699,0.04449123833437397,1067.431108098697,0.002793366590576531
1067.896625372181,-0.002517738612368703,1067.174,0.03994289231175285,0.0450856754492816,1067.896625372181,0.0026947245001321817
1068.362142645665,-0.0015106431674212217,1067.64,0.04430026454582303,0.04553997912076761,1068.362142645665,0.00262310983625887
1068.8276599191488,-0.0005035477224737406,1068.104,0.003630050883266067,0.04591162087712106,1068.8276599191488,0.0024957318310920218
1069.2931771926328,-0.0015106431674212217,1068.569,0.05737212153280602,0.04627166004931563,1069.2931771926328,0.002339138879440048
1069.7586944661168,-0.0041962312534451485,1069.04,0.024692414136541663,0.04670133749303238,1069.7586944661168,0.0022212963377998642
1070.2242117396008,-0.0068818191066384315,1069.503,0.018156420714243282,0.047294383954006286,1070.2242117396008,0.002231321113688135
1070.6897290130846,-0.006210422143340111,1069.967,0.09876644353959674,0.048162612375037654,1070.6897290130846,0.002308262728049773
1071.1552462865686,-0.0041962312534451485,1070.429,0.09658782235136854,0.049439138213729125,1071.1552462865686,0.0023756524246275725
1071.6207635600526,-0.00553902518004179,1070.897,0.1118383005265795,0.05127171866038525,1071.6207635600526,0.0024305995606533795
1072.0862808335366,-0.008560311049222946,1071.36,0.042121513499981056,0.053799998373754196,1072.0862808335366,0.0024860339518857633
1072.5517981070204,-0.009567406959831715,1071.825,0.059550742721034,0.05711591207086273,1072.5517981070204,0.002574116714054644
1073.0173153805044,-0.007217517588287592,1072.295,0.024692414136541663,0.061214514370554196,1073.0173153805044,0.0026766075241506197
1073.4828326539885,-0.0028534370940178633,1072.754,0.005084563727260516,0.06594945343601458,1073.4828326539885,0.0028009406788222385
1073.9483499274722,-0.0001678492408245802,1073.226,0.014523286682020853,0.07101008268467632,1073.9483499274722,0.002834310689309545
1074.4138672009562,-0.0001678492408245802,1073.684,0.01234466549379265,0.07593463793058965,1074.4138672009562,0.0028659660500192923
1074.8793844744403,-0.0005035477224737406,1074.155,0.03994289231175285,0.08016632396071659,1074.8793844744403,0.002941684377400971
1075.3449017479243,-0.0021820401307195425,1074.614,0.07480135075385896,0.08314786497245165,1075.3449017479243,0.0029968083209895675
1075.810419021408,0.0003356984816491604,1075.081,0.26506796976860736,0.08443740838241753,1075.810419021408,0.003038424719656316
1076.275936294892,0.004531929735094309,1075.547,0.1597686159556686,0.0838183311609613,1076.275936294892,0.003134774435905361
1076.741453568376,0.004028381779789925,1076.015,0.14669675896868584,0.08137235031398522,1076.741453568376,0.0032689206080543215
1077.20697084186,0.0030212863348424435,1076.477,0.059550742721034,0.07749278754908524,1077.20697084186,0.003389211780624082
1077.6724881153439,0.0011749446857720613,1076.945,0.07915859313031537,0.07283090587740722,1077.6724881153439,0.003512860304828921
1078.1380053888279,0.0005035477224737406,1077.407,0.05083612811050764,0.06818584038269421,1078.1380053888279,0.0036003406834133234
1078.603522662312,0.0005035477224737406,1077.87,0.03122827770122627,0.0643611404505098,1078.603522662312,0.003676422910871541
1079.069039935796,0.0005035477224737406,1078.34,0.0014514296950378647,0.06201632762927665,1079.069039935796,0.003716953772189595
1079.5345572092797,0.0005035477224737406,1078.806,0.01234466549379265,0.061541504107143166,1079.5345572092797,0.0037039725463805457
1080.0000744827637,0.0018463416490703821,1079.269,0.020335041902471485,0.06297840022498032,1080.0000744827637,0.0036921056449491377
1080.4655917562477,0.00520332669839263,1079.735,0.020335041902471485,0.06600308581714852,1080.4655917562477,0.003712917957046852
1080.9311090297315,0.010574501939117908,1080.2,0.01670203772786283,0.06997489535235345,1080.9311090297315,0.003752299546002417
1081.3966263032155,0.01258869282901287,1080.666,0.09658782235136854,0.07404441498195591,1081.3966263032155,0.0037983814529926893
1081.8621435766995,0.009567406959831715,1081.13,0.13580352316993105,0.07730210556833189,1081.8621435766995,0.0038442001991446403
1082.3276608501835,0.006042572669684887,1081.589,0.14451800792284364,0.07894004256923542,1082.3276608501835,0.003909032309257516
1082.7931781236673,0.006210422143340111,1082.056,0.2185921671835125,0.07839498072143782,1082.7931781236673,0.003946730080675812
1083.2586953971513,0.006210422143340111,1082.522,0.10094506472782472,0.07544406621749383,1083.2586953971513,0.003947017913500085
1083.7242126706353,0.0041962312534451485,1082.985,0.020335041902471485,0.0702354815437251,1083.7242126706353,0.003927815403629163
1084.1897299441193,0.0011749446857720613,1083.455,0.08351583550677177,0.0632521623503621,1084.1897299441193,0.003906569289718709
1084.6552472176031,-0.0015106431674212217,1083.915,0.007987423117336245,0.05522178288666307,1084.6552472176031,0.003887255762072499
1085.1207644910871,-0.0028534370940178633,1084.385,0.00580867207149427,0.04699531764302384,1085.1207644910871,0.0038751791535787563
1085.5862817645711,-0.0031891355756670237,1084.844,0.010166044305564448,0.03941834209863889,1085.5862817645711,0.0038510094883401668
1086.051799038055,-0.0031891355756670237,1085.309,0.03340689888945447,0.033215805916727695,1086.051799038055,0.00386222260164931
1086.517316311539,0.0001678492408245802,1085.774,0.020335041902471485,0.028904795040328002,1086.517316311539,0.0039092584653038906
1086.982833585023,0.0028534370940178633,1086.241,0.014523286682020853,0.026742906640598044,1086.982833585023,0.0039249206389478245
1087.448350858507,0.0018463416490703821,1086.707,0.010166044305564448,0.02671408324742608,1087.448350858507,0.0038724241876699184
1087.9138681319907,-0.0001678492408245802,1087.175,0.00580867207149427,0.028549730398147934,1087.9138681319907,0.003818492688354578
1088.3793854054747,-0.000839246204122901,1087.64,0.07480135075385896,0.03177993841008686,1088.3793854054747,0.003809689140719846
1088.8449026789588,-0.0015106431674212217,1088.1,0.026871035324769865,0.035806858081248456,1088.8449026789588,0.0038446771784093605
1089.3104199524428,-0.0041962312534451485,1088.566,0.03340689888945447,0.039990072638843396,1089.3104199524428,0.0038149688022580883
1089.7759372259266,-0.004867628216743469,1089.034,0.021059280104319233,0.043732981491762316,1089.7759372259266,0.0037644542798873537
1090.2414544994106,-0.003524834057316184,1089.496,0.14669675896868584,0.046559604803137616,1090.2414544994106,0.00378594299582519
1090.7069717728946,-0.0041962312534451485,1089.959,0.048657506922279437,0.04817200063215658,1090.7069717728946,0.0037458479955881545
1091.1724890463786,-0.004867628216743469,1090.429,0.07915859313031537,0.04848006435026409,1091.1724890463786,0.003723541013859485
1091.6380063198624,-0.00520332669839263,1090.892,0.00580867207149427,0.04759933338952545,1091.6380063198624,0.003678170463627941
1092.1035235933464,-0.00553902518004179,1091.355,0.08787320774084195,0.045818406275499456,1092.1035235933464,0.0036020430062626194
1092.5690408668304,-0.004867628216743469,1091.821,0.01234466549379265,0.04354325521803311,1092.5690408668304,0.0035385678187275374
1093.0345581403142,-0.0041962312534451485,1092.284,0.00580867207149427,0.04122898055293683,1093.0345581403142,0.003489007256540335
1093.5000754137982,-0.00553902518004179,1092.75,0.011620427291944901,0.039310293785572506,1093.5000754137982,0.003426432575130461
1093.9655926872822,-0.007721065077930689,1093.217,0.051560366312355166,0.038140666045738625,1093.9655926872822,0.003364966046827065
1094.4311099607662,-0.0068818191066384315,1093.682,0.08787320774084195,0.037946798179272954,1094.4311099607662,0.003340043904832246
1094.89662723425,-0.003524834057316184,1094.148,0.014523286682020853,0.03880100795059897,1094.89662723425,0.003323388712819436
1095.362144507734,-0.0021820401307195425,1094.614,0.01234466549379265,0.040611612851891236,1095.362144507734,0.0033232345193147063
1095.827661781218,-0.000839246204122901,1095.079,0.007987423117336245,0.043131430304574454,1095.827661781218,0.0033454654331323266
1096.293179054702,-0.000839246204122901,1095.544,0.08569458655261375,0.04598526418079933,1096.293179054702,0.003357967624931467
1096.7586963281858,-0.0021820401307195425,1096.007,0.007987423117336245,0.04871619551036565,1096.7586963281858,0.003387772633017972
1097.2242136016698,-0.0028534370940178633,1096.469,0.029773894714845817,0.05084749912221082,1097.2242136016698,0.0034120224733935945
1097.6897308751538,-0.0031891355756670237,1096.937,0.03340689888945447,0.051953669524297696,1097.6897308751538,0.003468414936127946
1098.1552481486378,0.0005035477224737406,1097.4,0.1619472371438968,0.05173107306236236,1098.1552481486378,0.003526197216484993
1098.6207654221216,0.006210422143340111,1097.87,0.0842400737086193,0.050056156527898646,1098.6207654221216,0.0035142871384628753
1099.0862826956056,0.007888914085924625,1098.333,0.0617293639092622,0.04701853811812984,1099.0862826956056,0.0034412867706038832
1099.5517999690896,0.006378271151334047,1098.799,0.014523286682020853,0.042920103235654976,1099.5517999690896,0.003320315085062961
1100.0173172425734,0.00520332669839263,1099.263,0.05083612811050764,0.038238964939805026,1100.0173172425734,0.0031717588093148536
1100.4828345160574,0.004531929735094309,1099.729,0.03340689888945447,0.03356493871177525,1100.4828345160574,0.003025591539477687
1100.9483517895414,0.0021820401307195425,1100.193,0.01670203772786283,0.029517688545629032,1100.9483517895414,0.0028705775471604324
1101.4138690630255,-0.0010070954449474812,1100.659,0.00580867207149427,0.026659908141502757,1101.4138690630255,0.00280761634628864
1101.8793863365092,-0.0015106431674212217,1101.119,0.020335041902471485,0.025417458552426955,1101.8793863365092,0.0027616742480895367
1102.3449036099933,-0.0001678492408245802,1101.584,0.010166044305564448,0.026017105598043672,1102.3449036099933,0.0027208164901978403
1102.8104208834773,0.0011749446857720613,1102.049,0.00580867207149427,0.028450324354920835,1102.8104208834773,0.002687944014991349
1103.2759381569613,0.000839246204122901,1102.515,0.007987423117336245,0.032468661838734224,1103.2759381569613,0.0026657501108823243
1103.741455430445,-0.0021820401307195425,1102.985,0.005084563727260516,0.03761260796709858,1103.741455430445,0.002629526451718543
1104.206972703929,-0.004531929735094309,1103.447,0.0384885093253724,0.0432717206590559,1104.206972703929,0.0025576280666930232
1104.672489977413,-0.004364080261439085,1103.915,0.014523286682020853,0.048768715815612505,1104.672489977413,0.0024799442582617206
1105.138007250897,-0.0021820401307195425,1104.377,0.24037863878102206,0.053454825472335765,1105.138007250897,0.002443436875966525
1105.6035245243809,-0.0005035477224737406,1104.844,0.042121513499981056,0.0567996594400413,1105.6035245243809,0.0024861614308939344
1106.0690417978649,-0.000839246204122901,1105.309,0.029049656512998068,0.05845893330474584,1106.0690417978649,0.0026121516698037936
1106.534559071349,-0.0018463416490703821,1105.775,0.06608673614333238,0.05830932738806459,1106.534559071349,0.0027429980424360273
1107.0000763448327,-0.0021820401307195425,1106.234,0.09005182892907015,0.05644873691152344,1107.0000763448327,0.0028218989695021576
1107.4655936183167,-0.0028534370940178633,1106.699,0.03776427112352465,0.05316724878879918,1107.4655936183167,0.002866514985023914
1107.9311108918007,-0.0038605325389653444,1107.164,0.011620427291944901,0.04889739825967907,1107.9311108918007,0.002923573570996553
1108.3966281652847,-0.0041962312534451485,1107.629,0.020335041902471485,0.044153310939621694,1108.3966281652847,0.003003893099380473
1108.8621454387685,-0.003524834057316184,1108.096,0.042121513499981056,0.03946827676785805,1108.8621454387685,0.003049257482227972
1109.3276627122525,-0.003524834057316184,1108.562,0.07697997194208717,0.03533842454407048,1109.3276627122525,0.003070057458473878
1109.7931799857365,-0.003524834057316184,1109.03,0.0029058126814183183,0.03217678804903325,1109.7931799857365,0.0030828927114330096
1110.2586972592205,-0.0031891355756670237,1109.492,0.005084563727260516,0.030279263455602657,1110.2586972592205,0.0030634126493367976
1110.7242145327043,-0.0028534370940178633,1109.955,0.05519350034457782,0.02980303330074908,1110.7242145327043,0.003016790034364971
1111.1897318061883,-0.000839246204122901,1110.425,0.023237901292547436,0.030757967684213006,1111.1897318061883,0.0029800564952961717
1111.6552490796723,-0.0015106431674212217,1110.886,0.029773894714845817,0.033010893409866515,1111.6552490796723,0.0029039701614076486
1112.1207663531563,-0.004867628216743469,1111.355,0.03994289231175285,0.03630159458668859,1112.1207663531563,0.0028751006072743434
1112.5862836266401,-0.004531929735094309,1111.821,0.05519350034457782,0.040268836043155634,1112.5862836266401,0.0028802980315439856
1113.0518009001241,-0.0028534370940178633,1112.283,0.013799178337787099,0.044484707636851174,1113.0518009001241,0.002908581639341351
1113.5173181736081,-0.0001678492408245802,1112.749,0.026871035324769865,0.048495770496968064,1113.5173181736081,0.002971861508349184
1113.982835447092,0.0031891355756670237,1113.215,0.05519350034457782,0.05186933749328217,1113.982835447092,0.0030140638497328297
1114.448352720576,0.0041962312534451485,1113.681,0.020335041902471485,0.054242038924348424,1114.448352720576,0.003067832929547052
1114.91386999406,-0.0001678492408245802,1114.141,0.14451800792284364,0.055365336883795094,1114.91386999406,0.0031317665915709834
1115.379387267544,-0.0021820401307195425,1114.606,0.11619567276064968,0.05513993576092831,1115.379387267544,0.003204129616515857
1115.8449045410277,0.000839246204122901,1115.074,0.03340689888945447,0.053630401906208935,1115.8449045410277,0.003292183601520456
1116.3104218145118,0.0031891355756670237,1115.54,0.03122827770122627,0.051054725411540304,1116.3104218145118,0.003351100762741799
1116.7759390879958,0.0038605325389653444,1116.0,0.03340689888945447,0.047750315609049715,1116.7759390879958,0.0034005811458192934
1117.2414563614798,0.004531929735094309,1116.469,0.03776427112352465,0.04412429139226405,1117.2414563614798,0.0034605694504927054
1117.7069736349636,0.0038605325389653444,1116.93,0.042121513499981056,0.04059853908443751,1117.7069736349636,0.003538962560281616
1118.1724909084476,0.0036926832981407642,1117.4,0.00580867207149427,0.03755890320144192,1118.1724909084476,0.003614545196162406
1118.6380081819316,0.0023498893715441227,1117.863,0.01670203772786283,0.035315245697591674,1118.6380081819316,0.003699683855165066
1119.1035254554154,-0.0003356984816491604,1118.326,0.023237901292547436,0.03407630481013913,1119.1035254554154,0.0038183816681665967
1119.5690427288994,-0.0021820401307195425,1118.791,0.08787320774084195,0.033940192447767095,1119.5690427288994,0.003929238117913777
1120.0345600023834,-0.0038605325389653444,1119.259,0.00580867207149427,0.03489805064110711,1120.0345600023834,0.004003247954317774
1120.5000772758674,-0.0018463416490703821,1119.724,0.08133721431854357,0.03684605172553719,1120.5000772758674,0.004073717456767732
1120.9655945493512,0.0005035477224737406,1120.189,0.042121513499981056,0.03960080956112019,1120.9655945493512,0.004123680983793261
1121.4311118228352,-0.0005035477224737406,1120.655,0.00580867207149427,0.04291521959009552,1121.4311118228352,0.004170659281469334
1121.8966290963192,-0.0041962312534451485,1121.115,0.07480135075385896,0.046494477277356526,1121.8966290963192,0.004220470668429159
1122.3621463698032,-0.003524834057316184,1121.581,0.018156420714243282,0.05001416316279576,1122.3621463698032,0.00423897826743395
1122.827663643287,-0.0015106431674212217,1122.053,0.018156420714243282,0.05314296618420842,1122.827663643287,0.0042368524225495545
1123.293180916771,-0.0021820401307195425,1122.511,0.026871035324769865,0.05557163435298057,1123.293180916771,0.004194970805005371
1123.758698190255,-0.0036926832981407642,1122.974,0.10530243696189512,0.05704715615204685,1123.758698190255,0.0042466263759666735
1124.224215463739,-0.007049668114632368,1123.444,0.1074810581501231,0.05740731718858264,1124.224215463739,0.004370496937421813
1124.6897327372228,-0.009567406959831715,1123.907,0.09005182892907015,0.0566072982585811,1124.6897327372228,0.004488728050248959
1125.1552500107068,-0.011581597849726677,1124.37,0.05083612811050764,0.05472968473309924,1125.1552500107068,0.004580634872432174
1125.6207672841908,-0.010910200886428356,1124.836,0.05083612811050764,0.051973435616958566,1125.6207672841908,0.0046575333110244425
1126.0862845576746,-0.009063859470188618,1125.299,0.0007271914931903378,0.04862400953457278,1126.0862845576746,0.004676437706787655
1126.5518018311586,-0.007888914085924625,1125.765,0.05083612811050764,0.04501232576314811,1126.5518018311586,0.004667161288873798
1127.0173191046426,-0.0068818191066384315,1126.229,0.01234466549379265,0.04147216731266231,1127.0173191046426,0.004669332364749014
1127.4828363781266,-0.004531929735094309,1126.695,0.024692414136541663,0.03830399194620091,1127.4828363781266,0.004628840564590818
1127.9483536516104,-0.0028534370940178633,1127.16,0.08787320774084195,0.03574944583117577,1127.9483536516104,0.004600499387600872
1128.4138709250944,-0.003524834057316184,1127.626,0.014523286682020853,0.03397704217561615,1128.4138709250944,0.004597240718231498
1128.8793881985785,-0.00587472366169095,1128.093,0.022513663090699687,0.0330769873035305,1128.8793881985785,0.004631165833443165
1129.3449054720625,-0.006210422143340111,1128.558,0.03994289231175285,0.03306263925223455,1129.3449054720625,0.0046897088131619405
1129.8104227455462,-0.004531929735094309,1129.026,0.05301474929873562,0.03387682576737468,1129.8104227455462,0.004726016766290201
1130.2759400190303,-0.0021820401307195425,1129.488,0.01670203772786283,0.03540191781830967,1130.2759400190303,0.004745762042623834
1130.7414572925143,-0.0018463416490703821,1129.952,0.05083612811050764,0.03747282615358349,1130.7414572925143,0.00475195248674248
1131.2069745659983,-0.0041962312534451485,1130.415,0.00580867207149427,0.039892449951020585,1131.2069745659983,0.00475022343835413
1131.672491839482,-0.0057068741880357265,1130.885,0.03122827770122627,0.042449467235045384,1131.672491839482,0.004751315143585951
1132.138009112966,-0.00520332669839263,1131.347,0.03340689888945447,0.04493791091343704,1132.138009112966,0.004760614173045359
1132.60352638645,-0.004867628216743469,1131.813,0.17792195352095552,0.04717629634787164,1132.60352638645,0.004778161645591954
1133.0690436599339,-0.003524834057316184,1132.277,0.020335041902471485,0.04902217397463472,1133.0690436599339,0.004800413115528337
1133.5345609334179,-0.0041962312534451485,1132.743,0.014523286682020853,0.0503782732114046,1133.5345609334179,0.004801389690779497
1134.000078206902,-0.0028534370940178633,1133.209,0.003630050883266067,0.05119020061425719,1134.000078206902,0.004791440981778449
1134.465595480386,-0.003524834057316184,1133.675,0.048657506922279437,0.05144048550610484,1134.465595480386,0.0048020311430043245
1134.9311127538697,-0.007217517588287592,1134.141,0.013799178337787099,0.05114520166421459,1134.9311127538697,0.004795112893670508
1135.3966300273537,-0.009903104975819588,1134.599,0.14451800792284364,0.050355966194903526,1135.3966300273537,0.004776105699472098
1135.8621473008377,-0.009735256433486938,1135.066,0.023237901292547436,0.049164659824593525,1135.8621473008377,0.004736062096560436
1136.3276645743217,-0.009903104975819588,1135.532,0.07915859313031537,0.04770470044286606,1136.3276645743217,0.004637740730682781
1136.7931818478055,-0.009567406959831715,1136.0,0.07044397851978879,0.04614309855437654,1136.7931818478055,0.004560895748444604
1137.2586991212895,-0.006378271151334047,1136.462,0.022513663090699687,0.04466105046454695,1137.2586991212895,0.004544470821771764
1137.7242163947735,-0.0028534370940178633,1136.93,0.048657506922279437,0.043425335800102154,1137.7242163947735,0.004532873249378362
1138.1897336682575,0.0005035477224737406,1137.392,0.01234466549379265,0.042556538498824674,1138.1897336682575,0.004478178996988487
1138.6552509417413,0.0021820401307195425,1137.855,0.005084563727260516,0.04210214450836063,1138.6552509417413,0.004369631370931136
1139.1207682152253,0.0038605325389653444,1138.326,0.026871035324769865,0.04202228951797749,1139.1207682152253,0.004320167437507875
1139.5862854887093,0.0038605325389653444,1138.784,0.05083612811050764,0.04219318324552328,1139.5862854887093,0.004297915968643802
1140.0518027621931,0.0018463416490703821,1139.249,0.04430026454582303,0.04242869696592224,1140.0518027621931,0.004237954390390674
1140.5173200356771,0.0011749446857720613,1139.714,0.06027498092288175,0.04251584509837904,1140.5173200356771,0.004190106428038416
1140.9828373091611,0.0038605325389653444,1140.179,0.010166044305564448,0.042256651398836595,1140.9828373091611,0.004099634655689324
1141.4483545826452,0.005035477224737406,1140.644,0.13362477212408908,0.0415078351554275,1141.4483545826452,0.004038690336281118
1141.913871856129,0.004867628216743469,1141.111,0.003630050883266067,0.040210398957311225,1141.913871856129,0.003981228784144027
1142.379389129613,0.0030212863348424435,1141.577,0.10094506472782472,0.03840313964223683,1142.379389129613,0.003933084768874506
1142.844906403097,0.002517738612368703,1142.049,0.00580867207149427,0.03621748647695941,1142.844906403097,0.0038799489208042647
1143.310423676581,0.0031891355756670237,1142.507,0.00580867207149427,0.03385557236039095,1143.310423676581,0.003792008010781319
1143.7759409500648,0.0031891355756670237,1142.97,0.00580867207149427,0.03155759427277197,1143.7759409500648,0.003636876834628004
1144.2414582235488,0.0031891355756670237,1143.441,0.023237901292547436,0.02956644494697435,1144.2414582235488,0.003457014719932754
1144.7069754970328,0.002517738612368703,1143.904,0.05083612811050764,0.028096360503533143,1144.7069754970328,0.003324237804704749
1145.1724927705166,0.0011749446857720613,1144.366,0.05083612811050764,0.02730887746533789,1145.1724927705166,0.0032276372623255838
1145.6380100440006,0.000839246204122901,1144.832,0.013799178337787099,0.027296161780104456,1145.6380100440006,0.0031321962719553617
1146.1035273174846,0.0005035477224737406,1145.295,0.00580867207149427,0.02807074660526547,1146.1035273174846,0.003073860943763759
1146.5690445909686,0.0011749446857720613,1145.76,0.03340689888945447,0.029561719932891792,1146.5690445909686,0.0029683417240401336
1147.0345618644524,0.0038605325389653444,1146.226,0.03340689888945447,0.031618539951913445,1147.0345618644524,0.0029004894389286482
1147.5000791379364,0.0057068741880357265,1146.692,0.024692414136541663,0.03402345951858484,1147.5000791379364,0.0028099148656375544
1147.9655964114204,0.00587472366169095,1147.159,0.01670203772786283,0.036512261117282736,1147.9655964114204,0.002645873226064142
1148.4311136849044,0.005035477224737406,1147.625,0.06826535733156058,0.03880160074759136,1148.4311136849044,0.002485322577827509
1148.8966309583882,0.0018463416490703821,1148.085,0.03340689888945447,0.040620070013487775,1148.8966309583882,0.0023960658644571124
1149.3621482318722,-0.000839246204122901,1148.551,0.05083612811050764,0.04173913714964605,1149.3621482318722,0.0023758127654676044
1149.8276655053562,-0.0015106431674212217,1149.019,0.03994289231175285,0.041999803086669604,1149.8276655053562,0.0023924967416147002
1150.2931827788402,-0.0018463416490703821,1149.481,0.08787320774084195,0.04133138645411797,1150.2931827788402,0.002447075859212788
1150.758700052324,-0.003524834057316184,1149.944,0.01597779952601508,0.039760140224255086,1150.758700052324,0.002525372338586518
1151.224217325808,-0.0041962312534451485,1150.414,0.005084563727260516,0.037407217173537614,1151.224217325808,0.0025847973209123104
1151.689734599292,-0.0036926832981407642,1150.878,0.0384885093253724,0.0344775210001222,1151.689734599292,0.0025925317719261848
1152.1552518727758,-0.00520332669839263,1151.34,0.06826535733156058,0.031242154897158488,1152.1552518727758,0.0025624903333059086
1152.6207691462598,-0.00520332669839263,1151.806,0.0014514296950378647,0.028016711351876836,1152.6207691462598,0.002523826273392654
1153.0862864197438,-0.0028534370940178633,1152.269,0.03340689888945447,0.025136432773325168,1153.0862864197438,0.002495189041010009
1153.5518036932278,-0.0011749446857720613,1152.735,0.024692414136541663,0.02292885445939419,1153.5518036932278,0.0024857748756351708
1154.0173209667116,-0.0015106431674212217,1153.2,0.042121513499981056,0.021685075314154645,1154.0173209667116,0.00247980647425385
1154.4828382401956,-0.0028534370940178633,1153.665,0.003630050883266067,0.0216314879285267,1154.4828382401956,0.002462826442716908
1154.9483555136796,-0.001678492408245802,1154.13,0.020335041902471485,0.022904437334968917,1154.9483555136796,0.0024460108901775118
1155.4138727871637,0.0005035477224737406,1154.596,0.01597779952601508,0.02553101437706382,1155.4138727871637,0.0024112078861184745
1155.8793900606474,-0.000839246204122901,1155.063,0.013799178337787099,0.02941959382660916,1155.8793900606474,0.002368004299183179
1156.3449073341314,-0.0011749446857720613,1155.528,0.01234466549379265,0.034363155253813255,1156.3449073341314,0.0023557262101054615
1156.8104246076155,-0.0005035477224737406,1155.989,0.0029058126814183183,0.04005668493234144,1156.8104246076155,0.0023161102442433757
1157.2759418810995,-0.0001678492408245802,1156.459,0.13362477212408908,0.04612716765119534,1157.2759418810995,0.002244668284599692
1157.7414591545833,0.0005035477224737406,1156.922,0.048657506922279437,0.0521713516454078,1157.7414591545833,0.0021824410618255475
1158.2069764280673,0.0021820401307195425,1157.385,0.09005182892907015,0.05779417323899946,1158.2069764280673,0.00212296468777263
1158.6724937015513,0.0021820401307195425,1157.856,0.048657506922279437,0.0626414080329599,1158.6724937015513,0.0020974401658608575
1159.138010975035,0.0005035477224737406,1158.318,0.020335041902471485,0.06642387250307887,1159.138010975035,0.0020846378092898637
1159.603528248519,-0.0015106431674212217,1158.784,0.021059280104319233,0.06893482250788686,1159.603528248519,0.0020920371547965273
1160.069045522003,-0.0018463416490703821,1159.249,0.03994289231175285,0.0700638628258488,1160.069045522003,0.002191234351071767
1160.534562795487,-0.0028534370940178633,1159.714,0.23020964118411502,0.06980812939170246,1160.534562795487,0.0023647004251544273
1161.0000800689709,-0.004867628216743469,1160.174,0.09005182892907015,0.06827635598990332,1161.0000800689709,0.002549065063049411
1161.4655973424549,-0.0038605325389653444,1160.639,0.05737212153280602,0.06567840666266396,1161.4655973424549,0.002775650539574938
1161.931114615939,-0.0028534370940178633,1161.104,0.024692414136541663,0.06229611016781606,1161.931114615939,0.003034374523113901
1162.396631889423,-0.0021820401307195425,1161.569,0.005084563727260516,0.05843949708514056,1162.396631889423,0.0032328861013085353
1162.8621491629067,-0.003524834057316184,1162.037,0.07262259970801699,0.05439968649279971,1162.8621491629067,0.0033861813253687157
1163.3276664363907,-0.004531929735094309,1162.5,0.011620427291944901,0.0504109870239618,1163.3276664363907,0.0034546401150139247
1163.7931837098747,-0.0031891355756670237,1162.97,0.01597779952601508,0.046630813357134364,1163.7931837098747,0.0035570178551789337
1164.2587009833587,-0.0021820401307195425,1163.433,0.059550742721034,0.04314011926599823,1164.2587009833587,0.0037076321293565777
1164.7242182568425,-0.0005035477224737406,1163.9,0.0384885093253724,0.03996146380344639,1164.7242182568425,0.0038634890579505262
1165.1897355303265,0.0011749446857720613,1164.363,0.14233938673461544,0.037087268550214804,1165.1897355303265,0.0039807312653128805
1165.6552528038105,0.002517738612368703,1164.828,0.0029058126814183183,0.034508296875217566,1165.6552528038105,0.004081386124530625
1166.1207700772943,0.002517738612368703,1165.291,0.020335041902471485,0.03223340156020128,1166.1207700772943,0.004227345743071621
1166.5862873507783,0.0028534370940178633,1165.756,0.05083612811050764,0.030296085712999514,1166.5862873507783,0.004358303145505535
1167.0518046242623,0.0028534370940178633,1166.222,0.0029058126814183183,0.028748796811613252,1167.0518046242623,0.004467767723264133
1167.5173218977463,0.002517738612368703,1166.688,0.03340689888945447,0.027649246752861505,1167.5173218977463,0.004541641865691804
1167.9828391712301,0.004867628216743469,1167.155,0.010166044305564448,0.027043837898328,1167.9828391712301,0.00461379313113918
1168.4483564447141,0.008560311049222946,1167.614,0.021059280104319233,0.02695259081560345,1168.4483564447141,0.00470237343675667
1168.9138737181981,0.008560311049222946,1168.079,0.027595273526617614,0.027358662364961164,1168.9138737181981,0.004754869883836604
1169.3793909916822,0.007217517588287592,1168.544,0.045024372890056785,0.028203892727888463,1169.3793909916822,0.004794730505478804
1169.844908265166,0.006546120624989271,1169.015,0.04284575170182858,0.02939024983241853,1169.844908265166,0.004882930461690636
1170.31042553865,0.004531929735094309,1169.477,0.011620427291944901,0.03078624753195763,1170.31042553865,0.004935881275317614
1170.775942812134,-0.0001678492408245802,1169.945,0.005084563727260516,0.032237778073345144,1170.775942812134,0.004936232843552092
1171.241460085618,-0.0030212863348424435,1170.407,0.024692414136541663,0.03358366696337098,1171.241460085618,0.00491453030813266
1171.7069773591018,-0.0038605325389653444,1170.87,0.007987423117336245,0.034676155697837246,1171.7069773591018,0.004882001173972172
1172.1724946325858,-0.004867628216743469,1171.34,0.08787320774084195,0.03540451139953886,1172.1724946325858,0.004857422374828597
1172.6380119060698,-0.008224613033235073,1171.799,0.09223045011729836,0.03571680234628726,1172.6380119060698,0.0048553047590577
1173.1035291795536,-0.008896009996533394,1172.27,0.05083612811050764,0.03563281173483333,1173.1035291795536,0.004877019637213389
1173.5690464530376,-0.00553902518004179,1172.729,0.005084563727260516,0.03524237813729042,1173.5690464530376,0.004920439095560657
1174.0345637265216,-0.0041962312534451485,1173.201,0.005084563727260516,0.03468835295591452,1174.0345637265216,0.00495660519340306
1174.5000810000056,-0.004531929735094309,1173.659,0.024692414136541663,0.03413904628424897,1174.5000810000056,0.004969744729365443
1174.9655982734894,-0.004531929735094309,1174.126,0.06826535733156058,0.03375788511063403,1174.9655982734894,0.004974898982294694
1175.4311155469734,-0.0028534370940178633,1174.591,0.005084563727260516,0.033677069899544256,1175.4311155469734,0.004992022928531215
1175.8966328204574,-0.0028534370940178633,1175.056,0.007987423117336245,0.033979425674154545,1175.8966328204574,0.0050586087573186705
1176.3621500939414,-0.00587472366169095,1175.522,0.01234466549379265,0.034690605908241134,1176.3621500939414,0.005128327846133572
1176.8276673674252,-0.008224613033235073,1175.985,0.06826535733156058,0.035782200120437445,1176.8276673674252,0.005212518707759473
1177.2931846409092,-0.007049668114632368,1176.455,0.058096359734653547,0.03718394804695653,1177.2931846409092,0.005333765889197701
1177.7587019143932,-0.004867628216743469,1176.919,0.0363097582795302,0.03880058704723677,1177.7587019143932,0.005452558275145674
1178.224219187877,-0.0041962312534451485,1177.381,0.06245360211110995,0.04052773757504097,1178.224219187877,0.005539282059501046
1178.689736461361,-0.006546120624989271,1177.852,0.03994289231175285,0.042262576080226856,1178.689736461361,0.0056410389021568615
1179.155253734845,-0.008224613033235073,1178.315,0.05083612811050764,0.043907864581219494,1179.155253734845,0.0057722121767813175
1179.620771008329,-0.007049668114632368,1178.78,0.01597779952601508,0.045370732787365135,1179.620771008329,0.005900058935476018
1180.0862882818128,-0.006210422143340111,1179.245,0.05083612811050764,0.04655961498058274,1180.0862882818128,0.006004169832279184
1180.5518055552968,-0.006546120624989271,1179.711,0.00580867207149427,0.04738348037054292,1180.5518055552968,0.006105443527581819
1181.0173228287808,-0.0068818191066384315,1180.17,0.06245360211110995,0.04775664075503806,1181.0173228287808,0.006199875044459019
1181.4828401022648,-0.010910200886428356,1180.636,0.06826535733156058,0.04761012320385695,1181.4828401022648,0.006287912578480407
1181.9483573757486,-0.01359578873962164,1181.101,0.024692414136541663,0.04690773706265641,1181.9483573757486,0.006337261377317216
1182.4138746492326,-0.01359578873962164,1181.566,0.03340689888945447,0.04566278452730457,1182.4138746492326,0.006358188820211229
1182.8793919227166,-0.012924391776323318,1182.029,0.12491028737117627,0.043950493391647805,1182.8793919227166,0.006372594811784674
1183.3449091962007,-0.01191729586571455,1182.499,0.022513663090699687,0.04191139792440315,1183.3449091962007,0.0064142687749127285
1183.8104264696844,-0.010238803923130035,1182.959,0.07915859313031537,0.03974201805006781,1183.8104264696844,0.006475375510898871
1184.2759437431685,-0.009903104975819588,1183.429,0.005084563727260516,0.03767195037407591,1184.2759437431685,0.006497242518981813
1184.7414610166525,-0.007553216069936752,1183.892,0.005084563727260516,0.035930655076206686,1184.7414610166525,0.006490610045288719
1185.2069782901362,-0.00553902518004179,1184.355,0.03776427112352465,0.034710867278988665,1185.2069782901362,0.006427533709722106
1185.6724955636203,-0.00520332669839263,1184.821,0.020335041902471485,0.034136677842277294,1185.6724955636203,0.006359391530764161
1186.1380128371043,-0.0028534370940178633,1185.284,0.04430026454582303,0.034242642837124436,1186.1380128371043,0.006348823982541149
1186.6035301105883,-0.0005035477224737406,1185.749,0.01234466549379265,0.03496723735127303,1186.6035301105883,0.006328975904697991
1187.069047384072,0.001678492408245802,1186.215,0.027595273526617614,0.03616122034253096,1187.069047384072,0.006293547891052726
1187.534564657556,-0.0011749446857720613,1186.68,0.048657506922279437,0.03760951378993586,1187.534564657556,0.006232605625120622
1188.00008193104,-0.004531929735094309,1187.148,0.021059280104319233,0.03906353784400433,1188.00008193104,0.006180545032950229
1188.465599204524,-0.003524834057316184,1187.613,0.06826535733156058,0.040279281575888004,1188.465599204524,0.006152937830085256
1188.9311164780079,-0.0015106431674212217,1188.078,0.0617293639092622,0.04105508525381379,1188.9311164780079,0.006120145535993346
1189.396633751492,-0.000839246204122901,1188.543,0.046478885734051234,0.04126279017124968,1189.396633751492,0.00611089379221291
1189.862151024976,0.0011749446857720613,1189.011,0.042121513499981056,0.04086702366552515,1189.862151024976,0.006060634209526607
1190.32766829846,0.0011749446857720613,1189.473,0.0384885093253724,0.039929813582350475,1190.32766829846,0.005993503555404577
1190.7931855719437,-0.0001678492408245802,1189.937,0.06826535733156058,0.038600597130197443,1190.7931855719437,0.005966813302883354
1191.2587028454277,-0.0021820401307195425,1190.4,0.00580867207149427,0.037094045325771874,1191.2587028454277,0.005950974317176359
1191.7242201189117,-0.003524834057316184,1190.87,0.03776427112352465,0.035659753852850244,1191.7242201189117,0.0059267306363335465
1192.1897373923955,-0.0041962312534451485,1191.333,0.011620427291944901,0.03454891507892625,1192.1897373923955,0.00591250762134107
1192.6552546658795,-0.0036926832981407642,1191.798,0.023237901292547436,0.03398328754586797,1192.6552546658795,0.005874731723336638
1193.1207719393635,-0.0030212863348424435,1192.262,0.05083612811050764,0.03413065731645904,1193.1207719393635,0.005844336663815716
1193.5862892128475,-0.00553902518004179,1192.728,0.03776427112352465,0.03508880196806374,1193.5862892128475,0.005845940294072633
1194.0518064863313,-0.006546120624989271,1193.192,0.029773894714845817,0.03687777067538041,1194.0518064863313,0.005841006022000105
1194.5173237598153,-0.0023498893715441227,1193.658,0.021059280104319233,0.039439059037976655,1194.5173237598153,0.005846713320499513
1194.9828410332993,0.0031891355756670237,1194.122,0.10166930292967247,0.04264003639746813,1194.9828410332993,0.0058641477178220484
1195.4483583067833,0.006378271151334047,1194.588,0.05083612811050764,0.046282183798191656,1195.4483583067833,0.005857178072044091
1195.9138755802671,0.007553216069936752,1195.052,0.007987423117336245,0.05011231613103748,1195.9138755802671,0.005742978660862413
1196.3793928537511,0.009063859470188618,1195.517,0.03340689888945447,0.0538375160546553,1196.3793928537511,0.0056701838851254275
1196.8449101272352,0.011581597849726677,1195.985,0.042121513499981056,0.05714630573324856,1196.8449101272352,0.005625563751757273
1197.3104274007192,0.01258869282901287,1196.448,0.0029058126814183183,0.059738531131319286,1197.3104274007192,0.005572399122555781
1197.775944674203,0.01191729586571455,1196.911,0.059550742721034,0.06136328826863497,1197.775944674203,0.005548138995791852
1198.241461947687,0.010238803923130035,1197.374,0.2142347949494423,0.061858839689846255,1198.241461947687,0.005535128989102516
1198.706979221171,0.007888914085924625,1197.839,0.13144615093586087,0.06118336070711564,1198.706979221171,0.005470745079324764
1199.1724964946548,0.008560311049222946,1198.311,0.024692414136541663,0.05942434596098134,1199.1724964946548,0.005380665994283641
1199.6380137681388,0.009903104975819588,1198.769,0.0014514296950378647,0.05678060075769813,1199.6380137681388,0.005247827404137164
1200.1035310416228,0.009567406959831715,1199.24,0.01888065891609103,0.05352180965328841,1200.1035310416228,0.00509004200228287
1200.5690483151068,0.007888914085924625,1199.699,0.0029058126814183183,0.04993958626489947,1200.5690483151068,0.004921113386468607
1201.0345655885906,0.008560311049222946,1200.17,0.02541652248077564,0.046305114202737384,1201.0345655885906,0.0047714612921339996
1201.5000828620746,0.007217517588287592,1200.636,0.13362477212408908,0.04284265405714461,1201.5000828620746,0.004661147614290925
1201.9656001355586,0.006210422143340111,1201.101,0.011620427291944901,0.03972007266993731,1201.9656001355586,0.004582433783562917
1202.4311174090426,0.006546120624989271,1201.559,0.005084563727260516,0.037051806858220626,1202.4311174090426,0.004532207092330992
1202.8966346825264,0.006546120624989271,1202.03,0.07480135075385896,0.03490824378679426,1202.8966346825264,0.004506166520942761
1203.3621519560104,0.003524834057316184,1202.492,0.03340689888945447,0.033326855735547944,1203.3621519560104,0.004424163181740609
1203.8276692294944,0.0011749446857720613,1202.96,0.059550742721034,0.032321870178046774,1203.8276692294944,0.004365087715641916
1204.2931865029784,0.0021820401307195425,1203.422,0.022513663090699687,0.031890196051807394,1204.2931865029784,0.004354520171736657
1204.7587037764622,0.0021820401307195425,1203.889,0.024692414136541663,0.03201289715296272,1204.7587037764622,0.004355176017250658
1205.2242210499462,0.0005035477224737406,1204.351,0.0029058126814183183,0.03265383543936673,1205.2242210499462,0.004318565843535902
1205.6897383234302,0.0005035477224737406,1204.817,0.005084563727260516,0.033758815422795574,1205.6897383234302,0.004285586465240631
1206.155255596914,0.0005035477224737406,1205.28,0.08787320774084195,0.035258304816717365,1206.155255596914,0.0042882077957084866
1206.620772870398,-0.0018463416490703821,1205.746,0.029773894714845817,0.03707456741702873,1206.620772870398,0.004342264707776607
1207.086290143882,-0.0028534370940178633,1206.211,0.0384885093253724,0.03913137588718689,1207.086290143882,0.004425030807750529
1207.551807417366,-0.0030212863348424435,1206.676,0.014523286682020853,0.04136328314332697,1207.551807417366,0.004506690810540989
1208.0173246908498,-0.0021820401307195425,1207.141,0.04430026454582303,0.043721954637724304,1208.0173246908498,0.004585279234664879
1208.4828419643338,-0.0001678492408245802,1207.607,0.14016076554638746,0.046177746719195084,1208.4828419643338,0.004666690461812548
1208.9483592378178,0.0005035477224737406,1208.074,0.00580867207149427,0.04871469898655632,1208.9483592378178,0.004741360258302981
1209.4138765113019,-0.0028534370940178633,1208.539,0.09440920116314033,0.05131773127538327,1209.4138765113019,0.004796753526725906
1209.8793937847856,-0.0068818191066384315,1209.0,0.007987423117336245,0.05395364657871656,1209.8793937847856,0.004822759152567652
1210.3449110582696,-0.008224613033235073,1209.47,0.003630050883266067,0.05655167823499615,1210.3449110582696,0.0048123786997017175
1210.8104283317537,-0.006210422143340111,1209.933,0.03195251590307402,0.05899199543806356,1210.8104283317537,0.0047975491863840635
1211.2759456052374,-0.00587472366169095,1210.396,0.06826535733156058,0.061109562027349046,1211.2759456052374,0.0047707581935523165
1211.7414628787214,-0.00587472366169095,1210.864,0.08351583550677177,0.06271595547251398,1211.7414628787214,0.004659414486471052
1212.2069801522055,-0.0068818191066384315,1211.326,0.0384885093253724,0.063635402376656,1212.2069801522055,0.004574878223176227
1212.6724974256895,-0.007553216069936752,1211.792,0.03122827770122627,0.0637463070405754,1212.6724974256895,0.0045106341169450295
1213.1380146991733,-0.0068818191066384315,1212.259,0.270879724989058,0.06301719150302096,1213.1380146991733,0.004492698073664921
1213.6035319726573,-0.00587472366169095,1212.724,0.02541652248077564,0.06152590516449297,1213.6035319726573,0.0044475577896175055
1214.0690492461413,-0.0028534370940178633,1213.189,0.029773894714845817,0.05945391175044433,1214.0690492461413,0.004382483082294081
1214.5345665196253,-0.003524834057316184,1213.655,0.05737212153280602,0.05705462003081093,1214.5345665196253,0.004250396966225914
1215.000083793109,-0.004867628216743469,1214.115,0.00580867207149427,0.05460381884679729,1215.000083793109,0.004117114294614537
1215.465601066593,-0.0028534370940178633,1214.581,0.01670203772786283,0.05234608840135589,1215.465601066593,0.004027678718787864
1215.931118340077,-0.0015106431674212217,1215.049,0.06681084448756636,0.050450881646752474,1215.931118340077,0.0038863552538853786
1216.396635613561,-0.0018463416490703821,1215.515,0.018156420714243282,0.04898742121050299,1216.396635613561,0.0037524557958208715
1216.8621528870449,-0.0005035477224737406,1215.978,0.04430026454582303,0.04792159370876555,1216.8621528870449,0.003653926784048514
1217.327670160529,0.0011749446857720613,1216.44,0.09223045011729836,0.04713271974315896,1217.327670160529,0.003587659632782651
1217.793187434013,0.002517738612368703,1216.904,0.0014514296950378647,0.04644440437005687,1217.793187434013,0.003503505774328827
1218.2587047074967,0.0038605325389653444,1217.373,0.11619567276064968,0.04566185431806185,1218.2587047074967,0.003414769218824439
1218.7242219809807,0.004531929735094309,1217.839,0.0384885093253724,0.04460801686035028,1218.7242219809807,0.003366579974041371
1219.1897392544647,0.002517738612368703,1218.302,0.023237901292547436,0.043152433025056156,1219.1897392544647,0.0033168528840718716
1219.6552565279487,0.000839246204122901,1218.767,0.0617293639092622,0.04122932259666451,1219.6552565279487,0.003187451832549936
1220.1207738014325,-0.0001678492408245802,1219.233,0.046478885734051234,0.03884424656015798,1220.1207738014325,0.0030845066551568696
1220.5862910749165,-0.0028534370940178633,1219.699,0.005084563727260516,0.036070753881292696,1220.5862910749165,0.0030194668983479123
1221.0518083484005,-0.0021820401307195425,1220.163,0.045024372890056785,0.033039445616142735,1221.0518083484005,0.0029540200681114465
1221.5173256218845,-0.0005035477224737406,1220.629,0.029773894714845817,0.029922205583561637,1221.5173256218845,0.002950393390931917
1221.9828428953683,-0.001678492408245802,1221.093,0.014523286682020853,0.026914085895545975,1221.9828428953683,0.0029726633685987214
1222.4483601688523,-0.0028534370940178633,1221.559,0.05301474929873562,0.02421461563973561,1222.4483601688523,0.0030214796753746604
1222.9138774423363,-0.0028534370940178633,1222.022,0.00580867207149427,0.02200963653178616,1222.9138774423363,0.0030553986188930856
1223.3793947158204,-0.0031891355756670237,1222.484,0.021059280104319233,0.02045463073786133,1223.3793947158204,0.003051336078208437
1223.8449119893041,-0.003524834057316184,1222.952,0.01234466549379265,0.019660874123663775,1223.8449119893041,0.003022047110506583
1224.3104292627881,-0.0068818191066384315,1223.415,0.00580867207149427,0.01968615904743538,1224.3104292627881,0.0029730087509946147
1224.7759465362722,-0.008896009996533394,1223.885,0.003630050883266067,0.02053167794563809,1224.7759465362722,0.002972420743610823
1225.241463809756,-0.008224613033235073,1224.348,0.059550742721034,0.02214562833645113,1225.241463809756,0.002995755698546293
1225.70698108324,-0.0068818191066384315,1224.814,0.0029058126814183183,0.024432450530189144,1225.70698108324,0.0029943000832392307
1226.172498356724,-0.007217517588287592,1225.278,0.06826535733156058,0.027265146971316784,1226.172498356724,0.003019296233272224
1226.638015630208,-0.007721065077930689,1225.743,0.018156420714243282,0.030497771408469654,1226.638015630208,0.0030367964215743453
1227.1035329036918,-0.004867628216743469,1226.211,0.029773894714845817,0.03397621753670553,1227.1035329036918,0.003027178719008063
1227.5690501771758,-0.000839246204122901,1226.669,0.00580867207149427,0.03754727656853551,1227.5690501771758,0.0030151350041817617
1228.0345674506598,-0.0038605325389653444,1227.134,0.01597779952601508,0.04106737563102937,1228.0345674506598,0.003022215674525343
1228.5000847241438,-0.004531929735094309,1227.6,0.026871035324769865,0.0444121834170271,1228.5000847241438,0.0030299357398731286
1228.9656019976276,-0.0028534370940178633,1228.067,0.20842316958660545,0.047485891840428986,1228.9656019976276,0.003013556041461857
1229.4311192711116,-0.000839246204122901,1228.532,0.01597779952601508,0.05022591269627374,1229.4311192711116,0.0029957515744171966
1229.8966365445956,-0.002517738612368703,1229.0,0.01234466549379265,0.052598240020559385,1229.8966365445956,0.0029888559406757546
1230.3621538180796,-0.002517738612368703,1229.463,0.03340689888945447,0.05458278020405142,1230.3621538180796,0.0029579510046663727
1230.8276710915634,-0.0001678492408245802,1229.926,0.07988283133216312,0.05615394858285377,1230.8276710915634,0.0029250476919322004
1231.2931883650474,-0.0005035477224737406,1230.395,0.0007271914931903378,0.05726493877203476,1231.2931883650474,0.0028448124597657437
1231.7587056385314,-0.0015106431674212217,1230.856,0.020335041902471485,0.057842695973322616,1231.7587056385314,0.002799232202320717
1232.2242229120152,-0.0021820401307195425,1231.325,0.09658782235136854,0.05779677146158029,1232.2242229120152,0.0027788865888630724
1232.6897401854992,-0.0023498893715441227,1231.784,0.07915859313031537,0.05704068920641366,1232.6897401854992,0.0027647643146573825
1233.1552574589832,-0.001678492408245802,1232.249,0.07480135075385896,0.055520156533768454,1233.1552574589832,0.0027057793085383092
1233.6207747324672,-0.000839246204122901,1232.714,0.021059280104319233,0.05324008098491462,1233.6207747324672,0.002588672791114012
1234.086292005951,-0.0021820401307195425,1233.181,0.10530243696189512,0.050283114981573035,1234.086292005951,0.0024949958031544248
1234.551809279435,-0.0021820401307195425,1233.647,0.020335041902471485,0.046815221475217175,1234.551809279435,0.002450482579519938
1235.017326552919,-0.0028534370940178633,1234.113,0.06245360211110995,0.04307655433797688,1235.017326552919,0.0024474562325428983
1235.482843826403,-0.0028534370940178633,1234.579,0.07480135075385896,0.039358146915668295,1235.482843826403,0.0024511487042668725
1235.9483610998868,0.0011749446857720613,1235.041,0.00580867207149427,0.035966973307792624,1235.9483610998868,0.002447308204488638
1236.4138783733708,0.004531929735094309,1235.51,0.018156420714243282,0.03318421964898494,1236.4138783733708,0.002465680112828142
1236.8793956468548,0.003524834057316184,1235.971,0.022513663090699687,0.03122374172154636,1236.8793956468548,0.0024996812998693474
1237.3449129203386,0.0011749446857720613,1236.441,0.0029058126814183183,0.030198688632820245,1237.3449129203386,0.002553933525436844
1237.8104301938226,-0.000839246204122901,1236.904,0.007987423117336245,0.0301032294048993,1237.8104301938226,0.002602100159963412
1238.2759474673067,-0.0015106431674212217,1237.366,0.023237901292547436,0.030813330451280884,1238.2759474673067,0.0026452091749447205
1238.7414647407907,0.0005035477224737406,1237.832,0.07915859313031537,0.03210646963378816,1238.7414647407907,0.0026775820558759033
1239.2069820142744,0.0041962312534451485,1238.295,0.018156420714243282,0.03369614882232684,1239.2069820142744,0.002672915064858008
1239.6724992877585,0.004364080261439085,1238.761,0.00580867207149427,0.035274395846725835,1239.6724992877585,0.0026855714492806464
1240.1380165612425,0.000839246204122901,1239.226,0.12491028737117627,0.03655489396772984,1240.1380165612425,0.00269405427276506
1240.6035338347265,-0.0030212863348424435,1239.692,0.022513663090699687,0.03731037439327301,1240.6035338347265,0.002657577731947405
1241.0690511082103,-0.0041962312534451485,1240.155,0.020335041902471485,0.03739968645099412,1241.0690511082103,0.0025940860971565235
1241.5345683816943,-0.0028534370940178633,1240.621,0.022513663090699687,0.03678258549403126,1241.5345683816943,0.002516058948808563
1242.0000856551783,-0.0010070954449474812,1241.086,0.020335041902471485,0.03552324443928077,1242.0000856551783,0.0023966806160826103
1242.4656029286623,-0.0015106431674212217,1241.551,0.005084563727260516,0.0337849661012237,1242.4656029286623,0.0022547938198034414
1242.931120202146,-0.000839246204122901,1242.015,0.13580352316993105,0.03181744847397145,1242.931120202146,0.002108926724329013
1243.39663747563,-0.0001678492408245802,1242.485,0.029049656512998068,0.02993549609129217,1243.39663747563,0.002008574087896569
1243.862154749114,0.0011749446857720613,1242.945,0.01234466549379265,0.028487005724798797,1243.862154749114,0.001957596981674942
1244.3276720225979,0.002517738612368703,1243.414,0.010166044305564448,0.027810246435150208,1244.3276720225979,0.001910180771994187
1244.793189296082,0.0011749446857720613,1243.878,0.03994289231175285,0.028184839342679607,1244.793189296082,0.0019022057689069554
1245.258706569566,-0.0015106431674212217,1244.34,0.005084563727260516,0.02978425856458319,1245.258706569566,0.0019225164292235475
1245.72422384305,-0.0028534370940178633,1244.806,0.024692414136541663,0.032638283872836606,1245.72422384305,0.001939233301097143
1246.1897411165337,-0.0001678492408245802,1245.27,0.024692414136541663,0.03661239874937096,1246.1897411165337,0.0019572330812761413
1246.6552583900177,0.0011749446857720613,1245.735,0.022513663090699687,0.04140893693618429,1246.6552583900177,0.001973211869391791
1247.1207756635017,0.000839246204122901,1246.199,0.00580867207149427,0.04659217414144686,1247.1207756635017,0.002004250439721364
1247.5862929369857,-0.0018463416490703821,1246.665,0.042121513499981056,0.051636334562111745,1247.5862929369857,0.0020020937545828866
1248.0518102104695,-0.003524834057316184,1247.13,0.13580352316993105,0.05599148125881218,1248.0518102104695,0.0019688799915612305
1248.5173274839535,-0.003524834057316184,1247.596,0.026871035324769865,0.05915801267389549,1248.5173274839535,0.0019260156323771473
1248.9828447574375,-0.006210422143340111,1248.06,0.013799178337787099,0.060757614084516576,1248.9828447574375,0.0018845822159152795
1249.4483620309215,-0.004867628216743469,1248.525,0.26288934858037916,0.06058832676660806,1249.4483620309215,0.0019260855360298161
1249.9138793044053,-0.003524834057316184,1248.989,0.024692414136541663,0.05865355938786365,1249.9138793044053,0.002032589553002651
1250.3793965778893,-0.0041962312534451485,1249.459,0.0029058126814183183,0.055159079670156756,1250.3793965778893,0.0021557960509355264
1250.8449138513733,-0.003524834057316184,1249.922,0.048657506922279437,0.05047885105497767,1250.8449138513733,0.0022564036238297727
1251.3104311248571,-0.0031891355756670237,1250.384,0.0384885093253724,0.04509827564383935,1251.3104311248571,0.0023852146227252053
1251.7759483983411,-0.004531929735094309,1250.852,0.01234466549379265,0.03954770854290957,1251.7759483983411,0.0025457508745327408
1252.2414656718252,-0.00553902518004179,1251.315,0.022513663090699687,0.034338307234724724,1252.2414656718252,0.00265614062443921
1252.7069829453092,-0.004699778743088245,1251.78,0.04284575170182858,0.029908713456059166,1252.7069829453092,0.0027033142363932236
1253.172500218793,-0.0018463416490703821,1252.244,0.003630050883266067,0.026587279422931414,1253.172500218793,0.002799419291178351
1253.638017492277,-0.0010070954449474812,1252.71,0.0384885093253724,0.02457137488304136,1253.638017492277,0.0029041181909477396
1254.103534765761,-0.0018463416490703821,1253.175,0.026871035324769865,0.023922957567535114,1254.103534765761,0.002983870275398825
1254.569052039245,-0.000839246204122901,1253.64,0.013799178337787099,0.024578165661119186,1254.569052039245,0.003009143982682127
1255.0345693127288,0.0005035477224737406,1254.107,0.01597779952601508,0.026368033182018972,1255.0345693127288,0.0030606309628739997
1255.5000865862128,-0.0001678492408245802,1254.573,0.05083612811050764,0.029047166080344775,1255.5000865862128,0.0031154485706078056
1255.9656038596968,-0.0031891355756670237,1255.041,0.0014514296950378647,0.03232690733021012,1255.9656038596968,0.0031566229406412285
1256.4311211331808,-0.0018463416490703821,1255.502,0.07697997194208717,0.03590898321735739,1256.4311211331808,0.0031666785576448513
1256.8966384066646,0.000839246204122901,1255.97,0.07915859313031537,0.03951519651650056,1256.8966384066646,0.0032036320765693603
1257.3621556801486,0.0003356984816491604,1256.432,0.003630050883266067,0.04290910180522383,1257.3621556801486,0.0032331554174788416
1257.8276729536326,-0.002517738612368703,1256.901,0.06245360211110995,0.04590735549075885,1257.8276729536326,0.003241072853526664
1258.2931902271164,-0.004531929735094309,1257.363,0.014523286682020853,0.048381250401427295,1258.2931902271164,0.0032690789083458438
1258.7587075006004,-0.0030212863348424435,1257.829,0.07915859313031537,0.05025128804037463,1258.7587075006004,0.0032840276692139196
1259.2242247740844,-0.001678492408245802,1258.292,0.058096359734653547,0.05147823981045886,1259.2242247740844,0.0032964229488153655
1259.6897420475684,-0.0028534370940178633,1258.758,0.01888065891609103,0.05205346343028389,1259.6897420475684,0.003287802379190392
1260.1552593210522,-0.0041962312534451485,1259.222,0.046478885734051234,0.05199060330805613,1260.1552593210522,0.003281178130113378
1260.6207765945362,-0.0031891355756670237,1259.687,0.06245360211110995,0.05132053469678556,1260.6207765945362,0.00327513159781391
1261.0862938680202,-0.0015106431674212217,1260.152,0.03994289231175285,0.05009072109278789,1261.0862938680202,0.003233949000201301
1261.5518111415042,0.0005035477224737406,1260.618,0.05083612811050764,0.048368714790023255,1261.5518111415042,0.0032350694889713635
1262.017328414988,0.0001678492408245802,1261.086,0.03340689888945447,0.04624804935360379,1262.017328414988,0.0032286035452394066
1262.482845688472,-0.0015106431674212217,1261.544,0.09440920116314033,0.04385386555923552,1262.482845688472,0.003215879311279022
1262.948362961956,-0.0015106431674212217,1262.011,0.01234466549379265,0.04134527405688803,1262.948362961956,0.0032121189889079203
1263.41388023544,-0.0015106431674212217,1262.474,0.05083612811050764,0.03891176632285342,1263.41388023544,0.0032257807306540903
1263.8793975089238,-0.0011749446857720613,1262.944,0.05519350034457782,0.036762131220891205,1263.8793975089238,0.003227674254669058
1264.3449147824078,-0.0005035477224737406,1263.407,0.042121513499981056,0.03510598046520013,1264.3449147824078,0.003271525466323803
1264.8104320558919,-0.0021820401307195425,1263.874,0.005084563727260516,0.03412961161147083,1264.8104320558919,0.003306805445358327
1265.2759493293756,-0.003524834057316184,1264.337,0.05083612811050764,0.03396944228922996,1265.2759493293756,0.003294280638414558
1265.7414666028596,-0.0041962312534451485,1264.803,0.01234466549379265,0.03468745198979629,1265.7414666028596,0.0033130452278677396
1266.2069838763437,-0.0057068741880357265,1265.266,0.029773894714845817,0.03625339650294456,1266.2069838763437,0.0033511233492734775
1266.6725011498277,-0.007553216069936752,1265.732,0.02541652248077564,0.03853777400564624,1266.6725011498277,0.0033595917769476515
1267.1380184233115,-0.010238803923130035,1266.197,0.03195251590307402,0.041317920935934414,1267.1380184233115,0.0033485020192277003
1267.6035356967955,-0.01258869282901287,1266.663,0.059550742721034,0.04429751511355672,1267.6035356967955,0.0033808255567545024
1268.0690529702795,-0.011581597849726677,1267.129,0.014523286682020853,0.04713745033026671,1268.0690529702795,0.0034341690551712364
1268.5345702437635,-0.009567406959831715,1267.595,0.1140169217148077,0.04949399805694782,1268.5345702437635,0.003468443682312213
1269.0000875172473,-0.007888914085924625,1268.059,0.029773894714845817,0.05105890277175747,1269.0000875172473,0.003491916384899739
1269.4656047907313,-0.003524834057316184,1268.525,0.0617293639092622,0.051595980931108634,1269.4656047907313,0.0035350315665806423
1269.9311220642153,0.0005035477224737406,1268.985,0.003630050883266067,0.050970014586804085,1269.9311220642153,0.0035641827834049585
1270.396639337699,0.0031891355756670237,1269.455,0.11256253872842725,0.04916549650631956,1270.396639337699,0.0036013891846877577
1270.862156611183,0.0023498893715441227,1269.915,0.06245360211110995,0.046293847720790336,1270.862156611183,0.0036385832501757845
1271.327673884667,-0.0005035477224737406,1270.384,0.020335041902471485,0.0425880310572538,1271.327673884667,0.00363319462452658
1271.793191158151,-0.0001678492408245802,1270.852,0.03122827770122627,0.03838442183790609,1271.793191158151,0.003638155615701459
1272.258708431635,0.003524834057316184,1271.315,0.034131137091302,0.03409393798861066,1272.258708431635,0.003616888942144462
1272.724225705119,0.00587472366169095,1271.774,0.02541652248077564,0.030166353123207538,1272.724225705119,0.0036036527817301864
1273.189742978603,0.007217517588287592,1272.24,0.00580867207149427,0.02705200448626744,1273.189742978603,0.0036367760794334967
1273.655260252087,0.007888914085924625,1272.706,0.048657506922279437,0.02516402003092386,1273.655260252087,0.0036712562993666737
1274.1207775255707,0.00587472366169095,1273.174,0.020335041902471485,0.024842716234296666,1274.1207775255707,0.003669843866924464
1274.5862947990547,0.0038605325389653444,1273.639,0.06245360211110995,0.026322620896752004,1274.5862947990547,0.003637834891528327
1275.0518120725387,0.002517738612368703,1274.104,0.03340689888945447,0.02970223356973233,1275.0518120725387,0.0036560032606686595
1275.5173293460227,0.0031891355756670237,1274.569,0.03340689888945447,0.034917714352169504,1275.5173293460227,0.0037011414931022546
1275.9828466195065,0.0018463416490703821,1275.03,0.026871035324769865,0.0417241047836726,1275.9828466195065,0.0037078294766797245
1276.4483638929905,-0.0003356984816491604,1275.5,0.00580867207149427,0.049690385905625314,1276.4483638929905,0.0037164500465271437
1276.9138811664745,-0.0011749446857720613,1275.963,0.01234466549379265,0.05821607282723628,1276.9138811664745,0.0037730254896696895
1277.3793984399583,-0.0015106431674212217,1276.425,0.03994289231175285,0.06657572174228767,1277.3793984399583,0.0038155053879214925
1277.8449157134423,-0.000839246204122901,1276.893,0.022513663090699687,0.07399308764787171,1277.8449157134423,0.003780404271477284
1278.3104329869263,0.000839246204122901,1277.355,0.07915859313031537,0.07973923195546305,1278.3104329869263,0.003710931900474248
1278.7759502604104,-0.000839246204122901,1277.821,0.1343490103259366,0.08324009832768513,1278.7759502604104,0.003682189819134857
1279.2414675338941,-0.002517738612368703,1278.284,0.3783576999902247,0.08417127299870882,1279.2414675338941,0.0036679256881289608
1279.7069848073781,-0.0021820401307195425,1278.749,0.05083612811050764,0.08251468764483037,1279.7069848073781,0.003619199837648005
1280.1725020808622,-0.0018463416490703821,1279.215,0.03122827770122627,0.07855859307785089,1280.1725020808622,0.0035843886125377458
1280.6380193543462,-0.0001678492408245802,1279.681,0.003630050883266067,0.0728387414976489,1280.6380193543462,0.003565500665670167
1281.10353662783,0.0023498893715441227,1280.148,0.0363097582795302,0.06603760643900886,1281.10353662783,0.0035865021243623265
1281.569053901314,0.0011749446857720613,1280.613,0.00580867207149427,0.058868984858969645,1281.569053901314,0.003587094236955818
1282.034571174798,-0.0021820401307195425,1281.078,0.027595273526617614,0.05197376255540524,1282.034571174798,0.003554536324804002
1282.500088448282,-0.0038605325389653444,1281.544,0.1118383005265795,0.04584357143937895,1282.500088448282,0.003500689122958104
1282.9656057217658,-0.001678492408245802,1282.007,0.011620427291944901,0.040778900346435394,1282.9656057217658,0.003465160372926505
1283.4311229952498,-0.0015106431674212217,1282.47,0.00580867207149427,0.03688087797679079,1283.4311229952498,0.0034581886741686754
1283.8966402687338,-0.0028534370940178633,1282.937,0.0014514296950378647,0.03407251091425628,1283.8966402687338,0.003412719436751925
1284.3621575422176,-0.004364080261439085,1283.399,0.0617293639092622,0.032143915197501746,1284.3621575422176,0.0033309607499646637
1284.8276748157016,-0.005035477224737406,1283.871,0.01234466549379265,0.030814204822060796,1284.8276748157016,0.0032587663100826017
1285.2931920891856,-0.00520332669839263,1284.333,0.13580352316993105,0.029799523942489668,1285.2931920891856,0.003245832377344606
1285.7587093626696,-0.006210422143340111,1284.798,0.01234466549379265,0.028874396512362278,1285.7587093626696,0.003269366757927786
1286.2242266361534,-0.0068818191066384315,1285.263,0.05519350034457782,0.027914580003449402,1286.2242266361534,0.003237090510235149
1286.6897439096374,-0.0068818191066384315,1285.729,0.003630050883266067,0.02691434412239407,1286.6897439096374,0.0031862285378613368
1287.1552611831214,-0.00520332669839263,1286.193,0.04284575170182858,0.025977541042251574,1287.1552611831214,0.0031342604680217262
1287.6207784566054,-0.0041962312534451485,1286.659,0.029773894714845817,0.025287193837176945,1287.6207784566054,0.0030865235286922205
1288.0862957300892,-0.003524834057316184,1287.126,0.007987423117336245,0.025061284139158847,1288.0862957300892,0.0029855088797239183
1288.5518130035732,-0.0031891355756670237,1287.584,0.005084563727260516,0.02550357172852914,1288.5518130035732,0.002862890382079347
1289.0173302770572,-0.0038605325389653444,1288.052,0.0029058126814183183,0.026758474759163764,1289.0173302770572,0.0027876325901858875
1289.4828475505412,-0.004867628216743469,1288.517,0.01597779952601508,0.028878136535318417,1289.4828475505412,0.0027494598976104314
1289.948364824025,-0.004867628216743469,1288.985,0.03558564993529645,0.031807319485685576,1289.948364824025,0.002705329082125133
1290.413882097509,-0.004867628216743469,1289.447,0.0363097582795302,0.03538803717403241,1290.413882097509,0.0026143063158852948
1290.879399370993,-0.004867628216743469,1289.911,0.01888065891609103,0.03938205235391943,1290.879399370993,0.0025484647459427714
1291.3449166444768,-0.00587472366169095,1290.381,0.059550742721034,0.04350657886855955,1291.3449166444768,0.0025513040039195833
1291.8104339179608,-0.00553902518004179,1290.839,0.05519350034457782,0.04747686996650929,1291.8104339179608,0.0025739954505760213
1292.2759511914448,-0.0028534370940178633,1291.31,0.0617293639092622,0.05104847320084035,1292.2759511914448,0.0026143104374990304
1292.7414684649289,0.0003356984816491604,1291.775,0.07915859313031537,0.05405175639417847,1292.7414684649289,0.0027544250052913234
1293.2069857384126,-0.0005035477224737406,1292.234,0.08787320774084195,0.05641226914477908,1293.2069857384126,0.002866784349234204
1293.6725030118967,-0.0018463416490703821,1292.7,0.0363097582795302,0.05815285794429048,1293.6725030118967,0.002933201588390129
1294.1380202853807,-0.0015106431674212217,1293.166,0.1096596793383513,0.0593770012609787,1294.1380202853807,0.0029766827212851245
1294.6035375588647,-0.000839246204122901,1293.632,0.009441806103716699,0.06023691985360787,1294.6035375588647,0.0029834652752480455
1295.0690548323485,0.0001678492408245802,1294.096,0.05083612811050764,0.060893688110996616,1295.0690548323485,0.0029567935282955207
1295.5345721058325,0.0011749446857720613,1294.562,0.005084563727260516,0.06147880742634933,1295.5345721058325,0.0029486252648827107
1296.0000893793165,0.0011749446857720613,1295.03,0.0384885093253724,0.062066495437234984,1296.0000893793165,0.002894471724971811
1296.4656066528005,-0.0010070954449474812,1295.493,0.12345577452718204,0.06266267405305631,1296.4656066528005,0.0028446973437365
1296.9311239262843,-0.0021820401307195425,1295.955,0.03340689888945447,0.06321111815643818,1296.9311239262843,0.0028297753111338783
1297.3966411997683,-0.0023498893715441227,1296.425,0.0842400737086193,0.06361195717057737,1297.3966411997683,0.0028276371286836926
1297.8621584732523,0.0005035477224737406,1296.885,0.1343490103259366,0.06374513926742355,1297.8621584732523,0.0028129782632505744
1298.327675746736,0.0001678492408245802,1297.355,0.022513663090699687,0.06349211074355529,1298.327675746736,0.0028215186488834143
1298.79319302022,-0.00553902518004179,1297.82,0.05083612811050764,0.0627518861792727,1298.79319302022,0.002859243148353273
1299.258710293704,-0.0068818191066384315,1298.283,0.03340689888945447,0.06145151375159545,1299.258710293704,0.0028577279199256357
1299.724227567188,-0.0021820401307195425,1298.749,0.03340689888945447,0.05955372399488579,1299.724227567188,0.0028209162594269076
1300.189744840672,-0.000839246204122901,1299.214,0.10530243696189512,0.05706442493613657,1300.189744840672,0.002829442253638558
1300.655262114156,-0.0028534370940178633,1299.68,0.06826535733156058,0.05403985171811449,1300.655262114156,0.0028855181003155468
1301.12077938764,-0.0023498893715441227,1300.144,0.08133721431854357,0.05059008725067245,1301.12077938764,0.0028987254766097968
1301.586296661124,-0.0001678492408245802,1300.61,0.018156420714243282,0.04687501058341814,1301.586296661124,0.002869381007382437
1302.0518139346077,0.0021820401307195425,1301.075,0.04284575170182858,0.04309109475228281,1302.0518139346077,0.0028477298669441296
1302.5173312080917,0.007217517588287592,1301.54,0.007987423117336245,0.039451009129080415,1302.5173312080917,0.002841414014940871
1302.9828484815757,0.007217517588287592,1302.003,0.07480135075385896,0.03616016618458854,1302.9828484815757,0.002864436462527938
1303.4483657550595,0.003524834057316184,1302.466,0.00580867207149427,0.03339421217802596,1303.4483657550595,0.00295805588337397
1303.9138830285435,0.0031891355756670237,1302.934,0.05519350034457782,0.03128001470323781,1303.9138830285435,0.003025437359704779
1304.3794003020275,0.004531929735094309,1303.396,0.007987423117336245,0.029881527306831954,1304.3794003020275,0.003101947222661148
1304.8449175755115,0.0030212863348424435,1303.864,0.048657506922279437,0.029191624030595116,1304.8449175755115,0.0032014959824452943
1305.3104348489953,0.0011749446857720613,1304.326,0.003630050883266067,0.02913117041350233,1305.3104348489953,0.0032263194353612562
1305.7759521224793,0.0010070954449474812,1304.792,0.005084563727260516,0.029556646039572844,1305.7759521224793,0.0031982640349274886
1306.2414693959633,0.000839246204122901,1305.259,0.0007271914931903378,0.030277108150073447,1306.2414693959633,0.0032102234528005387
1306.7069866694474,0.0018463416490703821,1305.724,0.09658782235136854,0.031079662384174117,1306.7069866694474,0.0031968207581558558
1307.1725039429311,0.002517738612368703,1306.189,0.03122827770122627,0.031759850321791905,1307.1725039429311,0.003207262890269421
1307.6380212164152,0.0031891355756670237,1306.655,0.014523286682020853,0.03215083091281322,1307.6380212164152,0.003296653235997914
1308.1035384898992,0.0031891355756670237,1307.115,0.10530243696189512,0.03214480902426846,1308.1035384898992,0.0033289233176811124
1308.5690557633832,0.004531929735094309,1307.581,0.020335041902471485,0.031702229299864555,1308.5690557633832,0.003310489730245127
1309.034573036867,0.00587472366169095,1308.053,0.00580867207149427,0.030847703525837638,1309.034573036867,0.0033394209572464
1309.500090310351,0.006546120624989271,1308.511,0.0014514296950378647,0.02965541419724693,1309.500090310351,0.00345092091343885
1309.965607583835,0.0038605325389653444,1308.974,0.03340689888945447,0.02822972495302094,1309.965607583835,0.003556952061059421
1310.4311248573188,-0.0001678492408245802,1309.444,0.005084563727260516,0.026687409895665034,1310.4311248573188,0.0036409599506531105
1310.8966421308028,-0.0021820401307195425,1309.907,0.024692414136541663,0.02514586977391666,1310.8966421308028,0.003753660580540321
1311.3621594042868,-0.0021820401307195425,1310.37,0.018156420714243282,0.02371832792229837,1311.3621594042868,0.003903693023128424
1311.8276766777708,-0.0015106431674212217,1310.836,0.048657506922279437,0.022513892265629706,1311.8276766777708,0.0040391899489254125
1312.2931939512546,0.0021820401307195425,1311.299,0.07334683790986474,0.02163827307925459,1312.2931939512546,0.004145940680059702
1312.7587112247386,0.00587472366169095,1311.765,0.010166044305564448,0.02119043374887882,1312.7587112247386,0.004191724475041251
1313.2242284982226,0.007553216069936752,1312.229,0.018156420714243282,0.021252225929256977,1313.2242284982226,0.00422943663485774
1313.6897457717066,0.0038605325389653444,1312.695,0.0014514296950378647,0.021871854914821312,1313.6897457717066,0.004316976631932812
1314.1552630451904,-0.0001678492408245802,1313.16,0.003630050883266067,0.02304594824860146,1314.1552630451904,0.004324277283050413
1314.6207803186744,0.0018463416490703821,1313.626,0.005084563727260516,0.02470684981728014,1314.6207803186744,0.004299102259239166
1315.0862975921584,0.006546120624989271,1314.093,0.020335041902471485,0.026720751286518817,1315.0862975921584,0.004273300182843409
1315.5518148656424,0.0057068741880357265,1314.558,0.024692414136541663,0.028899178886384377,1315.5518148656424,0.004294945158316067
1316.0173321391262,0.002517738612368703,1315.026,0.07262259970801699,0.031022544010450227,1316.0173321391262,0.004369390854959776
1316.4828494126102,0.0031891355756670237,1315.488,0.022513663090699687,0.03287131583407027,1316.4828494126102,0.0045092484369665085
1316.9483666860942,0.00520332669839263,1315.956,0.020335041902471485,0.034258982062448866,1316.9483666860942,0.004651172241767888
1317.413883959578,0.0011749446857720613,1316.418,0.01234466549379265,0.035061480495637794,1317.413883959578,0.00474617120068142
1317.879401233062,-0.0028534370940178633,1316.881,0.10530243696189512,0.03523899639707295,1317.879401233062,0.004829784347172458
1318.344918506546,-0.004867628216743469,1317.344,0.03195251590307402,0.034846566211066014,1318.344918506546,0.004906111231542987
1318.81043578003,-0.00553902518004179,1317.81,0.048657506922279437,0.03403017379794553,1318.81043578003,0.004965694516085325
1319.2759530535138,-0.0041962312534451485,1318.276,0.05083612811050764,0.03300663505379775,1319.2759530535138,0.00500174547707973
1319.7414703269978,-0.003524834057316184,1318.742,0.00580867207149427,0.03202905317567119,1319.7414703269978,0.005028133505868826
1320.2069876004819,-0.004867628216743469,1319.207,0.0029058126814183183,0.03134358089478431,1320.2069876004819,0.005047979523896149
1320.6725048739659,-0.007553216069936752,1319.672,0.0363097582795302,0.031145836977640933,1320.6725048739659,0.005057183980859708
1321.1380221474496,-0.00553902518004179,1320.138,0.005084563727260516,0.03154559244673529,1321.1380221474496,0.005052959014964473
1321.6035394209337,-0.002517738612368703,1320.603,0.022513663090699687,0.03254633707814315,1321.6035394209337,0.005006704406830307
1322.0690566944177,-0.004867628216743469,1321.071,0.05301474929873562,0.03404305221131404,1322.0690566944177,0.004954767178622241
1322.5345739679017,-0.008560311049222946,1321.529,0.020335041902471485,0.03583815730014128,1322.5345739679017,0.004917371634600741
1323.0000912413855,-0.009063859470188618,1321.997,0.003630050883266067,0.03767291813710917,1323.0000912413855,0.004868631390482683
1323.4656085148695,-0.008560311049222946,1322.459,0.022513663090699687,0.03926969380217741,1323.4656085148695,0.004849287019191499
1323.9311257883535,-0.010238803923130035,1322.929,0.1619472371438968,0.04037864332190862,1323.9311257883535,0.004916641769991811
1324.3966430618373,-0.011581597849726677,1323.392,0.01234466549379265,0.04082061414322334,1324.3966430618373,0.004994860123597895
1324.8621603353213,-0.007553216069936752,1323.856,0.0617293639092622,0.04051737935363471,1324.8621603353213,0.004948521221279661
1325.3276776088053,-0.005035477224737406,1324.326,0.03122827770122627,0.03950312903948565,1325.3276776088053,0.004844299306632762
1325.7931948822893,-0.0068818191066384315,1324.784,0.020335041902471485,0.03791643006468918,1325.7931948822893,0.0047693622370587095
1326.258712155773,-0.008560311049222946,1325.249,0.020335041902471485,0.03597661873349487,1326.258712155773,0.004703070407815086
1326.724229429257,-0.009063859470188618,1325.714,0.07116821672163653,0.033950627267515146,1326.724229429257,0.004654944890836251
1327.189746702741,-0.008560311049222946,1326.181,0.022513663090699687,0.032115885848215314,1327.189746702741,0.004706113199218856
1327.6552639762251,-0.00587472366169095,1326.647,0.01234466549379265,0.03072383161195574,1327.6552639762251,0.004838174643292516
1328.120781249709,-0.0005035477224737406,1327.111,0.01597779952601508,0.029968051721064246,1328.120781249709,0.004971379191757129
1328.586298523193,0.0018463416490703821,1327.577,0.011620427291944901,0.0299610968596551,1328.586298523193,0.005028976433815167
1329.051815796677,0.002517738612368703,1328.04,0.03776427112352465,0.03072328223143611,1329.051815796677,0.005082128726945256
1329.5173330701607,-0.0001678492408245802,1328.51,0.024692414136541663,0.03218466805500043,1329.5173330701607,0.0051681020970210465
1329.9828503436447,-0.004867628216743469,1328.974,0.059550742721034,0.034198614844002495,1329.9828503436447,0.005209159277500383
1330.4483676171287,-0.0068818191066384315,1329.436,0.046478885734051234,0.036563133580588936,1330.4483676171287,0.005218131411635274
1330.9138848906127,-0.006210422143340111,1329.904,0.05083612811050764,0.039045565205412996,1330.9138848906127,0.0052082443806156205
1331.3794021640965,-0.0068818191066384315,1330.366,0.013799178337787099,0.041407092069291405,1331.3794021640965,0.005153171831469142
1331.8449194375805,-0.006210422143340111,1330.832,0.014523286682020853,0.04342556641538533,1331.8449194375805,0.005136216468384669
1332.3104367110645,-0.0021820401307195425,1331.294,0.029773894714845817,0.04491668893781417,1332.3104367110645,0.005124146025615176
1332.7759539845486,0.0038605325389653444,1331.76,0.13362477212408908,0.045753227215935825,1332.7759539845486,0.005090874695517038
1333.2414712580323,0.007217517588287592,1332.227,0.003630050883266067,0.045879830844896004,1333.2414712580323,0.00503449456641858
1333.7069885315163,0.00520332669839263,1332.693,0.10094506472782472,0.04531923555397554,1333.7069885315163,0.004990297965155528
1334.1725058050004,0.0006713969632983208,1333.159,0.03340689888945447,0.04416645515557457,1334.1725058050004,0.004992273724901929
1334.6380230784844,-0.0015106431674212217,1333.625,0.026871035324769865,0.04257086012209278,1334.6380230784844,0.0050166428159907125
1335.1035403519681,-0.0031891355756670237,1334.089,0.022513663090699687,0.040709904875165424,1335.1035403519681,0.00502759893517824
1335.5690576254522,-0.0021820401307195425,1334.554,0.011620427291944901,0.03876083130824765,1335.5690576254522,0.005009122174459728
1336.0345748989362,0.0001678492408245802,1335.015,0.029049656512998068,0.03687692355541486,1336.0345748989362,0.00501056338912546
1336.50009217242,0.0011749446857720613,1335.485,0.08133721431854357,0.035172747844644525,1336.50009217242,0.004991519187733819
1336.965609445904,-0.0015106431674212217,1335.948,0.003630050883266067,0.03371943621137314,1336.965609445904,0.004974863991879521
1337.431126719388,-0.004867628216743469,1336.41,0.029049656512998068,0.032548355382086405,1337.431126719388,0.004950737499030817
1337.896643992872,-0.004867628216743469,1336.878,0.022513663090699687,0.031660516333926844,1337.896643992872,0.004945065153584051
1338.3621612663558,0.000839246204122901,1337.34,0.07262259970801699,0.031039136192965885,1338.3621612663558,0.004989884711886946
1338.8276785398398,0.007217517588287592,1337.806,0.01234466549379265,0.030662653413631263,1338.8276785398398,0.004999481851749465
1339.2931958133238,0.01107805036008358,1338.27,0.048657506922279437,0.03051529831375333,1339.2931958133238,0.004931401353750282
1339.7587130868078,0.01191729586571455,1338.736,0.02541652248077564,0.03059294545695656,1339.7587130868078,0.004838937368700928
1340.2242303602916,0.009231708012521267,1339.2,0.024692414136541663,0.030903481025564578,1340.2242303602916,0.004794981305845005
1340.6897476337756,0.00587472366169095,1339.665,0.03340689888945447,0.03146243949807668,1340.6897476337756,0.004739567469753186
1341.1552649072596,0.0023498893715441227,1340.13,0.024692414136541663,0.03228552059445413,1341.1552649072596,0.004664428916811721
1341.6207821807436,-0.0018463416490703821,1340.596,0.059550742721034,0.03337973072699404,1341.6207821807436,0.004619808784672728
1342.0862994542274,-0.0023498893715441227,1341.063,0.00580867207149427,0.03473465369202975,1342.0862994542274,0.00463756185386727
1342.5518167277114,-0.0001678492408245802,1341.53,0.05519350034457782,0.03631522352965,1342.5518167277114,0.004560811444726684
1343.0173340011954,-0.0001678492408245802,1341.992,0.005084563727260516,0.038057522977537867,1343.0173340011954,0.0044890734212515776
1343.4828512746792,-0.0021820401307195425,1342.455,0.045024372890056785,0.03986918614426028,1343.4828512746792,0.004448717314935668
1343.9483685481632,-0.0031891355756670237,1342.919,0.0363097582795302,0.0416354044602372,1343.9483685481632,0.00441774864466539
1344.4138858216472,-0.0028534370940178633,1343.389,0.08133721431854357,0.043230233316475096,1344.4138858216472,0.004380969883047347
1344.8794030951312,-0.0021820401307195425,1343.852,0.020335041902471485,0.044531489714696296,1344.8794030951312,0.004331715656107485
1345.344920368615,-0.003524834057316184,1344.314,0.005084563727260516,0.045436917668684976,1345.344920368615,0.0042807344371642965
1345.810437642099,-0.0041962312534451485,1344.78,0.08133721431854357,0.04587957571268358,1345.810437642099,0.004300666807004133
1346.275954915583,-0.0068818191066384315,1345.244,0.07480135075385896,0.04584049519119803,1346.275954915583,0.0043140818377031065
1346.741472189067,-0.008560311049222946,1345.71,0.022513663090699687,0.045355916066779633,1346.741472189067,0.004279021841513067
1347.2069894625508,-0.007888914085924625,1346.175,0.10312368591605292,0.04451593980755306,1347.2069894625508,0.004272703931407952
1347.6725067360348,-0.0068818191066384315,1346.64,0.029773894714845817,0.04345269236644853,1347.6725067360348,0.004295368642769044
1348.1380240095189,-0.0041962312534451485,1347.108,0.007987423117336245,0.042318970894243385,1348.1380240095189,0.004340839939365662
1348.6035412830029,-0.0031891355756670237,1347.573,0.034131137091302,0.0412615611962926,1348.6035412830029,0.004389378693057895
1349.0690585564867,-0.0038605325389653444,1348.034,0.010166044305564448,0.0403954304281942,1349.0690585564867,0.0044537358783831625
1349.5345758299707,-0.008224613033235073,1348.504,0.08787320774084195,0.03978464367152885,1349.5345758299707,0.00454576194445498
1350.0000931034547,-0.01124589890241623,1348.967,0.023237901292547436,0.039433350322130155,1350.0000931034547,0.004543263976209798
1350.4656103769385,-0.011581597849726677,1349.429,0.01234466549379265,0.039287387827967056,1350.4656103769385,0.004498637673963212
1350.9311276504225,-0.010910200886428356,1349.9,0.00580867207149427,0.039245547278809446,1350.9311276504225,0.004500516808584677
1351.3966449239065,-0.007553216069936752,1350.363,0.1096596793383513,0.039178887219078286,1351.3966449239065,0.004502293136238112
1351.8621621973905,-0.0021820401307195425,1350.828,0.02541652248077564,0.03895523692101649,1351.8621621973905,0.004509602016526246
1352.3276794708743,0.0011749446857720613,1351.291,0.05083612811050764,0.038464377302474456,1352.3276794708743,0.00455418102474925
1352.7931967443583,0.0010070954449474812,1351.757,0.01597779952601508,0.037639091152000655,1352.7931967443583,0.004586473724075329
1353.2587140178423,-0.002517738612368703,1352.222,0.048657506922279437,0.03646889030963064,1353.2587140178423,0.0045232678686925095
1353.7242312913263,-0.0021820401307195425,1352.688,0.04720312393589898,0.03500520995992374,1353.7242312913263,0.0044845626856247186
1354.18974856481,-0.000839246204122901,1353.153,0.04066713051360038,0.033357857700602095,1354.18974856481,0.004431979887265573
1354.655265838294,-0.0021820401307195425,1353.618,0.0363097582795302,0.03168291094729325,1354.655265838294,0.004377661872854548
1355.120783111778,-0.0021820401307195425,1354.086,0.022513663090699687,0.03016310298287687,1355.120783111778,0.00436915027127899
1355.5863003852621,-0.0028534370940178633,1354.544,0.014523286682020853,0.028983183876830576,1355.5863003852621,0.004370083671887278
1356.051817658746,-0.00553902518004179,1355.011,0.024692414136541663,0.028304014513948275,1356.051817658746,0.00437246856837914
1356.51733493223,-0.003524834057316184,1355.474,0.03994289231175285,0.02823944549959724,1356.51733493223,0.004380902049263406
1356.982852205714,-0.003524834057316184,1355.944,0.03195251590307402,0.028839273773819372,1356.982852205714,0.004363628019277757
1357.4483694791977,-0.00553902518004179,1356.407,0.010166044305564448,0.030080484364856615,1357.4483694791977,0.00425882015460173
1357.9138867526817,-0.007217517588287592,1356.87,0.00580867207149427,0.03186832437850836,1357.9138867526817,0.004165961430676213
1358.3794040261657,-0.007888914085924625,1357.34,0.009441806103716699,0.034048305689822145,1358.3794040261657,0.004140089444487682
1358.8449212996497,-0.006210422143340111,1357.805,0.05083612811050764,0.036428884771567305,1358.8449212996497,0.004118905011858252
1359.3104385731335,-0.00553902518004179,1358.269,0.034131137091302,0.03881166064451097,1359.3104385731335,0.004037734327635097
1359.7759558466175,-0.0038605325389653444,1358.735,0.14016076554638746,0.04102233798542804,1359.7759558466175,0.003960029963122107
1360.2414731201015,-0.0018463416490703821,1359.2,0.07915859313031537,0.04293355322917558,1360.2414731201015,0.003906334900574755
1360.7069903935856,-0.0018463416490703821,1359.666,0.00580867207149427,0.04447213775612572,1360.7069903935856,0.0038706067235750228
1361.1725076670693,-0.0028534370940178633,1360.125,0.014523286682020853,0.04560905197144848,1361.1725076670693,0.003795293420285686
1361.6380249405534,-0.0015106431674212217,1360.591,0.03122827770122627,0.04633759795603257,1361.6380249405534,0.003709063059618913
1362.1035422140374,0.0021820401307195425,1361.056,0.0029058126814183183,0.04665025831530716,1362.1035422140374,0.0036140743817036276
1362.5690594875211,0.004364080261439085,1361.522,0.04720312393589898,0.04652408038113375,1362.5690594875211,0.003533518423658613
1363.0345767610052,0.002517738612368703,1361.985,0.03122827770122627,0.045920008208672015,1363.0345767610052,0.003452489599184515
1363.5000940344892,0.0011749446857720613,1362.455,0.09295468831914588,0.04479570492353068,1363.5000940344892,0.0033212135253177814
1363.9656113079732,0.002517738612368703,1362.919,0.0617293639092622,0.04312649761670649,1363.9656113079732,0.0032687211900068814
1364.431128581457,0.00553902518004179,1363.381,0.0363097582795302,0.040926688252636026,1364.431128581457,0.0032542535239798226
1364.896645854941,0.0068818191066384315,1363.852,0.04430026454582303,0.0382642756481274,1364.896645854941,0.003265888097414945
1365.362163128425,0.007217517588287592,1364.314,0.023237901292547436,0.035265215117018175,1365.362163128425,0.003244267802626484
1365.827680401909,0.00553902518004179,1364.78,0.06608673614333238,0.03210666502751811,1365.827680401909,0.003172605852421117
1366.2931976753928,0.0038605325389653444,1365.244,0.020335041902471485,0.02900083523649766,1366.2931976753928,0.0030723909665439477
1366.7587149488768,0.0011749446857720613,1365.71,0.011620427291944901,0.02617227425275164,1366.7587149488768,0.0029888168832689754
1367.2242322223608,-0.003524834057316184,1366.175,0.005084563727260516,0.023832496837813515,1367.2242322223608,0.0029161207944177476
1367.6897494958448,-0.004531929735094309,1366.64,0.003630050883266067,0.022156630721066543,1367.6897494958448,0.002806380725065336
1368.1552667693286,-0.0041962312534451485,1367.1,0.024692414136541663,0.021266290284894213,1368.1552667693286,0.002698412878667146
1368.6207840428126,-0.0041962312534451485,1367.565,0.05083612811050764,0.021220778365637245,1368.6207840428126,0.0026350384418320012
1369.0863013162966,-0.0031891355756670237,1368.034,0.01234466549379265,0.022015955262442294,1369.0863013162966,0.002589160079251292
1369.5518185897804,-0.0031891355756670237,1368.496,0.03195251590307402,0.023588317145879122,1369.5518185897804,0.0025467356941492733
1370.0173358632644,-0.004531929735094309,1368.959,0.029049656512998068,0.02582183595716902,1370.0173358632644,0.0025601959543475323
1370.4828531367484,-0.0021820401307195425,1369.429,0.01234466549379265,0.028556368425490877,1370.4828531367484,0.0026026573460210737
1370.9483704102324,0.0005035477224737406,1369.893,0.020335041902471485,0.031597740771732566,1370.9483704102324,0.0026108420564387156
1371.4138876837162,0.0005035477224737406,1370.355,0.034131137091302,0.03473012237426226,1371.4138876837162,0.0026685297623378216
1371.8794049572002,-0.0003356984816491604,1370.821,0.07334683790986474,0.037730784845680716,1371.8794049572002,0.0027770897180184654
1372.3449222306842,-0.0018463416490703821,1371.284,0.024692414136541663,0.04038622239412286,1372.3449222306842,0.002875201370964611
1372.8104395041682,-0.000839246204122901,1371.749,0.045024372890056785,0.042507917017733314,1372.8104395041682,0.0029441309724619756
1373.275956777652,-0.0001678492408245802,1372.214,0.03340689888945447,0.043946493940150676,1373.275956777652,0.0030001286961290926
1373.741474051136,0.000839246204122901,1372.68,0.005084563727260516,0.044604074265594484,1373.741474051136,0.003080111047280498
1374.20699132462,-0.0005035477224737406,1373.145,0.11837429394887788,0.044444999957160766,1374.20699132462,0.003149640984116596
1374.672508598104,-0.003524834057316184,1373.611,0.018156420714243282,0.043504272867615386,1374.672508598104,0.0032786863615498255
1375.1380258715878,-0.0041962312534451485,1374.078,0.05083612811050764,0.041891984726718706,1375.1380258715878,0.0034309679998089457
1375.6035431450719,-0.0028534370940178633,1374.544,0.00580867207149427,0.03979210477622943,1375.6035431450719,0.0035689197187120146
1376.0690604185559,-0.004867628216743469,1375.004,0.046478885734051234,0.03745520378760129,1376.0690604185559,0.003669769894118463
1376.5345776920396,-0.00553902518004179,1375.474,0.0384885093253724,0.03518547766458507,1376.5345776920396,0.003723956334929181
1377.0000949655237,-0.0028534370940178633,1375.937,0.09658782235136854,0.033321836530038784,1377.0000949655237,0.0037097991155933792
1377.4656122390077,0.0011749446857720613,1376.399,0.00580867207149427,0.03221188808921073,1377.4656122390077,0.0036976649374336453
1377.9311295124917,0.0023498893715441227,1376.87,0.042121513499981056,0.0321782360045403,1377.9311295124917,0.0036746322056542204
1378.3966467859755,-0.0015106431674212217,1377.333,0.00580867207149427,0.03347914140539038,1378.3966467859755,0.0036433839320667272
1378.8621640594595,-0.0028534370940178633,1377.799,0.06245360211110995,0.03626873283145986,1378.8621640594595,0.0036153429196917786
1379.3276813329435,-0.0001678492408245802,1378.263,0.0007271914931903378,0.04056368773965012,1379.3276813329435,0.003570367114744578
1379.7931986064275,0.0011749446857720613,1378.728,0.020335041902471485,0.04622317511410509,1379.7931986064275,0.0035573447750923935
1380.2587158799113,0.002517738612368703,1379.192,0.0363097582795302,0.05294739866645106,1380.2587158799113,0.003579696983631022
1380.7242331533953,0.0018463416490703821,1379.658,0.07262259970801699,0.06029747624168753,1380.7242331533953,0.0036530530257270154
1381.1897504268793,0.0021820401307195425,1380.123,0.07480135075385896,0.0677356223497217,1381.1897504268793,0.0038083630735282303
1381.6552677003633,0.003524834057316184,1380.589,0.058096359734653547,0.07468062260887592,1381.6552677003633,0.003935420349591038
1382.120784973847,0.00587472366169095,1381.056,0.09005182892907015,0.08057086718692191,1382.120784973847,0.004065281931684544
1382.586302247331,0.0068818191066384315,1381.514,0.13798214435815925,0.08492620687408743,1382.586302247331,0.004208770307074518
1383.0518195208151,0.00587472366169095,1381.982,0.1118383005265795,0.08740014738202725,1383.0518195208151,0.0043735705875113905
1383.517336794299,0.0038605325389653444,1382.444,0.020335041902471485,0.08781542833257287,1383.517336794299,0.004542758243551249
1383.982854067783,0.003524834057316184,1382.915,0.08787320774084195,0.08617909627517246,1383.982854067783,0.004687796799694274
1384.448371341267,0.0038605325389653444,1383.377,0.20188717616430707,0.08267656586746806,1384.448371341267,0.004816910021637379
1384.913888614751,0.0036926832981407642,1383.843,0.03340689888945447,0.07764611885864489,1384.913888614751,0.004897005447761881
1385.3794058882347,0.0011749446857720613,1384.308,0.00580867207149427,0.07153646683074286,1385.3794058882347,0.004945620274800856
1385.8449231617187,-0.0015106431674212217,1384.774,0.13144615093586087,0.0648523856419965,1385.8449231617187,0.004994152863943815
1386.3104404352027,-0.0028534370940178633,1385.24,0.026871035324769865,0.058096346161175136,1386.3104404352027,0.005016517407547131
1386.7759577086867,-0.003524834057316184,1385.699,0.00580867207149427,0.051715043065889366,1386.7759577086867,0.0049650160318900965
1387.2414749821705,-0.00587472366169095,1386.17,0.0384885093253724,0.04605843823465144,1387.2414749821705,0.0049084734841631965
1387.7069922556545,-0.006210422143340111,1386.636,0.03122827770122627,0.04135658119805223,1387.7069922556545,0.004898442534582512
1388.1725095291386,-0.00587472366169095,1387.101,0.0617293639092622,0.03771617219551095,1388.1725095291386,0.004855146433920569
1388.6380268026226,-0.0068818191066384315,1387.559,0.03340689888945447,0.0351347411161395,1388.6380268026226,0.0047914019145383745
1389.1035440761063,-0.008896009996533394,1388.029,0.01670203772786283,0.03352695798224583,1389.1035440761063,0.004781212657359642
1389.5690613495904,-0.009063859470188618,1388.492,0.08787320774084195,0.03275623658720976,1389.5690613495904,0.004845711700269387
1390.0345786230744,-0.009903104975819588,1388.959,0.03122827770122627,0.032665159569811295,1390.0345786230744,0.004925597420840204
1390.5000958965582,-0.01107805036008358,1389.422,0.03122827770122627,0.033099643277926645,1390.5000958965582,0.0050131764866697005
1390.9656131700422,-0.010238803923130035,1389.885,0.01670203772786283,0.03392403288715344,1390.9656131700422,0.005115636461359798
1391.4311304435262,-0.008896009996533394,1390.355,0.04720312393589898,0.0350270477612517,1391.4311304435262,0.005223191059745428
1391.8966477170102,-0.008896009996533394,1390.814,0.034131137091302,0.03632048543160658,1391.8966477170102,0.005340897907780032
1392.362164990494,-0.009567406959831715,1391.285,0.05083612811050764,0.03773314761914311,1392.362164990494,0.005430876249524707
1392.827682263978,-0.009567406959831715,1391.744,0.020335041902471485,0.03920223663384749,1392.827682263978,0.0055331655813467325
1393.293199537462,-0.008560311049222946,1392.215,0.0384885093253724,0.04066444142668188,1393.293199537462,0.005656314514156666
1393.758716810946,-0.008560311049222946,1392.674,0.0384885093253724,0.04204914233385828,1393.758716810946,0.005779771838513403
1394.2242340844298,-0.008224613033235073,1393.141,0.01888065891609103,0.04327599292309324,1394.2242340844298,0.005847953073483557
1394.6897513579138,-0.003524834057316184,1393.606,0.051560366312355166,0.044258181463571564,1394.6897513579138,0.005864345104889049
1395.1552686313978,-0.002517738612368703,1394.071,0.06463222329933815,0.04491105933692455,1395.1552686313978,0.0058982866753132706
1395.6207859048816,-0.00553902518004179,1394.537,0.06608673614333238,0.04516408325937032,1395.6207859048816,0.00591560799284017
1396.0863031783656,-0.004867628216743469,1395.0,0.0029058126814183183,0.044973021284648446,1396.0863031783656,0.005939598789493786
1396.5518204518496,-0.0031891355756670237,1395.469,0.059550742721034,0.044329742160105455,1396.5518204518496,0.006011965927673557
1397.0173377253336,-0.003524834057316184,1395.93,0.03340689888945447,0.04326806290040057,1397.0173377253336,0.006071066065592794
1397.4828549988174,-0.004867628216743469,1396.4,0.09876644353959674,0.04186473883482257,1397.4828549988174,0.00614579959372039
1397.9483722723014,-0.0031891355756670237,1396.863,0.014523286682020853,0.04023450332498843,1397.9483722723014,0.0061558531554882995
1398.4138895457854,-0.0001678492408245802,1397.325,0.0617293639092622,0.038518376461275795,1398.4138895457854,0.0061670950520875695
1398.8794068192694,0.0011749446857720613,1397.791,0.00580867207149427,0.03686621500884981,1398.8794068192694,0.006201038670860205
1399.3449240927532,0.0011749446857720613,1398.256,0.023237901292547436,0.03541691180257637,1399.3449240927532,0.00622810310421095
1399.8104413662372,0.0028534370940178633,1398.722,0.01234466549379265,0.03428112079140017,1399.8104413662372,0.006278317455304686
1400.2759586397212,0.004867628216743469,1399.189,0.024692414136541663,0.03353084602888652,1400.2759586397212,0.00632881141785206
1400.7414759132052,0.007721065077930689,1399.655,0.029773894714845817,0.03319776935792264,1400.7414759132052,0.006360162491993701
1401.206993186689,0.008560311049222946,1400.115,0.10820529635197085,0.033278750193116505,1401.206993186689,0.006412574649235833
1401.672510460173,0.008560311049222946,1400.581,0.03195251590307402,0.03374407485238983,1401.672510460173,0.0064556034828230765
1402.138027733657,0.007553216069936752,1401.048,0.026871035324769865,0.03454351537747786,1402.138027733657,0.006437755841466359
1402.6035450071408,0.008224613033235073,1401.514,0.003630050883266067,0.0356077759789794,1402.6035450071408,0.006378797564089004
1403.0690622806248,0.010574501939117908,1401.978,0.04720312393589898,0.036846873040636954,1403.0690622806248,0.006306002787148523
1403.5345795541089,0.01040665339678526,1402.44,0.013799178337787099,0.038149552319724576,1403.5345795541089,0.006182446778139051
1404.0000968275929,0.010574501939117908,1402.908,0.026871035324769865,0.03938756945990802,1404.0000968275929,0.006042430889732062
1404.4656141010767,0.009903104975819588,1403.37,0.06826535733156058,0.04042641419076855,1404.4656141010767,0.0058767773924594405
1404.9311313745607,0.007553216069936752,1403.836,0.034131137091302,0.04114140015593912,1404.9311313745607,0.005741806785193467
1405.3966486480447,0.004531929735094309,1404.299,0.021059280104319233,0.041436007225508706,1405.3966486480447,0.005682447596396847
1405.8621659215287,0.0011749446857720613,1404.764,0.08787320774084195,0.04125841748871238,1405.8621659215287,0.005672056860681792
1406.3276831950125,0.000839246204122901,1405.229,0.07697997194208717,0.040612247756724514,1406.3276831950125,0.0056465837270321066
1406.7932004684965,-0.0001678492408245802,1405.695,0.014523286682020853,0.039558423518656856,1406.7932004684965,0.00563564199813072
1407.2587177419805,-0.000839246204122901,1406.16,0.007987423117336245,0.038207324264762456,1407.2587177419805,0.0056554160605350665
1407.7242350154645,-0.000839246204122901,1406.626,0.06245360211110995,0.036703513683055036,1407.7242350154645,0.0056799845820456165
1408.1897522889483,0.0011749446857720613,1407.093,0.005084563727260516,0.03520779851419774,1408.1897522889483,0.005659231896589256
1408.6552695624323,0.0011749446857720613,1407.558,0.01888065891609103,0.03388154763545629,1408.6552695624323,0.005566299158548203
1409.1207868359163,-0.0015106431674212217,1408.019,0.005084563727260516,0.032876544605616675,1409.1207868359163,0.0054630373630586765
1409.5863041094,-0.0031891355756670237,1408.489,0.042121513499981056,0.032331130980093145,1409.5863041094,0.005386190323052312
1410.051821382884,-0.0031891355756670237,1408.952,0.12345577452718204,0.03237034118231741,1410.051821382884,0.0053131241653715956
1410.517338656368,-0.0028534370940178633,1409.414,0.01888065891609103,0.0331049421173383,1410.517338656368,0.005214967279329941
1410.9828559298521,-0.00553902518004179,1409.885,0.046478885734051234,0.034623844344244425,1410.9828559298521,0.005110796759838129
1411.448373203336,-0.009567406959831715,1410.348,0.018156420714243282,0.03697755163844642,1411.448373203336,0.004995832536353567
1411.91389047682,-0.010910200886428356,1410.813,0.03122827770122627,0.040155569029860345,1411.91389047682,0.0049135331381140075
1412.379407750304,-0.010238803923130035,1411.277,0.018156420714243282,0.044064778553342454,1412.379407750304,0.00488682232934569
1412.844925023788,-0.01124589890241623,1411.743,0.026871035324769865,0.0485168689948503,1412.844925023788,0.00485975789845612
1413.3104422972717,-0.0117494473233819,1412.207,0.05083612811050764,0.05323122942810337,1413.3104422972717,0.00479612646580249
1413.7759595707557,-0.009567406959831715,1412.673,0.0384885093253724,0.05785632767710939,1413.7759595707557,0.004762840751615353
1414.2414768442397,-0.007553216069936752,1413.141,0.01234466549379265,0.0620084447818533,1414.2414768442397,0.004754193458188124
1414.7069941177238,-0.008224613033235073,1413.599,0.1728404729426516,0.06532241094485872,1414.7069941177238,0.004750612011776969
1415.1725113912075,-0.008560311049222946,1414.064,0.05373898750058337,0.06750524854300693,1415.1725113912075,0.004741952376357827
1415.6380286646915,-0.006210422143340111,1414.53,0.021059280104319233,0.06838143696721535,1415.6380286646915,0.004742928955433364
1416.1035459381756,-0.0041962312534451485,1415.0,0.2665224826126016,0.06791912856505755,1416.1035459381756,0.0047357783889061976
1416.5690632116593,0.0003356984816491604,1415.462,0.020335041902471485,0.06623017429228346,1416.5690632116593,0.004701172756827694
1417.0345804851434,0.0041962312534451485,1415.93,0.005084563727260516,0.06354268004926056,1417.0345804851434,0.004645037290285426
1417.5000977586274,0.0041962312534451485,1416.392,0.0363097582795302,0.06015249687383313,1417.5000977586274,0.004570957553836395
1417.9656150321114,0.0021820401307195425,1416.856,0.00580867207149427,0.056367117570026555,1417.9656150321114,0.004518391205151445
1418.4311323055952,0.0018463416490703821,1417.325,0.013799178337787099,0.05245760097655317,1418.4311323055952,0.004485171273490914
1418.8966495790792,0.004531929735094309,1417.79,0.08787320774084195,0.04862973022341773,1418.8966495790792,0.004455676710310387
1419.3621668525632,0.008224613033235073,1418.249,0.05519350034457782,0.04501751819650417,1419.3621668525632,0.0044119879234241904
1419.8276841260472,0.008560311049222946,1418.715,0.06826535733156058,0.04169470426372352,1419.8276841260472,0.004345215005739179
1420.293201399531,0.007553216069936752,1419.181,0.01597779952601508,0.03869592951140106,1420.293201399531,0.004317821623094438
1420.758718673015,0.00520332669839263,1419.647,0.0617293639092622,0.036039351195206556,1420.758718673015,0.004346473249285301
1421.224235946499,0.0011749446857720613,1420.111,0.059550742721034,0.03374488470146674,1421.224235946499,0.004338858041404282
1421.6897532199828,-0.0011749446857720613,1420.577,0.005084563727260516,0.03184499519482601,1421.6897532199828,0.004281579471580444
1422.1552704934668,0.000839246204122901,1421.049,0.014523286682020853,0.030387297556703306,1422.1552704934668,0.004240131662496741
1422.6207877669508,0.0038605325389653444,1421.507,0.0363097582795302,0.029430146333056153,1422.6207877669508,0.004223959619622392
1423.0863050404348,0.002517738612368703,1421.97,0.06608673614333238,0.02903335675569015,1423.0863050404348,0.0041671950352383845
1423.5518223139186,0.000839246204122901,1422.441,0.01597779952601508,0.029245927452624963,1423.5518223139186,0.00404924558757198
1424.0173395874026,-0.0001678492408245802,1422.904,0.00580867207149427,0.030092233168197553,1424.0173395874026,0.0039579740558135365
1424.4828568608866,-0.000839246204122901,1423.366,0.00580867207149427,0.03155870296064783,1424.4828568608866,0.0038848523884822987
1424.9483741343706,-0.0010070954449474812,1423.832,0.09658782235136854,0.03358376269010652,1424.9483741343706,0.0038251827558691194
1425.4138914078544,-0.0005035477224737406,1424.295,0.003630050883266067,0.03605340587618284,1425.4138914078544,0.0037437077921163063
1425.8794086813384,0.0005035477224737406,1424.761,0.003630050883266067,0.038803447905466505,1425.8794086813384,0.0037002204837949517
1426.3449259548224,-0.0015106431674212217,1425.226,0.05737212153280602,0.041628662048096454,1426.3449259548224,0.0037053192197700055
1426.8104432283064,-0.0028534370940178633,1425.692,0.04284575170182858,0.044298549008309464,1426.8104432283064,0.003668521946069564
1427.2759605017902,-0.0036926832981407642,1426.159,0.09658782235136854,0.04657835689589076,1427.2759605017902,0.0035593061403461257
1427.7414777752742,-0.00553902518004179,1426.625,0.01597779952601508,0.04825246713208123,1427.7414777752742,0.0034836453837997113
1428.2069950487582,-0.008224613033235073,1427.089,0.03122827770122627,0.04914701297235643,1428.2069950487582,0.0034794080830337134
1428.672512322242,-0.010910200886428356,1427.555,0.00580867207149427,0.04914987728812702,1428.672512322242,0.0034923872553866246
1429.138029595726,-0.010238803923130035,1428.018,0.09658782235136854,0.048227134364894696,1429.138029595726,0.0035491621186413756
1429.60354686921,-0.009063859470188618,1428.481,0.09658782235136854,0.04643383814403418,1429.60354686921,0.0036393933414695457
1430.069064142694,-0.004867628216743469,1428.944,0.09005182892907015,0.04391482677806932,1430.069064142694,0.0037209608268743938
1430.5345814161778,-0.0001678492408245802,1429.414,0.00580867207149427,0.04089111960785414,1430.5345814161778,0.0037521638771711523
1431.0000986896619,0.000839246204122901,1429.874,0.003630050883266067,0.03763142765815865,1431.0000986896619,0.0036866800345510234
1431.4656159631459,0.0005035477224737406,1430.345,0.026871035324769865,0.03441431457934427,1431.4656159631459,0.0035957312822527602
1431.9311332366299,-0.0001678492408245802,1430.81,0.011620427291944901,0.031490486788111643,1431.9311332366299,0.003507007060324376
1432.3966505101137,-0.0005035477224737406,1431.269,0.018156420714243282,0.029054291205686967,1432.3966505101137,0.0034648458381796284
1432.8621677835977,-0.002517738612368703,1431.734,0.00580867207149427,0.027229889777437597,1432.8621677835977,0.003438313894323059
1433.3276850570817,-0.00553902518004179,1432.199,0.003630050883266067,0.026073074797671965,1433.3276850570817,0.003412189026931254
1433.7932023305657,-0.00587472366169095,1432.665,0.12708890855940447,0.02558549570292104,1433.7932023305657,0.003314213060917281
1434.2587196040495,-0.0041962312534451485,1433.133,0.013799178337787099,0.02573472174130054,1434.2587196040495,0.0031553852946374786
1434.7242368775335,-0.003524834057316184,1433.599,0.03994289231175285,0.02647233547148339,1434.7242368775335,0.0030157106932072004
1435.1897541510175,-0.0023498893715441227,1434.064,0.013799178337787099,0.027744405023252653,1435.1897541510175,0.0029273277572830336
1435.6552714245013,-0.002517738612368703,1434.529,0.01597779952601508,0.02949330404609973,1435.6552714245013,0.002880816159239486
1436.1207886979853,-0.0041962312534451485,1434.992,0.01597779952601508,0.03165403196187741,1436.1207886979853,0.0029112009436826707
1436.5863059714693,-0.0021820401307195425,1435.455,0.03776427112352465,0.034149785577255974,1436.5863059714693,0.003001964661603265
1437.0518232449533,0.0001678492408245802,1435.919,0.005084563727260516,0.03689058929513598,1437.0518232449533,0.0031097556993321352
1437.517340518437,0.0001678492408245802,1436.389,0.06245360211110995,0.039776490824932086,1437.517340518437,0.003216428304134107
1437.982857791921,-0.0021820401307195425,1436.852,0.07915859313031537,0.0427042679723192,1437.982857791921,0.0033141287669927306
1438.4483750654051,-0.000839246204122901,1437.314,0.04720312393589898,0.045574680928225586,1438.4483750654051,0.003390663303460809
1438.9138923388891,0.0010070954449474812,1437.78,0.05301474929873562,0.0482970339528077,1438.9138923388891,0.003419919372413165
1439.379409612373,0.000839246204122901,1438.245,0.01670203772786283,0.05078962854679959,1439.379409612373,0.003428903847062695
1439.844926885857,-0.0021820401307195425,1438.71,0.059550742721034,0.0529775277133037,1439.844926885857,0.003495062036992477
1440.310444159341,-0.0030212863348424435,1439.177,0.013799178337787099,0.054790870731960345,1440.310444159341,0.003599477210539012
1440.775961432825,-0.0031891355756670237,1439.643,0.09005182892907015,0.05616656015667591,1440.775961432825,0.0036827038420227756
1441.2414787063087,-0.0041962312534451485,1440.108,0.09658782235136854,0.05705396090964089,1441.2414787063087,0.0037233765657735084
1441.7069959797927,-0.006210422143340111,1440.573,0.020335041902471485,0.057422968110510016,1441.7069959797927,0.0037020811088180113
1442.1725132532767,-0.008896009996533394,1441.034,0.03195251590307402,0.057272082577535036,1442.1725132532767,0.0037499804719806455
1442.6380305267605,-0.008224613033235073,1441.504,0.09440920116314033,0.05663511394893286,1442.6380305267605,0.0037957827733807506
1443.1035478002445,-0.006546120624989271,1441.966,0.021059280104319233,0.05558612638555661,1443.1035478002445,0.003805482712716554
1443.5690650737286,-0.0068818191066384315,1442.429,0.06826535733156058,0.05424187289843078,1443.5690650737286,0.0038172550423536803
1444.0345823472126,-0.008224613033235073,1442.9,0.06826535733156058,0.052759755660410294,1444.0345823472126,0.0038739517852422545
1444.5000996206963,-0.00553902518004179,1443.363,0.11474115991665546,0.05132855225486635,1444.5000996206963,0.003959213799982406
1444.9656168941804,-0.0015106431674212217,1443.828,0.005084563727260516,0.05014955273531598,1444.9656168941804,0.004017464825993254
1445.4311341676644,-0.0001678492408245802,1444.291,0.05083612811050764,0.04940785584018295,1445.4311341676644,0.004077944503924975
1445.8966514411484,0.0018463416490703821,1444.757,0.09658782235136854,0.04923702370977788,1445.8966514411484,0.0041367835394471196
1446.3621687146322,0.003524834057316184,1445.222,0.003630050883266067,0.049683531901657293,1446.3621687146322,0.0041367527003566065
1446.8276859881162,0.002517738612368703,1445.688,0.007987423117336245,0.05067931255704402,1446.8276859881162,0.004124982426639644
1447.2932032616002,0.0018463416490703821,1446.155,0.02541652248077564,0.052031161847630715,1447.2932032616002,0.004133095177270561
1447.7587205350842,0.0028534370940178633,1446.614,0.01888065891609103,0.05343444667628725,1447.7587205350842,0.004164452419021545
1448.224237808568,0.0038605325389653444,1447.079,0.0014514296950378647,0.05451434573270687,1448.224237808568,0.004164797816652202
1448.689755082052,0.002517738612368703,1447.551,0.05083612811050764,0.05489085634987301,1448.689755082052,0.004087926104517291
1449.155272355536,0.0006713969632983208,1448.011,0.2476387405475542,0.054255561653395276,1449.155272355536,0.00400952477089372
1449.6207896290198,0.000839246204122901,1448.474,0.1074810581501231,0.052441396395369926,1449.6207896290198,0.00395641976289219
1450.0863069025038,0.0041962312534451485,1448.944,0.024692414136541663,0.0494654968809459,1450.0863069025038,0.003906799578019196
1450.5518241759878,0.004531929735094309,1449.407,0.018156420714243282,0.04553271771952312,1450.5518241759878,0.003857265742528912
1451.0173414494718,0.0021820401307195425,1449.87,0.01670203772786283,0.04100076271092726,1451.0173414494718,0.003808918185915603
1451.4828587229556,0.00553902518004179,1450.34,0.003630050883266067,0.036319347039043395,1451.4828587229556,0.00377360941945857
1451.9483759964396,0.01040665339678526,1450.799,0.034131137091302,0.031959919696664396,1451.9483759964396,0.0037526593585509357
1452.4138932699236,0.009567406959831715,1451.271,0.010166044305564448,0.028350033809098844,1452.4138932699236,0.003715769571497443
1452.8794105434076,0.007721065077930689,1451.729,0.0363097582795302,0.025821368550066778,1452.8794105434076,0.0036857486900226067
1453.3449278168914,0.007217517588287592,1452.196,0.00580867207149427,0.02457563299383228,1453.3449278168914,0.003699544065723928
1453.8104450903754,0.005035477224737406,1452.662,0.029773894714845817,0.02466918646762894,1453.8104450903754,0.0037338166338932253
1454.2759623638594,0.002517738612368703,1453.126,0.021059280104319233,0.026015067718310542,1454.2759623638594,0.003772464249111672
1454.7414796373432,0.0010070954449474812,1453.592,0.029773894714845817,0.0283997019058261,1454.7414796373432,0.0038207645204281636
1455.2069969108272,-0.0015106431674212217,1454.056,0.058096359734653547,0.03151051183980092,1455.2069969108272,0.003831564389070005
1455.6725141843112,-0.004867628216743469,1454.522,0.05083612811050764,0.034970118357621996,1455.6725141843112,0.0037996294270193974
1456.1380314577953,-0.006210422143340111,1454.985,0.003630050883266067,0.038373198823931,1456.1380314577953,0.0037639773198443302
1456.603548731279,-0.00520332669839263,1455.455,0.01597779952601508,0.041323492408144064,1456.603548731279,0.0037070133044082923
1457.069066004763,-0.0021820401307195425,1455.918,0.034131137091302,0.04346993199710821,1457.069066004763,0.003649716229406467
1457.534583278247,0.0005035477224737406,1456.381,0.06826535733156058,0.044540781954082974,1457.534583278247,0.003605233846776107
1458.000100551731,-0.0001678492408245802,1456.852,0.13798214435815925,0.04437251876289584,1458.000100551731,0.0035952378514686745
1458.4656178252148,-0.004867628216743469,1457.314,0.00580867207149427,0.04292803190795899,1458.4656178252148,0.003645250723056446
1458.9311350986989,-0.009567406959831715,1457.78,0.03340689888945447,0.040299459140903986,1458.9311350986989,0.0037001690746827414
1459.3966523721829,-0.010238803923130035,1458.244,0.014523286682020853,0.03669516703770676,1459.3966523721829,0.0037399392385270144
1459.8621696456669,-0.0068818191066384315,1458.71,0.01234466549379265,0.03241519244199546,1459.8621696456669,0.0037359424848949123
1460.3276869191507,-0.003524834057316184,1459.175,0.010166044305564448,0.027821438739190917,1460.3276869191507,0.0037054425701031745
1460.7932041926347,-0.0005035477224737406,1459.64,0.08787320774084195,0.023307317188650627,1460.7932041926347,0.0037123649292268167
1461.2587214661187,-0.0001678492408245802,1460.1,0.01597779952601508,0.019268286775338404,1461.2587214661187,0.0037352167377730414
1461.7242387396025,0.0005035477224737406,1460.565,0.0014514296950378647,0.01607253132735777,1461.7242387396025,0.003704511228378159
1462.1897560130865,0.0001678492408245802,1461.034,0.009441806103716699,0.014031334480162385,1462.1897560130865,0.0036287641168650485
1462.6552732865705,-0.0021820401307195425,1461.496,0.005084563727260516,0.013370811709241056,1462.6552732865705,0.003549608251991025
1463.1207905600545,-0.004867628216743469,1461.959,0.00580867207149427,0.014208307724080249,1463.1207905600545,0.0035279571154740582
1463.5863078335383,-0.0068818191066384315,1462.429,0.03776427112352465,0.01653667342859591,1463.5863078335383,0.00348713636640117
1464.0518251070223,-0.007049668114632368,1462.893,0.02541652248077564,0.020218406897421215,1464.0518251070223,0.003424664481595581
1464.5173423805063,-0.0041962312534451485,1463.355,0.0029058126814183183,0.024990601610928847,1464.5173423805063,0.0033353008624014495
1464.9828596539903,-0.0021820401307195425,1463.821,0.0014514296950378647,0.030481476806200083,1464.9828596539903,0.003242904723986623
1465.448376927474,-0.0015106431674212217,1464.29,0.027595273526617614,0.036239425216406586,1465.448376927474,0.0031459752313894537
1465.913894200958,-0.002517738612368703,1464.756,0.024692414136541663,0.041774643818429366,1465.913894200958,0.00305536981948126
1466.3794114744421,-0.0028534370940178633,1465.215,0.07697997194208717,0.04661076306341842,1466.3794114744421,0.003023946785689786
1466.8449287479261,-0.0015106431674212217,1465.68,0.07988283133216312,0.050340318904214476,1466.8449287479261,0.0030593665735582573
1467.31044602141,-0.0015106431674212217,1466.145,0.03994289231175285,0.05267530184898355,1467.31044602141,0.0031348032356708216
1467.775963294894,-0.0018463416490703821,1466.611,0.02541652248077564,0.053483756935615565,1467.775963294894,0.003186695238865618
1468.241480568378,-0.0010070954449474812,1467.078,0.2185921671835125,0.052805278320680056,1468.241480568378,0.00319228329124625
1468.7069978418617,-0.0001678492408245802,1467.543,0.003630050883266067,0.05084114892387392,1468.7069978418617,0.0032175508302300505
1469.1725151153457,0.0018463416490703821,1468.004,0.003630050883266067,0.047918901149599874,1469.1725151153457,0.0032858944900428996
1469.6380323888297,0.004531929735094309,1468.474,0.034131137091302,0.04443691575385845,1469.6380323888297,0.0033203233145586127
1470.1035496623138,0.0038605325389653444,1468.937,0.02541652248077564,0.04080050611669331,1470.1035496623138,0.0032886823521573543
1470.5690669357975,0.0018463416490703821,1469.399,0.009441806103716699,0.037363087951430896,1470.5690669357975,0.0032349441144081613
1471.0345842092815,-0.0018463416490703821,1469.87,0.01888065891609103,0.03438350553363404,1471.0345842092815,0.0032061280172620654
1471.5001014827656,-0.0023498893715441227,1470.333,0.01234466549379265,0.03200568391635403,1471.5001014827656,0.003203961052822211
1471.9656187562496,-0.0001678492408245802,1470.799,0.024692414136541663,0.030261626318995653,1471.9656187562496,0.0031503667273684592
1472.4311360297334,0.0011749446857720613,1471.263,0.07262259970801699,0.02909395882834363,1472.4311360297334,0.003034440322748958
1472.8966533032174,-0.0018463416490703821,1471.728,0.042121513499981056,0.028390213800655515,1472.8966533032174,0.0029546409451526694
1473.3621705767014,-0.00553902518004179,1472.192,0.07480135075385896,0.02801899357185605,1473.3621705767014,0.002930818733687348
1473.8276878501854,-0.004867628216743469,1472.658,0.014523286682020853,0.027859152892334003,1473.8276878501854,0.0029149920842485343
1474.2932051236692,-0.003524834057316184,1473.123,0.003630050883266067,0.02781703130365822,1474.2932051236692,0.002909023681176046
1474.7587223971532,-0.0031891355756670237,1473.589,0.01670203772786283,0.027831765694812206,1474.7587223971532,0.002900405167379978
1475.2242396706372,-0.0023498893715441227,1474.049,0.034131137091302,0.027872323279838525,1475.2242396706372,0.002924747534635135
1475.689756944121,-0.0018463416490703821,1474.515,0.014523286682020853,0.027930661932049072,1475.689756944121,0.002969965946996926
1476.155274217605,-0.0015106431674212217,1474.985,0.06027498092288175,0.028013958281431998,1476.155274217605,0.0029549945693529435
1476.620791491089,-0.0015106431674212217,1475.448,0.01234466549379265,0.028136984370268486,1476.620791491089,0.0029672644394014244
1477.086308764573,-0.003356984816491604,1475.911,0.027595273526617614,0.028314836606779987,1477.086308764573,0.0030621194865300006
1477.5518260380568,-0.004867628216743469,1476.374,0.013799178337787099,0.02855645294784687,1477.5518260380568,0.003145724410669358
1478.0173433115408,-0.004867628216743469,1476.839,0.01670203772786283,0.028859877185892276,1478.0173433115408,0.003182803341870382
1478.4828605850248,-0.0068818191066384315,1477.311,0.07044397851978879,0.0292100875730583,1478.4828605850248,0.0031956077544242813
1478.9483778585088,-0.0068818191066384315,1477.769,0.01234466549379265,0.02957924217117414,1478.9483778585088,0.0031590099101160745
1479.4138951319926,-0.00587472366169095,1478.234,0.05083612811050764,0.029928299423434928,1479.4138951319926,0.0030812356461455354
1479.8794124054766,-0.004867628216743469,1478.7,0.009441806103716699,0.030209149784722444,1479.8794124054766,0.0029906302322010967
1480.3449296789606,-0.0031891355756670237,1479.166,0.00580867207149427,0.030367568119333558,1480.3449296789606,0.002927831456813674
1480.8104469524444,-0.0038605325389653444,1479.633,0.0363097582795302,0.030348315892220635,1480.8104469524444,0.0029628791164189707
1481.2759642259284,-0.004867628216743469,1480.1,0.03340689888945447,0.030103469204795525,1481.2759642259284,0.003048223368615947
1481.7414814994124,-0.004364080261439085,1480.566,0.020335041902471485,0.02960344595168519,1481.7414814994124,0.003162017759886142
1482.2069987728964,-0.003524834057316184,1481.026,0.08351583550677177,0.028848262759292694,1482.2069987728964,0.00319319202326803
1482.6725160463802,-0.0028534370940178633,1481.496,0.003630050883266067,0.0278755246789987,1482.6725160463802,0.0031969317833431903
1483.1380333198642,-0.0015106431674212217,1481.959,0.022513663090699687,0.02676218421428781,1483.1380333198642,0.0031996805787195028
1483.6035505933482,-0.0015106431674212217,1482.421,0.04284575170182858,0.02561891702724062,1483.6035505933482,0.003287491962184392
1484.0690678668323,0.000839246204122901,1482.889,0.027595273526617614,0.024578003050851147,1484.0690678668323,0.003415040611693735
1484.534585140316,0.0031891355756670237,1483.351,0.0014514296950378647,0.023776954522502346,1484.534585140316,0.003541117206163485
1485.0001024138,0.0038605325389653444,1483.816,0.042121513499981056,0.023340811202624417,1485.0001024138,0.0036632381664795884
1485.465619687284,0.0011749446857720613,1484.286,0.00580867207149427,0.0233664080533613,1485.465619687284,0.0037332121857787453
1485.931136960768,-0.0015106431674212217,1484.744,0.005084563727260516,0.023911953899537788,1485.931136960768,0.0037296081175524046
1486.3966542342519,-0.0031891355756670237,1485.211,0.005084563727260516,0.024994692270321344,1486.3966542342519,0.003717414319396204
1486.8621715077359,-0.0041962312534451485,1485.677,0.020335041902471485,0.02659805290182567,1486.8621715077359,0.0037396452303362733
1487.3276887812199,-0.0041962312534451485,1486.145,0.05301474929873562,0.028687356657813922,1487.3276887812199,0.0037476469597525295
1487.7932060547037,-0.0018463416490703821,1486.61,0.022513663090699687,0.031230148755217457,1487.7932060547037,0.003759970281152898
1488.2587233281877,-0.0015106431674212217,1487.075,0.10530243696189512,0.0342148099728665,1488.2587233281877,0.003799847353630011
1488.7242406016717,-0.0028534370940178633,1487.54,0.026871035324769865,0.037660581090322755,1488.7242406016717,0.003866348887848388
1489.1897578751557,-0.004364080261439085,1488.003,0.04430026454582303,0.041614135890306755,1489.1897578751557,0.003953481806607826
1489.6552751486395,-0.00587472366169095,1488.466,0.01234466549379265,0.04613181354059944,1489.6552751486395,0.004020376025943926
1490.1207924221235,-0.007217517588287592,1488.929,0.1140169217148077,0.051250887509455466,1490.1207924221235,0.0040559705660966954
1490.5863096956075,-0.007217517588287592,1489.399,0.011620427291944901,0.05695601678999632,1490.5863096956075,0.004081861055241594
1491.0518269690915,-0.0041962312534451485,1489.86,0.03122827770122627,0.06314800277317303,1491.0518269690915,0.004121394781858727
1491.5173442425753,-0.0015106431674212217,1490.33,0.0617293639092622,0.06962199999820001,1491.5173442425753,0.0041297192938979
1491.9828615160593,-0.0015106431674212217,1490.795,0.08787320774084195,0.07606142701764844,1491.9828615160593,0.004099174144701638
1492.4483787895433,-0.0028534370940178633,1491.26,0.10530243696189512,0.08205139376883604,1492.4483787895433,0.00406737487044447
1492.9138960630273,-0.004867628216743469,1491.725,0.024692414136541663,0.08711226303508027,1492.9138960630273,0.004050411283995897
1493.379413336511,-0.0041962312534451485,1492.185,0.022513663090699687,0.09075162031551272,1493.379413336511,0.004043801426240256
1493.8449306099951,-0.0028534370940178633,1492.65,0.0864186948968475,0.09253115974852781,1493.8449306099951,0.0040148270205949185
1494.3104478834791,-0.0028534370940178633,1493.116,0.1074810581501231,0.09214140240141032,1494.3104478834791,0.003972822045074516
1494.775965156963,-0.003524834057316184,1493.581,0.34277513320388464,0.08947085744531043,1494.775965156963,0.003973720494338437
1495.241482430447,-0.003524834057316184,1494.048,0.07697997194208717,0.08465092799087401,1495.241482430447,0.004002748352185523
1495.706999703931,-0.0031891355756670237,1494.514,0.00580867207149427,0.07805983758934192,1495.706999703931,0.003993194383917212
1496.172516977415,-0.0028534370940178633,1494.975,0.06826535733156058,0.0702803293281585,1496.172516977415,0.003972663735925044
1496.6380342508987,-0.00553902518004179,1495.444,0.005084563727260516,0.06202083726344308,1496.6380342508987,0.003955938638234728
1497.1035515243827,-0.009567406959831715,1495.907,0.06608673614333238,0.0540190366738489,1497.1035515243827,0.003917712488706285
1497.5690687978667,-0.008392462506890297,1496.37,0.029773894714845817,0.0469467718233192,1497.5690687978667,0.00388041151336481
1498.0345860713508,-0.0057068741880357265,1496.836,0.05083612811050764,0.041330139212581704,1498.0345860713508,0.0038276025599717086
1498.5001033448345,-0.0038605325389653444,1497.299,0.013799178337787099,0.03749294754623735,1498.5001033448345,0.0038356700814797897
1498.9656206183186,-0.0010070954449474812,1497.765,0.022513663090699687,0.035527977496652374,1498.9656206183186,0.003867006765791588
1499.4311378918026,-0.000839246204122901,1498.229,0.00580867207149427,0.03529804535165674,1499.4311378918026,0.003871986257843815
1499.8966551652866,-0.0015106431674212217,1498.695,0.02541652248077564,0.03646657250369818,1499.8966551652866,0.0038731334720388533
1500.3621724387704,-0.0001678492408245802,1499.16,0.029773894714845817,0.03855421464210762,1500.3621724387704,0.0038308159955525636
1500.8276897122544,0.0018463416490703821,1499.626,0.0617293639092622,0.041014087832204164,1500.8276897122544,0.003747017810246324
1501.2932069857384,0.0031891355756670237,1500.093,0.10166930292967247,0.043314179612369934,1501.2932069857384,0.003644518767751481
1501.7587242592222,0.002517738612368703,1500.558,0.06826535733156058,0.04501319508201692,1501.7587242592222,0.0035649517165201993
1502.2242415327062,0.0030212863348424435,1501.026,0.07697997194208717,0.045816894004168024,1502.2242415327062,0.003528684880235257
1502.6897588061902,0.005035477224737406,1501.488,0.01888065891609103,0.045606416272715625,1502.6897588061902,0.00351799808977203
1503.1552760796742,0.0068818191066384315,1501.952,0.03195251590307402,0.044436771925596426,1503.1552760796742,0.0035078211733246796
1503.620793353158,0.008896009996533394,1502.414,0.04430026454582303,0.04250982598802607,1503.620793353158,0.003507595021062755
1504.086310626642,0.009903104975819588,1502.882,0.06608673614333238,0.04012950037482866,1504.086310626642,0.0035059070903961033
1504.551827900126,0.009735256433486938,1503.344,0.011620427291944901,0.03764744862966911,1504.551827900126,0.003513388669007616
1505.01734517361,0.008560311049222946,1503.81,0.021059280104319233,0.03540682450749728,1505.01734517361,0.0035270339648469295
1505.4828624470938,0.00520332669839263,1504.277,0.018156420714243282,0.03369132043089893,1505.4828624470938,0.0035070440302948217
1505.9483797205778,0.0031891355756670237,1504.743,0.013799178337787099,0.03268604813531345,1505.9483797205778,0.0034462230649215326
1506.4138969940618,-0.0001678492408245802,1505.207,0.058096359734653547,0.03245506509106643,1506.4138969940618,0.0033821125943737265
1506.8794142675458,-0.0028534370940178633,1505.673,0.01888065891609103,0.03293747428883482,1506.8794142675458,0.0033274121719047756
1507.3449315410296,-0.0028534370940178633,1506.138,0.009441806103716699,0.03396120179811717,1507.3449315410296,0.003275590069775989
1507.8104488145136,-0.0021820401307195425,1506.603,0.05083612811050764,0.035271684465758325,1507.8104488145136,0.0031911442646042065
1508.2759660879976,-0.0005035477224737406,1507.07,0.01234466549379265,0.03657151487782222,1508.2759660879976,0.0030748231196284174
1508.7414833614814,0.002517738612368703,1507.529,0.0864186948968475,0.037565821584871525,1508.7414833614814,0.0029730909461893737
1509.2070006349654,0.0038605325389653444,1507.996,0.0363097582795302,0.038006822995378914,1509.2070006349654,0.0028840069341083147
1509.6725179084494,0.0011749446857720613,1508.459,0.06826535733156058,0.0377305407692943,1509.6725179084494,0.002831177420675111
1510.1380351819334,-0.0015106431674212217,1508.93,0.018156420714243282,0.03667994586025573,1510.1380351819334,0.0027839441841673194
1510.6035524554172,-0.003524834057316184,1509.392,0.05083612811050764,0.034911662253135196,1510.6035524554172,0.00275303102316256
1511.0690697289012,-0.003524834057316184,1509.856,0.034131137091302,0.03258663814982644,1511.0690697289012,0.0027564068824139885
1511.5345870023853,-0.0010070954449474812,1510.325,0.01597779952601508,0.0299477750942433,1511.5345870023853,0.002788685187894774
1512.0001042758693,0.0011749446857720613,1510.791,0.020335041902471485,0.027289020028789367,1512.0001042758693,0.002814425597936265
1512.465621549353,0.002517738612368703,1511.249,0.01234466549379265,0.024921006917759066,1512.465621549353,0.0028264405327720686
1512.931138822837,0.0031891355756670237,1511.714,0.01670203772786283,0.023137982256006124,1512.931138822837,0.0028005274251144668
1513.396656096321,0.003524834057316184,1512.181,0.029773894714845817,0.022189429910006445,1513.396656096321,0.0028219421280974806
1513.8621733698049,0.002517738612368703,1512.647,0.029773894714845817,0.022257920140415003,1513.8621733698049,0.0028422959643260334
1514.3276906432889,0.0011749446857720613,1513.111,0.03558564993529645,0.023443036940230644,1514.3276906432889,0.002891870917951537
1514.7932079167729,0.0011749446857720613,1513.577,0.021059280104319233,0.025750521890317103,1514.7932079167729,0.0029626652623155067
1515.2587251902569,0.000839246204122901,1514.04,0.021059280104319233,0.029086226581830636,1515.2587251902569,0.003024927443446799
1515.7242424637407,-0.0005035477224737406,1514.51,0.05083612811050764,0.03325560501340357,1515.7242424637407,0.0030612148411093775
1516.1897597372247,-0.0028534370940178633,1514.97,0.013799178337787099,0.03797050242294366,1516.1897597372247,0.0030682523381419173
1516.6552770107087,-0.0041962312534451485,1515.44,0.022513663090699687,0.042865432494855985,1516.6552770107087,0.003043897638545621
1517.1207942841927,-0.0041962312534451485,1515.9,0.01670203772786283,0.04752523875168017,1517.1207942841927,0.0030256161943580397
1517.5863115576765,-0.003356984816491604,1516.369,0.07262259970801699,0.05152467221668486,1517.5863115576765,0.0030097730983906575
1518.0518288311605,-0.0015106431674212217,1516.835,0.034131137091302,0.0544776675615083,1518.0518288311605,0.0030182723705710715
1518.5173461046445,0.0018463416490703821,1517.298,0.04284575170182858,0.056090514629179515,1518.5173461046445,0.0030102870889809914
1518.9828633781285,0.0041962312534451485,1517.763,0.13362477212408908,0.05620993587354478,1518.9828633781285,0.002989419265721256
1519.4483806516123,0.0038605325389653444,1518.229,0.14016076554638746,0.05485531947798741,1519.4483806516123,0.002973156758001974
1519.9138979250963,0.0011749446857720613,1518.695,0.01670203772786283,0.05222512072071817,1519.9138979250963,0.0029484443213669146
1520.3794151985803,-0.001678492408245802,1519.16,0.05373898750058337,0.048672042304786056,1520.3794151985803,0.002943941807484285
1520.844932472064,-0.0021820401307195425,1519.626,0.048657506922279437,0.04464949878552308,1520.844932472064,0.0029215196913146097
1521.310449745548,-0.0021820401307195425,1520.085,0.003630050883266067,0.040639636660525065,1521.310449745548,0.002890997159943747
1521.7759670190321,-0.0011749446857720613,1520.551,0.0007271914931903378,0.03707748002008651,1521.7759670190321,0.0029236290916981266
1522.2414842925161,-0.001678492408245802,1521.018,0.003630050883266067,0.0342859933931392,1522.2414842925161,0.0030315249842015842
1522.707001566,-0.0031891355756670237,1521.481,0.022513663090699687,0.032433904001096206,1522.707001566,0.0031064785027881945
1523.172518839484,-0.002517738612368703,1521.944,0.01234466549379265,0.031522829417558726,1523.172518839484,0.003162988153938733
1523.638036112968,-0.0001678492408245802,1522.414,0.059550742721034,0.03140378314029738,1523.638036112968,0.003231052204482484
1524.103553386452,0.0005035477224737406,1522.878,0.020335041902471485,0.03181720482802171,1524.103553386452,0.003227160306517608
1524.5690706599357,-0.0001678492408245802,1523.34,0.09876644353959674,0.032446718531176325,1524.5690706599357,0.003221047989980404
1525.0345879334197,-0.0021820401307195425,1523.806,0.022513663090699687,0.032975541787774926,1525.0345879334197,0.003224347780251326
1525.5001052069038,-0.004531929735094309,1524.27,0.024692414136541663,0.03313589501590997,1525.5001052069038,0.0031899497998882187
1525.9656224803878,-0.00553902518004179,1524.736,0.0384885093253724,0.032745168361581624,1525.9656224803878,0.0031482491067921373
1526.4311397538715,-0.0038605325389653444,1525.203,0.03994289231175285,0.03172637408038969,1526.4311397538715,0.003148473206202524
1526.8966570273556,-0.002517738612368703,1525.67,0.045024372890056785,0.030112989071352098,1526.8966570273556,0.0031695815742433485
1527.3621743008396,-0.0021820401307195425,1526.129,0.022513663090699687,0.028039545677593123,1527.3621743008396,0.003184499497811896
1527.8276915743234,-0.0021820401307195425,1526.595,0.01597779952601508,0.02572028629571932,1527.8276915743234,0.0032080092069338706
1528.2932088478074,-0.0036926832981407642,1527.059,0.022513663090699687,0.023419414325982265,1528.2932088478074,0.003257814430028874
1528.7587261212914,-0.0041962312534451485,1527.525,0.011620427291944901,0.021417439644274935,1528.7587261212914,0.00332564410226583
1529.2242433947754,-0.0028534370940178633,1527.993,0.007987423117336245,0.019978170058770426,1529.2242433947754,0.003423453531767889
1529.6897606682592,-0.0015106431674212217,1528.455,0.027595273526617614,0.01932000529395922,1529.6897606682592,0.003530309120175018
1530.1552779417432,-0.0021820401307195425,1528.919,0.010166044305564448,0.019593758555396877,1530.1552779417432,0.0036199071102981212
1530.6207952152272,-0.00587472366169095,1529.389,0.059550742721034,0.02086774905846941,1530.6207952152272,0.0036686288487733365
1531.0863124887112,-0.007553216069936752,1529.852,0.00580867207149427,0.02311992587145568,1531.0863124887112,0.003691819884354951
1531.551829762195,-0.0068818191066384315,1530.315,0.003630050883266067,0.026236793747306784,1531.551829762195,0.0036787605365684118
1532.017347035679,-0.006210422143340111,1530.781,0.01234466549379265,0.03001976383969826,1532.017347035679,0.003704067140564967
1532.482864309163,-0.008224613033235073,1531.248,0.06826535733156058,0.0342001351296741,1532.482864309163,0.0037203563753718727
1532.948381582647,-0.009567406959831715,1531.714,0.005084563727260516,0.03846315249804943,1532.948381582647,0.00371861499037882
1533.4138988561308,-0.008896009996533394,1532.178,0.05083612811050764,0.04247979720640532,1533.4138988561308,0.0036884769210752863
1533.8794161296148,-0.007553216069936752,1532.643,0.010166044305564448,0.0459433189257615,1533.8794161296148,0.0036957693497870186
1534.3449334030988,-0.007553216069936752,1533.104,0.05737212153280602,0.04860629534564209,1534.3449334030988,0.0037368327011182904
1534.8104506765826,-0.008224613033235073,1533.569,0.1619472371438968,0.05031256396474407,1534.8104506765826,0.0037731591596355763
1535.2759679500666,-0.004531929735094309,1534.037,0.026871035324769865,0.05101701761086219,1535.2759679500666,0.003815363558944262
1535.7414852235506,-0.0021820401307195425,1534.5,0.07334683790986474,0.050786968969435346,1535.7414852235506,0.003876675892120208
1536.2070024970346,-0.0015106431674212217,1534.97,0.029773894714845817,0.049783040471675866,1536.2070024970346,0.003935151023795623
1536.6725197705184,-0.0028534370940178633,1535.432,0.020335041902471485,0.04822382256428787,1536.6725197705184,0.003949388430183626
1537.1380370440024,-0.0038605325389653444,1535.9,0.014523286682020853,0.046343410600158515,1537.1380370440024,0.003944739944169753
1537.6035543174864,-0.0041962312534451485,1536.363,0.06245360211110995,0.04435215229398763,1537.6035543174864,0.003937947109439588
1538.0690715909705,-0.0001678492408245802,1536.828,0.024692414136541663,0.04240874989353091,1538.0690715909705,0.0039293758807293
1538.5345888644542,0.0011749446857720613,1537.291,0.018156420714243282,0.04060798681018919,1538.5345888644542,0.003927268536859141
1539.0001061379382,-0.0003356984816491604,1537.757,0.01597779952601508,0.0389845559504071,1539.0001061379382,0.003916809952710019
1539.4656234114223,-0.0001678492408245802,1538.222,0.06826535733156058,0.03753033047808012,1539.4656234114223,0.0039002493330105325
1539.9311406849063,0.0021820401307195425,1538.688,0.0864186948968475,0.03621951725927986,1539.9311406849063,0.0039076486725938345
1540.39665795839,0.004364080261439085,1539.155,0.042121513499981056,0.035033826845803785,1540.39665795839,0.0038887812844601946
1540.862175231874,0.0036926832981407642,1539.621,0.0363097582795302,0.0339797302333945,1540.862175231874,0.003876141347407431
1541.327692505358,0.0031891355756670237,1540.079,0.046478885734051234,0.033092955486218566,1541.327692505358,0.003904928661194953
1541.7932097788419,0.002517738612368703,1540.544,0.00580867207149427,0.03243020457121627,1541.7932097788419,0.0038948257576739065
1542.2587270523259,0.003524834057316184,1541.015,0.005084563727260516,0.03205220416947924,1542.2587270523259,0.003824171221912881
1542.7242443258099,0.0038605325389653444,1541.477,0.04720312393589898,0.032004152391746865,1542.7242443258099,0.0037495466572431673
1543.189761599294,0.004531929735094309,1541.944,0.03195251590307402,0.03229920636166404,1543.189761599294,0.0037132983243309678
1543.6552788727777,0.0041962312534451485,1542.407,0.029049656512998068,0.03290866749961044,1543.6552788727777,0.0037347685378400336
1544.1207961462617,0.0038605325389653444,1542.871,0.00580867207149427,0.033760374400889866,1544.1207961462617,0.003775868898124153
1544.5863134197457,0.00520332669839263,1543.34,0.05301474929873562,0.034745429378383416,1544.5863134197457,0.00380119194865498
1545.0518306932297,0.0038605325389653444,1543.799,0.03195251590307402,0.035732422278689786,1545.0518306932297,0.0037677355891785236
1545.5173479667135,0.004867628216743469,1544.266,0.023237901292547436,0.03658713806843939,1545.5173479667135,0.0037384877447709467
1545.9828652401975,0.00520332669839263,1544.732,0.05301474929873562,0.03719450099578718,1545.9828652401975,0.0037252968148255962
1546.4483825136815,0.003524834057316184,1545.197,0.059550742721034,0.03747870731730824,1546.4483825136815,0.0037158333092918243
1546.9138997871653,0.002517738612368703,1545.663,0.058096359734653547,0.037417339458915136,1546.9138997871653,0.0037103706685859585
1547.3794170606493,0.0041962312534451485,1546.129,0.046478885734051234,0.03704605321485459,1547.3794170606493,0.003642286057329059
1547.8449343341333,0.0031891355756670237,1546.595,0.005084563727260516,0.03645261170526265,1547.8449343341333,0.0035690328055090212
1548.3104516076173,-0.0005035477224737406,1547.059,0.01597779952601508,0.03576216590051275,1548.3104516076173,0.0034900352490857592
1548.775968881101,-0.002517738612368703,1547.525,0.03122827770122627,0.035118129985808925,1548.775968881101,0.003375165599625651
1549.2414861545851,-0.0021820401307195425,1547.989,0.06826535733156058,0.0346632359734461,1549.2414861545851,0.003225131101508091
1549.7070034280691,-0.0018463416490703821,1548.451,0.020335041902471485,0.03452353465930265,1549.7070034280691,0.003081379562088537
1550.1725207015531,-0.0028534370940178633,1548.915,0.04430026454582303,0.03479608485907367,1550.1725207015531,0.0029883131853125746
1550.638037975037,-0.004867628216743469,1549.384,0.013799178337787099,0.035540462980043194,1550.638037975037,0.002917913586771954
1551.103555248521,-0.0031891355756670237,1549.852,0.003630050883266067,0.03677481499696521,1551.103555248521,0.0028616917713688707
1551.569072522005,-0.000839246204122901,1550.316,0.05083612811050764,0.03847742779187112,1551.569072522005,0.0028092323285475824
1552.034589795489,-0.0015106431674212217,1550.774,0.06608673614333238,0.04059356413000234,1552.034589795489,0.0027703626688607183
1552.5001070689727,-0.0028534370940178633,1551.241,0.07334683790986474,0.04304496064592037,1552.5001070689727,0.002737405901215507
1552.9656243424567,-0.0030212863348424435,1551.707,0.05519350034457782,0.04573773192878394,1552.9656243424567,0.0027273441146204807
1553.4311416159408,-0.0041962312534451485,1552.174,0.0363097582795302,0.04856520765616424,1553.4311416159408,0.0027735761058931816
1553.8966588894245,-0.0036926832981407642,1552.64,0.05519350034457782,0.0514054094992252,1553.8966588894245,0.0028283854944123775
1554.3621761629086,-0.003524834057316184,1553.104,0.0014514296950378647,0.0541165631725932,1554.3621761629086,0.0028380011409529764
1554.8276934363926,-0.0041962312534451485,1553.569,0.07262259970801699,0.05653614635381569,1554.8276934363926,0.0028073449730089332
1555.2932107098766,-0.0041962312534451485,1554.029,0.01888065891609103,0.058488545834193245,1555.2932107098766,0.0028063355059697232
1555.7587279833604,-0.0041962312534451485,1554.499,0.0363097582795302,0.05980372981410602,1555.7587279833604,0.002878007738291275
1556.2242452568444,-0.0036926832981407642,1554.96,0.046478885734051234,0.06034531059936858,1556.2242452568444,0.002982065184458377
1556.6897625303284,-0.003524834057316184,1555.429,0.1931725615537805,0.060041816405862716,1556.6897625303284,0.0030675286823463477
1557.1552798038124,-0.0041962312534451485,1555.889,0.10312368591605292,0.058911154617382715,1557.1552798038124,0.0031255576771471857
1557.6207970772962,-0.004867628216743469,1556.359,0.026871035324769865,0.05706770600611209,1557.6207970772962,0.0032145245019528134
1558.0863143507802,-0.00520332669839263,1556.825,0.03122827770122627,0.054706485576617024,1558.0863143507802,0.003309387771273365
1558.5518316242642,-0.004531929735094309,1557.287,0.026871035324769865,0.05206760841421871,1558.5518316242642,0.0033662654350366306
1559.0173488977482,-0.003524834057316184,1557.753,0.05083612811050764,0.049391521747453676,1559.0173488977482,0.003431876744937983
1559.482866171232,-0.0010070954449474812,1558.218,0.014523286682020853,0.04687733647187875,1559.482866171232,0.003531460460113319
1559.948383444716,0.0005035477224737406,1558.684,0.022513663090699687,0.04465395401825489,1559.948383444716,0.003618461801197108
1560.4139007182,0.000839246204122901,1559.148,0.023237901292547436,0.04276932397914828,1560.4139007182,0.0036234022407734606
1560.8794179916838,0.000839246204122901,1559.614,0.07044397851978879,0.04119854876480435,1560.8794179916838,0.0036005216562921163
1561.3449352651678,0.0011749446857720613,1560.079,0.06826535733156058,0.03986702200487319,1561.3449352651678,0.0035981922710763524
1561.8104525386518,0.0023498893715441227,1560.544,0.042121513499981056,0.038681276151988214,1561.8104525386518,0.003651348678188535
1562.2759698121358,0.0036926832981407642,1561.007,0.027595273526617614,0.0375591623423441,1562.2759698121358,0.0037443122530443
1562.7414870856196,0.004531929735094309,1561.469,0.05083612811050764,0.03645264551374423,1562.7414870856196,0.003852498032909032
1563.2070043591036,0.004531929735094309,1561.937,0.059550742721034,0.03535935547838549,1563.2070043591036,0.003895317158327411
1563.6725216325876,0.0041962312534451485,1562.399,0.03340689888945447,0.034321488249876186,1563.6725216325876,0.003916962126767325
1564.1380389060716,0.0031891355756670237,1562.871,0.048657506922279437,0.03341260340755822,1564.1380389060716,0.003927924415255363
1564.6035561795554,0.0011749446857720613,1563.333,0.009441806103716699,0.03271504349377349,1564.6035561795554,0.0039430027013610735
1565.0690734530394,0.0023498893715441227,1563.799,0.021059280104319233,0.03229310129897367,1565.0690734530394,0.003970235722135989
1565.5345907265234,0.0011749446857720613,1564.263,0.0007271914931903378,0.03216872132840859,1565.5345907265234,0.003997664057265848
1566.0001080000075,-0.0001678492408245802,1564.728,0.021059280104319233,0.03230644132065433,1566.0001080000075,0.003997881983713903
1566.4656252734912,-0.0041962312534451485,1565.192,0.011620427291944901,0.03261211501319054,1566.4656252734912,0.003983186099856832
1566.9311425469753,-0.008896009996533394,1565.658,0.0842400737086193,0.032946203844198746,1566.9311425469753,0.003951273749551407
1567.3966598204593,-0.008896009996533394,1566.123,0.011620427291944901,0.033148328354985934,1567.3966598204593,0.003962626663375551
1567.862177093943,-0.004531929735094309,1566.588,0.05737212153280602,0.03306691378438432,1567.862177093943,0.003974616919577661
1568.327694367427,-0.0005035477224737406,1567.056,0.03122827770122627,0.03258714824435844,1568.327694367427,0.003952626559903867
1568.793211640911,0.0011749446857720613,1567.514,0.06681084448756636,0.03165177898564042,1568.793211640911,0.003909513435580479
1569.258728914395,0.0018463416490703821,1567.981,0.01670203772786283,0.030271469729321,1569.258728914395,0.0038693567542078654
1569.7242461878789,0.0031891355756670237,1568.444,0.018156420714243282,0.02852392821136962,1569.7242461878789,0.0038382667848503426
1570.1897634613629,0.0031891355756670237,1568.915,0.01597779952601508,0.026543504854441295,1570.1897634613629,0.0037801822811062494
1570.6552807348469,0.0023498893715441227,1569.377,0.026871035324769865,0.02450473579675804,1570.6552807348469,0.0037563497908757047
1571.120798008331,0.0018463416490703821,1569.844,0.024692414136541663,0.022603595431010075,1571.120798008331,0.0037661648638083567
1571.5863152818147,-0.0001678492408245802,1570.308,0.011620427291944901,0.02103923995031002,1571.5863152818147,0.0037965640347903075
1572.0518325552987,-0.004867628216743469,1570.774,0.024692414136541663,0.01999775222228184,1572.0518325552987,0.0038426089318923154
1572.5173498287827,-0.0068818191066384315,1571.24,0.005084563727260516,0.019638504999736676,1572.5173498287827,0.00396664808845175
1572.9828671022665,-0.0068818191066384315,1571.699,0.034131137091302,0.020083160978783963,1572.9828671022665,0.004072344118367602
1573.4483843757505,-0.007217517588287592,1572.17,0.026871035324769865,0.02140674366747208,1573.4483843757505,0.004079885315158931
1573.9139016492345,-0.010238803923130035,1572.629,0.04430026454582303,0.02362973455901617,1573.9139016492345,0.004059930330573729
1574.3794189227185,-0.009735256433486938,1573.101,0.03776427112352465,0.026710265132948694,1574.3794189227185,0.004048577411447932
1574.8449361962023,-0.008392462506890297,1573.559,0.021059280104319233,0.03053663619272838,1574.8449361962023,0.004089243961626031
1575.3104534696863,-0.009567406959831715,1574.029,0.005084563727260516,0.034922500787248116,1575.3104534696863,0.004186876583026295
1575.7759707431703,-0.010238803923130035,1574.492,0.003630050883266067,0.0396091138341413,1575.7759707431703,0.004299336668332046
1576.2414880166543,-0.008896009996533394,1574.956,0.03340689888945447,0.04427955740668743,1576.2414880166543,0.004366997752711346
1576.707005290138,-0.0068818191066384315,1575.425,0.005084563727260516,0.04858768289614139,1576.707005290138,0.004388531696999157
1577.1725225636221,-0.006210422143340111,1575.889,0.09949068174144426,0.052199857259154894,1577.1725225636221,0.004406027769294348
1577.6380398371061,-0.004531929735094309,1576.351,0.12273153632533429,0.05484200049108884,1577.6380398371061,0.004444494459999099
1578.1035571105901,-0.0018463416490703821,1576.817,0.12999176794948042,0.05634032213197789,1578.1035571105901,0.004478974677274318
1578.569074384074,-0.0015106431674212217,1577.28,0.005084563727260516,0.056644337864727466,1578.569074384074,0.0045473245057374495
1579.034591657558,-0.0031891355756670237,1577.746,0.03122827770122627,0.05582630097440615,1579.034591657558,0.004649385627831666
1579.500108931042,-0.004531929735094309,1578.212,0.02541652248077564,0.05405951038453015,1579.500108931042,0.004726958412795322
1579.9656262045257,-0.0028534370940178633,1578.677,0.0885974459426897,0.051583975584791,1579.9656262045257,0.004782512051566722
1580.4311434780097,-0.0011749446857720613,1579.144,0.0384885093253724,0.0486687573007355,1580.4311434780097,0.004827683175189472
1580.8966607514938,0.0005035477224737406,1579.61,0.018156420714243282,0.045577727817407564,1580.8966607514938,0.004890292810601666
1581.3621780249778,0.0011749446857720613,1580.075,0.00580867207149427,0.042542915614372734,1581.3621780249778,0.004979179449840922
1581.8276952984615,0.002517738612368703,1580.541,0.09658782235136854,0.039748019067489475,1581.8276952984615,0.0050098664549190885
1582.2932125719456,0.002517738612368703,1581.004,0.009441806103716699,0.03732288678430278,1582.2932125719456,0.005039702299623522
1582.7587298454296,0.0038605325389653444,1581.466,0.01670203772786283,0.03534740117948853,1582.7587298454296,0.005088399368665224
1583.2242471189136,0.006546120624989271,1581.929,0.051560366312355166,0.03386138913320933,1583.2242471189136,0.005169012896553048
1583.6897643923974,0.00520332669839263,1582.399,0.09005182892907015,0.032876425485327994,1583.6897643923974,0.005260144628757573
1584.1552816658814,0.0031891355756670237,1582.86,0.03340689888945447,0.032385280798294294,1584.1552816658814,0.0053269504402412154
1584.6207989393654,0.00520332669839263,1583.33,0.005084563727260516,0.03236571991417492,1584.6207989393654,0.005346438723773654
1585.0863162128494,0.007888914085924625,1583.795,0.03994289231175285,0.03277814634005615,1585.0863162128494,0.005340844502682849
1585.5518334863332,0.007888914085924625,1584.256,0.005084563727260516,0.03356013475699313,1585.5518334863332,0.005349629546525611
1586.0173507598172,0.00587472366169095,1584.722,0.0014514296950378647,0.03462285347651799,1586.0173507598172,0.005335128979909586
1586.4828680333012,0.0031891355756670237,1585.185,0.05083612811050764,0.03585362068474154,1586.4828680333012,0.0052901141073173445
1586.948385306785,0.0011749446857720613,1585.651,0.059550742721034,0.037125998750931984,1586.948385306785,0.00524790148473867
1587.413902580269,-0.0001678492408245802,1586.116,0.01234466549379265,0.038315334539300014,1587.413902580269,0.005213339022605988
1587.879419853753,0.0003356984816491604,1586.581,0.09077606713091768,0.03931508891160767,1587.879419853753,0.005163690054337347
1588.344937127237,0.0023498893715441227,1587.048,0.05373898750058337,0.04004869022116953,1588.344937127237,0.0051217508725799705
1588.8104544007208,0.0018463416490703821,1587.514,0.058096359734653547,0.040472989302487064,1588.8104544007208,0.005095580773815193
1589.2759716742048,0.000839246204122901,1587.974,0.00580867207149427,0.04057226355139754,1589.2759716742048,0.005050652248218633
1589.7414889476888,-0.0015106431674212217,1588.444,0.022513663090699687,0.04034545989214277,1589.7414889476888,0.004957775020469775
1590.2070062211728,-0.003524834057316184,1588.907,0.023237901292547436,0.039792458300792644,1590.2070062211728,0.004853793650934786
1590.6725234946566,-0.004867628216743469,1589.37,0.0014514296950378647,0.03890576334745517,1590.6725234946566,0.0047621068136066355
1591.1380407681406,-0.00553902518004179,1589.835,0.08787320774084195,0.03767169491159766,1591.1380407681406,0.004707809358445742
1591.6035580416246,-0.006210422143340111,1590.306,0.01670203772786283,0.03608110637911129,1591.6035580416246,0.004695333898516835
1592.0690753151086,-0.0041962312534451485,1590.764,0.021059280104319233,0.03414590727536064,1592.0690753151086,0.004704803570867129
1592.5345925885924,-0.004531929735094309,1591.229,0.08133721431854357,0.0319156182992756,1592.5345925885924,0.00470924440701933
1593.0001098620764,-0.007888914085924625,1591.695,0.06826535733156058,0.02948795027461423,1593.0001098620764,0.004648162337617672
1593.4656271355605,-0.009567406959831715,1592.16,0.005084563727260516,0.027008567167627458,1593.4656271355605,0.004539733963884799
1593.9311444090442,-0.009567406959831715,1592.625,0.029773894714845817,0.024657903415663363,1593.9311444090442,0.004458086296595363
1594.3966616825282,-0.010910200886428356,1593.093,0.0014514296950378647,0.02262694037085243,1594.3966616825282,0.004402207818636353
1594.8621789560123,-0.012252994813024998,1593.558,0.00580867207149427,0.021087505671163884,1594.8621789560123,0.004385486833801636
1595.3276962294963,-0.011581597849726677,1594.026,0.00580867207149427,0.020164080850199478,1595.3276962294963,0.004378774179102336
1595.79321350298,-0.010238803923130035,1594.488,0.034131137091302,0.01991301129320341,1595.79321350298,0.00432802939019669
1596.258730776464,-0.007553216069936752,1594.952,0.024692414136541663,0.020312480338273563,1596.258730776464,0.004271100324815967
1596.724248049948,-0.00553902518004179,1595.414,0.0014514296950378647,0.0212640282932306,1596.724248049948,0.004194064140208621
1597.189765323432,-0.0015106431674212217,1595.881,0.00580867207149427,0.02260474361135411,1597.189765323432,0.004167225862516394
1597.6552825969159,-0.0015106431674212217,1596.344,0.04284575170182858,0.024128445840118317,1597.6552825969159,0.0041763768666964254
1598.1207998703999,-0.00553902518004179,1596.81,0.04284575170182858,0.02561334346479606,1598.1207998703999,0.00420072540139837
1598.586317143884,-0.009567406959831715,1597.276,0.007987423117336245,0.02685250449614145,1598.586317143884,0.0042260196698910455
1599.051834417368,-0.008896009996533394,1597.742,0.034131137091302,0.02768281559540079,1599.051834417368,0.0042971696906337845
1599.5173516908517,-0.004867628216743469,1598.207,0.03340689888945447,0.02800845554392645,1599.5173516908517,0.004402462759895024
1599.9828689643357,-0.0015106431674212217,1598.673,0.018156420714243282,0.027815679143073868,1599.9828689643357,0.004462757405502432
1600.4483862378197,-0.0021820401307195425,1599.138,0.10166930292967247,0.027176219911858892,1600.4483862378197,0.004525033977082423
1600.9139035113035,-0.003524834057316184,1599.604,0.013799178337787099,0.026237231886407412,1600.9139035113035,0.004585336840347312
1601.3794207847875,-0.0041962312534451485,1600.07,0.01597779952601508,0.02519745453345611,1601.3794207847875,0.00461235809901811
1601.8449380582715,-0.004867628216743469,1600.529,0.00580867207149427,0.02427261380969667,1601.8449380582715,0.004592236585524117
1602.3104553317555,-0.004531929735094309,1601.0,0.0014514296950378647,0.023656722884416122,1602.3104553317555,0.004524437751576294
1602.7759726052393,-0.004867628216743469,1601.461,0.020335041902471485,0.023487770895396037,1602.7759726052393,0.004406739135569812
1603.2414898787233,-0.003524834057316184,1601.93,0.0014514296950378647,0.023825279569948444,1603.2414898787233,0.004232362286062125
1603.7070071522073,-0.0003356984816491604,1602.392,0.010166044305564448,0.024644179878848163,1603.7070071522073,0.004026011403964123
1604.1725244256913,-0.0015106431674212217,1602.856,0.018156420714243282,0.025845746672802518,1604.1725244256913,0.0038450144008299733
1604.6380416991751,-0.003524834057316184,1603.325,0.06681084448756636,0.027282664286381927,1604.6380416991751,0.0037416066491883088
1605.1035589726591,-0.0041962312534451485,1603.784,0.058096359734653547,0.028792164818399354,1605.1035589726591,0.003711739961246721
1605.5690762461431,-0.0028534370940178633,1604.249,0.013799178337787099,0.030229560764053785,1605.5690762461431,0.0037023915874532186
1606.034593519627,0.0001678492408245802,1604.714,0.018156420714243282,0.03149534094157578,1606.034593519627,0.0036795377177849934
1606.500110793111,0.0038605325389653444,1605.181,0.029773894714845817,0.03255175674020838,1606.500110793111,0.0036779320223164747
1606.965628066595,0.004531929735094309,1605.647,0.07697997194208717,0.03342740657653461,1606.965628066595,0.0037317052070323935
1607.431145340079,0.0038605325389653444,1606.111,0.0617293639092622,0.034209375650913865,1607.431145340079,0.0038102895117014227
1607.8966626135627,0.0018463416490703821,1606.577,0.022513663090699687,0.03502302281698327,1607.8966626135627,0.003948668865178633
1608.3621798870468,-0.0001678492408245802,1607.049,0.020335041902471485,0.03600142922182341,1608.3621798870468,0.0041235699929312005
1608.8276971605308,-0.0005035477224737406,1607.507,0.0029058126814183183,0.037249895928638706,1608.8276971605308,0.004258836651987942
1609.2932144340148,-0.000839246204122901,1607.97,0.05519350034457782,0.038813583529251,1609.2932144340148,0.004362419170438551
1609.7587317074986,-0.0015106431674212217,1608.44,0.010166044305564448,0.04065649527540953,1609.7587317074986,0.0044839089554356195
1610.2242489809826,-0.0001678492408245802,1608.904,0.013799178337787099,0.04265764025404377,1610.2242489809826,0.004640802071791
1610.6897662544666,0.0011749446857720613,1609.366,0.013799178337787099,0.044626725736406546,1610.6897662544666,0.00482649483687596
1611.1552835279506,0.0031891355756670237,1609.832,0.06681084448756636,0.046337787232585165,1611.1552835279506,0.004927908334570138
1611.6208008014344,0.0038605325389653444,1610.294,0.05519350034457782,0.0475746424783234,1611.6208008014344,0.004944378489062501
1612.0863180749184,0.004531929735094309,1610.76,0.19026970216370476,0.04817764571853895,1612.0863180749184,0.00491796990305952
1612.5518353484024,0.006546120624989271,1611.226,0.011620427291944901,0.04807919341875974,1612.5518353484024,0.004888913255730866
1613.0173526218862,0.006210422143340111,1611.692,0.03122827770122627,0.04731814009058037,1613.0173526218862,0.004858172791167243
1613.4828698953702,0.004867628216743469,1612.159,0.013799178337787099,0.04603045175791249,1613.4828698953702,0.004834946798255157
1613.9483871688542,0.00520332669839263,1612.625,0.05083612811050764,0.04442117684694347,1613.9483871688542,0.004831400291601165
1614.4139044423382,0.006546120624989271,1613.089,0.0617293639092622,0.0427267437357536,1614.4139044423382,0.004863655979162439
1614.879421715822,0.008560311049222946,1613.555,0.013799178337787099,0.04117599896565847,1614.879421715822,0.004922774617442829
1615.344938989306,0.006546120624989271,1614.015,0.011620427291944901,0.03995606311137671,1615.344938989306,0.004995302115581662
1615.81045626279,0.002517738612368703,1614.485,0.04720312393589898,0.03918724566514177,1615.81045626279,0.005027368659038185
1616.275973536274,0.0031891355756670237,1614.948,0.07697997194208717,0.038909693125662476,1616.275973536274,0.005069811543654347
1616.7414908097578,0.006546120624989271,1615.411,0.010166044305564448,0.03908245610321724,1616.7414908097578,0.005127797360672389
1617.2070080832418,0.007553216069936752,1615.878,0.00580867207149427,0.03959398342629937,1617.2070080832418,0.005171130472132347
1617.6725253567258,0.008392462506890297,1616.341,0.03340689888945447,0.04028247554732416,1617.6725253567258,0.005214451248000018
1618.1380426302098,0.007888914085924625,1616.807,0.08351583550677177,0.0409640822780304,1618.1380426302098,0.005280153009265449
1618.6035599036936,0.006546120624989271,1617.271,0.003630050883266067,0.04146526374468339,1618.6035599036936,0.005350258606987447
1619.0690771771776,0.00520332669839263,1617.737,0.12708890855940447,0.0416533907108091,1619.0690771771776,0.005427041907873305
1619.5345944506616,0.003524834057316184,1618.203,0.046478885734051234,0.04145882102736703,1619.5345944506616,0.005602140405538789
1620.0001117241454,0.002517738612368703,1618.669,0.0014514296950378647,0.040883379311143164,1620.0001117241454,0.005776219155551821
1620.4656289976294,0.004531929735094309,1619.133,0.0384885093253724,0.03999393266800568,1620.4656289976294,0.0059373578005204606
1620.9311462711134,0.0041962312534451485,1619.599,0.05737212153280602,0.038903811554988274,1620.9311462711134,0.006075893405330475
1621.3966635445975,0.003524834057316184,1620.064,0.05519350034457782,0.03774709836049724,1621.3966635445975,0.006162393093700573
1621.8621808180812,0.004364080261439085,1620.53,0.00580867207149427,0.036650996478762694,1621.8621808180812,0.006218477162007717
1622.3276980915653,0.0038605325389653444,1620.993,0.005084563727260516,0.035711216880176026,1622.3276980915653,0.006225827154881308
1622.7932153650493,0.0028534370940178633,1621.455,0.003630050883266067,0.03497538473389234,1622.7932153650493,0.0062463351860120135
1623.2587326385333,0.0031891355756670237,1621.919,0.04720312393589898,0.03443856911291183,1623.2587326385333,0.006348571065666513
1623.724249912017,0.0031891355756670237,1622.389,0.04938174512412696,0.034051917614723134,1623.724249912017,0.006521578670596199
1624.189767185501,0.0005035477224737406,1622.852,0.08787320774084195,0.03374101865886103,1624.189767185501,0.006689072236536413
1624.655284458985,-0.002517738612368703,1623.315,0.00580867207149427,0.03342761655730803,1624.655284458985,0.006751252179361019
1625.120801732469,-0.0038605325389653444,1623.78,0.03340689888945447,0.033048504850841126,1625.120801732469,0.006739582643906929
1625.5863190059529,-0.00520332669839263,1624.245,0.020335041902471485,0.032568242853681935,1625.5863190059529,0.0067558369292089375
1626.0518362794369,-0.0068818191066384315,1624.711,0.03994289231175285,0.03198536919561732,1626.0518362794369,0.006795051985494076
1626.517353552921,-0.008896009996533394,1625.178,0.048657506922279437,0.03133311281571364,1626.517353552921,0.006821322824865975
1626.9828708264047,-0.012420844286680222,1625.643,0.026871035324769865,0.030675408303685456,1626.9828708264047,0.0068552499962887
1627.4483880998887,-0.015274280682206154,1626.108,0.005084563727260516,0.03009874285430127,1627.4483880998887,0.00686497871923119
1627.9139053733727,-0.01762416958808899,1626.574,0.046478885734051234,0.02970074886235347,1627.9139053733727,0.006861664540302552
1628.3794226468567,-0.02064545638859272,1627.037,0.05301474929873562,0.02957697963979294,1628.3794226468567,0.0068766893697290565
1628.8449399203405,-0.021820401772856712,1627.499,0.007987423117336245,0.0298073681669851,1628.8449399203405,0.006895601990527573
1629.3104571938245,-0.01896696351468563,1627.967,0.003630050883266067,0.030443836452367555,1629.3104571938245,0.006919156930352329
1629.7759744673085,-0.012924391776323318,1628.429,0.05083612811050764,0.031500836097304676,1629.7759744673085,0.006959007274013573
1630.2414917407925,-0.010070954449474812,1628.9,0.026871035324769865,0.03295064233416133,1630.2414917407925,0.00700286054185371
1630.7070090142763,-0.01040665339678526,1629.362,0.05083612811050764,0.034724302871223724,1630.7070090142763,0.007001688655102341
1631.1725262877603,-0.009567406959831715,1629.828,0.01597779952601508,0.03671785914048984,1631.1725262877603,0.006935803906897905
1631.6380435612443,-0.0068818191066384315,1630.291,0.02541652248077564,0.038802847890818754,1631.6380435612443,0.006946445468075737
1632.1035608347283,-0.004867628216743469,1630.756,0.05301474929873562,0.04084007338866345,1632.1035608347283,0.006950672490358849
1632.5690781082121,-0.0015106431674212217,1631.222,0.06245360211110995,0.042695321021930535,1632.5690781082121,0.0069126457691931105
1633.0345953816961,0.0011749446857720613,1631.688,0.029773894714845817,0.044254844958994795,1633.0345953816961,0.006859322832045642
1633.5001126551801,0.0023498893715441227,1632.153,0.029773894714845817,0.04543790201100054,1633.5001126551801,0.006795724291673437
1633.965629928664,0.0021820401307195425,1632.618,0.12926752974763267,0.04620390058333552,1633.965629928664,0.00670661972248116
1634.431147202148,0.002517738612368703,1633.085,0.010166044305564448,0.04655263215463626,1634.431147202148,0.00661214503001426
1634.896664475632,0.002517738612368703,1633.544,0.023237901292547436,0.04651746101886531,1634.896664475632,0.006517653889792485
1635.362181749116,-0.0003356984816491604,1634.015,0.023237901292547436,0.04615345391214693,1635.362181749116,0.006398935517284156
1635.8276990225997,-0.0041962312534451485,1634.477,0.09005182892907015,0.04552426355901257,1635.8276990225997,0.006252355005300752
1636.2932162960838,-0.007553216069936752,1634.941,0.01597779952601508,0.04469153326787861,1636.2932162960838,0.006141946753895228
1636.7587335695678,-0.008560311049222946,1635.41,0.03994289231175285,0.0437088771533975,1636.7587335695678,0.006053816700409203
1637.2242508430518,-0.007553216069936752,1635.871,0.03195251590307402,0.0426208975568539,1637.2242508430518,0.00597817033590569
1637.6897681165356,-0.007553216069936752,1636.34,0.03195251590307402,0.0414668851779874,1637.6897681165356,0.005907885870793656
1638.1552853900196,-0.008896009996533394,1636.799,0.04430026454582303,0.040287906284626446,1638.1552853900196,0.005808476917533429
1638.6208026635036,-0.0068818191066384315,1637.27,0.1118383005265795,0.039134426021485896,1638.6208026635036,0.005680449234989522
1639.0863199369874,-0.0028534370940178633,1637.729,0.03195251590307402,0.038070371636742435,1639.0863199369874,0.0055633057181120075
1639.5518372104714,-0.000839246204122901,1638.197,0.00580867207149427,0.03717015165847274,1639.5518372104714,0.00544695785128465
1640.0173544839554,0.0011749446857720613,1638.663,0.03558564993529645,0.03650811878782738,1640.0173544839554,0.0053425776187130325
1640.4828717574394,0.005035477224737406,1639.13,0.020335041902471485,0.03614359682741253,1640.4828717574394,0.005220368255264338
1640.9483890309232,0.004867628216743469,1639.595,0.04430026454582303,0.036106321315187144,1640.9483890309232,0.005070128162224221
1641.4139063044072,0.004364080261439085,1640.059,0.046478885734051234,0.036386265096377504,1641.4139063044072,0.004941693403649036
1641.8794235778912,0.0031891355756670237,1640.525,0.01888065891609103,0.03692986457219188,1641.8794235778912,0.004846908267046166
1642.3449408513752,0.0031891355756670237,1640.985,0.0014514296950378647,0.03764324265810601,1642.3449408513752,0.0047882583843698
1642.810458124859,0.004867628216743469,1641.455,0.08787320774084195,0.038402266789227604,1642.810458124859,0.00475152074550988
1643.275975398343,0.006546120624989271,1641.915,0.02541652248077564,0.03906834340902162,1643.275975398343,0.004710623924176819
1643.741492671827,0.006546120624989271,1642.385,0.034131137091302,0.03950752786255304,1643.741492671827,0.004665989404857388
1644.207009945311,0.0011749446857720613,1642.844,0.07262259970801699,0.03960971329459671,1644.207009945311,0.0045965088147538165
1644.6725272187948,-0.0028534370940178633,1643.315,0.0029058126814183183,0.03930498725980038,1644.6725272187948,0.004500317410169604
1645.1380444922788,-0.003524834057316184,1643.774,0.04284575170182858,0.03857522603798217,1645.1380444922788,0.0043781985084943645
1645.6035617657628,-0.0041962312534451485,1644.24,0.048657506922279437,0.03745979039280935,1645.6035617657628,0.0042534829540837645
1646.0690790392466,-0.00553902518004179,1644.706,0.06245360211110995,0.036054366793950174,1646.0690790392466,0.00412146469034819
1646.5345963127306,-0.00587472366169095,1645.171,0.04938174512412696,0.03450187026465513,1646.5345963127306,0.00399702051727672
1647.0001135862146,-0.00520332669839263,1645.637,0.010166044305564448,0.032974902739280366,1647.0001135862146,0.0038905576213480275
1647.4656308596986,-0.0038605325389653444,1646.104,0.021059280104319233,0.031651181926128306,1647.4656308596986,0.0037398014896999838
1647.9311481331824,-0.001678492408245802,1646.569,0.0384885093253724,0.030685755609693895,1647.9311481331824,0.0035712408916860243
1648.3966654066664,0.0005035477224737406,1647.033,0.024692414136541663,0.03018510162672284,1648.3966654066664,0.003394304381812121
1648.8621826801505,0.0001678492408245802,1647.495,0.005084563727260516,0.030187847975589533,1648.8621826801505,0.003223342442078191
1649.3276999536345,-0.003524834057316184,1647.959,0.029773894714845817,0.03065557792315065,1649.3276999536345,0.0030090700073693182
1649.7932172271182,-0.00520332669839263,1648.429,0.03340689888945447,0.0314756635436451,1649.7932172271182,0.0028214302578627734
1650.2587345006023,-0.003524834057316184,1648.892,0.0363097582795302,0.03247628847277743,1650.2587345006023,0.002670731691659934
1650.7242517740863,-0.0028534370940178633,1649.355,0.02541652248077564,0.03345193662801206,1650.7242517740863,0.0025364107704949324
1651.1897690475703,-0.0041962312534451485,1649.821,0.003630050883266067,0.03419620679443179,1651.1897690475703,0.0024205666090417275
1651.655286321054,-0.0041962312534451485,1650.284,0.045024372890056785,0.03453793520812578,1651.655286321054,0.0023374407243280052
1652.120803594538,-0.00553902518004179,1650.75,0.06608673614333238,0.034375586581613875,1652.120803594538,0.0022577503239157156
1652.586320868022,-0.0068818191066384315,1651.215,0.09440920116314033,0.0337034759927814,1652.586320868022,0.0022127354449095857
1653.0518381415059,-0.0041962312534451485,1651.68,0.022513663090699687,0.032622878450894885,1653.0518381415059,0.002232178483228859
1653.5173554149899,-0.0001678492408245802,1652.145,0.04430026454582303,0.03133327119591411,1653.5173554149899,0.0023302736853657567
1653.982872688474,-0.0001678492408245802,1652.611,0.0007271914931903378,0.030103923168996717,1653.982872688474,0.0024670411847371302
1654.448389961958,-0.0003356984816491604,1653.075,0.00580867207149427,0.029231527187608033,1654.448389961958,0.002574094123573106
1654.9139072354417,-0.0001678492408245802,1653.541,0.02541652248077564,0.028992842268725415,1654.9139072354417,0.002631512499572937
1655.3794245089257,-0.0015106431674212217,1654.004,0.03122827770122627,0.02960129162720389,1655.3794245089257,0.002672218111803535
1655.8449417824097,-0.0028534370940178633,1654.473,0.024692414136541663,0.031174015879272095,1655.8449417824097,0.0027426876172223055
1656.3104590558937,-0.0005035477224737406,1654.937,0.042121513499981056,0.03371281033416756,1656.3104590558937,0.00279316513013541
1656.7759763293775,0.0011749446857720613,1655.399,0.02541652248077564,0.037100100858457545,1656.7759763293775,0.0028194112992381906
1657.2414936028615,0.0031891355756670237,1655.867,0.01234466549379265,0.04110992556190436,1657.2414936028615,0.0028135724223530135
1657.7070108763455,0.0018463416490703821,1656.329,0.01888065891609103,0.04543311461921474,1657.7070108763455,0.0027448463583408366
1658.1725281498295,-0.0001678492408245802,1656.795,0.10530243696189512,0.04971449400703778,1658.1725281498295,0.002663496804289286
1658.6380454233133,-0.0015106431674212217,1657.259,0.027595273526617614,0.0535975384833203,1658.6380454233133,0.002593929859313129
1659.1035626967973,-0.0015106431674212217,1657.725,0.12708890855940447,0.056769404632578103,1659.1035626967973,0.0024845084595284048
1659.5690799702813,-0.0015106431674212217,1658.19,0.046478885734051234,0.05899849149892985,1659.5690799702813,0.0023885144200887615
1660.0345972437651,0.0011749446857720613,1658.655,0.01234466549379265,0.0601585134449108,1660.0345972437651,0.0022895228159412312
1660.5001145172491,0.003524834057316184,1659.122,0.12708890855940447,0.0602365700517687,1660.5001145172491,0.0021738307902331258
1660.9656317907331,0.002517738612368703,1659.588,0.034131137091302,0.05932587737005948,1660.9656317907331,0.0021304051635350203
1661.4311490642172,0.0011749446857720613,1660.052,0.059550742721034,0.05760553257043179,1661.4311490642172,0.00215519161318194
1661.896666337701,0.0005035477224737406,1660.517,0.05373898750058337,0.05531048664682826,1661.896666337701,0.00218055372018698
1662.362183611185,-0.0018463416490703821,1660.981,0.06826535733156058,0.05269571605314946,1662.362183611185,0.002207079497304029
1662.827700884669,-0.003524834057316184,1661.444,0.05083612811050764,0.049999368255019785,1662.827700884669,0.002251989516710183
1663.293218158153,-0.0041962312534451485,1661.915,0.0029058126814183183,0.04741015710252239,1663.293218158153,0.0023248685845835885
1663.7587354316368,-0.0036926832981407642,1662.377,0.0007271914931903378,0.04504455330598372,1663.7587354316368,0.002333038903280593
1664.2242527051208,-0.005035477224737406,1662.843,0.06608673614333238,0.04293871971640004,1664.2242527051208,0.002295468599320338
1664.6897699786048,-0.006546120624989271,1663.309,0.0384885093253724,0.041057526448780246,1664.6897699786048,0.002235794852257356
1665.1552872520886,-0.006210422143340111,1663.775,0.027595273526617614,0.03931857138349188,1665.1552872520886,0.002151511464484853
1665.6208045255726,-0.0041962312534451485,1664.234,0.09295468831914588,0.037624963510075535,1665.6208045255726,0.0021512647493052753
1666.0863217990566,-0.0030212863348424435,1664.699,0.059550742721034,0.035898581635936004,1666.0863217990566,0.002169394055768549
1666.5518390725406,-0.0038605325389653444,1665.166,0.00580867207149427,0.03410608233371221,1666.5518390725406,0.0021317271193454614
1667.0173563460244,-0.0023498893715441227,1665.632,0.059550742721034,0.03227271440890613,1667.0173563460244,0.002055021937793398
1667.4828736195084,-0.001678492408245802,1666.096,0.013799178337787099,0.0304829277016421,1667.4828736195084,0.002000200216602244
1667.9483908929924,-0.0015106431674212217,1666.562,0.013799178337787099,0.028870146737172045,1667.9483908929924,0.002017252209329038
1668.4139081664764,0.0003356984816491604,1667.03,0.011620427291944901,0.02759976222283782,1668.4139081664764,0.0020795596191040505
1668.8794254399602,0.0005035477224737406,1667.492,0.021059280104319233,0.026849323056818544,1668.8794254399602,0.002131611985474832
1669.3449427134442,-0.0003356984816491604,1667.955,0.06608673614333238,0.026788457832546235,1669.3449427134442,0.0020555420908739443
1669.8104599869282,0.0006713969632983208,1668.426,0.0363097582795302,0.0275589405155637,1669.8104599869282,0.0019889213103884916
1670.2759772604122,0.002517738612368703,1668.889,0.046478885734051234,0.029253968944376377,1670.2759772604122,0.0019342743482206385
1670.741494533896,0.002517738612368703,1669.351,0.005084563727260516,0.03189643711907086,1670.741494533896,0.0018479124064046204
1671.20701180738,0.0010070954449474812,1669.817,0.03195251590307402,0.03541852128203209,1671.20701180738,0.0017676853989255395
1671.672529080864,-0.0001678492408245802,1670.28,0.03122827770122627,0.03964752646084879,1671.672529080864,0.0017009659373094287
1672.1380463543478,0.002517738612368703,1670.746,0.0029058126814183183,0.0443039440619709,1672.1380463543478,0.0016699993245991487
1672.6035636278318,0.002517738612368703,1671.211,0.013799178337787099,0.04901654173903215,1672.6035636278318,0.0016926640437572903
1673.0690809013158,0.0031891355756670237,1671.676,0.0864186948968475,0.05335634189182502,1673.0690809013158,0.0017086448856342283
1673.5345981747998,0.002517738612368703,1672.141,0.021059280104319233,0.0568869803294786,1673.5345981747998,0.001687581747078429
1674.0001154482836,0.002517738612368703,1672.606,0.14233938673461544,0.0592241314853181,1674.0001154482836,0.0016512511823561357
1674.4656327217676,0.0021820401307195425,1673.071,0.09440920116314033,0.060093238165834485,1674.4656327217676,0.0016455623851475945
1674.9311499952516,0.0005035477224737406,1673.537,0.00580867207149427,0.059374445514215515,1674.9311499952516,0.0016882047053331725
1675.3966672687357,-0.0003356984816491604,1674.0,0.06463222329933815,0.05712678011381971,1675.3966672687357,0.0017486021393257382
1675.8621845422194,0.0005035477224737406,1674.47,0.10166930292967247,0.053588450329362845,1675.8621845422194,0.0018586177044898988
1676.3277018157034,-0.0001678492408245802,1674.93,0.059550742721034,0.049153946354394594,1676.3277018157034,0.0020102249994320013
1676.7932190891875,-0.0038605325389653444,1675.399,0.005084563727260516,0.04433062930302727,1676.7932190891875,0.0021586250235107823
1677.2587363626715,-0.00520332669839263,1675.86,0.08133721431854357,0.03967928532585457,1677.2587363626715,0.0023507528990208046
1677.7242536361553,-0.0041962312534451485,1676.33,0.01597779952601508,0.035745507453955154,1677.7242536361553,0.002556894082078821
1678.1897709096393,-0.0030212863348424435,1676.789,0.0029058126814183183,0.03299074002489864,1678.1897709096393,0.0027247330476231958
1678.6552881831233,-0.0030212863348424435,1677.255,0.014523286682020853,0.03173251408859958,1678.6552881831233,0.0028221395153498526
1679.120805456607,-0.0038605325389653444,1677.721,0.023237901292547436,0.03210272314655609,1679.120805456607,0.002915076362941174
1679.586322730091,-0.002517738612368703,1678.185,0.0029058126814183183,0.03403055187266565,1679.586322730091,0.0029922975822969356
1680.051840003575,-0.0015106431674212217,1678.651,0.04720312393589898,0.03725295329451256,1680.051840003575,0.00302545994038154
1680.517357277059,-0.0001678492408245802,1679.116,0.018156420714243282,0.04135120796667221,1680.517357277059,0.003062392898093823
1680.9828745505429,0.0011749446857720613,1679.581,0.08569458655261375,0.04580803716726013,1680.9828745505429,0.0031779204473539697
1681.4483918240269,0.0005035477224737406,1680.048,0.05519350034457782,0.050076626956333956,1681.4483918240269,0.0032061279831478314
1681.913909097511,-0.000839246204122901,1680.514,0.05301474929873562,0.05365135110959471,1681.913909097511,0.0032065103868423764
1682.379426370995,-0.0018463416490703821,1680.974,0.06245360211110995,0.056130325272895,1682.379426370995,0.0032703844218285407
1682.8449436444787,-0.0021820401307195425,1681.444,0.11474115991665546,0.05726177363041571,1682.8449436444787,0.0033659199819995765
1683.3104609179627,0.0023498893715441227,1681.907,0.045024372890056785,0.05696871257418251,1683.3104609179627,0.0034411839442630046
1683.7759781914467,0.005035477224737406,1682.37,0.07262259970801699,0.05534945657923839,1683.7759781914467,0.0034835692631516265
1684.2414954649307,0.004531929735094309,1682.835,0.007987423117336245,0.052655191155786936,1684.2414954649307,0.003488429510944502
1684.7070127384145,0.004867628216743469,1683.304,0.03195251590307402,0.049249652876584435,1684.7070127384145,0.0035130350352849025
1685.1725300118985,0.0038605325389653444,1683.77,0.10312368591605292,0.04555810362151345,1685.1725300118985,0.0035910087307751814
1685.6380472853825,0.002517738612368703,1684.23,0.029049656512998068,0.04201245510998548,1685.6380472853825,0.0036905245966665887
1686.1035645588663,0.0011749446857720613,1684.695,0.03776427112352465,0.03899794319683308,1686.1035645588663,0.0037436152139855663
1686.5690818323503,0.002517738612368703,1685.16,0.005084563727260516,0.03680631378566688,1686.5690818323503,0.0037984945015544906
1687.0345991058343,0.0018463416490703821,1685.626,0.00580867207149427,0.03560135498343783,1687.0345991058343,0.0038610383444100064
1687.5001163793183,-0.000839246204122901,1686.093,0.020335041902471485,0.035402885097627665,1687.5001163793183,0.003921826411818066
1687.9656336528021,0.0005035477224737406,1686.558,0.005084563727260516,0.0360932077889962,1687.9656336528021,0.003955200535389123
1688.4311509262861,0.003524834057316184,1687.026,0.0842400737086193,0.03744564413242392,1688.4311509262861,0.003957642996989668
1688.8966681997701,0.0030212863348424435,1687.488,0.05083612811050764,0.03916959902140183,1688.8966681997701,0.004017888295633545
1689.3621854732542,0.002517738612368703,1687.956,0.06608673614333238,0.040962764393795884,1689.3621854732542,0.004138707842152554
1689.827702746738,0.004531929735094309,1688.418,0.03776427112352465,0.04256012269090859,1689.827702746738,0.0042710776796096315
1690.293220020222,0.002517738612368703,1688.881,0.023237901292547436,0.04377151167607111,1690.293220020222,0.004354943707338169
1690.758737293706,0.0011749446857720613,1689.344,0.12273153632533429,0.044503037351781405,1690.758737293706,0.004403324162820755
1691.22425456719,0.004867628216743469,1689.81,0.022513663090699687,0.044760769843948965,1691.22425456719,0.0044224773265409325
1691.6897718406738,0.0068818191066384315,1690.276,0.034131137091302,0.044637693158288416,1691.6897718406738,0.004475565885256124
1692.1552891141578,0.0057068741880357265,1690.742,0.013799178337787099,0.044287599345395307,1692.1552891141578,0.004554318783466615
1692.6208063876418,0.002517738612368703,1691.207,0.045024372890056785,0.043892181436019556,1692.6208063876418,0.004633254660459727
1693.0863236611256,0.0011749446857720613,1691.673,0.027595273526617614,0.04362834844912825,1693.0863236611256,0.004699620501930941
1693.5518409346096,-0.0021820401307195425,1692.138,0.0363097582795302,0.04364105365940863,1693.5518409346096,0.004756806557854168
1694.0173582080936,-0.006210422143340111,1692.604,0.1140169217148077,0.04402388168860236,1694.0173582080936,0.004812689145785522
1694.4828754815776,-0.007553216069936752,1693.07,0.00580867207149427,0.04480709325212691,1694.4828754815776,0.004794773657195383
1694.9483927550614,-0.007888914085924625,1693.529,0.042121513499981056,0.045952058275625624,1694.9483927550614,0.004761185715426077
1695.4139100285454,-0.011581597849726677,1693.997,0.013799178337787099,0.04735211286322722,1695.4139100285454,0.004812508221993354
1695.8794273020294,-0.01359578873962164,1694.466,0.06826535733156058,0.04884132140448293,1695.8794273020294,0.0048801754750970846
1696.3449445755134,-0.01426718570291996,1694.926,0.023237901292547436,0.050212460557952754,1696.3449445755134,0.004881703042382414
1696.8104618489972,-0.012252994813024998,1695.389,0.0617293639092622,0.05124348103207813,1696.8104618489972,0.00485335364301512
1697.2759791224812,-0.007888914085924625,1695.859,0.09295468831914588,0.051729116475984674,1697.2759791224812,0.004909437713207359
1697.7414963959652,-0.006546120624989271,1696.322,0.03776427112352465,0.05151257840202595,1697.7414963959652,0.004903292501123322
1698.207013669449,-0.008224613033235073,1696.788,0.029773894714845817,0.05051208165242343,1698.207013669449,0.004859213088071121
1698.672530942933,-0.009231708012521267,1697.255,0.00580867207149427,0.048738128117590936,1698.672530942933,0.0048100102646537754
1699.138048216417,-0.010910200886428356,1697.714,0.21060179077483365,0.046298757347186144,1699.138048216417,0.004773513162170445
1699.603565489901,-0.009903104975819588,1698.185,0.007987423117336245,0.04339032390896014,1699.603565489901,0.004694404585636201
1700.0690827633848,-0.007553216069936752,1698.644,0.013799178337787099,0.04027221839633458,1700.0690827633848,0.00456302160615392
1700.5346000368688,-0.003524834057316184,1699.111,0.01670203772786283,0.037227632172353406,1700.5346000368688,0.004465212178488473
1701.0001173103528,0.0018463416490703821,1699.577,0.029773894714845817,0.03451789830553383,1701.0001173103528,0.004418291444774626
1701.4656345838368,0.0020141908898949623,1700.04,0.003630050883266067,0.03234108736154762,1701.4656345838368,0.004365618182748376
1701.9311518573206,-0.0001678492408245802,1700.51,0.0029058126814183183,0.030804422642812683,1701.9311518573206,0.004338800466006002
1702.3966691308046,-0.0005035477224737406,1700.971,0.010166044305564448,0.029916215106139028,1702.3966691308046,0.004321900611810598
1702.8621864042887,0.0005035477224737406,1701.441,0.06826535733156058,0.029598275244522448,1702.8621864042887,0.0043329718719499815
1703.3277036777727,0.0011749446857720613,1701.904,0.007987423117336245,0.029714942865793254,1703.3277036777727,0.004376064434199875
1703.7932209512564,0.0010070954449474812,1702.366,0.05591760868881157,0.030110909639423897,1703.7932209512564,0.004453476855873468
1704.2587382247405,0.0018463416490703821,1702.832,0.11619567276064968,0.030648094271047813,1704.2587382247405,0.004547102443727097
1704.7242554982245,0.004531929735094309,1703.295,0.003630050883266067,0.03123256137814462,1704.7242554982245,0.004627426080340864
1705.1897727717082,0.00553902518004179,1703.761,0.01597779952601508,0.031825842503729336,1705.1897727717082,0.004683101016408523
1705.6552900451923,0.0011749446857720613,1704.226,0.03340689888945447,0.032440277474476024,1705.6552900451923,0.004714857111687953
1706.1208073186763,-0.004867628216743469,1704.692,0.014523286682020853,0.03312299579528211,1706.1208073186763,0.004741535027647248
1706.5863245921603,-0.007553216069936752,1705.159,0.024692414136541663,0.03393553165122152,1706.5863245921603,0.004749672449653812
1707.051841865644,-0.00520332669839263,1705.625,0.023237901292547436,0.03493545258569731,1707.051841865644,0.004739701125733436
1707.517359139128,-0.0015106431674212217,1706.09,0.020335041902471485,0.03616414020869891,1707.517359139128,0.004709746035888419
1707.982876412612,-0.000839246204122901,1706.555,0.05737212153280602,0.03764214370943525,1707.982876412612,0.004674063088741607
1708.448393686096,-0.0041962312534451485,1707.018,0.03340689888945447,0.03937082559205739,1708.448393686096,0.004644704222041357
1708.9139109595799,-0.0068818191066384315,1707.481,0.09005182892907015,0.04133686923781291,1708.9139109595799,0.004678374399117167
1709.379428233064,-0.00553902518004179,1707.944,0.05301474929873562,0.04351540364438331,1709.379428233064,0.004711234537918586
1709.844945506548,-0.0011749446857720613,1708.414,0.021059280104319233,0.0458686309994048,1709.844945506548,0.004709250555247273
1710.310462780032,-0.001678492408245802,1708.875,0.042121513499981056,0.048339708751472296,1710.310462780032,0.004692607695866494
1710.7759800535157,-0.0038605325389653444,1709.344,0.046478885734051234,0.050844838959091414,1710.7759800535157,0.004681996973040534
1711.2414973269997,-0.0021820401307195425,1709.81,0.003630050883266067,0.053268199748018975,1711.2414973269997,0.004632623501122651
1711.7070146004837,0.0005035477224737406,1710.269,0.0885974459426897,0.05546366613512513,1711.7070146004837,0.004560996499127429
1712.1725318739675,-0.0015106431674212217,1710.735,0.10166930292967247,0.057264822904168705,1712.1725318739675,0.004510093405635327
1712.6380491474515,-0.005035477224737406,1711.2,0.0029058126814183183,0.05850205735466353,1712.6380491474515,0.004462011065757688
1713.1035664209355,-0.008224613033235073,1711.665,0.03558564993529645,0.059024100145333804,1713.1035664209355,0.004382661944887249
1713.5690836944195,-0.0038605325389653444,1712.13,0.022513663090699687,0.05872143043795983,1713.5690836944195,0.004309139363153675
1714.0346009679033,0.000839246204122901,1712.595,0.19462694454016094,0.05754858068468211,1714.0346009679033,0.004223616242391687
1714.5001182413873,-0.0015106431674212217,1713.059,0.05083612811050764,0.055540309785806735,1714.5001182413873,0.0041303010978755005
1714.9656355148713,-0.004867628216743469,1713.525,0.05373898750058337,0.05281512545280668,1714.9656355148713,0.004054210650312887
1715.4311527883553,-0.0057068741880357265,1713.993,0.03195251590307402,0.04956210004205342,1715.4311527883553,0.0039353874215184706
1715.8966700618391,-0.0068818191066384315,1714.456,0.0384885093253724,0.04601291417084743,1715.8966700618391,0.0037892037036811634
1716.3621873353231,-0.00553902518004179,1714.926,0.014523286682020853,0.04240650045489229,1716.3621873353231,0.003715500203206108
1716.8277046088072,-0.0021820401307195425,1715.389,0.0384885093253724,0.0389555236149592,1716.8277046088072,0.0036881664411339155
1717.2932218822912,-0.0011749446857720613,1715.852,0.00580867207149427,0.035822477965977984,1717.2932218822912,0.003634769486919208
1717.758739155775,-0.0015106431674212217,1716.315,0.01670203772786283,0.033110035755062925,1717.758739155775,0.003565891282188247
1718.224256429259,0.0005035477224737406,1716.781,0.05083612811050764,0.03086652319483179,1718.224256429259,0.003501770532744031
1718.689773702743,-0.0001678492408245802,1717.248,0.022513663090699687,0.029103556003519968,1718.689773702743,0.0034545167393189506
1719.1552909762268,-0.004867628216743469,1717.713,0.09658782235136854,0.027819610443307025,1719.1552909762268,0.003459960879586661
1719.6208082497108,-0.006210422143340111,1718.177,0.011620427291944901,0.027021736787703306,1719.6208082497108,0.003457099007223822
1720.0863255231948,-0.0018463416490703821,1718.643,0.042121513499981056,0.026738654515222483,1720.0863255231948,0.003462563697518671
1720.5518427966788,-0.0003356984816491604,1719.108,0.007987423117336245,0.027021872514194748,1720.5518427966788,0.003526186909474713
1721.0173600701626,-0.0031891355756670237,1719.574,0.0014514296950378647,0.02793561627233615,1721.0173600701626,0.0036193581343547075
1721.4828773436466,-0.0041962312534451485,1720.034,0.06826535733156058,0.029539167389636,1721.4828773436466,0.003726090359546706
1721.9483946171306,0.0001678492408245802,1720.503,0.014523286682020853,0.031865799752914356,1721.9483946171306,0.003817896439120776
1722.4139118906146,0.004364080261439085,1720.967,0.0639079850974904,0.03490164868324791,1722.4139118906146,0.0038667703109654724
1722.8794291640984,0.007888914085924625,1721.429,0.023237901292547436,0.03856721982933492,1722.8794291640984,0.0038881068891704457
1723.3449464375824,0.007888914085924625,1721.9,0.00580867207149427,0.04270471778163236,1723.3449464375824,0.0039348343635825424
1723.8104637110664,0.007217517588287592,1722.362,0.03340689888945447,0.047075315675027485,1723.8104637110664,0.0039997815982489434
1724.2759809845504,0.010238803923130035,1722.828,0.021059280104319233,0.05137037116199742,1724.2759809845504,0.004117085483464356
1724.7414982580342,0.012756542302668095,1723.291,0.048657506922279437,0.05523829705706435,1724.7414982580342,0.004238904213018441
1725.2070155315182,0.010574501939117908,1723.756,0.1474208673129196,0.05832458331648757,1725.2070155315182,0.004320998018924955
1725.6725328050022,0.007217517588287592,1724.222,0.023237901292547436,0.06031812161906861,1725.6725328050022,0.004337005590647292
1726.138050078486,0.007217517588287592,1724.687,0.07480135075385896,0.060994861134031304,1726.138050078486,0.004333119861281365
1726.60356735197,0.009231708012521267,1725.152,0.06608673614333238,0.06025101336303857,1726.60356735197,0.004333925790447529
1727.069084625454,0.01040665339678526,1725.618,0.05083612811050764,0.05812117556319575,1727.069084625454,0.004316474946017495
1727.534601898938,0.007888914085924625,1726.085,0.1096596793383513,0.05477956506770986,1727.534601898938,0.004322852483899013
1728.0001191724218,0.004531929735094309,1726.551,0.029773894714845817,0.05052435895676074,1728.0001191724218,0.00430587450616899
1728.4656364459058,0.0018463416490703821,1727.011,0.0363097582795302,0.0457468965860286,1728.4656364459058,0.004268065714220486
1728.9311537193898,0.0011749446857720613,1727.481,0.003630050883266067,0.040889825450810637,1728.9311537193898,0.004245374271051902
1729.3966709928739,0.0003356984816491604,1727.944,0.06826535733156058,0.03640020514530756,1729.3966709928739,0.004254981692140822
1729.8621882663576,0.0005035477224737406,1728.407,0.007987423117336245,0.032683716917048196,1729.8621882663576,0.004295905240156542
1730.3277055398416,-0.0001678492408245802,1728.87,0.07044397851978879,0.03006447367541113,1730.3277055398416,0.0043384735428984335
1730.7932228133257,-0.000839246204122901,1729.34,0.0029058126814183183,0.02875307137651068,1730.7932228133257,0.004328894904820157
1731.2587400868094,-0.000839246204122901,1729.806,0.026871035324769865,0.02882484554192341,1731.2587400868094,0.004378802924374001
1731.7242573602934,0.0018463416490703821,1730.269,0.0014514296950378647,0.030210696960136105,1731.7242573602934,0.0044481971749424165
1732.1897746337775,0.0038605325389653444,1730.735,0.014523286682020853,0.03270312236106035,1732.1897746337775,0.00449112115656703
1732.6552919072615,0.004364080261439085,1731.2,0.022513663090699687,0.03597901456541507,1732.6552919072615,0.0045069971523847355
1733.1208091807453,0.0038605325389653444,1731.666,0.07915859313031537,0.039638051518575475,1733.1208091807453,0.00448349155703952
1733.5863264542293,0.0018463416490703821,1732.13,0.05301474929873562,0.043251956335821184,1733.5863264542293,0.004452004794496991
1734.0518437277133,0.0011749446857720613,1732.589,0.06608673614333238,0.04641731513743245,1734.0518437277133,0.004466106511927984
1734.5173610011973,0.0038605325389653444,1733.056,0.0014514296950378647,0.04880443323468009,1734.5173610011973,0.004512745586410153
1734.982878274681,0.0038605325389653444,1733.521,0.011620427291944901,0.05019661853220397,1734.982878274681,0.004532610112082343
1735.448395548165,0.0018463416490703821,1733.989,0.1575899947674404,0.05051615803375049,1735.448395548165,0.004531974826919297
1735.913912821649,-0.0028534370940178633,1734.451,0.08351583550677177,0.049833314576156314,1735.913912821649,0.004506824477694918
1736.379430095133,-0.00553902518004179,1734.919,0.05083612811050764,0.048354155135019096,1736.379430095133,0.004435403075789868
1736.8449473686169,-0.0031891355756670237,1735.382,0.03776427112352465,0.04638523875963232,1736.8449473686169,0.004362822122064098
1737.310464642101,-0.0015106431674212217,1735.852,0.024692414136541663,0.04427910210604539,1737.310464642101,0.00433779513570692
1737.775981915585,-0.0028534370940178633,1736.314,0.005084563727260516,0.042370952707170235,1737.775981915585,0.004390891919825308
1738.2414991890687,-0.00520332669839263,1736.78,0.013799178337787099,0.0409202517291894,1738.2414991890687,0.004496690749724929
1738.7070164625527,-0.00553902518004179,1737.244,0.0007271914931903378,0.040069791717613545,1738.7070164625527,0.004534598227441254
1739.1725337360367,-0.00553902518004179,1737.71,0.04284575170182858,0.039830408671234004,1739.1725337360367,0.004517192618348311
1739.6380510095207,-0.006378271151334047,1738.175,0.03340689888945447,0.04009311351110766,1739.6380510095207,0.004527124879648665
1740.1035682830045,-0.007553216069936752,1738.64,0.07480135075385896,0.04066383723138128,1740.1035682830045,0.004640804142138846
1740.5690855564885,-0.008224613033235073,1739.101,0.06245360211110995,0.041310892721802515,1740.5690855564885,0.004752672115452852
1741.0346028299725,-0.0068818191066384315,1739.566,0.10530243696189512,0.04181305070489721,1741.0346028299725,0.004887694121729662
1741.5001201034565,-0.00587472366169095,1740.03,0.01597779952601508,0.04199742843119996,1741.5001201034565,0.005009693785185843
1741.9656373769403,-0.0068818191066384315,1740.499,0.029049656512998068,0.04176078907581455,1741.9656373769403,0.0050551424643278066
1742.4311546504243,-0.004867628216743469,1740.96,0.04938174512412696,0.04107364178568554,1742.4311546504243,0.005065331721078755
1742.8966719239083,-0.0028534370940178633,1741.429,0.024692414136541663,0.03997119880450129,1742.8966719239083,0.0050689131768070165
1743.3621891973924,-0.0021820401307195425,1741.893,0.0014514296950378647,0.03853715690419782,1743.3621891973924,0.005060467365817488
1743.8277064708761,-0.0021820401307195425,1742.355,0.07480135075385896,0.03688569609418501,1743.8277064708761,0.005034126626845447
1744.2932237443601,-0.0041962312534451485,1742.82,0.003630050883266067,0.03514517971232908,1744.2932237443601,0.005077239756755675
1744.7587410178442,-0.0041962312534451485,1743.291,0.05083612811050764,0.03344473724244478,1744.7587410178442,0.005154822826693104
1745.224258291328,-0.0041962312534451485,1743.749,0.07262259970801699,0.03190302772229933,1745.224258291328,0.005147265182557569
1745.689775564812,-0.004867628216743469,1744.215,0.00580867207149427,0.03061772498513561,1745.689775564812,0.005099232188702335
1746.155292838296,-0.00553902518004179,1744.681,0.023237901292547436,0.029654925171295064,1746.155292838296,0.005064881491990513
1746.62081011178,-0.00553902518004179,1745.148,0.026871035324769865,0.029039373027880535,1746.62081011178,0.005020530692069377
1747.0863273852638,-0.004867628216743469,1745.614,0.020335041902471485,0.028747981265141533,1747.0863273852638,0.004904670080331672
1747.5518446587478,-0.00587472366169095,1746.079,0.013799178337787099,0.02870942444006537,1747.5518446587478,0.00486986913248369
1748.0173619322318,-0.006210422143340111,1746.544,0.03994289231175285,0.02881155626826892,1748.0173619322318,0.004909530324077724
1748.4828792057158,-0.006546120624989271,1747.007,0.020335041902471485,0.02891676535754214,1748.4828792057158,0.004942966120026225
1748.9483964791996,-0.00520332669839263,1747.47,0.011620427291944901,0.028883763953191848,1748.9483964791996,0.004961270182167538
1749.4139137526836,-0.004531929735094309,1747.938,0.020335041902471485,0.028592920518395945,1749.4139137526836,0.0050321858254618965
1749.8794310261676,-0.00553902518004179,1748.4,0.09440920116314033,0.027970996514554664,1749.8794310261676,0.005165431492070287
1750.3449482996516,-0.006546120624989271,1748.87,0.042121513499981056,0.02701005669668232,1750.3449482996516,0.005284762532857383
1750.8104655731354,-0.006378271151334047,1749.333,0.018156420714243282,0.02577532817852134,1750.8104655731354,0.0053873253089144115
1751.2759828466194,-0.006210422143340111,1749.799,0.011620427291944901,0.0243990904391273,1751.2759828466194,0.0054706280111268876
1751.7415001201034,-0.00553902518004179,1750.263,0.005084563727260516,0.02306174666585438,1751.7415001201034,0.005543675659799538
1752.2070173935872,-0.0038605325389653444,1750.729,0.014523286682020853,0.021964615068381852,1752.2070173935872,0.005650224909268987
1752.6725346670712,-0.00520332669839263,1751.193,0.04720312393589898,0.021299797586254398,1752.6725346670712,0.0057682709853399934
1753.1380519405552,-0.007217517588287592,1751.658,0.0363097582795302,0.021221146036071392,1753.1380519405552,0.005846945759559564
1753.6035692140392,-0.00587472366169095,1752.126,0.003630050883266067,0.021818791905989003,1753.6035692140392,0.005863971024154943
1754.069086487523,-0.0041962312534451485,1752.584,0.005084563727260516,0.023099489183816966,1754.069086487523,0.005874092431910001
1754.534603761007,-0.004531929735094309,1753.049,0.011620427291944901,0.024975959894392278,1754.534603761007,0.005868578392988974
1755.000121034491,-0.00553902518004179,1753.515,0.005084563727260516,0.027268911030487168,1755.000121034491,0.005851670317759459
1755.465638307975,-0.004867628216743469,1753.985,0.003630050883266067,0.0297240549060277,1755.465638307975,0.005834560759804206
1755.9311555814588,-0.0041962312534451485,1754.448,0.09876644353959674,0.03204336644548431,1755.9311555814588,0.00579883258190898
1756.3966728549428,-0.0057068741880357265,1754.911,0.005084563727260516,0.033926119823246,1756.3966728549428,0.005773153852985956
1756.8621901284268,-0.00553902518004179,1755.381,0.05083612811050764,0.035112563744510585,1756.8621901284268,0.005748104242301085
1757.3277074019106,-0.0036926832981407642,1755.839,0.03122827770122627,0.035422552257424494,1757.3277074019106,0.005735760358918481
1757.7932246753946,-0.00553902518004179,1756.309,0.07044397851978879,0.03478271007096103,1757.7932246753946,0.005735466357027551
1758.2587419488787,-0.009567406959831715,1756.775,0.08133721431854357,0.03323756217077555,1758.2587419488787,0.005714329204892367
1758.7242592223627,-0.009567406959831715,1757.24,0.0029058126814183183,0.03094225124217545,1758.7242592223627,0.00567288344768771
1759.1897764958464,-0.006378271151334047,1757.699,0.00580867207149427,0.028137775960912378,1759.1897764958464,0.0055909931798681315
1759.6552937693305,-0.0038605325389653444,1758.164,0.0072631849154887185,0.025113839149654944,1759.6552937693305,0.005510266572347233
1760.1208110428145,-0.00553902518004179,1758.629,0.018156420714243282,0.022167329993027018,1760.1208110428145,0.005447229301325661
1760.5863283162985,-0.009567406959831715,1759.096,0.0014514296950378647,0.019564377728957628,1760.5863283162985,0.005392999689710705
1761.0518455897823,-0.011581597849726677,1759.561,0.05519350034457782,0.017511250010454227,1761.0518455897823,0.005335990442867471
1761.5173628632663,-0.010238803923130035,1760.029,0.0014514296950378647,0.016136132641878985,1761.5173628632663,0.005307583477861044
1761.9828801367503,-0.007888914085924625,1760.491,0.003630050883266067,0.015481704939173137,1761.9828801367503,0.005215434053276852
1762.4483974102343,-0.00587472366169095,1760.959,0.003630050883266067,0.015507831692055944,1762.4483974102343,0.005086914993949707
1762.913914683718,-0.00553902518004179,1761.422,0.007987423117336245,0.01610377941359504,1762.913914683718,0.004973992318054062
1763.379431957202,-0.006210422143340111,1761.885,0.03195251590307402,0.01710885488462925,1763.379431957202,0.0048752227570317145
1763.844949230686,-0.007049668114632368,1762.355,0.042121513499981056,0.01833890135987244,1763.844949230686,0.00479728812245318
1764.3104665041699,-0.00553902518004179,1762.821,0.0014514296950378647,0.01961463092458458,1764.3104665041699,0.004743383352823531
1764.775983777654,-0.0011749446857720613,1763.283,0.003630050883266067,0.020787468091196543,1764.775983777654,0.004732680109597517
1765.241501051138,0.0018463416490703821,1763.749,0.07697997194208717,0.02175944390314722,1765.241501051138,0.0047413315166845785
1765.707018324622,0.0011749446857720613,1764.214,0.011620427291944901,0.022494750878207365,1765.707018324622,0.004749752658149328
1766.1725355981057,0.0005035477224737406,1764.68,0.014523286682020853,0.023021438582635678,1766.1725355981057,0.004748264154447958
1766.6380528715897,0.0021820401307195425,1765.145,0.024692414136541663,0.02342298092604601,1766.6380528715897,0.004730340442567868
1767.1035701450737,0.0031891355756670237,1765.611,0.029773894714845817,0.02382117754624161,1767.1035701450737,0.004710911780435023
1767.5690874185577,0.003524834057316184,1766.07,0.024692414136541663,0.024353158971960828,1767.5690874185577,0.00466185697997562
1768.0346046920415,0.0028534370940178633,1766.536,0.02541652248077564,0.025145683480762047,1768.0346046920415,0.004591852117151273
1768.5001219655255,0.0031891355756670237,1767.004,0.018156420714243282,0.02628998199884284,1768.5001219655255,0.004463057564530592
1768.9656392390095,0.002517738612368703,1767.466,0.02541652248077564,0.027820580644605155,1768.9656392390095,0.004331257222988061
1769.4311565124935,0.0011749446857720613,1767.93,0.018156420714243282,0.029701599397404205,1769.4311565124935,0.0042619205441960335
1769.8966737859773,0.002517738612368703,1768.399,0.01234466549379265,0.03182360648421438,1769.8966737859773,0.004139355498564987
1770.3621910594613,0.003356984816491604,1768.863,0.01670203772786283,0.03401300612132332,1770.3621910594613,0.003999824811794364
1770.8277083329453,0.004867628216743469,1769.325,0.01888065891609103,0.03605402528639869,1770.8277083329453,0.0038593977342153084
1771.2932256064291,0.006546120624989271,1769.791,0.0617293639092622,0.03772057132446275,1771.2932256064291,0.0037516560384620243
1771.7587428799131,0.007553216069936752,1770.255,0.12999176794948042,0.038811996045548906,1771.7587428799131,0.0036434085810664947
1772.2242601533972,0.00587472366169095,1770.721,0.022513663090699687,0.039184621275484735,1772.2242601533972,0.0034937955574740756
1772.6897774268812,0.0041962312534451485,1771.185,0.00580867207149427,0.038771779996386715,1772.6897774268812,0.003370428695466871
1773.155294700365,0.004867628216743469,1771.651,0.03122827770122627,0.037589465339488974,1773.155294700365,0.003264270082772434
1773.620811973849,0.00553902518004179,1772.116,0.03776427112352465,0.035729748157555904,1773.620811973849,0.0031618080552992447
1774.086329247333,0.00520332669839263,1772.581,0.048657506922279437,0.033346533703296516,1774.086329247333,0.0030666035000714367
1774.551846520817,0.0038605325389653444,1773.048,0.01670203772786283,0.030637539705441984,1774.551846520817,0.0029961730612311044
1775.0173637943008,0.0031891355756670237,1773.514,0.0014514296950378647,0.02782481367017742,1775.0173637943008,0.0029624350368192033
1775.4828810677848,0.0011749446857720613,1773.974,0.06826535733156058,0.025135247048695217,1775.4828810677848,0.0029894747988513377
1775.9483983412688,-0.002517738612368703,1774.444,0.01234466549379265,0.022782096971984498,1775.9483983412688,0.002967309674202361
1776.4139156147528,-0.00553902518004179,1774.907,0.018156420714243282,0.020948036787144873,1776.4139156147528,0.002945091098227164
1776.8794328882366,-0.004867628216743469,1775.37,0.024692414136541663,0.019770176170140784,1776.8794328882366,0.0029242500041312272
1777.3449501617206,-0.0018463416490703821,1775.835,0.00580867207149427,0.019328117193562245,1777.3449501617206,0.0028658509403468972
1777.8104674352046,0.0011749446857720613,1776.305,0.005084563727260516,0.019636805905487588,1777.8104674352046,0.002795424610218377
1778.2759847086884,0.002517738612368703,1776.764,0.03340689888945447,0.020645935313315412,1778.2759847086884,0.002736626700206425
1778.7415019821724,0.0018463416490703821,1777.23,0.0029058126814183183,0.022246807646805894,1778.7415019821724,0.0026809003625726394
1779.2070192556564,-0.0015106431674212217,1777.696,0.05373898750058337,0.024286221916101136,1779.2070192556564,0.002624701158458438
1779.6725365291404,-0.0018463416490703821,1778.163,0.0007271914931903378,0.02658569334215019,1779.6725365291404,0.0025891271747238774
1780.1380538026242,-0.000839246204122901,1778.629,0.011620427291944901,0.02896358146223316,1780.1380538026242,0.0026011194912922402
1780.6035710761082,-0.0021820401307195425,1779.089,0.06898959553340833,0.031257385252931605,1780.6035710761082,0.0026118988016079606
1781.0690883495922,-0.000839246204122901,1779.554,0.05083612811050764,0.03334306426007683,1781.0690883495922,0.002581620930725673
1781.5346056230762,0.0011749446857720613,1780.022,0.05083612811050764,0.03514787914178587,1781.5346056230762,0.0025443240640931584
1782.00012289656,0.0018463416490703821,1780.485,0.01234466549379265,0.03665395365682378,1782.00012289656,0.0024779479434831244
1782.465640170044,0.0011749446857720613,1780.952,0.013799178337787099,0.03789207058022226,1782.465640170044,0.002383086729883105
1782.931157443528,0.0018463416490703821,1781.414,0.09440920116314033,0.03892788877383299,1782.931157443528,0.002330265441861654
1783.396674717012,0.000839246204122901,1781.885,0.005084563727260516,0.0398440818572033,1783.396674717012,0.0023485139974096644
1783.8621919904958,-0.002517738612368703,1782.348,0.023237901292547436,0.04072176194269409,1783.8621919904958,0.0023476299411696925
1784.3277092639798,-0.004867628216743469,1782.814,0.05301474929873562,0.041624135625847575,1784.3277092639798,0.0022838402008039382
1784.7932265374639,-0.003524834057316184,1783.277,0.03340689888945447,0.042584990002988696,1784.7932265374639,0.002188203903191372
1785.2587438109476,0.0005035477224737406,1783.743,0.03994289231175285,0.04360370988010035,1785.2587438109476,0.0021578643482161007
1785.7242610844316,0.0011749446857720613,1784.207,0.029773894714845817,0.04464706313323943,1785.7242610844316,0.002253478031867571
1786.1897783579157,-0.0015106431674212217,1784.673,0.08133721431854357,0.04565658781192323,1786.1897783579157,0.0024138785942446847
1786.6552956313997,-0.003524834057316184,1785.138,0.05083612811050764,0.04655938925082169,1786.6552956313997,0.002522792173589448
1787.1208129048835,-0.0041962312534451485,1785.603,0.01234466549379265,0.04727970513425586,1787.1208129048835,0.002581368035493981
1787.5863301783675,-0.0041962312534451485,1786.071,0.07044397851978879,0.047749018537024616,1787.5863301783675,0.0026526270197060084
1788.0518474518515,-0.00553902518004179,1786.529,0.0617293639092622,0.047913434745813686,1788.0518474518515,0.0027781135594873428
1788.5173647253355,-0.004531929735094309,1786.997,0.059550742721034,0.0477376674615755,1788.5173647253355,0.0029536767025477996
1788.9828819988193,-0.0028534370940178633,1787.459,0.020335041902471485,0.0472053671000775,1788.9828819988193,0.00313638013228078
1789.4483992723033,-0.0005035477224737406,1787.929,0.05301474929873562,0.04631642242761223,1789.4483992723033,0.0032843998071792023
1789.9139165457873,0.0001678492408245802,1788.392,0.014523286682020853,0.04508310085176387,1789.9139165457873,0.0033597254469021304
1790.379433819271,-0.000839246204122901,1788.856,0.07697997194208717,0.043527315789399404,1790.379433819271,0.0034314120642595057
1790.844951092755,-0.0001678492408245802,1789.325,0.03340689888945447,0.0416804224156457,1790.844951092755,0.0034994020993758517
1791.310468366239,-0.0001678492408245802,1789.784,0.024692414136541663,0.039585546984497864,1791.310468366239,0.00355289773630116
1791.775985639723,0.0011749446857720613,1790.249,0.023237901292547436,0.037301575120665384,1791.775985639723,0.0036119855348351044
1792.241502913207,0.0011749446857720613,1790.715,0.07262259970801699,0.03490759161560253,1792.241502913207,0.0036410812404089913
1792.707020186691,0.0003356984816491604,1791.182,0.013799178337787099,0.0325060953034598,1792.707020186691,0.003671634606253168
1793.172537460175,-0.003524834057316184,1791.648,0.06826535733156058,0.0302226768410071,1793.172537460175,0.0037324966836187203
1793.638054733659,-0.003524834057316184,1792.115,0.03776427112352465,0.028199934332088478,1793.638054733659,0.0038205218828549032
1794.1035720071427,0.000839246204122901,1792.581,0.01234466549379265,0.0265848516367444,1794.1035720071427,0.0038652612552777196
1794.5690892806267,0.004531929735094309,1793.041,0.0014514296950378647,0.025511349673096494,1794.5690892806267,0.003881414796607382
1795.0346065541107,0.00587472366169095,1793.511,0.003630050883266067,0.02508213353387567,1795.0346065541107,0.003956795946511284
1795.5001238275947,0.0068818191066384315,1793.974,0.005084563727260516,0.02535483909974777,1795.5001238275947,0.0040727963616586545
1795.9656411010785,0.00553902518004179,1794.436,0.05083612811050764,0.026335924374668904,1795.9656411010785,0.004210400628847515
1796.4311583745625,0.00587472366169095,1794.9,0.05083612811050764,0.027982349301770137,1796.4311583745625,0.004337782747639972
1796.8966756480465,0.008560311049222946,1795.37,0.06027498092288175,0.030207792785678,1796.8966756480465,0.0044773771678387414
1797.3621929215303,0.008224613033235073,1795.835,0.02541652248077564,0.03288902781376306,1797.3621929215303,0.0046005733869408025
1797.8277101950143,0.007888914085924625,1796.299,0.03122827770122627,0.03586986495462433,1797.8277101950143,0.004671112794557781
1798.2932274684983,0.008560311049222946,1796.764,0.005084563727260516,0.03896360683980349,1798.2932274684983,0.004697188326584667
1798.7587447419824,0.007217517588287592,1797.229,0.005084563727260516,0.041957919920137775,1798.7587447419824,0.004723222739580841
1799.2242620154661,0.005035477224737406,1797.695,0.01597779952601508,0.04462646413174724,1799.2242620154661,0.004786317574345043
1799.6897792889501,0.003524834057316184,1798.16,0.13362477212408908,0.04674891600716176,1799.6897792889501,0.004850111432982125
1800.1552965624342,-0.0001678492408245802,1798.619,0.07697997194208717,0.04813640443670571,1800.1552965624342,0.004883119591635786
1800.6208138359182,-0.003524834057316184,1799.086,0.029049656512998068,0.04865585901753369,1800.6208138359182,0.004893942073152157
1801.086331109402,-0.003524834057316184,1799.552,0.026871035324769865,0.04824719232593367,1801.086331109402,0.0049692265941095985
1801.551848382886,-0.0028534370940178633,1800.015,0.018156420714243282,0.046931183720107704,1801.551848382886,0.005113148771586093
1802.01736565637,-0.0038605325389653444,1800.484,0.05083612811050764,0.04480968010995218,1802.01736565637,0.005221404450685927
1802.482882929854,-0.006210422143340111,1800.945,0.0885974459426897,0.042060219324246736,1802.482882929854,0.005252220984751952
1802.9484002033378,-0.007888914085924625,1801.414,0.051560366312355166,0.03892505176508185,1802.9484002033378,0.005293370687764553
1803.4139174768218,-0.0068818191066384315,1801.878,0.005084563727260516,0.03569284261022406,1803.4139174768218,0.005389590872744231
1803.8794347503058,-0.00553902518004179,1802.34,0.0617293639092622,0.03267214653951892,1803.8794347503058,0.0054825338847536405
1804.3449520237896,-0.004531929735094309,1802.806,0.02541652248077564,0.03015836491410222,1804.3449520237896,0.00556632383875043
1804.8104692972736,-0.0021820401307195425,1803.27,0.020335041902471485,0.028398302276069872,1804.8104692972736,0.005695208849311633
1805.2759865707576,-0.0015106431674212217,1803.736,0.005084563727260516,0.02755770538539117,1805.2759865707576,0.00580062321463712
1805.7415038442416,-0.0036926832981407642,1804.2,0.0014514296950378647,0.027697514890756288,1805.7415038442416,0.005924730213359328
1806.2070211177254,-0.00587472366169095,1804.665,0.01888065891609103,0.028763860728239908,1806.2070211177254,0.006020029338869919
1806.6725383912094,-0.008224613033235073,1805.129,0.04284575170182858,0.030594574500130617,1806.6725383912094,0.006082478607270346
1807.1380556646934,-0.008896009996533394,1805.595,0.022513663090699687,0.03294145735176757,1807.1380556646934,0.006122300167056827
1807.6035729381774,-0.008224613033235073,1806.061,0.08351583550677177,0.03550404459004965,1807.6035729381774,0.006183628946179556
1808.0690902116612,-0.007888914085924625,1806.527,0.01234466549379265,0.03796854726193945,1808.0690902116612,0.006257077508992168
1808.5346074851452,-0.010238803923130035,1806.989,0.042121513499981056,0.04004559110399277,1808.5346074851452,0.0063155546948480985
1809.0001247586292,-0.01258869282901287,1807.459,0.08133721431854357,0.04150181531042983,1809.0001247586292,0.0063514165077479656
1809.4656420321132,-0.013260089792311192,1807.922,0.023237901292547436,0.0421822883201155,1809.4656420321132,0.00637125430119058
1809.931159305597,-0.01107805036008358,1808.384,0.03340689888945447,0.04202242152757236,1809.931159305597,0.0063372633925467044
1810.396676579081,-0.0068818191066384315,1808.852,0.024692414136541663,0.04104962513352687,1810.396676579081,0.006298264206926346
1810.862193852565,-0.005035477224737406,1809.314,0.07697997194208717,0.03937609017791261,1810.862193852565,0.006291888724628468
1811.3277111260488,-0.008224613033235073,1809.78,0.02541652248077564,0.037184231804041123,1811.3277111260488,0.00629341217848497
1811.7932283995328,-0.01040665339678526,1810.244,0.05083612811050764,0.034705841105859184,1811.7932283995328,0.006326996006976594
1812.2587456730168,-0.008224613033235073,1810.71,0.01670203772786283,0.03219604445880718,1812.2587456730168,0.006381431212396168
1812.7242629465009,-0.004364080261439085,1811.175,0.0029058126814183183,0.02990415207167421,1812.7242629465009,0.006437278850759882
1813.1897802199846,-0.0015106431674212217,1811.641,0.06245360211110995,0.028044478986771915,1813.1897802199846,0.0064710168784400425
1813.6552974934687,-0.0018463416490703821,1812.107,0.024692414136541663,0.02677025416537614,1813.6552974934687,0.006498356811694989
1814.1208147669527,-0.0028534370940178633,1812.573,0.034131137091302,0.026152967183985246,1814.1208147669527,0.006525232098551102
1814.5863320404367,-0.003524834057316184,1813.041,0.005084563727260516,0.026169061054924742,1814.5863320404367,0.006512287881600786
1815.0518493139205,-0.0041962312534451485,1813.503,0.0007271914931903378,0.026696361371738697,1815.0518493139205,0.00649477330323497
1815.5173665874045,-0.003524834057316184,1813.967,0.014523286682020853,0.027523173111636885,1815.5173665874045,0.006434301852075349
1815.9828838608885,-0.003524834057316184,1814.429,0.024692414136541663,0.02837215353996282,1815.9828838608885,0.006342876120124508
1816.4484011343725,-0.004531929735094309,1814.9,0.02541652248077564,0.028938438768535586,1816.4484011343725,0.006257638779785855
1816.9139184078563,-0.007721065077930689,1815.363,0.05301474929873562,0.02893798828978131,1816.9139184078563,0.006218927428906237
1817.3794356813403,-0.008224613033235073,1815.828,0.0072631849154887185,0.02815915274958423,1817.3794356813403,0.006139738672460906
1817.8449529548243,-0.00553902518004179,1816.291,0.048657506922279437,0.02650896273850075,1817.8449529548243,0.006064460319386592
1818.310470228308,-0.0038605325389653444,1816.757,0.10530243696189512,0.0240456131282648,1818.310470228308,0.006028524490999431
1818.775987501792,-0.006210422143340111,1817.222,0.0014514296950378647,0.020989923646491476,1818.775987501792,0.005979936389336954
1819.241504775276,-0.0068818191066384315,1817.687,0.01234466549379265,0.017711586360009416,1819.241504775276,0.005884258969485305
1819.70702204876,-0.0038605325389653444,1818.152,0.00580867207149427,0.01469087495674405,1819.70702204876,0.005831653558305816
1820.172539322244,-0.0015106431674212217,1818.617,0.005084563727260516,0.012461585171403751,1820.172539322244,0.005779076930462084
1820.638056595728,0.0011749446857720613,1819.081,0.005084563727260516,0.011543953521826042,1820.638056595728,0.005738256184717343
1821.103573869212,0.003524834057316184,1819.547,0.020335041902471485,0.012376510766985122,1821.103573869212,0.005667151399023657
1821.569091142696,0.0038605325389653444,1820.011,0.0014514296950378647,0.015254514814908433,1821.569091142696,0.0055492040055121015
1822.0346084161797,0.003524834057316184,1820.48,0.03195251590307402,0.02028116364348253,1822.0346084161797,0.0054421654390695495
1822.5001256896637,0.0057068741880357265,1820.941,0.0014514296950378647,0.027336762198269984,1822.5001256896637,0.005317252517261393
1822.9656429631477,0.009903104975819588,1821.41,0.01597779952601508,0.03607027306740248,1822.9656429631477,0.005194144700168283
1823.4311602366315,0.01124589890241623,1821.871,0.005084563727260516,0.04591666166891971,1823.4311602366315,0.0050965552534051875
1823.8966775101155,0.008896009996533394,1822.34,0.08787320774084195,0.0561413937367367,1823.8966775101155,0.0050087808844913925
1824.3621947835995,0.007888914085924625,1822.799,0.042121513499981056,0.06590999465184517,1824.3621947835995,0.004955355145141389
1824.8277120570835,0.009735256433486938,1823.27,0.07480135075385896,0.07437645359235803,1824.8277120570835,0.0048971678451095665
1825.2932293305673,0.009567406959831715,1823.735,0.026871035324769865,0.08078076598048486,1825.2932293305673,0.004731536961672558
1825.7587466040513,0.006378271151334047,1824.199,0.10094506472782472,0.0845434056703268,1825.7587466040513,0.004593702427463966
1826.2242638775353,0.004531929735094309,1824.665,0.3536683690026394,0.08534226490513329,1826.2242638775353,0.00445836792005301
1826.6897811510194,0.006546120624989271,1825.13,0.026871035324769865,0.0831563971764169,1826.6897811510194,0.004324538363031699
1827.1552984245031,0.009231708012521267,1825.596,0.045024372890056785,0.07826456061360167,1827.1552984245031,0.004219479672194179
1827.6208156979872,0.007888914085924625,1826.056,0.021059280104319233,0.07119743087125287,1827.6208156979872,0.004153866306905965
1828.0863329714712,0.00520332669839263,1826.522,0.048657506922279437,0.06265572432799743,1828.0863329714712,0.004098026888127606
1828.5518502449552,0.004531929735094309,1826.985,0.03122827770122627,0.05341401731270193,1828.5518502449552,0.00403444890661197
1829.017367518439,0.004531929735094309,1827.455,0.03195251590307402,0.044228797469348775,1829.017367518439,0.003992787277673077
1829.482884791923,0.0011749446857720613,1827.915,0.045024372890056785,0.035763143791692195,1829.482884791923,0.003959238403257921
1829.948402065407,-0.0011749446857720613,1828.385,0.00580867207149427,0.028534138825809196,1829.948402065407,0.003919575151112265
1830.4139193388908,-0.0005035477224737406,1828.844,0.011620427291944901,0.022884535725334144,1830.4139193388908,0.003865380493790523
1830.8794366123748,-0.0005035477224737406,1829.316,0.03340689888945447,0.018977150335286484,1830.8794366123748,0.003787873498825409
1831.3449538858588,-0.002517738612368703,1829.774,0.03340689888945447,0.016808220276107764,1831.3449538858588,0.00373247611789196
1831.8104711593428,-0.004364080261439085,1830.24,0.020335041902471485,0.016234313219913345,1831.8104711593428,0.0037321512816788655
1832.2759884328266,-0.001678492408245802,1830.706,0.01597779952601508,0.01700676259277387,1832.2759884328266,0.0037612346539733442
1832.7415057063106,0.000839246204122901,1831.17,0.026871035324769865,0.018808439168625894,1832.7415057063106,0.003790326250168077
1833.2070229797946,-0.0001678492408245802,1831.636,0.00580867207149427,0.0212893606803291,1833.2070229797946,0.003809306712082727
1833.6725402532786,-0.0028534370940178633,1832.101,0.046478885734051234,0.02409918125928703,1833.6725402532786,0.0038532915588761546
1834.1380575267624,-0.006210422143340111,1832.566,0.013799178337787099,0.0269154929359567,1834.1380575267624,0.003910730489825475
1834.6035748002464,-0.008896009996533394,1833.034,0.00580867207149427,0.029467262529967328,1834.6035748002464,0.0039873863193262485
1835.0690920737304,-0.006210422143340111,1833.496,0.01597779952601508,0.03155279533571471,1835.0690920737304,0.004042467092966172
1835.5346093472144,-0.0041962312534451485,1833.959,0.13362477212408908,0.033051128340540296,1835.5346093472144,0.004063918804303138
1836.0001266206982,-0.003524834057316184,1834.429,0.020335041902471485,0.0339247730438507,1836.0001266206982,0.004072152854942456
1836.4656438941822,-0.0028534370940178633,1834.893,0.011620427291944901,0.03421166221608551,1836.4656438941822,0.004119515615629831
1836.9311611676662,-0.001678492408245802,1835.355,0.03195251590307402,0.034006550857562455,1836.9311611676662,0.004218451709533649
1837.39667844115,0.0011749446857720613,1835.821,0.009441806103716699,0.03343602253157558,1837.39667844115,0.004247847585126851
1837.862195714634,0.0038605325389653444,1836.284,0.00580867207149427,0.03263369800248962,1837.862195714634,0.004197746307143933
1838.327712988118,0.0031891355756670237,1836.75,0.04066713051360038,0.03172159070767237,1838.327712988118,0.004089478290529645
1838.793230261602,0.0011749446857720613,1837.215,0.027595273526617614,0.03080059359151633,1838.793230261602,0.004008188357849168
1839.2587475350858,-0.0010070954449474812,1837.68,0.05519350034457782,0.02994947577368022,1839.2587475350858,0.003979863631477393
1839.7242648085698,-0.0001678492408245802,1838.148,0.0617293639092622,0.029229002327427787,1839.7242648085698,0.003974507899917706
1840.1897820820539,0.0031891355756670237,1838.614,0.005084563727260516,0.02868698547214029,1840.1897820820539,0.003975599608802788
1840.6552993555379,0.0041962312534451485,1839.079,0.01234466549379265,0.028361493781747946,1840.6552993555379,0.003955192318678468
1841.1208166290216,0.0031891355756670237,1839.544,0.003630050883266067,0.0282819943257456,1841.1208166290216,0.0039095216010627465
1841.5863339025057,-0.0001678492408245802,1840.007,0.06826535733156058,0.028469880837144385,1841.5863339025057,0.0038643669284003945
1842.0518511759897,-0.0023498893715441227,1840.47,0.00580867207149427,0.028939416603044537,1842.0518511759897,0.0038654524660371287
1842.5173684494737,-0.0005035477224737406,1840.941,0.06463222329933815,0.029698408906111282,1842.5173684494737,0.003857421955771957
1842.9828857229575,-0.0001678492408245802,1841.403,0.03994289231175285,0.030746828109634274,1842.9828857229575,0.0038320865736072587
1843.4484029964415,-0.0005035477224737406,1841.867,0.022513663090699687,0.032072119620201026,1843.4484029964415,0.0038149420650234606
1843.9139202699255,-0.0005035477224737406,1842.329,0.020335041902471485,0.033641806627183066,1843.9139202699255,0.0037791131468063047
1844.3794375434093,-0.0005035477224737406,1842.795,0.01234466549379265,0.035396102569665626,1844.3794375434093,0.0037438228861233045
1844.8449548168933,-0.0015106431674212217,1843.26,0.0384885093253724,0.03724438182641044,1844.8449548168933,0.0036480837869983587
1845.3104720903773,-0.0015106431674212217,1843.726,0.03776427112352465,0.03906866945857205,1845.3104720903773,0.0035043959858580063
1845.7759893638613,-0.0021820401307195425,1844.192,0.03195251590307402,0.04073513183465979,1845.7759893638613,0.003381251167129983
1846.241506637345,-0.00587472366169095,1844.658,0.048657506922279437,0.042112057735511216,1846.241506637345,0.003348979031380344
1846.707023910829,-0.008224613033235073,1845.123,0.05083612811050764,0.043090959025425465,1846.707023910829,0.003344159902087729
1847.172541184313,-0.009903104975819588,1845.589,0.058096359734653547,0.04360642719056584,1847.172541184313,0.0033123626888584513
1847.6380584577971,-0.010238803923130035,1846.056,0.059550742721034,0.04365024955381112,1847.6380584577971,0.003309868830768135
1848.103575731281,-0.009903104975819588,1846.514,0.05083612811050764,0.043276160255327566,1848.103575731281,0.0033781775334472933
1848.569093004765,-0.008560311049222946,1846.982,0.05083612811050764,0.0425935363835893,1848.569093004765,0.0034532585118374893
1849.034610278249,-0.0041962312534451485,1847.444,0.007987423117336245,0.04175098419561052,1849.034610278249,0.0035205186895002818
1849.5001275517327,-0.0028534370940178633,1847.915,0.03340689888945447,0.04091326528158855,1849.5001275517327,0.0035972567576071884
1849.9656448252167,-0.0068818191066384315,1848.377,0.05083612811050764,0.040236343102688865,1849.9656448252167,0.0036728722906347157
1850.4311620987007,-0.008224613033235073,1848.844,0.0363097582795302,0.03984488981662869,1850.4311620987007,0.0037209957480572355
1850.8966793721847,-0.008224613033235073,1849.309,0.06608673614333238,0.039814956192373074,1850.8966793721847,0.0037271717978971026
1851.3621966456685,-0.007553216069936752,1849.775,0.003630050883266067,0.0401630984292603,1851.3621966456685,0.003702919895198837
1851.8277139191525,-0.006546120624989271,1850.234,0.00580867207149427,0.04084292329150111,1851.8277139191525,0.0036943836210897663
1852.2932311926365,-0.006210422143340111,1850.699,0.07915859313031537,0.04175009072742507,1852.2932311926365,0.003715806547924555
1852.7587484661206,-0.007553216069936752,1851.166,0.05083612811050764,0.042735957059842525,1852.7587484661206,0.00373128368689137
1853.2242657396043,-0.007553216069936752,1851.632,0.03195251590307402,0.04362811615674721,1853.2242657396043,0.00372829846396721
1853.6897830130883,-0.004867628216743469,1852.096,0.029773894714845817,0.044254564043412215,1853.6897830130883,0.0037319662661492964
1854.1553002865724,-0.0031891355756670237,1852.562,0.0617293639092622,0.044468083818960745,1854.1553002865724,0.003705419936988826
1854.6208175600564,-0.000839246204122901,1853.03,0.05737212153280602,0.04416794348997005,1854.6208175600564,0.003620706865483833
1855.0863348335401,-0.0005035477224737406,1853.492,0.046478885734051234,0.043316144206975334,1855.0863348335401,0.0035601634592145777
1855.5518521070242,-0.0038605325389653444,1853.96,0.05083612811050764,0.04194564620479144,1855.5518521070242,0.0035703280372519804
1856.0173693805082,-0.004364080261439085,1854.422,0.03340689888945447,0.04015904126809827,1856.0173693805082,0.0036121993712141106
1856.482886653992,-0.0028534370940178633,1854.889,0.05083612811050764,0.03811788605643303,1856.482886653992,0.003653441586493195
1856.948403927476,-0.0015106431674212217,1855.352,0.0014514296950378647,0.0360245658645106,1856.948403927476,0.0037413146443689214
1857.41392120096,-0.000839246204122901,1855.817,0.03340689888945447,0.03409952995262222,1857.41392120096,0.0037871004933712803
1857.879438474444,-0.0011749446857720613,1856.28,0.07915859313031537,0.032556761001435855,1857.879438474444,0.003760517146234604
1858.3449557479278,-0.0018463416490703821,1856.746,0.022513663090699687,0.03157956658561924,1858.3449557479278,0.0036950353580858845
1858.8104730214118,-0.0036926832981407642,1857.211,0.010166044305564448,0.03129814464654624,1858.8104730214118,0.0036774570415321283
1859.2759902948958,-0.0036926832981407642,1857.676,0.029773894714845817,0.03177087486889544,1859.2759902948958,0.0037112032891056454
1859.7415075683798,-0.0036926832981407642,1858.141,0.024692414136541663,0.03297248743329999,1859.7415075683798,0.0037616108959362764
1860.2070248418636,-0.0021820401307195425,1858.606,0.014523286682020853,0.034792618544645826,1860.2070248418636,0.0037965845426922704
1860.6725421153476,-0.0011749446857720613,1859.071,0.009441806103716699,0.03704703421640834,1860.6725421153476,0.003837031110117145
1861.1380593888316,-0.0015106431674212217,1859.537,0.07915859313031537,0.039501439826506966,1861.1380593888316,0.0038793814777783285
1861.6035766623156,0.0001678492408245802,1860.0,0.01597779952601508,0.041904931777904025,1861.6035766623156,0.003912846060025694
1862.0690939357994,0.0031891355756670237,1860.469,0.06608673614333238,0.04402747059140219,1862.0690939357994,0.0038931624604385895
1862.5346112092834,0.00520332669839263,1860.93,0.029773894714845817,0.04569411085716332,1862.5346112092834,0.003854461394649671
1863.0001284827674,0.006546120624989271,1861.4,0.1844579469432539,0.046808498896961946,1863.0001284827674,0.0038799633095389814
1863.4656457562512,0.004867628216743469,1861.863,0.005084563727260516,0.047359431046907347,1863.4656457562512,0.0039328216049675565
1863.9311630297352,0.0018463416490703821,1862.326,0.042121513499981056,0.0474077671236631,1863.9311630297352,0.003948679091300933
1864.3966803032192,-0.0005035477224737406,1862.791,0.005084563727260516,0.04705698345350418,1864.3966803032192,0.003918888482007739
1864.8621975767032,-0.0003356984816491604,1863.256,0.005084563727260516,0.04641681207165061,1864.8621975767032,0.0038236736547308946
1865.327714850187,-0.000839246204122901,1863.722,0.03776427112352465,0.04557199852295714,1865.327714850187,0.003945870682111039
1865.793232123671,-0.0023498893715441227,1864.189,0.0384885093253724,0.04456570246015709,1865.793232123671,0.004075055862933971
1866.258749397155,-0.0031891355756670237,1864.655,0.06826535733156058,0.04340130573153296,1866.258749397155,0.004183070995618584
1866.724266670639,-0.0031891355756670237,1865.115,0.003630050883266067,0.04206048675618987,1866.724266670639,0.004239093386123999
1867.1897839441228,-0.004699778743088245,1865.581,0.04066713051360038,0.040531437493262275,1867.1897839441228,0.004315584744777913
1867.6553012176068,-0.003524834057316184,1866.053,0.09440920116314033,0.038839155175953835,1867.6553012176068,0.004356300639478329
1868.1208184910909,0.0011749446857720613,1866.511,0.10530243696189512,0.03706893262870952,1868.1208184910909,0.004381019241692192
1868.5863357645749,0.004867628216743469,1866.974,0.03195251590307402,0.03537469349954756,1868.5863357645749,0.004399164994039507
1869.0518530380587,0.00587472366169095,1867.444,0.0014514296950378647,0.03396720210679982,1869.0518530380587,0.004406260052709988
1869.5173703115427,0.007553216069936752,1867.907,0.00580867207149427,0.033083487328324876,1869.5173703115427,0.004402316753361508
1869.9828875850267,0.008896009996533394,1868.37,0.05083612811050764,0.03294498784899931,1869.9828875850267,0.004402137885449576
1870.4484048585105,0.007217517588287592,1868.836,0.011620427291944901,0.03371450448494556,1870.4484048585105,0.004392289917543323
1870.9139221319945,0.0030212863348424435,1869.299,0.03994289231175285,0.035460763023929406,1870.9139221319945,0.004382670159148134
1871.3794394054785,0.0011749446857720613,1869.765,0.00580867207149427,0.03813661595025019,1871.3794394054785,0.004418583373189195
1871.8449566789625,0.002517738612368703,1870.229,0.022513663090699687,0.04157443330512106,1871.8449566789625,0.0044852925572778
1872.3104739524463,0.002517738612368703,1870.695,0.05519350034457782,0.04549991631899932,1872.3104739524463,0.004576218687045058
1872.7759912259303,0.0018463416490703821,1871.16,0.02541652248077564,0.04956266892648314,1872.7759912259303,0.004674083630749248
1873.2415084994143,0.0031891355756670237,1871.626,0.138706382560007,0.053378519167499576,1873.2415084994143,0.004769717869638247
1873.7070257728983,0.0018463416490703821,1872.093,0.010166044305564448,0.056575966502026925,1873.7070257728983,0.004848133585611166
1874.172543046382,0.0003356984816491604,1872.559,0.11837429394887788,0.05883858829646733,1874.172543046382,0.004863409243101368
1874.638060319866,0.002517738612368703,1873.022,0.04720312393589898,0.05993720163874252,1874.638060319866,0.004854299357638341
1875.10357759335,0.004867628216743469,1873.484,0.02541652248077564,0.05974913552650583,1875.10357759335,0.004897996370880263
1875.5690948668341,0.00520332669839263,1873.955,0.005084563727260516,0.058265451525552854,1875.5690948668341,0.004960507318488394
1876.034612140318,0.00587472366169095,1874.418,0.1619472371438968,0.05558869242963223,1876.034612140318,0.005024072965007788
1876.500129413802,0.007217517588287592,1874.882,0.020335041902471485,0.05192296510947062,1876.500129413802,0.0023063487216714606
1876.965646687286,0.008560311049222946,1875.345,0.059550742721034,0.04755623121353938,1876.965646687286,-0.00018594136637498793
1877.4311639607697,0.008560311049222946,1875.81,0.04720312393589898,0.042834288187033304,1877.4311639607697,-0.002424133486456304
1877.8966812342537,0.007888914085924625,1876.277,0.005084563727260516,0.038127910370600426,1877.8966812342537,-0.0043885602760117175
1878.3621985077377,0.007217517588287592,1876.742,0.04430026454582303,0.033797073210585,1878.3621985077377,-0.00609272120037668
1878.8277157812217,0.009903104975819588,1877.207,0.024692414136541663,0.030157148782212668,1878.8277157812217,-0.007585938256526848
1879.2932330547055,0.01124589890241623,1877.673,0.005084563727260516,0.027451245290943782,1879.2932330547055,-0.008857466959183803
1879.7587503281895,0.009903104975819588,1878.138,0.024692414136541663,0.025831275272953046,1879.7587503281895,-0.009924857046519008
1880.2242676016735,0.0041962312534451485,1878.604,0.07262259970801699,0.025348554807116848,1880.2242676016735,-0.010762655806934479
1880.6897848751576,-0.0015106431674212217,1879.07,0.007987423117336245,0.025953174478665325,1880.6897848751576,-0.011318551901757155
1881.1553021486413,-0.0031891355756670237,1879.536,0.007987423117336245,0.027500658264552703,1881.1553021486413,-0.01164533584046061
1881.6208194221254,-0.0015106431674212217,1879.997,0.03340689888945447,0.029764971760993738,1881.6208194221254,-0.011777331584409995
1882.0863366956094,-0.0015106431674212217,1880.459,0.021059280104319233,0.03245796918072341,1882.0863366956094,-0.01171948552654323
1882.5518539690931,-0.00553902518004179,1880.93,0.042121513499981056,0.035255464743346544,1882.5518539690931,-0.011473644047185903
1883.0173712425772,-0.007553216069936752,1881.392,0.024692414136541663,0.03782898629977138,1883.0173712425772,-0.011030929584465126
1883.4828885160612,-0.0068818191066384315,1881.855,0.01888065891609103,0.03988076696952907,1883.4828885160612,-0.01039548705014167
1883.9484057895452,-0.0068818191066384315,1882.325,0.059550742721034,0.04117819106589815,1883.9484057895452,-0.009549267177333542
1884.413923063029,-0.009063859470188618,1882.784,0.1096596793383513,0.04158260173013932,1884.413923063029,-0.008519691968605475
1884.879440336513,-0.008224613033235073,1883.249,0.07697997194208717,0.041066472479946936,1884.879440336513,-0.0073074586724784915
1885.344957609997,-0.006210422143340111,1883.714,0.003630050883266067,0.03971400621414296,1885.344957609997,-0.005942612795374407
1885.810474883481,-0.00553902518004179,1884.182,0.003630050883266067,0.037704411654341186,1885.810474883481,-0.004434142776426251
1886.2759921569648,-0.00553902518004179,1884.648,0.029773894714845817,0.035282809239632146,1886.2759921569648,-0.002763734350835705
1886.7415094304488,-0.008224613033235073,1885.115,0.009441806103716699,0.03272725606233404,1886.7415094304488,-0.0009650966912280116
1887.2070267039328,-0.009231708012521267,1885.58,0.01597779952601508,0.030319650268402328,1887.2070267039328,0.0010194926515611766
1887.6725439774168,-0.007553216069936752,1886.041,0.04066713051360038,0.028324461207606448,1887.6725439774168,0.0031881300834981424
1888.1380612509006,-0.005035477224737406,1886.51,0.0842400737086193,0.02697483260005806,1888.1380612509006,0.005518816943160976
1888.6035785243846,-0.00553902518004179,1886.971,0.0014514296950378647,0.02646250618904407,1888.6035785243846,0.00796854694674758
1889.0690957978686,-0.008560311049222946,1887.44,0.059550742721034,0.026927383865362118,1889.0690957978686,0.010510042045246892
1889.5346130713524,-0.01258869282901287,1887.9,0.007987423117336245,0.028444578166009458,1889.5346130713524,0.01315407935133296
1890.0001303448364,0.0,1888.37,0.009441806103716699,0.031010159255612176,1890.0001303448364,0.015906647696181685
1890.4656476183204,0.0,1888.835,0.020335041902471485,0.034529477239526214,1890.4656476183204,0.01876830863270365
1890.9311648918044,0.0,1889.298,0.05083612811050764,0.03881264256488415,1890.9311648918044,0.021754849465874516
1891.3966821652882,0.0,1889.764,0.06681084448756636,0.04358045562616034,1891.3966821652882,0.024858315895766106
1891.8621994387722,0.0,1890.23,0.0007271914931903378,0.04848192046080723,1891.8621994387722,0.02805576370133885
1892.3277167122562,0.0,1890.696,0.003630050883266067,0.05312286772397975,1892.3277167122562,0.03137402279141779
1892.7932339857402,0.0,1891.155,0.13580352316993105,0.05710419345683663,1892.7932339857402,0.03476821196833597
1893.258751259224,0.0,1891.621,0.026871035324769865,0.06006650422140227,1893.258751259224,0.03821455219555897
1893.724268532708,0.0,1892.089,0.042121513499981056,0.061735325037850244,1893.724268532708,0.04179815533544729
1894.189785806192,0.0,1892.554,0.14669675896868584,0.061959069920273585,1894.189785806192,0.045479037611690386
1894.655303079676,0.0,1893.015,0.10530243696189512,0.06073188916846905,1894.655303079676,0.04925853935558733
1895.1208203531598,0.0,1893.484,0.013799178337787099,0.058195390401202765,1895.1208203531598,0.05313355191293002
1895.5863376266439,0.0,1893.944,0.06826535733156058,0.0546173177972034,1895.5863376266439,0.057047216268371906
1896.0518549001279,0.0,1894.414,0.0384885093253724,0.05035097931356308,1896.0518549001279,0.060960409804392754
1896.5173721736116,0.0,1894.878,0.005084563727260516,0.045783993285625796,1896.5173721736116,0.06489716444168477
1896.9828894470957,0.0,1895.34,0.04066713051360038,0.041286565496148106,1896.9828894470957,0.06889238173756204
1897.4484067205797,0.0,1895.806,0.048657506922279437,0.03716811727517373,1897.4484067205797,0.07292354110459723
1897.9139239940637,0.0,1896.27,0.013799178337787099,0.03364806112467592,1897.9139239940637,0.0769762139282153
1898.3794412675475,0.0,1896.735,0.005084563727260516,0.030843254817685243,1898.3794412675475,0.08107001787891559
1898.8449585410315,0.0,1897.202,0.024692414136541663,0.028772012387694845,1898.8449585410315,0.08517436055927097
1899.3104758145155,0.0,1897.667,0.0363097582795302,0.027372293613386944,1899.3104758145155,0.08927526162880836
1899.7759930879995,0.0,1898.133,0.10530243696189512,0.02652924168294621,1899.7759930879995,0.09342235151343274
1900.2415103614833,0.0,1898.599,0.0029058126814183183,0.026105273262428258,1900.2415103614833,0.09761592216044948
1900.7070276349673,0.0,1899.064,0.0007271914931903378,0.025966221290878222,1900.7070276349673,0.10182449707971022
1901.1725449084513,0.2072938084602356,1899.529,0.003630050883266067,0.02600002920335278,1901.1725449084513,0.1060507242915049
1901.6380621819353,0.20930799841880798,1899.992,0.059550742721034,0.026127940597176706,1901.6380621819353,0.11029568734958006
1902.103579455419,0.20964370667934418,1900.455,0.05373898750058337,0.02630933537168865,1902.103579455419,0.1145631834676423
1902.569096728903,0.20997940003871918,1900.926,0.010166044305564448,0.026540476733315922,1902.569096728903,0.11882544516111182
1903.0346140023871,0.20964370667934418,1901.389,0.029049656512998068,0.026846965194896526,1903.0346140023871,0.12306549037508295
1903.500131275871,0.20964370667934418,1901.852,0.020335041902471485,0.02727102726863267,1903.500131275871,0.12727776189907755
1903.965648549355,0.20930799841880798,1902.315,0.00580867207149427,0.02785672969658835,1903.965648549355,0.1315082285114916
1904.431165822839,0.20897230505943298,1902.78,0.01888065891609103,0.0286370554738413,1904.431165822839,0.13573583736241643
1904.896683096323,0.2083009034395218,1903.244,0.020335041902471485,0.02962595368241481,1904.896683096323,0.13991808799854796
1905.3622003698067,0.2072938084602356,1903.71,0.06245360211110995,0.03081640355725403,1905.3622003698067,0.14398427654762241
1905.8277176432907,0.2069581151008606,1904.175,0.07697997194208717,0.03218310571499604,1905.8277176432907,0.147966303011257
1906.2932349167747,0.2066224217414856,1904.641,0.0029058126814183183,0.033687027306847056,1906.2932349167747,0.15192417207584757
1906.7587521902587,0.2062867134809494,1905.107,0.009441806103716699,0.035279894843728364,1906.7587521902587,0.15579635362348876
1907.2242694637425,0.2062867134809494,1905.573,0.026871035324769865,0.036909337378949914,1907.2242694637425,0.15960517100781252
1907.6897867372265,0.2062867134809494,1906.041,0.018156420714243282,0.03852733793202503,1907.6897867372265,0.16340023831672662
1908.1553040107106,0.2066224217414856,1906.503,0.01234466549379265,0.04010390484415799,1908.1553040107106,0.1671572172190074
1908.6208212841943,0.2066224217414856,1906.967,0.11837429394887788,0.041644635691429614,1908.6208212841943,0.17083887863077457
1909.0863385576783,0.2064545601606369,1907.429,0.029049656512998068,0.04320699351473564,1909.0863385576783,0.17444434679553447
1909.5518558311624,0.2059510201215744,1907.897,0.03994289231175285,0.04490773158309329,1909.5518558311624,0.17800074166054322
1910.0173731046464,0.2056153267621994,1908.359,0.19026970216370476,0.04691429565815877,1910.0173731046464,0.1814616790896913
1910.4828903781302,0.2059510201215744,1908.825,0.014523286682020853,0.049416279598344194,1910.4828903781302,0.18480391048286443
1910.9484076516142,0.2059510201215744,1909.294,0.010166044305564448,0.05257865273441705,1910.9484076516142,0.1880395741274047
1911.4139249250982,0.2062867134809494,1909.76,0.005084563727260516,0.056485739379663946,1911.4139249250982,0.1911771815587241
1911.8794421985822,0.2066224217414856,1910.226,0.04284575170182858,0.06109116562325369,1911.8794421985822,0.1942418030891235
1912.344959472066,0.2059510201215744,1910.684,0.003630050883266067,0.06619034492824426,1912.344959472066,0.19721683477250626
1912.81047674555,0.2059510201215744,1911.155,0.011620427291944901,0.0714272700407531,1912.81047674555,0.20005885531208095
1913.275994019034,0.2056153267621994,1911.614,0.05083612811050764,0.07633849355258274,1913.275994019034,0.20274351602197582
1913.741511292518,0.2052796185016632,1912.081,0.2759612055673619,0.08042674942640199,1913.741511292518,0.20531591388105902
1914.2070285660018,0.2052796185016632,1912.547,0.05737212153280602,0.08324714351604885,1914.2070285660018,0.20779440866900756
1914.6725458394858,0.2056153267621994,1913.011,0.06245360211110995,0.08448411131851963,1914.6725458394858,0.21019782041882706
1915.1380631129698,0.2062867134809494,1913.481,0.23020964118411502,0.08400038449946208,1915.1380631129698,0.21228262474387286
1915.6035803864536,0.2066224217414856,1913.944,0.059550742721034,0.08184815331362229,1915.6035803864536,0.21421213341567
1916.0690976599376,0.2066224217414856,1914.407,0.04066713051360038,0.0782429074664292,1916.0690976599376,0.2159857665897559
1916.5346149334216,0.2071259617805481,1914.87,0.018156420714243282,0.0735096573157739,1916.5346149334216,0.21759353245832122
1917.0001322069056,0.2069581151008606,1915.34,0.011620427291944901,0.0680180976863077,1917.0001322069056,0.2190258791786407
1917.4656494803894,0.2069581151008606,1915.799,0.023237901292547436,0.06212509001606527,1917.4656494803894,0.2202781767603819
1917.9311667538734,0.2069581151008606,1916.27,0.026871035324769865,0.05613794255808845,1917.9311667538734,0.22135027710052005
1918.3966840273574,0.2066224217414856,1916.735,0.1931725615537805,0.0503023905019248,1918.3966840273574,0.22223710201999164
1918.8622013008414,0.2062867134809494,1917.199,0.026871035324769865,0.04480939464445771,1918.8622013008414,0.2229290830294664
1919.3277185743252,0.2062867134809494,1917.665,0.03340689888945447,0.03980945789559915,1919.3277185743252,0.22342606402075035
1919.7932358478092,0.2059510201215744,1918.13,0.05083612811050764,0.03542430967582713,1919.7932358478092,0.22372295859076857
1920.2587531212932,0.2062867134809494,1918.589,0.01597779952601508,0.03175137295792677,1920.2587531212932,0.22381019022549165
1920.7242703947772,0.2062867134809494,1919.056,0.00580867207149427,0.028861789533223162,1920.7242703947772,0.22368759437423688
1921.189787668261,0.2062867134809494,1919.521,0.04430026454582303,0.02679525235774322,1921.189787668261,0.2233500764102831
1921.655304941745,0.2066224217414856,1919.989,0.029773894714845817,0.0255548421562396,1921.655304941745,0.22279254170690885
1922.120822215229,0.2069581151008606,1920.452,0.01597779952601508,0.02510389468192724,1922.120822215229,0.22200989563739273
1922.5863394887128,0.2072938084602356,1920.915,0.021059280104319233,0.0253658360408377,1922.5863394887128,0.22099704357501337
1923.0518567621968,0.2079652100801468,1921.384,0.020335041902471485,0.026227483421625154,1923.0518567621968,0.21974889089304941
1923.5173740356809,0.2077973634004593,1921.852,0.03340689888945447,0.027546158387920072,1923.5173740356809,0.2182603429647795
1923.9828913091649,0.2079652100801468,1922.315,0.026871035324769865,0.029160496179356364,1923.9828913091649,0.21652630516348215
1924.4484085826487,0.2079652100801468,1922.781,0.042121513499981056,0.03090410065546649,1924.4484085826487,0.21454168286243608
1924.9139258561327,0.2079652100801468,1923.24,0.00580867207149427,0.032620675346887285,1924.9139258561327,0.21230138143491978
1925.3794431296167,0.2079652100801468,1923.706,0.01234466549379265,0.03417910504901975,1925.3794431296167,0.209800306254212
1925.8449604031007,0.2077973634004593,1924.171,0.09513330950737409,0.03548669031648951,1925.8449604031007,0.2070333626935914
1926.3104776765845,0.2079652100801468,1924.637,0.07044397851978879,0.03649792352795579,1926.3104776765845,0.20704431458583938
1926.7759949500685,0.2076295167207718,1925.104,0.011620427291944901,0.03721562953117644,1926.7759949500685,0.20708511875617042
1927.2415122235525,0.2076295167207718,1925.569,0.03122827770122627,0.037682615287955204,1927.2415122235525,0.20713380555371064
1927.7070294970365,0.2077973634004593,1926.03,0.024692414136541663,0.03796530635767162,1927.7070294970365,0.20719535439710768
1928.1725467705203,0.2079652100801468,1926.5,0.03994289231175285,0.0381339611600394,1928.1725467705203,0.20725548059475374
1928.6380640440043,0.2079652100801468,1926.963,0.023237901292547436,0.038244879635525586,1928.6380640440043,0.2073187318242235
1929.1035813174883,0.2079652100801468,1927.425,0.01597779952601508,0.038328737586311126,1929.1035813174883,0.20738023535725614
1929.569098590972,0.2079652100801468,1927.893,0.05301474929873562,0.038387066564281154,1929.569098590972,0.20743960077068838
1930.034615864456,0.2079652100801468,1928.355,0.0617293639092622,0.03839665574987365,1930.034615864456,0.2074914989235171
1930.50013313794,0.2079652100801468,1928.821,0.003630050883266067,0.03831961019068809,1930.50013313794,0.20751418066338226
1930.9656504114241,0.2076295167207718,1929.284,0.06245360211110995,0.0381155796505636,1930.9656504114241,0.20753624721697553
1931.431167684908,0.2079652100801468,1929.749,0.07262259970801699,0.03775259231221411,1931.431167684908,0.20755767213143148
1931.896684958392,0.2079652100801468,1930.215,0.03994289231175285,0.03721364039349866,1931.896684958392,0.20757842895390255
1932.362202231876,0.2083009034395218,1930.681,0.020335041902471485,0.03649757205827944,1932.362202231876,0.20759849123154125
1932.82771950536,0.2083009034395218,1931.148,0.00580867207149427,0.03561517055783277,1932.82771950536,0.20761783251150007
1933.2932367788437,0.2079652100801468,1931.613,0.018156420714243282,0.03458372603730852,1933.2932367788437,0.20763642634093146
1933.7587540523277,0.2079652100801468,1932.079,0.022513663090699687,0.03342407926984707,1933.7587540523277,0.20765424626698797
1934.2242713258117,0.2079652100801468,1932.544,0.09658782235136854,0.032162166445189794,1934.2242713258117,0.20767126583682205
1934.6897885992958,0.2079652100801468,1933.007,0.018156420714243282,0.03083383320647707,1934.6897885992958,0.20768745859758617
1935.1553058727795,0.2079652100801468,1933.47,0.0007271914931903378,0.02948958146248383,1935.1553058727795,0.20770279809643283
1935.6208231462635,0.2079652100801468,1933.941,0.029773894714845817,0.02819628366197359,1935.6208231462635,0.20771725788051454
1936.0863404197476,0.2076295167207718,1934.403,0.07480135075385896,0.02703459038634714,1936.0863404197476,0.20773081149698375
1936.5518576932313,0.2079652100801468,1934.867,0.024692414136541663,0.02609180146115092,1936.5518576932313,0.20774343249299296
1937.0173749667154,0.2076295167207718,1935.329,0.003630050883266067,0.025450332332397435,1937.0173749667154,0.20775509441569465
1937.4828922401994,0.2072938084602356,1935.795,0.024692414136541663,0.02517299293350467,1937.4828922401994,0.20776577081224132
1937.9484095136834,0.2072938084602356,1936.26,0.013799178337787099,0.025288139674727924,1937.9484095136834,0.20777543522978548
1938.4139267871672,0.2066224217414856,1936.725,0.014523286682020853,0.025778778055150095,1938.4139267871672,0.20778406121547954
1938.8794440606512,0.2069581151008606,1937.192,0.03994289231175285,0.026578999321605606,1938.8794440606512,0.20779162231647605
1939.3449613341352,0.2069581151008606,1937.658,0.003630050883266067,0.02757938741169353,1939.3449613341352,0.20779809207992747
1939.8104786076192,0.2069581151008606,1938.123,0.01234466549379265,0.028641204136655222,1939.8104786076192,0.2078034440529863
1940.275995881103,0.2069581151008606,1938.589,0.03340689888945447,0.029617527937724396,1940.275995881103,0.20780765178280503
1940.741513154587,0.2066224217414856,1939.049,0.08351583550677177,0.030377804108418144,1940.741513154587,0.2078106888165361
1941.207030428071,0.2066224217414856,1939.514,0.042121513499981056,0.030830596293632478,1941.207030428071,0.20781252870133207
1941.6725477015548,0.2069581151008606,1939.982,0.024692414136541663,0.030938913345499305,1941.6725477015548,0.20781314498434536
1942.1380649750388,0.2072938084602356,1940.444,0.04066713051360038,0.030724470389779504,1942.1380649750388,0.2078125112127285
1942.6035822485228,0.2072938084602356,1940.915,0.01597779952601508,0.03026097862319373,1942.6035822485228,0.20781060093363396
1943.0690995220068,0.2072938084602356,1941.377,0.005084563727260516,0.029659988566787903,1943.0690995220068,0.20780738769421422
1943.5346167954906,0.2076295167207718,1941.843,0.022513663090699687,0.02905442570340652,1943.5346167954906,0.20780284504162178
1944.0001340689746,0.2076295167207718,1942.309,0.026871035324769865,0.02858451658911043,1944.0001340689746,0.20779694652300912
1944.4656513424586,0.2076295167207718,1942.775,0.018156420714243282,0.02838879117169826,1944.4656513424586,0.2077896656855287
1944.9311686159426,0.2079652100801468,1943.24,0.03122827770122627,0.02860013435950747,1944.9311686159426,0.20778097607633303
1945.3966858894264,0.2079652100801468,1943.699,0.07480135075385896,0.029344437858088476,1945.3966858894264,0.2077708512425746
1945.8622031629104,0.2079652100801468,1944.17,0.04430026454582303,0.030738033343806405,1945.8622031629104,0.2077592647314059
1946.3277204363944,0.2079652100801468,1944.636,0.007987423117336245,0.03288037880657289,1946.3277204363944,0.20774619008997944
1946.7932377098784,0.2079652100801468,1945.101,0.020335041902471485,0.03584061816609406,1946.7932377098784,0.20773160086544762
1947.2587549833622,0.2079652100801468,1945.559,0.020335041902471485,0.039639510878955155,1947.2587549833622,0.207715470604963
1947.7242722568462,0.2079652100801468,1946.029,0.1619472371438968,0.044229812574654526,1947.7242722568462,0.20769777285567806
1948.1897895303302,0.2079652100801468,1946.492,0.005084563727260516,0.04947798148720824,1948.1897895303302,0.20767848116474524
1948.655306803814,0.2079652100801468,1946.96,0.018156420714243282,0.05515017299952473,1948.655306803814,0.2076575690793171
1949.120824077298,0.2079652100801468,1947.422,0.022513663090699687,0.060907687051780166,1949.120824077298,0.20763501014654603
1949.586341350782,0.2079652100801468,1947.885,0.0029058126814183183,0.06631962175013852,1949.586341350782,0.20761077791358462
1950.051858624266,0.2079652100801468,1948.355,0.024692414136541663,0.07089960146112817,1950.051858624266,0.20758484592758528
1950.5173758977498,0.2079652100801468,1948.814,0.10530243696189512,0.07416737120105221,1950.5173758977498,0.20755718773570053
1950.9828931712339,0.2076295167207718,1949.285,0.12708890855940447,0.07572663721234248,1950.9828931712339,0.20752777688508284
1951.4484104447179,0.2076295167207718,1949.751,0.22803089013827282,0.07534171806543563,1951.4484104447179,0.20749658692288472
1951.9139277182019,0.2076295167207718,1950.215,0.08351583550677177,0.07299186690965254,1951.9139277182019,0.2074635913962586
1952.3794449916857,0.2072938084602356,1950.68,0.0384885093253724,0.06888669975274235,1952.3794449916857,0.20742876385235706
1952.8449622651697,0.2072938084602356,1951.145,0.04430026454582303,0.0634379803274796,1952.8449622651697,0.2073920778383325
1953.3104795386537,0.2072938084602356,1951.604,0.01234466549379265,0.05719625665373448,1953.3104795386537,0.20735350690133744
1953.7759968121377,0.2072938084602356,1952.071,0.05083612811050764,0.05076899190355536,1953.7759968121377,0.20731302458852438
1954.2415140856215,0.2072938084602356,1952.536,0.01597779952601508,0.04473763703083885,1954.2415140856215,0.2072706044470458
1954.7070313591055,0.2072938084602356,1953.004,0.058096359734653547,0.03958698946486474,1954.7070313591055,0.20722622002405414
,,1953.466,0.013799178337787099,0.03565480269326957,,
,,1953.934,0.02541652248077564,0.033105161664780204,,
,,1954.397,0.018156420714243282,0.031926107868311834,,
,,1954.86,0.0014514296950378647,0.03194977724782551,,
,,1955.329,0.07116821672163653,0.03289100152391176,,
,,1955.795,0.08787320774084195,0.03439764472108779,,
,,1956.256,0.0014514296950378647,0.036103863636880756,,
,,1956.721,0.07915859313031537,0.0376776056716784,,
,,1957.185,0.009441806103716699,0.03885642436706332,,
,,1957.651,0.03994289231175285,0.03946950799729255,,
,,1958.118,0.05519350034457782,0.039446654336587485,,
,,1958.584,0.018156420714243282,0.038816105591925255,,
,,1959.049,0.042121513499981056,0.03769322232532388,,
,,1959.514,0.048657506922279437,0.03626165718340817,,
,,1959.978,0.05519350034457782,0.034748385152182974,,
,,1960.44,0.01670203772786283,0.03339394412247665,,
,,1960.904,0.05083612811050764,0.03241994349738593,,
,,1961.373,0.007987423117336245,0.031997330791308655,,
,,1961.839,0.003630050883266067,0.032220333968788255,,
,,1962.303,0.027595273526617614,0.03309145020266314,,
,,1962.769,0.01234466549379265,0.034521697008368345,,
,,1963.229,0.01670203772786283,0.03634751274660117,,
,,1963.695,0.05519350034457782,0.038361769660804124,,
,,1964.163,0.11691978110488366,0.04035234509741435,,
,,1964.628,0.06826535733156058,0.042138934338723975,,
,,1965.093,0.024692414136541663,0.04359903574513746,,
,,1965.559,0.01597779952601508,0.0446781695948459,,
,,1966.022,0.022513663090699687,0.0453855045794848,,
,,1966.484,0.05301474929873562,0.04578033990263673,,
,,1966.952,0.0617293639092622,0.045955110502249395,,
,,1967.414,0.04938174512412696,0.04601798594418233,,
,,1967.885,0.06608673614333238,0.046075631672077226,,
,,1968.348,0.005084563727260516,0.046216108037996556,,
,,1968.813,0.07552545909809272,0.046492928007191195,,
,,1969.278,0.018156420714243282,0.04691254828333653,,
,,1969.744,0.0617293639092622,0.047427920290116124,,
,,1970.208,0.01597779952601508,0.04794011343018621,,
,,1970.673,0.0617293639092622,0.04830892749421686,,
,,1971.141,0.03776427112352465,0.048372068743424985,,
,,1971.6,0.059550742721034,0.04797090657203709,,
,,1972.066,0.021059280104319233,0.046979332130851856,,
,,1972.532,0.08351583550677177,0.045331174339523786,,
,,1973.0,0.07915859313031537,0.04304110455877691,,
,,1973.463,0.023237901292547436,0.04021419642286732,,
,,1973.926,0.046478885734051234,0.037040906937891326,,
,,1974.389,0.020335041902471485,0.033777260394567465,,
,,1974.859,0.0617293639092622,0.0307132045960347,,
,,1975.322,0.009441806103716699,0.028134151998778816,,
,,1975.788,0.0014514296950378647,0.026281639721933276,,
,,1976.252,0.0014514296950378647,0.025319463250510064,,
,,1976.717,0.022513663090699687,0.025311293623835763,,
,,1977.182,0.021059280104319233,0.026213855762601906,,
,,1977.647,0.042121513499981056,0.027886365400359825,,
,,1978.112,0.026871035324769865,0.030113459916979675,,
,,1978.578,0.026871035324769865,0.032636640440670474,,
,,1979.041,0.058096359734653547,0.03518853851287462,,
,,1979.51,0.05083612811050764,0.03752458196888369,,
,,1979.971,0.06027498092288175,0.039447441953421,,
,,1980.434,0.03340689888945447,0.040821192174446796,,
,,1980.904,0.024692414136541663,0.04157460622592876,,
,,1981.366,0.03340689888945447,0.04169581265385225,,
,,1981.832,0.022513663090699687,0.04122230971802645,,
,,1982.294,0.0363097582795302,0.040230211229215114,,
,,1982.76,0.07915859313031537,0.03882477253683794,,
,,1983.226,0.00580867207149427,0.03713187973855758,,
,,1983.692,0.09295468831914588,0.03528865170305871,,
,,1984.159,0.018156420714243282,0.03343143262555957,,
,,1984.625,0.022513663090699687,0.0316811407086142,,
,,1985.089,0.00580867207149427,0.03012838560777193,,
,,1985.555,0.00580867207149427,0.028822754564519597,,
,,1986.015,0.005084563727260516,0.027770863338758514,,
,,1986.485,0.03340689888945447,0.02694554419137416,,
,,1986.948,0.051560366312355166,0.026304572278062502,,
,,1987.411,0.06826535733156058,0.025813284044143698,,
,,1987.878,0.05083612811050764,0.02546327763312842,,
,,1988.341,0.0007271914931903378,0.025280475862895002,,
,,1988.807,0.020335041902471485,0.02531991266747249,,
,,1989.27,0.026871035324769865,0.02564954939592829,,
,,1989.736,0.003630050883266067,0.026328715247598035,,
,,1990.204,0.018156420714243282,0.027387415021280365,,
,,1990.67,0.04430026454582303,0.02881150134715828,,
,,1991.13,0.005084563727260516,0.030536687348267415,,
,,1991.596,0.034131137091302,0.03245230606784625,,
,,1992.06,0.003630050883266067,0.03441395278517933,,
,,1992.526,0.10530243696189512,0.036262563036895686,,
,,1992.989,0.04720312393589898,0.03784595420673808,,
,,1993.458,0.024692414136541663,0.03903817308524005,,
,,1993.922,0.014523286682020853,0.03975329185715986,,
,,1994.385,0.0384885093253724,0.03995311804516534,,
,,1994.856,0.022513663090699687,0.0396503460053282,,
,,1995.318,0.10312368591605292,0.03890836615363646,,
,,1995.784,0.005084563727260516,0.03783712250423746,,
,,1996.244,0.059550742721034,0.03658326114427606,,
,,1996.71,0.042121513499981056,0.035313571239383834,,
,,1997.175,0.014523286682020853,0.03419279529178112,,
,,1997.64,0.046478885734051234,0.033358957769006374,,
,,1998.107,0.014523286682020853,0.032900681553264935,,
,,1998.573,0.0014514296950378647,0.0328413818825485,,
,,1999.041,0.01597779952601508,0.033134642199818945,,
,,1999.503,0.027595273526617614,0.033673225232407726,,
,,1999.967,0.07334683790986474,0.03431097202763712,,
,,2000.429,0.021059280104319233,0.03489308433995412,,
,,2000.9,0.048657506922279437,0.03528761332672248,,
,,2001.363,0.1074810581501231,0.03541056544404867,,
,,2001.829,0.01888065891609103,0.03523879878428753,,
,,2002.291,0.00580867207149427,0.03480829180042531,,
,,2002.757,0.00580867207149427,0.034199772862799675,,
,,2003.222,0.059550742721034,0.033517398958060454,,
,,2003.687,0.01597779952601508,0.03286711656598632,,
,,2004.152,0.03558564993529645,0.03233955032539053,,
,,2004.617,0.00580867207149427,0.03199982545723998,,
,,2005.081,0.026871035324769865,0.03188505980172948,,
,,2005.547,0.042121513499981056,0.032008941845510105,,
,,2006.011,0.05519350034457782,0.03237110057818772,,
,,2006.48,0.0384885093253724,0.03296725757736325,,
,,2006.944,0.06027498092288175,0.03379560418330653,,
,,2007.406,0.020335041902471485,0.03485614999252383,,
,,2007.875,0.042121513499981056,0.03614248565278259,,
,,2008.337,0.045024372890056785,0.037628349315529386,,
,,2008.803,0.00580867207149427,0.03925359388617202,,
,,2009.266,0.0072631849154887185,0.04091518329830345,,
,,2009.732,0.046478885734051234,0.04246848056544153,,
,,2010.197,0.03340689888945447,0.04374200726830533,,
,,2010.662,0.003630050883266067,0.044565191715930014,,
,,2011.129,0.0617293639092622,0.044804355817411344,,
,,2011.595,0.17719784517672177,0.04439834563947452,,
,,2012.059,0.05519350034457782,0.04338281904774785,,
,,2012.525,0.013799178337787099,0.04189327757744599,,
,,2012.985,0.05083612811050764,0.0401429486728764,,
,,2013.456,0.0029058126814183183,0.03838037077565058,,
,,2013.918,0.01234466549379265,0.036838200720958995,,
,,2014.381,0.013799178337787099,0.035686616424099024,,
,,2014.847,0.005084563727260516,0.035002446292588266,,
,,2015.31,0.026871035324769865,0.03476058452565786,,
,,2015.776,0.022513663090699687,0.03484862494886729,,
,,2016.241,0.09876644353959674,0.03510000248927933,,
,,2016.707,0.024692414136541663,0.035336464830190976,,
,,2017.174,0.10530243696189512,0.03540874552706808,,
,,2017.64,0.02541652248077564,0.035225751402619646,,
,,2018.104,0.0014514296950378647,0.03476700991131498,,
,,2018.57,0.024692414136541663,0.034078740655634994,,
,,2019.033,0.046478885734051234,0.03325824604957528,,
,,2019.495,0.020335041902471485,0.0324326769527422,,
,,2019.963,0.013799178337787099,0.03173703989337064,,
,,2020.425,0.03994289231175285,0.031294374146563386,,
,,2020.889,0.07480135075385896,0.031199453894009244,,
,,2021.359,0.007987423117336245,0.03150631189339959,,
,,2021.825,0.0029058126814183183,0.0322197014980329,,
,,2022.287,0.020335041902471485,0.03329148836060453,,
,,2022.753,0.0384885093253724,0.03462366041391004,,
,,2023.219,0.0617293639092622,0.036078602399644076,,
,,2023.684,0.07262259970801699,0.0374948618828136,,
,,2024.148,0.010166044305564448,0.038705007924360435,,
,,2024.614,0.018156420714243282,0.03955291698321079,,
,,2025.079,0.024692414136541663,0.039910141092885175,,
,,2025.545,0.0029058126814183183,0.03969249474515314,,
,,2026.008,0.12926752974763267,0.038876899097465875,,
,,2026.47,0.01597779952601508,0.03751550626711275,,
,,2026.941,0.06826535733156058,0.03574175523629373,,
,,2027.403,0.03122827770122627,0.033763496851021514,,
,,2027.871,0.020335041902471485,0.0318415664890193,,
,,2028.333,0.03340689888945447,0.030256136250899696,,
,,2028.798,0.04284575170182858,0.029265981855810357,,
,,2029.263,0.01234466549379265,0.02906703445870285,,
,,2029.728,0.003630050883266067,0.029756859559742346,,
,,2030.193,0.009441806103716699,0.03131151468534,,
,,2030.659,0.011620427291944901,0.03358021281292118,,
,,2031.126,0.013799178337787099,0.03630058778931375,,
,,2031.584,0.11909853215072563,0.039133142125023834,,
,,2032.049,0.020335041902471485,0.041708967040775334,,
,,2032.515,0.05083612811050764,0.04368208788736268,,
,,2032.985,0.011620427291944901,0.04477804303636415,,
,,2033.447,0.05519350034457782,0.04483252424919191,,
,,2033.915,0.11837429394887788,0.04381565111580616,,
,,2034.378,0.06826535733156058,0.04183784047050749,,
,,2034.844,0.024692414136541663,0.03913417361307233,,
,,2035.309,0.0014514296950378647,0.03602782442441245,,
,,2035.774,0.03776427112352465,0.03287869603323445,,
,,2036.234,0.003630050883266067,0.03002761195545896,,
,,2036.7,0.0029058126814183183,0.027746965913983956,,
,,2037.167,0.0363097582795302,0.02620625407968243,,
,,2037.633,0.003630050883266067,0.02545717046115849,,
,,2038.097,0.0007271914931903378,0.02543909409410608,,
,,2038.563,0.07262259970801699,0.026002307590836996,,
,,2039.026,0.013799178337787099,0.02694337931162236,,
,,2039.495,0.06826535733156058,0.028045178344926345,,
,,2039.956,0.03195251590307402,0.02911367162135792,,
,,2040.426,0.022513663090699687,0.03000534399900715,,
,,2040.889,0.013799178337787099,0.030642103209587133,,
,,2041.351,0.07697997194208717,0.031013490388374976,,
,,2041.817,0.00580867207149427,0.031167857859331842,,
,,2042.28,0.04430026454582303,0.03119501322591303,,
,,2042.746,0.005084563727260516,0.031203545008463857,,
,,2043.212,0.022513663090699687,0.03129688287125903,,
,,2043.677,0.0363097582795302,0.03155234824363327,,
,,2044.144,0.01597779952601508,0.03200642971043262,,
,,2044.61,0.06681084448756636,0.032647653301448414,,
,,2045.074,0.029773894714845817,0.03341667692890968,,
,,2045.54,0.026871035324769865,0.03421246741141462,,
,,2046.0,0.00580867207149427,0.034903835069506055,,
,,2046.47,0.013799178337787099,0.035346448525071246,,
,,2046.933,0.02541652248077564,0.035405286545337256,,
,,2047.396,0.12055291513710609,0.03498041859462889,,
,,2047.863,0.022513663090699687,0.03403096853466244,,
,,2048.326,0.059550742721034,0.03259058379762484,,
,,2048.791,0.00580867207149427,0.030769568314934447,,
,,2049.259,0.01597779952601508,0.028743223238585327,,
,,2049.725,0.013799178337787099,0.026730047278536968,,
,,2050.19,0.042121513499981056,0.02496510634358388,,
,,2050.655,0.029049656512998068,0.02367308057773167,,
,,2051.115,0.010166044305564448,0.02304377897163574,,
,,2051.581,0.029049656512998068,0.023211835375132932,,
,,2052.052,0.0014514296950378647,0.02424221278385848,,
,,2052.51,0.01670203772786283,0.02612323912711265,,
,,2052.978,0.04066713051360038,0.02876830038652523,,
,,2053.44,0.01670203772786283,0.0320258520835798,,
,,2053.904,0.07480135075385896,0.03569560418599678,,
,,2054.374,0.05083612811050764,0.03954745481317659,,
,,2054.839,0.027595273526617614,0.0433397602530209,,
,,2055.303,0.03340689888945447,0.04683501525918836,,
,,2055.769,0.042121513499981056,0.04981315972897204,,
,,2056.234,0.05373898750058337,0.05208401801803995,,
,,2056.7,0.0363097582795302,0.053499930264272376,,
,,2057.159,0.08133721431854357,0.05396797007284607,,
,,2057.625,0.08787320774084195,0.053459444156610095,,
,,2058.09,0.04066713051360038,0.05201364792628543,,
,,2058.555,0.0384885093253724,0.049733775241850714,,
,,2059.026,0.014523286682020853,0.04677523913251114,,
,,2059.488,0.08569458655261375,0.04332890947078374,,
,,2059.949,0.01888065891609103,0.039602310274367024,,
,,2060.418,0.06898959553340833,0.035800831915675874,,
,,2060.882,0.007987423117336245,0.03211016395785466,,
,,2061.344,0.00580867207149427,0.028681488083799313,,
,,2061.81,0.022513663090699687,0.025621865039189572,,
,,2062.276,0.0029058126814183183,0.022992292064705072,,
,,2062.742,0.05083612811050764,0.02081434052329437,,
,,2063.207,0.0072631849154887185,0.01908368779214971,,
,,2063.672,0.05519350034457782,0.01778663711283255,,
,,2064.138,0.01670203772786283,0.01691500417184311,,
,,2064.604,0.003630050883266067,0.016475779374450904,,
,,2065.071,0.022513663090699687,0.016494161128623248,,
,,2065.529,0.00580867207149427,0.017010803409254698,,
,,2065.997,0.005084563727260516,0.018075407403711184,,
,,2066.459,0.04430026454582303,0.019738802481154206,,
,,2066.929,0.0007271914931903378,0.022044847687738595,,
,,2067.392,0.042121513499981056,0.025022542009444714,,
,,2067.86,0.013799178337787099,0.028678173588740502,,
,,2068.322,0.0363097582795302,0.032987223408175156,,
,,2068.788,0.09005182892907015,0.037885793269722634,,
,,2069.251,0.02541652248077564,0.04326155773313933,,
,,2069.718,0.05083612811050764,0.048945225878815016,,
,,2070.185,0.003630050883266067,0.054705569849963914,,
,,2070.65,0.042121513499981056,0.060253192812213384,,
,,2071.115,0.01888065891609103,0.06525835329948258,,
,,2071.574,0.014523286682020853,0.0693850448811001,,
,,2072.048,0.2752369673655144,0.07233756633672017,,
,,2072.507,0.009441806103716699,0.07390922467816087,,
,,2072.975,0.1575899947674404,0.0740193731145702,,
,,2073.436,0.05373898750058337,0.07272777802337656,,
,,2073.904,0.00580867207149427,0.07022327858799006,,
,,2074.366,0.07480135075385896,0.06679207903662247,,
,,2074.832,0.05083612811050764,0.06277553225942775,,
,,2075.295,0.08351583550677177,0.05852694157504905,,
,,2075.761,0.00580867207149427,0.05437370011128066,,
,,2076.227,0.10530243696189512,0.05058788271050296,,
,,2076.692,0.005084563727260516,0.04736662133778126,,
,,2077.159,0.0617293639092622,0.04482287285355554,,
,,2077.625,0.0014514296950378647,0.04298683499671442,,
,,2078.089,0.024692414136541663,0.041817756667280784,,
,,2078.555,0.10166930292967247,0.04122455825977514,,
,,2079.015,0.0617293639092622,0.041091411781258816,,
,,2079.485,0.01234466549379265,0.04130258623120023,,
,,2079.948,0.042121513499981056,0.04176125151618533,,
,,2080.411,0.034131137091302,0.04239941968336234,,
,,2080.874,0.1140169217148077,0.04317857648213417,,
,,2081.344,0.029049656512998068,0.04408151749193269,,
,,2081.809,0.034131137091302,0.0450967216770162,,
,,2082.276,0.00580867207149427,0.046198819098403635,,
,,2082.734,0.003630050883266067,0.04733142725283231,,
,,2083.201,0.08206145252039132,0.048399213533464165,,
,,2083.666,0.05083612811050764,0.04927319914131284,,
,,2084.133,0.01888065891609103,0.049808599321424625,,
,,2084.599,0.10530243696189512,0.04987064123098017,,
,,2085.063,0.05301474929873562,0.04936218134400125,,
,,2085.529,0.003630050883266067,0.04824718046127364,,
,,2085.992,0.11909853215072563,0.04656546071448835,,
,,2086.455,0.005084563727260516,0.044436040509467506,,
,,2086.926,0.05737212153280602,0.04204807714433037,,
,,2087.389,0.059550742721034,0.03963990403775042,,
,,2087.852,0.05083612811050764,0.03746810817947595,,
,,2088.315,0.022513663090699687,0.035770208912454894,,
,,2088.78,0.00580867207149427,0.03472635818113786,,
,,2089.244,0.0029058126814183183,0.03442724291939225,,
,,2089.71,0.020335041902471485,0.03485577981648721,,
,,2090.175,0.02541652248077564,0.03588807330174066,,
,,2090.64,0.042121513499981056,0.037314737779291236,,
,,2091.108,0.04938174512412696,0.03887867069424903,,
,,2091.573,0.0617293639092622,0.040321421554228534,,
,,2092.037,0.059550742721034,0.04142842370741158,,
,,2092.5,0.08787320774084195,0.042063786729655904,,
,,2092.97,0.05083612811050764,0.04218793379261289,,
,,2093.433,0.003630050883266067,0.04185572163036398,,
,,2093.896,0.021059280104319233,0.04119783539022602,,
,,2094.359,0.03776427112352465,0.04039231884113039,,
,,2094.825,0.03122827770122627,0.03963420150662017,,
,,2095.295,0.03340689888945447,0.039109212060764814,,
,,2095.761,0.005084563727260516,0.038974256418380336,,
,,2096.219,0.13362477212408908,0.03934433252607056,,
,,2096.684,0.04066713051360038,0.04028349020153127,,
,,2097.149,0.022513663090699687,0.04179703657462617,,
,,2097.614,0.010166044305564448,0.04382427495847601,,
,,2098.081,0.01597779952601508,0.046234638616336254,,
,,2098.547,0.06898959553340833,0.048832094861750816,,
,,2099.015,0.027595273526617614,0.05137116947091638,,
,,2099.477,0.10530243696189512,0.05358405577336189,,
,,2099.945,0.022513663090699687,0.05521475099032195,,
,,2100.407,0.048657506922279437,0.05605466419140306,,
,,2100.87,0.03195251590307402,0.055974361414626264,,
,,2101.34,0.17574333233272732,0.05494657094455452,,
,,2101.799,0.03340689888945447,0.05305550554165764,,
,,2102.27,0.048657506922279437,0.05048834767192413,,
,,2102.729,0.029773894714845817,0.047508225843031826,,
,,2103.201,0.0384885093253724,0.044413285248833145,,
,,2103.66,0.023237901292547436,0.04149032850692275,,
,,2104.126,0.034131137091302,0.03897213243130414,,
,,2104.592,0.029773894714845817,0.03700574685233627,,
,,2105.059,0.01888065891609103,0.035636413896966056,,
,,2105.525,0.013799178337787099,0.034809038300743285,,
,,2105.985,0.03340689888945447,0.03438648541367947,,
,,2106.455,0.07262259970801699,0.03418119693657802,,
,,2106.919,0.03195251590307402,0.033993911558724624,,
,,2107.381,0.059550742721034,0.033651676394161154,,
,,2107.852,0.020335041902471485,0.03303783685844128,,
,,2108.315,0.07697997194208717,0.032109098909605234,,
,,2108.781,0.00580867207149427,0.030897912476081122,,
,,2109.241,0.003630050883266067,0.02950142182536495,,
,,2109.707,0.05519350034457782,0.02806061572721646,,
,,2110.174,0.007987423117336245,0.02673452857664302,,
,,2110.64,0.029773894714845817,0.02567411973733361,,
,,2111.104,0.00580867207149427,0.024999453836162738,,
,,2111.569,0.021059280104319233,0.024782828744183232,,
,,2112.03,0.06027498092288175,0.02503954410376815,,
,,2112.499,0.003630050883266067,0.0257268743906003,,
,,2112.963,0.003630050883266067,0.026750960370050682,,
,,2113.425,0.005084563727260516,0.027981140377732153,,
,,2113.893,0.029773894714845817,0.029270917393495164,,
,,2114.355,0.11038391754019905,0.03048311571231335,,
,,2114.821,0.022513663090699687,0.03151428124347978,,
,,2115.291,0.027595273526617614,0.03231235321679391,,
,,2115.749,0.003630050883266067,0.03288370780570192,,
,,2116.214,0.05083612811050764,0.03328950810478661,,
,,2116.68,0.026871035324769865,0.03363393779162332,,
,,2117.145,0.06245360211110995,0.03404710265766208,,
,,2117.611,0.024692414136541663,0.03466449066863274,,
,,2118.078,0.01234466549379265,0.03560466558090007,,
,,2118.544,0.013799178337787099,0.03694759836686296,,
,,2119.004,0.10530243696189512,0.038716562890391354,,
,,2119.473,0.013799178337787099,0.04086590557335086,,
,,2119.941,0.03122827770122627,0.043275934515592356,,
,,2120.403,0.02541652248077564,0.04575604888537704,,
,,2120.871,0.0363097582795302,0.04805784990645081,,
,,2121.333,0.045024372890056785,0.04989962945635369,,
,,2121.798,0.048657506922279437,0.05100146870109131,,
,,2122.262,0.022513663090699687,0.05112706103716898,,
,,2122.728,0.13362477212408908,0.0501255056269354,,
,,2123.193,0.07262259970801699,0.04796442855324609,,
,,2123.658,0.06245360211110995,0.04474579820337191,,
,,2124.126,0.042121513499981056,0.04069885697158746,,
,,2124.584,0.009441806103716699,0.03615044677935419,,
,,2125.049,0.00580867207149427,0.03147923468911422,,
,,2125.515,0.010166044305564448,0.027064096901258286,,
,,2125.985,0.029773894714845817,0.023236995629225748,,
,,2126.448,0.003630050883266067,0.020247858726822675,,
,,2126.911,0.024692414136541663,0.018245083483131152,,
,,2127.374,0.00580867207149427,0.017271962721754262,,
,,2127.839,0.013799178337787099,0.017277116347055234,,
,,2128.31,0.0384885093253724,0.018135574130016995,,
,,2128.769,0.005084563727260516,0.01967613046152094,,
,,2129.234,0.059550742721034,0.02171002943789644,,
,,2129.7,0.013799178337787099,0.02405622678613555,,
,,2130.167,0.05083612811050764,0.026559578788772215,,
,,2130.633,0.003630050883266067,0.02910020196817343,,
,,2131.1,0.013799178337787099,0.031594443824020366,,
,,2131.565,0.03340689888945447,0.033989523629464356,,
,,2132.026,0.1118383005265795,0.03625413156806144,,
,,2132.495,0.005084563727260516,0.03836642961850444,,
,,2132.959,0.00580867207149427,0.040300649702584276,,
,,2133.422,0.022513663090699687,0.04201489171030015,,
,,2133.885,0.03340689888945447,0.04344427393995522,,
,,2134.355,0.09295468831914588,0.04450281534576015,,
,,2134.814,0.029773894714845817,0.04509431414420044,,
,,2135.284,0.021059280104319233,0.04512957651501194,,
,,2135.75,0.024692414136541663,0.04454648932398695,,
,,2136.214,0.0885974459426897,0.04332975234673258,,
,,2136.68,0.07697997194208717,0.041526755980414325,,
,,2137.145,0.03776427112352465,0.039255260941989445,,
,,2137.611,0.0363097582795302,0.03669924666930979,,
,,2138.07,0.00580867207149427,0.03409244510998068,,
,,2138.536,0.026871035324769865,0.03169291732328893,,
,,2139.004,0.046478885734051234,0.029754113303659735,,
,,2139.466,0.003630050883266067,0.028497478193096296,,
,,2139.93,0.024692414136541663,0.02808998738415353,,
,,2140.4,0.046478885734051234,0.028628352213694246,,
,,2140.863,0.03340689888945447,0.030130427789819492,,
,,2141.326,0.0029058126814183183,0.03253351379873511,,
,,2141.791,0.07116821672163653,0.03569890747154231,,
,,2142.259,0.03340689888945447,0.039422188770208026,,
,,2142.724,0.009441806103716699,0.0434489168565636,,
,,2143.189,0.0363097582795302,0.04749550680011549,,
,,2143.654,0.059550742721034,0.051274747025226594,,
,,2144.118,0.09876644353959674,0.054524119846325256,,
,,2144.584,0.0617293639092622,0.05703313745328436,,
,,2145.049,0.029049656512998068,0.058665033879609016,,
,,2145.515,0.029773894714845817,0.059369454728602125,,
,,2145.978,0.15613548192344617,0.05918499957155985,,
,,2146.44,0.022513663090699687,0.05823161345768417,,
,,2146.908,0.06826535733156058,0.05669308489676834,,
,,2147.37,0.01670203772786283,0.054791127320428436,,
,,2147.836,0.06898959553340833,0.05275488478211899,,
,,2148.299,0.06608673614333238,0.050791262250076,,
,,2148.765,0.01597779952601508,0.04906115710500652,,
,,2149.229,0.01234466549379265,0.04766546085591459,,
,,2149.695,0.046478885734051234,0.04664351303205774,,
,,2150.16,0.029773894714845817,0.04598484191682599,,
,,2150.626,0.09658782235136854,0.04565174174999601,,
,,2151.093,0.03195251590307402,0.04560644718608645,,
,,2151.558,0.11619567276064968,0.0458344188139654,,
,,2152.019,0.04720312393589898,0.04635589067148878,,
,,2152.488,0.022513663090699687,0.047221277903872996,,
,,2152.952,0.04720312393589898,0.04849109968361991,,
,,2153.414,0.05083612811050764,0.05020576948325554,,
,,2153.885,0.05083612811050764,0.05235313991473535,,
,,2154.348,0.003630050883266067,0.054841798786694235,,
,,2154.814,0.07988283133216312,0.05748684632001841,,
,,2155.277,0.05083612811050764,0.06001293585355798,,
,,2155.743,0.007987423117336245,0.06207674730680626,,
,,2156.207,0.06027498092288175,0.06330800599591914,,
,,2156.673,0.014523286682020853,0.06336479496627487,,
,,2157.138,0.2476387405475542,0.06199484801028272,,
,,2157.603,0.05519350034457782,0.05909046149131103,,
,,2158.07,0.029773894714845817,0.05472372083207665,,
,,2158.529,0.029773894714845817,0.0491535427619905,,
,,2158.996,0.03122827770122627,0.04280449319696918,,
,,2159.466,0.05737212153280602,0.036223859565885266,,
,,2159.93,0.010166044305564448,0.03002500101490228,,
,,2160.392,0.06608673614333238,0.02482343494640561,,
,,2160.855,0.00580867207149427,0.021170654658723677,,
,,2161.325,0.00580867207149427,0.019490665692011584,,
,,2161.784,0.0029058126814183183,0.020025249529350655,,
,,2162.249,0.014523286682020853,0.022794812043636252,,
,,2162.715,0.0363097582795302,0.02758121835225537,,
,,2163.181,0.003630050883266067,0.03393710767514392,,
,,2163.647,0.0014514296950378647,0.04122365338271447,,
,,2164.111,0.021059280104319233,0.04867608517347203,,
,,2164.576,0.024692414136541663,0.05549284906806807,,
,,2165.048,0.07480135075385896,0.06093914874703697,,
,,2165.507,0.29992642821071347,0.06444936991584628,,
,,2165.974,0.01597779952601508,0.06570853754316776,,
,,2166.437,0.05737212153280602,0.06469482811127332,,
,,2166.9,0.029773894714845817,0.06167476965202227,,
,,2167.37,0.07915859313031537,0.05715539071726747,,
,,2167.835,0.02541652248077564,0.051806054182499145,,
,,2168.298,0.03195251590307402,0.04636464813539364,,
,,2168.764,0.0617293639092622,0.04154110474925998,,
,,2169.229,0.03340689888945447,0.03792893164638938,,
,,2169.695,0.0029058126814183183,0.03593355516585577,,
,,2170.16,0.01888065891609103,0.03572489583331842,,
,,2170.626,0.0029058126814183183,0.037220290050690386,,
,,2171.085,0.022513663090699687,0.040101532869773845,,
,,2171.551,0.014523286682020853,0.04386569404344614,,
,,2172.018,0.010166044305564448,0.04790379051965158,,
,,2172.481,0.2367455047487994,0.051595326279008494,,
,,2172.944,0.03558564993529645,0.05440169306780298,,
,,2173.414,0.1140169217148077,0.05594026278564945,,
,,2173.878,0.020335041902471485,0.05602608931841616,,
,,2174.34,0.029049656512998068,0.05467802630438253,,
,,2174.806,0.024692414136541663,0.05209561465476658,,
,,2175.27,0.021059280104319233,0.04861788701468166,,
,,2175.735,0.07697997194208717,0.044674532136990235,,
,,2176.2,0.07915859313031537,0.04073581227674135,,
,,2176.666,0.029773894714845817,0.03726347462463295,,
,,2177.13,0.03340689888945447,0.034663347822485084,,
,,2177.596,0.003630050883266067,0.03324189141043856,,
,,2178.063,0.00580867207149427,0.033171668412975995,,
,,2178.529,0.005084563727260516,0.034471822492100616,,
,,2178.989,0.03122827770122627,0.03700781633122657,,
,,2179.459,0.12781314676125222,0.04051045610989999,,
,,2179.922,0.03122827770122627,0.044609579012313536,,
,,2180.385,0.029773894714845817,0.048875393160255506,,
,,2180.856,0.020335041902471485,0.0528617055998644,,
,,2181.318,0.07697997194208717,0.0561483961036384,,
,,2181.784,0.00580867207149427,0.05838211949425731,,
,,2182.244,0.1452422461246914,0.05931295720655045,,
,,2182.71,0.08133721431854357,0.05882217259939957,,
,,2183.175,0.08133721431854357,0.056935000708045365,,
,,2183.641,0.03340689888945447,0.053814385151625246,,
,,2184.108,0.00580867207149427,0.049736573906506154,,
,,2184.573,0.01234466549379265,0.04505482626204801,,
,,2185.034,0.059550742721034,0.040159791352715385,,
,,2185.503,0.04284575170182858,0.035443152990757565,,
,,2185.966,0.08133721431854357,0.03126678570708333,,
,,2186.429,0.003630050883266067,0.02793630877359904,,
,,2186.9,0.00580867207149427,0.025677689257648947,,
,,2187.362,0.04066713051360038,0.024617791290018107,,
,,2187.828,0.003630050883266067,0.024772063517348633,,
,,2188.291,0.0007271914931903378,0.026043118491095085,,
,,2188.756,0.011620427291944901,0.0282328001216445,,
,,2189.222,0.03994289231175285,0.03106810697677586,,
,,2189.688,0.05301474929873562,0.034238332119824286,,
,,2190.152,0.04430026454582303,0.037437636467124495,,
,,2190.618,0.058096359734653547,0.04040534740790027,,
,,2191.085,0.042121513499981056,0.0429564830565178,,
,,2191.551,0.07044397851978879,0.04499697884516696,,
,,2192.011,0.09658782235136854,0.04652087351545527,,
,,2192.481,0.026871035324769865,0.04758988824782051,,
,,2192.941,0.0007271914931903378,0.04829964372397644,,
,,2193.411,0.027595273526617614,0.04874079431489198,,
,,2193.874,0.01597779952601508,0.04896566678433316,,
,,2194.336,0.0384885093253724,0.04896956942147699,,
,,2194.802,0.0885974459426897,0.048691011238807515,,
,,2195.266,0.0384885093253724,0.048029076691660434,,
,,2195.732,0.03994289231175285,0.04687180673765592,,
,,2196.2,0.07988283133216312,0.045127845554686755,,
,,2196.665,0.07480135075385896,0.04275424585513261,,
,,2197.13,0.03122827770122627,0.039775106886275335,,
,,2197.596,0.00580867207149427,0.036288385031105576,,
,,2198.056,0.011620427291944901,0.03246151949686368,,
,,2198.521,0.05083612811050764,0.028518943464198934,,
,,2198.989,0.05083612811050764,0.024724569417796303,,
,,2199.451,0.013799178337787099,0.02136059210868706,,
,,2199.919,0.013799178337787099,0.018702780621269264,,
,,2200.381,0.01888065891609103,0.016993133687501917,,
,,2200.852,0.010166044305564448,0.016412424844984584,,
,,2201.314,0.005084563727260516,0.017056217193203542,,
,,2201.78,0.011620427291944901,0.01891787846966606,,
,,2202.244,0.018156420714243282,0.021881276279220305,,
,,2202.71,0.05083612811050764,0.025724481173299174,,
,,2203.17,0.005084563727260516,0.030134319937513164,,
,,2203.635,0.04284575170182858,0.0347306007971224,,
,,2204.1,0.00580867207149427,0.03909852303239295,,
,,2204.566,0.05083612811050764,0.04282759671423511,,
,,2205.034,0.06826535733156058,0.045554505650740866,,
,,2205.496,0.03994289231175285,0.04700574863724933,,
,,2205.959,0.02541652248077564,0.04703455061971679,,
,,2206.429,0.07988283133216312,0.04564622600719846,,
,,2206.893,0.13362477212408908,0.0430066747988956,,
,,2207.355,0.01597779952601508,0.03942985881167854,,
,,2207.821,0.0029058126814183183,0.03534303164944231,,
,,2208.291,0.020335041902471485,0.03123370396083554,,
,,2208.749,0.003630050883266067,0.027587497516014543,,
,,2209.214,0.03195251590307402,0.02482790498270148,,
,,2209.68,0.013799178337787099,0.023266989098633988,,
,,2210.144,0.02541652248077564,0.023072444042161657,,
,,2210.61,0.003630050883266067,0.0242533509844662,,
,,2211.078,0.003630050883266067,0.02666492220446975,,
,,2211.544,0.06826535733156058,0.030030918055155998,,
,,2212.007,0.01888065891609103,0.03398058424059205,,
,,2212.47,0.05083612811050764,0.03809512630973245,,
,,2212.937,0.00580867207149427,0.04195777382088746,,
,,2213.399,0.05519350034457782,0.0452015357635623,,
,,2213.87,0.1597686159556686,0.04754891506412198,,
,,2214.333,0.045024372890056785,0.04883790995432438,,
,,2214.799,0.005084563727260516,0.049030263463459484,,
,,2215.263,0.005084563727260516,0.04820254996002325,,
,,2215.729,0.003630050883266067,0.04652622049756849,,
,,2216.193,0.06681084448756636,0.04424471568637762,,
,,2216.659,0.12273153632533429,0.0416523732244049,,
,,2217.126,0.03340689888945447,0.03907417974592271,,
,,2217.584,0.022513663090699687,0.03684239303469638,,
,,2218.049,0.026871035324769865,0.03526789278065274,,
,,2218.514,0.003630050883266067,0.034608550554405586,,
,,2218.985,0.04284575170182858,0.03503995273676408,,
,,2219.448,0.048657506922279437,0.036633638336809736,,
,,2219.915,0.059550742721034,0.03934578638992253,,
,,2220.377,0.003630050883266067,0.0430172260205927,,
,,2220.844,0.021059280104319233,0.04738501036960094,,
,,2221.309,0.029773894714845817,0.05210591840583568,,
,,2221.774,0.07480135075385896,0.056791218466867306,,
,,2222.234,0.15105400134514202,0.061048973361425306,,
,,2222.7,0.0384885093253724,0.06452681154147687,,
,,2223.167,0.020335041902471485,0.06694741127399075,,
,,2223.633,0.12999176794948042,0.0681318572796432,,
,,2224.097,0.01888065891609103,0.06801005454444328,,
,,2224.563,0.08787320774084195,0.06661960088096136,,
,,2225.026,0.06027498092288175,0.06409469155969072,,
,,2225.496,0.12273153632533429,0.06064624232714786,,
,,2225.959,0.03340689888945447,0.05653457208427684,,
,,2226.422,0.00580867207149427,0.05203731929842001,,
,,2226.885,0.026871035324769865,0.047417646784750946,,
,,2227.355,0.042121513499981056,0.042899394556725645,,
,,2227.82,0.03340689888945447,0.0386545654290268,,
,,2228.283,0.023237901292547436,0.03480458895222889,,
,,2228.749,0.04430026454582303,0.031432455579932794,,
,,2229.215,0.0842400737086193,0.028599799430680577,,
,,2229.68,0.03340689888945447,0.02636182038306395,,
,,2230.145,0.03195251590307402,0.024773920179526676,,
,,2230.604,0.00580867207149427,0.02388728324431354,,
,,2231.07,0.005084563727260516,0.023735210637585064,,
,,2231.536,0.020335041902471485,0.024315549939882598,,
,,2232.004,0.021059280104319233,0.025575517682315533,,
,,2232.466,0.01670203772786283,0.027403831109192145,,
,,2232.929,0.00580867207149427,0.029632656691860472,,
,,2233.4,0.08133721431854357,0.03204947841698566,,
,,2233.863,0.03340689888945447,0.03441696280709848,,
,,2234.326,0.018156420714243282,0.03649766418888804,,
,,2234.791,0.00580867207149427,0.03808052022197846,,
,,2235.259,0.048657506922279437,0.03900702416010863,,
,,2235.724,0.009441806103716699,0.039195008172390036,,
,,2236.189,0.18809108097547655,0.03865622421261201,,
,,2236.655,0.020335041902471485,0.037501896061346636,,
,,2237.119,0.0014514296950378647,0.03593114192994558,,
,,2237.584,0.00580867207149427,0.03420204668163535,,
,,2238.052,0.029773894714845817,0.03259164757945026,,
,,2238.51,0.005084563727260516,0.031354621751848576,,
,,2238.978,0.029773894714845817,0.03068919311625749,,
,,2239.44,0.06245360211110995,0.03071476476002578,,
,,2239.904,0.022513663090699687,0.03146187850494578,,
,,2240.374,0.029773894714845817,0.03287283266046349,,
,,2240.839,0.024692414136541663,0.034810913638860935,,
,,2241.303,0.05301474929873562,0.03707691205372392,,
,,2241.769,0.022513663090699687,0.03943214754667165,,
,,2242.23,0.011620427291944901,0.04162708120678437,,
,,2242.695,0.003630050883266067,0.04343387034430641,,
,,2243.163,0.13362477212408908,0.04467966086699964,,
,,2243.629,0.12273153632533429,0.04527485552388718,,
,,2244.089,0.00580867207149427,0.045228792975861666,,
,,2244.555,0.013799178337787099,0.04464720946964251,,
,,2245.022,0.03776427112352465,0.04371174067605288,,
,,2245.485,0.05373898750058337,0.04264751416299221,,
,,2245.952,0.01597779952601508,0.04168673047101527,,
,,2246.414,0.06245360211110995,0.041034435917842886,,
,,2246.885,0.03558564993529645,0.0408402732047034,,
,,2247.347,0.020335041902471485,0.041178469206584696,,
,,2247.814,0.05519350034457782,0.04203760301189084,,
,,2248.277,0.007987423117336245,0.04332119248368471,,
,,2248.743,0.06826535733156058,0.04485929312779121,,
,,2249.207,0.0363097582795302,0.04642991084606463,,
,,2249.673,0.059550742721034,0.0477874260346978,,
,,2250.138,0.05083612811050764,0.04869403611079701,,
,,2250.603,0.051560366312355166,0.048949870017724946,,
,,2251.07,0.042121513499981056,0.04841784945246833,,
,,2251.529,0.07697997194208717,0.047040168745117884,,
,,2251.997,0.06826535733156058,0.04484415530624227,,
,,2252.459,0.029049656512998068,0.041936480017658685,,
,,2252.926,0.01597779952601508,0.03848669778576763,,
,,2253.389,0.02541652248077564,0.034703647527867185,,
,,2253.86,0.0363097582795302,0.030809944543118944,,
,,2254.323,0.003630050883266067,0.027019504973619723,,
,,2254.789,0.018156420714243282,0.02352111863885159,,
,,2255.255,0.06245360211110995,0.020468737576014667,,
,,2255.714,0.013799178337787099,0.017977217839176118,,
,,2256.185,0.009441806103716699,0.01612132579661404,,
,,2256.651,0.0029058126814183183,0.0149363487859985,,
,,2257.116,0.020335041902471485,0.014420123722823181,,
,,2257.574,0.005084563727260516,0.014537327818507405,,
,,2258.048,0.00580867207149427,0.015226694256833108,,
,,2258.507,0.024692414136541663,0.016410834652997704,,
,,2258.97,0.023237901292547436,0.018007216008593317,,
,,2259.44,0.03340689888945447,0.019937896040369597,,
,,2259.901,0.046478885734051234,0.022135245628231572,,
,,2260.37,0.014523286682020853,0.024541549864027713,,
,,2260.835,0.024692414136541663,0.027102188188257628,,
,,2261.298,0.018156420714243282,0.029754475055815542,,
,,2261.764,0.029773894714845817,0.032416137493213565,,
,,2262.229,0.0007271914931903378,0.03497796738032243,,
,,2262.695,0.03994289231175285,0.03730427687150111,,
,,2263.16,0.06826535733156058,0.039242755231029845,,
,,2263.626,0.00580867207149427,0.040642778305027605,,
,,2264.086,0.029773894714845817,0.04137904161539135,,
,,2264.551,0.059550742721034,0.04137609008348312,,
,,2265.019,0.12708890855940447,0.04062848007987711,,
,,2265.481,0.01888065891609103,0.03921083467945652,,
,,2265.944,0.0384885093253724,0.0372733376732023,,
,,2266.414,0.011620427291944901,0.0350222611566016,,
,,2266.878,0.01597779952601508,0.032690194051583556,,
,,2267.34,0.00580867207149427,0.03050362579594948,,
,,2267.806,0.020335041902471485,0.028655067023417677,,
,,2268.269,0.07915859313031537,0.027283885347216198,,
,,2268.735,0.023237901292547436,0.026466389978386403,,
,,2269.201,0.014523286682020853,0.026213370122087642,,
,,2269.666,0.00580867207149427,0.026473371439271174,,
,,2270.133,0.013799178337787099,0.02714158885539485,,
,,2270.598,0.03195251590307402,0.028075129868018085,,
,,2271.063,0.03195251590307402,0.029114292734729208,,
,,2271.529,0.0617293639092622,0.03010718704096145,,
,,2271.989,0.013799178337787099,0.030933205181113605,,
,,2272.459,0.05083612811050764,0.03152063372784932,,
,,2272.919,0.0363097582795302,0.0318549799157266,,
,,2273.388,0.042121513499981056,0.03197652551341464,,
,,2273.852,0.04938174512412696,0.03196755038071341,,
,,2274.314,0.005084563727260516,0.03193157553081768,,
,,2274.78,0.005084563727260516,0.031968915357510716,,
,,2275.245,0.027595273526617614,0.03215419665729028,,
,,2275.711,0.020335041902471485,0.03252125210290875,,
,,2276.178,0.0363097582795302,0.03305855392980058,,
,,2276.643,0.051560366312355166,0.03371506308001312,,
,,2277.108,0.034131137091302,0.03441355670272328,,
,,2277.574,0.03776427112352465,0.03506715100307775,,
,,2278.037,0.07262259970801699,0.03559495706997376,,
,,2278.499,0.00580867207149427,0.03593412993054049,,
,,2278.97,0.003630050883266067,0.03604741246347904,,
,,2279.433,0.0617293639092622,0.035926921630660455,,
,,2279.9,0.042121513499981056,0.035595412779087905,,
,,2280.362,0.04430026454582303,0.03510530367038976,,
,,2280.828,0.042121513499981056,0.034534576788114696,,
,,2281.29,0.007987423117336245,0.03397878001024187,,
,,2281.756,0.05083612811050764,0.03353964326833249,,
,,2282.223,0.022513663090699687,0.03331206765109955,,
,,2282.688,0.034131137091302,0.03337158166993788,,
,,2283.155,0.01888065891609103,0.03376396665292768,,
,,2283.614,0.06245360211110995,0.034498140272225586,,
,,2284.079,0.01597779952601508,0.03554278551841291,,
,,2284.544,0.06245360211110995,0.03682677316032358,,
,,2285.015,0.014523286682020853,0.038243435224062594,,
,,2285.477,0.0014514296950378647,0.03965920619831373,,
,,2285.945,0.06027498092288175,0.04092740207954784,,
,,2286.407,0.05519350034457782,0.04190705912156443,,
,,2286.87,0.005084563727260516,0.042484706979412694,,
,,2287.34,0.09658782235136854,0.04259479596618122,,
,,2287.806,0.06826535733156058,0.042233413416735734,,
,,2288.27,0.07262259970801699,0.04146035089854724,,
,,2288.735,0.02541652248077564,0.040386857900163844,,
,,2289.2,0.003630050883266067,0.03915067038867604,,
,,2289.666,0.021059280104319233,0.037884742596261574,,
,,2290.13,0.0029058126814183183,0.03668891092145024,,
,,2290.596,0.02541652248077564,0.0356128190118768,,
,,2291.056,0.03195251590307402,0.03465436255193105,,
,,2291.522,0.08206145252039132,0.033772571370722454,,
,,2291.985,0.00580867207149427,0.0329092720757364,,
,,2292.455,0.1140169217148077,0.03201161554358358,,
,,2292.918,0.009441806103716699,0.031048241692601956,,
,,2293.381,0.009441806103716699,0.030015023839952183,,
,,2293.852,0.03195251590307402,0.0289306787885812,,
,,2294.314,0.003630050883266067,0.027826202849428338,,
,,2294.78,0.00580867207149427,0.026733485259898975,,
,,2295.244,0.06826535733156058,0.02567732043152566,,
,,2295.71,0.011620427291944901,0.02467256646079697,,
,,2296.175,0.0029058126814183183,0.02372595204750199,,
,,2296.64,0.04284575170182858,0.02284100871641116,,
,,2297.104,0.003630050883266067,0.022024569291429,,
,,2297.57,0.051560366312355166,0.02129324634011143,,
,,2298.033,0.01597779952601508,0.020677967113589567,,
,,2298.495,0.029773894714845817,0.020224620049292912,,
,,2298.963,0.010166044305564448,0.019989667634885234,,
,,2299.425,0.042121513499981056,0.020030965957316193,,
,,2299.893,0.0014514296950378647,0.020395407789269654,,
,,2300.355,0.005084563727260516,0.021106009817563415,,
,,2300.82,0.02541652248077564,0.022151574095312144,,
,,2301.291,0.022513663090699687,0.02348183078221352,,
,,2301.749,0.007987423117336245,0.02500987109689027,,
,,2302.215,0.026871035324769865,0.026622101938019917,,
,,2302.681,0.034131137091302,0.02819443285196164,,
,,2303.148,0.03340689888945447,0.02961207800312432,,
,,2303.613,0.022513663090699687,0.030789280830636735,,
,,2304.078,0.07480135075385896,0.03168474371209572,,
,,2304.543,0.0363097582795302,0.03230881694349532,,
,,2305.004,0.048657506922279437,0.03271973323174917,,
,,2305.473,0.01597779952601508,0.033008541891849916,,
,,2305.937,0.022513663090699687,0.03327555763194308,,
,,2306.4,0.020335041902471485,0.033603892131545694,,
,,2306.87,0.003630050883266067,0.03403670543463792,,
,,2307.333,0.04720312393589898,0.03456378172108864,,
,,2307.799,0.042121513499981056,0.035120420997265374,,
,,2308.259,0.020335041902471485,0.035598523575685416,,
,,2308.725,0.01597779952601508,0.035867268758347,,
,,2309.189,0.07915859313031537,0.03579937725922523,,
,,2309.655,0.04720312393589898,0.03529814177238244,,
,,2310.123,0.042121513499981056,0.03432004267088961,,
,,2310.589,0.005084563727260516,0.03288856360011727,,
,,2311.056,0.046478885734051234,0.03109701294863961,,
,,2311.514,0.05083612811050764,0.029100496984559302,,
,,2311.981,0.03340689888945447,0.02709846793482493,,
,,2312.444,0.007987423117336245,0.025309909902596153,,
,,2312.915,0.00580867207149427,0.02394431479594637,,
,,2313.377,0.011620427291944901,0.02317296004361845,,
,,2313.844,0.022513663090699687,0.023105297142460655,,
,,2314.309,0.0617293639092622,0.02377383103694413,,
,,2314.774,0.00580867207149427,0.02512866722075673,,
,,2315.234,0.005084563727260516,0.02704155000435985,,
,,2315.7,0.005084563727260516,0.029319270384916902,,
,,2316.167,0.020335041902471485,0.031726552641158666,,
,,2316.632,0.07262259970801699,0.03401724309238386,,
,,2317.096,0.013799178337787099,0.03596972796171963,,
,,2317.562,0.09658782235136854,0.0374197308490111,,
,,2318.03,0.09440920116314033,0.038282842961357685,,
,,2318.492,0.0014514296950378647,0.03856111266891274,,
,,2318.955,0.003630050883266067,0.038332547329073076,,
,,2319.426,0.005084563727260516,0.03772791494621914,,
,,2319.889,0.05083612811050764,0.03690277520057474,,
,,2320.351,0.0384885093253724,0.03601200432548807,,
,,2320.817,0.06898959553340833,0.035190294818613806,,
,,2321.28,0.03340689888945447,0.03453855092872485,,
,,2321.746,0.00580867207149427,0.03411510590703493,,
,,2322.211,0.01597779952601508,0.03393199895002346,,
,,2322.677,0.013799178337787099,0.03395809408021471,,
,,2323.141,0.022513663090699687,0.03413053075679687,,
,,2323.606,0.07915859313031537,0.03437337248915495,,
,,2324.071,0.09005182892907015,0.034618758868568154,,
,,2324.537,0.029049656512998068,0.0348237704777171,,
,,2325.0,0.01234466549379265,0.034977505919134615,,
,,2325.469,0.005084563727260516,0.03509725086477426,,
,,2325.93,0.03776427112352465,0.03521720469552542,,
,,2326.4,0.04066713051360038,0.03537495030957184,,
,,2326.863,0.0617293639092622,0.03559933710154028,,
,,2327.325,0.020335041902471485,0.03590094610073604,,
,,2327.791,0.04066713051360038,0.03626511414512938,,
,,2328.256,0.011620427291944901,0.03664800593368443,,
,,2328.722,0.042121513499981056,0.0369771914736677,,
,,2329.189,0.020335041902471485,0.03715826690855237,,
,,2329.655,0.04430026454582303,0.03708791067706816,,
,,2330.119,0.0014514296950378647,0.03667192119232584,,
,,2330.584,0.12708890855940447,0.03584487795226542,,
,,2331.052,0.03340689888945447,0.034586675251656436,,
,,2331.51,0.01597779952601508,0.03293124326554771,,
,,2331.978,0.01597779952601508,0.030965127642073716,,
,,2332.441,0.02541652248077564,0.02881733753375951,,
,,2332.904,0.011620427291944901,0.026644483567929134,,
,,2333.373,0.01597779952601508,0.024615192178247536,,
,,2333.839,0.07697997194208717,0.022895863103090067,,
,,2334.303,0.005084563727260516,0.021637746718334017,,
,,2334.769,0.020335041902471485,0.020964436782455256,,
,,2335.234,0.0072631849154887185,0.020959723453286807,,
,,2335.699,0.005084563727260516,0.021657480979687616,,
,,2336.159,0.0014514296950378647,0.023036175538349035,,
,,2336.624,0.06463222329933815,0.025019693741827574,,
,,2337.091,0.046478885734051234,0.02748401154588145,,
,,2337.556,0.03340689888945447,0.030267299140954232,,
,,2338.019,0.00580867207149427,0.03318096333169774,,
,,2338.489,0.03122827770122627,0.03602100431903782,,
,,2338.952,0.0029058126814183183,0.03858114939381264,,
,,2339.414,0.07262259970801699,0.040669502697728004,,
,,2339.885,0.009441806103716699,0.042128535976632284,,
,,2340.347,0.10530243696189512,0.04285541802378268,,
,,2340.813,0.03340689888945447,0.04281760371571343,,
,,2341.277,0.09658782235136854,0.04205839442932249,,
,,2341.742,0.003630050883266067,0.040689205342014236,,
,,2342.207,0.029773894714845817,0.03886902995203732,,
,,2342.673,0.03340689888945447,0.0367755849064284,,
,,2343.138,0.026871035324769865,0.034575008677832045,,
,,2343.604,0.023237901292547436,0.0323969763414768,,
,,2344.064,0.00580867207149427,0.030320430099752074,,
,,2344.529,0.011620427291944901,0.02837291832074522,,
,,2345.0,0.01234466549379265,0.026544020636734125,,
,,2345.462,0.07770421014393492,0.024810227687581045,,
,,2345.93,0.0363097582795302,0.023165338782508677,,
,,2346.392,0.024692414136541663,0.021648413782047505,,
,,2346.86,0.005084563727260516,0.020361941162035328,,
,,2347.322,0.042121513499981056,0.01947577384108964,,
,,2347.788,0.04938174512412696,0.019215592043706518,,
,,2348.255,0.011620427291944901,0.01983691296385278,,
,,2348.714,0.01597779952601508,0.021587544142621644,,
,,2349.186,0.020335041902471485,0.02466370786299864,,
,,2349.644,0.009441806103716699,0.029167330674019134,,
,,2350.111,0.01234466549379265,0.03507298296937368,,
,,2350.577,0.013799178337787099,0.042212125021335346,,
,,2351.049,0.024692414136541663,0.0502797956011696,,
,,2351.508,0.059550742721034,0.05886488135898437,,
