Trial: ,1
Threshold: ,0.0
Maximum EMG: ,0.03354515846950876
Success: ,True

EMG Time,Raw EMG,Filtered EMG,Force Time,Raw Force (V),Filtered Force (N)
0.0,samples,1.3875833956691174e-06,0.471,0.9300000071525574,0.32465246370714074
0.46551699999999996,time,4.5292114669679126e-07,0.932,0.7870000004768372,0.0153568796888028
0.9310339999999999,value,5.237287229215337e-07,1.402,0.7929999828338623,0.0306472323240018
1.396552,,1.5406990043089135e-06,1.862,0.7620000243186951,-0.034775570501501006
1.862069,,2.5961067929993363e-06,2.332,0.781000018119812,0.008565987794752062
2.327586,,3.687850884827657e-06,2.79,0.7910000085830688,0.032073372061829065
2.793103,,4.813609837374044e-06,3.262,0.7689999938011169,-0.014413536143677786
3.258621,,5.970840732610209e-06,3.72,0.7490000128746033,-0.05686441921388614
3.724138,,7.156778675434512e-06,4.187,0.7710000276565552,-0.00816697772806277
4.189654999999999,,8.368437061657677e-06,4.653,0.7820000052452087,0.016189115427214185
4.655172,,9.602608647707252e-06,5.118,0.7860000133514404,0.024909229989722646
5.12069,,1.0855867452854461e-05,5.583,0.765999972820282,-0.019042350504177498
5.586207,,1.2124571523129491e-05,6.047,0.7730000019073486,-0.004541601936459765
6.051723999999999,,1.340486658427897e-05,6.51,0.7910000085830688,0.03357757146349404
6.517241,,1.4692690609131274e-05,6.98,0.7630000114440918,-0.028832600046117218
6.982759,,1.598377932257084e-05,7.443,0.7839999794960022,0.015243423132080635
7.448276,,1.7273672664982023e-05,7.91,0.7820000052452087,0.008995528638416253
7.913793000000001,,1.8557722232506892e-05,8.373,0.7789999842643738,0.0004125633369164779
8.379309999999998,,1.983109970977116e-05,8.839,0.7870000004768372,0.015701527856255667
8.844828000000001,,2.108880630787006e-05,9.302,0.7699999809265137,-0.023503598623749282
9.310345,,2.232568321737441e-05,9.768,0.7850000262260437,0.007046345176180741
9.775862,,2.3536423082919877e-05,10.232,0.7919999957084656,0.020270149279904733
10.241379,,2.4715582502583498e-05,10.697,0.7599999904632568,-0.05130888807894019
10.706897,,2.5857595551736128e-05,11.162,0.7749999761581421,-0.02027180851347943
11.172414,,2.6956788327393236e-05,11.628,0.7860000133514404,0.0023196476392427483
11.637931,,2.8007394505275962e-05,12.095,0.7879999876022339,0.005613398931474113
12.103447999999998,,2.9003571897847086e-05,12.562,0.7710000276565552,-0.032145747402594675
12.568966000000001,,2.993941999751046e-05,13.024,0.8109999895095825,0.054639910729521346
13.034483,,3.080899848496652e-05,13.487,0.7670000195503235,-0.0412090910715458
13.5,,3.160634667841079e-05,13.954,0.7680000066757202,-0.038650093412411476
13.965517,,3.232550389485694e-05,14.416,0.7940000295639038,0.01873060327257773
14.431034,,3.296053069037293e-05,14.884,0.7900000214576721,0.011084124526227996
14.896552,,3.3505530941449414e-05,15.347,0.7699999809265137,-0.031122441419335053
15.362069,,3.3954674725088085e-05,15.813,0.781000018119812,-0.005535862916726687
15.827586000000002,,3.430222195051682e-05,16.276,0.7739999890327454,-0.0189608305253212
16.293103,,3.454254669072322e-05,16.742,0.7990000247955322,0.0374793536383036
16.758621,,3.467016215726388e-05,17.206,0.7870000004768372,0.013397468187911564
17.224138,,3.4679746257069504e-05,17.672,0.7699999809265137,-0.021553036989397728
17.689655,,3.4566167665242103e-05,18.137,0.7620000243186951,-0.03693560887729358
18.155172,,3.4324512343148205e-05,18.602,0.7940000295639038,0.034725497506384866
18.62069,,3.3950110426468505e-05,19.069,0.7699999809265137,-0.015778225269370793
19.086207,,3.343856340328898e-05,19.534,0.7900000214576721,0.02936492513192571
19.551724,,3.278577149783004e-05,19.995,0.7739999890327454,-0.004184212202762147
20.017241000000002,,3.198796117102872e-05,20.465,0.7739999890327454,-0.0031746045083415053
20.482758999999998,,3.104171264493445e-05,20.928,0.7870000004768372,0.025828257191837477
20.948276,,2.9943987353772138e-05,21.391,0.7739999890327454,-0.002162071167125382
21.413793000000002,,2.8692155220588192e-05,21.857,0.7649999856948853,-0.021795068465456865
21.87931,,2.7284021654647248e-05,22.321,0.7990000247955322,0.05189902144790541
22.344828,,2.5717854161210903e-05,22.786,0.902999997138977,0.2777596311567566
22.810344999999998,,2.3992408452026762e-05,23.254,0.7820000052452087,0.013110981876476021
23.275862,,2.2106953941808346e-05,23.719,0.8040000200271606,0.05972631036429247
23.741379,,2.006129851321565e-05,24.184,0.7910000085830688,0.029845230458319986
24.206897,,1.7855812430374404e-05,24.65,0.7820000052452087,0.008483037596299205
24.672414,,1.5491451278820998e-05,25.114,0.777999997138977,-0.0021284120699321127
25.137931,,1.2969777807951028e-05,25.58,0.7739999890327454,-0.012824727027383742
25.603448,,1.0292982550604005e-05,26.043,0.7820000052452087,0.0025982635595337786
26.068966,,7.463903093355455e-06,26.505,0.7689999938011169,-0.027694046939117166
26.534483,,4.486041870430969e-06,26.973,0.7739999890327454,-0.018674855436915015
27.0,,1.3635823539246455e-06,27.435,0.7860000133514404,0.0057474746864565815
27.465517,,1.8985964867842116e-06,27.906,0.7910000085830688,0.015124119125016613
27.931034,,5.294907582848757e-06,28.369,0.765999972820282,-0.040608552952259076
28.396552,,8.8190451462862e-06,28.834,0.7870000004768372,0.004164173474356778
28.862069,,1.246397615645355e-05,29.297,0.7400000095367432,-0.09889567214615717
29.327586,,1.6221934074136648e-05,29.763,0.7879999876022339,0.005350380006359292
29.793103000000002,,2.0084414902034295e-05,30.229,0.7870000004768372,0.003186851282494479
30.258620999999998,,2.404217570719274e-05,30.694,0.7739999890327454,-0.024777235990936893
30.724138,,2.808523571716788e-05,31.155,0.765999972820282,-0.04151736043516692
31.189655000000002,,3.2202880097353144e-05,31.62,0.7910000085830688,0.013946812844526172
31.655172000000004,,3.6383666512001285e-05,32.085,0.7870000004768372,0.006508349481930338
32.12069,,4.061543456598123e-05,32.551,1.0110000371932983,0.49604524926934157
32.586207,,4.488531821824093e-05,33.021,0.7870000004768372,0.009747519967027307
33.051724,,4.9179761251290375e-05,33.483,0.7620000243186951,-0.04285629665710879
33.517241000000006,,5.3484535873774226e-05,33.947,0.7879999876022339,0.015731373180098103
33.982759,,5.7784764525370916e-05,34.417,0.7839999794960022,0.008980879443064721
34.448276,,6.206494494483743e-05,34.88,0.8510000109672546,0.15687729112411838
34.913793,,6.630897855302038e-05,35.343,0.7910000085830688,0.027990404479751582
35.37931,,7.05002021930817e-05,35.808,0.7710000276565552,-0.013902372939725986
35.844828,,7.462142326005103e-05,36.276,0.7730000019073486,-0.008069669068276518
36.310345,,7.86549582411277e-05,36.735,0.7850000262260437,0.01930034791298287
36.775862,,8.258267467692731e-05,37.207,0.7850000262260437,0.02024101408429901
37.241378999999995,,8.638603654211842e-05,37.665,0.7409999966621399,-0.07499288438147166
37.706897000000005,,9.004615303164246e-05,38.132,0.7870000004768372,0.025518905147341866
38.172414,,9.354383072597708e-05,38.598,0.7699999809265137,-0.011564296839397607
38.637931,,9.685962909571381e-05,39.063,0.902999997138977,0.2778152937007341
39.103448,,9.997391929210274e-05,39.528,0.7870000004768372,0.02439184792686822
39.568965999999996,,0.0001028669461561998,39.991,0.7519999742507935,-0.052860479259102915
40.034483,,0.00010551889336486753,40.461,0.7680000066757202,-0.01927266751466304
40.5,,0.00010790995161716498,40.925,0.7879999876022339,0.0227985589689639
40.965517,,0.00011002038974965412,41.387,0.765999972820282,-0.026817216609393214
41.431034,,0.00011183062865388911,41.853,0.7900000214576721,0.023653450997940986
41.896552,,0.00011332131785388379,42.318,0.7879999876022339,0.01740400671788579
42.362069000000005,,0.00011447341458571867,42.784,0.7609999775886536,-0.04332861671621517
42.827586000000004,,0.00011526826520569971,43.25,0.7620000243186951,-0.04301843834892075
43.293103,,0.0001156876887376682,43.716,0.7940000295639038,0.02492754446566143
43.758621,,0.00011571406235423748,44.18,0.7710000276565552,-0.0267996462858268
44.224138,,0.00011533040857095345,44.645,0.7839999794960022,0.00010613226843093036
44.689655,,0.00011452048391669992,45.111,0.7710000276565552,-0.029388405640618467
45.155172,,0.00011326886882815706,45.576,0.777999997138977,-0.015030651305610387
45.620689999999996,,0.00011156105850083277,46.04,0.765999972820282,-0.04176136474481022
46.086206999999995,,0.00010938355441418827,46.502,0.796999990940094,0.02551319345981629
46.551724,,0.00010672395623373373,46.965,0.765999972820282,-0.04195776580912974
47.017241,,0.00010357105377874677,47.435,0.7699999809265137,-0.03284859941122743
47.482759,,9.991491873053327e-05,47.899,0.7870000004768372,0.004897285621154546
47.948276,,9.574699574297607e-05,48.361,0.7689999938011169,-0.03331754562797401
48.413793,,9.10601926045737e-05,48.827,0.7910000085830688,0.015874308311055785
48.879310000000004,,8.584896908932914e-05,49.29,0.7649999856948853,-0.03928777097846136
49.344828,,8.010942412278098e-05,49.756,0.7910000085830688,0.01901521144307922
49.810345,,7.383938087924701e-05,50.221,0.781000018119812,-0.0009889911753145893
50.275862,,6.703846941704657e-05,50.687,0.7680000066757202,-0.0274600656173662
50.741379,,5.970820645015448e-05,51.155,0.7590000033378601,-0.04520518723020205
51.206897,,5.185207184748902e-05,51.62,0.7900000214576721,0.02414992218589241
51.672414,,4.3475581444918125e-05,52.08,0.7680000066757202,-0.022064209530750552
52.137931,,3.458635575015404e-05,52.546,0.7879999876022339,0.023071967447930913
52.603448,,2.519418411706401e-05,53.014,0.7739999890327454,-0.006066263723877512
53.068966,,1.5311083963621235e-05,53.476,0.7699999809265137,-0.013659874801856972
53.534483,,4.951354606820899e-06,53.947,0.7670000195503235,-0.01935078658323499
54.0,,5.8683747115459244e-06,54.409,0.7910000085830688,0.03348075507567546
54.465517,,1.7129103032272582e-05,54.873,0.7710000276565552,-0.009864593680803845
54.931034,,2.8809422539603483e-05,55.335,0.7870000004768372,0.024898775632037885
55.396552,,4.0885490490600175e-05,55.801,0.7739999890327454,-0.00383749834276085
55.862069,,5.3331008621011194e-05,56.266,0.847000002861023,0.1544859136983269
56.327586,,6.611721042690479e-05,56.732,0.7860000133514404,0.0205901714328786
56.793102999999995,,7.921285671079936e-05,57.2,0.7850000262260437,0.017163460136082213
57.258621000000005,,9.258423976868552e-05,57.665,0.7710000276565552,-0.014798400220528462
57.724138,,0.00010619519658014264,58.125,0.7870000004768372,0.018431325516749173
58.189655,,0.00012000713134768401,58.59,0.7599999904632568,-0.042138685337260076
58.655172,,0.0001339790477134953,59.062,0.7699999809265137,-0.022163402038610207
59.120689999999996,,0.000148067590961846,59.52,0.7919999957084656,0.02394682227968251
59.586207,,0.00016222710049364217,59.988,0.7760000228881836,-0.012684068239885696
60.051724,,0.00017640967283584662,60.45,0.7990000247955322,0.035754231316472665
60.517241,,0.00019056523542282388,60.918,0.7860000133514404,0.0059142867013962895
60.982758999999994,,0.00020464163135908137,61.38,0.7680000066757202,-0.034620019090518234
61.448276,,0.00021858471534339294,61.846,0.7850000262260437,0.0013366600071084852
61.913793,,0.0002323384609029335,62.316,0.765999972820282,-0.04086747048888069
62.379310000000004,,0.00024584507905285347,62.782,0.8080000281333923,0.050121595987516865
62.84482800000001,,0.00025904514846172236,63.246,0.7739999890327454,-0.024155786254787315
63.310345000000005,,0.00027187775716652177,63.705,0.7850000262260437,-7.736273649154102e-05
63.775862000000004,,0.00028428065584242706,64.17,0.7210000157356262,-0.13908681959843025
64.241379,,0.0002961904225925506,64.636,0.7879999876022339,0.007603164821027844
64.706897,,0.0003075426391812006,65.103,0.7910000085830688,0.015134966361232838
65.172414,,0.00031827207859112805,65.568,0.765999972820282,-0.03809026204353857
65.637931,,0.00032831290374077637,66.036,0.7820000052452087,-0.001784365420255758
66.103448,,0.00033759887715182377,66.498,0.7739999890327454,-0.017604388617162337
66.56896599999999,,0.00034606358131042034,66.962,0.7699999809265137,-0.024597537610009365
67.03448300000001,,0.00035364064941759767,67.432,0.7889999747276306,0.01857779088582011
67.5,,0.00036026400617549296,67.895,0.7919999957084656,0.02690051846745213
67.965517,,0.00036586811820642223,68.358,0.7829999923706055,0.009030820595398005
68.431034,,0.0003703882536516069,68.823,0.765999972820282,-0.02637034809017695
68.896552,,0.0003737607504456566,69.287,0.7699999809265137,-0.016172655745506206
69.362069,,0.0003759232927119054,69.752,0.7870000004768372,0.022149714588095577
69.827586,,0.0003768151946725602,70.217,0.7929999828338623,0.03627091498917593
70.293103,,0.0003763776914165308,70.682,0.7860000133514404,0.021802515332113644
70.75862099999999,,0.0003745542358169559,71.147,0.7879999876022339,0.026650917323559817
71.22413800000001,,0.00037129080084001635,71.613,0.5299999713897705,-0.535259888186621
71.689655,,0.00036653618643683726,72.077,0.7889999747276306,0.02887081675791131
72.15517200000001,,0.0003602423301613325,72.543,0.7910000085830688,0.032778485901636886
72.62069,,0.00035236462060895846,73.006,0.781000018119812,0.010251419329533586
73.086207,,0.00034286221272473056,73.476,0.765999972820282,-0.0234370596865105
73.551724,,0.00033169834398374574,73.939,0.7860000133514404,0.018890528580249713
74.017241,,0.00031884065040407736,74.402,0.7730000019073486,-0.010875311851840708
74.482759,,0.00030426148131050106,74.865,0.753000020980835,-0.056045341503531285
74.94827599999999,,0.00028793821172830514,75.335,0.7870000004768372,0.01632678528758706
75.41379300000001,,0.00026985355124967234,75.801,0.7649999856948853,-0.03335742556950395
75.87931,,0.00024999584818103114,76.266,0.7680000066757202,-0.02857366021050113
76.344828,,0.00022835938774860807,76.732,0.7829999923706055,0.00240907066130095
76.810345,,0.0002049446831114199,77.191,0.7739999890327454,-0.018788279155550515
77.275862,,0.0001797587579063623,77.657,0.7860000133514404,0.005922058202906477
77.741379,,0.00015281541902909172,78.125,0.7870000004768372,0.006866902904827346
78.206897,,0.00012413551833728275,78.591,0.9100000262260437,0.2738465192591576
78.67241399999999,,9.374720194984675e-05,79.058,0.7699999809265137,-0.03188761555231971
79.137931,,6.168614580709627e-05,79.516,0.7680000066757202,-0.03667865916754419
79.603448,,2.799577615282335e-05,79.984,0.7730000019073486,-0.025920281302403144
80.068966,,7.272526400114714e-06,80.446,0.7900000214576721,0.01128440270188201
80.53448300000001,,4.405924055367432e-05,80.914,0.7879999876022339,0.007391611134561075
81.0,,8.229653708023642e-05,81.377,0.7739999890327454,-0.022363162523406813
81.465517,,0.0001219081319557538,81.843,0.7889999747276306,0.01132053157649794
81.931034,,0.00016280916115416586,82.305,0.7699999809265137,-0.02884374294896623
82.396552,,0.00020490607835984252,82.771,0.7879999876022339,0.011789629901144984
82.86206899999999,,0.00024809657682285424,83.236,0.7870000004768372,0.011172674377345248
83.327586,,0.0002922695365430178,83.701,0.7599999904632568,-0.04599359664183532
83.79310299999999,,0.00033730499792132963,84.166,0.7739999890327454,-0.01379130186739326
84.258621,,0.0003830741629639043,84.632,0.7889999747276306,0.020581780838239014
84.72413800000001,,0.0004294394250688209,85.099,0.7820000052452087,0.0069659095828041445
85.189655,,0.0004762544283692989,85.564,0.7490000128746033,-0.06340391685543402
85.65517200000001,,0.0005233641575362582,86.028,0.7889999747276306,0.025111758884439214
86.12069,,0.0005706050588527386,86.49,0.7760000228881836,-0.002037157461576702
86.586207,,0.0006178051932792634,86.958,0.7609999775886536,-0.03377503777912266
87.051724,,0.0006647844221609324,87.42,0.7820000052452087,0.012658855350451853
87.517241,,0.0007113546261703896,87.891,0.7879999876022339,0.026133917564372885
87.98275899999999,,0.0007573199579678548,88.354,0.8730000257492065,0.21143431897831372
88.448276,,0.0008024771288637193,88.82,0.7910000085830688,0.032611328832447266
88.913793,,0.0008466157296097526,89.286,0.7879999876022339,0.025617403071461452
89.37931,,0.0008895185854712648,89.752,0.8870000243186951,0.2405765412774502
89.844828,,0.0009309621458196683,90.217,0.7820000052452087,0.010846318606600147
90.310345,,0.0009707169082261005,90.675,0.7889999747276306,0.024908129066565157
90.775862,,0.0010085478763651881,91.147,0.7990000247955322,0.045324428602682605
91.241379,,0.0010442150507370951,91.605,0.7699999809265137,-0.019366509542874857
91.706897,,0.001077473952048935,92.07,0.7699999809265137,-0.020971027701739364
92.17241399999999,,0.001108076178062079,92.536,0.7639999985694885,-0.035693660408233616
92.63793100000001,,0.0011357699934425051,93.006,0.7860000133514404,0.010590052446597059
93.103448,,0.0011603009488186872,93.468,0.7609999775886536,-0.04546839216860363
93.568966,,0.001181412524861344,93.936,0.7739999890327454,-0.018635551772668884
94.03448300000001,,0.0011988468033929621,94.398,0.8339999914169312,0.11074258023793161
94.5,,0.0012123451729251222,94.862,0.7609999775886536,-0.04944921856037697
94.965517,,0.0012216490672293972,95.332,0.7870000004768372,0.00626930507387813
95.431034,,0.001226500717092111,95.79,0.796999990940094,0.02738089003398967
95.896552,,0.001226643898401254,96.255,0.7620000243186951,-0.04927485948585753
96.36206899999999,,0.0012218246996958284,96.721,0.8009999990463257,0.03557246422312767
96.827586,,0.0012117923576800934,97.187,0.7699999809265137,-0.031799120201831954
97.293103,,0.0011963001468789157,97.653,0.7940000295639038,0.020936119296950977
97.758621,,0.0011751062073751522,98.117,0.7879999876022339,0.008578759500861444
98.224138,,0.0011479742408374452,98.583,0.765999972820282,-0.038392238607584596
98.689655,,0.0011146742518458887,99.047,0.7749999761581421,-0.017610741525642487
99.155172,,0.0010749836129364638,99.517,0.7900000214576721,0.016421241139712415
99.62069,,0.0010286883048959473,99.98,0.7749999761581421,-0.014768886674734931
100.086207,,0.0009755836344935796,100.443,0.7850000262260437,0.008599404077083752
100.551724,,0.0009154741711498508,100.906,0.7950000166893005,0.03201161791669766
101.017241,,0.0008481741238214107,101.376,0.7689999938011169,-0.023012914154639606
101.482759,,0.0007735096562166881,101.841,0.7910000085830688,0.02648284414042705
101.948276,,0.0006913218162844796,102.304,0.7480000257492065,-0.06573650094866697
102.413793,,0.0006014659352812226,102.77,0.777999997138977,0.000937637871803071
102.87931,,0.000503806904683799,103.235,0.777999997138977,0.002065194705177769
103.344828,,0.0003982183732032045,103.701,0.7710000276565552,-0.012278367161476548
103.810345,,0.0002845934875353131,104.165,0.7649999856948853,-0.024691590466967075
104.275862,,0.00016285671285821247,104.631,0.7910000085830688,0.03234453763993384
104.741379,,3.295270156220555e-05,105.096,0.7950000166893005,0.04117234031708586
105.206897,,0.00010518545120205174,105.562,0.765999972820282,-0.022176249738643104
105.672414,,0.0002516372930731623,106.024,0.7789999842643738,0.005702498449970032
106.13793100000001,,0.00040642935873877993,106.487,0.7730000019073486,-0.008075354835077304
106.603448,,0.0005694794266128094,106.954,0.765999972820282,-0.02427246898983649
107.068966,,0.0007406860359494532,107.416,0.7699999809265137,-0.016716014679059928
107.534483,,0.0009201136180826252,107.884,0.7829999923706055,0.010272444506634369
108.0,,0.0011079553367371595,108.347,0.7609999775886536,-0.03912673764185561
108.46551699999999,,0.0013041221397593712,108.812,0.7699999809265137,-0.021078159362448622
108.931034,,0.0015079908732585738,109.276,0.7639999985694885,-0.035752328270628214
109.396552,,0.001719048030761316,109.742,0.7820000052452087,0.0018671019241182237
109.862069,,0.001937921022397683,110.207,0.7760000228881836,-0.012745987840962788
110.32758600000001,,0.0021658770710308688,110.672,0.7739999890327454,-0.018542685862053685
110.793103,,0.0024023030725853775,111.139,0.7760000228881836,-0.015479265102628894
111.258621,,0.0026437260020494026,111.605,0.7739999890327454,-0.020946086999085962
111.724138,,0.0028882140092546193,112.07,0.796999990940094,0.028271750253673435
112.189655,,0.0031409020499379354,112.535,0.7820000052452087,-0.005053410570114159
112.655172,,0.003409350655683159,112.999,0.7990000247955322,0.031603265869068475
113.12069,,0.003688482539215998,113.461,0.7910000085830688,0.014069987073252747
113.586207,,0.003958111339070273,113.929,0.7879999876022339,0.00770890406982544
114.051724,,0.004211945735861613,114.391,0.7739999890327454,-0.022344706540828693
114.51724100000001,,0.004485808675124452,114.862,0.7419999837875366,-0.09135678895032597
114.982759,,0.0048205093623592205,115.324,0.7870000004768372,0.007621850393691484
115.448276,,0.0051742027490590675,115.79,0.765999972820282,-0.036984065276669184
115.913793,,0.005428826708563138,116.255,0.7699999809265137,-0.026952330724316746
116.37931,,0.005575449705581323,116.721,0.7910000085830688,0.020247665309202925
116.84482799999999,,0.005848875427150059,117.18,0.7649999856948853,-0.034861622124338715
117.310345,,0.006453847493308436,117.646,0.7910000085830688,0.023359404347538488
117.77586199999999,,0.0070697909866114916,118.11,0.7929999828338623,0.029285775189917918
118.241379,,0.007019062686554547,118.576,0.7739999890327454,-0.01059385041380765
118.70689700000001,,0.006422075254230922,119.047,0.8109999895095825,0.07143049460386054
119.172414,,0.0067801621679583505,119.51,0.7860000133514404,0.018235962091338424
119.63793100000001,,0.009064662875005876,119.973,0.765999972820282,-0.02424725324226521
120.103448,,0.010888672590972487,120.435,0.7870000004768372,0.022378756421356436
120.568966,,0.00769794706438701,120.906,0.7910000085830688,0.03172630427218964
121.034483,,0.0012507407377478586,121.369,0.7730000019073486,-0.007116594660157735
121.5,,0.009922143560877106,121.835,0.7870000004768372,0.02348579663426968
121.96551699999999,,0.01161280000040887,122.297,0.6779999732971191,-0.21416182617865248
122.431034,,0.006950887770682924,122.763,0.7689999938011169,-0.01635200778873441
122.896552,,0.00260849051945969,123.228,0.796999990940094,0.04394633052899356
123.362069,,0.002871446328437229,123.694,0.7770000100135803,-0.0005626636236323666
123.827586,,0.00573066828112457,124.158,0.765999972820282,-0.025667625896045057
124.293103,,0.007183217650651356,124.624,0.7929999828338623,0.031847320009296964
124.758621,,0.006473111868853522,125.091,0.7699999809265137,-0.019698529275702238
125.22413800000001,,0.005908035056429632,125.556,0.7879999876022339,0.01799594573991201
125.68965500000002,,0.006951107642122427,126.017,0.7950000166893005,0.031687882388037845
126.15517200000001,,0.008272122127386114,126.487,0.7689999938011169,-0.02650551852270519
126.62069000000001,,0.007992972252971572,126.947,0.7329999804496765,-0.1064295815321521
127.086207,,0.006601586307468388,127.417,0.7820000052452087,-0.001068115844175857
127.55172400000001,,0.006278420649035254,127.88,0.7699999809265137,-0.028460879315433577
128.017241,,0.007623243715173449,128.343,0.7850000262260437,0.0031521386382925695
128.48275900000002,,0.008525667317268374,128.809,0.7699999809265137,-0.030380096620772283
128.948276,,0.006800388266860997,129.276,0.7680000066757202,-0.035349953820240726
129.413793,,0.0030109863834211284,129.735,0.8519999980926514,0.14730328311460958
129.87931,,4.0708107475728896e-05,130.206,0.7879999876022339,0.007788042710429752
130.344828,,0.0002415312540282379,130.672,0.7279999852180481,-0.12274091211525784
130.81034499999998,,0.001912495662084254,131.136,0.7760000228881836,-0.01771283926185449
131.275862,,0.004108796496582305,131.601,0.7739999890327454,-0.021368185086747322
131.741379,,0.00454856774220297,132.062,0.7720000147819519,-0.024795212030431564
132.206897,,0.00345987447150275,132.527,0.7910000085830688,0.017729056054679122
132.67241399999997,,0.0024600647722385098,132.991,0.7739999890327454,-0.018012731495572296
133.13793099999998,,0.0027257640903220505,133.461,0.7910000085830688,0.02044529161979627
133.60344800000001,,0.004089543382682709,133.921,0.7889999747276306,0.017591284072459096
134.06896600000002,,0.005581362382243384,134.391,0.7919999957084656,0.025667387494450918
134.53448300000002,,0.0060848630754187505,134.85,0.7990000247955322,0.04244800343526574
135.0,,0.00463060306696236,135.32,0.7950000166893005,0.03520682949090626
135.465517,,0.0011298531530603546,135.786,0.7900000214576721,0.025685402083915315
135.931034,,0.0028882321482316658,136.251,0.7739999890327454,-0.007945261613819886
136.396552,,0.005102227892625138,136.717,0.7940000295639038,0.0366738924384145
136.862069,,0.004465738487206064,137.176,0.765999972820282,-0.023495905081297227
137.327586,,0.002206803622869893,137.642,0.777999997138977,0.003241196520092315
137.793103,,0.000680096260264379,138.107,0.7870000004768372,0.023185282870997182
138.258621,,0.001415791503904174,138.573,0.765999972820282,-0.022497010637547103
138.724138,,0.00411060645273287,139.035,0.7879999876022339,0.025233856279943807
139.189655,,0.007048700110279078,139.505,0.7739999890327454,-0.005728938525459132
139.655172,,0.008346350540814281,139.966,0.7670000195503235,-0.021689192377467647
140.12069,,0.007067074918731576,140.435,0.7870000004768372,0.020947772426434405
140.586207,,0.0035902067686231546,140.899,0.7870000004768372,0.019815125367811944
141.05172399999998,,0.0006848770817890325,141.361,0.7850000262260437,0.014163796786479655
141.51724099999998,,0.0039289961586478584,141.827,0.7720000147819519,-0.015574735830735249
141.982759,,0.004727849519334106,142.291,0.7590000033378601,-0.0453925604863132
142.44827600000002,,0.0031240072833015357,142.756,0.7870000004768372,0.014080602852331448
142.913793,,0.0009064717844314948,143.222,0.7789999842643738,-0.004863782311397939
143.37931,,9.017759469739716e-05,143.687,0.7649999856948853,-0.036819830024873046
143.844828,,0.0007532898764217066,144.155,0.7630000114440918,-0.04252805655187748
144.310345,,0.0011511675508117441,144.62,0.7910000085830688,0.017268584047202537
144.77586200000002,,0.0003416712665791867,145.085,0.7820000052452087,-0.003361693014016823
145.241379,,0.0004716067983494487,145.55,0.7739999890327454,-0.02159904152139723
145.706897,,9.109868503626986e-05,146.013,0.7870000004768372,0.006153952637519772
146.172414,,0.0003913917205576721,146.476,0.7720000147819519,-0.026839288712911778
146.637931,,0.0009263014921586711,146.946,0.781000018119812,-0.007279808327289207
147.103448,,0.0035608748957766576,147.409,0.7739999890327454,-0.022312447967190147
147.568966,,0.004890267107920935,147.87,0.765999972820282,-0.03926451724247144
148.034483,,0.003974152164362112,148.339,0.7879999876022339,0.009387306111849075
148.5,,0.0032969284226615136,148.805,0.777999997138977,-0.011455109056261249
148.965517,,0.005362110135983068,149.265,0.7879999876022339,0.01146910550410271
149.43103399999998,,0.008726028196662813,149.731,0.7699999809265137,-0.026450320760426835
149.89655199999999,,0.009432132828921833,150.195,0.7689999938011169,-0.02721448005635213
150.362069,,0.006403173014508132,150.66,0.7889999747276306,0.017847690389231747
150.82758600000003,,0.0034856366486796415,151.125,0.7860000133514404,0.01283081901902034
151.293103,,0.00486304606684492,151.591,0.7730000019073486,-0.01398943338928047
151.758621,,0.009388591744194295,152.058,0.7630000114440918,-0.03433722919396694
152.224138,,0.01135476270869105,152.524,0.7850000262260437,0.014923976414177283
152.68965500000002,,0.007208213704760629,152.987,0.7699999809265137,-0.016573099907277056
153.155172,,8.777445135249061e-05,153.45,0.777999997138977,0.0018546304393891912
153.62069,,0.0044383410019978465,153.918,0.7889999747276306,0.026603727389012007
154.086207,,0.0034110528982998194,154.381,0.7770000100135803,0.0010059794541709675
154.551724,,0.00035044451435156627,154.847,0.7630000114440918,-0.029204269049725715
155.017241,,9.596132153644014e-05,155.31,0.6119999885559082,-0.35815696781469325
155.482759,,0.0026576581785444074,155.775,0.8119999766349792,0.07732616895954307
155.948276,,0.004963654292771952,156.24,0.7860000133514404,0.0201767589752453
156.413793,,0.003633215973929979,156.706,0.7720000147819519,-0.011068443504155173
156.87931,,0.00034175245551376756,157.172,0.7879999876022339,0.022828751767107094
157.34482799999998,,0.003191859692202134,157.638,0.8640000224113464,0.18725956788591702
157.81034499999998,,0.002659747486384199,158.106,0.7950000166893005,0.03563789782493075
158.275862,,8.063390451759238e-05,158.572,0.9890000224113464,0.4568949342378632
158.741379,,0.0025233792939495696,159.032,0.7860000133514404,0.013167012071644106
159.20689700000003,,0.0036364314554706637,159.495,0.7710000276565552,-0.02099592474144952
159.672414,,0.004055733401221405,159.965,0.7710000276565552,-0.022459849002991444
160.137931,,0.0044753339559550865,160.428,0.7870000004768372,0.010998049585005047
160.60344800000001,,0.005035006054546483,160.891,0.7730000019073486,-0.020797398666808836
161.06896600000002,,0.00593782843558335,161.361,0.7699999809265137,-0.028482952663024943
161.534483,,0.007277728014278485,161.82,0.7739999890327454,-0.02073876422642899
162.0,,0.00803689436428838,162.286,0.7860000133514404,0.004643330612187092
162.465517,,0.0065940448614143915,162.752,0.7730000019073486,-0.024209004340324778
162.931034,,0.002956111708132578,163.22,0.7839999794960022,-0.0005260455750083781
163.396552,,0.000556274164808207,163.685,0.7860000133514404,0.003805563255258092
163.862069,,0.0017932223285189227,164.15,0.9890000224113464,0.44630673184514796
164.327586,,0.0011315313363299438,164.616,0.871999979019165,0.19189924021191743
164.793103,,0.00038609273306188896,165.077,0.765999972820282,-0.03830182370322603
165.258621,,0.0002903300905680941,165.542,0.7889999747276306,0.012755450922094664
165.72413799999998,,0.0003827836161615232,166.006,0.9539999961853027,0.3733661386891117
166.189655,,0.0006302670453936849,166.476,0.7680000066757202,-0.030575764954843324
166.655172,,0.0014958899233409708,166.939,0.7860000133514404,0.01003683948543882
167.12069,,0.0026071405657068065,167.402,0.7720000147819519,-0.019003349456436117
167.58620699999997,,0.0027564027874800306,167.87,0.7739999890327454,-0.013166176610001494
168.051724,,0.0013574148963188314,168.332,0.7870000004768372,0.016610088635076424
168.517241,,0.0008489916303183075,168.797,0.7699999809265137,-0.019043366727169934
168.98275900000002,,0.0025213538891162898,169.261,0.7870000004768372,0.019265137168762707
169.44827600000002,,0.0028887480738146918,169.727,0.7699999809265137,-0.01665109161075432
169.913793,,0.0026005052447438475,170.192,0.8489999771118164,0.15639998219836107
170.37931,,0.003503619987740788,170.657,0.7879999876022339,0.024230655458677874
170.844828,,0.006704869975153397,171.122,0.7820000052452087,0.011655039691454445
171.310345,,0.010404292493355352,171.587,0.7699999809265137,-0.014240617560994928
171.775862,,0.010707678850333116,172.05,0.765999972820282,-0.022962571375953086
172.241379,,0.005820383295772056,172.52,0.7950000166893005,0.039956662203627896
172.706897,,0.0010178777760923214,172.98,0.7680000066757202,-0.019373639511767862
173.172414,,0.004279976643536396,173.45,0.7960000038146973,0.04089302038371345
173.637931,,0.002043883118625599,173.914,0.7879999876022339,0.022523084023458356
174.103448,,0.0021353772777861855,174.376,0.7699999809265137,-0.017809274243306444
174.568966,,0.0035041871977844097,174.842,0.7910000085830688,0.026684011845327715
175.034483,,0.0007837332793820544,175.305,0.7730000019073486,-0.013892881663630032
175.5,,0.003850931137758208,175.77,0.9010000228881836,0.2635542708123903
175.96551699999998,,0.007647521108520584,176.236,0.7900000214576721,0.020291250950610837
176.43103399999998,,0.009152606462922389,176.701,0.7670000195503235,-0.031222164822997344
176.896552,,0.008747808493956384,177.165,0.7239999771118164,-0.1262413629317664
177.36206900000002,,0.00840806851085725,177.632,0.7820000052452087,-0.0011100679487966538
177.827586,,0.009763815676348169,178.098,0.7760000228881836,-0.015267187864699161
178.293103,,0.011679946731696629,178.564,0.7829999923706055,-0.000923160588682552
178.758621,,0.011019528448848811,179.028,0.7910000085830688,0.015805871645800395
179.224138,,0.006413305332389598,179.491,0.7590000033378601,-0.054384233522281715
179.68965500000002,,2.350397803201087e-05,179.961,0.7620000243186951,-0.04808183130501638
180.155172,,0.0051935791709592765,180.424,0.781000018119812,-0.006674966824355608
180.62069,,0.0077370851555376395,180.887,0.7699999809265137,-0.030381888659440234
181.086207,,0.007604149860533689,181.35,0.7979999780654907,0.031116413729766614
181.551724,,0.004632316580187222,181.816,0.7689999938011169,-0.0313457351600709
182.01724099999998,,0.0008171544738429007,182.28,0.7590000033378601,-0.05221415094573515
182.482759,,0.006448466493955204,182.746,0.7950000166893005,0.027306112506966743
182.948276,,0.008896406608724424,183.217,0.7879999876022339,0.013282720200018536
183.413793,,0.006545842364327072,183.675,0.7889999747276306,0.016789712931436433
183.87931,,0.0010269927947325422,184.14,0.7820000052452087,0.0029278881381983434
184.34482799999998,,0.004399403249104407,184.606,0.9449999928474426,0.35945700090188504
184.81034499999998,,0.007727921283326791,185.073,0.7730000019073486,-0.013880995207320466
185.27586200000002,,0.009183595182533684,185.539,0.7839999794960022,0.011408359653640024
185.74137900000002,,0.009572375166714029,186.007,0.781000018119812,0.0060879522757925925
186.206897,,0.00859527114350086,186.469,0.7630000114440918,-0.03205848916313252
186.672414,,0.005495519785199682,186.932,0.7879999876022339,0.023297906035062523
187.137931,,0.0009338952031349187,187.395,0.7609999775886536,-0.03484139326235519
187.60344800000001,,0.0027980111067611563,187.865,0.765999972820282,-0.02349094743411238
188.06896600000002,,0.0038106158083541478,188.328,0.7889999747276306,0.026834671568013085
188.534483,,0.0024635459475002897,188.794,0.7919999957084656,0.03334165804384619
189.0,,0.0008850861941700505,189.259,0.7739999890327454,-0.006147160614733357
189.465517,,0.0008962047345783318,189.725,0.7950000166893005,0.03909592673055626
189.931034,,0.0025309946764062313,190.185,0.7739999890327454,-0.007383761528639524
190.39655199999999,,0.004142752981290953,190.65,0.7649999856948853,-0.027916814630225186
190.862069,,0.003834213913656584,191.117,0.7910000085830688,0.027634216224754482
191.327586,,0.0014610650367441733,191.583,0.7789999842643738,0.0002622482658116909
191.793103,,0.0006769904783824182,192.056,0.7889999747276306,0.020724542848682026
192.25862099999998,,0.00015595778214848218,192.514,0.7839999794960022,0.008451951131882603
192.72413799999998,,0.002282033973377539,192.977,0.7699999809265137,-0.023441503378578137
193.189655,,0.0030279978058855217,193.446,0.7889999747276306,0.016589926349642195
193.655172,,2.6638747940590435e-05,193.91,0.7870000004768372,0.010941454077330834
194.12069000000002,,0.004463364116058585,194.372,0.7870000004768372,0.009761664969191793
194.586207,,0.005825677139217148,194.838,0.8389999866485596,0.12201997619254475
195.051724,,0.002650269609337817,195.301,0.7860000133514404,0.005700868017054478
195.517241,,0.002046106938800969,195.767,0.7730000019073486,-0.023267264537014797
195.98275900000002,,0.004108353387780036,196.231,0.7829999923706055,-0.0019033440117167109
196.448276,,0.002126245666561987,196.697,0.7860000133514404,0.004445854601091988
196.913793,,0.001931098453843886,197.162,0.765999972820282,-0.03907311569032363
197.37931,,0.004914507391966453,197.628,0.800000011920929,0.03529382692162954
197.844828,,0.004992867013322767,198.095,0.8159999847412109,0.07067535961177607
198.310345,,0.0027409411713702797,198.561,0.7889999747276306,0.012589646411378552
198.775862,,0.00037049570952059374,199.021,0.7919999957084656,0.02005436015961406
199.241379,,0.00040312284517180527,199.491,0.7710000276565552,-0.02460730682918644
199.706897,,0.00017192064723934648,199.954,0.7879999876022339,0.01364650953255468
200.172414,,0.001188779793267987,200.416,0.7739999890327454,-0.015548360749654454
200.63793099999998,,0.004303713840904578,200.88,0.7689999938011169,-0.02508657251637826
201.103448,,0.007012874869594612,201.35,0.7839999794960022,0.008955171311326027
201.568966,,0.005855925699244542,201.815,0.7739999890327454,-0.011503696981776312
202.034483,,0.0008261730925581302,202.279,0.7789999842643738,0.0006421462471480203
202.5,,0.004111045171584611,202.745,0.7699999809265137,-0.017826422812504183
202.965517,,0.005506836864885991,203.21,0.7760000228881836,-0.003763201709117708
203.431034,,0.004067529864158997,203.675,0.7910000085830688,0.02973006671564138
203.896552,,0.002840161496019988,204.14,0.7730000019073486,-0.008873859845855193
204.36206900000002,,0.0029145286096234294,204.606,0.7889999747276306,0.026376139460238753
204.827586,,0.002474402027162931,205.065,0.7889999747276306,0.0265365170236399
205.293103,,2.3258030276819975e-05,205.531,0.7739999890327454,-0.006218447504665061
205.758621,,0.003022782254513333,205.999,1.031000018119812,0.5533906552158145
206.224138,,0.0030068568631579314,206.461,0.7599999904632568,-0.03754178276517978
206.689655,,0.0016470998998349604,206.929,0.7870000004768372,0.020559865283331664
207.155172,,0.008338409073398136,207.391,0.7730000019073486,-0.010848861260715086
207.62069,,0.012093217153399586,207.862,0.7820000052452087,0.007693468586608824
208.086207,,0.009947833825280116,208.324,0.7919999957084656,0.028289324071765973
208.551724,,0.0034820658231533106,208.79,0.7879999876022339,0.018295795801047014
209.01724099999998,,0.003021514908603338,209.255,0.7599999904632568,-0.04403506829127791
209.482759,,0.006510897974572222,209.72,0.7889999747276306,0.01780719580738968
209.948276,,0.006906626803284559,210.18,0.7139999866485596,-0.14689984395043393
210.413793,,0.005772472256646703,210.645,0.7630000114440918,-0.04138558001503069
210.87930999999998,,0.0046635249448732695,211.11,0.796999990940094,0.031556621407934256
211.344828,,0.004673342085384252,211.576,0.7910000085830688,0.017497483247817587
211.810345,,0.006037519316204099,212.047,0.7789999842643738,-0.009458634737153158
212.27586200000002,,0.007524172551268944,212.509,0.7860000133514404,0.005179183429004273
212.741379,,0.007102427563690885,212.973,0.7649999856948853,-0.04096736881891656
213.206897,,0.003914125466530688,213.435,0.7870000004768372,0.006797921136263864
213.672414,,0.0006513369837890764,213.906,0.7919999957084656,0.017761612090713804
214.137931,,0.004177659599811229,214.369,0.7020000219345093,-0.17801398942524074
214.60344800000001,,0.005489717113205772,214.834,0.7699999809265137,-0.029341997074516308
215.068966,,0.005499532934219875,215.297,0.7860000133514404,0.006246868584497651
215.534483,,0.005759012699175535,215.762,0.7689999938011169,-0.029873899267574416
216.0,,0.006674212539433386,216.228,0.7910000085830688,0.019130891018597607
216.465517,,0.00764459914016968,216.694,0.7699999809265137,-0.0254207304154254
216.93103399999998,,0.008402558503100592,217.159,0.7689999938011169,-0.026310624540548423
217.39655199999999,,0.009164221313096335,217.624,0.7870000004768372,0.014243072967487625
217.862069,,0.009494255466772343,218.091,0.7699999809265137,-0.0214472331653823
218.327586,,0.007999774550786563,218.557,0.7689999938011169,-0.022311762465823958
218.793103,,0.0036632337149971055,219.017,0.777999997138977,-0.0014628680215646307
219.25862099999998,,0.0027016303356121826,219.487,0.7649999856948853,-0.02865524183843964
219.724138,,0.008511481917041347,219.948,0.7620000243186951,-0.03420696273401147
220.18965500000002,,0.011139253442411385,220.41,0.902999997138977,0.2737928052238559
220.65517200000002,,0.01006913751606163,220.88,0.7609999775886536,-0.03496140802910043
221.12069,,0.007511218945133559,221.343,0.7860000133514404,0.019901334298664718
221.586207,,0.0063654266999136466,221.808,0.7860000133514404,0.020065906209894232
222.051724,,0.007333991457725885,222.273,0.7710000276565552,-0.01268639567362647
222.517241,,0.008559035185035644,222.739,0.7910000085830688,0.030578347106557532
222.98275900000002,,0.00816376975001563,223.206,0.7910000085830688,0.030043964523018864
223.448276,,0.006301367776267607,223.665,0.7889999747276306,0.02494224381280714
223.913793,,0.0043863309049862985,224.136,0.765999972820282,-0.026099198231836866
224.37931,,0.0030734978843741287,224.595,0.7730000019073486,-0.011941909814166676
224.844828,,0.0016239574373902175,225.061,0.7820000052452087,0.006444909691857689
225.31034499999998,,0.0008676165720391194,225.527,0.7739999890327454,-0.012295647014393535
225.775862,,0.003981208541162856,225.995,0.7609999775886536,-0.04198016141768146
226.241379,,0.005914669907193604,226.457,0.7870000004768372,0.013293452849835179
226.706897,,0.005016432926308989,226.921,0.7860000133514404,0.009776959429658456
227.172414,,0.0014378347993151423,227.391,0.7599999904632568,-0.048131366655013434
227.63793099999998,,0.002717799414189801,227.857,0.7649999856948853,-0.038389064277468736
228.103448,,0.004979005580335998,228.32,0.7910000085830688,0.017253133627263495
228.56896600000002,,0.0044122733629980695,228.787,0.777999997138977,-0.011891927168598743
229.03448300000002,,0.002144439945564669,229.246,0.7910000085830688,0.015813983488306597
229.5,,0.0002385685387943731,229.712,0.7730000019073486,-0.02379292733526755
229.965517,,0.0001128725792260586,230.177,0.765999972820282,-0.03919743413891643
230.431034,,0.001629338320028914,230.643,0.7889999747276306,0.011000037620331632
230.896552,,0.003319313256376278,231.11,0.7879999876022339,0.00915097932284996
231.362069,,0.003759728309997092,231.576,0.7649999856948853,-0.040396920702703634
231.827586,,0.0030489709093965184,232.039,0.7820000052452087,-0.0025845333550668084
232.293103,,0.0025294635083423374,232.502,0.7609999775886536,-0.047370078175605304
232.758621,,0.0026594715889799447,232.969,0.7620000243186951,-0.04406391905963881
233.224138,,0.0018428968751569889,233.431,0.7990000247955322,0.037800982540186975
233.689655,,0.0015031492752414014,233.899,0.7910000085830688,0.021717251271206
234.155172,,0.005850888963699976,234.362,0.9829999804496765,0.4414169324749857
234.62069,,0.007058472765955496,234.827,0.597000002861023,-0.3981320242634161
235.086207,,0.002914582899978352,235.291,0.7720000147819519,-0.015499283065994459
235.55172399999998,,0.003604347857807109,235.756,0.7760000228881836,-0.005498897645531334
236.01724099999998,,0.006748314012499895,236.221,0.7919999957084656,0.030525924312503665
236.482759,,0.0036441075870885385,236.687,0.7699999809265137,-0.016393008755867897
236.94827600000002,,0.002987028567089617,237.155,0.7630000114440918,-0.03081929833306672
237.413793,,0.007685250233352043,237.62,0.8230000138282776,0.10051135294495858
237.87931,,0.00746778867112898,238.084,0.7670000195503235,-0.021112028794479154
238.344828,,0.0042459920034996525,238.549,0.7829999923706055,0.013883566613523558
238.810345,,0.0023853116977501925,239.01,0.7720000147819519,-0.01019346960063199
239.27586200000002,,0.004199209452186519,239.479,0.7720000147819519,-0.01055195269075919
239.741379,,0.008073611641440482,239.943,0.7870000004768372,0.021533174583369757
240.206897,,0.010714828416288005,240.406,0.7710000276565552,-0.014137919414714196
240.672414,,0.010414485453049908,240.874,0.7710000276565552,-0.015144792345481061
241.137931,,0.00789983652958394,241.335,0.7919999957084656,0.029436311912910573
241.603448,,0.004910022715504764,241.801,0.746999979019165,-0.06990150775517456
242.068966,,0.0027541696820592033,242.268,0.777999997138977,-0.00375115536559359
242.534483,,0.0018900771962777605,242.734,0.7699999809265137,-0.022614832453870165
243.0,,0.0021055222722919653,243.199,0.7870000004768372,0.012985771745157033
243.465517,,0.0029474493849365787,243.665,0.765999972820282,-0.03416014069432202
243.93103399999998,,0.004070823392276168,244.125,0.7839999794960022,0.003746477795358954
244.39655199999999,,0.004914559463581352,244.59,0.7739999890327454,-0.019223337641291333
244.862069,,0.004209783379195382,245.058,0.9629999995231628,0.39152402358873584
245.327586,,0.000884493846364317,245.524,0.7739999890327454,-0.021057119312634695
245.793103,,0.004040116070512095,245.991,1.090000033378601,0.6668083837473417
246.258621,,0.007486353909001608,246.454,0.7910000085830688,0.015053911400543248
246.724138,,0.007229949997302398,246.917,0.7730000019073486,-0.02424606436027865
247.18965500000002,,0.0043106811126301815,247.38,0.7739999890327454,-0.02190167916564349
247.655172,,0.0018104816156223186,247.846,0.7870000004768372,0.006831187183198626
248.12069,,0.0015934016794675536,248.316,0.8500000238418579,0.14473009642326645
248.586207,,0.002929094738291786,248.782,0.7990000247955322,0.03447825812788608
249.051724,,0.0040431686887609465,249.247,0.7979999780654907,0.033346856603138825
249.517241,,0.0040734005542947625,249.705,0.7699999809265137,-0.02645363463376505
249.982759,,0.0032092779562571134,250.172,0.777999997138977,-0.007706206514327207
250.44827600000002,,0.0017346109074056584,250.638,0.781000018119812,0.00022395986948238965
250.913793,,0.0002126701093136117,251.103,0.7889999747276306,0.019081010724034717
251.37931000000003,,0.002200516280350161,251.569,0.7730000019073486,-0.014359091985681523
251.844828,,0.0036093847380576647,252.032,0.7870000004768372,0.01750711740434835
252.31034499999998,,0.004171108395714118,252.502,0.8479999899864197,0.15167658332336756
252.77586200000002,,0.003935257264890014,252.962,0.7699999809265137,-0.01711697351676666
253.241379,,0.002882053971636766,253.425,0.7860000133514404,0.018715684564844237
253.706897,,0.0009799410150119563,253.895,0.781000018119812,0.008599261875312661
254.172414,,0.001541622042809417,254.357,0.7879999876022339,0.024405946603916057
254.63793099999998,,0.0040488106294786705,254.823,0.7699999809265137,-0.014491021951615586
255.10344800000001,,0.005337331349281776,255.287,0.7649999856948853,-0.025313060267851045
255.56896600000002,,0.004183185681935616,255.753,0.7879999876022339,0.024617609439543536
256.03448299999997,,0.0011172492665793476,256.217,0.7919999957084656,0.03291113678564284
256.5,,0.0009717741688127118,256.683,0.7820000052452087,0.010474356013747549
256.965517,,0.0003689625770268553,257.148,0.7699999809265137,-0.016529369737637294
257.431034,,0.0040610791042015905,257.613,0.8009999990463257,0.04996582793741608
257.896552,,0.0067965006418243155,258.081,0.7739999890327454,-0.010051250160743654
258.362069,,0.007179422739970342,258.546,0.7870000004768372,0.016963584871442207
258.827586,,0.006885585381807556,259.01,0.7870000004768372,0.015581906120986986
259.29310300000003,,0.007609265681901746,259.472,0.7870000004768372,0.014168699391494885
259.758621,,0.008495058567961278,259.94,0.7039999961853027,-0.1680623018650411
260.224138,,0.007495577655168999,260.402,0.7649999856948853,-0.03651682979355232
260.689655,,0.004457106385993195,260.865,0.7829999923706055,0.0014401628141741637
261.155172,,0.0016400293373689625,261.335,0.781000018119812,-0.00404211451279078
261.62068999999997,,0.0009955331629482333,261.801,0.7710000276565552,-0.026785495610533974
262.086207,,0.001737652121733752,262.266,0.7710000276565552,-0.027545490340634922
262.551724,,0.0012791836784532373,262.732,0.7860000133514404,0.004594386773329834
263.017241,,0.0016340584906995017,263.191,0.765999972820282,-0.03928176264394115
263.482759,,0.005376851881085752,263.657,0.7839999794960022,-0.00012337437195780038
263.94827599999996,,0.0072637203683212,264.121,0.7900000214576721,0.01313908435291312
264.413793,,0.006521912161891493,264.586,0.7870000004768372,0.00703586116122366
264.87931,,0.005064318801341373,265.058,0.7710000276565552,-0.027161129282537808
265.34482799999995,,0.005441308992270535,265.517,0.7699999809265137,-0.028471085600780044
265.810345,,0.008273772848235852,265.98,0.753000020980835,-0.06445921253748003
266.27586199999996,,0.011541700711879911,266.45,0.7889999747276306,0.015168681394346753
266.741379,,0.01225445873723037,266.911,0.7870000004768372,0.012120118895867704
267.206897,,0.00917741449727157,267.381,1.0950000286102295,0.6845310748038647
267.672414,,0.004116033958324325,267.846,0.7990000247955322,0.04107927727050135
268.137931,,0.00015185399363552761,268.31,0.7879999876022339,0.018534048650746704
268.603448,,0.001303404740911665,268.776,0.6600000262260437,-0.25897394051220785
269.06896600000005,,0.0010413403168175843,269.236,0.7839999794960022,0.012431577803669757
269.53448299999997,,8.006545018165263e-05,269.701,0.7739999890327454,-0.008244473003060306
270.0,,0.0013598738077903409,270.166,0.765999972820282,-0.024738486250507254
270.465517,,0.002751133911653755,270.632,0.7860000133514404,0.019565663540588044
270.931034,,0.0027644679310685036,271.099,0.7699999809265137,-0.014788009569158447
271.396552,,0.0008250521252226644,271.564,0.8019999861717224,0.05519223625242276
271.86206899999996,,0.0017679158442169226,272.028,0.7910000085830688,0.031242046844321324
272.327586,,0.003305994410674786,272.49,0.8159999847412109,0.08547499223691177
272.793103,,0.0037767556812758774,272.958,0.7620000243186951,-0.03264621975133211
273.258621,,0.004479964377356205,273.421,0.8119999766349792,0.07558511574058333
273.724138,,0.005770579080787698,273.891,0.5350000262260437,-0.5288108877287613
274.18965499999996,,0.006436211848821925,274.355,0.7620000243186951,-0.035353776375644325
274.655172,,0.005666539588602442,274.82,0.7910000085830688,0.026583049549811798
275.12069,,0.0045414397782191996,275.286,0.7850000262260437,0.012163862476835666
275.586207,,0.004693798532345378,275.751,0.7620000243186951,-0.03935358406367641
276.051724,,0.005956656956448734,276.213,0.765999972820282,-0.03206555665322144
276.517241,,0.006203969466964285,276.678,0.7910000085830688,0.02100116837490129
276.98275900000004,,0.003712836778716,277.143,0.7950000166893005,0.028387889615570278
277.448276,,0.0006826585744200985,277.609,0.7739999890327454,-0.0185783781626783
277.913793,,0.004052622553883913,278.076,0.7720000147819519,-0.023999847415675252
278.37931,,0.003887888927233981,278.535,0.7710000276565552,-0.027059821643083348
278.844828,,0.00013073795785275403,279.002,0.7860000133514404,0.004948869800118497
279.31034500000004,,0.004819557265823871,279.465,0.7889999747276306,0.01104530088708812
279.77586199999996,,0.007694566682841904,279.933,0.7870000004768372,0.006493933811113221
280.241379,,0.0065424021085765515,280.395,0.765999972820282,-0.039201325156454685
280.706897,,0.002423595314249989,280.866,0.7720000147819519,-0.025825236249640837
281.172414,,0.0011129628342961418,281.328,0.796999990940094,0.029183102358942708
281.637931,,0.0013544241460667948,281.794,0.7839999794960022,0.001624328972163116
282.10344799999996,,0.0005551030349978876,282.258,0.7670000195503235,-0.034451976326625174
282.568966,,0.0009413544214337016,282.724,0.800000011920929,0.03857039670143502
283.034483,,0.0018811252488589005,283.188,0.8539999723434448,0.15747704958361744
283.5,,0.005704720186646609,283.654,0.7870000004768372,0.012861708798854354
283.965517,,0.007410662989270313,284.121,0.7789999842643738,-0.0031633163566669852
284.431034,,0.006283481499370489,284.587,0.7760000228881836,-0.008290688106076229
284.89655200000004,,0.0035056412386180458,285.051,0.7699999809265137,-0.01999454352669361
285.362069,,4.04078282881488e-05,285.513,0.7720000147819519,-0.014352564460560057
285.827586,,0.003296183527509867,285.98,0.7720000147819519,-0.013191728491509118
286.293103,,0.004730614786141984,286.443,0.7870000004768372,0.02048912386517041
286.758621,,0.0026523357947324565,286.906,0.7720000147819519,-0.011380004861263199
287.22413800000004,,0.002060301118849473,287.376,0.7789999842643738,0.00446521493132474
287.689655,,0.006288478218150324,287.841,0.7739999890327454,-0.006067529680710218
288.155172,,0.007660671966637939,288.304,0.7820000052452087,0.011477121503180423
288.62069,,0.006471879232779702,288.77,0.7739999890327454,-0.006084897394114478
289.086207,,0.004471749089458805,289.236,0.7839999794960022,0.015325209525266137
289.55172400000004,,0.002690718661785798,289.701,0.7889999747276306,0.02561106019470484
290.01724099999996,,0.0009880862623212491,290.165,0.7990000247955322,0.0465792755005488
290.482759,,0.0008904032727612167,290.631,0.7879999876022339,0.021610953265809894
290.948276,,0.002568151093638295,291.091,0.7720000147819519,-0.01440395921201251
291.413793,,0.003346701322033601,291.557,0.7910000085830688,0.02571635180209516
291.87931,,0.002906770522997195,292.024,0.7739999890327454,-0.012671937258894012
292.344828,,0.0015795911367894582,292.487,0.7910000085830688,0.022979270105452407
292.81034500000004,,3.5289558130208615e-05,292.954,0.6679999828338623,-0.2463736289238006
293.275862,,0.0011428703675611797,293.417,0.7720000147819519,-0.02112516297506594
293.74137900000005,,0.0015929004611112234,293.88,0.75,-0.07029569112898154
294.206897,,0.0011823806279647753,294.35,0.7910000085830688,0.0179205833536305
294.672414,,0.00018507102726722218,294.815,0.7739999890327454,-0.02005731548915501
295.13793100000004,,0.000620296722302898,295.279,0.7960000038146973,0.027129848639892828
295.603448,,0.00041580579216334576,295.745,0.7699999809265137,-0.03003723334451873
296.068966,,0.0008307354670589479,296.209,0.7699999809265137,-0.030322634515451377
296.534483,,0.0021683438407294545,296.675,0.7820000052452087,-0.004218867992722426
297.0,,0.0025414319834068805,297.14,0.7919999957084656,0.01777458434980481
297.46551700000003,,0.0016955105606579614,297.606,0.7680000066757202,-0.034065487518178894
297.931034,,9.658117817940098e-06,298.065,0.7889999747276306,0.012359453777496419
298.396552,,0.0020703904898033087,298.531,0.7699999809265137,-0.028157036499883006
298.862069,,0.0038859213122242877,298.999,0.7879999876022339,0.01211311262241023
299.327586,,0.004373137149423809,299.462,0.765999972820282,-0.0346196463722065
299.79310300000003,,0.0029350397413379576,299.925,0.7910000085830688,0.021149397344158757
300.258621,,0.0004523547965305779,300.394,0.7699999809265137,-0.02323546102523716
300.724138,,0.001280733523334265,300.862,0.7770000100135803,-0.006597314308753937
301.189655,,0.0012173254491536416,301.325,0.7839999794960022,0.010017564737610526
301.65517200000005,,0.000333979057915896,301.79,0.7599999904632568,-0.04097187276285168
302.12069,,0.0026405007387439714,302.25,0.7990000247955322,0.04518635334665084
302.586207,,0.005200290750833089,302.716,0.7770000100135803,-0.001697386606379695
303.05172400000004,,0.007117028884198412,303.181,0.7739999890327454,-0.007364217411989659
303.517241,,0.0066816564305373985,303.646,0.7870000004768372,0.02162231268272254
303.982759,,0.0026630797119212924,304.113,0.7730000019073486,-0.008440560408512758
304.448276,,0.003762262402985802,304.579,0.7879999876022339,0.024437716579301265
304.913793,,0.008926860747286332,305.047,0.7699999809265137,-0.01482532306139885
305.37931000000003,,0.00928143243295767,305.51,0.843999981880188,0.14610399702897484
305.844828,,0.004678342154010704,305.973,0.7850000262260437,0.017040184652023862
306.310345,,0.0009736171817006304,306.435,0.8629999756813049,0.18623533139991003
306.775862,,0.003032492051464258,306.903,0.5830000042915344,-0.4247217782629694
307.241379,,0.0006125786818212013,307.365,0.7889999747276306,0.02297276469688924
307.70689699999997,,0.0025621009232248667,307.831,0.7699999809265137,-0.019663338286871695
308.172414,,0.002255878360552288,308.301,0.7390000224113464,-0.08853588108359277
308.637931,,0.0015818785672063913,308.76,0.7689999938011169,-0.024562318680482954
309.103448,,0.004822013745068424,309.231,0.7870000004768372,0.013261075029906389
309.568966,,0.003799807481412719,309.69,0.7850000262260437,0.007550513562733251
310.034483,,0.0008108790031200912,310.161,0.597000002861023,-0.4033101606011199
310.5,,0.005089330973939105,310.62,0.7480000257492065,-0.07549351973912882
310.96551700000003,,0.006101734093922661,311.091,0.828000009059906,0.09779484353618359
311.431034,,0.004338301493085555,311.55,0.7879999876022339,0.009838562807338145
311.896552,,0.0023506367347019344,312.021,0.7879999876022339,0.009247697162333772
312.362069,,0.0018573285791288854,312.483,0.7409999966621399,-0.0935027959908448
312.827586,,0.0024137617554183663,312.947,0.7870000004768372,0.006608591450705438
313.29310300000003,,0.002576101602414466,313.417,0.7950000166893005,0.024183507912250875
313.758621,,0.0019549303680421997,313.88,0.765999972820282,-0.03860332242491108
314.224138,,0.0016944814896798386,314.343,0.7820000052452087,-0.0031153416948003203
314.689655,,0.0028435249227898945,314.808,0.7710000276565552,-0.026235510701682396
315.155172,,0.004848973550382434,315.273,0.7490000128746033,-0.07313280126863239
315.62068999999997,,0.006111297454236618,315.738,0.8019999861717224,0.04352383950929315
316.086207,,0.005621514719464694,316.206,0.7739999890327454,-0.016171513756673632
316.551724,,0.0036342958646796066,316.671,0.7889999747276306,0.01789214257776508
317.017241,,0.0010786764942698139,317.136,0.7900000214576721,0.021487868495373402
317.482759,,0.001236487680277991,317.602,0.7720000147819519,-0.016323143826469252
317.94827599999996,,0.0029219751236016995,318.066,0.7730000019073486,-0.012797736650618065
318.413793,,0.003881960300475097,318.525,0.7910000085830688,0.02766368945822842
318.87931000000003,,0.004153369591711016,318.995,0.7689999938011169,-0.019161711176045176
319.344828,,0.0038772940482588373,319.458,0.7870000004768372,0.020982346709753713
319.810345,,0.003212067455009849,319.921,0.8519999980926514,0.16331779959065154
320.275862,,0.0022355492622998943,320.391,0.7599999904632568,-0.03662229889332476
320.741379,,0.0012110509894362584,320.862,0.7649999856948853,-0.025479544126397025
321.20689699999997,,0.0009227869756699592,321.317,0.7730000019073486,-0.008056869227321312
321.672414,,0.0020879049947941665,321.783,0.7860000133514404,0.02000324181263176
322.137931,,0.004023513815850581,322.247,0.7789999842643738,0.004242817269086024
322.603448,,0.00460877096694732,322.713,0.7710000276565552,-0.01392796548614409
323.068966,,0.002543894561313753,323.18,0.7639999985694885,-0.030129466536697527
323.53448299999997,,0.0006838553179097867,323.645,0.7319999933242798,-0.1009773846238876
324.0,,0.0022122720263665382,324.11,0.7950000166893005,0.035001908313312305
324.465517,,0.0011110927799350262,324.576,0.8050000071525574,0.055410742937069234
324.931034,,0.0008551795958095381,325.036,0.7870000004768372,0.01476059856945429
325.396552,,0.001828646182954273,325.506,0.7699999809265137,-0.023722702002109415
325.86206899999996,,0.0020614893125983883,325.969,0.7829999923706055,0.0031873290862385016
326.327586,,0.0031902350517303926,326.431,0.7699999809265137,-0.026468538456078605
326.793103,,0.0061122125807267814,326.899,0.8489999771118164,0.1444345033790087
327.258621,,0.009867163473974674,327.361,0.7870000004768372,0.008311803834595252
327.724138,,0.012203771038861671,327.827,0.7720000147819519,-0.025217965298352442
328.189655,,0.011338679278331074,328.29,0.7910000085830688,0.015548943573163443
328.655172,,0.0076930751752728715,328.756,0.7699999809265137,-0.03058695100467739
329.12068999999997,,0.003844096542674889,329.221,0.7990000247955322,0.032465906467501554
329.586207,,0.0021733704648526256,329.687,0.7879999876022339,0.008633898456356967
330.051724,,0.0024090214341508996,330.154,0.7850000262260437,0.002488923031060735
330.517241,,0.0020092152502837702,330.62,0.7689999938011169,-0.03173351811594429
330.982759,,0.0007253213931952829,331.084,0.7699999809265137,-0.0286941595509483
331.44827599999996,,0.004472817307190011,331.55,0.7910000085830688,0.018116154329083218
331.913793,,0.006420083822598269,332.014,0.7480000257492065,-0.07434254923082222
332.37931,,0.005639488016021728,332.476,0.7879999876022339,0.014151968357508156
332.844828,,0.0042149256691743076,332.947,0.7870000004768372,0.013405405567555744
333.310345,,0.004868213743639372,333.41,0.7749999761581421,-0.011267922012607245
333.77586199999996,,0.007743303519013349,333.873,0.6039999723434448,-0.3823584288700514
334.241379,,0.009865367457128316,334.335,0.7889999747276306,0.022088626575310397
334.706897,,0.008169725628076756,334.801,0.7860000133514404,0.016847377806152163
335.17241399999995,,0.00296204904333296,335.268,0.7870000004768372,0.020180459544517346
335.637931,,0.0023005405402731285,335.734,0.7649999856948853,-0.026772843154761552
336.103448,,0.004594568254230278,336.198,0.765999972820282,-0.02382678583775052
336.56896600000005,,0.0037366600679148657,336.664,0.7910000085830688,0.031172699800641645
337.034483,,0.0012838951711717967,337.129,0.7990000247955322,0.048884531693272365
337.5,,0.0014242385648259473,337.594,0.7689999938011169,-0.016452334002947842
337.965517,,0.003354830874835577,338.062,0.7789999842643738,0.005094722620946912
338.431034,,0.0032375653915528604,338.52,0.765999972820282,-0.023722788042291876
338.89655200000004,,0.0005817834185931312,338.988,0.7720000147819519,-0.011386663569417125
339.36206899999996,,0.00295999111755291,339.45,0.7940000295639038,0.03559003045663172
339.827586,,0.004706921216454061,339.918,0.7910000085830688,0.027913143403233816
340.293103,,0.0038850464035200287,340.387,0.7630000114440918,-0.03438183563832486
340.758621,,0.0024600467721150447,340.846,0.7889999747276306,0.020858090381346197
341.224138,,0.002474352528179269,341.316,0.765999972820282,-0.03072365766934758
341.68965499999996,,0.00342742925776634,341.775,0.7990000247955322,0.03967775259079463
342.155172,,0.0031992829877517015,342.246,0.7739999890327454,-0.016256492322035646
342.62069,,0.0010575605340986441,342.705,0.7889999747276306,0.015027892823055243
343.086207,,0.0013827701012493329,343.173,1.0440000295639038,0.5693099870599918
343.551724,,0.0022849180774044044,343.638,0.777999997138977,-0.011317389579811005
344.01724099999996,,0.0017202219847944986,344.103,0.7850000262260437,0.003023496541448678
344.48275900000004,,0.0011422574371663865,344.569,0.7919999957084656,0.01758527403288839
344.948276,,0.0013629714312712307,345.032,0.7979999780654907,0.03021178627551252
345.413793,,0.0018545107471659192,345.502,0.765999972820282,-0.0396929921980522
345.87931,,0.0018524430628942257,345.965,0.7860000133514404,0.003954943091378079
346.344828,,0.001367756806893792,346.428,0.7739999890327454,-0.021853241891124777
346.81034500000004,,0.0009596767778172286,346.896,0.777999997138977,-0.012552289934509997
347.275862,,0.0009320914621550686,347.357,0.7889999747276306,0.012232000004963125
347.741379,,0.0008912964291975676,347.823,0.7649999856948853,-0.03902870296586046
348.206897,,5.015598372559592e-05,348.287,0.7870000004768372,0.010104090187243984
348.672414,,0.0017833179272727818,348.753,0.8519999980926514,0.15305869773159442
349.13793100000004,,0.0034439702380106526,349.217,0.7689999938011169,-0.02632729904294497
349.60344799999996,,0.0030767081802822913,349.682,0.7879999876022339,0.016561902585626686
350.068966,,0.00019444563422259917,350.147,0.7990000247955322,0.0420276242439377
350.534483,,0.005422968487477176,350.613,0.7689999938011169,-0.021872575649126556
351.0,,0.010459558430753557,351.081,0.765999972820282,-0.02703712209116403
351.465517,,0.013131583419578662,351.546,0.7850000262260437,0.015597485614790692
351.93103399999995,,0.012396545262599697,352.009,0.7699999809265137,-0.016012122491953374
352.396552,,0.009065348623822632,352.472,0.7839999794960022,0.015355583869752916
352.862069,,0.005074232027144164,352.94,0.7850000262260437,0.01817019731047549
353.32758600000005,,0.0015782652914897663,353.402,0.765999972820282,-0.022839437858906762
353.793103,,0.0016670896854114007,353.865,0.7860000133514404,0.020854680728566333
354.258621,,0.004666747261720926,354.335,0.7929999828338623,0.035958788427524965
354.72413800000004,,0.006046661286899841,354.801,0.7870000004768372,0.0224778514188095
355.189655,,0.004611180160416848,355.266,0.7599999904632568,-0.037005700968677835
355.655172,,0.0014089178494617151,355.731,0.8029999732971191,0.05578518720374091
356.12069,,0.0008569930883242239,356.191,0.7760000228881836,-0.0041321105662073775
356.586207,,0.0004252869200957307,356.657,0.8059999942779541,0.05996478304549837
357.05172400000004,,0.0020820601470880173,357.121,0.7850000262260437,0.012821468550374387
357.517241,,0.004656243103349972,357.587,0.7940000295639038,0.030951553593680993
357.982759,,0.00572532979134947,358.059,0.7699999809265137,-0.02285441112611516
358.448276,,0.004913278135367342,358.517,0.7699999809265137,-0.024366582324172832
358.913793,,0.0027126965436886953,358.98,0.7879999876022339,0.013390193794677391
359.37931000000003,,0.0001558823450903894,359.45,0.7870000004768372,0.009852239607186397
359.844828,,0.0014310045664227577,359.914,0.9110000133514404,0.27879030556042705
360.310345,,0.0014188055514983303,360.376,0.7860000133514404,0.005429960891565555
360.775862,,0.0009667138400554485,360.842,0.8100000023841858,0.05690398107539659
361.241379,,0.0020833912397981756,361.305,0.7369999885559082,-0.10271260412408632
361.706897,,0.0048858800087239656,361.771,0.7699999809265137,-0.031137501234846557
362.172414,,0.006862709836192482,362.236,0.7870000004768372,0.005844600315950601
362.63793100000004,,0.0060943015665598475,362.702,0.7990000247955322,0.03220235844607017
363.103448,,0.004322982662339531,363.166,0.7820000052452087,-0.004357734698519302
363.568966,,0.005026378557107873,363.632,0.8119999766349792,0.061727415790221715
364.034483,,0.00870838530576364,364.099,0.7670000195503235,-0.035359506029074984
364.5,,0.01200526327992648,364.564,0.7919999957084656,0.02025534666751997
364.96551700000003,,0.011773782555730753,365.025,0.7739999890327454,-0.017650936921662964
365.431034,,0.00839722120133767,365.495,0.7739999890327454,-0.01622150726722857
365.896552,,0.004400988031394646,365.958,0.7839999794960022,0.007069958074667281
366.362069,,0.0012301676228218402,366.42,0.765999972820282,-0.03061183956567085
366.827586,,0.001523268639936718,366.888,0.7630000114440918,-0.03563307121197147
367.29310300000003,,0.004496452983168215,367.35,0.7900000214576721,0.024638819390127468
367.758621,,0.007383911166562061,367.816,0.7910000085830688,0.028155400448821928
368.224138,,0.009523018646257535,368.287,0.7369999885559082,-0.08830628274831202
368.689655,,0.010980476470284486,368.745,0.7710000276565552,-0.01323761318932486
369.155172,,0.01241445744442326,369.21,0.765999972820282,-0.02335829231723481
369.62068999999997,,0.013875724915878154,369.675,0.7900000214576721,0.02945695506252676
370.086207,,0.014474784940201314,370.14,0.781000018119812,0.010115560022315688
370.55172400000004,,0.013602505068724307,370.606,0.7680000066757202,-0.01821022608414881
371.017241,,0.01182854196249523,371.073,0.6449999809265137,-0.28646037213433906
371.482759,,0.010078898206656679,371.539,0.6620000004768372,-0.2499685944584236
371.948276,,0.008481017778732641,372.002,0.7440000176429749,-0.07211689331879742
372.413793,,0.006669825522483404,372.472,0.7879999876022339,0.022722937878374618
372.87931000000003,,0.004848236422533383,372.932,0.7870000004768372,0.019335698075296826
373.344828,,0.0036254802909995915,373.402,0.765999972820282,-0.02777435487172298
373.810345,,0.002657381624040652,373.862,0.7760000228881836,-0.007454035375806455
374.275862,,0.00032718318604516516,374.332,0.7699999809265137,-0.022054597042342486
374.741379,,0.004394644660133746,374.79,0.7950000166893005,0.03086894440339127
375.20689699999997,,0.009849376823080003,375.255,0.7889999747276306,0.016288776999576975
375.672414,,0.012203065377047805,375.721,0.7760000228881836,-0.013460220726924479
376.137931,,0.008847935728258429,376.187,0.7620000243186951,-0.04526297633315625
376.603448,,0.0014177303773378535,376.653,0.8119999766349792,0.06253328415507133
377.068966,,0.005240596989286864,377.121,0.902999997138977,0.25985840926291354
377.53448299999997,,0.007438413374349177,377.586,0.781000018119812,-0.006633857080404572
378.0,,0.005517862141312221,378.047,0.7739999890327454,-0.02232840089955875
378.465517,,0.002446242653800124,378.51,0.7710000276565552,-0.029044319839641466
378.931034,,0.0006848609521279614,378.98,0.7689999938011169,-0.033313037670177306
379.396552,,0.000832975575718959,379.443,0.7940000295639038,0.021507759967184015
379.862069,,0.0021310646149656103,379.906,0.7699999809265137,-0.03017059511049762
380.327586,,0.0031985184340718883,380.376,0.7720000147819519,-0.024968762634314585
380.79310300000003,,0.0026821976363855396,380.842,0.8069999814033508,0.05233717978848137
381.258621,,0.00015426228991887803,381.305,0.781000018119812,-0.0030776483648854965
381.724138,,0.003361438645171491,381.771,0.6620000004768372,-0.2609712909511658
382.189655,,0.006060860568249599,382.236,0.7820000052452087,0.0019227236886469338
382.655172,,0.006807034046076927,382.702,0.7649999856948853,-0.03361104564741461
383.12068999999997,,0.005997903931356284,383.162,0.7889999747276306,0.02018259612727559
383.586207,,0.004963146707780027,383.628,0.8379999995231628,0.12840030392432414
384.051724,,0.004405860420229491,384.096,0.7419999837875366,-0.07937315543157059
384.517241,,0.003653449760144497,384.562,0.8920000195503235,0.24867190938291736
384.982759,,0.0018729305957203952,385.024,0.8600000143051147,0.1800381296027187
385.44827599999996,,0.00022409385454073112,385.487,0.7919999957084656,0.032775171143442444
385.913793,,0.0007920078137012064,385.954,0.7860000133514404,0.020360002087422526
386.37931,,0.0008307528373863815,386.417,0.7739999890327454,-0.0053778819305575504
386.84482799999995,,0.0030493512715181015,386.88,0.8859999775886536,0.2387748906390346
387.310345,,0.003777194256204373,387.35,0.7870000004768372,0.022968395976754662
387.775862,,0.0027683127330225417,387.816,0.765999972820282,-0.023166387449058426
388.241379,,0.001591210480807123,388.279,0.7870000004768372,0.0219488201274654
388.70689699999997,,0.001422586528675755,388.745,0.7739999890327454,-0.007243807941679597
389.172414,,0.0014912836922779426,389.21,0.7739999890327454,-0.008320865681801733
389.637931,,0.00020789327120174767,389.676,0.7850000262260437,0.014393721722701073
390.103448,,0.002303191003944516,390.136,0.7990000247955322,0.043510070902391756
390.56896600000005,,0.0036730339299736636,390.601,0.7870000004768372,0.015890902510881336
391.03448299999997,,0.001934268175911852,391.066,0.7620000243186951,-0.04009598902000035
391.5,,0.0018487091002447626,391.532,0.7889999747276306,0.0172079892372149
391.965517,,0.004485360974231831,391.995,0.7620000243186951,-0.04308623075338048
392.431034,,0.003963448613257253,392.465,0.7879999876022339,0.012182287176272951
392.896552,,0.001039288982446621,392.929,0.7889999747276306,0.013122641614546869
393.36206899999996,,0.0022564223098162197,393.391,0.8920000195503235,0.23646456762735513
393.827586,,0.004657190466165215,393.862,0.7919999957084656,0.01775492299424631
394.293103,,0.005858727263593462,394.324,0.9279999732971191,0.31344798927154727
394.75862099999995,,0.005396425670466851,394.79,0.7839999794960022,-0.0006199094248290646
395.224138,,0.0023801564390611993,395.254,0.7860000133514404,0.003663501959879213
395.68965499999996,,0.002917446540867285,395.72,0.7649999856948853,-0.04189459608986264
396.155172,,0.007590027298103479,396.18,0.800000011920929,0.0348130658900535
396.62069,,0.007804805401757466,396.645,0.7649999856948853,-0.04073753845812929
397.086207,,0.002996844325011061,397.11,0.7720000147819519,-0.024559876898260242
397.551724,,0.00257647637055201,397.576,0.7900000214576721,0.015778874247774397
398.017241,,0.003819615832772423,398.043,0.7900000214576721,0.01706386731225175
398.48275900000004,,8.929483547863087e-05,398.506,0.7739999890327454,-0.016387473377425025
398.94827599999996,,0.004462810974914095,398.976,0.7450000047683716,-0.07808378429197448
399.413793,,0.005557529962094446,399.439,0.7699999809265137,-0.022102640388794545
399.87931,,0.002837102017565936,399.906,0.796999990940094,0.038220414783457245
400.344828,,0.000506941774723193,400.369,0.781000018119812,0.004800988394626175
400.810345,,0.001083632955407548,400.834,0.7710000276565552,-0.015651898014131627
401.27586199999996,,0.0018017683406476217,401.297,0.7889999747276306,0.024750437391062457
401.741379,,0.005759616773735824,401.763,0.7680000066757202,-0.01999770077014202
402.206897,,0.007441253384088738,402.228,0.7900000214576721,0.02872173461642666
402.672414,,0.005349029417143307,402.694,0.7480000257492065,-0.06223136066522958
403.137931,,0.0009297475123893918,403.155,0.7889999747276306,0.02738706958108663
403.60344799999996,,0.0027407600521925954,403.62,0.7710000276565552,-0.011799356128648474
404.068966,,0.00318133733532147,404.088,0.7580000162124634,-0.04035835675597227
404.534483,,6.819678505663913e-05,404.554,0.7900000214576721,0.028863456316458452
405.0,,0.005244719642630641,405.017,0.7739999890327454,-0.006732296747406915
405.465517,,0.009148323647268624,405.48,0.7839999794960022,0.014097687593154717
405.931034,,0.008899823024883988,405.947,0.7860000133514404,0.01730918539111302
406.39655200000004,,0.004108094404994888,406.417,0.7689999938011169,-0.02102769376691315
406.862069,,0.0024810210386175557,406.88,0.7680000066757202,-0.024620408537484675
407.327586,,0.007177533723879422,407.342,0.8809999823570251,0.22008403446809963
407.793103,,0.008446517678144402,407.808,0.7889999747276306,0.018144953262859267
408.258621,,0.00748517270787695,408.273,0.781000018119812,-0.0007630987988896155
408.72413800000004,,0.005955565681600694,408.738,0.7739999890327454,-0.017424941340539436
409.18965499999996,,0.00413290208624833,409.203,0.8899999856948853,0.23399997182872379
409.655172,,0.0017936880834689432,409.669,0.7910000085830688,0.017170375017058297
410.12069,,6.012074957108767e-05,410.135,0.7910000085830688,0.016215409110010785
410.586207,,0.0007944983352497729,410.601,0.765999972820282,-0.038990736912746064
411.05172400000004,,0.003762929047889985,411.066,0.765999972820282,-0.03949396496658485
411.51724099999996,,0.005949478091229157,411.525,0.7609999775886536,-0.05063920887822222
411.982759,,0.005033393144384838,411.995,0.7720000147819519,-0.026667250362861536
412.448276,,0.002477965310934189,412.458,0.7879999876022339,0.008456789788093607
412.913793,,0.0014786429501484678,412.921,0.7710000276565552,-0.028063280962891478
413.37931,,0.002610430428910136,413.391,0.7699999809265137,-0.02949031338952126
413.844828,,0.0035304713190233167,413.858,0.9269999861717224,0.3135236195215537
414.31034500000004,,0.002783278681758269,414.32,0.765999972820282,-0.03608559144290989
414.775862,,0.0017440711307514117,414.786,0.7879999876022339,0.013147134699483823
415.241379,,0.00208631174113287,415.246,0.7990000247955322,0.03852162602494835
415.706897,,0.003034310094430645,415.712,0.7910000085830688,0.02256571755104285
416.172414,,0.002660239251612451,416.177,0.7699999809265137,-0.021694512615167777
416.63793100000004,,0.0010596998907117735,416.643,0.7820000052452087,0.005912287810975045
417.103448,,0.00021916334034821194,417.11,0.7710000276565552,-0.016663508659803348
417.568966,,0.0005351178970618382,417.575,0.7889999747276306,0.02382517459670819
418.034483,,0.00047568724639714176,418.037,0.6449999809265137,-0.28878463414884886
418.5,,0.004676478021497551,418.5,0.7739999890327454,-0.006817348611750951
418.96551700000003,,0.00977264803233534,418.969,0.824999988079071,0.10499628625007887
419.43103399999995,,0.011080923806176682,419.433,0.7839999794960022,0.01613763141553248
419.896552,,0.006801235971517429,419.895,0.777999997138977,0.0032806640171583862
420.362069,,0.0002841398913540675,420.365,0.7870000004768372,0.022845319101189032
420.827586,,0.0033070456902642657,420.831,0.7739999890327454,-0.005776701539090639
421.293103,,0.0018354795701056553,421.294,0.7850000262260437,0.017642086386381598
421.758621,,0.002465857225291656,421.76,0.7720000147819519,-0.011456623688491036
422.22413800000004,,0.005550123026983177,422.225,0.777999997138977,0.0006331712887868326
422.689655,,0.004992117738843032,422.69,0.7870000004768372,0.019083730072481226
423.15517200000005,,0.001603926805951684,423.155,0.7720000147819519,-0.014892566996048594
423.62069,,0.0016653213996261431,423.621,0.8519999980926514,0.15800452290224246
424.086207,,0.0025472863433434172,424.08,0.7839999794960022,0.008407621640822708
424.55172400000004,,0.0015134865837012693,424.546,0.7680000066757202,-0.027910266532821526
425.017241,,0.0010079988168605917,425.014,0.7620000243186951,-0.04240988029984111
425.482759,,0.002490604674811478,425.476,0.7889999747276306,0.015061183499283455
425.948276,,0.00455931714544442,425.947,0.7850000262260437,0.0051118352037875904
426.413793,,0.0046013260845122516,426.409,0.7620000243186951,-0.04607691999662034
426.87931000000003,,0.0020944973349851102,426.873,0.7870000004768372,0.007496855251651642
427.344828,,0.0007986646307003708,427.335,0.7720000147819519,-0.025860539665858103
427.810345,,0.0020852569477328342,427.801,0.7870000004768372,0.006376868014161911
428.275862,,0.0020403533787869558,428.266,0.7910000085830688,0.014898187733741755
428.741379,,0.001787113419061356,428.732,0.7739999890327454,-0.02207744838040173
429.20689699999997,,0.0011315660614220988,429.199,0.7649999856948853,-0.0413720329152113
429.672414,,0.0009071212109065308,429.664,0.7910000085830688,0.015827938889585943
430.137931,,0.004100703863614349,430.132,0.7900000214576721,0.014429671228963015
430.603448,,0.006789944612845685,430.59,0.7879999876022339,0.011054246124696486
431.068966,,0.007624974356928392,431.062,0.7850000262260437,0.0056714846854725755
431.534483,,0.006862967293069585,431.52,0.9549999833106995,0.37733353039532697
432.0,,0.005809928867674557,431.988,0.765999972820282,-0.03303782407448494
432.46551700000003,,0.005284396815753913,432.451,0.7910000085830688,0.022876977489382867
432.931034,,0.004917973100959229,432.921,0.7940000295639038,0.030869255589302952
433.396552,,0.00395949526537798,433.383,0.7860000133514404,0.014859564086838091
433.862069,,0.002354926844461234,433.849,0.7879999876022339,0.020555608646111823
434.327586,,0.0007274418571602944,434.313,0.7699999809265137,-0.01744367347181108
434.79310300000003,,0.0004277349163188795,434.778,0.7739999890327454,-0.00767298104499214
435.258621,,0.0011218379327025288,435.243,0.7910000085830688,0.030227590396414313
435.724138,,0.001533646626900563,435.709,0.7649999856948853,-0.025772579808065733
436.189655,,0.0017048447152390666,436.176,0.7879999876022339,0.024742587862924176
436.655172,,0.0017619983860532769,436.635,0.7699999809265137,-0.01431754276807809
437.12068999999997,,0.0021101656973209226,437.102,0.7649999856948853,-0.025310608812774225
437.586207,,0.0028789452369399247,437.568,0.7889999747276306,0.02662514930268096
438.051724,,0.003249402235348112,438.036,0.7829999923706055,0.012961511577815353
438.517241,,0.0021109630496010043,438.498,0.734000027179718,-0.0946059891642774
438.982759,,0.0002521097573647713,438.961,0.7900000214576721,0.02638724353354391
439.448276,,0.0018691354412105157,439.431,0.7850000262260437,0.014318255894582823
439.913793,,0.0011763646864331302,439.895,0.7699999809265137,-0.019664724596231198
440.37931000000003,,0.0011197792732565027,440.358,0.7870000004768372,0.015982020715452135
440.844828,,0.003072457654918743,440.823,0.7599999904632568,-0.04427604247542877
441.310345,,0.0039196819503984435,441.287,0.7889999747276306,0.017470372460364925
441.775862,,0.004416642218667567,441.753,0.7730000019073486,-0.018777531485097903
442.241379,,0.004901152074841716,442.218,0.7990000247955322,0.036565986600613054
442.70689699999997,,0.004260102811653106,442.683,0.7879999876022339,0.01142810253495309
443.172414,,0.0014838810779021269,443.15,0.7829999923706055,-0.00047301610577637706
443.637931,,0.002205922720809348,443.616,0.7699999809265137,-0.029608352581790353
444.103448,,0.0036670918368651717,444.077,0.7889999747276306,0.011192666895333428
444.568966,,0.0008989093743670263,444.542,0.7710000276565552,-0.02837855217292858
445.03448299999997,,0.004415625442319507,445.006,0.7680000066757202,-0.03502233399288976
445.5,,0.00835125523553337,445.476,0.7910000085830688,0.015229565501074682
445.965517,,0.008911765139919882,445.939,0.7960000038146973,0.02651257670921329
446.431034,,0.007585738254026664,446.402,0.7739999890327454,-0.02079341606606648
446.896552,,0.006223731511052569,446.866,0.7870000004768372,0.008367712343882188
447.36206899999996,,0.004117153933642549,447.335,0.7739999890327454,-0.018928238001663007
447.827586,,2.8765100090361333e-06,447.801,0.7820000052452087,-0.0003168224041329806
448.29310300000003,,0.004182083163460648,448.266,0.7400000095367432,-0.09051979375898468
448.758621,,0.004390492302348726,448.731,0.8109999895095825,0.06554214366088708
449.224138,,0.0001770162990967292,449.191,0.7760000228881836,-0.00929652782172338
449.689655,,0.005008318611511581,449.657,0.7730000019073486,-0.014426258911046074
450.155172,,0.004890992815025337,450.121,0.7699999809265137,-0.019608002270797585
450.62068999999997,,0.0004369362876779357,450.586,0.7870000004768372,0.01868968007664025
451.086207,,0.006195668782268407,451.059,0.7699999809265137,-0.017218997738368973
451.551724,,0.007576866534821741,451.517,0.7720000147819519,-0.011900371321504058
452.017241,,0.004166250517861081,451.98,0.7870000004768372,0.021544041285524083
452.482759,,0.00042630909320387315,452.45,0.7889999747276306,0.02644676184143932
452.94827599999996,,0.002628585234136195,452.913,0.765999972820282,-0.02335251242663268
453.413793,,0.0020055328627658865,453.376,0.7870000004768372,0.022463386861633527
453.87931,,0.0005393980553683514,453.842,0.765999972820282,-0.02347120830055519
454.344828,,1.9958668652169265e-05,454.305,0.7879999876022339,0.02403514946901517
454.810345,,0.0009447773365278497,454.771,0.765999972820282,-0.024546688009993666
455.27586199999996,,0.003132487115177353,455.236,0.7699999809265137,-0.016691006985141626
455.741379,,0.005949408096027717,455.701,0.7860000133514404,0.01712802406786452
456.206897,,0.00787510920483996,456.165,0.7889999747276306,0.022477123633317424
456.672414,,0.00717025333534225,456.631,0.765999972820282,-0.02892900748413827
457.137931,,0.0038165887910980175,457.098,0.734000027179718,-0.10001441473362316
457.603448,,0.00021969086849360484,457.565,0.7900000214576721,0.0205915049262292
458.06896600000005,,0.0009755771990776017,458.028,0.7680000066757202,-0.028722465837219092
458.53448299999997,,0.00024157251499290876,458.49,0.7979999780654907,0.035311705974769216
459.0,,0.0013559940472780677,458.958,0.7889999747276306,0.014478546824872492
459.465517,,0.0004835902361380037,459.421,0.765999972820282,-0.036718165405883366
459.931034,,0.001482886553623314,459.891,0.7739999890327454,-0.020206580667753344
460.39655200000004,,0.0025276476588578975,460.354,0.7870000004768372,0.00739665207352202
460.86206899999996,,0.002613911893080859,460.82,0.7739999890327454,-0.02142424789157751
461.327586,,0.003927978384379055,461.286,0.7900000214576721,0.013171751115779715
461.793103,,0.007754249724438129,461.751,0.777999997138977,-0.012990656945708827
462.258621,,0.01194739683335009,462.21,0.765999972820282,-0.03890932511215521
462.724138,,0.012504619818710878,462.676,0.7900000214576721,0.013839727319594363
463.18965499999996,,0.007943597731453454,463.14,0.7889999747276306,0.012344562065061408
463.655172,,0.001597175045405236,463.607,0.7649999856948853,-0.03905871787390744
464.12069,,0.0012996168742794739,464.074,0.7599999904632568,-0.048895676269299505
464.58620699999994,,0.0008981925151025856,464.539,0.7910000085830688,0.01983775787056806
465.051724,,0.0044306053894403825,465.003,0.7630000114440918,-0.039866804171385634
465.517241,,0.004584433587709902,465.466,0.7870000004768372,0.013780383746475463
465.98275900000004,,0.0012644729670629033,465.936,0.7910000085830688,0.023874929115663433
466.448276,,0.0012492679683951066,466.398,0.5839999914169312,-0.4257512819212106
466.913793,,0.00012905507567595724,466.866,0.7599999904632568,-0.04102668553858731
467.37931,,0.0036742416864418313,467.328,0.7699999809265137,-0.018066192630060634
467.844828,,0.005344665080220954,467.794,0.7870000004768372,0.02000477574012031
468.31034500000004,,0.0034710277183875944,468.261,0.7900000214576721,0.027403978698536068
468.77586199999996,,7.51232360486611e-05,468.72,0.7870000004768372,0.02153473478842105
469.241379,,0.0024610046406265454,469.192,0.7699999809265137,-0.015052544239399864
469.706897,,0.002409057682514578,469.65,0.7870000004768372,0.0222035647181369
470.172414,,0.0005520185246753253,470.118,0.7739999890327454,-0.006136926402849692
470.63793100000004,,0.0015016303461997458,470.583,0.7889999747276306,0.02628872258454553
471.10344799999996,,0.002258996594051953,471.047,0.7860000133514404,0.01927116473036756
471.568966,,0.001248033827254802,471.51,0.7649999856948853,-0.027174999600056017
472.034483,,0.0007257240133027229,471.98,0.9110000133514404,0.2900240604441545
472.5,,0.0023806218409095003,472.443,0.7910000085830688,0.02754312836437373
472.965517,,0.003183447763749778,472.906,0.765999972820282,-0.028095665342139364
473.43103399999995,,0.003640765465424198,473.376,0.7900000214576721,0.0229231638962465
473.89655200000004,,0.004239274080804567,473.841,0.7559999823570251,-0.05247768978154919
474.362069,,0.004463070037636125,474.305,0.7770000100135803,-0.008070458203826165
474.827586,,0.00347242529142835,474.771,0.7760000228881836,-0.011570137804649301
475.293103,,0.0016568205341108801,475.236,0.7739999890327454,-0.017184519232629532
475.758621,,0.0007274524040033553,475.702,0.7720000147819519,-0.022696487101683004
476.22413800000004,,0.001916081543462677,476.162,0.7889999747276306,0.013323466265685743
476.689655,,0.004380331948761031,476.627,0.7649999856948853,-0.03981218086892784
477.155172,,0.005621109769487927,477.091,0.8759999871253967,0.2013660593142619
477.62069,,0.003596572760313298,477.557,0.7749999761581421,-0.019111479533510008
478.086207,,0.0012709646522061917,478.025,0.7820000052452087,-0.004065434375375934
478.55172400000004,,0.005995965271857424,478.487,0.7649999856948853,-0.04107363241438252
479.01724099999996,,0.007173975897565257,478.95,0.796999990940094,0.02890446684543261
479.482759,,0.003829963965262855,479.421,0.7710000276565552,-0.02725438215491901
479.948276,,0.0012514666150923045,479.884,0.7429999709129333,-0.08756201655363599
480.413793,,0.003170640113472884,480.346,0.7720000147819519,-0.02350004914475384
480.87931000000003,,0.0008784402204279092,480.812,0.7889999747276306,0.01457823532219427
481.344828,,0.008033458422524075,481.276,0.7889999747276306,0.015749235165535995
481.810345,,0.01123255210244723,481.742,0.7699999809265137,-0.024380199836191146
482.275862,,0.006047950692118169,482.207,0.7680000066757202,-0.027418003207603094
482.74137900000005,,0.003771654369307775,482.673,0.7870000004768372,0.01531001867344379
483.206897,,0.009243506596953754,483.139,0.7990000247955322,0.04276210335256131
483.672414,,0.005475132110629619,483.605,0.7870000004768372,0.017861786799511382
484.13793100000004,,0.003064699912240267,484.071,0.7860000133514404,0.01682386265407641
484.603448,,0.007550118214303094,484.537,0.7870000004768372,0.020005359145124118
485.068966,,0.004280019558003145,484.999,0.765999972820282,-0.024912206174467676
485.534483,,0.0020098977580382356,485.461,0.8489999771118164,0.15655645345004815
486.0,,0.004078276248453447,485.929,0.7820000052452087,0.011016340612106924
486.46551700000003,,0.00012018422610487153,486.391,0.7879999876022339,0.024292096792232827
486.931034,,0.005004763519567348,486.862,0.7870000004768372,0.02208459061796743
487.396552,,0.00585775163545609,487.324,0.7720000147819519,-0.01085621294409829
487.862069,,0.002269772169028273,487.79,0.7879999876022339,0.02351639152031813
488.327586,,0.0015904549888910485,488.255,0.7960000038146973,0.04025046310037423
488.79310300000003,,0.0028624147279876504,488.721,0.7680000066757202,-0.021635106622058982
489.258621,,0.002829314301109539,489.18,0.7699999809265137,-0.01832349394491123
489.724138,,0.0038812093393890135,489.645,0.7599999904632568,-0.04128661447837133
490.189655,,0.005581377361800067,490.11,0.7710000276565552,-0.018593291229096146
490.655172,,0.005443324985556104,490.575,0.8140000104904175,0.07376132959891343
491.12069,,0.0029669614065930515,491.043,0.7739999890327454,-0.014725660000298681
491.586207,,0.0010042468029885414,491.506,0.7879999876022339,0.014461304734735867
492.05172400000004,,0.0024388170401510546,491.976,0.7870000004768372,0.011035353466319744
492.517241,,0.00650093471615748,492.439,0.7730000019073486,-0.02060815236798846
492.982759,,0.009378013434323623,492.903,0.7559999823570251,-0.05864863146596037
493.448276,,0.008241959065215932,493.365,0.7879999876022339,0.010234239672090846
493.913793,,0.0038331769967036643,493.831,0.7739999890327454,-0.020905031224922075
494.37931000000003,,0.0009283820446836671,494.302,0.7839999794960022,0.0004589262843010805
494.844828,,0.00393798357121326,494.76,0.824999988079071,0.08959069864489161
495.310345,,0.00513364241735968,495.232,0.8569999933242798,0.15935264763353912
495.775862,,0.005560373515848028,495.69,0.8130000233650208,0.06377517096444721
496.241379,,0.005992591113545098,496.162,0.7870000004768372,0.00764089641276756
496.70689699999997,,0.006352740838743995,496.621,0.7739999890327454,-0.01996105611287747
497.172414,,0.006061002399738995,497.088,0.7860000133514404,0.007090239275412322
497.637931,,0.004815893451550883,497.553,0.765999972820282,-0.03541648593235678
498.103448,,0.0030314022093833656,498.021,0.8370000123977661,0.12046102977421386
498.568966,,0.0014604968734468766,498.484,0.7820000052452087,0.0019202784694405872
499.03448299999997,,0.00033435931765392123,498.947,0.8029999732971191,0.04900868270642335
499.5,,0.0010154421135211685,499.416,0.7739999890327454,-0.012825232196671173
499.96551700000003,,0.0033601015950073415,499.88,0.7879999876022339,0.018990993961935813
500.431034,,0.006316418799301893,500.343,0.7879999876022339,0.020234018882915615
500.89655200000004,,0.008337081868185438,500.809,0.7870000004768372,0.019188421717917778
501.362069,,0.008313714449436752,501.276,0.7870000004768372,0.020176662131047667
501.827586,,0.006942286818686251,501.742,0.7689999938011169,-0.01822623211231287
502.293103,,0.00623262458566184,502.2,0.7710000276565552,-0.013257018109529973
502.758621,,0.007771574480967158,502.665,0.7910000085830688,0.030708216329871686
503.224138,,0.011376227317998557,503.133,0.765999972820282,-0.02359696901161906
503.68965499999996,,0.015085388998961826,503.598,0.7129999995231628,-0.13914173942149005
504.15517200000005,,0.016477993273065348,504.065,0.7860000133514404,0.01958716080704187
504.62068999999997,,0.014367365159789052,504.531,0.7599999904632568,-0.03759530134009496
505.08620699999994,,0.009480836276247679,504.992,0.6579999923706055,-0.2605647776414525
505.55172400000004,,0.003739633857836511,505.461,0.7889999747276306,0.023902708115880893
506.017241,,0.0009124408331857289,505.925,0.7680000066757202,-0.02294085490841735
506.48275899999993,,0.0033302352868272737,506.387,0.777999997138977,-0.002366975160707942
506.948276,,0.0036973913732379414,506.853,0.7689999938011169,-0.023270505518726767
507.413793,,0.0036581347627585178,507.319,0.7889999747276306,0.018964083690396264
507.87931,,0.005386156625535758,507.784,0.7609999775886536,-0.04337763054126527
508.344828,,0.009715128196747068,508.251,0.7860000133514404,0.009789129333471668
508.810345,,0.014997981710219344,508.71,0.7699999809265137,-0.02628869681733758
509.27586199999996,,0.01827316840543894,509.176,0.7889999747276306,0.01400418847188795
509.74137900000005,,0.018003546529516846,509.642,0.7630000114440918,-0.04359038385740746
510.20689699999997,,0.015576147845527697,510.107,0.7710000276565552,-0.02693066998384803
510.67241399999995,,0.01370406301502732,510.573,0.7879999876022339,0.009540600713476961
511.13793100000004,,0.013278196557051558,511.035,0.7730000019073486,-0.023483328187078892
511.603448,,0.01224615566674426,511.505,0.7870000004768372,0.006905251484644976
512.0689659999999,,0.008144160301440561,511.969,0.7860000133514404,0.004849116949171558
512.534483,,0.0016676404035643583,512.432,0.765999972820282,-0.03837085023597573
513.0,,0.003213575286923746,512.895,0.7870000004768372,0.00795284505160259
513.465517,,0.0034160587877776734,513.365,0.7850000262260437,0.00436878087435218
513.931034,,0.00022540656575419625,513.83,0.7570000290870667,-0.05568352357983509
514.396552,,0.002602742942494184,514.293,0.777999997138977,-0.008835791001672762
514.862069,,0.0035076934003630328,514.759,0.7870000004768372,0.011980809052522728
515.327586,,0.0038726048970811194,515.224,0.7680000066757202,-0.028129368255766146
515.793103,,0.004238259733624564,515.69,0.7929999828338623,0.02765644775520812
516.258621,,0.0026103874288796363,516.155,0.8019999861717224,0.048579314461059404
516.724138,,0.0019028326718476295,516.62,0.7649999856948853,-0.030760872367582973
517.189655,,0.005952671308124758,517.08,0.7850000262260437,0.013996782954496993
517.655172,,0.005127313196857561,517.546,0.7689999938011169,-0.01979912457221313
518.1206900000001,,0.00034883678798258927,518.014,0.7680000066757202,-0.02107016410029968
518.5862070000001,,0.005410626895078949,518.476,0.796999990940094,0.04283561097371562
519.051724,,0.00581567429430509,518.946,0.7850000262260437,0.017212980930075682
519.517241,,0.002279985687701926,519.409,0.7229999899864197,-0.11756303978630094
519.982759,,0.0013719365989513395,519.873,0.7910000085830688,0.030654474250477314
520.448276,,0.002554937459524775,520.336,0.7739999890327454,-0.006544936415507045
520.9137929999999,,0.0016321824860600458,520.801,0.7860000133514404,0.01921123143692816
521.37931,,0.0005723777950906042,521.269,0.777999997138977,0.001181369566496675
521.844828,,0.0011157314301175037,521.734,0.765999972820282,-0.025757396832946172
522.310345,,0.0036756135100042076,522.199,0.7699999809265137,-0.018007572978101308
522.7758620000001,,0.006902294898525067,522.665,0.7870000004768372,0.017925262969628302
523.241379,,0.008378432447047503,523.125,0.75,-0.06389399287930317
523.7068969999999,,0.006631115878488799,523.591,0.7710000276565552,-0.0194195493159355
524.172414,,0.002805061529124237,524.055,0.7860000133514404,0.011954974103974838
524.637931,,0.00017495056379443014,524.521,0.7630000114440918,-0.03944603362960525
525.103448,,0.0005814182721428095,524.991,0.8529999852180481,0.15539453030683212
525.568966,,0.0003720212569465807,525.454,0.7910000085830688,0.019174814577781023
526.034483,,0.0004395023169802338,525.917,0.765999972820282,-0.036306620823903187
526.5,,0.00040526448681645473,526.38,0.7739999890327454,-0.01973496671000666
526.9655170000001,,0.00010168547263901103,526.846,0.7879999876022339,0.010092371007191124
527.4310340000001,,0.003021920616752468,527.317,0.7820000052452087,-0.0034483916353809786
527.8965519999999,,0.005945195406932914,527.775,0.765999972820282,-0.038557096605745855
528.362069,,0.005403439033157353,528.24,0.7990000247955322,0.033314052555933005
528.827586,,0.0010497604563313942,528.705,0.7839999794960022,0.0008366367245882366
529.293103,,0.0038207325023364167,529.172,0.7910000085830688,0.01650993625746138
529.7586210000001,,0.0058519281985682575,529.638,0.746999979019165,-0.07872211491485766
530.224138,,0.004550436706955618,530.106,0.7739999890327454,-0.019084977581401562
530.689655,,0.0016119160262928144,530.572,0.7990000247955322,0.03635505811644013
531.155172,,0.001178053971395265,531.032,0.7739999890327454,-0.017006815834234475
531.62069,,0.0027771803541310246,531.495,0.7850000262260437,0.008158891227129414
532.086207,,0.002983297770249235,531.965,0.7870000004768372,0.013775341818069137
532.5517239999999,,0.0028403747310405793,532.428,0.7699999809265137,-0.021982900581322476
533.017241,,0.004184899883318429,532.891,0.7839999794960022,0.00977672073118789
533.482759,,0.007484834240962683,533.361,0.7879999876022339,0.019690959413409252
533.9482760000001,,0.01024278384853856,533.82,0.7870000004768372,0.01861644438598714
534.413793,,0.008882727703986836,534.286,0.6200000047683716,-0.34424644894848566
534.87931,,0.0029980781670763267,534.752,0.7919999957084656,0.031287343180156225
535.344828,,0.0031183167272876506,535.217,0.7839999794960022,0.014477615258313002
535.810345,,0.004469274689981071,535.682,0.7649999856948853,-0.026499826528927226
536.275862,,0.0007144542092129975,536.147,0.7919999957084656,0.032525374897948586
536.7413789999999,,0.0036087978661410846,536.613,0.7990000247955322,0.047757590672009645
537.206897,,0.004135897688224158,537.076,0.777999997138977,0.0017690037216461893
537.672414,,0.0007373330509825967,537.543,0.7649999856948853,-0.027001892864383165
538.137931,,0.003348604607545926,538.006,0.7850000262260437,0.01592504613517559
538.6034480000001,,0.00490391738341848,538.476,0.7870000004768372,0.01945938913215469
539.0689659999999,,0.002979660861425947,538.939,0.7739999890327454,-0.009836758036482806
539.5344829999999,,0.0007896833370339203,539.402,0.7879999876022339,0.01957001637630256
540.0,,0.003513930419606419,539.865,0.7889999747276306,0.02056796326682681
540.465517,,0.0036019934287799303,540.335,0.7739999890327454,-0.013342235565756064
540.931034,,0.002287804422486506,540.801,0.7860000133514404,0.011558937466143754
541.396552,,0.0018816211670810582,541.266,0.6439999938011169,-0.2990283936565312
541.862069,,0.002691426769956797,541.732,0.765999972820282,-0.034394063474148584
542.327586,,0.002861018558887792,542.191,0.7879999876022339,0.012471761675160169
542.7931030000001,,0.0013073354312143485,542.657,0.7609999775886536,-0.04728455138047124
543.258621,,0.0005320691967725212,543.123,0.7889999747276306,0.012945174050820052
543.7241379999999,,0.0004909908279438122,543.589,0.7699999809265137,-0.029037443338523258
544.189655,,0.0016552545298034699,544.05,0.7870000004768372,0.007613527981997653
544.655172,,0.003975938879221333,544.52,0.7639999985694885,-0.04266787169229075
545.12069,,0.004345846853988141,544.98,0.7870000004768372,0.007487105697617561
545.5862070000001,,0.0021798170767105903,545.451,0.7889999747276306,0.012107556671850494
546.051724,,0.0012962996844129765,545.913,0.7639999985694885,-0.041886744545034126
546.517241,,0.004046210273127894,546.376,0.7850000262260437,0.004529996992344142
546.982759,,0.004802764738835808,546.841,0.7870000004768372,0.009724860096887757
547.448276,,0.004014480331849063,547.312,0.7889999747276306,0.015066532839270579
547.9137929999999,,0.003215402579383019,547.77,0.7870000004768372,0.011809812652084792
548.3793099999999,,0.003553510920195865,548.235,0.7179999947547913,-0.13733606714953253
548.844828,,0.0050959660985777765,548.701,0.7889999747276306,0.018571260929937296
549.310345,,0.0072287257618725426,549.166,0.7870000004768372,0.015442995386598846
549.775862,,0.009158893265415038,549.632,0.765999972820282,-0.02911122871274104
550.241379,,0.010132600868749262,550.099,0.5820000171661377,-0.4288579156839848
550.706897,,0.009806115873935619,550.565,0.777999997138977,-0.0008290281707856401
551.172414,,0.008468184348085718,551.025,0.765999972820282,-0.02609741892269282
551.637931,,0.006486812890501292,551.495,0.7950000166893005,0.0377980247008959
552.103448,,0.003876030461180778,551.958,0.7889999747276306,0.025258919834826372
552.568966,,0.0010258362555089415,552.421,0.7319999933242798,-0.09858940043831464
553.034483,,0.0008694130854060111,552.891,0.6179999709129333,-0.34683315246923124
553.5,,0.001312461202079659,553.354,0.8500000238418579,0.1585194993263642
553.965517,,0.0017967299622310006,553.819,0.7839999794960022,0.014427090418939179
554.4310340000001,,0.003972616969542474,554.286,0.8569999933242798,0.17297296115462424
554.896552,,0.00679142737842909,554.751,0.7879999876022339,0.02197257376757124
555.3620689999999,,0.0073101874489617195,555.213,0.6790000200271606,-0.21633382185326352
555.827586,,0.004690839033178518,555.679,0.7459999918937683,-0.07133634123470682
556.293103,,0.0017988722811850034,556.143,0.8230000138282776,0.09534161404606448
556.758621,,0.0018769787380101917,556.609,0.7620000243186951,-0.03870375692852569
557.224138,,0.004562649543146644,557.074,0.7870000004768372,0.014579979065760664
557.689655,,0.006388429614381354,557.539,0.7739999890327454,-0.014923682455803297
558.155172,,0.004989634795066285,558.002,0.7990000247955322,0.03839930164353657
558.6206900000001,,0.0016614009890925428,558.465,0.7730000019073486,-0.01931600148685445
559.0862070000001,,0.0005687359705049153,558.933,0.7889999747276306,0.014577197320664679
559.5517239999999,,0.00044466078942072577,559.396,0.7160000205039978,-0.1452960869356357
560.017241,,0.0006339361721487471,559.866,0.7919999957084656,0.019606337605429045
560.482759,,0.0006586879662729403,560.328,0.7490000128746033,-0.07457245656394233
560.948276,,0.0008172622020764667,560.794,0.7950000166893005,0.025341791805703156
561.413793,,0.0024242642356250995,561.259,0.7889999747276306,0.012168984797194629
561.87931,,0.002400630025644216,561.724,0.765999972820282,-0.037835302009911295
562.344828,,0.00020453253409498487,562.191,0.7860000133514404,0.006043432594056565
562.8103450000001,,0.0030565672453293263,562.65,0.7649999856948853,-0.03921167152268652
563.275862,,0.005581532021343963,563.122,0.7889999747276306,0.01374761747173826
563.7413789999999,,0.006216166997723971,563.58,0.7870000004768372,0.010216573222509361
564.206897,,0.005071509531989339,564.051,0.7860000133514404,0.00899315133957759
564.672414,,0.003023525723255262,564.513,0.7870000004768372,0.012226201402411804
565.137931,,0.0005958231601340686,564.976,0.7889999747276306,0.017704473451902052
565.603448,,0.0024356606810445377,565.446,0.765999972820282,-0.03125181342943765
566.068966,,0.005930544660213109,565.91,0.7710000276565552,-0.019210420575481797
566.534483,,0.00829365476434813,566.372,0.7680000066757202,-0.024638555828373647
567.0,,0.007600569651610732,566.838,0.7910000085830688,0.02650459853139216
567.465517,,0.004044807812696847,567.3,0.765999972820282,-0.027032302427027453
567.931034,,0.00033326879519176433,567.766,0.7879999876022339,0.021694327384210902
568.396552,,0.000844717149283253,568.232,0.765999972820282,-0.025596839345459987
568.862069,,0.0008762517142102466,568.697,0.7870000004768372,0.020617703906452726
569.327586,,0.004064118378341139,569.162,0.7870000004768372,0.02089098334415078
569.793103,,0.007378833140892801,569.628,0.7720000147819519,-0.011712694366902816
570.2586210000001,,0.010036713158921727,570.095,0.7699999809265137,-0.01619361083785657
570.724138,,0.011007198679183768,570.561,0.7910000085830688,0.02923941025163211
571.189655,,0.009201733062225725,571.025,0.7639999985694885,-0.030087313979240745
571.655172,,0.004982499122667047,571.487,0.7950000166893005,0.03677915548085818
572.12069,,0.0007223186340174962,571.954,0.7889999747276306,0.022888624085457932
572.586207,,0.0009504076151432478,572.417,0.7860000133514404,0.015413224388986464
573.051724,,0.0005134394706075775,572.88,0.7919999957084656,0.02745360858845044
573.517241,,0.003251872348745367,573.35,0.8510000109672546,0.1549036827657117
573.982759,,0.004784014969984723,573.816,0.7900000214576721,0.020891747965497677
574.4482760000001,,0.0038439793051901552,574.279,0.7820000052452087,0.0023568247662423335
574.913793,,0.0008585966452695625,574.745,0.7889999747276306,0.01654262573064966
575.37931,,0.002686873977440812,575.209,0.7450000047683716,-0.08030993836278968
575.844828,,0.005429887804733345,575.675,0.8090000152587891,0.05823388428017878
576.310345,,0.007184190082168852,576.14,0.7839999794960022,0.003008071394565119
576.775862,,0.008764458037646233,576.606,0.7620000243186951,-0.045528738521776385
577.241379,,0.010617933863842573,577.066,0.7860000133514404,0.006322289816392445
577.706897,,0.012054063726077152,577.532,0.7639999985694885,-0.041861543580279735
578.172414,,0.012062230752303416,577.995,0.7820000052452087,-0.0027091376582650383
578.6379310000001,,0.010589461030035049,578.465,0.800000011920929,0.03663553994345868
579.1034480000001,,0.008992156716461164,578.925,0.7699999809265137,-0.028406719613906006
579.5689659999999,,0.009285501500092514,579.395,0.7860000133514404,0.006946695588994
580.034483,,0.01230615993259596,579.865,0.7870000004768372,0.009782461719148395
580.5,,0.01621114240286825,580.32,0.7879999876022339,0.012760327037389548
580.965517,,0.017587572401722568,580.786,0.8500000238418579,0.14875448020837553
581.431034,,0.014700722490614155,581.254,0.7699999809265137,-0.02452864832076025
581.896552,,0.009038739136319501,581.719,0.7850000262260437,0.00921851629136374
582.362069,,0.003286539225346336,582.184,0.7860000133514404,0.012489138270693709
582.827586,,0.0012036106636492616,582.65,0.765999972820282,-0.03000081249556437
583.2931030000001,,0.004402630737402087,583.114,0.7739999890327454,-0.011531043141703766
583.758621,,0.006546967317903758,583.58,0.7850000262260437,0.01340055992236083
584.2241379999999,,0.008385221991641698,584.043,0.7699999809265137,-0.01841611027015712
584.689655,,0.011447635205903002,584.505,0.7850000262260437,0.01499751969651425
585.155172,,0.016591405256339745,584.976,0.7860000133514404,0.0177588097975069
585.6206900000001,,0.022683258386102096,585.439,0.7720000147819519,-0.012328041340131933
586.0862070000001,,0.02758361458505518,585.906,0.7570000290870667,-0.044774901614175376
586.551724,,0.029869524726773438,586.369,0.7889999747276306,0.024986419225149145
587.017241,,0.02908665519795115,586.835,0.753000020980835,-0.05358890490590139
587.482759,,0.02546341940394536,587.297,0.7860000133514404,0.01797861697226573
587.948276,,0.02044625568321012,587.763,0.7910000085830688,0.028371421028916807
588.4137929999999,,0.01661116890490995,588.228,0.7710000276565552,-0.01585819460607568
588.87931,,0.015541356037845693,588.694,0.7919999957084656,0.029100782485000608
589.344828,,0.015747490637343375,589.158,0.7990000247955322,0.04344809827305456
589.810345,,0.013770651147836203,589.623,0.7910000085830688,0.025033326866024542
590.2758620000001,,0.00804181180811395,590.088,0.7699999809265137,-0.02175637953349176
590.741379,,0.0012718745372975711,590.554,0.8289999961853027,0.10572547252399975
591.2068969999999,,0.0019504990471743663,591.022,0.6169999837875366,-0.3571969649088487
591.672414,,0.0001935661047669173,591.484,0.7919999957084656,0.02305605867878992
592.137931,,0.0031057371532587624,591.947,0.7739999890327454,-0.017098997575438424
592.603448,,0.003515921716771286,592.417,0.7580000162124634,-0.05279443881372999
593.068966,,0.0002238491997336706,592.88,0.7870000004768372,0.009676576930838114
593.534483,,0.004090607912373323,593.342,0.7699999809265137,-0.027920949898716886
594.0,,0.007020003160655219,593.808,0.8029999732971191,0.043580759056680296
594.4655170000001,,0.008637177125630568,594.272,0.7910000085830688,0.01722250368364462
594.9310340000001,,0.01023215977535555,594.739,0.7639999985694885,-0.04163061209322561
595.3965519999999,,0.012284528502033931,595.203,0.7689999938011169,-0.030582667084403735
595.862069,,0.014224036749413409,595.669,0.7889999747276306,0.013324099654325934
596.327586,,0.015585184629015389,596.135,0.7680000066757202,-0.03192477338031642
596.793103,,0.01691115680795106,596.601,0.7870000004768372,0.01012519351165395
597.2586210000001,,0.019509916114535536,597.066,0.7870000004768372,0.010913588919491995
597.724138,,0.02419685433134858,597.531,0.7540000081062317,-0.060085494005851385
598.189655,,0.0301470430772702,597.995,0.7879999876022339,0.014964374761042855
598.655172,,0.03536106664182756,598.458,0.7710000276565552,-0.021047065882699948
599.12069,,0.03873489195026757,598.925,0.8040000200271606,0.051892507659507627
599.586207,,0.041448644609295766,599.388,0.7720000147819519,-0.016793281934351614
600.0517239999999,,0.045640485918553554,599.855,0.765999972820282,-0.028879813453081077
600.517241,,0.05159633382985239,600.319,0.7950000166893005,0.03521053067137002
600.982759,,0.056920916449414126,600.785,0.7760000228881836,-0.005377589115540509
601.448276,,0.05890657258882797,601.25,0.7990000247955322,0.04541001828838587
601.913793,,0.05711169425964641,601.716,0.7839999794960022,0.013260927225096076
602.37931,,0.052835246581752406,602.18,0.7910000085830688,0.028878308887608894
602.844828,,0.046406447117069635,602.646,0.7870000004768372,0.02035540763698188
603.310345,,0.036089760835408324,603.106,0.7870000004768372,0.020366435767855372
603.775862,,0.020173264156162236,603.572,0.7699999809265137,-0.016840746090268532
604.2413789999999,,0.0002145280578708282,604.04,0.6489999890327454,-0.28080589227231284
604.706897,,0.020942603912680494,604.502,0.7910000085830688,0.02804413577459509
605.172414,,0.03783940589892974,604.965,0.7889999747276306,0.023018394336708527
605.637931,,0.04966495166524423,605.435,0.7689999938011169,-0.021349798801137083
606.1034480000001,,0.057846469569489876,605.899,0.7490000128746033,-0.06582109835064946
606.5689659999999,,0.0636865224593024,606.362,0.7889999747276306,0.02035102078941512
607.0344829999999,,0.06682267527389785,606.828,0.7710000276565552,-0.019882591656289604
607.5,,0.06655043697646068,607.291,0.7900000214576721,0.02048148943590576
607.965517,,0.06357905287127794,607.756,0.7879999876022339,0.015113941938782498
608.431034,,0.059777195287536035,608.221,0.7680000066757202,-0.02941800007862787
608.896552,,0.05650328589722889,608.687,0.7910000085830688,0.019812281361166622
609.362069,,0.05341041225010827,609.155,0.7739999890327454,-0.01799598924890979
609.827586,,0.048755764496160155,609.621,0.765999972820282,-0.036065751448202156
610.293103,,0.041212162371934,610.081,0.7870000004768372,0.009195290882050285
610.758621,,0.03185993618339363,610.546,0.7630000114440918,-0.043418081737856655
611.2241379999999,,0.024061118963195564,611.01,0.7879999876022339,0.010896719358250153
611.689655,,0.020593012883153294,611.479,0.7919999957084656,0.019639174826710046
612.155172,,0.020764082967646234,611.94,0.7689999938011169,-0.030263858461669606
612.62069,,0.020831989589736734,612.409,0.7870000004768372,0.009328497496906509
613.0862070000001,,0.017459611470106308,612.873,0.7910000085830688,0.018578706760034022
613.551724,,0.010433248267146178,613.335,0.7699999809265137,-0.02649538536945919
614.017241,,0.001983866066607801,613.801,0.746999979019165,-0.07580723659226433
614.4827590000001,,0.005698656938260027,614.266,0.7889999747276306,0.01658711953202681
614.948276,,0.011565352392816405,614.732,0.7760000228881836,-0.010777022592778844
615.4137929999999,,0.01505282675269961,615.199,0.7870000004768372,0.014184056381678353
615.8793099999999,,0.015799474937369273,615.664,0.7670000195503235,-0.028386217508494845
616.344828,,0.01442513266724045,616.128,0.7699999809265137,-0.02087252003129381
616.810345,,0.01278517003556864,616.594,0.7870000004768372,0.017087440566522734
617.275862,,0.01285336298317627,617.061,0.7889999747276306,0.022284951461002313
617.741379,,0.01530518823250076,617.52,0.7940000295639038,0.03391068580385741
618.206897,,0.01888712688624484,617.988,0.7860000133514404,0.017083602219612044
618.672414,,0.0209894546113218,618.45,0.734000027179718,-0.0957537237163446
619.137931,,0.01965411609450087,618.921,0.7720000147819519,-0.012677455925768258
619.603448,,0.015738632916479783,619.384,0.7950000166893005,0.03754672120895136
620.068966,,0.012422804983977274,619.849,0.7149999737739563,-0.13680548219790353
620.534483,,0.011889555898830327,620.313,0.7879999876022339,0.02200151748409176
621.0,,0.013276425136365823,620.779,0.7739999890327454,-0.008899488307252186
621.465517,,0.01451712595184513,621.244,0.7900000214576721,0.02540760502131464
621.9310340000001,,0.015005247922095653,621.71,0.765999972820282,-0.02756545588826374
622.396552,,0.015321358947354978,622.177,0.7820000052452087,0.00649495883895244
622.862069,,0.01539847145328811,622.636,0.765999972820282,-0.02924930376827141
623.327586,,0.014605786859769897,623.102,0.7919999957084656,0.02644995394429577
623.793103,,0.013396312781019448,623.568,0.7710000276565552,-0.020277395521201332
624.258621,,0.013407491817969103,624.036,0.7680000066757202,-0.027789330000462326
624.724138,,0.015374820366904098,624.498,0.7889999747276306,0.017016253000555016
625.189655,,0.017538377542247095,624.961,0.7770000100135803,-0.010013763597603824
625.655172,,0.01681832436873445,625.432,0.7649999856948853,-0.03695723909828087
626.1206900000001,,0.011884714312461483,625.895,0.7860000133514404,0.0081057216263501
626.5862070000001,,0.004932829076580363,626.357,0.7710000276565552,-0.0251305327505116
627.0517239999999,,2.6461204542142097e-05,626.823,0.7990000247955322,0.03546448683884167
627.5172409999999,,0.000828855096853073,627.287,0.8019999861717224,0.04175557862873469
627.982759,,0.0011275474682447477,627.753,0.7760000228881836,-0.01496439647884978
628.448276,,0.0027532024923438586,628.217,0.7870000004768372,0.009096164416333086
628.913793,,0.0022294375188157377,628.683,0.7699999809265137,-0.02767874635966038
629.37931,,2.56581484022612e-05,629.148,0.7910000085830688,0.01849307599217402
629.844828,,0.002088183804146961,629.613,0.7429999709129333,-0.08551807908885421
630.3103450000001,,0.002463888326236751,630.08,0.7870000004768372,0.011032057328419751
630.7758620000001,,0.0006833635257483259,630.546,0.7639999985694885,-0.038283405282844324
631.2413789999999,,0.0020550737759280043,631.006,0.7879999876022339,0.014877113301180606
631.706897,,0.003818500908783523,631.476,0.7950000166893005,0.03105349997600815
632.172414,,0.003520319497427998,631.939,0.765999972820282,-0.031177484496852762
632.637931,,0.001779831231527319,632.402,0.7860000133514404,0.013339610931158232
633.103448,,0.00042696265804992913,632.865,0.6190000176429749,-0.3495888271207645
633.568966,,0.0009258983294284499,633.335,0.7609999775886536,-0.039383864495222215
634.034483,,0.002735056035707728,633.801,0.7910000085830688,0.026720709687081373
634.5,,0.0035216304887233717,634.266,0.7860000133514404,0.01646191189154578
634.9655170000001,,0.0017376885671973332,634.732,0.7710000276565552,-0.0157128255276375
635.431034,,0.0014633195377783213,635.191,0.8029999732971191,0.05436433394953932
635.8965519999999,,0.0038093211669665713,635.657,0.7739999890327454,-0.00861052539697389
636.362069,,0.004782842981775539,636.122,0.7710000276565552,-0.015101286068012018
636.827586,,0.005499214308033589,636.587,0.7889999747276306,0.023997457577518557
637.293103,,0.006059467115919657,637.05,0.7960000038146973,0.03897423749162147
637.7586210000001,,0.004914494193922009,637.521,0.7580000162124634,-0.04423639033091695
638.224138,,0.0015336440757316404,637.984,0.7879999876022339,0.02056560339320997
638.689655,,0.0017031765932159538,638.446,0.7680000066757202,-0.023682609651539566
639.155172,,0.001574787671222251,638.91,0.7910000085830688,0.025654553617766224
639.62069,,0.002407437843081765,639.38,0.7879999876022339,0.01827469332494049
640.086207,,0.007448971654217183,639.846,0.7760000228881836,-0.008758798929166534
640.551724,,0.010462986748655508,640.309,0.7889999747276306,0.01865497078263896
641.017241,,0.01082954991141766,640.775,0.7739999890327454,-0.014924252226306646
641.482759,,0.009997993152315999,641.239,0.765999972820282,-0.033216939116045854
641.9482760000001,,0.009330502861518094,641.705,0.7900000214576721,0.018269501411911745
642.413793,,0.009280050709818128,642.17,0.7889999747276306,0.01537674173964425
642.87931,,0.010062179224065987,642.636,0.7689999938011169,-0.028801396191844898
643.344828,,0.011589131588473979,643.095,0.7870000004768372,0.009935619236258447
643.810345,,0.012531633946626835,643.561,0.765999972820282,-0.036154149393754706
644.275862,,0.01086218678009142,644.029,0.7680000066757202,-0.03198479932923047
644.7413789999999,,0.006246458198185792,644.491,0.7919999957084656,0.020270166132578732
645.206897,,0.0012415115694221828,644.961,0.8109999895095825,0.061789102015068875
645.672414,,0.0008834212766415922,645.424,0.7839999794960022,0.0032436781335170055
646.1379310000001,,0.0003901528022352181,645.892,0.7620000243186951,-0.04426500057170963
646.6034480000001,,0.0022331251220015554,646.354,0.7820000052452087,-0.00014155943479464243
647.0689659999999,,0.001815038164190492,646.82,0.7789999842643738,-0.006015102514216805
647.534483,,0.0003279153251745325,647.286,0.7720000147819519,-0.02051171956918084
648.0,,0.0012487281431104685,647.751,0.7889999747276306,0.017347112385849545
648.465517,,0.0005101330433457482,648.217,0.8050000071525574,0.05307089318669706
648.931034,,0.0035313646824368453,648.675,0.765999972820282,-0.03101419437573611
649.396552,,0.00599687958359516,649.14,0.7710000276565552,-0.019249691213746697
649.862069,,0.007545631145069823,649.605,0.7910000085830688,0.025156404319976542
650.327586,,0.008033261848910416,650.076,0.7870000004768372,0.01721234344709904
650.7931030000001,,0.006407241678882817,650.535,0.7850000262260437,0.01353985968423569
651.258621,,0.002234291322166516,651.003,0.7630000114440918,-0.03381274242430151
651.7241379999999,,0.002696268795180712,651.466,0.7839999794960022,0.012391683715624265
652.189655,,0.005669946745860321,651.936,0.7699999809265137,-0.017794721774263354
652.655172,,0.005773569976934232,652.398,0.7649999856948853,-0.028520832880339932
653.12069,,0.004613830432808839,652.866,0.7870000004768372,0.01942443139164706
653.5862070000001,,0.004428102333110567,653.329,0.7699999809265137,-0.017749352962942673
654.051724,,0.0060126061215816234,653.795,0.7889999747276306,0.023361501929411613
654.517241,,0.00839551045518303,654.261,0.7820000052452087,0.007690293096084922
654.982759,,0.00981889877443379,654.727,0.7879999876022339,0.020217760200827436
655.448276,,0.00878646816057386,655.191,0.7789999842643738,-4.109156552462088e-05
655.9137929999999,,0.004857487756774613,655.656,0.7689999938011169,-0.022565273826852094
656.37931,,0.0006978619920783888,656.121,0.765999972820282,-0.02990338924971144
656.844828,,0.0049578332073037515,656.587,0.7910000085830688,0.023721357725405675
657.310345,,0.004962169872954139,657.05,0.7910000085830688,0.02286716857729606
657.7758620000001,,0.0002877897376069327,657.513,0.7870000004768372,0.013312345959341896
658.241379,,0.005911632314286838,657.977,0.7900000214576721,0.01904768892985774
658.7068969999999,,0.009252733392435337,658.446,0.7710000276565552,-0.023083698195815777
659.172414,,0.008039519600250745,658.907,0.781000018119812,-0.0019488725362788056
659.637931,,0.004569255172541713,659.377,0.7910000085830688,0.019291187314251515
660.103448,,0.0022640246635717096,659.835,0.7919999957084656,0.021045527063262324
660.568966,,0.0019180997044389789,660.305,0.7870000004768372,0.009862775258159491
661.034483,,0.0014048855390935738,660.771,0.777999997138977,-0.009891845699985065
661.5,,0.0010440864522574598,661.236,0.7739999890327454,-0.01860707900407639
661.965517,,0.00422243568450687,661.701,0.7940000295639038,0.025111016352781998
662.4310340000001,,0.005213336535567139,662.165,0.8009999990463257,0.04064794809169798
662.8965519999999,,0.0028006128764446986,662.631,0.7620000243186951,-0.04390085973256199
663.362069,,0.0010826915966863251,663.091,0.7870000004768372,0.011101574367672761
663.827586,,0.0032030962886978502,663.557,0.6129999756813049,-0.3673493181846114
664.293103,,0.0018703123569527192,664.025,0.7570000290870667,-0.05291475095212224
664.7586210000001,,0.0018225851293412836,664.487,0.6330000162124634,-0.32230538619144095
665.224138,,0.004875705317847169,664.954,0.9549999833106995,0.38001546080462734
665.689655,,0.00446453485130059,665.417,0.7889999747276306,0.019172180821523194
666.155172,,0.00013240690007987362,665.88,0.7919999957084656,0.02651271726141299
666.62069,,0.005325134966591677,666.35,0.7689999938011169,-0.022827367960734826
667.086207,,0.007738020300282057,666.816,0.7870000004768372,0.017097834076104414
667.5517239999999,,0.0053851743061472624,667.28,0.7990000247955322,0.04387094824302837
668.017241,,0.0009469070620705987,667.745,0.7889999747276306,0.022615094414703524
668.482759,,0.0010656041589494796,668.21,0.7839999794960022,0.012137940587400801
668.948276,,0.0011432639989134834,668.675,0.7710000276565552,-0.01589601588545118
669.413793,,0.005106759927684605,669.14,0.7739999890327454,-0.009208535252178645
669.87931,,0.006854127942172556,669.606,0.7889999747276306,0.0234818105200695
670.3448279999999,,0.004651838805803432,670.066,0.7919999957084656,0.029888054555451234
670.810345,,0.00018686072165599523,670.531,0.7860000133514404,0.016550499576125855
671.275862,,0.003285750625513655,670.995,0.7879999876022339,0.020514213948433484
671.7413789999999,,0.003767639064188686,671.465,0.7739999890327454,-0.010496437691255214
672.206897,,0.0018290563106419368,671.925,0.765999972820282,-0.02853632372416664
672.672414,,0.000544840095692102,672.395,0.7870000004768372,0.01652208654198031
673.137931,,0.002073876043167789,672.865,0.7860000133514404,0.013589295988390857
673.6034480000001,,0.0028017221732432604,673.32,0.7860000133514404,0.012797535810294781
674.068966,,0.002882434739990322,673.786,0.7680000066757202,-0.027223834721588402
674.5344829999999,,0.0018880739156423027,674.252,0.7910000085830688,0.022089703888728263
675.0,,1.560912370633229e-05,674.717,0.7990000247955322,0.03875856506295751
675.465517,,0.0012197434085344557,675.184,0.7889999747276306,0.01627014717592076
675.931034,,0.0003640357404990702,675.65,0.7710000276565552,-0.023568099712356336
676.396552,,0.0015056849022888092,676.11,0.7839999794960022,0.004228798129046774
676.862069,,0.0018945278182678394,676.575,0.7639999985694885,-0.03975681276069572
677.327586,,8.853371216960691e-05,677.043,0.7620000243186951,-0.0444021554789782
677.793103,,0.0017495085072916092,677.505,0.7990000247955322,0.03605316364790194
678.2586210000001,,0.0011207369974917253,677.973,0.7929999828338623,0.022965665371977178
678.7241379999999,,0.0020532115671175193,678.435,0.7689999938011169,-0.02919785925480646
679.1896549999999,,0.005749829244134478,678.906,0.7860000133514404,0.008098203557310307
679.655172,,0.008170814683979549,679.369,0.6240000128746033,-0.3444598526422143
680.12069,,0.008949978734215202,679.835,0.7879999876022339,0.013331528634627256
680.5862070000001,,0.00854904940569927,680.298,0.8009999990463257,0.042245362197429706
681.051724,,0.007511073923401304,680.763,0.7870000004768372,0.012419662137010004
681.517241,,0.0063585979853459,681.229,0.7620000243186951,-0.0413081044569708
681.9827590000001,,0.005401886203572458,681.694,0.7870000004768372,0.013936616895029803
682.448276,,0.0042677216085111455,682.155,0.7720000147819519,-0.017947615501067014
682.9137929999999,,0.0019724637845776258,682.62,0.7879999876022339,0.017699417311272458
683.3793099999999,,0.002178762046318617,683.088,0.7870000004768372,0.01627929945552431
683.844828,,0.007662084201646036,683.553,0.7689999938011169,-0.022231027369333575
684.310345,,0.012634629807196544,684.021,0.7689999938011169,-0.02160075969187727
684.775862,,0.0148919867792978,684.484,0.7870000004768372,0.018151065739985116
685.241379,,0.013521540829046802,684.947,0.765999972820282,-0.027174579413670408
685.706897,,0.010156663473572518,685.417,0.7839999794960022,0.012344068084028369
686.172414,,0.008195189368806411,685.88,0.7910000085830688,0.02776571038735864
686.637931,,0.009750843902185068,686.343,0.7599999904632568,-0.03973858506361922
687.103448,,0.013222709313258677,686.808,0.7559999823570251,-0.04855875208091754
687.5689659999999,,0.014761420024890413,687.273,0.7990000247955322,0.04488141572369454
688.034483,,0.012407954734051171,687.739,0.7110000252723694,-0.14721077551042458
688.5,,0.008013949654918157,688.206,0.7850000262260437,0.013518996196130898
688.965517,,0.004851462990719603,688.672,0.7710000276565552,-0.017575963261673683
689.4310340000001,,0.0042049617242360185,689.136,0.7720000147819519,-0.01607602197190476
689.896552,,0.004911336265938803,689.601,0.7900000214576721,0.022396785862310947
690.362069,,0.005655143120268785,690.066,0.7870000004768372,0.015076743029209284
690.827586,,0.006554536984872147,690.532,0.765999972820282,-0.031476675590034024
691.293103,,0.007964187495146607,690.995,0.7870000004768372,0.013479345554464896
691.758621,,0.008551746144498409,691.457,0.765999972820282,-0.03303797276018302
692.224138,,0.006006080731844481,691.925,0.7710000276565552,-0.02285738130155341
692.689655,,1.4594481648269462e-05,692.387,0.7950000166893005,0.028792017453431785
693.155172,,0.0066362181682179805,692.853,0.7770000100135803,-0.010967291932832714
693.6206900000001,,0.01015530751208151,693.318,0.7720000147819519,-0.022293481809684542
694.0862070000001,,0.009363921153852492,693.783,0.8080000281333923,0.05582885246163727
694.551724,,0.006247550193957727,694.25,0.765999972820282,-0.035849909320737984
695.0172409999999,,0.003837422979492471,694.716,0.7870000004768372,0.009864891331949531
695.482759,,0.003813536827352909,695.181,0.7870000004768372,0.009967585732139628
695.948276,,0.0057971165560141,695.646,0.7680000066757202,-0.03118752226140403
696.4137929999999,,0.00801889726154155,696.106,0.7870000004768372,0.010574951087207157
696.87931,,0.008419231395763716,696.572,0.7710000276565552,-0.023797343578853648
697.344828,,0.005997786554058521,697.039,0.765999972820282,-0.034101790156822916
697.8103450000001,,0.0018976165941525336,697.502,0.8399999737739563,0.1277932037281836
698.2758620000001,,0.0011729449649774885,697.97,0.7870000004768372,0.013067146995792428
698.741379,,0.0012798303599318344,698.433,0.7649999856948853,-0.034076993830468895
699.206897,,0.0009687014158894882,698.895,0.7870000004768372,0.014658159201267493
699.672414,,0.0032185188252836948,699.365,0.7739999890327454,-0.012865008621320449
700.137931,,0.003683130867669743,699.831,0.7879999876022339,0.018405823926079343
700.603448,,0.002421343376269381,700.294,0.7789999842643738,-0.00048502163885838826
701.068966,,0.0007393515578892298,700.76,0.781000018119812,0.004514866174436357
701.534483,,3.4024866815924714e-05,701.224,0.7950000166893005,0.0355646867764154
702.0,,0.0008046592532558227,701.69,0.7760000228881836,-0.005391107585261446
702.4655170000001,,0.003162584071321532,702.15,0.765999972820282,-0.026863332735823257
702.931034,,0.005994529864337849,702.616,0.7870000004768372,0.019068702431067244
703.3965519999999,,0.007595569646247846,703.081,0.7889999747276306,0.023467408230860857
703.862069,,0.0068933998830586285,703.547,0.7739999890327454,-0.009310803083509367
704.327586,,0.004677828136049741,704.01,0.7839999794960022,0.01223981292564024
704.793103,,0.0029876995439903054,704.479,0.7699999809265137,-0.01862753727287878
705.2586210000001,,0.003046004132415298,704.94,0.7689999938011169,-0.0212921179549373
705.724138,,0.004184529887485345,705.409,0.7839999794960022,0.01079662675806008
706.189655,,0.004807205198615759,705.873,0.7870000004768372,0.016655162075540502
706.6551720000001,,0.0038430938724744977,706.335,0.7839999794960022,0.009376083401394529
707.12069,,0.0011601138330749993,706.801,0.7739999890327454,-0.013196830831315457
707.586207,,0.002703692647018128,707.269,0.7689999938011169,-0.024896563358568085
708.051724,,0.006546985193855839,707.734,0.7870000004768372,0.013516998987933557
708.517241,,0.00850664315916572,708.199,0.8309999704360962,0.10860545394926846
708.982759,,0.0070439811471627554,708.665,0.8690000176429749,0.19067835783452183
709.4482760000001,,0.0026579821143446944,709.125,0.7910000085830688,0.02010637586401626
709.913793,,0.0016390981414337365,709.591,0.7789999842643738,-0.006579583705545357
710.37931,,0.002459359299661669,710.058,0.7689999938011169,-0.028798901393942176
710.844828,,0.000756132541471191,710.524,0.7910000085830688,0.018820521181953424
711.310345,,0.004910166735276911,710.992,0.7839999794960022,0.0033906949706957053
711.775862,,0.006176140973038951,711.454,0.7580000162124634,-0.05329672160930603
712.2413789999999,,0.003725008968630609,711.921,0.7730000019073486,-0.0205226752813952
712.706897,,0.0001487857242208765,712.385,0.7839999794960022,0.003671094814205334
713.172414,,0.001579871324107098,712.85,0.796999990940094,0.03235061233514507
713.637931,,0.0009212399142429158,713.313,0.7879999876022339,0.013217967982162288
714.1034480000001,,0.0003698479302547225,713.779,0.7710000276565552,-0.02324033352402771
714.5689659999999,,0.0005047769936610705,714.243,0.7639999985694885,-0.037827187112441325
715.034483,,0.0005918828330439972,714.709,0.7919999957084656,0.023903863196412297
715.5,,0.0017622144511910943,715.177,0.7639999985694885,-0.03632576540287732
715.965517,,0.0025112325762969142,715.635,0.7950000166893005,0.03200552466653956
716.431034,,0.003702650003334815,716.106,0.7900000214576721,0.02190278877108256
716.896552,,0.00597732118636336,716.572,0.7710000276565552,-0.018727293227711373
717.362069,,0.008184640620932,717.032,0.6729999780654907,-0.2315225699043426
717.827586,,0.00831666284547226,717.502,0.7879999876022339,0.01965965121717428
718.2931030000001,,0.0059043284506615735,717.965,0.8560000061988831,0.16835528881421744
718.758621,,0.002720533191975812,718.428,0.777999997138977,-0.001134983340269886
719.2241379999999,,0.0008493889499398672,718.891,0.7889999747276306,0.023156786554117972
719.689655,,0.0005494892022229892,719.361,0.7739999890327454,-0.009325030842647158
720.155172,,0.00042489425312183284,719.82,0.7889999747276306,0.023417786393435693
720.62069,,0.0006752047061944183,720.286,0.7490000128746033,-0.06380213951662288
721.0862070000001,,0.0025517136751624166,720.751,0.7730000019073486,-0.011724336803610302
721.551724,,0.004245145628191969,721.217,0.7870000004768372,0.01843797004082534
722.017241,,0.004927950585073756,721.683,0.7689999938011169,-0.021234749260354832
722.482759,,0.00410235910724292,722.15,0.7649999856948853,-0.030511427233386755
722.948276,,0.0017514610225444567,722.616,0.7870000004768372,0.016768532994249494
723.4137929999999,,0.0011704793210872216,723.077,0.7879999876022339,0.018228749439153074
723.87931,,0.00292974907808646,723.542,0.7699999809265137,-0.021751794694629737
724.344828,,0.002404087826858146,724.006,0.7870000004768372,0.014496538682081755
724.810345,,0.00022081103420200387,724.476,0.7630000114440918,-0.038580236220319496
725.2758620000001,,0.0018620043288942306,724.939,0.7680000066757202,-0.02845357628351614
725.741379,,0.002663582673444335,725.402,0.7889999747276306,0.016577121844638963
726.2068969999999,,0.0025151197944599745,725.865,0.7620000243186951,-0.04289949744138401
726.672414,,0.0025988339546651096,726.335,0.7459999918937683,-0.07832483308517683
727.137931,,0.0034376027806252304,726.801,0.8130000233650208,0.06718134384664463
727.603448,,0.004112131220461286,727.266,0.7940000295639038,0.025442912166480463
728.068966,,0.0032880115575468207,727.731,0.7820000052452087,-0.000915095559041822
728.534483,,0.0010450905461724417,728.192,0.7820000052452087,-0.0009936980997472511
729.0,,0.0008746772132938838,728.657,0.7739999890327454,-0.018363997722075802
729.465517,,0.0008513683727835542,729.122,0.7689999938011169,-0.02906294001962723
729.9310340000001,,0.0011316995691860443,729.587,0.7979999780654907,0.034441896435941546
730.3965519999999,,0.004037903310992746,730.05,0.7739999890327454,-0.017401029613335957
730.8620689999999,,0.007168076386401443,730.52,0.7910000085830688,0.020187907594391975
731.327586,,0.010268966665786463,730.984,0.7820000052452087,0.0012226096415264465
731.793103,,0.012349636612545456,731.446,0.7870000004768372,0.012829888272215399
732.2586210000001,,0.011432339898031062,731.914,0.7910000085830688,0.02230869362182059
732.724138,,0.006535399408603048,732.376,0.7400000095367432,-0.08801174073521614
733.189655,,0.00031432246772488456,732.842,0.7870000004768372,0.015177218010617504
733.655172,,0.005256401366678811,733.305,0.7649999856948853,-0.03198221331157174
734.12069,,0.00618068791801528,733.77,0.8050000071525574,0.05589081648914588
734.586207,,0.004357232840033528,734.235,0.7870000004768372,0.017337223067918038
735.0517239999999,,0.0023093928674279753,734.701,0.7720000147819519,-0.014765353147396722
735.517241,,0.0011027015592071409,735.165,0.7680000066757202,-0.02300612331862553
735.982759,,0.00024280393203878148,735.631,0.7860000133514404,0.01656580440651645
736.448276,,0.0006785128517745129,736.099,0.7889999747276306,0.02333022861546771
736.913793,,0.0012114596720678272,736.565,0.765999972820282,-0.02668467890394955
737.37931,,0.0009027750470434521,737.028,0.7839999794960022,0.012487192634050915
737.844828,,0.0004089420859523149,737.49,0.7689999938011169,-0.020372961805089598
738.310345,,0.001158110485351342,737.958,0.7699999809265137,-0.01850622871007257
738.775862,,0.003459127172310593,738.421,0.7839999794960022,0.011560885049494702
739.2413789999999,,0.00529289051723731,738.891,0.7870000004768372,0.017554432317722874
739.706897,,0.003962074806450281,739.354,0.7739999890327454,-0.011402558121234342
740.172414,,0.0007263803703739932,739.82,0.7850000262260437,0.011854855120002818
740.637931,,0.005695237920667652,740.286,0.765999972820282,-0.030299657856027618
741.1034480000001,,0.007620404133327901,740.751,0.7960000038146973,0.03427042476583741
741.568966,,0.006212020783892869,741.213,0.7910000085830688,0.02258268228080025
742.034483,,0.0038775993541693707,741.679,0.7689999938011169,-0.026123396919400854
742.5,,0.002668536228337562,742.145,0.7879999876022339,0.01453659862970346
742.965517,,0.0024378386611101583,742.611,0.7599999904632568,-0.04713666565050448
743.431034,,0.0018072210347267897,743.07,0.7950000166893005,0.02852836307649161
743.896552,,0.00011229502846397098,743.536,0.7839999794960022,0.004076970151896347
744.362069,,0.0018331381247368081,744.006,0.7850000262260437,0.00588601186658614
744.827586,,0.0025568041523136675,744.468,0.7739999890327454,-0.01832171322832053
745.293103,,0.0013231162903675046,744.932,0.7829999923706055,0.0011779259489898177
745.7586210000001,,0.0011845752594313518,745.402,0.7889999747276306,0.014279396418569824
746.2241379999999,,0.003453447558971704,745.862,0.8029999732971191,0.04494773269073133
746.6896549999999,,0.004414566919330969,746.332,0.765999972820282,-0.03536244815028448
747.155172,,0.0041576132637885605,746.79,0.765999972820282,-0.034940117691930825
747.62069,,0.003377276956691381,747.255,0.7699999809265137,-0.025693943026775266
748.086207,,0.002335365832843524,747.721,0.8069999814033508,0.05554182148156464
748.551724,,0.0008023247949272798,748.188,0.7940000295639038,0.027921913738975287
749.017241,,0.0010130870685219268,748.654,0.7620000243186951,-0.041037196148582276
749.4827590000001,,0.002187774312615625,749.121,0.7870000004768372,0.014218212256483526
749.9482760000001,,0.0022282637919382106,749.58,0.7689999938011169,-0.02420037836150459
750.4137929999999,,0.0020667071808513487,750.05,0.796999990940094,0.03758319582595839
750.8793099999999,,0.003061775817989942,750.512,0.7900000214576721,0.023075544380031884
751.344828,,0.004792383898782867,750.981,0.7879999876022339,0.01940033136514912
751.810345,,0.004636574301464002,751.444,0.7699999809265137,-0.01921495059984711
752.275862,,0.0004241549356264581,751.906,0.7919999957084656,0.029215646960806516
752.741379,,0.006560330653694492,752.376,0.7680000066757202,-0.02268682906246821
753.206897,,0.011965364463449419,752.835,0.7990000247955322,0.04510966055449551
753.672414,,0.012215118680773388,753.305,0.7739999890327454,-0.009232694697628902
754.1379310000001,,0.00782945547645813,753.771,0.7519999742507935,-0.057178025541670376
754.603448,,0.002673818299403142,754.235,0.7360000014305115,-0.0921915722051972
755.0689659999999,,0.00021155144817693202,754.701,0.7889999747276306,0.022985966068225207
755.534483,,0.001121749301732597,755.165,0.8019999861717224,0.05089270813794119
756.0,,0.0041865719065742445,755.631,0.7860000133514404,0.015507443564520166
756.465517,,0.007742250653631718,756.091,0.7950000166893005,0.03449278933017345
756.931034,,0.009497315498018289,756.557,0.6330000162124634,-0.31915076826973415
757.396552,,0.006897333450517421,757.025,0.7559999823570251,-0.051941675769363954
757.862069,,0.00010565071875636208,757.488,0.7900000214576721,0.02133088134993545
758.3275860000001,,0.007340802885995934,757.95,0.7699999809265137,-0.023053105129780975
758.793103,,0.009652547924826478,758.42,0.7940000295639038,0.028439383381136503
759.258621,,0.006144538706055784,758.881,0.7870000004768372,0.012433877338529613
759.724138,,0.0009869009096532336,759.35,0.765999972820282,-0.03400967739417492
760.189655,,0.0011328748050651683,759.816,0.7910000085830688,0.019848364823521727
760.655172,,0.0005500471046560846,760.28,0.7570000290870667,-0.05473197387058022
761.1206900000001,,0.003092375193755521,760.746,0.7919999957084656,0.02113153168827081
761.5862070000001,,0.003636410872188309,761.21,0.7870000004768372,0.009978692431742969
762.051724,,0.002284103981381901,761.676,0.7699999809265137,-0.02718044994938303
762.517241,,0.001211656729726174,762.135,0.7860000133514404,0.007696712062354106
762.982759,,0.0016281782042836454,762.601,0.7630000114440918,-0.04225352792858351
763.448276,,0.002452196555190167,763.065,0.7720000147819519,-0.022352252110810666
763.9137929999999,,0.002158759243723547,763.531,0.7919999957084656,0.021640176926704027
764.37931,,0.0011995440365693269,763.999,0.7870000004768372,0.011280539866830933
764.844828,,0.0016365450095212483,764.461,0.7480000257492065,-0.07305580410893753
765.310345,,0.004244118108388255,764.925,0.8029999732971191,0.047478307060686994
765.7758620000001,,0.00701019779155031,765.394,0.8009999990463257,0.04388692147993529
766.241379,,0.007388912004315081,765.866,0.7889999747276306,0.018543694439577218
766.706897,,0.0053018205413342375,766.32,0.7889999747276306,0.01935418043012904
767.172414,,0.0027197599236575823,766.786,0.7620000243186951,-0.03867434566749742
767.637931,,0.0009150572808384935,767.251,0.7609999775886536,-0.04009907859566996
768.103448,,0.0002583700319277912,767.716,0.8149999976158142,0.07823864405377501
768.568966,,0.0007584362019619944,768.181,0.7820000052452087,0.006950796443101177
769.034483,,0.00013042532875758825,768.647,0.7480000257492065,-0.06661812936762888
769.5,,0.0008299716898493588,769.113,0.7860000133514404,0.01655656589659876
769.9655170000001,,0.0002459789772515717,769.58,0.7739999890327454,-0.009331479294312444
770.4310340000001,,0.0021564762501203967,770.043,0.7680000066757202,-0.02228541581296556
770.8965519999999,,0.0041490269032437,770.506,0.7760000228881836,-0.004880005582355749
771.362069,,0.0037192239099101978,770.976,0.7710000276565552,-0.01593793214214753
771.827586,,0.0014587471448544286,771.438,0.7879999876022339,0.020798815897608996
772.293103,,0.0004712368909428612,771.907,0.7789999842643738,0.0007648397181330965
772.7586210000001,,0.0006231400674072957,772.369,0.7739999890327454,-0.010667516099856608
773.224138,,0.0010605165277494683,772.835,0.7870000004768372,0.017019200154101587
773.689655,,0.0036216964488020704,773.297,0.7689999938011169,-0.022909405347837263
774.155172,,0.005287404095765981,773.763,0.7910000085830688,0.024252591513284905
774.62069,,0.004314454174165374,774.228,0.7839999794960022,0.008202047354966662
775.086207,,0.0008334255141307294,774.694,0.7699999809265137,-0.0231063169534906
775.551724,,0.002544410262864968,775.158,0.765999972820282,-0.03261168168410446
776.017241,,0.0030305587739615464,775.624,0.7870000004768372,0.012389874395507733
776.482759,,0.0006804428515888167,776.089,0.7950000166893005,0.02913331053646564
776.9482760000001,,0.0014466041047933762,776.554,0.7720000147819519,-0.021575913949771444
777.413793,,0.0003449743572381187,777.017,0.7839999794960022,0.004070803204510558
777.87931,,0.003781357368999122,777.48,0.7730000019073486,-0.020273065520970635
778.344828,,0.007430044821863806,777.95,0.7649999856948853,-0.037951671130964135
778.810345,,0.007059428030572435,778.413,0.7910000085830688,0.0185808466464974
779.275862,,0.0025820562522309446,778.877,0.777999997138977,-0.009713065571606372
779.7413789999999,,0.0025816287700468604,779.346,0.7670000195503235,-0.03350972227757715
780.206897,,0.004820085319701501,779.812,0.8029999732971191,0.04522475048434065
780.672414,,0.0032225870710142464,780.276,0.8529999852180481,0.15458803147489455
781.137931,,0.0005156737984835386,780.735,0.7879999876022339,0.013522352485038622
781.6034480000001,,0.003973433038056378,781.202,0.7670000195503235,-0.03158567634071642
782.0689659999999,,0.005519794832846327,781.667,0.7860000133514404,0.010527743477524143
782.5344829999999,,0.004865898560110006,782.133,0.7699999809265137,-0.023558138147601996
783.0,,0.0028399501112533745,782.599,0.7870000004768372,0.014281362096688809
783.465517,,0.0005888428324309366,783.065,0.7710000276565552,-0.019769260202871494
783.931034,,0.0011521974848264882,783.531,0.7870000004768372,0.01587734869169728
784.396552,,0.002050367548411205,783.991,0.7839999794960022,0.010086341974678394
784.862069,,0.0017947200002550803,784.461,0.7699999809265137,-0.01973589365480037
785.327586,,0.0003772496533121913,784.924,0.7860000133514404,0.01571427328781514
785.7931030000001,,0.0010760542590051861,785.387,0.7699999809265137,-0.018657616897412306
786.258621,,0.0006056949278885019,785.853,0.7900000214576721,0.025282160951120874
786.7241379999999,,0.002491264976906518,786.319,0.7720000147819519,-0.013697701891398207
787.189655,,0.00616465058993612,786.784,0.7870000004768372,0.01907985498888298
787.655172,,0.0072813233684299525,787.251,0.7680000066757202,-0.02235761262196372
788.12069,,0.00493580543098992,787.717,0.7879999876022339,0.021032577059374592
788.5862070000001,,0.0012407113265418025,788.176,0.7730000019073486,-0.01196366206336429
789.051724,,0.0012810960331784867,788.642,0.7879999876022339,0.020275635679847342
789.517241,,0.0019896252552655883,789.11,0.7860000133514404,0.015367935152408292
789.982759,,0.001453886166489292,789.576,0.8510000109672546,0.15633797401746893
790.448276,,9.381711269506742e-05,790.039,0.7860000133514404,0.014012771171497346
790.9137929999999,,0.002372274080429688,790.502,0.7739999890327454,-0.01289462938906103
791.3793099999999,,0.003974066968894491,790.97,0.7950000166893005,0.03206492003772389
791.844828,,0.0034563677836466178,791.432,0.7850000262260437,0.009482180263201547
792.310345,,0.0016223527657954183,791.895,0.8510000109672546,0.15249805452730125
792.7758620000001,,0.0010269996432727194,792.365,0.7620000243186951,-0.042131201923086004
793.241379,,0.002430535296420241,792.831,0.7879999876022339,0.013849975859674341
793.7068969999999,,0.003282143855956254,793.294,0.7699999809265137,-0.025944465186081796
794.172414,,0.0011159149963702398,793.759,0.8149999976158142,0.07161904825637458
794.637931,,0.002689221768973585,794.224,0.7820000052452087,-0.0006340288658882374
795.103448,,0.004309040508803998,794.69,0.7549999952316284,-0.05968733531346231
795.568966,,0.002169753086012586,795.155,0.5830000042915344,-0.43451478454215037
796.034483,,0.001433818030125361,795.621,0.7889999747276306,0.01431706499274218
796.5,,0.00346301306973568,796.08,0.7699999809265137,-0.026913587566354057
796.965517,,0.003292022118283917,796.546,0.7889999747276306,0.014776866210070946
797.4310340000001,,0.0021374060246166938,797.014,0.7860000133514404,0.008661352483123488
797.8965519999999,,0.000761336985049505,797.476,0.7730000019073486,-0.01912888080535843
798.3620689999999,,0.000976923388398023,797.947,0.7639999985694885,-0.03810909498405893
798.827586,,0.00300910593337884,798.409,0.7990000247955322,0.03884810845015306
799.293103,,0.004749714198616929,798.87,0.7799999713897705,-0.001785415411245116
799.758621,,0.005685593230734073,799.34,0.7670000195503235,-0.02931347224963991
800.224138,,0.00555039255314343,799.805,0.777999997138977,-0.004545329073423539
800.689655,,0.004253521103615481,800.269,0.8859999775886536,0.23153847674540587
801.155172,,0.002229270126281582,800.735,0.7870000004768372,0.01660704696593842
801.62069,,0.0004748428379816915,801.202,0.7910000085830688,0.026016767375586208
802.086207,,0.0003409150071547913,801.66,0.7820000052452087,0.0070209796672192565
802.5517239999999,,0.0005352768630746326,802.132,0.7789999842643738,0.0009946373004351575
803.017241,,0.0007429129812137615,802.59,0.7480000257492065,-0.06615301846177013
803.482759,,0.0009209069869206634,803.062,0.7609999775886536,-0.03757294069646785
803.948276,,0.0004960291946579621,803.52,0.7720000147819519,-0.013490841961818635
804.413793,,0.0007371538108628839,803.988,0.7990000247955322,0.04530585261959706
804.87931,,0.0022364278257831073,804.45,0.7870000004768372,0.018992769838517186
805.344828,,0.002944668553126612,804.921,0.7879999876022339,0.02086453361716815
805.810345,,0.0016527894955369715,805.383,0.7739999890327454,-0.01007259254375955
806.275862,,0.0021914619633930654,805.849,0.7670000195503235,-0.025876078094369686
806.7413789999999,,0.007251970939975269,806.313,0.7900000214576721,0.02357926650101034
807.206897,,0.010346003873825504,806.778,0.7820000052452087,0.005416057419561718
807.672414,,0.00889005270290357,807.243,0.7850000262260437,0.011160008008556554
808.137931,,0.0035654709020053717,807.709,0.7919999957084656,0.025584453358480676
808.603448,,0.0020340223912412143,808.177,0.7960000038146973,0.0334645269636215
809.068966,,0.004572187118089877,808.635,0.7860000133514404,0.010860515095641255
809.534483,,0.0036011081867357584,809.103,0.7900000214576721,0.018799328718747798
810.0,,0.0013056596985825978,809.568,0.7699999809265137,-0.02548445493225731
810.465517,,7.703976338825107e-05,810.032,0.7879999876022339,0.013107148566958961
810.931034,,0.00037397759703896194,810.495,0.7689999938011169,-0.02880540866816956
811.396552,,0.000739413968297453,810.965,0.7689999938011169,-0.0292019966266425
811.862069,,0.0003436950246583717,811.428,0.7860000133514404,0.007572636082441504
812.327586,,0.0027830319516079457,811.896,0.777999997138977,-0.009975903178292535
812.793103,,0.004974340284868601,812.358,0.7630000114440918,-0.04262785817585353
813.2586210000001,,0.005408263378484454,812.824,0.7910000085830688,0.018548676120396103
813.724138,,0.004088208536121299,813.287,0.7739999890327454,-0.018171702749025145
814.1896549999999,,0.002125608006302254,813.753,0.7870000004768372,0.01060086062603228
814.655172,,4.0155749405731614e-05,814.218,0.7860000133514404,0.008992709132548099
815.12069,,0.003075849690272183,814.684,0.8569999933242798,0.16435222713043796
815.586207,,0.00665745761570597,815.151,0.765999972820282,-0.0331437308454339
816.051724,,0.008187390281967542,815.616,0.7879999876022339,0.015608792293775188
816.517241,,0.005621150551427215,816.081,0.7860000133514404,0.012108903194827783
816.982759,,0.0011203057599583933,816.54,0.7870000004768372,0.015154230821137276
817.4482760000001,,0.0005559196128362643,817.01,0.7889999747276306,0.0203610329816917
817.913793,,0.002320750748985194,817.473,0.7620000243186951,-0.03765650364998213
818.3793099999999,,0.00664862078862302,817.936,0.7850000262260437,0.013189229863339126
818.844828,,0.00893874507269866,818.405,0.7860000133514404,0.016013106809823176
819.310345,,0.009179038448121974,818.866,0.7720000147819519,-0.013954156350606553
819.775862,,0.008997150184147002,819.336,0.7820000052452087,0.008237634066346276
820.241379,,0.008240586860215643,819.801,0.7730000019073486,-0.01110632574271703
820.706897,,0.005680056928193015,820.261,0.7870000004768372,0.019508764281661237
821.172414,,0.001950697557350481,820.727,0.7599999904632568,-0.03935482143881295
821.6379310000001,,0.0006760642548669661,821.192,0.796999990940094,0.04106178563754959
822.1034480000001,,0.0014652490491841824,821.657,0.7870000004768372,0.01893463256285395
822.5689659999999,,0.002311731303085914,822.125,0.777999997138977,-0.00115107032485748
823.034483,,0.005023293231888331,822.59,0.7730000019073486,-0.012645777744656219
823.5,,0.008668580849506169,823.05,0.7730000019073486,-0.013353215424611297
823.965517,,0.01066714802059129,823.521,0.7820000052452087,0.0054626369504712224
824.431034,,0.01008028054357222,823.984,0.7720000147819519,-0.017176235716142668
824.896552,,0.00856084485215547,824.446,0.7850000262260437,0.010259411736534366
825.362069,,0.007723447723648914,824.914,0.7850000262260437,0.009365574956754474
825.827586,,0.006837004993756312,825.376,0.765999972820282,-0.03290244142142723
826.293103,,0.004248938055965736,825.842,0.7870000004768372,0.01202251897268056
826.758621,,0.0003615290977853987,826.305,0.7900000214576721,0.017804634746222542
827.224138,,0.0022344980991308105,826.77,0.800000011920929,0.03893416309339802
827.689655,,0.0015703085172139118,827.235,0.777999997138977,-0.00953567358435737
828.155172,,0.0016486926424394955,827.701,0.7599999904632568,-0.0491575316470478
828.6206900000001,,0.00475021738346387,828.165,0.7699999809265137,-0.027631864084760822
829.0862070000001,,0.005303070856221083,828.631,0.7860000133514404,0.007119982813410593
829.551724,,0.0028752544517903055,829.098,0.5929999947547913,-0.4133107676847741
830.017241,,0.0008558263770038347,829.565,0.8270000219345093,0.09669366342311372
830.482759,,0.003753856327297329,830.025,0.7860000133514404,0.0077204055155661285
830.948276,,0.005103335965428134,830.495,0.7820000052452087,-0.0004990427950067699
831.4137929999999,,0.005786635089481004,830.958,0.8050000071525574,0.05023395678730427
831.87931,,0.006797122096919813,831.421,0.7870000004768372,0.011753200593877178
832.344828,,0.007887694398207967,831.891,0.7879999876022339,0.014755422261186906
832.810345,,0.007677104123055577,832.354,0.8999999761581421,0.2596532872655467
833.2758620000001,,0.0050222659985596965,832.82,0.8629999756813049,0.17997442024216642
833.741379,,0.000334831635843665,833.285,0.7860000133514404,0.013162202471619554
834.2068969999999,,0.004534937781853426,833.752,0.7910000085830688,0.024978790799777623
834.672414,,0.0077373373636251555,834.213,0.7919999957084656,0.028030226776869508
835.137931,,0.008575010100560875,834.679,0.7979999780654907,0.04189705643262658
835.603448,,0.007393373786035305,835.143,0.7879999876022339,0.020802499309473373
836.068966,,0.004897279399197853,835.609,0.7760000228881836,-0.004775042148564813
836.534483,,0.001814197468781593,836.074,0.7960000038146973,0.03921968441714492
837.0,,0.0010260483195179341,836.54,0.7480000257492065,-0.06509237237637434
837.4655170000001,,0.0026255836275292364,837.002,0.7870000004768372,0.01996948065043934
837.9310340000001,,0.0023047369513419964,837.465,0.7760000228881836,-0.004072941681374905
838.3965519999999,,0.0006652049381412829,837.936,0.7850000262260437,0.015287724420958567
838.862069,,0.00039981287087151427,838.398,0.4779999852180481,-0.6539734096463953
839.327586,,0.0004125899571815939,838.862,0.7639999985694885,-0.031457538234718585
839.793103,,0.0021167087852289133,839.332,0.7879999876022339,0.02011331208055189
840.2586210000001,,0.0025909032685204002,839.79,0.7620000243186951,-0.03735887339973199
840.724138,,0.0012444504980606698,840.255,0.7639999985694885,-0.033914192059888285
841.189655,,0.0004850013484032841,840.72,0.8370000123977661,0.12415918623867517
841.655172,,0.0011919087966221693,841.187,0.7760000228881836,-0.009729772834341458
842.12069,,0.001101463339440321,841.653,0.7889999747276306,0.01760844183301922
842.586207,,0.0014525777970160842,842.118,0.7910000085830688,0.021019385127369408
843.0517239999999,,0.0027703030822511777,842.583,0.7480000257492065,-0.07354182058666608
843.517241,,0.003941588328751765,843.046,0.7710000276565552,-0.02421841330899313
843.982759,,0.0031320886364849644,843.517,0.7929999828338623,0.02304546138430636
844.4482760000001,,0.00016592081080602286,843.977,0.859000027179718,0.16631305589726605
844.913793,,0.004243548067945095,844.44,0.7900000214576721,0.015624175626128224
845.37931,,0.006765058511696875,844.91,0.7870000004768372,0.008897577912483006
845.844828,,0.007043947287718393,845.372,0.8080000281333923,0.05463527171906543
846.310345,,0.006246526740597159,845.838,0.7770000100135803,-0.012739571306047796
846.775862,,0.005618398271477765,846.301,0.7580000162124634,-0.05379940058263948
847.2413789999999,,0.005356617441432026,846.766,0.7739999890327454,-0.018446813547614127
847.706897,,0.005227870449321449,847.235,0.7870000004768372,0.010514747409812878
848.172414,,0.00514190651962247,847.701,0.765999972820282,-0.03447258133519966
848.637931,,0.004576621824675659,848.165,0.7689999938011169,-0.027071344971318946
849.1034480000001,,0.002635205050150372,848.631,0.8019999861717224,0.04576344021134982
849.5689659999999,,0.00025366304525276204,849.095,0.7979999780654907,0.038034123455813924
850.0344829999999,,0.0017042741934760858,849.561,0.7739999890327454,-0.013253121746829952
850.5,,1.9923095662172064e-05,850.025,0.765999972820282,-0.029699598845913902
850.965517,,0.003214050326955814,850.487,0.7609999775886536,-0.03965941423828616
851.431034,,0.004116187735873865,850.954,0.765999972820282,-0.027911716562959182
851.896552,,0.0012071877769674298,851.416,0.7680000066757202,-0.02280560868804136
852.362069,,0.003124364945947441,851.884,0.7990000247955322,0.04535273763137232
852.827586,,0.005561096619499394,852.347,0.7739999890327454,-0.008640774622764968
853.2931030000001,,0.0053399429399775674,852.813,0.7720000147819519,-0.012687961748454022
853.758621,,0.004068812033757859,853.276,0.6060000061988831,-0.3742099544524532
854.2241379999999,,0.0031745548269339757,853.741,0.7730000019073486,-0.010425366161681708
854.689655,,0.002856032806422985,854.206,0.7699999809265137,-0.017190038443665578
855.155172,,0.0030219981150203354,854.672,0.7910000085830688,0.028164914803518248
855.62069,,0.0037060817298523296,855.136,0.7850000262260437,0.014541526099702051
856.0862070000001,,0.004420463661805181,855.602,0.7699999809265137,-0.018827272441644005
856.551724,,0.0042911539244800114,856.069,0.7480000257492065,-0.06756318591130485
857.017241,,0.0031462110116049647,856.535,0.7910000085830688,0.02522129783698776
857.482759,,0.0016863051113606847,856.995,0.7739999890327454,-0.012775701438872501
857.948276,,0.000476698226633916,857.466,0.7730000019073486,-0.015946419357414796
858.4137929999999,,0.0005008754969257093,857.929,0.7879999876022339,0.015740108387568962
858.8793099999999,,0.0011986015769892564,858.391,0.7689999938011169,-0.02661712279250571
859.344828,,0.0010186282587516418,858.862,0.7630000114440918,-0.040591981861506816
859.810345,,0.0007016923928080428,859.324,0.7910000085830688,0.019595315947231903
860.275862,,0.0036678147024945904,859.79,0.7870000004768372,0.01018030638860459
860.741379,,0.006086624091185885,860.254,0.9369999766349792,0.33641675770581086
861.206897,,0.005739917094028283,860.72,0.8019999861717224,0.04189811975547915
861.672414,,0.0024413326895336273,861.18,0.7699999809265137,-0.02805051285413987
862.137931,,0.0008752957166805132,861.646,0.7900000214576721,0.015463252574697849
862.603448,,0.0007878395574488951,862.114,0.7910000085830688,0.017756572184026126
863.068966,,0.0025698117489825886,862.579,0.7699999809265137,-0.027710541237795944
863.534483,,0.005250908813064678,863.043,0.7870000004768372,0.009771114301216282
864.0,,0.004025900365779288,863.505,0.7609999775886536,-0.04628388602258465
864.465517,,0.00018960930098965115,863.973,0.7699999809265137,-0.025960115231008166
864.9310340000001,,0.002279392039264418,864.436,0.7609999775886536,-0.04474909717683987
865.3965519999999,,0.0016700142316846227,864.906,0.7850000262260437,0.008434853095750495
865.8620689999999,,0.00018650960226597644,865.369,0.7630000114440918,-0.038549633725491556
866.327586,,0.0007237969025837884,865.834,0.7480000257492065,-0.07026419252763057
866.793103,,0.003387918212095928,866.297,0.7710000276565552,-0.019201405287714694
867.258621,,0.00576763388071707,866.763,0.7699999809265137,-0.02046663627117033
867.724138,,0.00569518992485879,867.229,0.7879999876022339,0.01959475735409433
868.189655,,0.0029835879500090855,867.695,0.7730000019073486,-0.012332740905107324
868.655172,,0.0007855326084067195,868.155,0.7590000033378601,-0.04219864374317872
869.1206900000001,,0.003231258586213604,868.62,0.8550000190734863,0.16745151312241652
869.586207,,0.0025714919573394525,869.088,0.7689999938011169,-0.019561367279375845
870.0517239999999,,0.0007702070615048885,869.554,0.7839999794960022,0.013308897970723349
870.517241,,0.004179365636309561,870.021,0.7870000004768372,0.01986845443367871
870.982759,,0.005349812273423442,870.483,0.7760000228881836,-0.004240245494927477
871.448276,,0.004655056223506001,870.947,0.7860000133514404,0.017240101531406583
871.913793,,0.004498019975250155,871.417,0.7889999747276306,0.023317399457583675
872.37931,,0.0064872486484758955,871.88,0.7699999809265137,-0.01867343024701249
872.844828,,0.009559638945305636,872.343,0.7879999876022339,0.01982630353995329
873.3103450000001,,0.010721449155453401,872.809,0.7720000147819519,-0.015844960450528592
873.775862,,0.007756576782910663,873.273,0.7639999985694885,-0.03415906398176212
874.2413789999999,,0.001744635361001713,873.739,0.7870000004768372,0.01502052872233035
874.706897,,0.00322141874973364,874.206,0.7870000004768372,0.014076406444347815
875.172414,,0.0036820043577527905,874.672,0.7429999709129333,-0.0827141340895833
875.637931,,0.0005123083789107228,875.136,0.7630000114440918,-0.04002913294905603
876.103448,,0.0016355012248067515,875.595,0.7739999890327454,-0.016882559443021396
876.568966,,0.0008451383486889248,876.062,0.9789999723434448,0.4290215479063328
877.034483,,0.0065122829390081355,876.527,0.8069999814033508,0.053701329105316276
877.5,,0.010361951365945466,876.991,0.7630000114440918,-0.04261081443286253
877.965517,,0.009450271844715846,877.461,0.7699999809265137,-0.027662354589055405
878.431034,,0.006258370150721951,877.925,0.7860000133514404,0.007052209438281309
878.896552,,0.005605607379582444,878.387,0.753000020980835,-0.06482498633344766
879.362069,,0.008650807452916529,878.853,0.7910000085830688,0.018142625991843762
879.827586,,0.011480258747790368,879.319,0.7699999809265137,-0.027274993845132968
880.293103,,0.010114128696102655,879.785,0.7879999876022339,0.012419333993104199
880.7586210000001,,0.005361598694207022,880.25,0.7889999747276306,0.01520619683547591
881.224138,,0.001390776753505186,880.716,0.7720000147819519,-0.02111203316453139
881.689655,,0.0005636649439050451,881.18,0.765999972820282,-0.03337809668488263
882.155172,,0.001482241718963751,881.646,0.7910000085830688,0.02195611277143469
882.62069,,0.0017078913567168746,882.106,0.7710000276565552,-0.020713472518043917
883.086207,,0.00048571025856725694,882.572,0.7879999876022339,0.01723435611886016
883.551724,,0.0015622226504979997,883.04,0.7879999876022339,0.01812489999903207
884.017241,,0.003941565371259912,883.503,0.800000011920929,0.04511208401985774
884.482759,,0.006584721358791526,883.965,0.7570000290870667,-0.04779990571548019
884.9482760000001,,0.009235042269871659,884.435,0.7739999890327454,-0.01009113788360774
885.413793,,0.011247370967325553,884.896,0.8040000200271606,0.05582210323333433
885.87931,,0.01202410692277881,885.366,0.781000018119812,0.006133022526954751
886.344828,,0.011561832836225906,885.831,0.7820000052452087,0.00858481196175647
886.810345,,0.010706305849938291,886.294,0.7689999938011169,-0.019619822983157776
887.275862,,0.010633661061020141,886.76,0.7919999957084656,0.030448375758866674
887.741379,,0.01146913740477546,887.224,0.7960000038146973,0.038966093112629246
888.206897,,0.011553952744074707,887.69,0.7429999709129333,-0.07684933422646123
888.672414,,0.00902832159323194,888.155,0.765999972820282,-0.027227732058928034
889.1379310000001,,0.004324167509803695,888.621,0.7900000214576721,0.02444802947860211
889.6034480000001,,0.0001302935422056074,889.08,0.7609999775886536,-0.039449312489118704
890.0689659999999,,0.0014961547801748912,889.546,0.7870000004768372,0.01639705368365366
890.534483,,0.0011143892731299374,890.014,0.7860000133514404,0.013363113197861926
891.0,,0.0006392197411006029,890.476,0.7699999809265137,-0.022380612847589475
891.465517,,0.0012130621732913593,890.947,0.7889999747276306,0.01812572949172123
891.931034,,0.003086288384389832,891.41,0.8040000200271606,0.04994306418968057
892.396552,,0.006441655980178287,891.873,0.7599999904632568,-0.046727890251777995
892.862069,,0.010874548046975876,892.335,0.7889999747276306,0.015718830679810673
893.327586,,0.01449031645803247,892.801,0.7480000257492065,-0.0742415397321441
893.7931030000001,,0.014963331989390061,893.269,0.7739999890327454,-0.018115519181289588
894.258621,,0.011812083761727108,893.735,0.7940000295639038,0.025072167598717804
894.7241379999999,,0.007044666423624092,894.195,0.7630000114440918,-0.04270576281773911
895.189655,,0.003501803326066583,894.66,0.7910000085830688,0.018209038021208865
895.655172,,0.00269441580587111,895.125,0.7870000004768372,0.009562135487157073
896.1206900000001,,0.0036991505869306174,895.591,0.7720000147819519,-0.02289719967215429
896.5862070000001,,0.003888082287135953,896.059,0.7699999809265137,-0.026889458271102187
897.051724,,0.0015828895750420132,896.524,0.7820000052452087,-0.0002475902212352751
897.517241,,0.0016087360004892503,896.987,0.7630000114440918,-0.041026692560524644
897.982759,,0.0021340710588152478,897.45,0.7870000004768372,0.011973896295976387
898.448276,,0.0012271868855705027,897.921,0.777999997138977,-0.006845051643857871
898.9137929999999,,0.005469876794988871,898.383,0.7739999890327454,-0.014719459550425341
899.37931,,0.006607264870327112,898.849,0.7870000004768372,0.0144683097796819
899.844828,,0.0040588952613237195,899.313,0.7739999890327454,-0.012990428874388352
900.310345,,0.0008488663897664726,899.779,0.7870000004768372,0.016167451413092088
900.7758620000001,,0.00017772596820499512,900.246,0.7879999876022339,0.019127641237347934
901.241379,,0.0006877679758666643,900.705,0.8019999861717224,0.050332909815596995
901.7068969999999,,0.0009757774655754698,901.177,0.7900000214576721,0.024794652778235577
902.172414,,0.0008405720147006351,901.635,0.796999990940094,0.040533220422795856
902.637931,,0.0037507328349642753,902.103,0.7870000004768372,0.0191023789043715
903.103448,,0.005503393147479077,902.568,0.7860000133514404,0.017135834069255947
903.568966,,0.005002861348976206,903.032,0.7950000166893005,0.03680577291188493
904.034483,,0.0032850011706830854,903.501,0.765999972820282,-0.026465001966179912
904.5,,0.002325899795389851,903.962,0.753000020980835,-0.05502730110035099
904.9655170000001,,0.0030496885392852086,904.431,0.7860000133514404,0.016485287450692925
905.4310340000001,,0.004474555746364476,904.895,0.765999972820282,-0.027600714056554884
905.8965519999999,,0.004720427459339324,905.357,0.7879999876022339,0.019703018752263792
906.362069,,0.0028051909699877446,905.823,0.7749999761581421,-0.009339786077724215
906.827586,,0.00047532635569480324,906.287,0.7480000257492065,-0.06895530398705454
907.293103,,0.0032299436924295996,906.753,0.7850000262260437,0.01081509994567436
907.7586210000001,,0.003984162341118484,907.217,0.7730000019073486,-0.016188964397766785
908.224138,,0.002760051754919658,907.683,0.781000018119812,0.0003867163526903969
908.689655,,0.0007542425670149339,908.148,0.7570000290870667,-0.05272145758693983
909.155172,,0.0011221940415922702,908.613,0.7739999890327454,-0.0164470433314665
909.62069,,0.003046208131223368,909.081,0.7739999890327454,-0.017127560692558743
910.086207,,0.005219403016003841,909.546,0.7860000133514404,0.008439499456431519
910.5517239999999,,0.006529203466422813,910.01,0.8050000071525574,0.049379480502093676
911.017241,,0.0053216525348952146,910.472,0.7929999828338623,0.022918482265582924
911.482759,,0.0016404725142117153,910.94,0.7870000004768372,0.009676139226580387
911.948276,,0.002078441379350833,911.402,0.7699999809265137,-0.027380467084461842
912.413793,,0.0029872694326533917,911.866,0.7860000133514404,0.007609297850727467
912.87931,,0.0004351245793636296,912.335,0.7829999923706055,0.0013512810564382826
913.344828,,0.0033157257553467715,912.801,0.7960000038146973,0.03008985863713507
913.810345,,0.004940785537304814,913.266,0.7699999809265137,-0.026014156295722318
914.275862,,0.0030251183054838702,913.732,0.7839999794960022,0.005135015621756332
914.7413789999999,,0.0005450339168118493,914.191,0.7649999856948853,-0.03552484907703926
915.206897,,0.0023926139945636194,914.657,0.8130000233650208,0.06984853999048678
915.672414,,0.0008895757490423805,915.121,0.734000027179718,-0.10142803227778255
916.137931,,0.002677885603709541,915.587,0.7870000004768372,0.014888286521615272
916.6034480000001,,0.005831565499030025,916.05,0.7839999794960022,0.009185447156826126
917.0689659999999,,0.006992776037843134,916.52,0.7730000019073486,-0.013986626175274519
917.5344829999999,,0.005995482885100864,916.98,0.6200000047683716,-0.34659508383040105
918.0,,0.003583490632057114,917.45,0.7889999747276306,0.022228102275899046
918.465517,,0.0008151312776051218,917.913,0.8169999718666077,0.08375313656516815
918.931034,,0.0016544782620735016,918.376,0.7599999904632568,-0.04002832937531356
919.396552,,0.004019834668313951,918.842,0.7730000019073486,-0.01143915082026043
919.862069,,0.006596741653208635,919.305,0.7870000004768372,0.019185688160573002
920.327586,,0.008639654057231333,919.77,0.765999972820282,-0.026588241703145287
920.793103,,0.00877420720294067,920.236,0.7879999876022339,0.021174863355320858
921.258621,,0.006939777137414917,920.702,0.7639999985694885,-0.03141928800927858
921.7241379999999,,0.004920166842852665,921.169,0.7720000147819519,-0.014426461741632257
922.189655,,0.0042300517154352,921.634,0.7710000276565552,-0.017157553118267097
922.655172,,0.004294647039858721,922.101,0.7950000166893005,0.03447950502505212
923.12069,,0.0036652434975460875,922.566,0.7820000052452087,0.005429605513385737
923.5862070000001,,0.002395019325874755,923.029,0.7910000085830688,0.02425597877824129
924.051724,,0.001969621328343339,923.491,0.7649999856948853,-0.03320051921896124
924.517241,,0.0029795316047545608,923.961,0.7850000262260437,0.00955565795568278
924.982759,,0.004010732993205131,924.424,0.7720000147819519,-0.019563726930759515
925.448276,,0.00328145611367174,924.892,0.7879999876022339,0.014542440246049953
925.9137929999999,,0.000672641364173755,925.355,0.7639999985694885,-0.03842947667099118
926.3793099999999,,0.002398640430893741,925.82,0.7739999890327454,-0.01723899914527403
926.844828,,0.004554868562835827,926.286,0.7850000262260437,0.006236916802003312
927.310345,,0.005174708521060004,926.751,0.765999972820282,-0.035525063865244864
927.775862,,0.004023169217691055,927.213,0.765999972820282,-0.0357602784752321
928.241379,,0.0013949475619149496,927.678,0.777999997138977,-0.009712534619279484
928.706897,,0.0011853358100749557,928.143,0.7879999876022339,0.012120212087581414
929.1724139999999,,0.0016326202837975033,928.609,0.7450000047683716,-0.08137500977805087
929.637931,,0.0003846451821079811,929.074,0.7490000128746033,-0.07234081892532283
930.103448,,0.0024517415577518823,929.54,0.7870000004768372,0.010890200285738191
930.568966,,0.0019133114248597685,930.002,0.7710000276565552,-0.023415669466734932
931.034483,,0.0008359263313821549,930.465,0.7870000004768372,0.01208833350438
931.5,,0.002815178213350217,930.933,0.7820000052452087,0.0019140591340426304
931.965517,,0.0022417114058414316,931.395,0.765999972820282,-0.03217471180303737
932.4310340000001,,0.0004211432246486129,931.865,0.7210000157356262,-0.12941885766523206
932.896552,,0.0005733556547696903,932.328,0.7720000147819519,-0.017513115855309458
933.3620689999999,,0.0006885937635085023,932.793,0.7870000004768372,0.015937741202574688
933.827586,,0.001431913579418008,933.258,0.7879999876022339,0.018841872092605124
934.293103,,0.003544723263308697,933.724,0.6919999718666077,-0.18965234829073105
934.758621,,0.0060681598211869145,934.191,0.7699999809265137,-0.019153077650630845
935.224138,,0.00730537748051038,934.657,0.7860000133514404,0.01616276600900881
935.689655,,0.006235634215376873,935.121,0.7789999842643738,0.001250500617472288
936.155172,,0.0034454778626675183,935.586,0.7990000247955322,0.04503321444758005
936.6206900000001,,0.0009947049514370905,936.047,0.7760000228881836,-0.005000724307995818
937.0862070000001,,0.0008123848437060727,936.51,0.7680000066757202,-0.022492250963382546
937.5517239999999,,0.0027759338777997755,936.98,0.765999972820282,-0.027047797797913622
938.0172409999999,,0.004659616350089435,937.443,0.7820000052452087,0.007483038600017028
938.482759,,0.004186685039406414,937.906,0.7699999809265137,-0.019107219101020315
938.948276,,0.0010071820082068453,938.376,0.7820000052452087,0.0064854334413086325
939.413793,,0.002992563322504921,938.842,0.7739999890327454,-0.011582569595590649
939.87931,,0.0049923708644653095,939.304,0.7879999876022339,0.018212111797494834
940.344828,,0.0036772975907645787,939.77,0.7730000019073486,-0.015219750633299847
940.8103450000001,,0.0010673326776259131,940.236,0.7879999876022339,0.016685165932757987
941.2758620000001,,0.0008131073109299493,940.701,0.7739999890327454,-0.014589559243041927
941.7413789999999,,0.0037085392607527647,941.166,0.7630000114440918,-0.039303911087106805
942.206897,,0.0062135002027010906,941.631,0.7990000247955322,0.03842549703857278
942.672414,,0.004862755257229738,942.091,0.7720000147819519,-0.021030750736202496
943.137931,,0.0009881529793611325,942.557,0.7910000085830688,0.019819409512132152
943.603448,,0.0009005470700069566,943.025,0.7850000262260437,0.006308475298691612
944.068966,,0.0010245467725036915,943.487,0.7889999747276306,0.014702363585792834
944.534483,,0.003801802042426863,943.955,0.7739999890327454,-0.01817018429565267
945.0,,0.003881777491115977,944.417,0.7730000019073486,-0.02040881635532343
945.465517,,0.0016032456974650622,944.88,0.7850000262260437,0.005809259807505077
945.931034,,0.00016182323294304375,945.35,0.7870000004768372,0.010372850228168968
946.3965519999999,,0.0010789153765514052,945.816,0.7609999775886536,-0.04594043574695401
946.862069,,0.0023179098735234688,946.279,0.7699999809265137,-0.02588685854070902
947.327586,,0.0009875180615199525,946.745,0.7699999809265137,-0.02534108723284171
947.793103,,0.0032368901664030585,947.209,0.777999997138977,-0.007282613088098621
948.2586210000001,,0.007885875828699545,947.675,0.7860000133514404,0.01084039805070723
948.724138,,0.010172337670161567,948.14,0.7889999747276306,0.01811377260041489
949.189655,,0.00912786668715577,948.606,0.7990000247955322,0.04065944601966012
949.655172,,0.0058306060218376865,949.065,0.7850000262260437,0.010915906054732931
950.12069,,0.0023443657746774777,949.531,0.7710000276565552,-0.018852948317457756
950.586207,,0.00034935970515968096,949.999,0.7710000276565552,-0.01816919780750224
951.051724,,0.00010330786857181163,950.461,0.7870000004768372,0.017303593033944922
951.517241,,0.0004273542992151482,950.932,0.7839999794960022,0.011294642172665513
951.982759,,5.300322791518138e-05,951.395,0.7739999890327454,-0.010068172956061234
952.4482760000001,,0.001461499390228424,951.865,0.765999972820282,-0.02719048738161672
952.913793,,0.0026025329682848953,952.321,0.7599999904632568,-0.04008193645903214
953.37931,,0.0024669184979087765,952.786,0.7860000133514404,0.016611756790224436
953.844828,,0.0015172995468820168,953.251,0.7910000085830688,0.02742187640956838
954.310345,,0.001127778686027064,953.717,0.7739999890327454,-0.00982699738117725
954.775862,,0.0020279304769202844,954.184,0.7599999904632568,-0.04066259562774647
955.2413789999999,,0.003775945352542303,954.65,0.7879999876022339,0.01989254002929787
955.706897,,0.005459365951958574,955.114,0.7839999794960022,0.010633020524060495
956.172414,,0.00628985083812896,955.58,0.7979999780654907,0.040508875721496404
956.6379310000001,,0.0057383420856065405,956.043,0.7910000085830688,0.02457246257797503
957.1034480000001,,0.003806143095934856,956.505,0.7850000262260437,0.010774942231450035
957.5689659999999,,0.0012319658659708961,956.976,0.7020000219345093,-0.17079801814355577
958.034483,,0.0009908587273937844,957.439,0.8119999766349792,0.06811048519714027
958.5,,0.0023848844077997036,957.903,0.7730000019073486,-0.0175727583134807
958.965517,,0.0031604788652371224,958.365,0.7829999923706055,0.003547255378689715
959.431034,,0.0038693745405374127,958.83,0.7770000100135803,-0.010121677775499693
959.896552,,0.005176348135169762,959.301,0.8080000281333923,0.056907496669507486
960.362069,,0.007566550724531034,959.766,0.8009999990463257,0.041252307926051474
960.827586,,0.010510810470629357,960.227,0.7649999856948853,-0.03746747759508685
961.2931030000001,,0.011963756686028433,960.693,0.7870000004768372,0.010298114482386342
961.758621,,0.009638425844040961,961.158,0.7850000262260437,0.005904647212115118
962.2241379999999,,0.0034071659246572928,961.624,0.777999997138977,-0.009252697953380323
962.689655,,0.0038044356770579337,962.091,0.7590000033378601,-0.050428105938466285
963.155172,,0.007941176981915423,962.55,0.7950000166893005,0.028340688144393923
963.62069,,0.006963928092490176,963.021,0.7990000247955322,0.037501644297251585
964.0862070000001,,0.002561892970323596,963.483,0.7910000085830688,0.02061446471220193
964.551724,,0.0011418740680169933,963.951,0.7879999876022339,0.014699108943483731
965.017241,,0.0011816681723967042,964.413,0.7739999890327454,-0.015122502620804085
965.482759,,0.0016764160438451753,964.876,0.7870000004768372,0.01391694794450446
965.948276,,0.004336406156021993,965.346,0.7820000052452087,0.003756255389912426
966.4137929999999,,0.004985195880732931,965.805,0.7870000004768372,0.015375235838991794
966.87931,,0.004295678946349915,966.27,0.7889999747276306,0.020429309101597685
967.344828,,0.0035457063235922962,966.735,0.7739999890327454,-0.011603905815319308
967.810345,,0.0032559974364045844,967.202,0.7689999938011169,-0.021921324648210658
968.2758620000001,,0.003659943339743897,967.668,0.7820000052452087,0.0068885657709930465
968.741379,,0.004761814995667144,968.136,0.7870000004768372,0.018166601774693664
969.2068969999999,,0.0055349033317235435,968.601,0.7599999904632568,-0.040386379247023624
969.672414,,0.004427135083445838,969.066,0.7689999938011169,-0.02063092700065829
970.137931,,0.001251647750570444,969.525,0.5509999990463257,-0.4955602214507907
970.603448,,0.002141794086023131,969.995,0.765999972820282,-0.02726976886202244
971.068966,,0.0034956147180538067,970.458,0.7850000262260437,0.013879052163692531
971.534483,,0.002289194173559576,970.921,0.7720000147819519,-0.014802683933975882
972.0,,0.00023502484379400566,971.391,0.765999972820282,-0.028335948642981824
972.465517,,0.0005126780528166939,971.862,0.765999972820282,-0.028884763335061122
972.9310340000001,,0.00010061199058747841,972.317,0.7699999809265137,-0.02078899454709828
973.3965519999999,,0.00015955183374562928,972.783,0.7889999747276306,0.01993654675742766
973.862069,,0.002694256961675935,973.247,0.7870000004768372,0.014882327312136534
974.327586,,0.005589627581711952,973.714,0.8119999766349792,0.06864576755885525
974.793103,,0.005779181282546292,974.18,0.7599999904632568,-0.04533087234204507
975.2586210000001,,0.003155753188766735,974.646,0.7850000262260437,0.008484328238253156
975.724138,,0.0006613613989895885,975.111,0.7870000004768372,0.012245978255781456
976.189655,,0.0003856756758886274,975.576,0.7860000133514404,0.009545656479203801
976.655172,,0.0014888807451405512,976.039,0.7860000133514404,0.009113274624475046
977.12069,,0.0023734619988442463,976.501,0.7879999876022339,0.013140017590290728
977.586207,,0.0030639638038689907,976.969,0.652999997138977,-0.2811993679765926
978.0517239999999,,0.004235456139585122,977.431,0.7710000276565552,-0.02422856164269629
978.517241,,0.005127187735821106,977.895,0.6949999928474426,-0.18980088787931676
978.982759,,0.0042793065875977405,978.365,0.7870000004768372,0.010755176390110508
979.448276,,0.0021195175250357666,978.83,0.7630000114440918,-0.041299533048386114
979.913793,,0.0009499318313696377,979.293,0.7889999747276306,0.015684296872179936
980.37931,,0.0018054346622999962,979.759,0.7680000066757202,-0.029632802519762948
980.8448279999999,,0.002859519397685325,980.224,0.7739999890327454,-0.016044990882423307
981.310345,,0.0019275838795291167,980.69,0.7549999952316284,-0.05685858595489679
981.775862,,0.0006280045485663678,981.154,0.7910000085830688,0.022200297466577718
982.2413789999999,,0.0027763473711869893,981.62,0.7360000014305115,-0.09697065708075309
982.706897,,0.0038714891226403034,982.084,0.7789999842643738,-0.0026274640008626185
983.172414,,0.005237902353454151,982.55,0.7739999890327454,-0.012872602080493359
983.637931,,0.0075579325983559965,983.013,0.7699999809265137,-0.020971528199123398
984.1034480000001,,0.009099630934377354,983.476,0.7870000004768372,0.016630248071121824
984.568966,,0.007685529708864237,983.947,0.7910000085830688,0.025842181236534797
985.0344829999999,,0.003935185583154203,984.409,0.7630000114440918,-0.034745016252159
985.5,,0.0011856269385070208,984.873,0.8059999942779541,0.05925697754230607
985.965517,,0.0018149282839124803,985.335,0.7699999809265137,-0.018958173391880405
986.431034,,0.004700970819037199,985.801,0.7910000085830688,0.026899534475571366
986.896552,,0.007086834026316919,986.266,0.7820000052452087,0.007284555122503337
987.362069,,0.008078375940133197,986.732,0.7710000276565552,-0.01680035442096304
987.827586,,0.008982770443952156,987.199,0.7649999856948853,-0.030101499430238828
988.293103,,0.01043864245664543,987.665,0.7870000004768372,0.017497673779418528
988.758621,,0.010775426782897078,988.125,0.765999972820282,-0.02867634951492179
989.2241379999999,,0.008059933104336873,988.59,0.7870000004768372,0.016575081596654172
989.6896549999999,,0.0030188075686983233,989.062,0.7839999794960022,0.009476799197843881
990.155172,,0.0011526859728385583,989.52,0.7860000133514404,0.013227579998734211
990.62069,,0.0019191072590530453,989.988,0.7710000276565552,-0.020084599668724064
991.0862070000001,,0.00022953757843515018,990.45,0.7860000133514404,0.011955912252033355
991.551724,,0.0024476550792331426,990.921,0.871999979019165,0.19869517383582463
992.017241,,0.0020544598280907394,991.383,0.7850000262260437,0.00856382012049721
992.4827590000001,,0.0013572468686344407,991.849,0.7950000166893005,0.029813089539266976
992.948276,,0.00555101770412437,992.313,0.7649999856948853,-0.03601770081416304
993.4137929999999,,0.007365478001722763,992.779,0.7839999794960022,0.004984678320399635
993.8793099999999,,0.005485587095435121,993.243,0.7950000166893005,0.02864909480404807
994.344828,,0.0017204364199085761,993.709,0.7450000047683716,-0.0804845519173
994.810345,,0.0008151148977894253,994.174,0.7620000243186951,-0.0435446877969829
995.275862,,0.0007718273318799444,994.639,0.8090000152587891,0.05886163664055014
995.741379,,0.0004850879384022108,995.106,0.7670000195503235,-0.03252414866613691
996.206897,,0.0006987344085116888,995.572,0.7850000262260437,0.006912367329213957
996.672414,,0.0010685719034072446,996.035,0.671999990940094,-0.23896018743135589
997.137931,,0.0037555459863137953,996.498,0.7820000052452087,0.001088592424455591
997.603448,,0.005102000964330784,996.965,0.7870000004768372,0.012451570109352862
998.0689659999999,,0.003223065676233325,997.428,0.7739999890327454,-0.015340960748239114
998.534483,,0.0018756116834545578,997.891,0.6499999761581421,-0.2849220622041088
999.0,,0.007958296502795038,998.361,0.7889999747276306,0.01850371117027138
999.465517,,0.011835078237586307,998.82,0.7870000004768372,0.01474733216837909
999.9310340000001,,0.011433348138752398,999.286,0.7739999890327454,-0.012982400532345043
1000.396552,,0.007354678717608773,999.751,0.7950000166893005,0.03333627748696296
1000.862069,,0.002714647692724205,1000.217,0.7689999938011169,-0.022784076703421627
1001.3275859999999,,0.0007807112286066959,1000.683,0.7860000133514404,0.01471945413743067
1001.793103,,0.0019679134721606643,1001.151,0.7950000166893005,0.034722221934319605
1002.258621,,0.003365506582923759,1001.616,0.765999972820282,-0.028146819374193267
1002.724138,,0.0019464650759385075,1002.081,0.7710000276565552,-0.017034593901485012
1003.1896549999999,,0.001937985641867839,1002.546,0.7879999876022339,0.020121754533375204
1003.655172,,0.0052254933340429716,1003.009,0.7699999809265137,-0.019077064664586682
1004.12069,,0.006203724420751894,1003.472,0.7870000004768372,0.017873924037820725
1004.5862070000001,,0.006358057100936452,1003.94,0.7879999876022339,0.019866421612755696
1005.051724,,0.007569463511584549,1004.402,0.9649999737739563,0.40521036883550193
1005.5172409999999,,0.009081406300302507,1004.866,0.7860000133514404,0.014875887019031352
1005.9827589999999,,0.008584067311657147,1005.335,0.7950000166893005,0.03405498886757211
1006.448276,,0.005349273585773595,1005.801,0.7789999842643738,-0.0012956645542319704
1006.913793,,0.0009761243552745009,1006.266,0.5199999809265137,-0.5661126022909959
1007.3793099999999,,0.00248563366112701,1006.732,0.7960000038146973,0.034604380503511036
1007.8448280000001,,0.004152580320036513,1007.191,0.7720000147819519,-0.01829435642032413
1008.310345,,0.004492366401862365,1007.657,0.777999997138977,-0.005831897786224321
1008.7758620000001,,0.004934263300816955,1008.121,0.7730000019073486,-0.017314744750415917
1009.241379,,0.007008067680533216,1008.587,0.777999997138977,-0.006973539343767757
1009.706897,,0.010611932574423668,1009.05,0.7829999923706055,0.003422123606900158
1010.1724139999999,,0.013066406343715182,1009.52,0.7699999809265137,-0.025328329043814723
1010.637931,,0.011352178601375232,1009.98,0.7860000133514404,0.009184664842259658
1011.1034480000001,,0.005944992326920862,1010.451,0.7850000262260437,0.006754018904626524
1011.568966,,0.0011121285087546864,1010.914,0.7699999809265137,-0.026076634972795065
1012.0344830000001,,0.0002998004063573174,1011.376,0.7950000166893005,0.02834470708938762
1012.5,,0.0022450786746102255,1011.842,0.7570000290870667,-0.05438153234606596
1012.9655170000001,,0.003041395784816899,1012.312,0.7860000133514404,0.008966977446697484
1013.431034,,0.0012191490945334925,1012.77,0.7950000166893005,0.028843587113429256
1013.896552,,0.00118168218958514,1013.236,0.9520000219345093,0.3712572692225701
1014.3620689999999,,0.0023482898447160566,1013.701,0.7889999747276306,0.016592120125442783
1014.827586,,0.003043356929600826,1014.165,0.8009999990463257,0.04326301357403982
1015.2931030000001,,0.004332685499159577,1014.631,0.9819999933242798,0.43818245679780937
1015.7586210000001,,0.005151916977852595,1015.095,0.7599999904632568,-0.04485203791094439
1016.2241380000002,,0.003895086378138416,1015.561,0.7910000085830688,0.02332962668033014
1016.689655,,0.0010289612795574962,1016.025,0.765999972820282,-0.03049890719621006
1017.1551720000001,,0.0016914041340680762,1016.494,0.777999997138977,-0.003743047936659139
1017.62069,,0.0035384439303801176,1016.955,0.7870000004768372,0.01643215695456576
1018.0862070000001,,0.004494346382918462,1017.425,0.7870000004768372,0.01693779704270126
1018.5517239999999,,0.003700546192826036,1017.888,0.765999972820282,-0.02838585830946421
1019.017241,,0.0006772298017525716,1018.35,0.7689999938011169,-0.021513369368709824
1019.482759,,0.0023267380111695888,1018.816,0.7860000133514404,0.015758384700442503
1019.9482760000001,,0.0020034846918431377,1019.28,0.7910000085830688,0.026778155523728912
1020.4137929999999,,0.0012585797724850348,1019.745,0.8180000185966492,0.08561738794408517
1020.87931,,0.0027197738296094944,1020.21,0.7739999890327454,-0.01033842952092298
1021.3448279999999,,0.0008442152700707583,1020.676,0.7850000262260437,0.013422926571873871
1021.810345,,0.006228380588994664,1021.143,0.7689999938011169,-0.02174229778938453
1022.2758620000001,,0.007266891642341203,1021.608,0.777999997138977,-0.0025346409565996427
1022.7413789999999,,0.0027411386993948456,1022.073,0.7889999747276306,0.020949682681251122
1023.2068969999999,,0.001997955417628445,1022.539,0.7739999890327454,-0.012275958619716861
1023.672414,,0.002041631863962528,1023.006,0.765999972820282,-0.030299667087465034
1024.137931,,0.0011355117801245516,1023.469,0.7900000214576721,0.021363493104146165
1024.6034479999998,,0.002658654644935123,1023.932,0.765999972820282,-0.03155891432729889
1025.068966,,0.0011177698682608432,1024.402,0.7680000066757202,-0.02782700646301216
1025.534483,,0.0004997414568311178,1024.865,0.7919999957084656,0.02386397969273206
1026.0,,3.349630486133323e-05,1025.328,0.7400000095367432,-0.08997481463573685
1026.465517,,0.0009311938494431629,1025.793,0.7889999747276306,0.01629394909543767
1026.931034,,0.0003244782012511785,1026.259,0.7870000004768372,0.011531815429343242
1027.396552,,0.0006796250121523903,1026.725,0.8059999942779541,0.052615176359173114
1027.862069,,0.0006102838831118431,1027.192,0.7649999856948853,-0.036916913207374315
1028.327586,,0.0037826348971267965,1027.65,0.7599999904632568,-0.047908966040374465
1028.793103,,0.004857658889527788,1028.117,0.7440000176429749,-0.08275572891792174
1029.2586210000002,,0.0013443190966030822,1028.583,0.7990000247955322,0.03719186416351781
1029.724138,,0.003805836131455322,1029.045,0.7870000004768372,0.011277890292106406
1030.1896550000001,,0.005160212841783813,1029.514,0.7919999957084656,0.022502444993406527
1030.655172,,0.001393194632034139,1029.977,0.7879999876022339,0.014210058212910107
1031.12069,,0.0028968663631900103,1030.44,0.8029999732971191,0.04738982696891995
1031.5862069999998,,0.0024349860355969482,1030.91,0.7630000114440918,-0.03919419109993324
1032.051724,,0.0029334554818072353,1031.372,0.796999990940094,0.03548521583850271
1032.517241,,0.008339525289988702,1031.838,0.7599999904632568,-0.04449516878479249
1032.982759,,0.00897878275147001,1032.301,0.777999997138977,-0.004645810226384035
1033.448276,,0.00451214376201505,1032.766,0.7870000004768372,0.01557993407651264
1033.913793,,0.001212335732418472,1033.235,0.7739999890327454,-0.01215938933348429
1034.37931,,0.004304448407171833,1033.701,0.7879999876022339,0.018871711287924406
1034.844828,,0.0043995729362703165,1034.16,0.7649999856948853,-0.03077713001173218
1035.310345,,0.0039512554778310125,1034.626,0.7910000085830688,0.026243428800007036
1035.775862,,0.004625058311684959,1035.092,0.7570000290870667,-0.04755130091398374
1036.241379,,0.005616789383337836,1035.557,0.8360000252723694,0.12473691176989563
1036.706897,,0.005482994907066467,1036.021,0.765999972820282,-0.027702538516015736
1037.1724140000001,,0.004070617773787591,1036.491,0.7850000262260437,0.013646340163436535
1037.637931,,0.0020869254552637433,1036.954,0.7680000066757202,-0.023547498085908145
1038.103448,,7.171423699549953e-05,1037.417,0.800000011920929,0.04590657804035581
1038.5689659999998,,0.0014793032889709391,1037.88,0.7870000004768372,0.01722433092487888
1039.034483,,0.001995729312525021,1038.35,0.75,-0.06383184222191396
1039.5,,0.001625612315609852,1038.816,0.7860000133514404,0.014080086905336379
1039.9655169999999,,0.0014491399845921215,1039.279,0.7820000052452087,0.004789588091718884
1040.431034,,0.002128432812584822,1039.745,0.7680000066757202,-0.02632541276370292
1040.896552,,0.0028009451218876658,1040.21,0.7239999771118164,-0.12282008280561674
1041.362069,,0.002117814142598152,1040.675,0.7950000166893005,0.031229362592656885
1041.8275859999999,,0.00010691039113805186,1041.14,0.7889999747276306,0.017543749180854388
1042.293103,,0.0018779429923389212,1041.606,0.7689999938011169,-0.02660154330456396
1042.758621,,0.0029505446847468138,1042.066,0.7860000133514404,0.009922052071075497
1043.224138,,0.0034273871280807934,1042.532,0.765999972820282,-0.03408947530630945
1043.6896550000001,,0.0036400905009405906,1042.995,0.7850000262260437,0.006955394676573942
1044.155172,,0.003192245443371412,1043.465,0.7950000166893005,0.028492799980173417
1044.62069,,0.0021344911018284798,1043.928,0.7689999938011169,-0.02829249821063033
1045.086207,,0.0019454752003716207,1044.391,0.7910000085830688,0.019610266211463008
1045.5517240000001,,0.003989841767600992,1044.862,0.7839999794960022,0.00444605236957908
1046.017241,,0.007141126411995442,1045.324,0.7620000243186951,-0.043286743911390126
1046.482759,,0.008285299203626426,1045.79,0.7950000166893005,0.028910511543034347
1046.9482759999999,,0.005721771793521769,1046.254,0.7710000276565552,-0.022979867183113213
1047.413793,,0.0012127152305007325,1046.72,0.7860000133514404,0.010179830385342347
1047.8793099999998,,0.0019320099665259005,1047.185,0.7699999809265137,-0.024131161733116628
1048.344828,,0.0021949872728560835,1047.65,0.7739999890327454,-0.01481913460361264
1048.8103449999999,,0.0008217014897719772,1048.11,0.7820000052452087,0.0032385864262288854
1049.275862,,0.0001357316479569728,1048.575,0.7210000157356262,-0.12902003885423688
1049.741379,,0.0014226174967278812,1049.043,0.8009999990463257,0.04590048570616021
1050.206897,,0.003927595682414166,1049.506,0.7889999747276306,0.020356751403390806
1050.6724140000001,,0.005594868383538066,1049.977,0.7870000004768372,0.016553197430613155
1051.137931,,0.0053770261137407035,1050.439,0.7730000019073486,-0.013458677353557909
1051.603448,,0.004737138378344043,1050.902,0.7649999856948853,-0.030479372122448157
1052.068966,,0.00568877065372626,1051.365,0.8209999799728394,0.09184036136958876
1052.5344830000001,,0.007327870417387016,1051.83,0.7879999876022339,0.0201584843014219
1053.0,,0.006121840381874687,1052.301,0.7549999952316284,-0.0516329316196483
1053.465517,,0.0005980768997304133,1052.767,0.7900000214576721,0.024609655163190296
1053.9310340000002,,0.00562713688997624,1053.232,0.7689999938011169,-0.021265961537328227
1054.3965520000002,,0.007053458464342831,1053.69,0.7850000262260437,0.013358766811789298
1054.8620689999998,,0.0023007131108368152,1054.157,0.7570000290870667,-0.04798003620264478
1055.3275859999999,,0.004214069128387822,1054.623,0.7870000004768372,0.016950152193802137
1055.793103,,0.006898654042041077,1055.088,0.7910000085830688,0.025157058835873998
1056.258621,,0.0045102744786311285,1055.553,0.7609999775886536,-0.040772592731715566
1056.724138,,0.00044520354650333247,1056.021,0.7710000276565552,-0.019601439245086838
1057.189655,,0.0017502277371305756,1056.483,0.7870000004768372,0.014615600075248645
1057.655172,,0.0017074510785780245,1056.947,0.7730000019073486,-0.016531850929495058
1058.12069,,0.0010199312458407466,1057.417,0.7739999890327454,-0.01498444539668842
1058.586207,,0.00040964471524382773,1057.88,0.7870000004768372,0.012741955485745972
1059.051724,,0.0006649991447551438,1058.343,0.765999972820282,-0.03355163436891667
1059.517241,,0.002263051679697753,1058.808,0.7990000247955322,0.0378734725083417
1059.982759,,0.0031762505431116254,1059.272,0.7919999957084656,0.02223959290276649
1060.448276,,0.0022683774009894086,1059.738,0.796999990940094,0.032849396625961494
1060.9137930000002,,4.158278171618213e-05,1060.202,0.7820000052452087,-5.0658467588560185e-06
1061.37931,,0.0015981777300656129,1060.668,0.7979999780654907,0.034792631618016275
1061.844828,,0.0010370950794826163,1061.136,0.8939999938011169,0.24400059074834615
1062.310345,,0.0017219117246869955,1061.601,0.7820000052452087,0.00016770569900197109
1062.775862,,0.005173896841457133,1062.062,0.7979999780654907,0.03531228149603531
1063.2413789999998,,0.0074804803692437435,1062.527,0.6439999938011169,-0.2998165682633016
1063.706897,,0.007544933799510407,1062.995,0.7649999856948853,-0.035735483740235365
1064.172414,,0.005215560080846392,1063.458,0.7900000214576721,0.01926430025584438
1064.637931,,0.0011289847759489284,1063.921,0.753000020980835,-0.06075751444552264
1065.1034479999998,,0.0030479861428750034,1064.391,0.777999997138977,-0.005667243057697473
1065.568966,,0.00489779009588225,1064.862,0.7879999876022339,0.016760129370532294
1066.034483,,0.003197016991942593,1065.317,0.7870000004768372,0.015220012213676639
1066.5,,0.0003020890538609528,1065.782,0.7739999890327454,-0.012486410645670801
1066.965517,,0.002251458824314748,1066.251,0.7879999876022339,0.018588724804381104
1067.431034,,0.0012279513235678144,1066.716,0.7760000228881836,-0.00704086450968282
1067.8965520000002,,0.001127338179241744,1067.177,0.7860000133514404,0.015183680068339459
1068.362069,,0.002813615269828611,1067.642,0.7699999809265137,-0.01932666769896787
1068.827586,,0.00395498846537354,1068.11,0.7710000276565552,-0.016901114863850854
1069.293103,,0.005460079512128651,1068.576,0.7889999747276306,0.02245224308720336
1069.7586210000002,,0.0062680655650767195,1069.036,0.8230000138282776,0.09655213251931255
1070.224138,,0.003940467366857359,1069.506,0.7789999842643738,0.0006050640458385519
1070.6896550000001,,0.0017408162770335362,1069.969,0.7910000085830688,0.02655207979342837
1071.155172,,0.007251699828011865,1070.431,0.6859999895095825,-0.20250969356067988
1071.62069,,0.008367664561377355,1070.899,0.7699999809265137,-0.0199062223575132
1072.0862069999998,,0.004477474187872738,1071.361,0.7739999890327454,-0.01168028504930759
1072.551724,,0.0004495104509814369,1071.827,0.7820000052452087,0.005191862587892549
1073.017241,,0.0012325638317419777,1072.291,0.7870000004768372,0.015477603564369518
1073.482759,,0.003737765742398095,1072.756,0.9330000281333923,0.33292470981721894
1073.948276,,0.010444149694259618,1073.221,0.7620000243186951,-0.040266056277723554
1074.413793,,0.012240075069446379,1073.686,0.8069999814033508,0.05714244968512189
1074.87931,,0.00595090015745551,1074.15,0.7699999809265137,-0.02406975140995219
1075.344828,,0.004698045345455591,1074.616,0.7870000004768372,0.012411995142524123
1075.810345,,0.012446023296053764,1075.081,0.7850000262260437,0.007563355793116211
1076.275862,,0.01352457172931192,1075.546,0.7710000276565552,-0.023349998026452337
1076.741379,,0.010669841174773436,1076.014,0.7720000147819519,-0.021492285240945957
1077.206897,,0.009089869634992562,1076.476,0.8069999814033508,0.054541212009281664
1077.6724140000001,,0.010636255021279167,1076.94,0.7689999938011169,-0.028357386899551317
1078.1379310000002,,0.012763357884653635,1077.409,0.7990000247955322,0.03700463531288637
1078.603448,,0.012360160404256604,1077.877,0.7900000214576721,0.017511892375047085
1079.0689659999998,,0.009309744003186836,1078.339,0.7680000066757202,-0.03019441540742203
1079.534483,,0.006264864118078514,1078.805,0.7879999876022339,0.013703899090621079
1080.0,,0.005690615628831369,1079.27,0.7889999747276306,0.01629956145353238
1080.4655169999999,,0.00737413496919203,1079.735,0.765999972820282,-0.033313569171916114
1080.931034,,0.008709613815288259,1080.195,0.7870000004768372,0.012996922509120832
1081.396552,,0.00741520662718592,1080.66,0.7570000290870667,-0.051758173294664006
1081.862069,,0.0037299111589471383,1081.125,0.7710000276565552,-0.020626370893745877
1082.3275859999999,,0.00034465280980740915,1081.591,0.7889999747276306,0.01922716401250093
1082.793103,,0.0034596220779046817,1082.058,0.7889999747276306,0.019853651331668255
1083.258621,,0.005807106024005789,1082.524,0.9150000214576721,0.2949619346767561
1083.724138,,0.007960307135741447,1082.985,0.7870000004768372,0.016648817675955326
1084.1896550000001,,0.009867748493887949,1083.455,0.7860000133514404,0.01496009207681671
1084.655172,,0.011058427597405605,1083.917,0.7649999856948853,-0.03038411017001914
1085.1206900000002,,0.011076349831515989,1084.387,0.7910000085830688,0.026572691409344564
1085.586207,,0.009641847935287275,1084.845,0.7910000085830688,0.026779600715533317
1086.0517240000001,,0.007044973438190777,1085.315,0.7870000004768372,0.0181606832233599
1086.517241,,0.004549406269825313,1085.781,0.765999972820282,-0.027610278647290955
1086.982759,,0.0037921193540913297,1086.246,0.8119999766349792,0.0724737385025774
1087.4482759999999,,0.005092377286137989,1086.705,0.7839999794960022,0.01122788275614556
1087.913793,,0.0063491518923704925,1087.17,0.7839999794960022,0.010881562655706375
1088.37931,,0.0046280213821324485,1087.635,0.7599999904632568,-0.04184533878849967
1088.844828,,0.00013723848696448867,1088.102,0.7850000262260437,0.012101698959919662
1089.3103449999999,,0.0037338281520775374,1088.568,0.7720000147819519,-0.01680364477806661
1089.775862,,0.0017701076956170964,1089.036,0.7739999890327454,-0.013074752007067671
1090.241379,,0.004729388137441983,1089.498,0.7910000085830688,0.023308251296784644
1090.706897,,0.009720039446944892,1089.962,0.7870000004768372,0.013934882723500228
1091.1724140000001,,0.00878396344472623,1090.431,0.7689999938011169,-0.025923782685129047
1091.637931,,0.003721851117639109,1090.895,0.7900000214576721,0.019220564041895496
1092.103448,,0.0004160956295527891,1091.357,0.7739999890327454,-0.016190357461908025
1092.568966,,0.001284385910205769,1091.823,0.777999997138977,-0.007956007336877225
1093.0344830000001,,0.0006772916374758926,1092.287,0.7820000052452087,0.0003656959627283507
1093.5,,0.0010187246502036747,1092.753,0.7599999904632568,-0.04785782765781366
1093.965517,,0.0024427211150928837,1093.217,0.7950000166893005,0.02821081050253157
1094.4310340000002,,0.0035562610246890718,1093.683,0.9179999828338623,0.29611878168516836
1094.896552,,0.0035947244492440596,1094.148,0.7910000085830688,0.019488078803893406
1095.362069,,0.0030019585454480503,1094.613,0.7620000243186951,-0.04351622367491571
1095.8275859999999,,0.002549443534603801,1095.081,0.7609999775886536,-0.04540867456948791
1096.293103,,0.0025883892854625568,1095.54,0.7699999809265137,-0.025414055023914858
1096.758621,,0.0029290426057944495,1096.01,0.7680000066757202,-0.02929581557611304
1097.224138,,0.0029867877731961415,1096.472,0.7089999914169312,-0.157287750982848
1097.689655,,0.0021787399218542924,1096.94,0.7950000166893005,0.03067981543791599
1098.155172,,0.0006385927616618351,1097.402,0.7870000004768372,0.013892819500725496
1098.62069,,0.00040604004065463676,1097.865,0.796999990940094,0.03634169178987929
1099.086207,,0.0005070622446453857,1098.335,0.7699999809265137,-0.021820133291584377
1099.551724,,0.0033520764691497658,1098.801,0.7900000214576721,0.02239295428455006
1100.017241,,0.005967352066414638,1099.266,0.7910000085830688,0.02517018965564069
1100.482759,,0.005752665098999945,1099.732,0.7609999775886536,-0.039650994999466796
1100.948276,,0.0021672854957229476,1100.191,0.7910000085830688,0.026169247944500266
1101.4137930000002,,0.002756349164813084,1100.657,0.7670000195503235,-0.02574962963922276
1101.87931,,0.0063437102340984765,1101.123,0.7789999842643738,0.0006590118961458679
1102.344828,,0.007390440790980445,1101.588,0.7860000133514404,0.01606252071276165
1102.8103449999999,,0.006485522659559642,1102.051,0.7770000100135803,-0.003509067194609244
1103.275862,,0.004858742915733091,1102.521,0.7670000195503235,-0.025377619385840433
1103.7413789999998,,0.003322840660576409,1102.984,0.7879999876022339,0.020175744377803378
1104.206897,,0.002067580011343126,1103.446,0.7760000228881836,-0.006275918709015154
1104.672414,,0.0008309181346302097,1103.91,0.7870000004768372,0.017281046592897864
1105.137931,,0.0007943435561554713,1104.379,0.7940000295639038,0.032036211910258655
1105.603448,,0.002605825946910146,1104.845,0.7609999775886536,-0.040426966489937356
1106.068966,,0.0033360341863845483,1105.308,0.7839999794960022,0.009058987607496745
1106.534483,,0.001806524954416064,1105.774,0.7710000276565552,-0.01992238530381263
1107.0,,0.001255341022013256,1106.239,0.7620000243186951,-0.04020510140243067
1107.465517,,0.0033756280396632604,1106.705,0.7940000295639038,0.02884200551724751
1107.931034,,0.0027360414510571307,1107.165,0.765999972820282,-0.03280340266026098
1108.3965520000002,,4.895603112512617e-05,1107.631,0.7889999747276306,0.016709077918087595
1108.862069,,0.0028226964622394776,1108.095,0.7900000214576721,0.018357054436855487
1109.327586,,0.004069816403571646,1108.561,0.7599999904632568,-0.04745102160734337
1109.793103,,0.003820403091173141,1109.032,0.7699999809265137,-0.026017635595905253
1110.258621,,0.0028126543758927106,1109.494,0.7910000085830688,0.019487813898731835
1110.7241379999998,,0.0014471497579495046,1109.962,0.7879999876022339,0.01282122732805785
1111.189655,,0.0003152680244679202,1110.424,0.7820000052452087,-0.00026110743490734484
1111.655172,,0.0022988349000162937,1110.892,0.7329999804496765,-0.10690598574246259
1112.12069,,0.003611031247743019,1111.354,0.7889999747276306,0.015322760167607197
1112.586207,,0.0031124695983203877,1111.82,0.7820000052452087,0.0004064247745008617
1113.051724,,0.0005576523290407897,1112.286,0.765999972820282,-0.03401779936291503
1113.517241,,0.0029856454294486384,1112.751,0.7889999747276306,0.016611887278874932
1113.982759,,0.005930449017212155,1113.213,0.7860000133514404,0.010667796421063688
1114.448276,,0.007091964152302296,1113.679,0.7960000038146973,0.033099311465034476
1114.913793,,0.006120231174877286,1114.147,0.7739999890327454,-0.014152765555768207
1115.37931,,0.003794942811037697,1114.605,0.7860000133514404,0.012681015695771418
1115.844828,,0.0017305648381333418,1115.07,0.781000018119812,0.0024678512279610863
1116.310345,,0.0009521557525754188,1115.536,0.7689999938011169,-0.023027233173915397
1116.775862,,0.0008486280382660116,1116.006,0.7730000019073486,-0.013715971581170473
1117.241379,,0.00020096127846444027,1116.468,0.7820000052452087,0.0064177619990972365
1117.706897,,0.0009968721814807761,1116.932,0.7620000243186951,-0.03671659694992346
1118.1724140000001,,0.0014825373094044005,1117.395,0.7870000004768372,0.0180868743651035
1118.637931,,0.0004291258771592089,1117.865,0.7910000085830688,0.02702737864485814
1119.1034479999998,,0.0014200340185848643,1118.328,0.7599999904632568,-0.04040356828174022
1119.568966,,0.0025451021573002163,1118.794,0.796999990940094,0.040190978121455834
1120.034483,,0.0022571229489747784,1119.259,0.7950000166893005,0.035696513438556426
1120.5,,0.0011612176367584808,1119.724,0.7620000243186951,-0.03645390328294901
1120.9655169999999,,0.00014806750397525074,1120.192,0.824999988079071,0.10043565238676089
1121.431034,,0.0005465050296140506,1120.65,0.7689999938011169,-0.022032468968560773
1121.896552,,0.0011421292198768125,1121.118,0.7649999856948853,-0.03129623485832528
1122.362069,,0.001719407716671516,1121.583,0.7839999794960022,0.009479538360138639
1122.827586,,0.002171377590666543,1122.051,0.7860000133514404,0.013168682355282176
1123.293103,,0.002394394097463902,1122.514,0.7760000228881836,-0.009314803872297253
1123.758621,,0.0022019324131166626,1122.977,0.7929999828338623,0.02701792836871344
1124.224138,,0.00127860951477043,1123.446,0.7720000147819519,-0.01942311455068656
1124.6896550000001,,0.00045388310861606263,1123.91,0.7559999823570251,-0.05493558981135741
1125.155172,,0.002412416667874295,1124.372,0.7680000066757202,-0.02939059912400333
1125.6206900000002,,0.0034538577378425382,1124.838,0.7910000085830688,0.020194078807147735
1126.086207,,0.0025922741718758142,1125.3,0.7480000257492065,-0.0739205741164283
1126.551724,,0.00018575962402651576,1125.766,0.7870000004768372,0.010718783769094855
1127.0172409999998,,0.0037046666358732908,1126.232,0.7620000243186951,-0.04395961979209338
1127.482759,,0.006199814527699941,1126.697,0.8820000290870667,0.21739086789145315
1127.9482759999999,,0.006292013705182976,1127.161,0.7739999890327454,-0.01786081257431541
1128.413793,,0.003768851357796119,1127.627,0.7889999747276306,0.014988887005650191
1128.87931,,0.00016076482478399052,1128.091,0.7739999890327454,-0.017400104982582904
1129.344828,,0.003352070941265245,1128.557,0.7720000147819519,-0.021355015635446825
1129.810345,,0.0038803250234646603,1129.025,0.7689999938011169,-0.027389755431701798
1130.275862,,0.0012402135248552842,1129.487,0.7919999957084656,0.023304257573927213
1130.741379,,0.003177310653148465,1129.95,0.7730000019073486,-0.017438736981413693
1131.206897,,0.0066637621567024975,1130.42,0.7919999957084656,0.02465310553157812
1131.6724140000001,,0.0067733728581839585,1130.881,0.7870000004768372,0.014482215239039576
1132.137931,,0.003337332919550752,1131.351,0.7929999828338623,0.028279050720230663
1132.603448,,0.0007074784868356202,1131.817,0.7609999775886536,-0.04073322406912627
1133.068966,,0.0013526507046275479,1132.28,0.7850000262260437,0.012215815253935454
1133.5344830000001,,0.0026460745466696835,1132.745,0.878000020980835,0.2154296468473317
1134.0,,0.00820792808798474,1133.21,0.7630000114440918,-0.03459462092719013
1134.465517,,0.01088543397169793,1133.676,0.7879999876022339,0.02029422030737126
1134.931034,,0.009008612639332733,1134.135,0.5540000200271606,-0.48920393914585036
1135.396552,,0.0042998817329683485,1134.601,0.7730000019073486,-0.011905140479658795
1135.862069,,0.0007152185964931191,1135.065,0.765999972820282,-0.02711401787573863
1136.3275859999999,,0.004617150271677246,1135.531,0.7850000262260437,0.014192135643658439
1136.793103,,0.006974841534698096,1135.999,0.7739999890327454,-0.00998825857037283
1137.258621,,0.007808014032785058,1136.462,0.777999997138977,-0.0016089345135480394
1137.724138,,0.00735797024109194,1136.925,0.7900000214576721,0.024090144145665973
1138.189655,,0.0058749807269721085,1137.394,0.7910000085830688,0.02572894651811312
1138.655172,,0.0038436309495880707,1137.865,0.7879999876022339,0.01857510402930788
1139.12069,,0.0024295713654917885,1138.32,0.7870000004768372,0.01571971207070428
1139.586207,,0.0027370415958687206,1138.786,0.7630000114440918,-0.03728304666227072
1140.0517240000001,,0.0041959923534525346,1139.251,0.7860000133514404,0.01209399847879816
1140.517241,,0.004533091636061252,1139.717,0.8040000200271606,0.050584619373188595
1140.982759,,0.002074135492269447,1140.184,0.7870000004768372,0.012852590417639682
1141.448276,,0.0020558421748973774,1140.65,0.7680000066757202,-0.02918563468170333
1141.9137930000002,,0.004413679794587417,1141.113,0.7879999876022339,0.013813770776474932
1142.37931,,0.002320400130272521,1141.58,0.7950000166893005,0.028579524822167357
1142.844828,,0.0031760029363119687,1142.043,0.7670000195503235,-0.032803668315190666
1143.3103449999999,,0.00769180472519795,1142.505,0.777999997138977,-0.009104665172864065
1143.775862,,0.007587141632898845,1142.973,0.7870000004768372,0.010360335428600192
1144.2413789999998,,0.0036624007987211284,1143.435,0.7950000166893005,0.027775084795554843
1144.706897,,0.00015897001911760732,1143.906,0.7910000085830688,0.019175199463280265
1145.172414,,0.0002054708578385001,1144.369,0.8479999899864197,0.14359958362955122
1145.637931,,0.0030028198543048195,1144.834,0.7889999747276306,0.015420736209697798
1146.103448,,0.005388676707476387,1145.297,0.7739999890327454,-0.016790196960783654
1146.568966,,0.005238063793153874,1145.763,0.7910000085830688,0.02080686413797116
1147.0344830000001,,0.0029861044725767887,1146.229,0.7630000114440918,-0.0395618379135296
1147.5,,0.00041718468797791175,1146.694,0.7850000262260437,0.00905531222587119
1147.965517,,0.0012718114491567306,1147.155,0.8040000200271606,0.05116905899110344
1148.431034,,0.0019703271556239365,1147.62,0.7820000052452087,0.00396904836773741
1148.8965520000002,,0.0017583768837486492,1148.087,0.7910000085830688,0.02429502953884161
1149.362069,,0.00036916612839150726,1148.554,0.765999972820282,-0.0294882300042636
1149.827586,,0.0020542460060414794,1149.017,0.7889999747276306,0.021247090086550936
1150.2931030000002,,0.003949776178737228,1149.487,0.7910000085830688,0.026155158668247386
1150.758621,,0.0028458118102121944,1149.951,0.5849999785423279,-0.42219205171299934
1151.2241379999998,,0.002248427355885583,1150.413,0.7820000052452087,0.007342470189114736
1151.689655,,0.008857176452703995,1150.877,0.7900000214576721,0.024991699822747154
1152.155172,,0.012485488725597469,1151.347,0.7699999809265137,-0.01848466049063832
1152.62069,,0.010918895611005744,1151.805,0.7739999890327454,-0.009799643867292636
1153.086207,,0.006622659675860684,1152.276,0.7860000133514404,0.016189705428135703
1153.551724,,0.004184068604588586,1152.742,0.7879999876022339,0.02027338649923194
1154.017241,,0.0057438939330353884,1153.2,0.7850000262260437,0.013354051889448458
1154.482759,,0.009383865244876605,1153.665,0.7730000019073486,-0.013271216285467005
1154.948276,,0.011350666866467692,1154.132,0.765999972820282,-0.0290866133600259
1155.413793,,0.009222702357544483,1154.598,0.7799999713897705,0.0007838440356433001
1155.87931,,0.0035635632422841516,1155.063,0.7870000004768372,0.015358237157468
1156.344828,,0.002544208188957694,1155.528,0.7699999809265137,-0.02237937221100044
1156.810345,,0.005751268487840036,1155.991,0.7879999876022339,0.0161330489546096
1157.2758620000002,,0.005098104536085155,1156.461,0.7730000019073486,-0.017230877393749802
1157.741379,,0.002815575313143026,1156.924,0.753000020980835,-0.061448511569122004
1158.2068969999998,,0.0023181327934854363,1157.387,0.7860000133514404,0.009861103979384044
1158.672414,,0.00515275546624035,1157.854,0.7749999761581421,-0.01461244449115855
1159.137931,,0.009599879789754016,1158.319,0.7900000214576721,0.017652482733081537
1159.6034479999998,,0.012072526542916052,1158.785,0.7620000243186951,-0.043658838853485565
1160.068966,,0.010301569188283274,1159.25,0.7730000019073486,-0.01988849873299606
1160.534483,,0.005628379503373095,1159.716,0.7870000004768372,0.010538018879225898
1161.0,,0.0017459884045460375,1160.181,0.7870000004768372,0.010586271747079306
1161.4655169999999,,0.000642353880968855,1160.647,0.7689999938011169,-0.028460338581959496
1161.931034,,0.0004666944729000671,1161.106,0.7870000004768372,0.011039302164508822
1162.396552,,0.0016970618753973004,1161.572,0.7620000243186951,-0.04303740580182698
1162.862069,,0.0056477929033732395,1162.04,0.7699999809265137,-0.025126170525584652
1163.327586,,0.008124837731742402,1162.502,0.7990000247955322,0.038614699306156366
1163.793103,,0.0070525514985624585,1162.969,0.7850000262260437,0.008734760735644422
1164.2586210000002,,0.0042636344376225195,1163.431,0.7879999876022339,0.01593360938798058
1164.724138,,0.0031473341392037383,1163.895,0.7910000085830688,0.02315363679588775
1165.1896550000001,,0.004425602660470715,1164.365,0.7699999809265137,-0.021914499688209972
1165.655172,,0.005508426920383314,1164.831,0.7839999794960022,0.009247970737084152
1166.12069,,0.00405419246384107,1165.293,0.765999972820282,-0.029349198307443217
1166.5862069999998,,0.0010477889622070324,1165.759,0.7879999876022339,0.01913772568349044
1167.051724,,0.00045936044233176195,1166.224,0.7889999747276306,0.021794455194379156
1167.517241,,0.0008849418444494142,1166.69,0.7710000276565552,-0.01703599312420252
1167.982759,,0.003468749745770224,1167.155,0.8019999861717224,0.05078242931350184
1168.4482759999999,,0.0052859381665197975,1167.62,0.7839999794960022,0.011734466966033804
1168.913793,,0.0062077076482080695,1168.081,0.7879999876022339,0.02049925761319666
1169.37931,,0.00671400206855021,1168.547,0.765999972820282,-0.02750029239925977
1169.844828,,0.005807955487453063,1169.017,0.7699999809265137,-0.018972535450298603
1170.310345,,0.002249829656283395,1169.479,0.7710000276565552,-0.01709238297388306
1170.775862,,0.0024827227427825956,1169.94,0.753000020980835,-0.05670904144870263
1171.241379,,0.00472216829055554,1170.41,0.8119999766349792,0.07134108982295063
1171.706897,,0.002978219464466065,1170.873,0.7429999709129333,-0.07954879442535079
1172.1724140000001,,0.00025043920015068246,1171.335,0.781000018119812,0.0026209123533927187
1172.637931,,0.0006120720086523579,1171.801,0.7720000147819519,-0.01764255446466981
1173.103448,,0.004317656054041986,1172.266,0.8069999814033508,0.05793953841328486
1173.568966,,0.007770978179208529,1172.732,0.781000018119812,0.0006308682923394683
1174.034483,,0.007979884310173938,1173.199,0.7770000100135803,-0.008720644781599738
1174.5,,0.005504816300248675,1173.665,0.7720000147819519,-0.02020477989744903
1174.9655169999999,,0.0028485947519571865,1174.125,0.7889999747276306,0.01630559248720156
1175.431034,,0.0014180553505700238,1174.591,0.7730000019073486,-0.018998537682294557
1175.896552,,0.0010023379698338968,1175.058,0.7860000133514404,0.008972507052151761
1176.362069,,0.0014220181454859763,1175.524,0.7860000133514404,0.008726313761857323
1176.8275859999999,,0.003219085005665166,1175.987,0.7940000295639038,0.026022309589623954
1177.293103,,0.006274660887919639,1176.45,0.6100000143051147,-0.37486880758058116
1177.758621,,0.008742688681843561,1176.918,0.7739999890327454,-0.017479749935391822
1178.224138,,0.008516617260785477,1177.381,0.8019999861717224,0.04372358481401297
1178.689655,,0.005609389881710875,1177.846,0.765999972820282,-0.03439899569672294
1179.155172,,0.002117537320478685,1178.317,0.7919999957084656,0.02265241690914903
1179.62069,,0.00016883207074771042,1178.775,0.7870000004768372,0.012250824877707695
1180.086207,,0.0011385268644339142,1179.246,0.7630000114440918,-0.0394754418993525
1180.5517240000001,,0.0012627184067982547,1179.705,0.7620000243186951,-0.04104166708428842
1181.017241,,0.0003726740534851523,1180.17,0.8320000171661377,0.11210898761926631
1181.4827590000002,,0.0016599162816941404,1180.636,0.777999997138977,-0.004878594028112112
1181.948276,,0.0038046236870044304,1181.102,0.7870000004768372,0.015381930126580552
1182.413793,,0.00469805318355827,1181.568,0.7620000243186951,-0.03845997547978945
1182.8793099999998,,0.004506317112296288,1182.036,0.7620000243186951,-0.03788438789167922
1183.344828,,0.00457206456825286,1182.498,0.7870000004768372,0.017090723296245364
1183.8103449999999,,0.00472197523768876,1182.961,0.7620000243186951,-0.036948570660116406
1184.275862,,0.0025488105758494266,1183.431,0.7789999842643738,0.00041978670285514275
1184.741379,,0.003100164728341688,1183.892,0.7760000228881836,-0.005890317534447313
1185.206897,,0.008933503370692122,1184.361,0.7710000276565552,-0.01667030279789756
1185.672414,,0.00970071741878183,1184.827,0.7870000004768372,0.01818536958466418
1186.137931,,0.004213585991497743,1185.29,0.7919999957084656,0.028960805392450273
1186.603448,,0.0026743532247861237,1185.755,0.7820000052452087,0.00694543063485935
1187.068966,,0.005060776136531797,1186.221,0.7860000133514404,0.015327015197982363
1187.5344830000001,,0.0021613044140004907,1186.687,0.7739999890327454,-0.011243838591254133
1188.0,,0.0015449562370670618,1187.151,0.7789999842643738,-0.0008585465035698104
1188.465517,,0.0018748009938281817,1187.61,0.7870000004768372,0.01599776257259435
1188.9310340000002,,0.0007178767831939812,1188.076,0.7699999809265137,-0.021659274435300982
1189.3965520000002,,0.0026422631259827877,1188.542,0.7919999957084656,0.02562329471268867
1189.862069,,0.0017502934071970274,1189.01,0.7870000004768372,0.014075118103627314
1190.3275859999999,,0.0007171212298066744,1189.472,0.7699999809265137,-0.02360379779017324
1190.793103,,0.002383973015701114,1189.936,0.7860000133514404,0.01064547208050598
1191.258621,,0.002644638337594436,1190.406,0.7889999747276306,0.016624087485719682
1191.724138,,0.0026689657429795834,1190.869,0.8019999861717224,0.044459229859946096
1192.189655,,0.003162486758312791,1191.332,0.7950000166893005,0.028806894272957434
1192.655172,,0.00322283235615642,1191.798,0.652999997138977,-0.28086796575678996
1193.12069,,0.0016944465251804478,1192.262,0.8040000200271606,0.047903629493780325
1193.586207,,0.001002517844020933,1192.728,0.7950000166893005,0.028202702691226118
1194.051724,,0.0029275805157359786,1193.194,0.7850000262260437,0.006439893520401196
1194.517241,,0.002373237756643157,1193.66,0.7789999842643738,-0.006492980067848736
1194.982759,,0.0006085317205532479,1194.125,0.765999972820282,-0.034565780575044946
1195.448276,,0.0042082068525186814,1194.591,0.7870000004768372,0.011538235265050921
1195.913793,,0.006209808216046861,1195.058,0.777999997138977,-0.00762514559350819
1196.37931,,0.005604455779816379,1195.516,0.7900000214576721,0.01904183336768679
1196.844828,,0.003265910322256416,1195.985,0.7850000262260437,0.008734351110914829
1197.310345,,0.0011109787416284055,1196.447,0.7710000276565552,-0.021136800311446095
1197.7758620000002,,0.00037027862872717626,1196.91,0.7900000214576721,0.020911762757587313
1198.241379,,0.0005881647461414365,1197.38,0.765999972820282,-0.030717766099917516
1198.706897,,0.00047103510391061575,1197.846,0.7900000214576721,0.02221137638482945
1199.172414,,0.00037149628038454503,1198.309,0.7910000085830688,0.02499519113398782
1199.637931,,0.00097600482099604,1198.775,0.6759999990463257,-0.2250011412989674
1200.1034479999998,,0.0003846197411898054,1199.239,0.9369999766349792,0.3441012360966673
1200.568966,,0.0011051476374137374,1199.705,0.7990000247955322,0.043839522857154464
1201.034483,,0.0024169428057914982,1200.17,0.7940000295639038,0.0332421004963071
1201.5,,0.003086239774575283,1200.635,0.7590000033378601,-0.042823772582398625
1201.965517,,0.003669207443594193,1201.095,0.800000011920929,0.046572076730982036
1202.431034,,0.004679628275794725,1201.561,0.7739999890327454,-0.010119484657417821
1202.896552,,0.005524398243931124,1202.032,0.7710000276565552,-0.016818941909201218
1203.362069,,0.005044912800465719,1202.494,0.7710000276565552,-0.017095281596767636
1203.827586,,0.0031635266784498742,1202.962,0.8029999732971191,0.05224120984567942
1204.293103,,0.0013801175927459473,1203.424,0.7870000004768372,0.016911443174747912
1204.7586210000002,,0.0011526432881637087,1203.887,0.7950000166893005,0.03379263738132416
1205.224138,,0.0020798861007122016,1204.35,0.7839999794960022,0.00921951519644576
1205.6896550000001,,0.002327586848983874,1204.815,0.7689999938011169,-0.02410965853679865
1206.1551720000002,,0.0008914445679451448,1205.286,0.7699999809265137,-0.022602626827519994
1206.62069,,0.0012716426123623367,1205.745,0.7730000019073486,-0.016739573182458896
1207.0862069999998,,0.002669532365702721,1206.21,0.7910000085830688,0.02182339101486164
1207.551724,,0.003033986850623167,1206.675,0.75,-0.06811329005919006
1208.017241,,0.0029927704400423928,1207.14,0.765999972820282,-0.03380788232572972
1208.482759,,0.002623245665861471,1207.606,0.7870000004768372,0.011467805548727339
1208.948276,,0.0013292293891592134,1208.073,0.7699999809265137,-0.025952360986101628
1209.413793,,0.000873297107643313,1208.539,0.7879999876022339,0.012985645339848566
1209.87931,,0.0027387082325445386,1209.002,0.7910000085830688,0.01935886121875782
1210.344828,,0.0028755170376882295,1209.465,0.7490000128746033,-0.07218706725635747
1210.810345,,0.0012349658555884143,1209.933,0.7609999775886536,-0.04596542868055013
1211.275862,,0.0007015554318810428,1210.396,0.7910000085830688,0.019590888887530983
1211.741379,,0.001216355297662639,1210.866,0.7889999747276306,0.015544763775342627
1212.206897,,8.603147518044735e-06,1211.328,0.7839999794960022,0.00506833544041505
1212.6724140000001,,0.0013948745570113992,1211.793,0.7620000243186951,-0.04235279415580834
1213.137931,,0.0010172893606393675,1212.259,0.7710000276565552,-0.022160011534736734
1213.603448,,0.0009545380524562928,1212.724,0.7870000004768372,0.013341298949738943
1214.0689659999998,,0.0020113019601546347,1213.192,0.7879999876022339,0.01620180343262964
1214.534483,,0.00036254179089086774,1213.65,0.7870000004768372,0.014723040627486195
1215.0,,0.00236799968390341,1214.117,0.7820000052452087,0.004525612760729909
1215.4655169999999,,0.002891386650674288,1214.583,0.7720000147819519,-0.016591384959867582
1215.931034,,0.0004995858968053345,1215.051,0.7739999890327454,-0.011612590380675199
1216.396552,,0.002134460937168616,1215.513,0.7870000004768372,0.017263903890745867
1216.862069,,0.002802368358697627,1215.977,0.7710000276565552,-0.017125382297396633
1217.3275859999999,,0.002615174485232264,1216.446,0.8259999752044678,0.10306984423431222
1217.793103,,0.003838636970313177,1216.91,0.7850000262260437,0.014004490573987248
1218.258621,,0.0063110145319466545,1217.372,0.7649999856948853,-0.029429473136249582
1218.724138,,0.007787939591302969,1217.838,0.7940000295639038,0.03376456657024308
1219.1896550000001,,0.007201377241109005,1218.3,0.7739999890327454,-0.00992208249829887
1219.655172,,0.0058360636689076695,1218.766,0.7710000276565552,-0.016695535034955866
1220.12069,,0.005245000685109474,1219.232,0.7879999876022339,0.01998650298794842
1220.586207,,0.005350827700072976,1219.698,0.7710000276565552,-0.01751183130547112
1221.0517240000001,,0.005093879783299019,1220.162,0.6880000233650208,-0.19889546004746217
1221.517241,,0.004072259444257795,1220.628,0.7839999794960022,0.009620147943447873
1221.982759,,0.002743170108787766,1221.095,0.7900000214576721,0.02200051017481343
1222.4482759999999,,0.001393346304300146,1221.56,0.796999990940094,0.036526172221530984
1222.913793,,0.00015011756869988283,1222.021,0.7889999747276306,0.018361936437255644
1223.37931,,0.0016737678677723566,1222.49,0.7760000228881836,-0.010682845541469727
1223.844828,,0.00229180163895877,1222.951,0.7689999938011169,-0.026621265096692676
1224.3103449999999,,0.0015469934088157013,1223.421,0.7950000166893005,0.02939231569987563
1224.775862,,0.00025961521081385605,1223.884,0.9399999976158142,0.3447452287159689
1225.241379,,0.0004122040245718133,1224.346,0.7870000004768372,0.010961534793890173
1225.706897,,0.00039592930169668494,1224.812,0.7730000019073486,-0.01987804065831352
1226.1724140000001,,0.0004095707710266007,1225.276,0.7699999809265137,-0.026633301306847094
1226.637931,,0.0005431612777663168,1225.742,0.7870000004768372,0.010310772846332012
1227.103448,,0.00012583506633757883,1226.207,0.7900000214576721,0.016883847806164427
1227.568966,,0.0009986807803941623,1226.672,0.7649999856948853,-0.03741618966734913
1228.0344830000001,,0.0020959617286933807,1227.139,0.7739999890327454,-0.017518477559910033
1228.5,,0.002782736859488779,1227.605,0.777999997138977,-0.008399202301573561
1228.965517,,0.0036957779524458196,1228.069,0.7749999761581421,-0.0144277886032472
1229.4310340000002,,0.005211396884713101,1228.535,0.7850000262260437,0.007953582309905253
1229.896552,,0.006211864661785709,1228.995,0.777999997138977,-0.006632994760214635
1230.3620689999998,,0.0051130295942726466,1229.465,0.765999972820282,-0.03206433541915828
1230.8275859999999,,0.001923044532041179,1229.928,0.7870000004768372,0.014426102915204209
1231.293103,,0.0013915266395546904,1230.391,0.7720000147819519,-0.017511245820478735
1231.758621,,0.0025461720671306814,1230.862,0.7730000019073486,-0.014609875397074831
1232.224138,,0.0007839924219515789,1231.324,0.7889999747276306,0.020929130700414
1232.689655,,0.0024358163339897247,1231.79,0.7689999938011169,-0.02202622869413122
1233.155172,,0.004326837899024907,1232.254,0.7630000114440918,-0.0345635167735506
1233.62069,,0.003007539955334738,1232.72,0.7910000085830688,0.026873316024082137
1234.086207,,0.0005482565328514691,1233.18,0.7649999856948853,-0.029450158071550846
1234.551724,,0.003138259512639532,1233.645,0.7990000247955322,0.04482217780849388
1235.017241,,0.002438607246278013,1234.11,0.7889999747276306,0.023104606182495473
1235.482759,,0.0006984943661369693,1234.576,0.7609999775886536,-0.03796043760057711
1235.948276,,0.003259984315785782,1235.047,0.7990000247955322,0.044634622894715474
1236.4137930000002,,0.002899779884945569,1235.509,0.7990000247955322,0.044316612340357754
1236.87931,,0.0004014643368124272,1235.977,0.7910000085830688,0.026455134454496272
1237.344828,,0.004560019375068928,1236.439,0.7879999876022339,0.019385332093047054
1237.8103449999999,,0.006697928163687807,1236.902,0.7870000004768372,0.016587255735878607
1238.275862,,0.005207834639415292,1237.365,0.777999997138977,-0.0037070751924245748
1238.7413789999998,,0.00149704542119336,1237.83,0.7710000276565552,-0.01969053270347617
1239.206897,,0.0009547793711551246,1238.3,0.7739999890327454,-0.013911992159692594
1239.672414,,0.00021614929240304831,1238.766,0.781000018119812,0.0005804370006588886
1240.137931,,0.001959000624947011,1239.225,0.7879999876022339,0.015095824257581797
1240.603448,,0.0025034793644080513,1239.69,0.7749999761581421,-0.013915632557950605
1241.068966,,0.0008630378579180732,1240.155,0.7689999938011169,-0.02760933990405676
1241.534483,,0.0007817610839887424,1240.621,0.7889999747276306,0.015428313927146366
1242.0,,0.0007503404616238517,1241.088,0.7879999876022339,0.01281849109361142
1242.465517,,4.3468725052401064e-05,1241.554,0.7739999890327454,-0.017995895237784262
1242.931034,,0.0004372778263781393,1242.017,0.7889999747276306,0.01449827817589182
1243.3965520000002,,0.002519033412497643,1242.487,0.7699999809265137,-0.026947665712584844
1243.862069,,0.004092792716125086,1242.95,0.765999972820282,-0.0355784175710576
1244.327586,,0.002955992407076141,1243.413,0.7910000085830688,0.019105103367319895
1244.793103,,0.00031759018331717917,1243.876,0.7739999890327454,-0.017587094148157074
1245.2586210000002,,0.00251302686412092,1244.346,0.753000020980835,-0.06287686370608735
1245.724138,,0.001162625043602997,1244.805,0.765999972820282,-0.03399051965061768
1246.189655,,0.0026834947908763685,1245.276,0.7609999775886536,-0.044234549887565595
1246.655172,,0.005598376959447346,1245.742,0.7919999957084656,0.02401897102946714
1247.12069,,0.005315105140160296,1246.206,0.7839999794960022,0.007350372243832743
1247.5862069999998,,0.0024922247782627176,1246.665,0.7910000085830688,0.023384008645812727
1248.051724,,0.0007256878031946744,1247.132,0.7870000004768372,0.015450757131259379
1248.517241,,0.0028447181425920133,1247.597,0.7739999890327454,-0.012116445822926392
1248.982759,,0.0033535765083538595,1248.062,0.7699999809265137,-0.02012601915253008
1249.448276,,0.001956094632482289,1248.527,0.777999997138977,-0.0020642405257615968
1249.913793,,0.00112746185807721,1248.995,0.7879999876022339,0.020262829382958335
1250.37931,,0.004085161091787185,1249.457,0.7789999842643738,0.0010868684233998637
1250.844828,,0.004334269145226487,1249.925,0.7870000004768372,0.01882544250862973
1251.310345,,0.0015249256406609782,1250.387,0.7369999885559082,-0.08993116411906853
1251.775862,,0.001223246921856634,1250.854,0.777999997138977,-0.0005710804793814654
1252.241379,,0.0005800585580600249,1251.318,0.7879999876022339,0.021109523558711048
1252.706897,,0.002756409491931207,1251.784,0.7720000147819519,-0.013992429722413898
1253.1724140000001,,0.004564378862655126,1252.25,0.7639999985694885,-0.031796621317431946
1253.6379310000002,,0.002203829953026346,1252.716,0.765999972820282,-0.02793516284655378
1254.1034479999998,,0.0020566223376938856,1253.18,0.7630000114440918,-0.03507288214497061
1254.5689659999998,,0.003812066933342031,1253.646,0.7829999923706055,0.007810678914072392
1255.034483,,0.0018608597216320964,1254.11,0.7950000166893005,0.03319957095191301
1255.5,,0.0007166019882798578,1254.576,0.7699999809265137,-0.022063763413803034
1255.9655169999999,,0.0008883349682339338,1255.036,0.7860000133514404,0.011979695532341968
1256.431034,,0.0004963390985742121,1255.506,0.7910000085830688,0.022065331821405007
1256.896552,,0.0002482953877327078,1255.969,0.7699999809265137,-0.024461467043150376
1257.362069,,0.0026824766596621925,1256.431,0.7979999780654907,0.03582200214038622
1257.827586,,0.0057481650339940875,1256.899,0.7760000228881836,-0.012747832583496646
1258.293103,,0.006012577398329645,1257.361,0.7870000004768372,0.010676605572562933
1258.758621,,0.0037497292188244866,1257.827,0.7710000276565552,-0.024606645249969455
1259.224138,,0.0019250610436055574,1258.29,0.7900000214576721,0.01649197066637201
1259.6896550000001,,0.0024607793649695934,1258.756,0.7699999809265137,-0.027237976084378668
1260.155172,,0.004191448318690578,1259.221,0.7820000052452087,-0.0011070158864155885
1260.6206900000002,,0.00475189055128938,1259.686,0.7889999747276306,0.014275677041886745
1261.086207,,0.003335698432766109,1260.151,0.7820000052452087,-0.0007007086268369779
1261.5517240000001,,0.0008828873654616986,1260.616,0.7739999890327454,-0.01772222714088814
1262.017241,,0.0015312611460212165,1261.081,0.7879999876022339,0.013307883687000824
1262.482759,,0.0033542551487576447,1261.547,0.8069999814033508,0.05533734894547482
1262.9482759999999,,0.004051766555570158,1262.01,0.7990000247955322,0.03863105742387656
1263.413793,,0.0034277217559886,1262.479,0.8199999928474426,0.08517144917882868
1263.87931,,0.0028324474080830505,1262.943,0.7850000262260437,0.009749363206461368
1264.344828,,0.0045832944938560055,1263.406,0.7730000019073486,-0.01554900407340773
1264.8103449999999,,0.00887142042972411,1263.877,0.7940000295639038,0.031036120992123994
1265.275862,,0.012233044287229957,1264.339,0.7820000052452087,0.005688044907224356
1265.741379,,0.011112733938272518,1264.804,0.7680000066757202,-0.02408012352995683
1266.206897,,0.0068055152713985545,1265.269,0.8109999895095825,0.07024888857748514
1266.6724140000001,,0.0046019896777619905,1265.734,0.7710000276565552,-0.016355450605377606
1267.137931,,0.007266041415482787,1266.199,0.7870000004768372,0.01892125286147582
1267.603448,,0.011393638786942493,1266.665,0.7609999775886536,-0.03744253491500279
1268.068966,,0.01164420367515348,1267.132,0.7879999876022339,0.02151556955795102
1268.5344830000001,,0.006975482362116027,1267.59,0.7879999876022339,0.021499414209647565
1269.0,,0.0008513343099722537,1268.062,0.765999972820282,-0.02659764042785509
1269.465517,,0.0036084745837051497,1268.52,0.7620000243186951,-0.03562563086686794
1269.9310340000002,,0.0063430350860452685,1268.988,0.777999997138977,-0.0012185196340911287
1270.396552,,0.008348615697428764,1269.45,0.7850000262260437,0.013457471092508168
1270.862069,,0.009187043159715743,1269.918,0.7409999966621399,-0.0830838883063208
1271.3275859999999,,0.007452659581925246,1270.381,0.7720000147819519,-0.016312573523907775
1271.793103,,0.002764421809157345,1270.846,0.7879999876022339,0.017717122203094408
1272.258621,,0.0032382739908223307,1271.317,0.7910000085830688,0.023389653326632634
1272.724138,,0.007436522805967165,1271.775,0.7919999957084656,0.024697275602874755
1273.189655,,0.007101157801233247,1272.247,0.7490000128746033,-0.06983670307449584
1273.655172,,0.0023768538158524394,1272.705,0.777999997138977,-0.00746352759483523
1274.12069,,0.003066117988276301,1273.17,0.7680000066757202,-0.029987705821062593
1274.586207,,0.005115391174370684,1273.636,0.7910000085830688,0.019477283221839115
1275.0517240000001,,0.0034178051670863273,1274.103,0.7960000038146973,0.029841491104978933
1275.517241,,0.001519077291096636,1274.569,0.7559999823570251,-0.0577019140197472
1275.982759,,0.002382855578917091,1275.032,0.7900000214576721,0.01611850712037927
1276.448276,,0.004986846159002967,1275.502,0.7699999809265137,-0.02755616454892885
1276.9137930000002,,0.006241569270531002,1275.962,0.746999979019165,-0.07761147949592571
1277.37931,,0.005151504198199797,1276.432,0.7889999747276306,0.014098983557508373
1277.844828,,0.003625940015175933,1276.895,0.8040000200271606,0.04713507307065706
1278.3103449999999,,0.0035636558885270976,1277.358,0.7879999876022339,0.012772328300722242
1278.775862,,0.004545246543812891,1277.824,0.7749999761581421,-0.014930577440164844
1279.2413789999998,,0.0047338224353166754,1278.287,0.7710000276565552,-0.022921506490159272
1279.706897,,0.003114621696946017,1278.753,0.7950000166893005,0.030171366769201884
1280.172414,,0.00020817404221684058,1279.218,0.800000011920929,0.041927680314814406
1280.637931,,0.0028234940760492495,1279.683,0.7739999890327454,-0.013823076161028531
1281.103448,,0.004951950873944726,1280.15,0.7870000004768372,0.015396127086281446
1281.568966,,0.005538588570957743,1280.616,0.7689999938011169,-0.022948677308333873
1282.034483,,0.004705380402020658,1281.081,0.7870000004768372,0.017084638491242685
1282.5,,0.003297556868542335,1281.54,0.7870000004768372,0.01782354871857832
1282.965517,,0.0019030049735359212,1282.01,0.7900000214576721,0.02499675734848998
1283.431034,,0.00032725070818394927,1282.472,0.7870000004768372,0.018976049837638006
1283.8965520000002,,0.0013987491621167817,1282.94,0.7879999876022339,0.0215314328555634
1284.362069,,0.002130658178353302,1283.401,0.7689999938011169,-0.019637316297118845
1284.827586,,0.0006570767037350006,1283.865,0.7829999923706055,0.010930120566156163
1285.2931030000002,,0.002477889551197016,1284.335,0.7919999957084656,0.030442798532166793
1285.758621,,0.0049188416608516895,1284.801,0.7329999804496765,-0.0983523283486916
1286.2241379999998,,0.004638771272195103,1285.266,0.765999972820282,-0.02686531205147039
1286.689655,,0.002009279665437842,1285.731,0.7900000214576721,0.02487327860863109
1287.155172,,0.0005560081991140401,1286.192,0.7710000276565552,-0.017192885356874594
1287.62069,,0.0010937991439161105,1286.657,0.7789999842643738,-0.0005377810582480741
1288.086207,,4.490250732594011e-05,1287.122,0.8100000023841858,0.06614873119444574
1288.551724,,0.0010193596314547056,1287.588,0.765999972820282,-0.030614259235336366
1289.017241,,0.0008193548196925143,1288.05,0.8029999732971191,0.04907043694953343
1289.482759,,0.00011827579699071113,1288.52,0.7689999938011169,-0.02592305684361171
1289.948276,,8.921861220933204e-05,1288.98,0.765999972820282,-0.03334448725058095
1290.413793,,0.0003049453597610363,1289.45,0.7889999747276306,0.015940555140832716
1290.87931,,0.0009903580332505373,1289.91,0.7839999794960022,0.004311687802498476
1291.344828,,0.0016752013643288172,1290.379,0.7860000133514404,0.00804529838366367
1291.810345,,0.0013251696547183518,1290.845,0.7870000004768372,0.009731916007278204
1292.2758620000002,,0.0015702005779612432,1291.309,0.765999972820282,-0.036364524398460725
1292.741379,,0.0066194673924924565,1291.774,0.800000011920929,0.037523272402889836
1293.2068969999998,,0.010715811684557635,1292.239,0.7889999747276306,0.013537081598356425
1293.672414,,0.011360206408862579,1292.705,0.7630000114440918,-0.042962385872983185
1294.137931,,0.009852973190426962,1293.17,0.765999972820282,-0.03612004748739975
1294.6034479999998,,0.009289897077134884,1293.635,0.7839999794960022,0.0035541645297471032
1295.068966,,0.010128514147023671,1294.095,0.7689999938011169,-0.02852837460757245
1295.534483,,0.010038701120259487,1294.561,0.7870000004768372,0.011405067254982245
1296.0,,0.008058906591727342,1295.032,0.7889999747276306,0.016579033606512396
1296.4655169999999,,0.006295166295758135,1295.494,0.7699999809265137,-0.023924718270266255
1296.931034,,0.006355216881889804,1295.962,0.7680000066757202,-0.027345846740605636
1297.396552,,0.006184618532295883,1296.424,0.7099999785423279,-0.15275651389268657
1297.862069,,0.0026077642614871412,1296.892,0.7870000004768372,0.015935141291566035
1298.327586,,0.003846896152345721,1297.354,0.7910000085830688,0.025542656542255994
1298.793103,,0.008895189876629576,1297.82,0.7870000004768372,0.01765184319720905
1299.258621,,0.009364364949741405,1298.286,0.7440000176429749,-0.0753020753298744
1299.724138,,0.00633084881406073,1298.745,0.765999972820282,-0.026764006492673232
1300.1896550000001,,0.003023947880354252,1299.217,0.7990000247955322,0.045600695665315924
1300.655172,,0.0013444421761552624,1299.675,0.7910000085830688,0.02848839414451843
1301.12069,,0.001421173093271561,1300.14,0.7870000004768372,0.019928358361202637
1301.5862069999998,,0.003133736645247784,1300.605,0.7649999856948853,-0.028015814737539002
1302.051724,,0.006260448782773457,1301.07,0.765999972820282,-0.026020539575577123
1302.517241,,0.009409519712468294,1301.536,0.7879999876022339,0.021562084272683645
1302.982759,,0.010446450944110872,1302.006,0.7699999809265137,-0.01815490638512833
1303.4482759999999,,0.008662124453545557,1302.469,0.7990000247955322,0.04438645920127628
1303.913793,,0.005868912639886894,1302.932,0.7850000262260437,0.013127420696823456
1304.37931,,0.004770809481301292,1303.402,0.7739999890327454,-0.01169122461490512
1304.844828,,0.006280877540989393,1303.865,0.7699999809265137,-0.021329338312002004
1305.310345,,0.008484031537015487,1304.328,0.7739999890327454,-0.01358016399820974
1305.775862,,0.008227956684489866,1304.793,0.7889999747276306,0.018122349981934658
1306.241379,,0.004155635695773685,1305.259,0.7699999809265137,-0.02423032860263332
1306.706897,,0.0013482911441082025,1305.724,0.7870000004768372,0.011896949987963427
1307.1724140000001,,0.0036475499564666797,1306.185,0.7720000147819519,-0.02161557263434461
1307.637931,,0.00039795638262684745,1306.65,0.7870000004768372,0.010334485434670592
1308.103448,,0.0052253191479194865,1307.117,0.7760000228881836,-0.014233982562169708
1308.568966,,0.007088226546829436,1307.583,0.7860000133514404,0.007094637959361943
1309.0344830000001,,0.0025811710250381228,1308.051,0.7720000147819519,-0.023704126518176515
1309.5,,0.004504111449421914,1308.513,0.7720000147819519,-0.023832145304966492
1309.9655169999999,,0.00840263103162679,1308.976,0.7910000085830688,0.01760851156145557
1310.431034,,0.007660730141329166,1309.446,0.7889999747276306,0.013471711174441561
1310.896552,,0.0058516123455765534,1309.907,0.8119999766349792,0.06396995196211049
1311.362069,,0.006622527457081212,1310.377,0.7689999938011169,-0.029165381197941397
1311.8275859999999,,0.009418567760961566,1310.835,0.7710000276565552,-0.024121822741251592
1312.293103,,0.010556574287195784,1311.305,0.7639999985694885,-0.03856832041088098
1312.758621,,0.007830803710077128,1311.771,0.7919999957084656,0.023331620615230524
1313.224138,,0.0031182270789745087,1312.236,0.7860000133514404,0.011224452885843584
1313.689655,,0.0001562112627076059,1312.701,0.7699999809265137,-0.022632115270165273
1314.155172,,0.00040016263635164566,1313.165,0.7820000052452087,0.004519349714449814
1314.62069,,0.0019274292226225417,1313.631,0.7770000100135803,-0.005391742514217824
1315.086207,,0.0023684872364829555,1314.096,0.777999997138977,-0.002286977207440655
1315.5517240000001,,0.0018299378135877833,1314.562,0.6200000047683716,-0.34567534059733457
1316.017241,,0.002097370349341191,1315.024,0.8100000023841858,0.06898971174970321
1316.482759,,0.00359819873157026,1315.487,0.7870000004768372,0.019467151761265643
1316.948276,,0.004547408561292785,1315.955,0.7710000276565552,-0.014956119292133346
1317.4137930000002,,0.003300394950274864,1316.417,0.7720000147819519,-0.012508558106445241
1317.8793099999998,,0.0003979516993803538,1316.88,0.7910000085830688,0.028979973591135265
1318.344828,,0.0022384492366403466,1317.35,0.7839999794960022,0.013646096374408575
1318.8103449999999,,0.003306801223942476,1317.816,0.777999997138977,0.0003155683370441231
1319.275862,,0.0028318023328974384,1318.279,0.7730000019073486,-0.011004700330695436
1319.741379,,0.0015824807253849542,1318.745,0.7710000276565552,-0.015944981880426767
1320.206897,,0.00040866523869991065,1319.209,0.7739999890327454,-0.01013073666199663
1320.672414,,7.639464543107385e-05,1319.675,0.7910000085830688,0.026068403919908487
1321.137931,,0.0004269904673822728,1320.139,0.7889999747276306,0.02078293360408052
1321.603448,,0.0019081760141116337,1320.606,0.7710000276565552,-0.019422651963628083
1322.068966,,0.0038293212051828535,1321.066,0.7870000004768372,0.014413639200230675
1322.5344830000001,,0.004848695208512634,1321.531,0.765999972820282,-0.03236087518501652
1323.0,,0.003469681250682846,1321.999,0.800000011920929,0.04072131386446679
1323.465517,,0.0001746030098187616,1322.462,0.777999997138977,-0.00813903651741122
1323.931034,,0.0034698634261674573,1322.925,0.8119999766349792,0.06509612294118397
1324.3965520000002,,0.003437270794442039,1323.394,0.7710000276565552,-0.02494996814502993
1324.862069,,1.5703132066844814e-05,1323.865,0.7639999985694885,-0.04078343680946443
1325.327586,,0.003902062825616173,1324.32,0.7699999809265137,-0.02813837112796713
1325.793103,,0.00553620154517913,1324.786,0.7879999876022339,0.010820579405935168
1326.258621,,0.005155234294194018,1325.251,0.7839999794960022,0.002028334714968148
1326.724138,,0.004676042296119956,1325.716,0.777999997138977,-0.010939074144864294
1327.189655,,0.004892222801093192,1326.181,0.765999972820282,-0.03679962591863672
1327.655172,,0.005131895081860643,1326.646,0.800000011920929,0.037728535874709125
1328.12069,,0.005344522373233392,1327.113,0.7739999890327454,-0.018304593551075193
1328.586207,,0.006881188347570229,1327.58,0.7870000004768372,0.010769006129314298
1329.051724,,0.010290261870952264,1328.043,0.7950000166893005,0.029066139616112412
1329.517241,,0.01334744992113498,1328.505,0.7839999794960022,0.006059546798551326
1329.982759,,0.012842453690409943,1328.973,0.6919999718666077,-0.19335808571859028
1330.448276,,0.0083467058470385,1329.435,0.777999997138977,-0.004949767585618799
1330.913793,,0.0029765017224151623,1329.906,0.7179999947547913,-0.1346295443945426
1331.37931,,4.5287536293847386e-05,1330.369,0.7850000262260437,0.012342797627913009
1331.844828,,0.00011514136292074513,1330.834,0.765999972820282,-0.02811495058955199
1332.310345,,0.0004395775674895883,1331.297,0.7820000052452087,0.0075862556389038405
1332.7758620000002,,0.00017690721570926324,1331.763,0.765999972820282,-0.026549398054293526
1333.241379,,0.0003891001407711166,1332.229,0.7950000166893005,0.037212291246438364
1333.7068969999998,,0.00014582324701625538,1332.694,0.765999972820282,-0.025547733427531822
1334.172414,,0.001939480665238296,1333.162,0.7870000004768372,0.020451587341951846
1334.637931,,0.0032197170560027753,1333.62,0.765999972820282,-0.02523391747547785
1335.1034479999998,,0.002082669822300538,1334.087,0.7699999809265137,-0.01663737511926395
1335.568966,,0.0009286938863656753,1334.553,0.7680000066757202,-0.02129411967974667
1336.034483,,0.0028064289258928894,1335.021,0.7870000004768372,0.019628292362487205
1336.5,,0.0013890554926633853,1335.484,0.6019999980926514,-0.38405496394400584
1336.965517,,0.001884713327649269,1335.946,0.7910000085830688,0.02693136796931143
1337.431034,,0.0035681591284632717,1336.417,0.7699999809265137,-0.019717113087879934
1337.896552,,0.0022447493976105156,1336.88,0.7739999890327454,-0.011987456433598439
1338.362069,,9.192754902995277e-05,1337.343,0.7839999794960022,0.00875597045204539
1338.827586,,0.0006621264154864073,1337.808,0.7860000133514404,0.012044654721538107
1339.293103,,0.0009958380244505034,1338.273,0.7870000004768372,0.013161993757223657
1339.7586210000002,,0.0028307148044360267,1338.738,0.7599999904632568,-0.046683303384192236
1340.224138,,0.002750343987009707,1339.203,0.7919999957084656,0.022082259977207544
1340.6896550000001,,0.0008431370258271901,1339.669,0.7860000133514404,0.008159536765605458
1341.155172,,0.0010304921679818986,1340.135,0.7870000004768372,0.009614243382161363
1341.62069,,0.0015772424091856424,1340.601,0.7820000052452087,-0.0018538050077145812
1342.0862069999998,,0.0014630590380470929,1341.066,0.7649999856948853,-0.03929932345550129
1342.551724,,0.0023310462210647006,1341.532,0.7950000166893005,0.02583066509891881
1343.017241,,0.004940431945647886,1341.995,0.765999972820282,-0.03739345645769255
1343.482759,,0.008421043858731674,1342.458,0.7879999876022339,0.010681416501373721
1343.948276,,0.010932285736415016,1342.921,0.7710000276565552,-0.026027497803005076
1344.413793,,0.010950020773891473,1343.391,0.7739999890327454,-0.018990152634095526
1344.87931,,0.00843946727842176,1343.862,0.765999972820282,-0.035759989521562376
1345.344828,,0.005088386226057655,1344.317,0.765999972820282,-0.034962946489420096
1345.810345,,0.003065946221292188,1344.783,0.7850000262260437,0.007342171810440412
1346.275862,,0.0032185487748645093,1345.25,0.777999997138977,-0.006911292278265618
1346.741379,,0.004527835819501286,1345.716,0.765999972820282,-0.032002052868254485
1347.206897,,0.005344002930677528,1346.18,0.7630000114440918,-0.0374616851548662
1347.6724140000001,,0.004944054354946645,1346.646,0.7580000162124634,-0.047288857793585555
1348.137931,,0.003881326907348487,1347.11,0.7910000085830688,0.025630231102196328
1348.603448,,0.003143807543275693,1347.576,0.7919999957084656,0.02875999137051315
1349.0689659999998,,0.0031829565460983595,1348.039,0.7850000262260437,0.014359475902087953
1349.534483,,0.003588131035396266,1348.501,0.7870000004768372,0.019439161716232424
1350.0,,0.003563606073809514,1348.969,0.7889999747276306,0.02436900617124404
1350.4655169999999,,0.002974624589300806,1349.432,0.7739999890327454,-0.007905888409866483
1350.931034,,0.003004790386035378,1349.895,0.7860000133514404,0.01846198563614895
1351.396552,,0.005095912273062791,1350.365,0.7639999985694885,-0.02943251868951528
1351.862069,,0.008679612577302388,1350.83,0.7789999842643738,0.003093015752417795
1352.3275859999999,,0.010737031023076467,1351.293,0.7919999957084656,0.03107608791624713
1352.793103,,0.008811980807682427,1351.758,0.7870000004768372,0.01966895680929381
1353.258621,,0.004252940808150015,1352.225,0.7870000004768372,0.018995997163771428
1353.724138,,0.001319109782875824,1352.691,0.7620000243186951,-0.03628251005054515
1354.1896550000001,,0.0029017438731121204,1353.15,0.7910000085830688,0.02597074877163755
1354.655172,,0.007796885357446062,1353.616,0.7870000004768372,0.016242068311565938
1355.12069,,0.012126563269657055,1354.081,0.9390000104904175,0.34633023308031563
1355.586207,,0.01282571799200076,1354.546,0.8849999904632568,0.2276010924215789
1356.0517240000001,,0.009914778711293745,1355.01,0.7680000066757202,-0.0283670393510685
1356.517241,,0.006097228665606832,1355.479,0.7630000114440918,-0.04028402699913748
1356.982759,,0.004262200423616506,1355.94,0.7879999876022339,0.013229803972903641
1357.4482759999999,,0.004945611686003495,1356.409,0.7609999775886536,-0.04644555035176193
1357.913793,,0.006090520108270006,1356.873,0.7860000133514404,0.0072952953506005575
1358.3793099999998,,0.00548263646419616,1357.335,0.7649999856948853,-0.03903333128122283
1358.844828,,0.0032652970940400283,1357.801,0.7870000004768372,0.00848643517013906
1359.3103449999999,,0.0016018103104937214,1358.266,0.8180000185966492,0.07579425566169123
1359.775862,,0.0019805766375404,1358.732,0.7990000247955322,0.034358410123851
1360.241379,,0.0035417259038105935,1359.199,0.7649999856948853,-0.039567527617088934
1360.706897,,0.004200821075172479,1359.665,0.7860000133514404,0.00651685395210503
1361.1724140000001,,0.002917785372046679,1360.132,0.7879999876022339,0.011381834859628601
1361.637931,,0.0007819116666507205,1360.59,0.7889999747276306,0.014228841454782534
1362.103448,,0.00020628658337433899,1361.062,0.7879999876022339,0.012859536817428376
1362.568966,,0.002898286459710816,1361.52,0.7739999890327454,-0.016715655732892777
1363.0344830000001,,0.00815542238183684,1361.991,0.7739999890327454,-0.01570137103123908
1363.5,,0.013158329981907857,1362.453,0.796999990940094,0.03548004961863808
1363.965517,,0.015164473022210322,1362.921,0.7889999747276306,0.019150035369026007
1364.4310340000002,,0.01336753234710514,1363.384,0.7870000004768372,0.01588575826301483
1364.896552,,0.008782380952982258,1363.85,0.7889999747276306,0.021296546725654984
1365.3620689999998,,0.003076615061918575,1364.313,0.7699999809265137,-0.019115852221712627
1365.8275859999999,,0.002133330325292352,1364.779,0.7950000166893005,0.0362307440617113
1366.293103,,0.00567821013553759,1365.243,0.7940000295639038,0.034804522072838705
1366.758621,,0.007441239655176674,1365.709,0.7409999966621399,-0.08006304233009828
1367.224138,,0.00835981462933607,1366.174,0.7730000019073486,-0.009916737976767733
1367.689655,,0.009265954697224516,1366.64,0.7910000085830688,0.029544273889417754
1368.155172,,0.009873742149843386,1367.106,0.7710000276565552,-0.013974464293294719
1368.62069,,0.009312346339305761,1367.572,0.7900000214576721,0.027280851178684642
1369.086207,,0.007521487659337912,1368.032,0.800000011920929,0.0487394001831356
1369.551724,,0.00567715657567064,1368.502,0.7699999809265137,-0.017127351298354444
1370.017241,,0.005078264459425466,1368.962,0.7870000004768372,0.019237494674579914
1370.482759,,0.00586644856086653,1369.425,0.7609999775886536,-0.038225221654786
1370.948276,,0.007215853127384162,1369.895,0.7680000066757202,-0.023914139901466507
1371.4137930000002,,0.00873068753711359,1370.358,0.7889999747276306,0.0208044204262213
1371.87931,,0.011011305854525427,1370.824,0.7639999985694885,-0.034756787548506425
1372.344828,,0.014407954863634364,1371.287,0.7889999747276306,0.018585222907679944
1372.810345,,0.0177642551906412,1371.753,0.7720000147819519,-0.019570957360240417
1373.275862,,0.019341855438563618,1372.217,0.765999972820282,-0.03372365095503664
1373.7413789999998,,0.019107717342895486,1372.682,0.7919999957084656,0.02191183622344668
1374.206897,,0.01923608612463224,1373.147,0.7929999828338623,0.023183890853487682
1374.672414,,0.02168437398871735,1373.613,0.7979999780654907,0.033301739445679046
1375.137931,,0.025877277628446216,1374.077,0.7620000243186951,-0.045750449176265945
1375.6034479999998,,0.029938894098209427,1374.543,0.8019999861717224,0.040947615187761854
1376.068966,,0.03398992932818095,1375.006,0.7639999985694885,-0.042101703366164554
1376.534483,,0.040438209731393386,1375.476,0.7910000085830688,0.016656466591497707
0.0,,0.05005632574795493,1375.939,0.8650000095367432,0.1780105340939927
13.5,,0.05907250595555988,1376.402,0.7870000004768372,0.008407467005419035
27.0,,0.06219221349309553,1376.865,0.7860000133514404,0.006746736851466553
40.5,,0.05955390735303746,1377.335,0.8769999742507935,0.20569269320625905
54.0,,0.05943058590128033,1377.801,0.7850000262260437,0.006098073027061185
67.5,,0.0694668383482941,1378.261,0.7820000052452087,0.0005278865777899378
81.0,,0.0819552368003199,1378.726,0.7889999747276306,0.01683798678031391
94.5,,0.07379227827179155,1379.192,0.7699999809265137,-0.023435218235657227
108.0,,0.03116013286574492,1379.658,0.7940000295639038,0.030000892734989126
121.5,,0.028034936879126813,1380.125,0.7739999890327454,-0.012431186904356656
135.0,,0.06845861105283024,1380.59,0.7870000004768372,0.01699008511112523
148.5,,0.07425154954977993,1381.05,0.7850000262260437,0.013656098151893501
162.0,,0.06068632217634112,1381.52,0.7630000114440918,-0.0333579227818035
175.5,,0.05005011894498803,1381.981,0.7850000262260437,0.015353347601565662
189.0,,0.04858012007425477,1382.45,0.7879999876022339,0.02251147508064125
202.5,,0.04931715474054633,1382.914,0.7710000276565552,-0.014080703703988137
216.0,,0.04676739901513381,1383.376,0.7910000085830688,0.029745683451049325
229.5,,0.04219186911173823,1383.841,0.7120000123977661,-0.14231434638281337
243.0,,0.038638373030075376,1384.312,0.7870000004768372,0.020934496792659914
256.5,,0.036530115127576146,1384.77,0.7680000066757202,-0.020807223640267457
270.0,,0.03452173255469131,1385.235,0.7680000066757202,-0.021340932659069937
283.5,,0.03198574929296278,1385.701,0.7879999876022339,0.0215282634259343
297.0,,0.0294144465043067,1386.166,0.7850000262260437,0.0141407421355104
310.5,,0.027267355164632995,1386.632,0.7710000276565552,-0.017333985430858227
324.0,,0.02538113257316603,1387.098,0.7870000004768372,0.01645806642193665
337.5,,0.023394152691769504,1387.564,0.7730000019073486,-0.015169411851913875
351.0,,0.021245144727915083,1388.025,0.765999972820282,-0.031572609073885795
364.5,,0.019183990938099024,1388.494,0.7870000004768372,0.01303524791534479
378.0,,0.017478725854163855,1388.955,0.7870000004768372,0.011935643402833056
391.5,,0.01612010617774634,1389.425,0.7860000133514404,0.008735501129923178
405.0,,0.014758655178960915,1389.888,0.7170000076293945,-0.1425049834904196
418.5,,0.013012770161384801,1390.35,0.7699999809265137,-0.027816232257612983
432.0,,0.010877285571036835,1390.816,0.7900000214576721,0.015136205947677239
445.5,,0.008720665633462465,1391.28,0.7870000004768372,0.008159252900657677
459.0,,0.006859207296442435,1391.745,0.8399999737739563,0.12338111899888222
472.5,,0.005284490850455731,1392.212,0.7910000085830688,0.016583953284378925
486.0,,0.00385725601086689,1392.677,0.996999979019165,0.46554956696533106
499.5,,0.0025801229133913493,1393.143,0.777999997138977,-0.011205779137566051
513.0,,0.0015346747455308165,1393.609,0.7889999747276306,0.01331717357960964
526.5,,0.0006848209889798985,1394.074,0.7820000052452087,-0.001207736519362235
540.0,,7.552743614321978e-05,1394.54,0.7870000004768372,0.010556174666543058
553.5,,0.0007622957055565963,1395.002,0.781000018119812,-0.0015269772238628563
567.0,,0.0013656478736457566,1395.465,0.7940000295639038,0.02787177027471214
580.5,,0.0020237828015193643,1395.936,0.7870000004768372,0.013752094664077612
594.0,,0.0029654862692270667,1396.398,0.7829999923706055,0.006188200061365159
607.5,,0.004258022793119346,1396.862,0.7879999876022339,0.018216461998166306
621.0,,0.005695341089282949,1397.332,0.7710000276565552,-0.01773608867034677
634.5,,0.006975686471958176,1397.79,0.7919999957084656,0.029016011438850214
648.0,,0.007960856474772772,1398.261,0.7889999747276306,0.02336667170652848
661.5,,0.008714124068945348,1398.72,0.7870000004768372,0.0197555720865165
675.0,,0.00932243864151854,1399.187,0.7990000247955322,0.046482625665793594
688.5,,0.009807388541391997,1399.652,0.7519999742507935,-0.05551167454979514
702.0,,0.010199899544627796,1400.118,0.7689999938011169,-0.01826627421078141
715.5,,0.01049526463273702,1400.584,0.7889999747276306,0.025315217362479197
729.0,,0.010473535841125349,1401.047,0.7850000262260437,0.016410761348185362
742.5,,0.009790777838037822,1401.51,0.5929999947547913,-0.4022754633845411
756.0,,0.008365054969273337,1401.98,0.7889999747276306,0.024167549215824785
769.5,,0.006501233644832788,1402.443,0.765999972820282,-0.026678659132075663
783.0,,0.004596564568230229,1402.91,0.7689999938011169,-0.02101873925582644
796.5,,0.0029384785543212382,1403.373,0.7860000133514404,0.015031079389374095
810.0,,0.0017602921759991216,1403.839,0.7739999890327454,-0.012179810430496193
823.5,,0.0011818580847834763,1404.302,0.7900000214576721,0.021565246595464674
837.0,,0.0010709812081306472,1404.767,0.765999972820282,-0.03184773106385914
850.5,,0.0011943501091752492,1405.232,0.7680000066757202,-0.02859334136476794
864.0,,0.001468525218825369,1405.698,0.7900000214576721,0.018290267559941436
877.5,,0.0018928805042131114,1406.163,0.781000018119812,-0.002275261272226779
891.0,,0.0023559421664567145,1406.628,0.7649999856948853,-0.037973423807686375
904.5,,0.002703904894164194,1407.095,0.7699999809265137,-0.027777184976918577
918.0,,0.002933009846947303,1407.561,0.7889999747276306,0.013084001083920502
931.5,,0.003176195841398097,1408.021,0.7670000195503235,-0.03519928992718534
945.0,,0.003519937899508541,1408.491,0.7889999747276306,0.012567919476417846
958.5,,0.0039055877074291663,1408.954,0.7950000166893005,0.025671825875285853
972.0,,0.00421915490106348,1409.417,0.7739999890327454,-0.01985461535256375
985.5,,0.004433321954241123,1409.88,0.7870000004768372,0.008878219500539453
999.0,,0.004611405730273181,1410.35,0.9509999752044678,0.36676179731243186
1012.5,,0.004788410539730266,1410.816,0.7889999747276306,0.014564979175880625
1026.0,,0.0049035250931435525,1411.28,0.7879999876022339,0.013262954531345322
1039.5,,0.004843068078969275,1411.745,0.7720000147819519,-0.02061794493200068
1053.0,,0.004525600983049705,1412.21,0.765999972820282,-0.032643431115133244
1066.5,,0.0039814328576338615,1412.675,0.7919999957084656,0.025084042827707514
1080.0,,0.0033658645037921027,1413.14,0.7860000133514404,0.01309761117853125
1093.5,,0.002852325322277959,1413.606,0.9419999718666077,0.35402446848308267
1107.0,,0.002507271870538861,1414.065,0.7870000004768372,0.017333768011482096
1120.5,,0.002289078762229978,1414.531,0.7450000047683716,-0.07326212503466896
1134.0,,0.0021243614258175817,1414.999,0.765999972820282,-0.026727825025263965
1147.5,,0.0019436962188199027,1415.462,0.7889999747276306,0.024015689266831335
1161.0,,0.0016932618622376345,1415.925,0.7639999985694885,-0.02998243185050853
1174.5,,0.0013805887428874983,1416.394,0.7860000133514404,0.018235524268861377
1188.0,,0.0011069084858238267,1416.866,0.7850000262260437,0.016156410236020827
1201.5,,0.0010036782486510813,1417.32,0.7900000214576721,0.026959388447550366
1215.0,,0.0010992209452051803,1417.786,0.7739999890327454,-0.008175359169337334
1228.5,,0.0012537431521325742,1418.251,0.7950000166893005,0.03712358293436035
1242.0,,0.0012664749147880054,1418.717,0.7210000157356262,-0.12471140215197386
1255.5,,0.001073586898060759,1419.184,0.7129999995231628,-0.14290006362527985
1269.0,,0.0008076972496955317,1419.65,0.7680000066757202,-0.02395417196793507
1282.5,,0.0006158510800505117,1420.114,0.7710000276565552,-0.01838793569254864
1296.0,,0.0004519212959035368,1420.58,0.7950000166893005,0.03287277216651728
1309.5,,0.0001290173749396177,1421.043,0.7739999890327454,-0.013929428085650616
1323.0,,0.0004135970064246035,1421.506,0.7839999794960022,0.006816155277079709
1336.5,,0.0009668088499638187,1421.976,0.7879999876022339,0.014532471979208676
1350.0,,0.0012431394611042705,1422.439,0.7689999938011169,-0.02778620839251349
1363.5,,0.0012124162373745697,1422.902,0.7879999876022339,0.012786251334780653
,,,1423.365,0.7749999761581421,-0.01623004476599339
,,,1423.83,0.7950000166893005,0.026798688700325188
,,,1424.301,0.7910000085830688,0.017706004390882324
,,,1424.767,0.7789999842643738,-0.008638674531638031
,,,1425.227,0.7770000100135803,-0.013014813336986257
,,,1425.693,0.7739999890327454,-0.019388656142297886
,,,1426.16,0.7609999775886536,-0.047374580532754895
,,,1426.625,0.7839999794960022,0.0032334369556486038
,,,1427.091,0.7390000224113464,-0.09416108804078809
,,,1427.55,0.765999972820282,-0.034569586951382715
,,,1428.021,0.7630000114440918,-0.04023880774796222
,,,1428.483,0.8069999814033508,0.05656014161777051
,,,1428.951,0.8069999814033508,0.057541898332054725
,,,1429.413,0.6209999918937683,-0.34669574918507107
,,,1429.877,0.7839999794960022,0.009389153717097537
,,,1430.347,0.8069999814033508,0.06040997581434247
,,,1430.805,0.7910000085830688,0.026385544546101456
,,,1431.272,0.7910000085830688,0.02711548548834786
,,,1431.738,0.7269999980926514,-0.1117160212779621
,,,1432.202,0.7870000004768372,0.019457592521366533
,,,1432.668,0.765999972820282,-0.025999693513394345
,,,1433.133,0.7730000019073486,-0.010622798136458389
,,,1433.598,0.7820000052452087,0.008940265918240316
,,,1434.066,0.7919999957084656,0.03051395256703653
,,,1434.531,0.765999972820282,-0.026504016257380685
,,,1434.992,0.8029999732971191,0.053585300983515854
,,,1435.461,0.7950000166893005,0.035505825674838246
,,,1435.924,0.7699999809265137,-0.019719396457573844
,,,1436.387,0.8069999814033508,0.0600472647517747
,,,1436.853,0.7590000033378601,-0.0454286518231397
,,,1437.319,0.7889999747276306,0.01900061963676302
,,,1437.785,0.765999972820282,-0.03203859813795335
,,,1438.251,0.7879999876022339,0.014990676230495253
,,,1438.716,0.777999997138977,-0.007639194796150943
,,,1439.181,0.7889999747276306,0.015566615710724924
,,,1439.647,0.7919999957084656,0.02145116367738077
,,,1440.106,0.777999997138977,-0.009573568303872815
,,,1440.571,0.7739999890327454,-0.018668806852349895
,,,1441.04,0.7710000276565552,-0.025431560523738603
,,,1441.502,0.7879999876022339,0.011538658208020674
,,,1441.965,0.7689999938011169,-0.02976078105046531
,,,1442.435,0.765999972820282,-0.03604458437844585
,,,1442.895,0.7860000133514404,0.007929118707968148
,,,1443.365,0.8109999895095825,0.06293214062987829
,,,1443.831,0.777999997138977,-0.008307140748755779
,,,1444.294,0.7260000109672546,-0.12084451561058199
,,,1444.759,0.7910000085830688,0.02159069318850808
,,,1445.224,0.7649999856948853,-0.034185870091135814
,,,1445.69,0.7710000276565552,-0.02022735250338023
,,,1446.155,0.777999997138977,-0.004100272459517305
,,,1446.621,0.7739999890327454,-0.011975408689499548
,,,1447.08,0.7870000004768372,0.017123454179555676
,,,1447.546,0.7689999938011169,-0.02140292167018036
,,,1448.01,0.7879999876022339,0.020572365344153402
,,,1448.48,0.800000011920929,0.047171709270719224
,,,1448.94,0.7680000066757202,-0.022228525896003014
,,,1449.409,0.777999997138977,-0.0002745108127376267
,,,1449.87,0.7820000052452087,0.008453942799271027
,,,1450.34,0.7620000243186951,-0.035258589673421506
,,,1450.805,0.7850000262260437,0.014562230972133001
,,,1451.266,0.7870000004768372,0.01849315775386153
,,,1451.731,0.781000018119812,0.004871281050340735
,,,1452.199,0.7990000247955322,0.043431322312068324
,,,1452.665,0.7680000066757202,-0.024847025497852226
,,,1453.132,0.7710000276565552,-0.0191128217716978
,,,1453.59,0.7699999809265137,-0.022129941570353688
,,,1454.062,0.7950000166893005,0.0314884716079431
,,,1454.52,0.7820000052452087,0.0023360066595818755
,,,1454.991,0.7879999876022339,0.014621904592333921
,,,1455.454,0.7710000276565552,-0.023132768819930295
,,,1455.917,0.7910000085830688,0.019812801309859625
,,,1456.38,0.7730000019073486,-0.01992051097341202
,,,1456.845,0.7839999794960022,0.003652410190766505
,,,1457.316,0.7910000085830688,0.018648242331651743
,,,1457.781,0.7910000085830688,0.018538694353535907
,,,1458.246,0.7699999809265137,-0.027174839986362293
,,,1458.712,0.796999990940094,0.03183236625587974
,,,1459.176,0.7839999794960022,0.003832916842340707
,,,1459.635,0.800000011920929,0.03914319020423999
,,,1460.106,0.7829999923706055,0.002671856767487718
,,,1460.571,0.7770000100135803,-0.009739216002636051
,,,1461.032,0.765999972820282,-0.03297072218345157
,,,1461.502,0.7870000004768372,0.013563949752062359
,,,1461.965,0.7889999747276306,0.01872908642883595
,,,1462.428,0.7720000147819519,-0.017500526386404612
,,,1462.896,0.7689999938011169,-0.023255877179715667
,,,1463.359,0.7910000085830688,0.0254038650156743
,,,1463.824,0.765999972820282,-0.028406686855561712
,,,1464.287,0.7860000133514404,0.015728013204404197
,,,1464.753,0.7860000133514404,0.016178557479902964
,,,1465.217,0.7870000004768372,0.0186833889521329
,,,1465.683,0.7710000276565552,-0.01598298889310646
,,,1466.147,0.765999972820282,-0.026824719222524523
,,,1466.613,0.7870000004768372,0.018837287479567852
,,,1467.08,0.7739999890327454,-0.009712171136083666
,,,1467.546,0.7689999938011169,-0.020962001969452332
,,,1468.007,0.7519999742507935,-0.05847406997767418
,,,1468.476,0.7910000085830688,0.025915608129230973
,,,1468.939,0.7689999938011169,-0.022675563691718678
,,,1469.402,0.7889999747276306,0.020175065043144588
,,,1469.87,0.7919999957084656,0.0259509110780278
,,,1470.332,0.8370000123977661,0.12321780287883566
,,,1470.798,0.8069999814033508,0.057099363023016464
,,,1471.262,0.7889999747276306,0.01716147939452299
,,,1471.728,0.75,-0.06847070335001117
,,,1472.194,0.7870000004768372,0.011551144784436857
,,,1472.66,0.7680000066757202,-0.030336234695199273
,,,1473.125,0.7680000066757202,-0.030719192063687256
,,,1473.591,0.7839999794960022,0.003877695556856041
,,,1474.058,0.7910000085830688,0.018996709355221877
,,,1474.516,0.7879999876022339,0.012462941320430038
,,,1474.98,0.7910000085830688,0.019134270382102178
,,,1475.45,0.7609999775886536,-0.04596232767825097
,,,1475.91,0.7870000004768372,0.01106358397671417
,,,1476.38,0.7870000004768372,0.011550350529626056
,,,1476.846,0.765999972820282,-0.03362462869483635
,,,1477.309,0.7919999957084656,0.023667980489651085
,,,1477.775,0.7590000033378601,-0.04752964268110264
,,,1478.239,0.7699999809265137,-0.022839485782625638
,,,1478.705,0.7789999842643738,-0.0025023377703295474
,,,1479.17,0.7879999876022339,0.01781675263670671
,,,1479.636,0.7649999856948853,-0.0316212371286907
,,,1480.095,0.7889999747276306,0.021275805494252533
,,,1480.56,0.7860000133514404,0.015269498560386396
,,,1481.028,0.7950000166893005,0.03531121349808375
,,,1481.491,0.7730000019073486,-0.012294249968228305
,,,1481.962,0.7850000262260437,0.01405530031077095
,,,1482.424,0.7919999957084656,0.029386604439238108
,,,1482.892,0.796999990940094,0.04023442030006958
,,,1483.354,0.7680000066757202,-0.023116239098290657
,,,1483.819,0.7820000052452087,0.007095731521107262
,,,1484.286,0.7429999709129333,-0.0782711109158536
,,,1484.752,0.7870000004768372,0.017092497425174054
,,,1485.211,0.8640000224113464,0.18427247661253598
,,,1485.677,0.7860000133514404,0.013703535146646057
,,,1486.143,0.7689999938011169,-0.024007602049838143
,,,1486.609,0.7850000262260437,0.010156588891071794
,,,1487.076,0.7860000133514404,0.01164294303916499
,,,1487.535,0.7850000262260437,0.008796131744949622
,,,1488.002,0.7870000004768372,0.012530184260616875
,,,1488.465,0.7689999938011169,-0.027244590262145398
,,,1488.936,0.7649999856948853,-0.03643757011600352
,,,1489.398,0.8109999895095825,0.06339773375411502
,,,1489.866,0.7910000085830688,0.019550938168805532
,,,1490.328,0.8050000071525574,0.04989542172825212
,,,1490.793,0.7870000004768372,0.01064458246642427
,,,1491.259,0.7889999747276306,0.015088308597940307
,,,1491.724,0.7850000262260437,0.0065782784891268275
,,,1492.191,0.7889999747276306,0.015608131751341183
,,,1492.657,0.7630000114440918,-0.040621279493075126
,,,1493.122,0.7710000276565552,-0.02269096215725909
,,,1493.58,0.7710000276565552,-0.02212054171695968
,,,1494.051,0.7839999794960022,0.006823684543668456
,,,1494.512,0.7820000052452087,0.0031204839759395885
,,,1494.98,0.7910000085830688,0.02339418037628986
,,,1495.443,0.8019999861717224,0.04801646202144206
,,,1495.906,0.7850000262260437,0.011607685836675104
,,,1496.376,0.7739999890327454,-0.0117786560005707
,,,1496.835,0.7990000247955322,0.04319896397731611
,,,1497.304,0.765999972820282,-0.028268532917844705
,,,1497.77,0.7889999747276306,0.02217171260981573
,,,1498.236,0.7680000066757202,-0.023355442957551452
,,,1498.702,0.7900000214576721,0.024685838201741302
,,,1499.162,0.765999972820282,-0.027607334602340588
,,,1499.627,0.7889999747276306,0.022380310678509034
,,,1500.091,0.7900000214576721,0.024326748884305093
,,,1500.557,0.7490000128746033,-0.06533368924797882
,,,1501.021,0.7910000085830688,0.025740618312905094
,,,1501.49,0.7839999794960022,0.009982559181696011
,,,1501.951,0.765999972820282,-0.02980250722598192
,,,1502.421,0.7680000066757202,-0.02605889992457876
,,,1502.884,0.7990000247955322,0.040841040114272024
,,,1503.346,0.8899999856948853,0.23845855687753595
,,,1503.812,0.8289999961853027,0.10494327094980284
,,,1504.276,0.7739999890327454,-0.015460731464825392
,,,1504.742,0.7879999876022339,0.014516394698335155
,,,1505.207,0.7860000133514404,0.009704983216195881
,,,1505.673,0.7730000019073486,-0.018988164804192034
,,,1506.139,0.7739999890327454,-0.017086166833499738
,,,1506.605,0.7870000004768372,0.01106187549016625
,,,1507.066,0.7950000166893005,0.02842442607009065
,,,1507.532,0.7739999890327454,-0.017284550731102917
,,,1507.995,0.7919999957084656,0.022081041534972097
,,,1508.465,0.7699999809265137,-0.025597593291458127
,,,1508.928,0.7570000290870667,-0.053575581421909234
,,,1509.391,0.7720000147819519,-0.02047069009472737
,,,1509.857,0.7720000147819519,-0.019977983918417853
,,,1510.32,0.7889999747276306,0.017604158387930478
,,,1510.786,0.7609999775886536,-0.042817398249293356
,,,1511.251,0.7699999809265137,-0.022612252294929868
,,,1511.716,0.7860000133514404,0.012841702845526035
,,,1512.184,0.7919999957084656,0.02648970816497201
,,,1512.649,0.7919999957084656,0.027029284864152098
,,,1513.114,0.7620000243186951,-0.03784412316498718
,,,1513.58,0.7950000166893005,0.03446839657530903
,,,1514.043,0.7710000276565552,-0.01748333187986887
,,,1514.506,0.7910000085830688,0.026334219394852188
,,,1514.976,0.7820000052452087,0.006872725704665653
,,,1515.439,0.7739999890327454,-0.010512598022169792
,,,1515.903,0.7850000262260437,0.013392922236274564
,,,1516.365,0.7630000114440918,-0.03469852632827275
,,,1516.831,0.7870000004768372,0.01733177065987848
,,,1517.301,0.7940000295639038,0.03223804721532208
,,,1517.76,0.7870000004768372,0.016567714404003828
,,,1518.232,0.7599999904632568,-0.04273822375164965
,,,1518.69,0.7739999890327454,-0.012767817974816803
,,,1519.161,0.7680000066757202,-0.026402044543946207
,,,1519.62,0.7910000085830688,0.023130930901720484
,,,1520.091,0.7950000166893005,0.03127479787463747
,,,1520.557,0.8199999928474426,0.08519421374603905
,,,1521.017,0.7839999794960022,0.006257224220296279
,,,1521.487,0.7739999890327454,-0.015979278943498237
,,,1521.947,0.7720000147819519,-0.020718451564363888
,,,1522.41,0.7910000085830688,0.020373597871124853
,,,1522.88,0.7870000004768372,0.011445915770393125
,,,1523.343,0.75,-0.06928231655090011
,,,1523.808,0.7689999938011169,-0.027909267624953243
,,,1524.272,0.7730000019073486,-0.019118693568249183
,,,1524.738,0.7870000004768372,0.0115535783451827
,,,1525.202,0.8069999814033508,0.05538821032488645
,,,1525.668,0.777999997138977,-0.007448411414353328
,,,1526.133,0.7599999904632568,-0.046249535238865776
,,,1526.599,0.7950000166893005,0.030474502957616428
,,,1527.066,0.7990000247955322,0.03970325529350786
,,,1527.531,0.7870000004768372,0.01410088547376476
,,,1527.995,0.7910000085830688,0.02336708293198126
,,,1528.458,0.7689999938011169,-0.024019215405340192
,,,1528.921,0.781000018119812,0.002643671956630704
,,,1529.391,0.7919999957084656,0.027087050834733683
,,,1529.862,0.7879999876022339,0.018795836922863216
,,,1530.317,0.800000011920929,0.0452955436620557
,,,1530.783,0.7620000243186951,-0.03721591026334998
,,,1531.246,0.7990000247955322,0.04358380749520758
,,,1531.712,0.7720000147819519,-0.015142934565127822
,,,1532.176,0.7570000290870667,-0.047821960859189584
,,,1532.642,0.796999990940094,0.03922853625078349
,,,1533.106,0.7770000100135803,-0.0045316369683236135
,,,1533.572,0.7710000276565552,-0.01787643935210183
,,,1534.035,0.7870000004768372,0.01663181442909157
,,,1534.505,0.7739999890327454,-0.012106350864335586
,,,1534.965,0.7480000257492065,-0.06921988497727408
,,,1535.435,0.7879999876022339,0.017418651106423436
,,,1535.899,0.7799999713897705,-0.0005396265032997568
,,,1536.361,0.7689999938011169,-0.025038545287964255
,,,1536.828,0.7900000214576721,0.020191133302877088
,,,1537.291,0.7710000276565552,-0.021696851789608736
,,,1537.756,0.7910000085830688,0.021426194943735877
,,,1538.221,0.7870000004768372,0.0123196845183977
,,,1538.688,0.8009999990463257,0.042499386854532195
,,,1539.155,0.7739999890327454,-0.016565354549840084
,,,1539.62,0.7820000052452087,0.0007094391783682582
,,,1540.08,0.7720000147819519,-0.02114070259872383
,,,1540.546,0.7879999876022339,0.013746341845359803
,,,1541.013,0.7850000262260437,0.007330585152394476
,,,1541.476,0.765999972820282,-0.033856747197497976
,,,1541.947,0.765999972820282,-0.03357029580272424
,,,1542.409,0.7860000133514404,0.010359233048373238
,,,1542.87,0.7739999890327454,-0.015369101958027815
,,,1543.34,0.765999972820282,-0.03233725751214735
,,,1543.805,0.7910000085830688,0.02262101443684659
,,,1544.265,0.7580000162124634,-0.048766881921004424
,,,1544.731,0.7870000004768372,0.014920828928201995
,,,1545.199,0.7519999742507935,-0.06084163384541679
,,,1545.664,0.7820000052452087,0.0049762108610333705
,,,1546.128,0.7910000085830688,0.02499685412674475
,,,1546.594,0.7699999809265137,-0.0203996891080042
,,,1547.062,0.7730000019073486,-0.013577542757347532
,,,1547.52,0.8069999814033508,0.06070540189167047
,,,1547.991,0.7870000004768372,0.017258932278767628
,,,1548.454,0.7770000100135803,-0.004487398894569955
,,,1548.917,0.7870000004768372,0.017251408575984836
,,,1549.387,0.7699999809265137,-0.019919448811044724
,,,1549.845,0.7739999890327454,-0.011420602303231447
,,,1550.315,0.7689999938011169,-0.0226048136581279
,,,1550.781,0.7889999747276306,0.02061158625704948
,,,1551.247,0.7429999709129333,-0.08001720676758016
,,,1551.705,0.7680000066757202,-0.026004007309366507
,,,1552.172,0.7639999985694885,-0.03519955161102375
,,,1552.638,0.7860000133514404,0.01223796163954095
,,,1553.102,0.7910000085830688,0.022642908474018786
,,,1553.568,0.7739999890327454,-0.014862335538757676
,,,1554.036,0.7699999809265137,-0.024010986296492058
,,,1554.499,0.7879999876022339,0.014818163943285527
,,,1554.962,0.7620000243186951,-0.04215364319002955
,,,1555.431,0.7990000247955322,0.03819900118490038
,,,1555.895,0.7850000262260437,0.0075185998602669
,,,1556.357,0.7889999747276306,0.016137373194145092
,,,1556.823,0.7739999890327454,-0.01655220935886474
,,,1557.287,0.7720000147819519,-0.0208341092990992
,,,1557.753,0.7910000085830688,0.020718002608278788
,,,1558.217,0.7910000085830688,0.020953566521138094
,,,1558.683,0.7649999856948853,-0.035385936992886134
,,,1559.148,0.7739999890327454,-0.015413552792728142
,,,1559.613,0.7940000295639038,0.02857163063181568
,,,1560.08,0.7910000085830688,0.02248299070508944
,,,1560.546,0.7760000228881836,-0.009728397849091694
,,,1561.01,0.781000018119812,0.0016387274458390631
,,,1561.472,0.7630000114440918,-0.03711292492239251
,,,1561.94,0.7699999809265137,-0.021423280740600143
,,,1562.402,0.8199999928474426,0.08791062883859851
,,,1562.865,0.7730000019073486,-0.014133538974845754
,,,1563.335,0.7850000262260437,0.01230203862314421
,,,1563.801,0.7730000019073486,-0.013620276225082648
,,,1564.261,0.7950000166893005,0.03445484696414644
,,,1564.727,0.7720000147819519,-0.015590090486675744
,,,1565.192,0.7910000085830688,0.02578563577884429
,,,1565.658,0.7710000276565552,-0.017887673047970752
,,,1566.124,0.7870000004768372,0.01679192324877924
,,,1566.59,0.7630000114440918,-0.03574699680566622
,,,1567.051,0.7620000243186951,-0.0382419846279227
,,,1567.52,0.7910000085830688,0.024567783948616383
,,,1567.984,1.0859999656677246,0.6668620965795427
,,,1568.446,0.7990000247955322,0.04116579575737338
,,,1568.914,0.7839999794960022,0.008052458204599123
,,,1569.376,0.7490000128746033,-0.06863652992188168
,,,1569.842,0.7879999876022339,0.015903903534157895
,,,1570.305,0.7730000019073486,-0.017179679357043273
,,,1570.771,0.7870000004768372,0.012953149679152716
,,,1571.236,0.7850000262260437,0.008274615260922883
,,,1571.702,0.7699999809265137,-0.024669941162563252
,,,1572.166,0.777999997138977,-0.007441332249059001
,,,1572.632,0.7889999747276306,0.016393496305902918
,,,1573.098,0.7820000052452087,0.0010874374725828155
,,,1573.564,0.7889999747276306,0.016358714284561374
,,,1574.025,0.7900000214576721,0.018634084293902026
,,,1574.494,0.7739999890327454,-0.01605508801269405
,,,1574.958,0.765999972820282,-0.03324832573410475
,,,1575.42,0.7870000004768372,0.012798619749457792
,,,1575.888,0.7919999957084656,0.0240380817159138
,,,1576.35,0.7870000004768372,0.013531978665620495
,,,1576.816,0.765999972820282,-0.031803963629650975
,,,1577.287,0.7739999890327454,-0.013943753484810598
,,,1577.745,0.7979999780654907,0.038777274620108694
,,,1578.21,0.7879999876022339,0.017414471379006407
,,,1578.676,0.7649999856948853,-0.03229381121399121
,,,1579.143,0.7870000004768372,0.016001354029571924
,,,1579.609,0.7739999890327454,-0.012002962902305856
,,,1580.076,0.7720000147819519,-0.01609848315090956
,,,1580.542,0.7879999876022339,0.01895724172652171
,,,1581.003,0.7870000004768372,0.016906319628187123
,,,1581.466,0.7680000066757202,-0.024433892876696107
,,,1581.936,0.7089999914169312,-0.15299710597377056
,,,1582.398,0.765999972820282,-0.028914669636113187
,,,1582.862,0.7720000147819519,-0.016016457851112064
,,,1583.332,0.7900000214576721,0.022959392255401445
,,,1583.79,0.7860000133514404,0.013947106854190667
,,,1584.255,0.765999972820282,-0.029972377602212028
,,,1584.72,0.8080000281333923,0.061146529539225745
,,,1585.187,0.7620000243186951,-0.03948173771245151
,,,1585.653,0.7910000085830688,0.023274909490348928
,,,1586.117,0.7889999747276306,0.01849274729523118
,,,1586.583,0.7689999938011169,-0.025492647847695143
,,,1587.047,0.7699999809265137,-0.023702446845316937
,,,1587.517,0.7839999794960022,0.006445875301116349
,,,1587.98,0.7599999904632568,-0.046148104677026375
,,,1588.443,0.7860000133514404,0.010245758871282524
,,,1588.906,0.7820000052452087,0.0013433498229953242
,,,1589.376,0.7739999890327454,-0.016204689526481436
,,,1589.842,0.7870000004768372,0.012071228347847344
,,,1590.305,0.7689999938011169,-0.02711755334490076
,,,1590.77,0.7889999747276306,0.016554686772864813
,,,1591.236,0.7889999747276306,0.01672354465904301
,,,1591.701,0.7699999809265137,-0.02443768194602193
,,,1592.165,0.7570000290870667,-0.05247092460535925
,,,1592.63,0.8100000023841858,0.06333371429503068
,,,1593.095,0.7879999876022339,0.015777859776613532
