Trial: ,17
Threshold: ,0.0
Maximum EMG: ,0.0826207174767468
Success: ,True

EMG Time,Raw EMG,Filtered EMG,Force Time,Raw Force (V),Filtered Force (N)
0.0,samples,3.035554941715728e-08,0.471,0.7739999890327454,0.016613477896555026
0.46551699999999996,time,3.009469451927226e-08,0.929,0.7739999890327454,0.01700077280622534
0.9310339999999999,value,2.971531081664287e-08,1.394,0.7739999890327454,0.01735102586250303
1.396552,,2.9213631530988468e-08,1.86,0.7490000128746033,-0.03681315718910558
1.862069,,2.85861630902761e-08,2.327,0.7839999794960022,0.03968364959471117
2.327586,,2.7829709379581396e-08,2.793,0.7559999823570251,-0.021139442837894276
2.793103,,2.6941395979092864e-08,3.256,0.7480000257492065,-0.038460668812688045
3.258621,,2.5918694302315595e-08,3.722,0.7749999761581421,0.020395683702142075
3.724138,,2.4759445544131083e-08,4.19,0.7620000243186951,-0.007969167497431566
4.189654999999999,,2.3461884345145986e-08,4.653,0.7490000128746033,-0.03640864099543241
4.655172,,2.202466207573288e-08,5.116,0.7749999761581421,0.020047874418644144
5.12069,,2.044686964034977e-08,5.579,0.42500001192092896,-0.7427389879180062
5.586207,,1.872805970014147e-08,6.049,0.7739999890327454,0.01728038922600318
6.051723999999999,,1.686826820949439e-08,6.512,0.7580000162124634,-0.01795982204716936
6.517241,,1.4868035160155712e-08,6.978,0.7739999890327454,0.01648242791393712
6.982759,,1.2728424424757601e-08,7.441,0.7519999742507935,-0.03188494189618861
7.448276,,1.0451042590126025e-08,7.906,0.7599999904632568,-0.014900192944421655
7.913793000000001,,8.038056669619892e-09,8.372,0.7739999890327454,0.01516323003022339
8.379309999999998,,5.492210582958504e-09,8.837,0.7490000128746033,-0.03971978036667978
8.844828000000001,,2.8168402915709184e-09,9.305,0.753000020980835,-0.03138868374797707
9.310345,,1.5887477457235745e-11,9.771,0.777999997138977,0.022739413219890935
9.775862,,2.9060883460943705e-09,10.231,0.7739999890327454,0.013743570892508912
10.241379,,5.943899402824125e-09,10.696,0.7879999876022339,0.04402947857453555
10.706897,,9.091721010544482e-09,11.164,0.8510000109672546,0.18114337242440834
11.172414,,1.2343084834967245e-08,11.626,0.75,-0.03896244944437534
11.637931,,1.569087414627607e-08,12.094,0.7760000228881836,0.01769835322116406
12.103447999999998,,1.9127321181844553e-08,12.557,0.7480000257492065,-0.04321242768579888
12.568966000000001,,2.2644006715459014e-08,13.02,0.7860000133514404,0.0397397624917674
13.034483,,2.623186192987495e-08,13.49,0.7509999871253967,-0.03628283785514373
13.5,,2.988117268550844e-08,13.955,0.7739999890327454,0.014114916940678492
13.965517,,3.3581586273531314e-08,14.419,0.7590000033378601,-0.018227028103693685
14.431034,,3.732212073659626e-08,14.884,0.7680000066757202,0.0017564782355324515
14.896552,,4.1091176834860757e-08,15.35,0.7720000147819519,0.010872576250348648
15.362069,,4.487655272890474e-08,15.815,0.7580000162124634,-0.019214062043580706
15.827586000000002,,4.8665461444545454e-08,16.275,0.7739999890327454,0.016058299628121105
16.293103,,5.244455117744495e-08,16.741,0.7179999947547913,-0.1055462463887853
16.758621,,5.619992848778476e-08,17.205,0.777999997138977,0.025545072454121114
17.224138,,5.99171844271526e-08,17.67,0.7549999952316284,-0.0242297033085915
17.689655,,6.358142363115504e-08,18.138,0.7559999823570251,-0.02176504375446036
18.155172,,6.717729640214706e-08,18.601,0.7739999890327454,0.017679927352809217
18.62069,,7.068903379686581e-08,19.064,0.7549999952316284,-0.02354827170036369
19.086207,,7.41004857236842e-08,19.534,0.7739999890327454,0.01794434268346626
19.551724,,7.73951620436767e-08,20.005,0.7839999794960022,0.039759333099753116
20.017241000000002,,8.055627665873295e-08,20.46,0.7739999890327454,0.01793187133293412
20.482758999999998,,8.356679455858428e-08,20.925,0.753000020980835,-0.02792888175399083
20.948276,,8.640948178684702e-08,21.39,0.7490000128746033,-0.03681791659468119
21.413793000000002,,8.90669582740595e-08,21.855,0.7620000243186951,-0.008729347207991095
21.87931,,9.152175347322474e-08,22.32,0.777999997138977,0.025844227702404528
22.344828,,9.375636472059657e-08,22.786,0.7739999890327454,0.016804220813908317
22.810344999999998,,9.575331823139703e-08,23.253,0.7480000257492065,-0.0401963033395403
23.275862,,9.749523262686129e-08,23.719,0.765999972820282,-0.0013559924658182636
23.741379,,9.896488487550989e-08,24.179,0.7739999890327454,0.0156908143528946
24.206897,,1.0014527851788587e-07,24.649,0.7570000290870667,-0.021723236379251467
24.672414,,1.0101971403020851e-07,25.112,0.7739999890327454,0.014953655864858955
25.137931,,1.0157186116852913e-07,25.574,0.7599999904632568,-0.01587913976724831
25.603448,,1.0178583312107375e-07,26.045,0.7599999904632568,-0.016172452793050785
26.068966,,1.016462622825711e-07,26.508,0.777999997138977,0.022797359936392498
26.534483,,1.0113837745054168e-07,26.973,0.7739999890327454,0.013892255695263986
27.0,,1.0024808222981718e-07,27.436,0.8399999737739563,0.1575549401474368
27.465517,,9.896203441802247e-08,27.902,0.781000018119812,0.028953703992588762
27.931034,,9.72677261314406e-08,28.371,0.7699999809265137,0.004994590986562454
28.396552,,9.515356441765278e-08,28.829,0.75,-0.0385079775040778
28.862069,,9.260895208865746e-08,29.3,0.7599999904632568,-0.016590646448521568
29.327586,,8.962436849588602e-08,29.759,0.7599999904632568,-0.016404178993075325
29.793103000000002,,8.61914499567088e-08,30.231,0.7689999938011169,0.0034395395279774852
30.258620999999998,,8.230306953072476e-08,30.689,0.7739999890327454,0.014610431743704608
30.724138,,7.795341583341607e-08,31.16,0.777999997138977,0.02363564400272401
31.189655000000002,,7.313807056468708e-08,31.622,0.7310000061988831,-0.0784281746739794
31.655172000000004,,6.78540844204606e-08,32.09,0.746999979019165,-0.04322728057578562
32.12069,,6.21000510469363e-08,32.552,0.7570000290870667,-0.02109927092254138
32.586207,,5.5876178689391984e-08,33.02,0.7609999775886536,-0.012054533446360958
33.051724,,4.918435918059068e-08,33.482,0.7770000100135803,0.023113414032774126
33.517241000000006,,4.202823390801018e-08,33.948,0.7570000290870667,-0.020179967441059116
33.982759,,3.44132563942981e-08,34.412,0.777999997138977,0.025812764285962735
34.448276,,2.634675112163727e-08,34.877,0.7599999904632568,-0.013207193278147997
34.913793,,1.7837968228144315e-08,35.341,0.7649999856948853,-0.00216941808026426
35.37931,,8.89813370307602e-09,35.807,0.7639999985694885,-0.004258783734906979
35.844828,,4.595052924570452e-10,36.271,0.7509999871253967,-0.03254958049532947
36.310345,,1.02196403513187e-08,36.737,0.7760000228881836,0.021890507516624108
36.775862,,2.0364867362134416e-08,37.201,0.7799999713897705,0.03052322319065187
37.241378999999995,,3.0875658032392944e-08,37.667,0.7760000228881836,0.021675260360394476
37.706897000000005,,4.173033775267779e-08,38.13,0.7870000004768372,0.04546015868087049
38.172414,,5.2905070154782525e-08,38.6,0.7580000162124634,-0.017941505848998875
38.637931,,6.437384870784036e-08,39.061,0.7620000243186951,-0.009481813202360728
39.103448,,7.610849568637576e-08,39.524,0.7549999952316284,-0.02501350556256494
39.568965999999996,,8.807866883233173e-08,39.989,0.7739999890327454,0.016082887958624868
40.034483,,1.0025187601961227e-07,40.46,0.7739999890327454,0.015778276491593295
40.5,,1.1259349821448216e-07,40.926,0.8130000233650208,0.10044513165476127
40.965517,,1.2506682100826678e-07,41.389,0.7730000019073486,0.013012745911386923
41.431034,,1.376330749801803e-07,41.855,0.753000020980835,-0.03082476247539793
41.896552,,1.5025148512777386e-07,42.32,0.753000020980835,-0.031061061557981436
42.362069000000005,,1.628793295804329e-07,42.785,0.7820000052452087,0.031918854974515784
42.827586000000004,,1.7547200778757007e-07,43.245,0.8569999933242798,0.19516035279314348
43.293103,,1.8798311834766737e-07,43.711,0.7620000243186951,-0.011918846295507653
43.758621,,2.0036454661713532e-07,44.18,0.7739999890327454,0.014167531570529662
44.224138,,2.1256656220910152e-07,44.642,0.7540000081062317,-0.0294132508165496
44.689655,,2.24537926461747e-07,45.105,0.8140000104904175,0.10134735108798351
45.155172,,2.3622600992371338e-07,45.574,0.7400000095367432,-0.059783241377503904
45.620689999999996,,2.4757691987045435e-07,46.035,0.7739999890327454,0.014423409160377421
46.086206999999995,,2.585356378302516e-07,46.504,0.7609999775886536,-0.013728536908721608
46.551724,,2.690461670620195e-07,46.97,0.7760000228881836,0.01915414858239771
47.017241,,2.790516898890539e-07,47.433,0.7570000290870667,-0.022011930794390067
47.482759,,2.884947347536134e-07,47.899,0.7820000052452087,0.03270035898833645
47.948276,,2.9731735281673696e-07,48.364,0.7739999890327454,0.015527554812616043
48.413793,,3.0546130388610054e-07,48.83,0.75,-0.036501713522942646
48.879310000000004,,3.128682514120858e-07,49.293,0.7739999890327454,0.01603732077427489
49.344828,,3.1947996624869267e-07,49.759,0.7590000033378601,-0.016405257768261693
49.810345,,3.25238538831586e-07,50.219,0.777999997138977,0.02520498914541383
50.275862,,3.3008659938054957e-07,50.685,0.7559999823570251,-0.022536884316739784
50.741379,,3.3396754568805975e-07,51.153,0.7490000128746033,-0.0376323148238389
51.206897,,3.3682577800972385e-07,51.615,0.7590000033378601,-0.015728821398131376
51.672414,,3.3860694052610275e-07,52.079,0.7870000004768372,0.04535027050529508
52.137931,,3.3925816879910407e-07,52.549,0.7419999837875366,-0.05265329061911369
52.603448,,3.387283425998564e-07,53.012,0.7739999890327454,0.017057201481480835
53.068966,,3.3696834343892004e-07,53.475,0.843999981880188,0.16951714530687795
53.534483,,3.339313160840306e-07,53.94,0.7599999904632568,-0.013570109666209411
54.0,,3.2957293330548884e-07,54.405,1.059999942779541,0.6399156041000135
54.465517,,3.2385166304499066e-07,54.871,0.7689999938011169,0.005799693006646277
54.931034,,3.167290371603186e-07,55.338,0.824999988079071,0.12765468986531575
55.396552,,3.0816992085609653e-07,55.803,0.7509999871253967,-0.033735226548859396
55.862069,,2.981427818699349e-07,56.268,0.765999972820282,-0.0012423956076458935
56.327586,,2.866199584439738e-07,56.734,0.7549999952316284,-0.025406993841356612
56.793102999999995,,2.7357792507426635e-07,57.198,0.7549999952316284,-0.025613499685170155
57.258621000000005,,2.589975549948519e-07,57.664,0.7990000247955322,0.07004019894655754
57.724138,,2.428643783199567e-07,58.126,0.7739999890327454,0.015373655695169984
58.189655,,2.2516883473673928e-07,58.589,0.7590000033378601,-0.017494281209979708
58.655172,,2.059065196125883e-07,59.06,0.7580000162124634,-0.01984486056643966
59.120689999999996,,1.850784223553897e-07,59.523,0.7950000166893005,0.060614686153152894
59.586207,,1.6269115584262784e-07,59.988,0.7570000290870667,-0.022298091741163754
60.051724,,1.3875717571587646e-07,60.452,0.7749999761581421,0.016822717170202183
60.517241,,1.1329498832138364e-07,60.917,0.7369999885559082,-0.06602949715261634
60.982758999999994,,8.632934606526359e-08,61.382,0.7580000162124634,-0.02030918346484184
61.448276,,5.7891428943480026e-08,61.847,0.7279999852180481,-0.08566759494071396
61.913793,,2.801901100253693e-08,62.312,0.7739999890327454,0.01458399496281081
62.379310000000004,,3.2433895132268047e-09,62.778,0.7739999890327454,0.014650515453246814
62.84482800000001,,3.584437756742822e-08,63.242,0.7739999890327454,0.014748841735027527
63.310345000000005,,6.972556752118271e-08,63.707,0.7749999761581421,0.017054836499665334
63.775862000000004,,1.048214893232647e-07,64.175,0.7739999890327454,0.015029032688296466
64.241379,,1.4105951589902095e-07,64.637,0.7559999823570251,-0.02401312720862619
64.706897,,1.783598129123592e-07,65.101,0.7739999890327454,0.015391519527973373
65.172414,,2.1663531204610885e-07,65.564,0.7609999775886536,-0.012731901201646568
65.637931,,2.5579170891168956e-07,66.034,0.7540000081062317,-0.027779204104460338
66.103448,,2.957274866592183e-07,66.497,0.7749999761581421,0.018173757576504863
66.56896599999999,,3.363339663138445e-07,66.963,0.7689999938011169,0.0052963251739129545
67.03448300000001,,3.7749538481314615e-07,67.429,0.7749999761581421,0.018550368988289455
67.5,,4.1908900166379003e-07,67.895,0.7739999890327454,0.016536575906049355
67.965517,,4.609852350733073e-07,68.36,0.746999979019165,-0.04214467585137174
68.431034,,5.030478283447462e-07,68.826,0.765999972820282,-0.0006353603354188748
68.896552,,5.451340472481206e-07,69.29,0.7649999856948853,-0.0027294197850715194
69.362069,,5.870949090029995e-07,69.749,0.7770000100135803,0.023466659816180666
69.827586,,6.287754434213069e-07,70.216,0.7580000162124634,-0.017909198704098284
70.293103,,6.700149866684966e-07,70.681,0.7739999890327454,0.016933067225570843
70.75862099999999,,7.106475080047887e-07,71.149,0.7710000276565552,0.010347216148636042
71.22413800000001,,7.505019697662303e-07,71.611,0.5830000042915344,-0.3993247465740669
71.689655,,7.894027207380904e-07,72.079,0.7139999866485596,-0.11404557841188982
72.15517200000001,,8.271699229606651e-07,72.542,0.7570000290870667,-0.020519378719457106
72.62069,,8.63620011890145e-07,73.005,0.7760000228881836,0.0206964924759836
73.086207,,8.985661897149676e-07,73.475,0.7720000147819519,0.011787807590685422
73.551724,,9.318189515012909e-07,73.94,0.7739999890327454,0.015941585532433286
74.017241,,9.631866437101167e-07,74.404,0.777999997138977,0.024449596951940832
74.482759,,9.92476054493461e-07,74.87,0.6200000047683716,-0.3199832802540495
74.94827599999999,,1.0194930350381012e-06,75.335,0.7519999742507935,-0.032604851420329574
75.41379300000001,,1.0440431510831878e-06,75.801,0.7789999842643738,0.02602727407317116
75.87931,,1.0659323635927261e-06,76.261,0.753000020980835,-0.03078833096511957
76.344828,,1.084967737416014e-06,76.726,0.7739999890327454,0.014818143683933265
76.810345,,1.1009581766189668e-06,77.189,0.7739999890327454,0.014703393413091076
77.275862,,1.1137151850173258e-06,77.66,0.7739999890327454,0.014622710380467049
77.741379,,1.1230536502894757e-06,78.123,0.7739999890327454,0.01457832049430503
78.206897,,1.128792649892493e-06,78.586,0.7720000147819519,0.010213999071260806
78.67241399999999,,1.1307562768506153e-06,79.053,0.7749999761581421,0.016779939233138256
79.137931,,1.1287744833311132e-06,79.516,0.7519999742507935,-0.03326343120681851
79.603448,,1.1226839397690967e-06,79.981,0.7789999842643738,0.025658464252448845
80.068966,,1.1123289071506949e-06,80.451,0.7559999823570251,-0.024322610958597383
80.53448300000001,,1.0975621199139062e-06,80.909,0.75,-0.03724185474201963
81.0,,1.0782456767788504e-06,81.376,0.7739999890327454,0.015217846311348747
81.465517,,1.0542519366747847e-06,81.842,0.7519999742507935,-0.03252598041886033
81.931034,,1.0254644167907521e-06,82.308,0.7739999890327454,0.015599264195564884
82.396552,,9.917786896407525e-07,82.774,0.7490000128746033,-0.03866974151032181
82.86206899999999,,9.53103275903571e-07,83.238,0.7519999742507935,-0.03194106872932042
83.327586,,9.09360529672531e-07,83.704,0.7820000052452087,0.033601202027531356
83.79310299999999,,8.604875126321798e-07,84.165,0.7549999952316284,-0.025054571937805224
84.258621,,8.064368535679562e-07,84.634,0.7760000228881836,0.020844871560696428
84.72413800000001,,7.471775895119542e-07,85.097,0.7609999775886536,-0.01171160052241355
85.189655,,6.826959847336885e-07,85.56,0.7699999809265137,0.007991670096536237
85.65517200000001,,6.129963237000036e-07,86.031,0.7839999794960022,0.038557885031737404
86.12069,,5.381016740536558e-07,86.493,0.7480000257492065,-0.03984024280950189
86.586207,,4.5805461559634975e-07,86.959,0.8330000042915344,0.14534584014714563
87.051724,,3.729179312098094e-07,87.422,0.7480000257492065,-0.03986938181279881
87.517241,,2.82775255608507e-07,87.888,0.7770000100135803,0.02325041728039619
87.98275899999999,,1.877316777906201e-07,88.355,0.7590000033378601,-0.0160559426568218
88.448276,,8.79142930403067e-08,88.82,0.7820000052452087,0.03393595905339822
88.913793,,1.6527299664901665e-08,89.279,0.765999972820282,-0.0010619069351324377
89.37931,,1.254205589722646e-07,89.745,0.753000020980835,-0.029541999426304946
89.844828,,2.385696252973181e-07,90.212,0.7739999890327454,0.01603803740454732
90.310345,,3.557550118455811e-07,90.678,0.7590000033378601,-0.01682133002276633
90.775862,,4.767333665020531e-07,91.141,0.7739999890327454,0.015676294881981415
91.241379,,6.012373084977861e-07,91.604,0.753000020980835,-0.030254247810042257
91.706897,,7.289753436651265e-07,92.072,0.7570000290870667,-0.02171042479965313
92.17241399999999,,8.596318619777345e-07,92.534,0.7749999761581421,0.017347875362222945
92.63793100000001,,9.928672209378365e-07,93.0,0.7599999904632568,-0.015470311873744577
93.103448,,1.1283179182210433e-06,93.471,0.7490000128746033,-0.03955133014970519
93.568966,,1.2655968568182203e-06,93.929,0.75,-0.03746327142744493
94.03448300000001,,1.4042937057241282e-06,94.394,0.7570000290870667,-0.022275195782195643
94.5,,1.5439753590137122e-06,94.859,0.6840000152587891,-0.18135035317647863
94.965517,,1.6841864959189428e-06,95.324,0.7789999842643738,0.025616511775544474
95.431034,,1.8244502442719683e-06,95.789,0.7739999890327454,0.014749793545262267
95.896552,,1.9642689494140957e-06,96.256,0.46299999952316284,-0.6627572992347392
96.36206899999999,,2.1031250503848887e-06,96.722,0.7739999890327454,0.014874330962242216
96.827586,,2.240482064901662e-06,97.19,0.7490000128746033,-0.03949755442915559
97.293103,,2.375785684317129e-06,97.653,0.7559999823570251,-0.02412751900927106
97.758621,,2.508464979402277e-06,98.116,0.7739999890327454,0.015230027362562631
98.224138,,2.6379337174431223e-06,98.586,0.7739999890327454,0.015391106763784683
98.689655,,2.7635917907643597e-06,99.049,0.7580000162124634,-0.01929142387746112
99.155172,,2.8848267564006567e-06,99.512,0.7820000052452087,0.033181377402793824
99.62069,,3.001015486228132e-06,99.977,0.7739999890327454,0.015941747311293546
100.086207,,3.111525926445172e-06,100.44,0.7559999823570251,-0.023085998088694732
100.551724,,3.215718964854023e-06,100.905,0.7739999890327454,0.01630963060419339
101.017241,,3.312950403943496e-06,101.371,0.7649999856948853,-0.003131922416831681
101.482759,,3.4025730373096703e-06,101.837,0.7559999823570251,-0.022592741729297424
101.948276,,3.4839388264767777e-06,102.304,0.753000020980835,-0.02900637594282143
102.413793,,3.556401174695753e-06,102.77,0.777999997138977,0.02555313385763568
102.87931,,3.619317293804467e-06,103.234,0.7739999890327454,0.01690029909353723
103.344828,,3.672050659732851e-06,103.7,0.7599999904632568,-0.013573052307187373
103.810345,,3.7139735517294176e-06,104.163,0.777999997138977,0.02563452615077775
104.275862,,3.744469669874669e-06,104.626,0.7730000019073486,0.014697160554131932
104.741379,,3.762936824933144e-06,105.094,0.8199999928474426,0.11701517671893527
105.206897,,3.7687896940811406e-06,105.556,0.7549999952316284,-0.02470772351969618
105.672414,,3.7614626355332403e-06,106.02,0.7379999756813049,-0.0618869403188576
106.13793100000001,,3.74041255457953e-06,106.49,0.7739999890327454,0.016373416405051546
106.603448,,3.705121813038767e-06,106.955,0.7480000257492065,-0.040466077716986286
107.068966,,3.655101173632741e-06,107.419,0.7749999761581421,0.018144781611002615
107.534483,,3.5898927702957466e-06,107.885,0.7490000128746033,-0.0387241490555877
108.0,,3.509073094952568e-06,108.345,0.7710000276565552,0.008977174174196113
108.46551699999999,,3.4122559908308357e-06,108.81,0.8529999852180481,0.1874013920520278
108.931034,,3.299095641921291e-06,109.276,0.7519999742507935,-0.03285445185991121
109.396552,,3.1692895477646765e-06,109.741,0.7760000228881836,0.019238560899920907
109.862069,,3.022581472328915e-06,110.208,0.7440000176429749,-0.050650680770329526
110.32758600000001,,2.858764355347329e-06,110.674,0.7739999890327454,0.014563995239955461
110.793103,,2.677683174120212e-06,111.134,0.6959999799728394,-0.1554836633760288
111.258621,,2.4792377434404704e-06,111.604,0.753000020980835,-0.03137899095363323
111.724138,,2.263385440991694e-06,112.068,0.7720000147819519,0.009975725222439774
112.189655,,2.0301438452862577e-06,112.53,0.75,-0.037951889986205974
112.655172,,1.779593272964259e-06,112.996,0.5249999761581421,-0.5281068136228979
113.12069,,1.5118792020636207e-06,113.462,0.7720000147819519,0.010094976040120888
113.586207,,1.22721456769986e-06,113.927,0.753000020980835,-0.0311861860468031
114.051724,,9.258819164630793e-07,114.394,0.7749999761581421,0.016897196729993354
114.51724100000001,,6.08235405751965e-07,114.86,0.7540000081062317,-0.028664490352657553
114.982759,,2.7470263422212197e-07,115.324,0.7490000128746033,-0.03933635174351304
115.448276,,7.42137104689515e-08,115.789,0.8479999899864197,0.17659814898258494
115.913793,,4.3793440038350087e-07,116.249,0.7739999890327454,0.015648563510845277
116.37931,,8.158024261491671e-07,116.715,0.7609999775886536,-0.012390366456188183
116.84482799999999,,1.2070819794269595e-06,117.183,0.75,-0.03606958535600879
117.310345,,1.6109576722857782e-06,117.644,0.5659999847412109,-0.436665936594337
117.77586199999999,,2.0265340064970435e-06,118.112,0.7760000228881836,0.021102968175118773
118.241379,,2.4528351054342427e-06,118.574,0.7739999890327454,0.016971686710275085
118.70689700000001,,2.8888047208740532e-06,119.045,0.777999997138977,0.02588249738059015
119.172414,,3.3333065265469568e-06,119.508,0.753000020980835,-0.028424476311533824
119.63793100000001,,3.7851247097749082e-06,119.973,0.7559999823570251,-0.021773014477090152
120.103448,,4.242964871960815e-06,120.436,0.7739999890327454,0.017510027477647648
120.568966,,4.705455248058675e-06,120.902,0.753000020980835,-0.028225389127434677
121.034483,,5.171148254453757e-06,121.367,0.5929999947547913,-0.37684959523750067
121.5,,5.638522373918906e-06,121.833,0.7829999923706055,0.03699423684653133
121.96551699999999,,6.105984385485933e-06,122.297,0.7739999890327454,0.01723353572043155
122.431034,,6.571871946180201e-06,122.763,0.753000020980835,-0.028717692210561314
122.896552,,7.034456530612552e-06,123.23,0.7570000290870667,-0.020245256566263525
123.362069,,7.491946733406034e-06,123.689,0.7570000290870667,-0.020523626751040122
123.827586,,7.94249193835671e-06,124.157,0.753000020980835,-0.02954500303889018
124.293103,,8.384186357089058e-06,124.619,0.777999997138977,0.02459515636299924
124.758621,,8.815073438768768e-06,125.09,0.7609999775886536,-0.012777097909791616
125.22413800000001,,9.233150651180703e-06,125.552,0.7739999890327454,0.015211107119610164
125.68965500000002,,9.63637463216949e-06,126.02,0.7739999890327454,0.014888055544883415
126.15517200000001,,1.002266670907682e-05,126.482,0.7739999890327454,0.014586394915804615
126.62069000000001,,1.0389918782395781e-05,126.948,0.753000020980835,-0.031436396638844816
127.086207,,1.0735999568401121e-05,127.416,0.75,-0.038205365444565056
127.55172400000001,,1.1058761194008599e-05,127.88,0.7749999761581421,0.016073708965945777
128.017241,,1.1356046135569753e-05,128.345,0.8510000109672546,0.18151859338554863
128.48275900000002,,1.1625694491724391e-05,128.81,0.7749999761581421,0.015869896750753083
128.948276,,1.1865551578815854e-05,129.276,0.7739999890327454,0.013682724941904954
129.413793,,1.2073475835728024e-05,129.734,0.7749999761581421,0.015915081883791336
129.87931,,1.2247347023332657e-05,130.206,0.746999979019165,-0.04497245804365952
130.344828,,1.2385074702045926e-05,130.664,0.7590000033378601,-0.018656618242955204
130.81034499999998,,1.248460696928921e-05,131.134,0.7590000033378601,-0.01843180158877967
131.275862,,1.2543939436936547e-05,131.597,0.7070000171661377,-0.13145072830026316
131.741379,,1.2561124427115693e-05,132.06,0.7570000290870667,-0.022209957360708764
132.206897,,1.2534280363017123e-05,132.53,0.7749999761581421,0.017343960383754145
132.67241399999997,,1.246160132966216e-05,132.996,0.7549999952316284,-0.025868969425976173
133.13793099999998,,1.2341366777893775e-05,133.454,0.7570000290870667,-0.021140702353668682
133.60344800000001,,1.2171951343188542e-05,133.92,0.7739999890327454,0.016267167676495102
134.06896600000002,,1.1951834749252344e-05,134.387,0.7590000033378601,-0.016052223004216316
134.53448300000002,,1.1679611764763094e-05,134.853,0.7760000228881836,0.021323780803632154
135.0,,1.1354002180067997e-05,135.32,0.7749999761581421,0.01945251272652151
135.465517,,1.0973860769138304e-05,135.779,0.7689999938011169,0.006647257591730397
135.931034,,1.053818720063862e-05,136.246,0.777999997138977,0.026472212517236686
136.396552,,1.0046135860588311e-05,136.711,0.7739999890327454,0.01791815609142598
136.862069,,9.49702554778719e-06,137.179,0.7770000100135803,0.024552609296563204
137.327586,,8.890349001954365e-06,137.642,0.746999979019165,-0.04077496167024913
137.793103,,8.225782223395717e-06,138.105,0.777999997138977,0.026726278767496718
138.258621,,7.503193541979921e-06,138.574,0.753000020980835,-0.027845467079411625
138.724138,,6.722652392273154e-06,139.038,0.7480000257492065,-0.03891115696880693
139.189655,,5.884437750866434e-06,139.501,0.7739999890327454,0.017498402116507633
139.655172,,4.989046191234922e-06,139.966,0.7739999890327454,0.017207495549271506
140.12069,,4.037199510902982e-06,140.43,0.7739999890327454,0.016869415641626407
140.586207,,3.0298518852601266e-06,140.896,0.7559999823570251,-0.02272235138897538
141.05172399999998,,1.968196502088429e-06,141.361,0.753000020980835,-0.02966220184706866
141.51724099999998,,8.53671630729019e-07,141.826,0.7480000257492065,-0.04097608629557007
141.982759,,3.1203392015931033e-07,142.293,0.7570000290870667,-0.02179312454818216
142.44827600000002,,1.5269760021056664e-06,142.759,0.7789999842643738,0.025721412102762346
142.913793,,2.7889510290906952e-06,143.224,0.7820000052452087,0.031864771793180015
143.37931,,4.095492627522017e-06,143.69,0.593999981880188,-0.37808175487976264
143.844828,,5.443869078151412e-06,144.153,0.777999997138977,0.02246944858496114
144.310345,,6.831081593251044e-06,144.614,0.7739999890327454,0.013488503760462265
144.77586200000002,,8.253863471259497e-06,145.083,0.7710000276565552,0.006752606295205171
145.241379,,9.708680169803681e-06,145.545,0.753000020980835,-0.03259018492671226
145.706897,,1.1191730336495704e-05,146.016,0.7490000128746033,-0.04135474118673251
146.172414,,1.269894783519135e-05,146.479,0.7540000081062317,-0.03043198350565346
146.637931,,1.4226004803476072e-05,146.944,0.7739999890327454,0.01325074042803107
147.103448,,1.57683157750132e-05,147.404,0.8069999814033508,0.08533548060484998
147.568966,,1.7321042898045893e-05,147.87,0.765999972820282,-0.003724128948859284
148.034483,,1.8879102278788483e-05,148.335,0.7739999890327454,0.014037891139924066
148.5,,2.0437171475674017e-05,148.801,0.7570000290870667,-0.022608693786759376
148.965517,,2.1989698167444026e-05,149.268,0.7490000128746033,-0.03960194988402707
149.43103399999998,,2.3530910014874897e-05,149.734,0.7820000052452087,0.032762148391487216
149.89655199999999,,2.505482573253519e-05,150.198,0.7910000085830688,0.05285858415920428
150.362069,,2.655526738336291e-05,150.664,0.527999997138977,-0.5196365665238273
150.82758600000003,,2.802587390504506e-05,151.127,0.753000020980835,-0.028970259794018058
151.293103,,2.9460115873178686e-05,151.589,0.7720000147819519,0.012864247584041186
151.758621,,3.0851311501998946e-05,152.06,0.7739999890327454,0.01762310277861924
152.224138,,3.219264387908176e-05,152.523,0.7480000257492065,-0.03867126095785488
152.68965500000002,,3.3477179425874676e-05,152.988,0.777999997138977,0.02697586183984928
153.155172,,3.469788757118771e-05,153.451,0.5669999718666077,-0.4325069342528174
153.62069,,3.5847661619896115e-05,153.918,0.7699999809265137,0.009884971270133653
154.086207,,3.691934079407952e-05,154.382,0.7979999780654907,0.07092677382459604
154.551724,,3.790573341865857e-05,154.848,0.7699999809265137,0.009880231131323023
155.017241,,3.879964121830313e-05,155.313,0.6729999780654907,-0.2015788728962358
155.482759,,3.959388468698911e-05,155.779,0.7580000162124634,-0.016608877842546547
155.948276,,4.028132948608894e-05,156.245,0.7570000290870667,-0.019080766890997213
156.413793,,4.085491382130792e-05,156.704,0.7580000162124634,-0.0172636031936295
156.87931,,4.1307676743142884e-05,157.171,0.7490000128746033,-0.03729091167059045
157.34482799999998,,4.1632787309856975e-05,157.634,0.7879999876022339,0.04721145774129035
157.81034499999998,,4.182357454625399e-05,158.105,0.7599999904632568,-0.014286692171629407
158.275862,,4.1873558125816434e-05,158.567,0.7730000019073486,0.013523226938971324
158.741379,,4.177647969806315e-05,159.03,0.7570000290870667,-0.021849390636098247
159.20689700000003,,4.152633477730598e-05,159.5,0.7440000176429749,-0.05067317701963864
159.672414,,4.111740510336202e-05,159.959,0.753000020980835,-0.03153925989423845
160.137931,,4.054429137923087e-05,160.43,0.7559999823570251,-0.025435440774399992
160.60344800000001,,3.980194628529851e-05,160.896,0.7720000147819519,0.009046664404187383
161.06896600000002,,3.888570766430338e-05,161.36,0.765999972820282,-0.004333786461653807
161.534483,,3.779133176612195e-05,161.826,0.7760000228881836,0.017222197783841476
162.0,,3.651502643642379e-05,162.291,0.5929999947547913,-0.3816191794418091
162.465517,,3.505348412843592e-05,162.749,0.7310000061988831,-0.08103092745160276
162.931034,,3.340391461246885e-05,163.216,0.7789999842643738,0.023567428311215388
163.396552,,3.156407725351726e-05,163.682,0.7609999775886536,-0.01553207878005488
163.862069,,2.9532312723184053e-05,164.15,0.7570000290870667,-0.024039759330853342
164.327586,,2.7307574008413004e-05,164.612,0.7990000247955322,0.06775594287459666
164.793103,,2.4889456576079416e-05,165.075,0.7459999918937683,-0.04734188852192517
165.258621,,2.2278227549405936e-05,165.545,0.7760000228881836,0.018455455445023902
165.72413799999998,,1.947485374946875e-05,166.008,0.7739999890327454,0.0145905447089075
166.189655,,1.6481028452763447e-05,166.471,0.7739999890327454,0.015123768777187603
166.655172,,1.3299196713935843e-05,166.937,0.753000020980835,-0.030070037074923412
167.12069,,9.93257910137615e-06,167.402,0.7570000290870667,-0.02079055896808658
167.58620699999997,,6.385193692449993e-06,167.867,0.7739999890327454,0.016801334862391243
168.051724,,2.661876174720767e-06,168.334,0.7990000247955322,0.07179687825819962
168.517241,,1.231702100371751e-06,168.8,0.7739999890327454,0.017818493244751384
168.98275900000002,,5.289018264249422e-06,169.264,0.7739999890327454,0.01824929510049441
169.44827600000002,,9.50268442998774e-06,169.73,0.7490000128746033,-0.03585793197511277
169.913793,,1.3864436692969981e-05,170.193,0.7580000162124634,-0.015975492560716797
170.37931,,1.836512678076974e-05,170.656,0.47200000286102295,-0.6388937113106606
170.844828,,2.2994716496555595e-05,171.119,0.7760000228881836,0.023481118501885948
171.310345,,2.7742275096592434e-05,171.589,0.7870000004768372,0.047405244379094574
171.775862,,3.259597973803312e-05,172.053,0.7570000290870667,-0.0180951799038648
172.241379,,3.754311912813907e-05,172.515,0.6359999775886536,-0.28195225475863367
172.706897,,4.2570100500327374e-05,172.981,0.7720000147819519,0.014008688391885932
173.172414,,4.7662460036006656e-05,173.451,0.7590000033378601,-0.014731722056454876
173.637931,,5.280487684402658e-05,173.909,0.7710000276565552,0.010926476691489979
174.103448,,5.798119060172191e-05,174.376,0.75,-0.035364134646157605
174.568966,,6.317442295297896e-05,174.84,0.765999972820282,-0.001081992979838222
175.034483,,6.836680274948932e-05,175.305,0.7490000128746033,-0.038715073089545735
175.5,,7.353979521138647e-05,175.771,0.781000018119812,0.03040399431179876
175.96551699999998,,7.867413507278888e-05,176.238,0.7739999890327454,0.01457300659583038
176.43103399999998,,8.37498637664072e-05,176.704,0.7739999890327454,0.014027978089647244
176.896552,,8.874637068932318e-05,177.168,0.7870000004768372,0.04185748715316713
177.36206900000002,,9.364243857932749e-05,177.63,0.7699999809265137,0.004394722812543602
177.827586,,9.841629301782939e-05,178.101,0.7739999890327454,0.012763591288420655
178.293103,,0.00010304565606134186,178.563,0.7580000162124634,-0.0223504494612789
178.758621,,0.00010750780398892346,179.027,0.7739999890327454,0.012349822233055443
179.224138,,0.00011177962913775085,179.489,0.7580000162124634,-0.022564006063602447
179.68965500000002,,0.00011583770578323014,179.955,0.7739999890327454,0.01234318694205876
180.155172,,0.00011965836000376337,180.419,0.828000009059906,0.13014347629365683
180.62069,,0.00012321774345350385,180.884,0.7739999890327454,0.012750644451307767
181.086207,,0.00012649191094920082,181.349,0.7739999890327454,0.013097305661043123
181.551724,,0.0001294569017595898,181.815,0.7509999871253967,-0.03658454996891721
182.01724099999998,,0.00013208882446777632,182.279,0.7570000290870667,-0.023018784433782555
182.482759,,0.00013436394525873484,182.745,0.8640000224113464,0.2106439575987963
182.948276,,0.0001362587794654553,183.212,0.7580000162124634,-0.01970658769988133
183.413793,,0.00013775018618846833,183.677,0.7730000019073486,0.01357881004645523
183.87931,,0.00013881546578452784,184.146,0.7739999890327454,0.016362574916711826
184.34482799999998,,0.0001394324600011852,184.608,0.765999972820282,-0.00048042061581660654
184.81034499999998,,0.0001395796545149165,185.071,0.7739999890327454,0.017498047654931174
185.27586200000002,,0.00013923628361143172,185.534,0.7580000162124634,-0.01686500559057542
185.74137900000002,,0.0001383824367278688,186.001,0.7720000147819519,0.014062043782025439
186.206897,,0.0001369991665578316,186.471,0.8270000219345093,0.1342326383398493
186.672414,,0.00013506859840174072,186.929,0.7680000066757202,0.0059467157360345935
187.137931,,0.00013257404042680738,187.394,0.7739999890327454,0.019173599635651267
187.60344800000001,,0.00012950009448319243,187.86,0.7580000162124634,-0.015635123794947928
188.06896600000002,,0.00012583276710565516,188.327,0.7749999761581421,0.021344219478859672
188.534483,,0.00012155958031331324,188.793,0.75,-0.033285230702199214
189.0,,0.00011666968180410893,189.256,0.7730000019073486,0.016559520028496574
189.465517,,0.00011115395412529395,189.722,0.765999972820282,0.0009521301536252827
189.931034,,0.00010500512238679143,190.19,0.7889999747276306,0.05062320311577874
190.39655199999999,,9.821786007075531e-05,190.653,0.7789999842643738,0.028331733776547907
190.862069,,9.078889247811336e-05,191.116,0.7580000162124634,-0.017976844615625154
191.327586,,8.27170973414379e-05,191.586,0.6169999837875366,-0.3257620379867716
191.793103,,7.400360212322433e-05,192.049,0.7739999890327454,0.015667377716427344
192.25862099999998,,6.465187750966015e-05,192.512,0.746999979019165,-0.04377568426557513
192.72413799999998,,5.466782660232217e-05,192.977,0.8339999914169312,0.14516924448085586
193.189655,,4.4059869304031834e-05,193.44,0.7699999809265137,0.005180246158685651
193.655172,,3.283902139041312e-05,193.906,0.7570000290870667,-0.023639049032034516
194.12069000000002,,2.1018967755614673e-05,194.371,0.7609999775886536,-0.015349195499863017
194.586207,,8.616129319258495e-06,194.837,0.7739999890327454,0.012634356138671948
195.051724,,4.350276917961827e-06,195.302,0.7739999890327454,0.012392310456811342
195.517241,,1.7858185180415013e-05,195.768,0.7570000290870667,-0.024782315378252776
195.98275900000002,,3.188263609167956e-05,196.234,0.7739999890327454,0.012225341164387034
196.448276,,4.639574021691368e-05,196.7,0.7609999775886536,-0.016016992438989602
196.913793,,6.136665046554916e-05,197.16,0.777999997138977,0.021207360433286814
197.37931,,7.676154383620958e-05,197.63,0.777999997138977,0.021496400376641044
197.844828,,9.254361297340622e-05,198.09,0.7590000033378601,-0.019516100185172885
198.310345,,0.00010867306799102331,198.56,0.7710000276565552,0.00709001165017964
198.775862,,0.00012510714900082612,199.02,0.7570000290870667,-0.02288288325964391
199.241379,,0.00014180014976517493,199.49,0.765999972820282,-0.002697583760157012
199.706897,,0.0001587034528717764,199.955,0.7590000033378601,-0.017339089152135702
200.172414,,0.00017576557680462697,200.419,0.75,-0.03632574468978143
200.63793099999998,,0.0001929322352592895,200.884,0.7590000033378601,-0.01610405666029411
201.103448,,0.00021014640902228387,201.349,0.7739999890327454,0.017163543181596363
201.568966,,0.0002273484307036669,201.815,0.7739999890327454,0.017707990023570982
202.034483,,0.00024447608257883703,202.275,0.753000020980835,-0.027559584732783676
202.5,,0.0002614647077602411,202.74,0.7820000052452087,0.036029457686085745
202.965517,,0.0002782473348820126,203.205,0.7739999890327454,0.018920576082726282
203.431034,,0.00029475481644067276,203.67,0.753000020980835,-0.02660869029598859
203.896552,,0.0003109159808929172,204.134,0.828000009059906,0.1369077142624538
204.36206900000002,,0.0003266577985672559,204.604,0.7689999938011169,0.008378094218426708
204.827586,,0.00034190556139993244,205.068,0.753000020980835,-0.02657814719976556
205.293103,,0.00035658307645720347,205.53,0.8429999947547913,0.16929649415735532
205.758621,,0.0003706128731557924,205.996,0.7739999890327454,0.01866799309079976
206.224138,,0.0003839164240412482,206.462,0.7599999904632568,-0.012224837096118265
206.689655,,0.0003964143789301422,206.928,0.7739999890327454,0.017804736345598822
207.155172,,0.00040802681216664587,207.393,0.6209999918937683,-0.3160681241732232
207.62069,,0.0004186734826871842,207.859,0.8339999914169312,0.14739170661682843
208.086207,,0.0004282741065286927,208.324,1.0269999504089355,0.5672526137800297
208.551724,,0.00043674864135667213,208.789,0.7739999890327454,0.015435829108854781
209.01724099999998,,0.0004440175825289014,209.249,0.7599999904632568,-0.015671449696826763
209.482759,,0.00045000227014950484,209.715,0.7739999890327454,0.014249233817502295
209.948276,,0.00045462520650626457,210.183,0.7870000004768372,0.04203521624463518
210.413793,,0.00045781038322181887,210.645,0.6340000033378601,-0.29177643976724776
210.87930999999998,,0.00045948361738689265,211.116,0.7630000114440918,-0.011139217353110388
211.344828,,0.0004595728958811873,211.578,0.7590000033378601,-0.020177945543944822
211.810345,,0.00045800872702523535,212.042,0.7440000176429749,-0.053085020006092505
212.27586200000002,,0.0004547244986446386,212.504,0.878000020980835,0.2387326843839957
212.741379,,0.0004496568415668981,212.97,0.7739999890327454,0.012144853771097482
213.206897,,0.00044274599751075686,213.441,0.777999997138977,0.020963645674427777
213.672414,,0.0004339361902688776,213.899,0.7739999890327454,0.012460916891070718
214.137931,,0.00042317599902702666,214.364,0.7699999809265137,0.004059586434153936
214.60344800000001,,0.0004104187326070092,214.829,0.753000020980835,-0.0325725111888922
215.068966,,0.00039562280336667455,215.294,0.7739999890327454,0.013663046053389203
215.534483,,0.0003787520994386678,215.759,0.7609999775886536,-0.014110611690704612
216.0,,0.000359776353940529,216.224,0.9589999914169312,0.417862620347267
216.465517,,0.00033867150974252735,216.689,0.7760000228881836,0.01980780041498003
216.93103399999998,,0.0003154200783365571,217.16,0.7749999761581421,0.01828137504661274
217.39655199999999,,0.0002900114913098054,217.622,0.7720000147819519,0.012388413380535193
217.862069,,0.0002624424428910289,218.09,0.8069999814033508,0.0892549808162877
218.327586,,0.000232717222005435,218.552,0.765999972820282,0.0004965106926784679
218.793103,,0.00020084803224665123,219.02,0.746999979019165,-0.040398466077420994
219.25862099999998,,0.00016685529815136806,219.482,0.7590000033378601,-0.01383914641959338
219.724138,,0.00013076795614424408,219.948,0.7739999890327454,0.01915936131378266
220.18965500000002,,9.262372850784979e-05,220.415,0.7749999761581421,0.02155074373832832
220.65517200000002,,5.246937872506582e-05,220.874,0.7559999823570251,-0.0197437707890621
221.12069,,1.0360946539715167e-05,221.346,0.7599999904632568,-0.011046283354147804
221.586207,,3.363603891444945e-05,221.804,0.7369999885559082,-0.06128961942406532
222.051724,,7.944636955571537e-05,222.271,0.7599999904632568,-0.011428713713565767
222.517241,,0.0001269849939896235,222.737,0.7590000033378601,-0.013960990040774661
222.98275900000002,,0.00017615687993600133,223.201,0.7620000243186951,-0.007872887016417422
223.448276,,0.00022685690501578836,223.667,0.7730000019073486,0.015564298813952257
223.913793,,0.00027896977742794445,224.13,0.7519999742507935,-0.03077879551330368
224.37931,,0.00033236998800179903,224.6,0.7990000247955322,0.07098169465780849
224.844828,,0.00038692179505785503,225.061,0.7739999890327454,0.015855291485566064
225.31034499999998,,0.0004424792434501595,225.524,0.7580000162124634,-0.01966682395924474
225.775862,,0.0004988862190957801,225.989,0.7739999890327454,0.014544004019101067
226.241379,,0.000555976540221615,226.46,0.7620000243186951,-0.012210585786673125
226.706897,,0.0006135740864756663,226.925,0.7730000019073486,0.011199458818230822
227.172414,,0.0006714929669589458,227.39,0.7739999890327454,0.012896491802200032
227.63793099999998,,0.0007295377281352806,227.856,0.7409999966621399,-0.059392268817110926
228.103448,,0.0007875036024694752,228.315,0.7990000247955322,0.0666766183591703
228.56896600000002,,0.0008451767985297591,228.781,0.777999997138977,0.02074307501502838
229.03448300000002,,0.0009023348331683711,229.246,0.7749999761581421,0.014142277523082395
229.5,,0.0009587469062643531,229.712,0.7580000162124634,-0.022841110966219647
229.965517,,0.0010141743183749352,230.175,0.7789999842643738,0.02308052107443143
230.431034,,0.0010683709314966536,230.644,0.6269999742507935,-0.3077951766697332
230.896552,,0.001121083672985718,231.105,0.753000020980835,-0.03290878091994697
231.362069,,0.0011720530825296623,231.574,0.7739999890327454,0.013307585865318456
231.827586,,0.0012210139018975913,232.038,0.8169999718666077,0.10753240328488228
232.293103,,0.0012676957070227688,232.501,0.7739999890327454,0.014456179590910468
232.758621,,0.001311823581791081,232.966,0.7549999952316284,-0.02628959823369882
233.224138,,0.0013531188327279599,233.43,0.7480000257492065,-0.04087037804706997
233.689655,,0.0013912997435956366,233.896,0.7599999904632568,-0.014056992615227287
234.155172,,0.0014260823687217514,234.36,0.7609999775886536,-0.01122920847901745
234.62069,,0.0014571813636700909,234.826,0.7730000019073486,0.015523555484884722
235.086207,,0.0014843108516496223,235.291,0.7739999890327454,0.018252317028405185
235.55172399999998,,0.0015071853238713803,235.756,0.7480000257492065,-0.037918606945677155
236.01724099999998,,0.0015255205719002082,236.224,0.7699999809265137,0.0103937048545911
236.482759,,0.0015390346498417068,236.689,0.7710000276565552,0.012851060290721049
236.94827600000002,,0.0015474488639091474,237.153,0.7739999890327454,0.01955356509825838
237.413793,,0.0015504887866365424,237.615,0.7570000290870667,-0.017434400790497954
237.87931,,0.0015478852929209444,238.083,0.7580000162124634,-0.015326890881139896
238.344828,,0.0015393756151155541,238.545,0.7919999957084656,0.05855814043433368
238.810345,,0.0015247044141314268,239.012,0.7910000085830688,0.056079420364552574
239.27586200000002,,0.001503624862755045,239.475,0.7730000019073486,0.016461725106244867
239.741379,,0.001475899736878347,239.941,0.753000020980835,-0.027604082586646206
240.206897,,0.0014413025110279099,240.405,0.7519999742507935,-0.030352733801891716
240.672414,,0.0013996184557455123,240.87,0.7570000290870667,-0.020089224858134625
241.137931,,0.0013506457334609878,241.337,0.753000020980835,-0.029474212618964303
241.603448,,0.0012941964859679792,241.803,0.7689999938011169,0.004694167141527775
242.068966,,0.0012300979052820536,242.268,0.781000018119812,0.030150628840650277
242.534483,,0.0011581932854890682,242.734,0.8109999895095825,0.0948479195198265
243.0,,0.0010783430602319237,243.201,0.7739999890327454,0.013622314478323105
243.465517,,0.0009904258237939771,243.66,0.7519999742507935,-0.03485907729845076
243.93103399999998,,0.0008943393136311607,244.13,0.7739999890327454,0.012600802864305363
244.39655199999999,,0.00079000132965951,244.593,0.7570000290870667,-0.024811042795164377
244.862069,,0.0006773506046881085,245.056,0.7689999938011169,0.001065218888371704
245.327586,,0.0005563476766037068,245.519,0.75,-0.04048070936846166
245.793103,,0.0004269757612820135,245.984,0.7770000100135803,0.018312184801820598
246.258621,,0.00028924150943101205,246.455,0.7559999823570251,-0.027347583738472236
246.724138,,0.00014317554432019465,246.92,0.7749999761581421,0.014258910561826444
247.18965500000002,,1.1167073655061378e-05,247.386,0.7599999904632568,-0.018094478010708702
247.655172,,0.00017370613924800094,247.844,0.7369999885559082,-0.067773272704266
248.12069,,0.0003443354111588699,248.316,0.7590000033378601,-0.019322635187861575
248.586207,,0.0005229222471862242,248.774,0.7630000114440918,-0.010012762664860557
249.051724,,0.0007093082208086254,249.239,0.7770000100135803,0.02114127771593838
249.517241,,0.000903309633949422,249.705,0.7739999890327454,0.0152965629667455
249.982759,,0.0011047161354950886,250.175,0.7760000228881836,0.020362533185911903
250.44827600000002,,0.0013132882595371538,250.638,0.7490000128746033,-0.037757418798137286
250.913793,,0.001528758224394267,251.101,0.7739999890327454,0.017385083987267513
251.37931000000003,,0.0017508357911691086,251.564,0.7549999952316284,-0.02338112458461013
251.844828,,0.0019792116994546962,252.035,0.7540000081062317,-0.024999701961068207
252.31034499999998,,0.0022135490212824194,252.497,0.7730000019073486,0.01686899657680966
252.77586200000002,,0.002453470121836823,252.963,0.7739999890327454,0.019422065014275788
253.241379,,0.0026985652279831063,253.429,0.7580000162124634,-0.015173604695792278
253.706897,,0.0029484275417540257,253.895,0.7739999890327454,0.019826755395520843
254.172414,,0.0032026653773338824,254.356,0.7900000214576721,0.054702342973186456
254.63793099999998,,0.0034608416706295737,254.821,0.7699999809265137,0.011020963417994021
255.10344800000001,,0.003722403086743508,255.286,0.777999997138977,0.028218929882106492
255.56896600000002,,0.00398675045809037,255.751,0.7590000033378601,-0.013523479390140796
256.03448299999997,,0.004253443637944583,256.216,0.7580000162124634,-0.016157405156912066
256.5,,0.00452222325108513,256.682,0.7739999890327454,0.01815185656171983
256.965517,,0.004792610277041732,257.15,0.7739999890327454,0.017526120145085762
257.431034,,0.005063545660055426,257.612,0.7739999890327454,0.016842962466646096
257.896552,,0.0053339302039615705,258.075,0.878000020980835,0.2427047063185582
258.362069,,0.005603800575274546,258.545,0.7739999890327454,0.015396405805987537
258.827586,,0.005874161765542456,259.009,0.7739999890327454,0.014677086318917449
259.29310300000003,,0.006144440069739006,259.471,0.7490000128746033,-0.040479482076537
259.758621,,0.006410800863471201,259.937,0.7770000100135803,0.01988199497934013
260.224138,,0.0066700492542515494,260.402,0.7739999890327454,0.012775302717698646
260.689655,,0.006926206083654654,260.867,0.7509999871253967,-0.037816609970891535
261.155172,,0.0071877384049051,261.334,0.7720000147819519,0.007554468345696283
261.62068999999997,,0.007451834086660121,261.8,0.7620000243186951,-0.014497960480056245
262.086207,,0.0076975585321800094,262.264,0.7730000019073486,0.009324763658186276
262.551724,,0.007912737208470563,262.73,0.753000020980835,-0.034262124507959825
263.017241,,0.00812947709360296,263.193,0.7599999904632568,-0.018896478022228186
263.482759,,0.008397230594977748,263.656,0.9399999976158142,0.3735051115740719
263.94827599999996,,0.008688274193689548,264.119,0.7599999904632568,-0.01828088930938298
264.413793,,0.008877703985191034,264.589,0.7739999890327454,0.012703210812699177
264.87931,,0.008921844046745021,265.053,0.7699999809265137,0.0045663424043683575
265.34482799999995,,0.009041689287400493,265.515,0.7699999809265137,0.005221488686204749
265.810345,,0.009502334140356597,265.981,0.7490000128746033,-0.03981786834273883
266.27586199999996,,0.010059732089629387,266.444,0.7739999890327454,0.015395590962412185
266.741379,,0.00997325874602302,266.909,0.8019999861717224,0.07715838785253153
267.206897,,0.009156136128150597,267.376,0.7749999761581421,0.019086529427183238
267.672414,,0.009075854228906203,267.841,0.7789999842643738,0.028520371500178637
268.137931,,0.011108063140968584,268.308,0.7990000247955322,0.07275799642468052
268.603448,,0.013258878871275455,268.774,0.7739999890327454,0.018881268908775485
269.06896600000005,,0.01039153560935696,269.239,0.7599999904632568,-0.011124477036330543
269.53448299999997,,0.00018116208401266053,269.704,0.5170000195503235,-0.5401562216422527
270.0,,0.012132922666488941,270.168,0.765999972820282,0.0025752629272529234
270.465517,,0.01805833484599575,270.63,0.7570000290870667,-0.016919623571826567
270.931034,,0.0149454400705697,271.097,0.7580000162124634,-0.014762308893554468
271.396552,,0.008410125112414792,271.56,0.7739999890327454,0.01994147652824247
271.86206899999996,,0.005914361832816824,272.031,0.796999990940094,0.06976848736653825
272.327586,,0.009979510203368134,272.493,0.7739999890327454,0.01925963981516807
272.793103,,0.01742000351518541,272.959,0.7509999871253967,-0.031355830647080495
273.258621,,0.023261545448750066,273.422,0.7739999890327454,0.01815454048320185
273.724138,,0.024844447478111535,273.888,0.753000020980835,-0.02826932389372718
274.18965499999996,,0.022992132189089423,274.352,0.7559999823570251,-0.022459280854462447
274.655172,,0.0201560137597289,274.818,0.7749999761581421,0.018177932496925554
275.12069,,0.01823076154781729,275.283,0.7789999842643738,0.026128112394310985
275.586207,,0.018274084075368898,275.748,0.7739999890327454,0.014486857577384903
276.051724,,0.020618336986905107,276.213,0.7739999890327454,0.013777946000021387
276.517241,,0.023165964957270368,276.679,0.7609999775886536,-0.01519307063969288
276.98275900000004,,0.021091499935971328,277.142,0.7730000019073486,0.010382057068631436
277.448276,,0.013035538074972309,277.604,0.7580000162124634,-0.022769304403542395
277.913793,,0.00874544364627472,278.075,0.7599999904632568,-0.018772607715738812
278.37931,,0.024441587582009178,278.537,0.6779999732971191,-0.19766208288675077
278.844828,,0.06470380286193633,279.005,0.7519999742507935,-0.036556162802261524
279.31034500000004,,0.11151302302265567,279.467,0.7860000133514404,0.03753545361559992
279.77586199999996,,0.13741806645044408,279.933,0.7450000047683716,-0.051638573832765225
280.241379,,0.12951284457073842,280.398,0.7580000162124634,-0.023037380587628237
280.706897,,0.09668733540404782,280.864,0.777999997138977,0.020934217735935862
281.172414,,0.05551667665895021,281.324,0.7369999885559082,-0.06788356096634042
281.637931,,0.015698559110512832,281.789,0.7770000100135803,0.019861841709662306
282.10344799999996,,0.019995446735942363,282.256,0.75,-0.03828767201952131
282.568966,,0.04833223918535386,282.721,0.7580000162124634,-0.0201302688593284
283.034483,,0.06384625805597952,283.19,0.75,-0.036799623508843915
283.5,,0.06419457246283089,283.652,0.7739999890327454,0.016256737817249685
283.965517,,0.05484940782539772,284.116,0.777999997138977,0.025726528053968054
284.431034,,0.04707254569752119,284.586,0.7570000290870667,-0.0193063081576047
284.89655200000004,,0.0502072634391511,285.049,0.7400000095367432,-0.05568411594121768
285.362069,,0.06470509412014001,285.512,0.7519999742507935,-0.028961595964080142
285.827586,,0.08186154746609496,285.977,0.7739999890327454,0.019449835909535192
286.293103,,0.09009415161673599,286.44,0.7279999852180481,-0.08039923333492772
286.758621,,0.08224351260272872,286.906,0.7710000276565552,0.013527354138737069
287.22413800000004,,0.0595737121013562,287.372,0.7390000224113464,-0.05607656010701106
287.689655,,0.032014661430305215,287.838,0.781000018119812,0.035404640649198404
288.155172,,0.014204403360682358,288.305,0.7519999742507935,-0.027932357252977196
288.62069,,0.016491215820695557,288.771,0.7839999794960022,0.041499189450347335
289.086207,,0.03570373877066512,289.235,0.7739999890327454,0.019307246645460446
289.55172400000004,,0.0555954131821568,289.701,0.7739999890327454,0.018793874267779755
290.01724099999996,,0.05960520504477694,290.164,0.7609999775886536,-0.010134924456483134
290.482759,,0.044376530367350696,290.626,0.7480000257492065,-0.039139083394673854
290.948276,,0.020232858254842587,291.094,0.7739999890327454,0.016768687933985896
291.413793,,0.0005660256103956659,291.556,0.7120000123977661,-0.11907792234986245
291.87931,,0.013209342403180366,292.024,0.7490000128746033,-0.0392494882891419
292.344828,,0.017565209173104588,292.487,0.7760000228881836,0.018805803470281407
292.81034500000004,,0.010811652764399588,292.953,0.7770000100135803,0.02025467076626692
293.275862,,0.010623101169447084,293.419,0.777999997138977,0.021764921842459997
293.74137900000005,,0.0405045068211362,293.885,0.777999997138977,0.021178451915970533
294.206897,,0.05973359151829971,294.35,0.75,-0.04031082063649694
294.672414,,0.04962887336490966,294.815,0.7549999952316284,-0.029791299802751997
295.13793100000004,,0.008879928299835891,295.279,0.7509999871253967,-0.0387550959768393
295.603448,,0.044647479230626085,295.745,0.7689999938011169,0.0003440550079186343
296.068966,,0.08857067937116139,296.205,0.9419999718666077,0.3772740456675118
296.534483,,0.11076134178419408,296.67,0.7590000033378601,-0.0212518754618105
297.0,,0.11131988263861099,297.138,0.7609999775886536,-0.01659337349564505
297.46551700000003,,0.09533341434574347,297.601,0.7699999809265137,0.003437722627537643
297.931034,,0.06723771499730048,298.064,0.8420000076293945,0.1608344869441194
298.396552,,0.03048602513783161,298.534,0.7559999823570251,-0.02589987255892989
298.862069,,0.01088097384625493,299.001,0.777999997138977,0.022734708958528135
299.327586,,0.050977722311699745,299.463,0.7480000257492065,-0.041868722832751455
299.79310300000003,,0.08144074827798935,299.929,0.7739999890327454,0.015560327248134954
300.258621,,0.09370915947557455,300.394,0.8009999990463257,0.07517325961789025
300.724138,,0.08496842730638128,300.86,0.7739999890327454,0.017121017457353328
301.189655,,0.061965236841959884,301.319,0.7799999713897705,0.030922066267855743
301.65517200000005,,0.03679930314772152,301.785,0.7739999890327454,0.018514524945982543
302.12069,,0.018377926212085727,302.25,0.7739999890327454,0.01909348080442903
302.586207,,0.008594326895239727,302.716,0.7570000290870667,-0.017468046938390883
303.05172400000004,,0.005170350040781367,303.179,0.7739999890327454,0.019925925023988933
303.517241,,0.004923511849047024,303.648,0.8379999995231628,0.15958874265779593
303.982759,,0.003933622939785203,304.116,0.75,-0.032036851065600724
304.448276,,0.0018549233529688608,304.578,0.7789999842643738,0.031101285484909414
304.913793,,0.013299647431946598,305.039,0.7590000033378601,-0.012652152047681692
305.37931000000003,,0.0263328287131123,305.508,0.7950000166893005,0.06546692476029571
305.844828,,0.03556928149783903,305.974,0.7599999904632568,-0.011220101110965455
306.310345,,0.039292131011320994,306.436,0.7870000004768372,0.047060485055039354
306.775862,,0.039692398000143854,306.902,0.7689999938011169,0.007209787267080224
307.241379,,0.03895562588133117,307.367,0.7549999952316284,-0.023999262162599278
307.70689699999997,,0.03688865439929691,307.833,0.796999990940094,0.06674474067328551
308.172414,,0.03261325273626057,308.298,0.7749999761581421,0.01802811100362644
308.637931,,0.027193473618626625,308.764,0.7559999823570251,-0.02415581639941508
309.103448,,0.023513580690605884,309.224,0.7739999890327454,0.014290465753910662
309.568966,,0.023807043417583072,309.689,0.7369999885559082,-0.06704549544997516
310.034483,,0.02794655771639501,310.16,0.7689999938011169,0.002010753778278053
310.5,,0.03392338522863205,310.623,0.7570000290870667,-0.024707409743943115
310.96551700000003,,0.03933090009684507,311.09,0.7570000290870667,-0.025177820501880766
311.431034,,0.042808828652166425,311.552,0.777999997138977,0.020222174300236997
311.896552,,0.04511808794170602,312.016,0.7549999952316284,-0.030108133737141878
312.362069,,0.04845165118424258,312.486,0.7739999890327454,0.01120190852678261
312.827586,,0.05336781286937807,312.944,0.781000018119812,0.026508532158772392
313.29310300000003,,0.0567150497865689,313.409,0.7490000128746033,-0.0430134607482799
313.758621,,0.054163106154730904,313.875,0.7739999890327454,0.011779870153087724
314.224138,,0.044731084517357474,314.342,0.7540000081062317,-0.03134350311941119
314.689655,,0.03130642579521939,314.807,0.8029999732971191,0.07596917627608257
315.155172,,0.01672239488633151,315.271,0.7609999775886536,-0.014882175016068665
315.62068999999997,,0.0011499007372061042,315.737,0.7739999890327454,0.01416475309381384
316.086207,,0.01587721970437935,316.202,0.7739999890327454,0.014939193011964889
316.551724,,0.03230684114021107,316.667,0.7599999904632568,-0.014761354762170484
317.017241,,0.04405567734010592,317.131,0.7739999890327454,0.01654140415439265
317.482759,,0.04859499738105752,317.601,0.8019999861717224,0.07832239713402374
317.94827599999996,,0.04706358172269433,318.064,0.7720000147819519,0.013695577298352695
318.413793,,0.04279828596991109,318.526,0.7599999904632568,-0.011785486024050166
318.87931000000003,,0.03892423926661626,318.992,0.7559999823570251,-0.01992887673505766
319.344828,,0.03768163929114908,319.456,0.7950000166893005,0.06550069615763006
319.810345,,0.04030306355034463,319.922,0.7440000176429749,-0.045271343817421414
320.275862,,0.04564192569485571,320.386,0.7680000066757202,0.007220735327325455
320.741379,,0.049610489098980574,320.852,0.7739999890327454,0.020356071930315557
321.20689699999997,,0.04822586038159851,321.319,0.765999972820282,0.0028476203928853253
321.672414,,0.04161038370042294,321.785,0.7490000128746033,-0.03440952933711237
322.137931,,0.033396322852230036,322.244,0.7730000019073486,0.017523121616744606
322.603448,,0.026013282970742287,322.709,0.7699999809265137,0.010508844138422006
323.068966,,0.01860576037405462,323.179,0.7720000147819519,0.01427957631383105
323.53448299999997,,0.010332918979853072,323.641,0.7820000052452087,0.035389274893307086
324.0,,0.003440642099276391,324.104,0.8320000171661377,0.14357702117764676
324.465517,,0.0010369097401357202,324.575,0.7519999742507935,-0.03150425808099017
324.931034,,0.0028495890337688554,325.038,0.7739999890327454,0.015614912910861393
325.396552,,0.0051905082702170344,325.501,0.753000020980835,-0.030945807654837877
325.86206899999996,,0.005002784550489241,325.966,0.7749999761581421,0.01620219504357021
326.327586,,0.002523864425845363,326.43,0.7990000247955322,0.06775972572050674
326.793103,,2.4846113098526013e-05,326.896,0.7870000004768372,0.04096143684707008
327.258621,,0.0009378251245052252,327.361,0.7749999761581421,0.014258904064229942
327.724138,,0.00019156971397728045,327.827,0.7570000290870667,-0.02540328877401152
328.189655,,0.002871399956919071,328.293,0.7739999890327454,0.011312421384511063
328.655172,,0.0058479904827745365,328.759,0.7559999823570251,-0.028089101687141106
329.12068999999997,,0.007391195406886402,329.223,0.7599999904632568,-0.01941923296767313
329.586207,,0.006465724208828904,329.689,0.7749999761581421,0.013358530846774177
330.051724,,0.0037247682764097534,330.149,0.753000020980835,-0.03433330920463129
330.517241,,0.0008892266627692362,330.619,0.7739999890327454,0.011789695897791044
330.982759,,0.0009339297774612953,331.082,0.890999972820282,0.26718757537067733
331.44827599999996,,0.002143692931760637,331.545,0.7739999890327454,0.012893639317400894
331.913793,,0.003979707034761899,332.016,0.7739999890327454,0.01359281614310077
332.37931,,0.00723155487585452,332.478,0.7559999823570251,-0.02485661399840762
332.844828,,0.01164869931047656,332.944,0.7730000019073486,0.012989808684471579
333.310345,,0.016490945154475627,333.409,0.7739999890327454,0.015996156504643762
333.77586199999996,,0.02146073180341523,333.875,0.7609999775886536,-0.011505678331602286
334.241379,,0.026721217168328034,334.334,0.7739999890327454,0.017604702159924525
334.706897,,0.031638000477809354,334.8,0.7739999890327454,0.018335746688664348
335.17241399999995,,0.0337994513268718,335.268,0.7570000290870667,-0.018049766879271657
335.637931,,0.030312891918405388,335.733,0.7519999742507935,-0.028392252422215138
336.103448,,0.020837786458630738,336.194,0.7480000257492065,-0.036674098160760234
336.56896600000005,,0.009032505335390415,336.663,0.7620000243186951,-0.005872022786527656
337.034483,,0.00013129781575765638,337.131,0.7580000162124634,-0.01442625782279542
337.5,,0.0033621451493833876,337.593,0.7710000276565552,0.013911359737797717
337.965517,,0.0034267975721773113,338.057,0.7940000295639038,0.06389058223239791
338.431034,,0.0038473803959771704,338.519,0.7749999761581421,0.022226273434654182
338.89655200000004,,0.006156021670108629,338.985,0.7580000162124634,-0.015213005402914977
339.36206899999996,,0.008689657481360578,339.455,0.7760000228881836,0.023479581649967256
339.827586,,0.009282212802251461,339.914,0.7549999952316284,-0.022899973765026133
340.293103,,0.007904095614118733,340.379,0.7570000290870667,-0.019256302082492016
340.758621,,0.006494347063032063,340.845,0.777999997138977,0.025717790119372492
341.224138,,0.007024604235041735,341.312,0.7720000147819519,0.011829384355976427
341.68965499999996,,0.01003517988836771,341.778,0.7739999890327454,0.015356403825516245
342.155172,,0.014364699851153009,342.242,0.7789999842643738,0.02543141739738478
342.62069,,0.01781431373772083,342.707,0.8149999976158142,0.10308273955989275
343.086207,,0.01845604359077124,343.175,0.753000020980835,-0.032711076814637946
343.551724,,0.015840827219165424,343.637,0.7269999980926514,-0.08999120118551376
344.01724099999996,,0.011097593678165981,344.105,0.8029999732971191,0.07505217458467445
344.48275900000004,,0.005926980894916429,344.567,0.7749999761581421,0.01363570010088455
344.948276,,0.001605537066879525,345.031,0.7480000257492065,-0.0454697330171141
345.413793,,0.0012301467883238163,345.5,0.7710000276565552,0.004497114674839628
345.87931,,0.0023887956543682445,345.966,0.75,-0.0412523313895475
346.344828,,0.002216813827255083,346.429,0.7749999761581421,0.013360578525033622
346.81034500000004,,0.001867336271847478,346.895,0.7570000290870667,-0.025567968754037763
347.275862,,0.002869807059941048,347.36,0.7590000033378601,-0.020792282769899327
347.741379,,0.005787489894131548,347.819,0.7829999923706055,0.03203258388067497
348.206897,,0.009313985456491033,348.286,0.7559999823570251,-0.026150765617896813
348.672414,,0.011209263855243567,348.752,0.7739999890327454,0.013788218724226838
349.13793100000004,,0.010362779439095046,349.217,0.7739999890327454,0.014572590499946724
349.60344799999996,,0.0078041773355327065,349.682,0.753000020980835,-0.030357637066134154
350.068966,,0.005900821845369598,350.145,0.7749999761581421,0.018405245360215376
350.534483,,0.0070959751598821735,350.616,0.777999997138977,0.025760180496779708
351.0,,0.013009898091254305,351.079,0.7599999904632568,-0.012675358494374726
351.465517,,0.02314884206494782,351.541,0.765999972820282,0.001113318462497954
351.93103399999995,,0.03384370940822972,352.005,0.753000020980835,-0.026578026901997554
352.396552,,0.04017838448484006,352.475,0.7739999890327454,0.019699210594490476
352.862069,,0.04070976276096604,352.94,0.7490000128746033,-0.034362812476478787
353.32758600000005,,0.03946051176800854,353.401,0.7739999890327454,0.020373384413980365
353.793103,,0.04151020515523883,353.866,0.7519999742507935,-0.02742941909739389
354.258621,,0.047077131342770195,354.335,0.7580000162124634,-0.014376711118713071
354.72413800000004,,0.05168562252552749,354.8,0.746999979019165,-0.038507913153853
355.189655,,0.051676861722743404,355.265,0.7620000243186951,-0.006135755876356734
355.655172,,0.0470258765221422,355.73,0.7490000128746033,-0.03489808456102051
356.12069,,0.038483069454278054,356.193,0.7739999890327454,0.01900980553853655
356.586207,,0.025299531462190585,356.656,0.7739999890327454,0.01835094131470548
357.05172400000004,,0.007928715685475035,357.119,0.7990000247955322,0.07207899630882979
357.517241,,0.009600378884593546,357.589,0.7490000128746033,-0.03764846711497597
357.982759,,0.023366742764602173,358.05,0.7760000228881836,0.02034687897971397
358.448276,,0.03466175031120603,358.52,0.7739999890327454,0.015153523042642955
358.913793,,0.048129801278737804,358.985,0.7390000224113464,-0.061917454336389975
359.37931000000003,,0.06447460960007803,359.448,0.7739999890327454,0.013558968352980278
359.844828,,0.07779030493484797,359.915,0.7850000262260437,0.036814795127101625
360.310345,,0.0816634977482286,360.375,0.7739999890327454,0.012229699480670424
360.775862,,0.07633120433599018,360.84,0.7440000176429749,-0.053641762645489886
361.241379,,0.06812027732891858,361.305,0.7580000162124634,-0.02353019868042583
361.706897,,0.06300881622660184,361.771,0.7870000004768372,0.039396138580422846
362.172414,,0.06277597472044058,362.239,0.796999990940094,0.06107265883454512
362.63793100000004,,0.06618069443903618,362.704,0.7730000019073486,0.008823564716577212
363.103448,,0.07015206289218354,363.168,0.7620000243186951,-0.014956721637770556
363.568966,,0.06901686231138225,363.63,0.7739999890327454,0.011511836972502501
364.034483,,0.05605835426215779,364.098,0.7770000100135803,0.018503041639797668
364.5,,0.02889964885114228,364.56,0.7760000228881836,0.016896333541839285
364.96551700000003,,0.00684764725669082,365.03,0.7739999890327454,0.013209973625135365
365.431034,,0.040270811453076934,365.493,0.75,-0.03832865834408032
365.896552,,0.061448309587466936,365.958,0.7570000290870667,-0.02227505108006373
366.362069,,0.06582500083857916,366.421,0.7739999890327454,0.01559442700367594
366.827586,,0.05494549497718525,366.887,0.7609999775886536,-0.011891020378544835
367.29310300000003,,0.03498686271404503,367.354,0.7730000019073486,0.015068689626504995
367.758621,,0.013937582163834672,367.819,0.7570000290870667,-0.01902006457720189
368.224138,,0.0020235509117476347,368.286,0.7649999856948853,-0.0008915300322578097
368.689655,,0.010743860607165714,368.744,0.7739999890327454,0.019324321955006094
369.155172,,0.013131895020208714,369.216,0.781000018119812,0.035073460021506866
369.62068999999997,,0.010726983335452567,369.674,0.7559999823570251,-0.01901913782552973
370.086207,,0.00488831958130692,370.142,0.8109999895095825,0.10104420616049432
370.55172400000004,,0.002306755730123261,370.605,0.7739999890327454,0.020529266818796296
371.017241,,0.007946199980760899,371.075,0.7870000004768372,0.04880115153649094
371.482759,,0.010008359087811027,371.537,0.7739999890327454,0.02028340815135081
371.948276,,0.009186393393511814,372.005,0.7739999890327454,0.019949019140490923
372.413793,,0.008595343110742974,372.467,0.7519999742507935,-0.028445360816878484
372.87931000000003,,0.01117997738322261,372.934,0.7739999890327454,0.01890488606604673
373.344828,,0.01702128309695279,373.401,0.8240000009536743,0.1271603176320578
373.810345,,0.023091326542325957,373.859,0.7770000100135803,0.02401182357210728
374.275862,,0.025701556778647366,374.327,0.7749999761581421,0.01884955452278136
374.741379,,0.02337593976703642,374.793,0.8090000152587891,0.0920901199411071
375.20689699999997,,0.01790900720317353,375.26,0.7739999890327454,0.015001030502784854
375.672414,,0.013139439441032987,375.726,0.753000020980835,-0.031565138444673325
376.137931,,0.011995773825457589,376.186,0.7730000019073486,0.011238692084116498
376.603448,,0.013055256726442612,376.649,0.7509999871253967,-0.03739177401755693
377.068966,,0.009805769812796242,377.119,0.7620000243186951,-0.014036495778660864
377.53448299999997,,0.004083703030373976,377.582,0.7960000038146973,0.059537232737621834
378.0,,0.026390937447458875,378.045,0.7580000162124634,-0.023625802043080603
378.465517,,0.044528518811002525,378.516,0.9190000295639038,0.32690216641206177
378.931034,,0.044970978914765695,378.974,0.7620000243186951,-0.015230846020476193
379.396552,,0.02485441000075896,379.444,0.7739999890327454,0.01097732983059896
379.862069,,0.00651784143797883,379.91,0.75,-0.04110113977695721
380.327586,,0.03568676734604196,380.375,0.7570000290870667,-0.025503720368555433
380.79310300000003,,0.05226122330333244,380.84,0.7760000228881836,0.016364785010758786
381.258621,,0.05118716925185777,381.305,0.777999997138977,0.021310091866632176
381.724138,,0.03429343866068302,381.764,0.7739999890327454,0.01327994281086062
382.189655,,0.011682417264543256,382.231,0.7680000066757202,0.0009679457650230169
382.655172,,0.002632612853410179,382.697,0.7620000243186951,-0.011292154770693417
383.12068999999997,,0.0008245554824705348,383.16,0.7799999713897705,0.028762402438127384
383.586207,,0.012796829904625332,383.63,0.7590000033378601,-0.01614827517992027
384.051724,,0.02714935587114597,384.093,0.7519999742507935,-0.03058223761490909
384.517241,,0.03504381375488684,384.556,0.8399999737739563,0.1619074678492654
384.982759,,0.03749889203592798,385.024,0.7739999890327454,0.018815691913529504
385.44827599999996,,0.03884122613463217,385.487,0.7739999890327454,0.019423027982621424
385.913793,,0.040224390606208305,385.952,0.7609999775886536,-0.008403897274385577
386.37931,,0.03885479360519606,386.419,0.7739999890327454,0.020286842181246545
386.84482799999995,,0.032182068081276397,386.885,0.7580000162124634,-0.014341885142991116
387.310345,,0.02127742782428612,387.35,0.7570000290870667,-0.016437075283969815
387.775862,,0.009754881935467316,387.815,0.7739999890327454,0.020534463882804947
388.241379,,6.154434203272286e-05,388.279,0.7820000052452087,0.03775210906814407
388.70689699999997,,0.009203370496371861,388.745,0.7699999809265137,0.01125725775511156
389.172414,,0.019976134715107636,389.205,0.6909999847412109,-0.16133762729312146
389.637931,,0.03208722710312674,389.67,0.7739999890327454,0.018891074507605375
390.103448,,0.04167032134875138,390.138,0.7710000276565552,0.011658304100245164
390.56896600000005,,0.04479724265197432,390.601,0.7570000290870667,-0.01961488521235626
391.03448299999997,,0.041521058600223516,391.064,0.7739999890327454,0.016598150861020983
391.5,,0.03551649650002356,391.534,0.8640000224113464,0.21182822527722991
391.965517,,0.029969784361112195,392.005,0.7609999775886536,-0.013417994281387347
392.431034,,0.025130107469973222,392.46,0.6909999847412109,-0.1667432221271998
392.896552,,0.020080186025813587,392.925,0.7739999890327454,0.013312318655677183
393.36206899999996,,0.015227379375107207,393.389,0.7850000262260437,0.03657824505428558
393.827586,,0.011766429530424734,393.855,0.7739999890327454,0.012009968450980058
394.293103,,0.009647387915557842,394.319,0.7730000019073486,0.009342787245594883
394.75862099999995,,0.007824371833345698,394.785,0.7570000290870667,-0.025875179886092232
395.224138,,0.006478761693996853,395.25,0.7599999904632568,-0.01955955660549913
395.68965499999996,,0.007328236292349364,395.715,0.7760000228881836,0.015224971679190086
396.155172,,0.011058454498786426,396.186,0.7829999923706055,0.030550960172208468
396.62069,,0.015715557417873168,396.648,0.7580000162124634,-0.023692402497027646
397.086207,,0.01856865601617578,397.109,0.7739999890327454,0.01152880214864873
397.551724,,0.018614494414663996,397.578,0.75,-0.04026716028868372
398.017241,,0.016359942995787163,398.046,0.7730000019073486,0.010446973051509413
398.48275900000004,,0.012148296503712536,398.508,0.7519999742507935,-0.034604316898008185
398.94827599999996,,0.006030410446626996,398.973,0.777999997138977,0.022815039167145244
399.413793,,0.0011120091742703115,399.436,0.746999979019165,-0.04389825918366872
399.87931,,0.007541996818332202,399.902,0.8109999895095825,0.09638601869586151
400.344828,,0.01201984332345455,400.371,0.7760000228881836,0.020985122600454705
400.810345,,0.014733897060195494,400.829,0.7739999890327454,0.017454369736411263
401.27586199999996,,0.016774868594833108,401.301,0.7419999837875366,-0.05148758432791222
401.741379,,0.01878155606740816,401.76,0.7599999904632568,-0.011573494074283574
402.206897,,0.019999838367224354,402.227,0.7390000224113464,-0.056724843492948346
402.672414,,0.018719783184469912,402.693,0.7730000019073486,0.017833022399639374
403.137931,,0.014039163218687518,403.156,0.7549999952316284,-0.0210294952051367
403.60344799999996,,0.007368854266615056,403.619,0.7739999890327454,0.02057685320063475
404.068966,,0.0017331318711537487,404.087,0.7760000228881836,0.024998991323529576
404.534483,,0.0009786795621814944,404.549,0.7490000128746033,-0.033909161562136976
405.0,,0.002001898836885136,405.02,0.7739999890327454,0.020325062037678768
405.465517,,0.004429972251993618,405.482,0.75,-0.03233480061349068
405.931034,,0.00975284822926157,405.947,0.753000020980835,-0.02630051680680768
406.39655200000004,,0.015998176743383604,406.413,0.7739999890327454,0.018835280503977942
406.862069,,0.019608907347140058,406.878,0.8140000104904175,0.10527185307979962
407.327586,,0.018899762538274453,407.345,0.7739999890327454,0.01734548453807276
407.793103,,0.015288513178855085,407.804,0.7620000243186951,-0.009626722947692595
408.258621,,0.011428745806914168,408.271,0.7749999761581421,0.017843207852823804
408.72413800000004,,0.008858067378908535,408.737,0.753000020980835,-0.030937522665241714
409.18965499999996,,0.007498828234812696,409.202,0.7559999823570251,-0.025224986910831627
409.655172,,0.006553174189471636,409.668,0.7730000019073486,0.01104108622818595
410.12069,,0.005276606801508902,410.13,0.7519999742507935,-0.035405468081424585
410.586207,,0.003353800237187647,410.6,0.7739999890327454,0.01192731051651232
411.05172400000004,,0.00110242638011086,411.061,0.7609999775886536,-0.016876887667656007
411.51724099999996,,0.0008987088095523052,411.53,0.7580000162124634,-0.023764026840396323
411.982759,,0.0024841101715549958,411.996,0.7570000290870667,-0.026153009379339603
412.448276,,0.003560209584690858,412.454,0.7599999904632568,-0.019680066102256272
412.913793,,0.003065972343724949,412.92,0.7739999890327454,0.01090799145214367
413.37931,,0.00037722460047598253,413.387,1.0829999446868896,0.6843512479289924
413.844828,,0.005904558657614208,413.852,0.7739999890327454,0.01154191612723802
414.31034500000004,,0.009603502550435338,414.32,0.7739999890327454,0.01206942258206659
414.775862,,0.007906013191689026,414.785,0.7639999985694885,-0.009077818274535864
415.241379,,0.001888343004782226,415.249,0.7680000066757202,0.00036741033167443345
415.706897,,0.0029293129086145945,415.715,0.7519999742507935,-0.03369217661074253
416.172414,,0.0017104109277658991,416.175,0.7770000100135803,0.021616398255292765
416.63793100000004,,0.0050729465197415086,416.645,0.8259999752044678,0.1292312917463887
417.103448,,0.012385327426459295,417.108,0.753000020980835,-0.028955608724470294
417.568966,,0.015543420215001342,417.571,0.7940000295639038,0.06118925938234418
418.034483,,0.013863858408607639,418.038,0.7620000243186951,-0.007767141538652487
418.5,,0.009752685410423454,418.5,0.7739999890327454,0.019053564111748
418.96551700000003,,0.0052723903947115465,418.966,0.7710000276565552,0.013090383985748093
419.43103399999995,,0.00035296796409869545,419.429,0.7760000228881836,0.02443477269567974
419.896552,,0.005901178009384453,419.895,0.7860000133514404,0.04653755473511894
420.362069,,0.01284149607577452,420.362,0.7739999890327454,0.020565982532606268
420.827586,,0.01759973440252789,420.828,0.7490000128746033,-0.03387767299017818
421.293103,,0.017145307578188565,421.293,0.7609999775886536,-0.007862453725854583
421.758621,,0.011474578832720546,421.759,0.7739999890327454,0.020185085280533963
422.22413800000004,,0.004506575562676011,422.223,0.7739999890327454,0.019773340236069904
422.689655,,0.0008437895924954639,422.689,0.753000020980835,-0.02651382356192322
423.15517200000005,,0.00127959439880138,423.153,0.7739999890327454,0.018594811719066573
423.62069,,0.0022116588994405563,423.615,0.7820000052452087,0.03529453201848339
424.086207,,2.3244104899254386e-05,424.083,0.7620000243186951,-0.009071348077221368
424.55172400000004,,0.004728017665340351,424.545,0.7649999856948853,-0.0033676626150406213
425.017241,,0.007252630876568072,425.013,0.7609999775886536,-0.012928149145860693
425.482759,,0.0037364606583345744,425.475,0.7689999938011169,0.0036678253249671023
425.948276,,0.004651463528750432,425.94,0.7739999890327454,0.01376655025285896
426.413793,,0.012201223186786651,426.405,0.7310000061988831,-0.08064701603872335
426.87931000000003,,0.013728557461538922,426.871,0.7480000257492065,-0.044257437146958865
427.344828,,0.009487748364932455,427.338,0.8019999861717224,0.07284700040394951
427.810345,,0.004743554465265779,427.803,0.7580000162124634,-0.023432897205250335
428.275862,,0.004206948935109,428.268,0.7910000085830688,0.048179014739535404
428.741379,,0.007608518302102283,428.734,0.7730000019073486,0.008824303002092674
429.20689699999997,,0.011444763895575985,429.201,0.7739999890327454,0.011012342058759396
429.672414,,0.014000966369498326,429.66,0.7990000247955322,0.06563600537454665
430.137931,,0.01682733746442638,430.127,0.7699999809265137,0.0027555037743752595
430.603448,,0.021795277539598607,430.589,0.7730000019073486,0.009724679040791639
431.068966,,0.02968653919565765,431.06,0.7739999890327454,0.012454964358127813
431.534483,,0.042841939255310664,431.523,0.753000020980835,-0.032644270930413784
432.0,,0.0656265134029847,431.988,0.7739999890327454,0.013839317636822496
432.46551700000003,,0.0977156298751202,432.451,0.7490000128746033,-0.03983821961416341
432.931034,,0.12759690893621672,432.917,0.7739999890327454,0.015448461510338116
433.396552,,0.13818015770347059,433.382,0.7739999890327454,0.016275703814204893
433.862069,,0.12223619090799422,433.848,0.6169999837875366,-0.32496643781850776
434.327586,,0.09088492701990637,434.312,0.7599999904632568,-0.012663319421157115
434.79310300000003,,0.06522495259421308,434.778,0.7329999804496765,-0.07080137147484045
435.258621,,0.06018211329606495,435.246,0.7519999742507935,-0.028811059734827966
435.724138,,0.07535342954837886,435.704,0.7580000162124634,-0.01525016157911593
436.189655,,0.09696132301144156,436.172,0.7919999957084656,0.0591924160511909
436.655172,,0.1059264366103895,436.634,0.7730000019073486,0.018036551976537987
437.12068999999997,,0.08729705594139262,437.105,0.7739999890327454,0.02031672573192947
437.586207,,0.037896436305538794,437.567,0.7730000019073486,0.01809984385479981
438.051724,,0.03169760821448136,438.03,0.7749999761581421,0.02228072811344897
438.517241,,0.10283547987087169,438.5,0.7599999904632568,-0.010707761076843979
438.982759,,0.1587099371789932,438.959,0.8080000281333923,0.09343656750374077
439.448276,,0.19181154885258545,439.43,0.765999972820282,0.0013944477237045486
439.913793,,0.2044182236931679,439.889,0.7739999890327454,0.01819340811585651
440.37931000000003,,0.20316769185107014,440.36,0.7689999938011169,0.006597301016154022
440.844828,,0.19340294511892106,440.819,0.7730000019073486,0.014558138264312567
441.310345,,0.17822700394429444,441.286,0.7900000214576721,0.050814043628885905
441.775862,,0.16092001628102712,441.752,0.7519999742507935,-0.032759420143773615
442.241379,,0.14523129337035362,442.219,0.7570000290870667,-0.02263136970791971
442.70689699999997,,0.13225870525971442,442.685,0.8019999861717224,0.07468537644898372
443.172414,,0.1189103140676254,443.146,0.753000020980835,-0.03272506620725216
443.637931,,0.10133083438820506,443.609,0.7749999761581421,0.01463329102598682
444.103448,,0.07953522077856624,444.079,0.7910000085830688,0.04902214101468835
444.568966,,0.05754228235146893,444.541,0.7739999890327454,0.01163232665908546
445.03448299999997,,0.039059148917727445,445.009,0.7739999890327454,0.011406464348816302
445.5,,0.024007095546678243,445.471,0.734000027179718,-0.07583305122928956
445.965517,,0.009494426157981593,445.937,0.7739999890327454,0.011353089739397144
446.431034,,0.006546405203338617,446.402,0.7870000004768372,0.039849037461663184
446.896552,,0.023049188465527524,446.867,0.7739999890327454,0.011828589930766862
447.36206899999996,,0.0365201760057869,447.334,0.7739999890327454,0.01224930529983889
447.827586,,0.04364168985729839,447.8,0.7710000276565552,0.006239367965113219
448.29310300000003,,0.04380096664047416,448.264,0.7739999890327454,0.013389960906791535
448.758621,,0.03981631562089149,448.73,0.7609999775886536,-0.014248161624060627
449.224138,,0.03613632135976436,449.193,0.7480000257492065,-0.04183826947579404
449.689655,,0.03583296607722895,449.656,0.7519999742507935,-0.032366747384122325
450.155172,,0.038915164057138046,450.119,0.7739999890327454,0.016322670758795475
450.62068999999997,,0.043083849319625,450.589,0.7739999890327454,0.017061715085836655
451.086207,,0.045893013607249705,451.053,0.753000020980835,-0.027993178133240152
451.551724,,0.04669436950251151,451.515,0.7739999890327454,0.018391317310016676
452.017241,,0.047008756616565756,451.981,0.722000002861023,-0.09434876276544725
452.482759,,0.04865379766054548,452.444,0.7739999890327454,0.019390411043741694
452.94827599999996,,0.05117448897190464,452.91,0.7680000066757202,0.006655436636710914
453.413793,,0.05179264528593793,453.374,0.49000000953674316,-0.598798901992137
453.87931,,0.04856373800131425,453.84,0.7580000162124634,-0.01484868740984887
454.344828,,0.04307372236637751,454.304,0.7519999742507935,-0.0279829171610155
454.810345,,0.03911284006899729,454.77,0.7680000066757202,0.0066869452233502685
455.27586199999996,,0.03869144646929187,455.234,0.7760000228881836,0.02380867419025688
455.741379,,0.04001989758315641,455.7,0.7889999747276306,0.05171577098991244
456.206897,,0.03959908544795118,456.168,0.7739999890327454,0.018526885115298035
456.672414,,0.035899175561456824,456.63,0.7649999856948853,-0.0016684636009722718
457.137931,,0.030709783298501936,457.094,0.7730000019073486,0.015112768924224236
457.603448,,0.02681286388488486,457.564,0.7770000100135803,0.023139023590919638
458.06896600000005,,0.024320653493733135,458.027,0.7480000257492065,-0.04074978775779586
458.53448299999997,,0.0199323633344517,458.49,0.7730000019073486,0.013009518759563245
459.0,,0.010965292069031731,458.955,0.7730000019073486,0.012325313333838957
459.465517,,8.22117159511148e-05,459.419,0.7710000276565552,0.007327223803576994
459.931034,,0.0057754442652353695,459.884,0.781000018119812,0.02853508812156954
460.39655200000004,,0.002330626549370824,460.349,0.7990000247955322,0.06725181501701455
460.86206899999996,,0.007246241165532281,460.815,0.7599999904632568,-0.01812063712503444
461.327586,,0.015766743982574112,461.279,0.753000020980835,-0.033672327122919815
461.793103,,0.019409654362851886,461.745,0.7749999761581421,0.014067888440049518
462.258621,,0.020267660873502354,462.212,0.7590000033378601,-0.020864175302049107
462.724138,,0.022190788720464802,462.677,0.7739999890327454,0.011859226356985561
463.18965499999996,,0.0261594201665673,463.145,0.7760000228881836,0.016375617941980065
463.655172,,0.030325739053202103,463.608,0.75,-0.040000916719796956
464.12069,,0.03284358283396014,464.075,0.796999990940094,0.0627642738892837
464.58620699999994,,0.03295512474010042,464.538,0.7580000162124634,-0.021745369735591415
465.051724,,0.030077195220283553,465.008,0.753000020980835,-0.03210719184955131
465.517241,,0.024024989794433408,465.471,0.7730000019073486,0.012053905606226519
465.98275900000004,,0.016458356947221604,465.929,0.7739999890327454,0.014860078634406856
466.448276,,0.010080680245472857,466.394,0.7739999890327454,0.015508430808194749
466.913793,,0.0053674906407766895,466.86,0.753000020980835,-0.02959380478162361
467.37931,,0.00040285223210664877,467.327,0.6299999952316284,-0.29693977651846726
467.844828,,0.009558452839225523,467.792,0.7630000114440918,-0.006593704730612886
468.31034500000004,,0.020434360989703713,468.256,0.7580000162124634,-0.01695768816292569
468.77586199999996,,0.028791976708353074,468.722,0.8240000009536743,0.12729464227273934
469.241379,,0.03261194119941969,469.19,0.7739999890327454,0.018744663176904066
469.706897,,0.03414236598835846,469.653,0.7630000114440918,-0.004928087188114577
470.172414,,0.0366123318623113,470.116,0.7549999952316284,-0.022164249367888102
470.63793100000004,,0.03995364774923634,470.586,0.7490000128746033,-0.03514755964420847
471.10344799999996,,0.04119122299147225,471.046,0.777999997138977,0.02801592614537169
471.568966,,0.038745446333683,471.515,0.7580000162124634,-0.01567795866677995
472.034483,,0.03442084548194018,471.981,0.7730000019073486,0.016781878179514664
472.5,,0.030376919959895464,472.444,0.7570000290870667,-0.01838790010237169
472.965517,,0.0258054042077334,472.909,0.753000020980835,-0.02749588589499735
473.43103399999995,,0.018361329617743907,473.375,0.7730000019073486,0.015614027586767264
473.89655200000004,,0.008446994030969681,473.841,0.7490000128746033,-0.03719175064947627
474.362069,,0.00039236150676838955,474.301,0.7839999794960022,0.03850331854970245
474.827586,,0.0014012499495614924,474.766,0.7559999823570251,-0.02307878924305235
475.293103,,0.003075287807299936,475.231,0.7570000290870667,-0.021485574930853322
475.758621,,0.00951207628214649,475.696,0.7620000243186951,-0.011166770610556494
476.22413800000004,,0.013466220419814295,476.16,0.753000020980835,-0.031321312543214394
476.689655,,0.013606504055063372,476.63,0.7739999890327454,0.013927066789772177
477.155172,,0.011195298380205932,477.09,0.5130000114440918,-0.5551500791144647
477.62069,,0.008191989502258513,477.559,0.7770000100135803,0.01962521365894374
478.086207,,0.006630418107180519,478.023,0.7749999761581421,0.014957290897548074
478.55172400000004,,0.008186477001269597,478.486,0.7590000033378601,-0.02012077334619624
479.01724099999996,,0.01258190517610846,478.952,0.7879999876022339,0.042936941663732214
479.482759,,0.01685554190212114,479.419,0.765999972820282,-0.005016417048974152
479.948276,,0.01760979464075158,479.885,0.7739999890327454,0.012489657838077036
480.413793,,0.014142806926189482,480.35,0.7739999890327454,0.012663274194193571
480.87931000000003,,0.008649826136134586,480.816,0.753000020980835,-0.03282402346865509
481.344828,,0.0033953896707250844,481.276,0.7739999890327454,0.013273528951156098
481.810345,,0.0013239712562960458,481.741,0.753000020980835,-0.03206122433089483
482.275862,,0.00590466896518708,482.208,0.640999972820282,-0.2755978052525668
482.74137900000005,,0.009025220491061874,482.674,0.7549999952316284,-0.026720901459988046
483.206897,,0.007970180793725834,483.134,0.7279999852180481,-0.08500860899329607
483.672414,,0.0018321107819676656,483.604,0.7739999890327454,0.015756299801178843
484.13793100000004,,0.00642737999882624,484.064,0.7580000162124634,-0.01855885691212183
484.603448,,0.011992821430851563,484.534,0.7649999856948853,-0.002784422879578279
485.068966,,0.012330685077675646,485.005,0.7699999809265137,0.008598520194504891
485.534483,,0.009054110301429904,485.46,0.7749999761581421,0.019933620232944316
486.0,,0.005788988371575777,485.926,0.753000020980835,-0.027615222648408995
486.46551700000003,,0.004627585657870545,486.391,0.46700000762939453,-0.6504049009947187
486.931034,,0.004951613591268833,486.856,0.7710000276565552,0.012117586590618555
487.396552,,0.00531022854102241,487.323,0.7609999775886536,-0.00954628031373334
487.862069,,0.0053527805084562395,487.788,0.7649999856948853,-0.0007963027552122109
488.327586,,0.0053522698783048175,488.253,0.7720000147819519,0.014402493727605015
488.79310300000003,,0.004829740951814039,488.719,0.7580000162124634,-0.01623494246412528
489.258621,,0.0030140678544455877,489.182,0.7739999890327454,0.018407310607499807
489.724138,,0.00039888507836280125,489.645,0.7509999871253967,-0.031990436402737236
490.189655,,0.0014822815264919037,490.113,0.7620000243186951,-0.008378076976257982
490.655172,,0.0019993139802435608,490.575,0.7749999761581421,0.019538293908923414
491.12069,,0.0021881510695728325,491.045,0.7559999823570251,-0.022302677508722186
491.586207,,0.0034011739843977846,491.508,0.7739999890327454,0.01643861166781041
492.05172400000004,,0.005851718223486155,491.974,0.753000020980835,-0.029801546768210146
492.517241,,0.008455192785957504,492.437,0.7870000004768372,0.0437837618026903
492.982759,,0.009518787189273781,492.903,0.753000020980835,-0.030765190826025617
493.448276,,0.007766928641335031,493.368,0.7580000162124634,-0.020320520197532735
493.913793,,0.00347468538390562,493.834,0.7710000276565552,0.007591729642688484
494.37931000000003,,0.0011105279914264865,494.301,0.8370000123977661,0.15102346901138336
494.844828,,0.0028532293413564376,494.759,0.7609999775886536,-0.01485123690437299
495.310345,,0.00010995503093930604,495.224,0.781000018119812,0.028492541025695116
495.775862,,0.006686509883789504,495.689,0.777999997138977,0.02179992181070841
496.241379,,0.01315444320829142,496.157,0.7749999761581421,0.015183478895550984
496.70689699999997,,0.01567923324387805,496.62,0.7509999871253967,-0.03710783442826236
497.172414,,0.01321671350957324,497.09,0.8109999895095825,0.0936832391847302
497.637931,,0.008238082213102998,497.553,0.9279999732971191,0.34873405637665295
498.103448,,0.004545536345052172,498.016,0.7540000081062317,-0.03012818619795778
498.568966,,0.004318838562676957,498.486,0.7749999761581421,0.015908462517071405
499.03448299999997,,0.0070278698278789424,498.944,0.7749999761581421,0.016244450078403083
499.5,,0.010444396977534175,499.409,0.7699999809265137,0.005728106488333952
499.96551700000003,,0.012249065915927955,499.875,0.753000020980835,-0.030902775062908304
500.431034,,0.011421604641028524,500.342,0.6000000238418579,-0.36381622636942745
500.89655200000004,,0.009048512610748538,500.807,0.7590000033378601,-0.01699220879851559
501.362069,,0.007517933347698027,501.272,0.843999981880188,0.168604100814676
501.827586,,0.008222871951535156,501.738,0.7739999890327454,0.016496249854062825
502.293103,,0.0103242156743645,502.204,0.8450000286102295,0.17155446161888518
502.758621,,0.012284580027819143,502.67,0.7720000147819519,0.012853975971557572
503.224138,,0.014111068447938083,503.131,0.781000018119812,0.0327598907554203
503.68965499999996,,0.017237909305363997,503.601,0.7590000033378601,-0.014923975765688977
504.15517200000005,,0.022183503379789988,504.064,0.7710000276565552,0.011408470200834606
504.62068999999997,,0.026760002122598638,504.526,0.7570000290870667,-0.018966233773158068
505.08620699999994,,0.026811798832825775,504.992,0.765999972820282,0.0007031128477097076
505.55172400000004,,0.01916510302247675,505.456,0.7590000033378601,-0.014551177003197214
506.017241,,0.004637324369109353,505.922,0.7760000228881836,0.022418015056925696
506.48275899999993,,0.01167313069839385,506.387,0.7689999938011169,0.007038638307761789
506.948276,,0.023567340229194208,506.853,0.765999972820282,0.0003173685812312691
507.413793,,0.02747291813523206,507.319,0.7459999918937683,-0.04349219552243498
507.87931,,0.023288173330929855,507.785,0.7630000114440918,-0.006736525513606361
508.344828,,0.012758791879016108,508.249,0.7549999952316284,-0.024483717491159428
508.810345,,0.0015863976349695132,508.715,0.7739999890327454,0.016565428197786346
509.27586199999996,,0.01605151205079622,509.175,0.7480000257492065,-0.04044215097757081
509.74137900000005,,0.025974875600756234,509.645,0.7250000238418579,-0.09092267170725365
510.20689699999997,,0.027879339736834242,510.108,0.781000018119812,0.030710934443175505
510.67241399999995,,0.022154543835991507,510.571,0.7760000228881836,0.019459185519654084
511.13793100000004,,0.013680229370933807,511.034,0.7739999890327454,0.014765676652460445
511.603448,,0.009277941293142508,511.505,0.7910000085830688,0.05149770746521759
512.0689659999999,,0.013468232251719312,511.97,0.7749999761581421,0.016373162271975793
512.534483,,0.025310039563591114,512.434,0.7580000162124634,-0.020885114574469316
513.0,,0.03812523507354744,512.899,0.7739999890327454,0.013801120223971897
513.465517,,0.042477374723779965,513.365,0.7739999890327454,0.013682294242168254
513.931034,,0.031965178814828465,513.83,0.75,-0.03866865384238815
514.396552,,0.009136848445290537,514.294,0.7570000290870667,-0.023425906491987752
514.862069,,0.0142222608268995,514.76,0.8949999809265137,0.2772770918444106
515.327586,,0.025577593184269255,515.219,0.7739999890327454,0.013768392509732223
515.793103,,0.022422803363365655,515.685,0.7609999775886536,-0.014393753666681344
516.258621,,0.013942790310092011,516.153,0.753000020980835,-0.031617977074998124
516.724138,,0.011545833461102294,516.615,0.7609999775886536,-0.013945890994904038
517.189655,,0.019030530239867435,517.083,0.7699999809265137,0.005936498084624615
517.655172,,0.031822883596711427,517.545,0.7739999890327454,0.01495023944501608
518.1206900000001,,0.042758013816015315,518.013,0.7739999890327454,0.01526626917627442
518.5862070000001,,0.04702986022420897,518.475,0.9850000143051147,0.4752899627308248
519.051724,,0.044047470645319775,518.941,0.7950000166893005,0.06168359089187974
519.517241,,0.03714288790145022,519.409,1.0820000171661377,0.6872944425086545
519.982759,,0.030765371097750564,519.874,0.7739999890327454,0.01660263401104773
520.448276,,0.026510957518465286,520.334,0.7549999952316284,-0.024481628836866564
520.9137929999999,,0.022635665719340944,520.8,0.7739999890327454,0.017185677593323928
521.37931,,0.017998477887108413,521.267,0.781000018119812,0.03266503308991651
521.844828,,0.014236938266149092,521.733,0.7549999952316284,-0.02380154746316501
522.310345,,0.012090430397872177,522.205,0.7570000290870667,-0.019321798979565163
522.7758620000001,,0.007727111462896063,522.663,0.7490000128746033,-0.036688266221007626
523.241379,,0.0034554006329513345,523.131,0.7490000128746033,-0.036686661301410385
523.7068969999999,,0.019163198390925368,523.593,0.7950000166893005,0.06347292184946804
524.172414,,0.029802844938308978,524.056,0.75,-0.0346813289953736
524.637931,,0.028192777237442644,524.519,0.7730000019073486,0.01525943456130099
525.103448,,0.01854365169014199,524.985,0.7739999890327454,0.01722217892456247
525.568966,,0.012939357469784498,525.455,0.7739999890327454,0.016965827662437413
526.034483,,0.017375222352551383,525.921,0.753000020980835,-0.029075082098478533
526.5,,0.022354978013340306,526.386,0.7490000128746033,-0.03810416810482969
526.9655170000001,,0.010024513692764699,526.844,0.7620000243186951,-0.010112210773400854
527.4310340000001,,0.027595300792492075,527.316,0.7749999761581421,0.01787402184924427
527.8965519999999,,0.0780579216429499,527.774,0.7739999890327454,0.015364272364214542
528.362069,,0.11728445370372007,528.241,0.7480000257492065,-0.041597360878341066
528.827586,,0.12889578879389033,528.707,0.7820000052452087,0.0321828571681484
529.293103,,0.11527863015149623,529.175,0.7739999890327454,0.01449179596064568
529.7586210000001,,0.09190320075190202,529.637,0.7540000081062317,-0.029303742872000254
530.224138,,0.07273470728900781,530.105,0.7570000290870667,-0.022945881457232694
530.689655,,0.06038162678069093,530.567,0.7609999775886536,-0.01436052435564886
531.155172,,0.04803631424177444,531.035,0.7609999775886536,-0.014437165177956852
531.62069,,0.0290701410718508,531.497,0.7870000004768372,0.04218590582662447
532.086207,,0.0038298231471918355,531.962,0.7739999890327454,0.01389721598983751
532.5517239999999,,0.02231020117592934,532.429,0.7739999890327454,0.013985108775369662
533.017241,,0.04519017241882508,532.895,0.7749999761581421,0.016302419274006687
533.482759,,0.06421698175045548,533.36,0.765999972820282,-0.00312063293767049
533.9482760000001,,0.07932478621714464,533.825,0.7590000033378601,-0.01814651137242306
534.413793,,0.0882085183973827,534.29,0.7749999761581421,0.016969138177438538
534.87931,,0.08813417574380764,534.749,0.7739999890327454,0.015073189686976109
535.344828,,0.07988432827216363,535.216,0.7829999923706055,0.03498101901538624
535.810345,,0.06849249875180798,535.682,0.7689999938011169,0.004788369500945262
536.275862,,0.05952600842308259,536.145,0.7599999904632568,-0.014512182632691972
536.7413789999999,,0.054937703856977535,536.615,0.7620000243186951,-0.00985815568200204
537.206897,,0.05256687410810609,537.079,0.7739999890327454,0.01656317605482265
537.672414,,0.049239880769782314,537.541,0.7599999904632568,-0.013686972086439837
538.137931,,0.0442400817238189,538.009,0.7559999823570251,-0.022184702846581188
538.6034480000001,,0.03994674130142337,538.472,0.7720000147819519,0.012850552471381942
539.0689659999999,,0.03898596082568585,538.937,0.7739999890327454,0.017340389634180654
539.5344829999999,,0.040770455418611386,539.404,0.7739999890327454,0.017425813176824376
540.0,,0.04145663695410253,539.87,0.7519999742507935,-0.03046857521351321
540.465517,,0.037603774704629535,540.335,0.7450000047683716,-0.04573407427717539
540.931034,,0.02926150455569791,540.8,0.765999972820282,-4.775208094571267e-05
541.396552,,0.019253349861642528,541.261,0.753000020980835,-0.028482657852832743
541.862069,,0.010429851466639661,541.726,0.7739999890327454,0.01711314895269285
542.327586,,0.004313710183298356,542.19,0.7749999761581421,0.01909844037931438
542.7931030000001,,0.0015487023786904123,542.66,0.7099999785423279,-0.1227393696737834
543.258621,,0.002230900955780705,543.123,0.7739999890327454,0.016442035236697274
543.7241379999999,,0.005248138978200238,543.586,0.7570000290870667,-0.02086510469626774
544.189655,,0.007803365328661603,544.049,0.7710000276565552,0.00935671370635308
544.655172,,0.0066300050999546275,544.519,0.7559999823570251,-0.023603267284791195
545.12069,,0.0005230594168353208,544.985,0.7820000052452087,0.03276901884249646
545.5862070000001,,0.008366099157346134,545.448,0.753000020980835,-0.030668917256135044
546.051724,,0.016328438961746322,545.914,0.7739999890327454,0.014848082526429614
546.517241,,0.021216312756542344,546.379,0.777999997138977,0.02335754608380755
546.982759,,0.023312368720981785,546.845,0.7570000290870667,-0.022564049096691262
547.448276,,0.02350964278382296,547.304,0.7739999890327454,0.014342038246940952
547.9137929999999,,0.022027816662951245,547.77,0.7590000033378601,-0.01842616700317968
548.3793099999999,,0.019380089339180485,548.238,0.7490000128746033,-0.04025724600442476
548.844828,,0.01716795417181917,548.704,0.7739999890327454,0.014208695223780134
549.310345,,0.016498669438341284,549.168,0.7570000290870667,-0.022784304662941856
549.775862,,0.016172648744982067,549.63,0.7789999842643738,0.025232385094640944
550.241379,,0.013952480198904531,550.097,0.5630000233650208,-0.44523331161948
550.706897,,0.009714514080021748,550.56,0.7739999890327454,0.01461233164607555
551.172414,,0.00597176116448873,551.027,0.7739999890327454,0.014790685940680361
551.637931,,0.00474146080561475,551.49,0.7120000123977661,-0.12008187785270667
552.103448,,0.005102975539549238,551.955,0.7609999775886536,-0.01310638999596669
552.568966,,0.004873571059682695,552.419,0.7570000290870667,-0.02158659190661477
553.034483,,0.0038223813443815473,552.885,0.8059999942779541,0.08540918772604741
553.5,,0.003724347969017432,553.349,0.8510000109672546,0.1836941843796097
553.965517,,0.005469407173855697,553.815,0.7789999842643738,0.02707524795474257
554.4310340000001,,0.007780002462129339,554.279,0.7760000228881836,0.020772575082053
554.896552,,0.009296585032354471,554.744,0.7739999890327454,0.016629570816769274
555.3620689999999,,0.010539856318222279,555.209,0.753000020980835,-0.028933103613310113
555.827586,,0.01271415371704567,555.675,0.7580000162124634,-0.017882587947486706
556.293103,,0.015361690811001914,556.145,0.753000020980835,-0.02865493070762769
556.758621,,0.016574553108141946,556.608,0.7860000133514404,0.043322098669935784
557.224138,,0.015536518515483466,557.076,0.7739999890327454,0.017219245077801985
557.689655,,0.01375915500537001,557.538,0.746999979019165,-0.041605413931077036
558.155172,,0.01334630153519299,558.009,0.7739999890327454,0.017174265273163188
558.6206900000001,,0.01473035632630557,558.471,0.753000020980835,-0.028662528411188864
559.0862070000001,,0.01670339185990216,558.929,0.753000020980835,-0.02878691018207318
559.5517239999999,,0.018233393005720227,559.394,0.7620000243186951,-0.009339198917021342
560.017241,,0.019506587003865903,559.86,0.7760000228881836,0.020971249372518437
560.482759,,0.021154950234908113,560.327,0.7940000295639038,0.0599723723393662
560.948276,,0.022967218517658268,560.793,0.765999972820282,-0.0012618554202646717
561.413793,,0.023718873417730185,561.26,0.7760000228881836,0.020281579458171547
561.87931,,0.02234908404585547,561.726,0.7490000128746033,-0.038790113153379296
562.344828,,0.019219589190934472,562.186,0.7739999890327454,0.015429649132941977
562.8103450000001,,0.016005935088345285,562.649,0.7490000128746033,-0.03927424777316108
563.275862,,0.014270159389356734,563.119,0.5759999752044678,-0.4164065846621711
563.7413789999999,,0.014273930605579912,563.582,0.7820000052452087,0.03218456282652117
564.206897,,0.015064007082523359,564.045,0.7480000257492065,-0.04207466371953699
564.672414,,0.015255878310131678,564.515,0.7739999890327454,0.014419195582181762
565.137931,,0.013721154237992606,564.974,0.7739999890327454,0.014307585597005887
565.603448,,0.010167554652571402,565.444,0.7839999794960022,0.03602602290613875
566.068966,,0.005463109765769787,565.909,0.7549999952316284,-0.02717714407782854
566.534483,,0.0010912193798304852,566.371,0.7739999890327454,0.014240793281956089
567.0,,0.002099779309087042,566.837,0.7239999771118164,-0.09462336992223629
567.465517,,0.0045754335304584335,567.301,0.7540000081062317,-0.029153584488484718
567.931034,,0.007341956753776675,567.767,0.7480000257492065,-0.04207627264335234
568.396552,,0.010469812162502663,568.231,0.7749999761581421,0.016931881026484737
568.862069,,0.012618926701862399,568.697,0.7490000128746033,-0.039497491701040444
569.327586,,0.012334300518381226,569.16,0.777999997138977,0.023923270280580333
569.793103,,0.00980013343127902,569.63,0.7509999871253967,-0.03464268300786985
570.2586210000001,,0.006891991463725141,570.09,0.7739999890327454,0.015733861420613626
570.724138,,0.005275129144852247,570.561,0.7739999890327454,0.016003897843992355
571.189655,,0.004888583083534155,571.024,0.7559999823570251,-0.02294732024322816
571.655172,,0.004684481851648469,571.486,0.7749999761581421,0.01869763364100799
572.12069,,0.004285174064290506,571.952,0.7620000243186951,-0.009395415099308224
572.586207,,0.004081141276090693,572.419,0.7799999713897705,0.03002125563857148
573.051724,,0.004040767035927383,572.884,0.7329999804496765,-0.07220903674925569
573.517241,,0.003539118059017559,573.349,0.7919999957084656,0.05645703007063875
573.982759,,0.002483721733187318,573.815,0.7580000162124634,-0.01753512289643919
574.4482760000001,,0.0016710856402327612,574.278,0.765999972820282,-7.080704040480883e-05
574.913793,,0.0017178261766142354,574.744,0.7820000052452087,0.03477475587546618
575.37931,,0.002389373586962932,575.208,0.7649999856948853,-0.0023228870172548907
575.844828,,0.0033996244438191893,575.674,0.777999997138977,0.025892684523684505
576.310345,,0.0052047679103339834,576.134,0.796999990940094,0.06713712576040126
576.775862,,0.008300462371765243,576.604,0.746999979019165,-0.04198410471402305
577.241379,,0.012088930014743935,577.068,0.7749999761581421,0.018794755950048092
577.706897,,0.015274581393189659,577.53,0.7369999885559082,-0.0642459962390664
578.172414,,0.017332715628114004,577.996,0.777999997138977,0.024804920100463868
578.6379310000001,,0.018642227900463257,578.462,0.7739999890327454,0.015803772708185216
579.1034480000001,,0.018837693991798014,578.927,0.7490000128746033,-0.038953086612702144
579.5689659999999,,0.01648921148011665,579.394,0.7549999952316284,-0.026168239476352745
580.034483,,0.012592284399165071,579.86,0.8019999861717224,0.07595425428077884
580.5,,0.014136280241321693,580.319,0.7739999890327454,0.014700826945232169
580.965517,,0.030205499107118245,580.785,0.753000020980835,-0.03127206134384452
581.431034,,0.060689853856443425,581.253,0.7509999871253967,-0.03581527809829346
581.896552,,0.09001605926958176,581.719,0.7739999890327454,0.014149160899837913
582.362069,,0.09656704788648933,582.182,0.7549999952316284,-0.027343111672733674
582.827586,,0.07061387309718972,582.645,0.7730000019073486,0.011824622019165005
583.2931030000001,,0.022546626660381586,583.113,0.7889999747276306,0.046687490319855224
583.758621,,0.025918959086392888,583.575,0.75,-0.038222196960980115
584.2241379999999,,0.05705563061982377,584.045,0.7739999890327454,0.014173976047713454
584.689655,,0.06509900381456978,584.508,0.7310000061988831,-0.07935172794536514
585.155172,,0.05356811279132219,584.973,0.7559999823570251,-0.024686784430654737
585.6206900000001,,0.028440268465391674,585.436,0.7730000019073486,0.012586532247254825
586.0862070000001,,0.005051752075648534,585.902,0.7590000033378601,-0.01764672391009757
586.551724,,0.04010809660346514,586.367,0.7799999713897705,0.028396714806138888
587.017241,,0.06609293050650741,586.833,0.7749999761581421,0.017811285279279526
587.482759,,0.07255597697017652,587.298,0.6629999876022339,-0.22588467335397233
587.948276,,0.057314022679972994,587.764,0.7609999775886536,-0.012071178369696692
588.4137929999999,,0.02961800132093511,588.23,0.7580000162124634,-0.018315572686611405
588.87931,,0.004239768485526773,588.689,0.7369999885559082,-0.06379758276426324
589.344828,,0.008177296244972506,589.158,0.7749999761581421,0.01923072690433967
589.810345,,0.006586291990282668,589.62,0.7739999890327454,0.017255491088039112
590.2758620000001,,0.0026911671970855345,590.091,0.7739999890327454,0.01741699168502435
590.741379,,0.013419133453250486,590.553,0.7570000290870667,-0.01950580836890088
591.2068969999999,,0.024864329460055606,591.016,0.7739999890327454,0.017593821065234872
591.672414,,0.03901727004521057,591.486,0.7549999952316284,-0.02379165738807575
592.137931,,0.05297805536948838,591.944,0.753000020980835,-0.028195090197330026
592.603448,,0.057305888135369284,592.409,0.7559999823570251,-0.021759968139207116
593.068966,,0.044302851422922306,592.875,0.7739999890327454,0.01730334477060692
593.534483,,0.016682486113156543,593.342,0.7760000228881836,0.021461497077117694
594.0,,0.014184695878495178,593.808,0.6340000033378601,-0.28814957241031347
594.4655170000001,,0.03845215129548692,594.275,0.7739999890327454,0.016579040106646473
594.9310340000001,,0.05496991251239198,594.74,0.7490000128746033,-0.03819848292433051
595.3965519999999,,0.06872095071669818,595.205,0.7450000047683716,-0.04724272137101382
595.862069,,0.08280892840727501,595.67,0.734000027179718,-0.07154669872674949
596.327586,,0.09408925393448081,596.131,0.7490000128746033,-0.03920511733152789
596.793103,,0.09669359140619244,596.601,0.7730000019073486,0.012756188625987215
597.2586210000001,,0.08901655872784695,597.064,0.753000020980835,-0.031120290522219696
597.724138,,0.07612855088120316,597.526,0.765999972820282,-0.0030694229007984233
598.189655,,0.06509435012263733,597.992,0.7739999890327454,0.01412915706060615
598.655172,,0.05895991399027147,598.456,0.7739999890327454,0.013947154910906489
599.12069,,0.055947769845756924,598.922,0.7570000290870667,-0.023217493195977944
599.586207,,0.053285794638080974,599.387,0.7580000162124634,-0.021108696559502843
600.0517239999999,,0.05022140493838433,599.852,0.7680000066757202,0.000668178158730867
600.517241,,0.04772690111775741,600.319,0.8450000286102295,0.16847730531383434
600.982759,,0.047051845323535325,600.785,0.7689999938011169,0.003015972798862942
601.448276,,0.049044683337968235,601.25,0.7839999794960022,0.035870288370154324
601.913793,,0.05362360894887987,601.715,0.753000020980835,-0.031441270645748885
602.37931,,0.05897178551807075,602.178,0.7739999890327454,0.014581317403989191
602.844828,,0.0616656042493637,602.64,0.7739999890327454,0.01488887251862744
603.310345,,0.058306394487312646,603.108,0.746999979019165,-0.04360007080205362
603.775862,,0.04741337886348419,603.571,0.7580000162124634,-0.019284210547089762
604.2413789999999,,0.030312341488117726,604.039,0.7609999775886536,-0.012392432023228492
604.706897,,0.010672344861653145,604.5,0.7910000085830688,0.05331830179675573
605.172414,,0.007349557568079174,604.966,0.7739999890327454,0.016617777909364702
605.637931,,0.021391377676665407,605.43,0.7739999890327454,0.016929251602836894
606.1034480000001,,0.03134480272897401,605.896,0.6579999923706055,-0.23551979933142397
606.5689659999999,,0.03743291789600574,606.36,0.7739999890327454,0.01742988307344219
607.0344829999999,,0.038902662652396315,606.826,0.7739999890327454,0.017603618012014214
607.5,,0.035868687598374055,607.291,0.7429999709129333,-0.04981716081436474
607.965517,,0.031777559656117366,607.756,0.7710000276565552,0.011241962112695954
608.431034,,0.031864872468061196,608.223,0.7739999890327454,0.017772870246397933
608.896552,,0.03821811109268313,608.689,0.7739999890327454,0.017706914433553003
609.362069,,0.047484383790258586,609.152,0.7760000228881836,0.021939396185608157
609.827586,,0.05438588914604832,609.615,0.7730000019073486,0.015223334773450474
610.293103,,0.056832396425337495,610.084,0.7580000162124634,-0.01768658062918006
610.758621,,0.056819620224483294,610.547,0.7739999890327454,0.016897988475928112
611.2241379999999,,0.056900099774052755,611.009,0.7739999890327454,0.016589226331775033
611.689655,,0.05696623704343577,611.478,0.7009999752044678,-0.1427877337637656
612.155172,,0.05494019998887598,611.944,0.777999997138977,0.024614847588594165
612.62069,,0.05005631418911819,612.409,0.6370000243186951,-0.2829363772520692
613.0862070000001,,0.04451981819126085,612.875,0.7570000290870667,-0.021858950807677226
613.551724,,0.041451337237159845,613.335,0.7749999761581421,0.017010792240766636
614.017241,,0.04158672228817121,613.8,0.7580000162124634,-0.020343862205235194
614.4827590000001,,0.042637682704746147,614.265,0.753000020980835,-0.03151707029988265
614.948276,,0.04179181202209652,614.73,0.7760000228881836,0.018358395303674675
615.4137929999999,,0.03820405479746103,615.204,0.7799999713897705,0.026894161277342912
615.8793099999999,,0.03307366965761373,615.663,0.7590000033378601,-0.018975488885601157
616.344828,,0.028180182866360138,616.131,0.7739999890327454,0.013650121135722284
616.810345,,0.02478714996029889,616.593,0.7570000290870667,-0.02337530736243364
617.275862,,0.023189310113796033,617.057,0.7749999761581421,0.015917110418230167
617.741379,,0.022517656262125048,617.519,0.7400000095367432,-0.060195987253515576
618.206897,,0.02146985084664647,617.985,0.6869999766349792,-0.17546844643984152
618.672414,,0.01992899923007872,618.455,0.7570000290870667,-0.02271770450186984
619.137931,,0.018941521599715256,618.921,0.7789999842643738,0.025501423196105478
619.603448,,0.017828747835741343,619.386,0.7739999890327454,0.014934149628626419
620.068966,,0.012718495456159145,619.844,0.7760000228881836,0.019644790390979973
620.534483,,0.0008156944042990361,620.316,0.7950000166893005,0.06140913498192043
621.0,,0.014282519469999951,620.774,0.6169999837875366,-0.3260177830904104
621.465517,,0.024889423993917834,621.239,0.753000020980835,-0.029361310075065393
621.9310340000001,,0.027331345914880723,621.705,0.7720000147819519,0.01237152600341439
622.396552,,0.025006314655349193,622.175,0.7599999904632568,-0.013462716462911356
622.862069,,0.023153875810486616,622.637,0.7739999890327454,0.017309720717225027
623.327586,,0.02341269801508511,623.105,0.7799999713897705,0.030606709729913726
623.793103,,0.024231689766134233,623.567,0.7749999761581421,0.01988575984271459
624.258621,,0.024242605356882434,624.035,0.7739999890327454,0.017821021112895907
624.724138,,0.023653448358485377,624.497,0.7699999809265137,0.009157949497326975
625.189655,,0.023205261490250182,624.963,0.765999972820282,0.0004304325278779693
625.655172,,0.023086621328134056,625.429,0.5839999914169312,-0.39616456784048354
626.1206900000001,,0.02301051547903118,625.895,0.765999972820282,0.00019949025041642878
626.5862070000001,,0.022769003521588425,626.354,0.777999997138977,0.02613229427170775
627.0517239999999,,0.022419188093248128,626.819,0.7749999761581421,0.019334622639534844
627.5172409999999,,0.0220957034867809,627.286,0.7739999890327454,0.016851862123541613
627.982759,,0.021838433393204196,627.752,0.7599999904632568,-0.013986820298861575
628.448276,,0.021588952216828362,628.219,0.7720000147819519,0.011796020406906733
628.913793,,0.021269413360043943,628.685,0.7609999775886536,-0.012542554103196572
629.37931,,0.02086948027947765,629.145,0.7620000243186951,-0.010738223051801742
629.844828,,0.02049245073975374,629.616,0.7879999876022339,0.04554288552423261
630.3103450000001,,0.020259073316207063,630.079,0.7620000243186951,-0.011443234756119457
630.7758620000001,,0.02008609742702727,630.541,0.7739999890327454,0.014391697885057203
631.2413789999999,,0.019665886846157495,631.005,0.7570000290870667,-0.022912434176253386
631.706897,,0.018914625674037205,631.475,0.765999972820282,-0.003522403461356619
632.172414,,0.018398507090102992,631.94,0.7689999938011169,0.0028520916150889973
632.637931,,0.01875870712348598,632.401,0.7620000243186951,-0.012498637007742099
633.103448,,0.019327266091158955,632.867,0.7730000019073486,0.011430485217943402
633.568966,,0.017993444229195413,633.334,0.781000018119812,0.028889517653730136
634.034483,,0.01353625846105833,633.8,0.7730000019073486,0.011555260092405713
634.5,,0.007805707235029544,634.26,0.8169999718666077,0.10757359716771418
634.9655170000001,,0.004167994135076901,634.725,0.7730000019073486,0.011929528868894285
635.431034,,0.003654367039551072,635.194,0.7519999742507935,-0.033555137286227485
635.8965519999999,,0.003994120778151001,635.657,0.7580000162124634,-0.020175371402941324
636.362069,,0.0026409397472269636,636.119,0.765999972820282,-0.00240732482888052
636.827586,,0.0006184137901771524,636.589,0.7739999890327454,0.015382101828058459
637.293103,,0.004403816197958713,637.053,0.746999979019165,-0.043071158769645054
637.7586210000001,,0.007748541750244201,637.515,0.7730000019073486,0.01394240243112364
638.224138,,0.01051629960896675,637.981,0.7739999890327454,0.016477193677786106
638.689655,,0.012460785586172585,638.444,0.7789999842643738,0.02770387619959583
639.155172,,0.012825034974712168,638.91,0.7580000162124634,-0.017747325676808434
639.62069,,0.011137018761585526,639.374,0.7739999890327454,0.017368739744474303
640.086207,,0.008213759016720935,639.841,0.7580000162124634,-0.017282393928237345
640.551724,,0.006119983141426672,640.306,0.7620000243186951,-0.008417603269391258
641.017241,,0.006696192701862889,640.771,0.7739999890327454,0.017814861215100602
641.482759,,0.009663161439651183,641.238,0.7820000052452087,0.03526950613557154
641.9482760000001,,0.012330750876756922,641.704,0.7739999890327454,0.017802084610717212
642.413793,,0.011957717469035034,642.164,0.777999997138977,0.026416105455821594
642.87931,,0.008796639274217961,642.633,0.7400000095367432,-0.05653307197239805
643.344828,,0.00623980649328954,643.094,0.7739999890327454,0.01732477903354106
643.810345,,0.007346844390578509,643.563,0.7590000033378601,-0.0156197484283022
644.275862,,0.011585183084109718,644.027,0.7760000228881836,0.021112479235064128
644.7413789999999,,0.015557109796522995,644.49,0.8379999995231628,0.15585474127504034
645.206897,,0.01649557438714422,644.955,0.7699999809265137,0.007355151444706981
645.672414,,0.014497755788335308,645.419,0.7749999761581421,0.017888936668613253
646.1379310000001,,0.01220079958388446,645.885,0.7739999890327454,0.015352600248339477
646.6034480000001,,0.013381214903501555,646.35,0.7490000128746033,-0.03945915939879787
647.0689659999999,,0.02093219045740566,646.816,0.7699999809265137,0.005968832765690646
647.534483,,0.0341007073365545,647.282,0.7559999823570251,-0.02482398462054466
648.0,,0.04735148260789361,647.748,0.7760000228881836,0.01849826247493538
648.465517,,0.05350986914579889,648.213,0.7739999890327454,0.01393900261703119
648.931034,,0.04911995855689832,648.679,0.7860000133514404,0.039936512133588675
649.396552,,0.03669986769268533,649.141,0.8389999866485596,0.15531986529048653
649.862069,,0.02192919109263742,649.604,0.7609999775886536,-0.014635252255769542
650.327586,,0.009077864094136424,650.075,0.7739999890327454,0.013730035956690161
650.7931030000001,,0.0011896821359301392,650.537,0.7490000128746033,-0.04063300277036995
651.258621,,0.0105127067957272,651.008,0.753000020980835,-0.031758877673565805
651.7241379999999,,0.019871892275252094,651.471,0.7739999890327454,0.014203651648681887
652.189655,,0.027896715311225367,651.929,0.781000018119812,0.029711169419381636
652.655172,,0.032117073967609204,652.394,0.777999997138977,0.02347076130406533
653.12069,,0.03176026957555468,652.86,0.7369999885559082,-0.06552939086848374
653.5862070000001,,0.028813041638658745,653.327,0.7739999890327454,0.015423249585697277
654.051724,,0.02608456301030105,653.793,0.7519999742507935,-0.032156471446835054
654.517241,,0.02468407967133238,654.257,0.7480000257492065,-0.040523138337082126
654.982759,,0.023788607024446635,654.722,0.7609999775886536,-0.01186648513035744
655.448276,,0.022475111833720193,655.19,0.7739999890327454,0.016767516296416256
655.9137929999999,,0.021202523738666428,655.653,0.7739999890327454,0.017047790362182475
656.37931,,0.021469297167964127,656.116,0.7559999823570251,-0.021927246364524856
656.844828,,0.024111500390704033,656.586,0.7670000195503235,0.0022315113277741037
657.310345,,0.02789687237459555,657.046,0.7739999890327454,0.017622983535000584
657.7758620000001,,0.03020786224535789,657.509,0.7570000290870667,-0.019329395446433435
658.241379,,0.029687531885908513,657.975,0.7720000147819519,0.013375895448815428
658.7068969999999,,0.027785285275157445,658.445,0.7590000033378601,-0.014980545074457084
659.172414,,0.026700650871418898,658.911,0.7739999890327454,0.01760691027459186
659.637931,,0.02606672688573005,659.376,0.7770000100135803,0.02399568874560964
660.103448,,0.023219785904497726,659.834,0.7990000247955322,0.07172918521067558
660.568966,,0.017381636709177018,660.301,0.7739999890327454,0.01702284714474823
661.034483,,0.012104354466409593,660.767,0.7580000162124634,-0.018112338023720816
661.5,,0.011799979908916828,661.232,0.753000020980835,-0.02931215639337386
661.965517,,0.016130549012308575,661.697,0.7760000228881836,0.020469552176212723
662.4310340000001,,0.0195537480524706,662.16,0.7670000195503235,0.0005241722114881801
662.8965519999999,,0.01691357618985809,662.629,0.7889999747276306,0.04811706210751613
663.362069,,0.00835550697804683,663.09,0.7540000081062317,-0.028462661993650707
663.827586,,0.0017714707650594438,663.56,0.7730000019073486,0.01262391754474916
664.293103,,0.009998665337060345,664.023,0.7739999890327454,0.01452326188722422
664.7586210000001,,0.01718757075858119,664.486,0.7739999890327454,0.014281042189716014
665.224138,,0.027192197061404647,664.952,0.7570000290870667,-0.022954292323175352
665.689655,,0.041911450141055566,665.415,0.7509999871253967,-0.03617581012293175
666.155172,,0.05733166763155328,665.881,0.7879999876022339,0.044338016618688234
666.62069,,0.06537494937893991,666.345,0.7580000162124634,-0.02106078563855391
667.086207,,0.060964663215243166,666.811,0.7739999890327454,0.013815909852987624
667.5517239999999,,0.04705017004465376,667.278,0.777999997138977,0.02260612381303181
668.017241,,0.031654688561286684,667.744,0.765999972820282,-0.003406993612908725
668.482759,,0.02029185187494823,668.209,0.6660000085830688,-0.2210921894389651
668.948276,,0.012467708624152377,668.675,0.7590000033378601,-0.018256812776962412
669.413793,,0.005387118071365701,669.138,0.7580000162124634,-0.020177912466638324
669.87931,,0.0008254531675030036,669.6,0.7599999904632568,-0.015532329251003344
670.3448279999999,,0.0030742301623094383,670.068,0.7990000247955322,0.06974669287542172
670.810345,,7.802107703616212e-05,670.53,0.7770000100135803,0.02214335711602494
671.275862,,0.004380835188746334,670.997,0.7749999761581421,0.018118666110903032
671.7413789999999,,0.00429710208898733,671.461,0.7559999823570251,-0.02294785419199763
672.206897,,0.0024361372906740106,671.927,0.7749999761581421,0.01875937044150032
672.672414,,0.01165925838234948,672.395,0.7649999856948853,-0.00273813786870221
673.137931,,0.017257792291033008,672.86,0.7730000019073486,0.014947717624488105
673.6034480000001,,0.017349654714006763,673.32,0.7570000290870667,-0.01969411345306661
674.068966,,0.01551512063962431,673.785,0.7850000262260437,0.041478056048063004
674.5344829999999,,0.016241792815288817,674.249,0.7570000290870667,-0.019405496175771714
675.0,,0.020085173151002687,674.715,0.7739999890327454,0.017694876731698218
675.465517,,0.023364402744084887,675.183,0.7760000228881836,0.022058616774170384
675.931034,,0.02179001294458208,675.645,0.7490000128746033,-0.03681607926375991
676.396552,,0.014163314908644305,676.116,0.7390000224113464,-0.05871102548293872
676.862069,,0.003202784494429215,676.579,0.7620000243186951,-0.008765281024295501
677.327586,,0.006960818264692644,677.042,0.7570000290870667,-0.01987112590171058
677.793103,,0.014695426271132139,677.504,0.7620000243186951,-0.009233366260531806
678.2586210000001,,0.022582885125034067,677.97,0.7739999890327454,0.016619825684551188
678.7241379999999,,0.034360862885837035,678.44,0.7730000019073486,0.014124713699126129
679.1896549999999,,0.049369154150360126,678.899,0.7739999890327454,0.01597040313556979
679.655172,,0.06121967695821698,679.364,0.7720000147819519,0.011273573399981153
680.12069,,0.06414889269518224,679.83,0.7570000290870667,-0.021742713972102593
680.5862070000001,,0.06022911872193656,680.301,0.7549999952316284,-0.026424372408953914
681.051724,,0.05650001178277149,680.759,0.7620000243186951,-0.011476391228892694
681.517241,,0.05277199361129424,681.23,0.7739999890327454,0.014395791927844208
681.9827590000001,,0.0359186994957616,681.689,0.781000018119812,0.029414768980036813
682.448276,,0.007795940078658763,682.16,0.7739999890327454,0.013979701183219114
682.9137929999999,,0.07379271805111624,682.623,0.6809999942779541,-0.18876830814302967
683.3793099999999,,0.13695482098037912,683.09,0.7760000228881836,0.01812283634921453
683.844828,,0.1706276100951291,683.552,0.7490000128746033,-0.040724370709773104
684.310345,,0.16482350223519462,684.016,0.7739999890327454,0.013777281051420127
684.775862,,0.12436563189101478,684.485,0.753000020980835,-0.0318804278101332
685.241379,,0.05628287546078847,684.944,0.7829999923706055,0.033628954985292836
685.706897,,0.03186441696706069,685.409,0.7760000228881836,0.018580962554989536
686.172414,,0.12274220117746727,685.875,0.7599999904632568,-0.01602828312775914
686.637931,,0.1898125137888814,686.342,0.7739999890327454,0.014761051121744029
687.103448,,0.21460349359401176,686.808,0.753000020980835,-0.030671821233097987
687.5689659999999,,0.20036968096579008,687.275,0.753000020980835,-0.030332573003204695
688.034483,,0.1641048283934271,687.741,0.7760000228881836,0.02012620362457039
688.5,,0.11809429644492575,688.205,0.7570000290870667,-0.020917529138867484
688.965517,,0.0647253283908584,688.67,0.7739999890327454,0.016460380586033788
689.4310340000001,,0.006813072568966701,689.131,0.7839999794960022,0.038568469586802635
689.896552,,0.04572099203177642,689.6,0.7620000243186951,-0.009068829618236357
690.362069,,0.08281488343417114,690.061,0.7760000228881836,0.021687155149633198
690.827586,,0.10319589842288666,690.531,0.8149999976158142,0.1068643622380502
691.293103,,0.1125733023206492,690.989,0.7749999761581421,0.01987775639403325
691.758621,,0.11541701359556575,691.46,0.7620000243186951,-0.008341842912178599
692.224138,,0.11224617487914561,691.925,0.7730000019073486,0.0156647840305812
692.689655,,0.10396104398817031,692.39,0.7730000019073486,0.01564359800883558
693.155172,,0.09424613519864428,692.856,0.7549999952316284,-0.02365595610209611
693.6206900000001,,0.08548692173472941,693.315,0.7770000100135803,0.024129647586023303
694.0862070000001,,0.07528021142211148,693.781,0.7630000114440918,-0.006572860833157905
694.551724,,0.06121664609279618,694.245,0.7739999890327454,0.01713985308890084
695.0172409999999,,0.04861697568975672,694.711,0.7749999761581421,0.01902254024601475
695.482759,,0.04830925311729025,695.179,0.7580000162124634,-0.018345382797476502
695.948276,,0.06360836514684524,695.641,0.7760000228881836,0.020513729518919156
696.4137929999999,,0.08259552944023167,696.104,0.7559999823570251,-0.023431015478780882
696.87931,,0.08761331890389966,696.574,0.7760000228881836,0.019766351937201852
697.344828,,0.07164243131571717,697.035,0.777999997138977,0.02375556097826443
697.8103450000001,,0.04226689240047058,697.504,0.7559999823570251,-0.024523937745180607
698.2758620000001,,0.011054101998098828,697.97,0.7749999761581421,0.016550268226991675
698.741379,,0.016206885218489165,698.433,0.7580000162124634,-0.020767895326629694
699.206897,,0.038550110294471654,698.899,0.7580000162124634,-0.021001727013341184
699.672414,,0.05456172349812696,699.364,0.7720000147819519,0.00932026364518227
700.137931,,0.061757029303531503,699.83,0.7739999890327454,0.01355953541643613
700.603448,,0.05956215809618351,700.29,0.6579999923706055,-0.23921841555819082
701.068966,,0.050480549477632836,700.755,0.7730000019073486,0.011334999388426848
701.534483,,0.03914134387791607,701.219,0.7739999890327454,0.013588294063723678
702.0,,0.031662912554492474,701.685,0.7580000162124634,-0.021129062145172565
702.4655170000001,,0.03407293265371169,702.153,0.7540000081062317,-0.029640620749461426
702.931034,,0.04774211903093257,702.616,0.7739999890327454,0.014191913265060562
703.3965519999999,,0.06570864727380603,703.079,0.7630000114440918,-0.009463824450207173
703.862069,,0.07622893765986738,703.549,0.7710000276565552,0.00831580774934728
704.327586,,0.07211889141606254,704.009,0.7829999923706055,0.034841113019967535
704.793103,,0.05635958966266835,704.478,0.7720000147819519,0.01127794126903333
705.2586210000001,,0.03809278486076215,704.944,0.7429999709129333,-0.051493475395292226
705.724138,,0.02406241509915435,705.409,0.7549999952316284,-0.02494598216416332
706.189655,,0.01470299084254931,705.874,0.7739999890327454,0.016834087646222646
706.6551720000001,,0.007358343499503985,706.334,0.7519999742507935,-0.030739730733775738
707.12069,,0.00097891043201883,706.8,0.7789999842643738,0.028399999867826983
707.586207,,0.003331923602057417,707.264,0.753000020980835,-0.02797882090334333
708.051724,,0.004894914992525189,707.729,0.7749999761581421,0.02015851256794451
708.517241,,0.004417954502790676,708.201,0.7649999856948853,-0.0014863715941797117
708.982759,,0.0023762161334204396,708.659,0.7739999890327454,0.01819274800807036
709.4482760000001,,0.0016339477404180608,709.128,0.753000020980835,-0.027560996810172197
709.913793,,0.007023313703291665,709.59,0.7739999890327454,0.018114023592890688
710.37931,,0.011043637179717115,710.061,0.7549999952316284,-0.02342960186145937
710.844828,,0.010901340292261655,710.523,0.7760000228881836,0.022103901581280526
711.310345,,0.0067023420185668495,710.989,0.7559999823570251,-0.021750262254554547
711.775862,,0.0013811616203108356,711.452,0.7599999904632568,-0.01337201445164914
712.2413789999999,,0.002111507205908466,711.918,0.7580000162124634,-0.018111487788752937
712.706897,,0.002909077922171272,712.382,0.7739999890327454,0.016330225569723262
713.172414,,0.002020467013119423,712.848,0.7590000033378601,-0.01678785552086548
713.637931,,0.0011840942558544862,713.312,0.7490000128746033,-0.03902177808770628
714.1034480000001,,0.0019663383773274004,713.778,0.7739999890327454,0.015001232265089155
714.5689659999999,,0.0050415449912306,714.243,0.7760000228881836,0.018934066493639785
715.034483,,0.01012547944150982,714.708,0.7509999871253967,-0.03592495331870429
715.5,,0.0169832144967106,715.171,0.7609999775886536,-0.014487805390550515
715.965517,,0.025646502520926668,715.641,0.7710000276565552,0.007004029058940318
716.431034,,0.03401238307425031,716.101,0.7739999890327454,0.013309824946851246
716.896552,,0.03580446998476016,716.564,0.7559999823570251,-0.026063647341937213
717.362069,,0.024093565420468716,717.034,0.7739999890327454,0.013071790041715945
717.827586,,0.0011509062021260383,717.497,0.7689999938011169,0.0021792187837687098
718.2931030000001,,0.030473631733270546,717.962,0.7620000243186951,-0.012988918756771776
718.758621,,0.05197791434800201,718.429,1.0019999742507935,0.5100531604731274
719.2241379999999,,0.060705498729322155,718.895,0.7739999890327454,0.013571653491212633
719.689655,,0.06019154918890269,719.36,0.7749999761581421,0.01607350777294424
720.155172,,0.05614536918929709,719.825,0.7599999904632568,-0.01622449207921769
720.62069,,0.05073478982890241,720.291,0.8069999814033508,0.08660089470777635
721.0862070000001,,0.042697389255522696,720.749,0.7789999842643738,0.026062611907405685
721.551724,,0.03067653611610208,721.216,0.7129999995231628,-0.11724502355724489
722.017241,,0.01522579343720063,721.681,0.7760000228881836,0.020495642787902876
722.482759,,0.0014257965077813302,722.145,0.7519999742507935,-0.031318148066647886
722.948276,,0.01595155762385923,722.615,0.75,-0.03522773520031138
723.4137929999999,,0.02422632210150024,723.075,0.7599999904632568,-0.01303406110964518
723.87931,,0.023169812787929105,723.545,0.7519999742507935,-0.03010898800735618
724.344828,,0.014345197086282306,724.005,0.7739999890327454,0.018112015863556034
724.810345,,0.005050470902176775,724.475,0.7599999904632568,-0.012170652262777184
725.2758620000001,,0.003495897846782126,724.94,0.7739999890327454,0.01846986681701202
725.741379,,0.012071932865739609,725.405,0.7760000228881836,0.022883529815915113
726.2068969999999,,0.026055440529165662,725.864,0.7739999890327454,0.018497681834166998
726.672414,,0.03874613103398465,726.33,0.7760000228881836,0.022742468251397877
727.137931,,0.046992361486610026,726.796,0.7739999890327454,0.01819162225618828
727.603448,,0.05214143016907106,727.26,0.7739999890327454,0.017922919466534935
728.068966,,0.0569946322673766,727.726,0.7570000290870667,-0.01945031094568715
728.534483,,0.062327458717748224,728.194,0.7570000290870667,-0.019844704953261058
729.0,,0.06602986906281709,728.656,0.7580000162124634,-0.018106961998049252
729.465517,,0.06543191221727955,729.119,0.7580000162124634,-0.01858087255161585
729.9310340000001,,0.06012229064826054,729.589,0.7649999856948853,-0.0038226962451740638
730.3965519999999,,0.051918478672883406,730.053,0.8859999775886536,0.2593007845828082
730.8620689999999,,0.04238842792609208,730.515,0.7749999761581421,0.016994596533253158
731.327586,,0.031631017449035397,730.981,0.7490000128746033,-0.04009724077377261
731.793103,,0.019836912185387554,731.444,0.7770000100135803,0.020498060080689894
732.2586210000001,,0.0087831871282344,731.91,0.7590000033378601,-0.019071692496972558
732.724138,,0.0006375970846170136,732.374,0.7549999952316284,-0.028076894501349377
733.189655,,0.004316115225190291,732.84,0.7570000290870667,-0.023938106221257516
733.655172,,0.007853117617780231,733.305,0.7739999890327454,0.012959434516783644
734.12069,,0.011802371130230352,733.771,0.7680000066757202,-0.00016760876326760935
734.586207,,0.01646828010093598,734.238,0.7739999890327454,0.012935433894897328
735.0517239999999,,0.020895050241221708,734.704,0.7480000257492065,-0.043592861626751724
735.517241,,0.023953413580687175,735.164,0.7739999890327454,0.013250120152136348
735.982759,,0.024963853649153676,735.634,0.7739999890327454,0.013524718767845554
736.448276,,0.023923880382145758,736.097,0.7480000257492065,-0.0427771498044002
736.913793,,0.021815217310988576,736.56,0.777999997138977,0.022982933288103156
737.37931,,0.020484815755722554,737.027,0.781000018119812,0.029966060137549752
737.844828,,0.02137172721646098,737.49,0.7720000147819519,0.010838889201740975
738.310345,,0.023957936741927754,737.956,0.7609999775886536,-0.012627104778179367
738.775862,,0.025962914962571887,738.419,0.7689999938011169,0.00530433887086731
739.2413789999999,,0.025599018853553708,738.885,0.7699999809265137,0.00797299950093366
739.706897,,0.023422853796148467,739.349,0.7519999742507935,-0.03077993951998425
740.172414,,0.021509948556039608,739.815,0.7870000004768372,0.045894155569439724
740.637931,,0.021047295056025515,740.28,0.7739999890327454,0.017939332933581603
741.1034480000001,,0.021333741013377344,740.745,0.7749999761581421,0.020420729015041106
741.568966,,0.0209772957576856,741.212,0.7739999890327454,0.018470320855942177
742.034483,,0.01932994408155205,741.678,0.7609999775886536,-0.009706004115318315
742.5,,0.016703146819243137,742.146,0.7519999742507935,-0.029255242287005153
742.965517,,0.013835839438438777,742.608,0.8399999737739563,0.1624359162982763
743.431034,,0.011301176506543095,743.071,0.42500001192092896,-0.7418260632503487
743.896552,,0.009015776404833396,743.534,0.7580000162124634,-0.01655526303468543
744.362069,,0.006370366904928113,744.0,0.7480000257492065,-0.03864659898407974
744.827586,,0.003280786790047738,744.471,0.765999972820282,0.00019447544763793816
745.293103,,0.000971123202423345,744.929,0.7770000100135803,0.02372806372437386
745.7586210000001,,0.0010128343655637776,745.394,0.7570000290870667,-0.020319740030158562
746.2241379999999,,0.0032812044620593927,745.86,0.7580000162124634,-0.018644901461497883
746.6896549999999,,0.005342324864143374,746.327,0.75,-0.03659163688281422
747.155172,,0.004476392351455923,746.792,0.7580000162124634,-0.01967768555419347
747.62069,,0.00032176334823358517,747.256,0.753000020980835,-0.03106792457635981
748.086207,,0.004851378385560619,747.722,0.7739999890327454,0.014220664866867367
748.551724,,0.008425060711509554,748.19,0.753000020980835,-0.031945237836965686
749.017241,,0.009520477479414025,748.654,0.8069999814033508,0.08534940882644114
749.4827590000001,,0.008873215113073598,749.116,0.7760000228881836,0.017532884003993072
749.9482760000001,,0.00741966163577502,749.586,0.7609999775886536,-0.015343626421045302
750.4137929999999,,0.005563898759162683,750.046,0.722000002861023,-0.10042180650552393
750.8793099999999,,0.003575556502939709,750.516,0.7739999890327454,0.012845152568507672
751.344828,,0.0020720231536359,750.974,0.7730000019073486,0.010733547959805452
751.810345,,0.0016673946146214173,751.444,0.7580000162124634,-0.021791030044876845
752.275862,,0.002097832525360467,751.91,0.7739999890327454,0.01330519504753827
752.741379,,0.002128290160340334,752.374,0.7730000019073486,0.01143991284586781
753.206897,,0.0008939411587921217,752.84,0.753000020980835,-0.03175431520047509
753.672414,,0.0007568859823733056,753.306,0.7459999918937683,-0.04657369031935985
754.1379310000001,,0.0008973949414827732,753.764,0.8690000176429749,0.22187209124051413
754.603448,,0.001419175129744012,754.231,0.7549999952316284,-0.025993929714173036
755.0689659999999,,0.005247065349210389,754.696,0.7590000033378601,-0.016768714376034985
755.534483,,0.008833896477893781,755.165,0.7710000276565552,0.009878483906022462
756.0,,0.011070114788540373,755.627,0.7250000238418579,-0.08985938354085034
756.465517,,0.012050017902953396,756.09,0.777999997138977,0.0260501555048105
756.931034,,0.01284580837257594,756.56,0.75,-0.03456271945094207
757.396552,,0.014516552469915985,757.02,0.7739999890327454,0.018050652506506924
757.862069,,0.016671618967592262,757.49,0.8270000219345093,0.13377286929856558
758.3275860000001,,0.017228897041477977,757.955,0.746999979019165,-0.0403442816142326
758.793103,,0.014270297145717781,758.419,0.7749999761581421,0.020747163695677993
759.258621,,0.008109925922009218,758.885,0.7649999856948853,-0.0010388844689615954
759.724138,,0.001254161823019108,759.345,0.7820000052452087,0.03591041807831549
760.189655,,0.0034629136607224288,759.811,0.7990000247955322,0.07277521692538942
760.655172,,0.004750843971646115,760.276,0.753000020980835,-0.027693809652054664
761.1206900000001,,0.003679788873500458,760.742,0.7860000133514404,0.04387874986267396
761.5862070000001,,0.0030917799631510956,761.209,0.7580000162124634,-0.01750793707252334
762.051724,,0.005639999249043708,761.675,0.7739999890327454,0.016916166676422022
762.517241,,0.011651632049873026,762.138,0.7599999904632568,-0.014055419051243693
762.982759,,0.01874692866831606,762.6,0.7739999890327454,0.015953673097202567
763.448276,,0.023772192702477504,763.064,0.7570000290870667,-0.021581421100463245
763.9137929999999,,0.025255227966913363,763.534,0.7559999823570251,-0.02424927899750666
764.37931,,0.024110945530888817,764.005,0.7369999885559082,-0.06610908245996147
764.844828,,0.022335259947248734,764.46,0.7580000162124634,-0.020785001028429298
765.310345,,0.021261726483137684,764.926,0.7649999856948853,-0.005910281707539473
765.7758620000001,,0.020652726534473555,765.391,0.7720000147819519,0.009029022447818912
766.241379,,0.01883585087859881,765.856,0.7739999890327454,0.013149635590730865
766.706897,,0.013800039750842168,766.323,0.7770000100135803,0.019531365380611315
767.172414,,0.004869084156336562,766.789,0.765999972820282,-0.004500991143679393
767.637931,,0.006244708821121159,767.254,0.7300000190734863,-0.08291122913316237
768.103448,,0.016218623113483672,767.719,0.7820000052452087,0.030486430634780595
768.568966,,0.02237637226996118,768.182,0.753000020980835,-0.03250220364168371
769.034483,,0.024448673176444252,768.645,0.7559999823570251,-0.02569603702349334
769.5,,0.02423379976147911,769.116,0.7559999823570251,-0.025356493886507184
769.9655170000001,,0.023689615629234564,769.578,0.7799999713897705,0.027329722480904643
770.4310340000001,,0.023426737332794385,770.039,0.859000027179718,0.1998907954637619
770.8965519999999,,0.02278510918597251,770.509,0.7509999871253967,-0.03491945207936924
771.362069,,0.02097424279905461,770.975,0.7739999890327454,0.015692276277007193
771.827586,,0.018114260108961548,771.437,0.7480000257492065,-0.04044850816593669
772.293103,,0.015469664259959073,771.903,0.7559999823570251,-0.02253055726761826
772.7586210000001,,0.014723533943635536,772.367,0.753000020980835,-0.028608468705432533
773.224138,,0.01666057426385653,772.833,0.7739999890327454,0.017556093065183794
773.689655,,0.020223717069971236,773.298,0.7739999890327454,0.017911818324088526
774.155172,,0.022884132203806303,773.763,0.7570000290870667,-0.01883784188269545
774.62069,,0.022257645324508996,774.224,0.777999997138977,0.02712325199131347
775.086207,,0.017764814517500015,774.689,0.9160000085830688,0.32790505520737645
775.551724,,0.010908933176712593,775.16,0.7739999890327454,0.018582403371770785
776.017241,,0.003905249877582079,775.622,0.7620000243186951,-0.007602982993164279
776.482759,,0.001851862821706573,776.09,0.7590000033378601,-0.014270083728053417
776.9482760000001,,0.005959916621188029,776.553,0.7739999890327454,0.018192847964420136
777.413793,,0.00842921566892142,777.016,0.7519999742507935,-0.030033251386989028
777.87931,,0.009780732346022598,777.486,0.7620000243186951,-0.008612689188528566
778.344828,,0.011187771868396472,777.944,0.7770000100135803,0.023642354805146152
778.810345,,0.013294457435586663,778.411,0.7720000147819519,0.012279785741395682
779.275862,,0.015064090354864798,778.877,0.7480000257492065,-0.040507370701164745
779.7413789999999,,0.015026023464104832,779.341,0.753000020980835,-0.030129119776016948
780.206897,,0.013586104214231228,779.807,0.8379999995231628,0.15454331811160965
780.672414,,0.012765359618447731,780.271,0.7599999904632568,-0.015883629154969534
781.137931,,0.013553024439713167,780.737,0.7770000100135803,0.020696235897744483
781.6034480000001,,0.01484197366709247,781.201,0.7720000147819519,0.009394519039157355
782.0689659999999,,0.015189373609997699,781.667,0.7490000128746033,-0.04106138724724541
782.5344829999999,,0.014348526767377884,782.13,0.7739999890327454,0.013130027382314422
783.0,,0.012742236030222651,782.601,0.7490000128746033,-0.041529721560885684
783.465517,,0.010652389324759074,783.064,0.7480000257492065,-0.04381477060006645
783.931034,,0.00855345527287221,783.526,0.7480000257492065,-0.043830829319235015
784.396552,,0.007413009487410027,783.992,0.753000020980835,-0.032862277913723606
784.862069,,0.007906950413129818,784.456,0.7739999890327454,0.013054638615998057
785.327586,,0.00955987694849325,784.922,0.8709999918937683,0.22463694305053136
785.7931030000001,,0.011000663669558678,785.389,0.7739999890327454,0.013643837351310532
786.258621,,0.010967664211971501,785.855,0.753000020980835,-0.031701882058819
786.7241379999999,,0.009152841301344122,786.32,0.5540000200271606,-0.4647962712259177
787.189655,,0.006492679444391743,786.786,0.7739999890327454,0.014996328690615752
787.655172,,0.0046005884659965825,787.245,0.753000020980835,-0.030243368225756084
788.12069,,0.00441403635003624,787.711,0.7850000262260437,0.03999549256293368
788.5862070000001,,0.005347438872865206,788.179,0.7760000228881836,0.020904410604108775
789.051724,,0.006096547480092878,788.641,0.7739999890327454,0.017042634894544315
789.517241,,0.006157715193002914,789.104,0.7870000004768372,0.045823975930633816
789.982759,,0.006177220938177951,789.574,0.753000020980835,-0.027842604153561223
790.448276,,0.006773751115986628,790.038,0.7739999890327454,0.018251328074767946
790.9137929999999,,0.007262471919814589,790.5,0.7570000290870667,-0.0185195712714332
791.3793099999999,,0.005948856716350245,790.966,0.7599999904632568,-0.011802909632582344
791.844828,,0.002101893714704708,791.43,0.7609999775886536,-0.009535060416451278
792.310345,,0.00262288016801808,791.896,0.765999972820282,0.0013527230724322767
792.7758620000001,,0.005551100280159203,792.361,0.7990000247955322,0.07314859338125396
793.241379,,0.005881755128714976,792.827,0.753000020980835,-0.027260134423755734
793.7068969999999,,0.005445067089676794,793.293,0.7630000114440918,-0.005751229005957322
794.172414,,0.006322769855174511,793.759,0.753000020980835,-0.027894529499142385
794.637931,,0.008365415287639776,794.224,0.5709999799728394,-0.4248377949779741
795.103448,,0.00954600019014924,794.689,0.7739999890327454,0.016936725327101266
795.568966,,0.008526942957940034,795.153,0.7620000243186951,-0.009741282235530828
796.034483,,0.0063734725395479495,795.615,0.7739999890327454,0.015845542873354664
796.5,,0.005455188127563018,796.083,0.7820000052452087,0.03271326955096641
796.965517,,0.0068805720374212264,796.545,0.7739999890327454,0.014736092718335321
797.4310340000001,,0.009554189191604811,797.013,0.7739999890327454,0.014218947924696697
797.8965519999999,,0.011728728409512713,797.475,0.7739999890327454,0.013748913057930814
798.3620689999999,,0.012633210151599477,797.941,0.7739999890327454,0.013340990264058095
798.827586,,0.012193264083063223,798.409,0.7730000019073486,0.010829610116427912
799.293103,,0.010103980100667974,798.874,0.9800000190734863,0.4615669882523245
799.758621,,0.006291457172890994,799.335,0.781000018119812,0.027874228200198938
800.224138,,0.0020938531295897063,799.8,0.7590000033378601,-0.020095752671703406
800.689655,,0.00010829800405600737,800.268,0.7379999756813049,-0.06578907892940826
801.155172,,0.0010429534188065178,800.734,0.7599999904632568,-0.017705122629567985
801.62069,,0.004531344234394882,801.194,0.7630000114440918,-0.010924632053189387
802.086207,,0.007917284880183034,801.664,0.7680000066757202,0.00029687358026179804
802.5517239999999,,0.00939981637057428,802.127,0.7609999775886536,-0.014551872120928025
803.017241,,0.008845586469780118,802.589,0.7739999890327454,0.014233552336341083
803.482759,,0.007156278032627739,803.06,0.7730000019073486,0.012564863410023185
803.948276,,0.0051449715186570166,803.523,0.765999972820282,-0.002144684263776453
804.413793,,0.0032637761386052687,803.988,0.8330000042915344,0.14438115400828713
804.87931,,0.0019837391772692275,804.452,0.7670000195503235,0.0011455680234609327
805.344828,,0.001589828099741283,804.917,0.7519999742507935,-0.03099898638125093
805.810345,,0.0014909079719642305,805.382,0.7570000290870667,-0.01960878870039129
806.275862,,0.0006504408348969294,805.847,0.7879999876022339,0.048372546471586154
806.7413789999999,,0.0007820100446451906,806.312,0.7739999890327454,0.01824834533710539
807.206897,,0.0010901213932511325,806.778,0.7599999904632568,-0.011954274233154786
807.672414,,0.0008611753546711534,807.245,0.7739999890327454,0.018756990452015617
808.137931,,0.0036548534659229005,807.704,0.7739999890327454,0.01887256989238194
808.603448,,0.004728367859316727,808.172,0.7490000128746033,-0.03557644054081905
809.068966,,0.0035960892556315123,808.635,0.7739999890327454,0.01880751337961793
809.534483,,0.002274079405955724,809.105,0.75,-0.03365902698394065
810.0,,0.0022592935039426046,809.567,0.7620000243186951,-0.007785460803466441
810.465517,,0.0025279766032041784,810.035,0.7730000019073486,0.015826815173843142
810.931034,,0.0012322363884694344,810.497,0.7739999890327454,0.017581884552899118
811.396552,,0.001672567451424322,810.963,0.7580000162124634,-0.017757426140628363
811.862069,,0.004287909268426421,811.429,0.7739999890327454,0.01657736268609113
812.327586,,0.004760864307592825,811.894,0.7739999890327454,0.016028048111395996
812.793103,,0.003067879394741732,812.361,0.7749999761581421,0.01764917717216792
813.2586210000001,,0.001151457954586342,812.819,0.7749999761581421,0.017101058736305994
813.724138,,0.0011737441694552612,813.286,0.7480000257492065,-0.04224439613471646
814.1896549999999,,0.0031682696753203487,813.751,0.7739999890327454,0.013920302506048787
814.655172,,0.004779773870990061,814.216,0.777999997138977,0.022212349747919167
815.12069,,0.004049864724440477,814.681,0.7710000276565552,0.0066105909253665746
815.586207,,0.0021243939936883014,815.151,0.7599999904632568,-0.017624025987583468
816.051724,,0.002207853751158838,815.613,0.781000018119812,0.027948424894512044
816.517241,,0.005713845717311694,816.075,0.7630000114440918,-0.011350543087296047
816.982759,,0.010266130928418908,816.545,0.7609999775886536,-0.015692959533857975
817.4482760000001,,0.012025267851544098,817.005,0.7549999952316284,-0.028652674746255706
817.913793,,0.009642336985350199,817.476,0.7559999823570251,-0.02626851222751652
818.3793099999999,,0.005377213157769939,817.934,0.7570000290870667,-0.023797322719763175
818.844828,,0.0024481653054201145,818.401,0.7739999890327454,0.01361019188566914
819.310345,,0.0019277149688592455,818.867,0.753000020980835,-0.03170399840353038
819.775862,,0.002416027512966017,819.331,0.7590000033378601,-0.01814197961409058
820.241379,,0.002105590273708026,819.797,0.7770000100135803,0.0216015301152112
820.706897,,0.000560319404415254,820.264,0.7580000162124634,-0.019243389352943008
821.172414,,0.001298369387413282,820.729,0.7739999890327454,0.01616869240530238
821.6379310000001,,0.002331720077748513,821.19,0.777999997138977,0.025424413464629078
822.1034480000001,,0.0021582955318663194,821.66,0.7580000162124634,-0.01763693439566937
822.5689659999999,,0.0012612499464730567,822.123,0.7739999890327454,0.017687066857476168
823.034483,,0.0002734431236664542,822.586,0.753000020980835,-0.02765952880813988
823.5,,0.0007437174392060145,823.049,0.7739999890327454,0.018423487032953864
823.965517,,0.002110240641602756,823.519,0.6809999942779541,-0.18394471067678259
824.431034,,0.003728171021648274,823.985,0.7739999890327454,0.018821488831069023
824.896552,,0.004922387795325512,824.447,0.7519999742507935,-0.029054692184702424
825.362069,,0.005162135728424951,824.913,0.7860000133514404,0.04497586288885431
825.827586,,0.004511679536045693,825.378,0.777999997138977,0.027407456745008087
826.293103,,0.0032820942448880818,825.844,0.7559999823570251,-0.02075327138052283
826.758621,,0.0018321452727704756,826.308,0.7950000166893005,0.06389946347168723
827.224138,,0.0009239343142530427,826.774,0.7570000290870667,-0.019277914704129127
827.689655,,0.001369618578342592,827.239,0.843999981880188,0.169814707707984
828.155172,,0.0025853817085237465,827.704,0.7760000228881836,0.021171096671377312
828.6206900000001,,0.0024102001506840246,828.167,0.7570000290870667,-0.020750541913850472
829.0862070000001,,0.00028383266981336236,828.63,0.7760000228881836,0.020099314971507454
829.551724,,0.003412421052142091,829.097,0.8730000257492065,0.23088562430469323
830.017241,,0.0038934596406051594,829.559,0.7749999761581421,0.016855823725368927
830.482759,,0.0017519200424077081,830.027,0.777999997138977,0.022904483889464852
830.948276,,0.0003196808756567624,830.49,0.7459999918937683,-0.04725242263358655
831.4137929999999,,0.0019928437912639153,830.955,0.777999997138977,0.022084276347525293
831.87931,,0.00725901085063678,831.419,0.753000020980835,-0.03269027520405605
832.344828,,0.01926902292571715,831.885,0.7739999890327454,0.012834078051920664
832.810345,,0.03442633182249711,832.35,0.7440000176429749,-0.05266469130958866
833.2758620000001,,0.04393636657372983,832.816,0.7570000290870667,-0.02438992075687869
833.741379,,0.041491581314188564,833.283,0.9150000214576721,0.3198850155317085
834.2068969999999,,0.02829298915472996,833.749,0.8460000157356262,0.16970605373076353
834.672414,,0.010747109761779675,834.209,0.7490000128746033,-0.04138171311753398
835.137931,,0.004959066972858062,834.675,0.7739999890327454,0.013406943718644178
835.603448,,0.015475378924111043,835.146,0.7889999747276306,0.04647964598782612
836.068966,,0.019791123572962817,835.608,0.7760000228881836,0.018609331703423188
836.534483,,0.018765310812924367,836.071,0.7570000290870667,-0.022288567025291205
837.0,,0.015163763345852992,836.534,0.7739999890327454,0.015273191275818864
837.4655170000001,,0.012275504511591349,837.005,0.7739999890327454,0.015810477439231953
837.9310340000001,,0.01156768436128954,837.467,0.7440000176429749,-0.04901592549038082
838.3965519999999,,0.012154377969527968,837.933,0.7739999890327454,0.01685535729189413
838.862069,,0.012576186357893806,838.398,0.7749999761581421,0.01950970231930514
839.327586,,0.012411277575381711,838.863,0.7570000290870667,-0.01928043594066246
839.793103,,0.012116461661615693,839.33,0.7739999890327454,0.018118501829429343
840.2586210000001,,0.012061721524251084,839.796,0.7730000019073486,0.016227881718072715
840.724138,,0.012169703406572764,840.26,0.7739999890327454,0.018612295398218615
841.189655,,0.012237453918138179,840.719,0.7739999890327454,0.018729912989701412
841.655172,,0.012232880712891615,841.186,0.7739999890327454,0.018756096493586456
842.12069,,0.012238613114150336,841.649,0.753000020980835,-0.02706159151509213
842.586207,,0.012281654658023389,842.119,0.7689999938011169,0.007640165226682299
843.0517239999999,,0.012323224332597624,842.582,0.7739999890327454,0.018291796243276717
843.517241,,0.012370198036509152,843.045,0.7540000081062317,-0.025599967170971967
843.982759,,0.012490466444607926,843.515,0.7730000019073486,0.015408063168834077
844.4482760000001,,0.012671594024601343,843.981,0.7570000290870667,-0.019891909851101106
844.913793,,0.012751716336430862,844.443,0.7739999890327454,0.016661858208142255
845.37931,,0.012647483714769502,844.909,0.7649999856948853,-0.003455574535431571
845.844828,,0.012638450940389607,845.371,0.765999972820282,-0.0017972129575704481
846.310345,,0.013113500328179505,845.837,0.7630000114440918,-0.008848206623377692
846.775862,,0.013798355460997537,846.301,0.7549999952316284,-0.02677189537132102
847.2413789999999,,0.013672564329958982,846.766,0.7820000052452087,0.0315931214720912
847.706897,,0.012492695656427766,847.231,0.7739999890327454,0.01375594876301453
848.172414,,0.012183327562620718,847.697,0.7580000162124634,-0.02144748415742622
848.637931,,0.014816840677771698,848.16,0.7739999890327454,0.013138490269649285
849.1034480000001,,0.017996871664478987,848.63,0.6439999938011169,-0.27027953686351885
849.5689659999999,,0.014595289894431481,849.094,0.7490000128746033,-0.04163311856196315
850.0344829999999,,0.0006484105452155165,849.556,0.7870000004768372,0.04113110806882194
850.5,,0.01740744394168062,850.019,0.7509999871253967,-0.03723391823803249
850.965517,,0.02764650510594487,850.49,0.7739999890327454,0.013029889675319633
851.431034,,0.02503814556503859,850.955,0.75,-0.03901938069894113
851.896552,,0.015424902110555897,851.419,0.7739999890327454,0.013582481805606101
852.362069,,0.007496995616216261,851.885,0.7620000243186951,-0.012180398646638895
852.827586,,0.004799561654982732,852.35,0.7820000052452087,0.03182852169339325
853.2931030000001,,0.0060597370491944315,852.816,0.7739999890327454,0.014877321869793621
853.758621,,0.009531055684662582,853.275,0.7710000276565552,0.008846780669332723
854.2241379999999,,0.014613500567714731,853.741,0.7739999890327454,0.01589941804143334
854.689655,,0.02036593716472978,854.208,0.777999997138977,0.025126389275199223
855.155172,,0.02452660894709628,854.674,0.7540000081062317,-0.02666934646385554
855.62069,,0.024860411977274066,855.134,0.7739999890327454,0.01735919208493051
856.0862070000001,,0.021203513462391962,855.604,0.7519999742507935,-0.030165981579166938
856.551724,,0.015781459086027155,856.064,0.7739999890327454,0.018106443112126815
857.017241,,0.011463741699779099,856.534,0.7730000019073486,0.016196712006592347
857.482759,,0.00963110161449535,857.005,0.7590000033378601,-0.014116903455903435
857.948276,,0.009342231376277614,857.46,0.7739999890327454,0.01866279828299494
858.4137929999999,,0.008335450169696869,857.926,0.7739999890327454,0.018672529355617494
858.8793099999999,,0.005186303724528917,858.394,0.7310000061988831,-0.07509070204308112
859.344828,,0.0008133693028903046,858.859,0.7480000257492065,-0.03822481150715161
859.810345,,0.0024296802473697415,859.324,0.7649999856948853,-0.0014433786075308814
860.275862,,0.0033975827871084822,859.79,0.7820000052452087,0.03526313699165385
860.741379,,0.0034013329108541312,860.249,0.7739999890327454,0.017439434791213224
861.206897,,0.004407820266198342,860.715,0.7599999904632568,-0.013507987439610777
861.672414,,0.006537900006380177,861.182,0.7590000033378601,-0.016171624980050727
862.137931,,0.008053376640429962,861.645,0.7749999761581421,0.01817807530900453
862.603448,,0.007596992987650256,862.116,0.7730000019073486,0.013304930046260714
863.068966,,0.005749752526421042,862.579,0.7570000290870667,-0.022060648694620225
863.534483,,0.004255346587640372,863.042,0.7749999761581421,0.016671742434964665
864.0,,0.0041038475474311,863.504,0.7490000128746033,-0.040417317298801825
864.465517,,0.004581344500959756,863.97,0.8980000019073486,0.2838119515685107
864.9310340000001,,0.004068162442884997,864.441,0.7590000033378601,-0.019340452615485993
865.3965519999999,,0.0015669115638552097,864.899,0.8360000252723694,0.14817343169286684
865.8620689999999,,0.0025740807856440865,865.364,0.7739999890327454,0.012939253876693854
866.327586,,0.0070006191661609405,865.83,0.7570000290870667,-0.024167929856461982
866.793103,,0.009862014670204918,866.301,0.765999972820282,-0.004542689809227089
867.258621,,0.00942725672190042,866.759,0.8339999914169312,0.14371114528625328
867.724138,,0.005473251818026899,867.224,0.7480000257492065,-0.04346136927642236
868.189655,,0.00032874231872122246,867.689,0.796999990940094,0.0635618979360862
868.655172,,0.002626459496776337,868.157,0.7329999804496765,-0.07553350892258753
869.1206900000001,,0.002090242166676171,868.619,0.7739999890327454,0.014186491819686807
869.586207,,0.0002606802195028813,869.09,0.781000018119812,0.029877723345229427
870.0517239999999,,0.002162247493005313,869.552,0.7739999890327454,0.015100181966210588
870.517241,,0.003005297381735433,870.016,0.7739999890327454,0.015590910817251825
870.982759,,0.003370995304123319,870.479,0.753000020980835,-0.02966791240097326
871.448276,,0.0035010019175704316,870.944,0.7580000162124634,-0.01829572033317414
871.913793,,0.003100302656779141,871.411,0.753000020980835,-0.028738665006552176
872.37931,,0.0021845701376397705,871.877,0.7820000052452087,0.03485060722412817
872.844828,,0.0012982989781115627,872.342,0.7820000052452087,0.035206036203863436
873.3103450000001,,0.0006234907238456995,872.808,0.7580000162124634,-0.016789600087127304
873.775862,,0.0008240793604171637,873.275,0.7739999890327454,0.01828797585966217
874.2413789999999,,0.004442480812523883,873.734,0.7440000176429749,-0.04693157772049696
874.706897,,0.010094056033020698,874.201,0.7749999761581421,0.020662862622221567
875.172414,,0.015390882121936787,874.667,0.7570000290870667,-0.018580736706285794
875.637931,,0.017586894422494736,875.135,0.7580000162124634,-0.016513289858303533
876.103448,,0.015955562189058203,875.597,0.7739999890327454,0.018154625353393877
876.568966,,0.01179347872177411,876.06,0.7570000290870667,-0.01914536099735995
877.034483,,0.006630063256673284,876.53,0.7519999742507935,-0.03036631357464342
877.5,,0.0014630961159951901,876.996,0.7590000033378601,-0.01549777744944506
877.965517,,0.002538105561060415,877.455,0.7990000247955322,0.0712246611818171
878.431034,,0.004108188374455925,877.92,0.7699999809265137,0.007592992645311489
878.896552,,0.003385747057850525,878.387,0.7609999775886536,-0.012479306120206562
879.362069,,0.0024035462683489606,878.853,0.7820000052452087,0.03280802836909121
879.827586,,0.003022173524293034,879.319,0.7870000004768372,0.0432518784497226
880.293103,,0.004727781030141295,879.785,0.7760000228881836,0.018866348497048706
880.7586210000001,,0.005508081161941513,880.249,0.7739999890327454,0.014129725750893041
881.224138,,0.004760511312272985,880.715,0.7480000257492065,-0.042842674403565546
881.689655,,0.004069998138049649,881.175,0.7739999890327454,0.013535233840197579
882.155172,,0.004745607750506807,881.645,0.828000009059906,0.13098532743954305
882.62069,,0.0058018186754200925,882.108,0.7490000128746033,-0.0412485780648409
883.086207,,0.005330007376835925,882.571,0.8080000281333923,0.08724973787512927
883.551724,,0.003163511627121079,883.039,0.8460000157356262,0.17007700963589792
884.017241,,0.0010592144930772417,883.501,0.7739999890327454,0.01333274247839471
884.482759,,0.00039979408126464104,883.966,0.7730000019073486,0.011346135059082883
884.9482760000001,,0.000655115533757299,884.43,0.7739999890327454,0.013782213869871726
885.413793,,0.00034188722455304546,884.896,0.75,-0.03819146893830763
885.87931,,0.0010712596962699846,885.36,0.7760000228881836,0.01881315083699164
886.344828,,0.0027028568345389588,885.826,0.7549999952316284,-0.026544378177089566
886.810345,,0.00362372610076566,886.29,0.75,-0.03702173619531441
887.275862,,0.004098684212639095,886.755,0.7580000162124634,-0.019168206836736243
887.741379,,0.00498309485701446,887.219,0.7639999985694885,-0.005676238230458463
888.206897,,0.006304952325534913,887.685,0.7730000019073486,0.014335455718985396
888.672414,,0.007272242296624247,888.153,0.7699999809265137,0.008175461962165386
889.1379310000001,,0.007470700301405661,888.616,0.753000020980835,-0.028524577671801492
889.6034480000001,,0.007076487315703284,889.079,0.7720000147819519,0.01315756304098672
890.0689659999999,,0.005999910736538342,889.549,0.8429999947547913,0.16807400575676673
890.534483,,0.004002177090021635,890.012,0.7559999823570251,-0.021296482968076073
891.0,,0.001788476618832434,890.475,0.7820000052452087,0.03545416131180364
891.465517,,0.0007674830878736023,890.94,0.7739999890327454,0.018061051694981657
891.931034,,0.0013197609780620334,891.405,0.7789999842643738,0.028920727236263308
892.396552,,0.00228533371232335,891.871,0.7509999871253967,-0.03218344320602393
892.862069,,0.002579943630822078,892.337,0.7739999890327454,0.017758309451146953
893.327586,,0.002416685433669952,892.803,0.7570000290870667,-0.019505274172913527
893.7931030000001,,0.0023958711103049778,893.268,0.7900000214576721,0.05211192695832455
894.258621,,0.002214779922948702,893.734,0.7739999890327454,0.016933249253308302
894.7241379999999,,0.0012140570717455149,894.201,0.7680000066757202,0.003509168264362276
895.189655,,0.00011438797376778231,894.659,0.7739999890327454,0.016207329492666584
895.655172,,0.00027933969901144956,895.127,0.7739999890327454,0.015823744989771536
896.1206900000001,,0.0011492204096433267,895.589,0.7739999890327454,0.015442024214579516
896.5862070000001,,0.002469241164014809,896.06,0.7739999890327454,0.015073617572070017
897.051724,,0.0016891183919517452,896.523,0.7559999823570251,-0.02448659400345863
897.517241,,0.0009939838130908086,896.988,0.7739999890327454,0.014418238489306822
897.982759,,0.003507754980572605,897.452,0.7490000128746033,-0.04031632337028099
898.448276,,0.004375422361698528,897.917,0.7829999923706055,0.03353946121772311
898.9137929999999,,0.003720944326183421,898.382,0.7820000052452087,0.0311995566763289
899.37931,,0.0020835073909357526,898.847,0.7739999890327454,0.013670705541515936
899.844828,,8.868636878292253e-05,899.312,0.765999972820282,-0.0037946219006986474
900.310345,,0.001418023368134245,899.778,0.7580000162124634,-0.02119650864140211
900.7758620000001,,0.00012193962865093463,900.242,0.7570000290870667,-0.02328658618137229
901.241379,,0.004639757735431199,900.707,0.7609999775886536,-0.014425653944299883
901.7068969999999,,0.009022749691079185,901.175,0.7570000290870667,-0.022940721458695974
902.172414,,0.009574996461001996,901.637,0.777999997138977,0.02305704693526263
902.637931,,0.005801253776536813,902.105,0.7739999890327454,0.014628238627214452
903.103448,,0.0008087910565763079,902.567,0.7919999957084656,0.054160998048422906
903.568966,,0.001915590980215858,903.031,0.7770000100135803,0.021820124011037605
904.034483,,0.0015839779819797925,903.501,0.7570000290870667,-0.02140318586172279
904.5,,7.887656736499946e-05,903.959,0.7580000162124634,-0.018875745945612404
904.9655170000001,,0.0005717506005962873,904.43,0.7590000033378601,-0.016359891833270555
905.4310340000001,,0.00024844820952930565,904.896,0.7730000019073486,0.01445718994089477
905.8965519999999,,0.00020281870471730595,905.36,0.7720000147819519,0.012564640709397041
906.362069,,0.0009962276453525556,905.825,0.7699999809265137,0.008455390433833272
906.827586,,0.0018663396675384883,906.29,0.7739999890327454,0.01737316386045752
907.293103,,0.0023312691439668328,906.755,0.7549999952316284,-0.023868784525480087
907.7586210000001,,0.0034360156557839546,907.22,0.7599999904632568,-0.01287850004845013
908.224138,,0.006451157613327425,907.686,0.7760000228881836,0.022019529022740077
908.689655,,0.010647331182488343,908.149,0.7490000128746033,-0.03682227064571741
909.155172,,0.013432749108130644,908.612,0.7739999890327454,0.017568810808383496
909.62069,,0.013188633291817593,909.075,0.7559999823570251,-0.021775833722813435
910.086207,,0.011471878317223792,909.545,0.7739999890327454,0.017261701294002438
910.5517239999999,,0.011654271136568618,910.008,0.7739999890327454,0.01704056415412326
911.017241,,0.015226725552107393,910.471,0.628000020980835,-0.3013015284165763
911.482759,,0.0198762697828969,910.936,0.7519999742507935,-0.0314416214789558
911.948276,,0.02147165823044792,911.401,0.8999999761581421,0.29068680998387086
912.413793,,0.017818685541447728,911.867,0.777999997138977,0.024576154045111653
912.87931,,0.010488065104188603,912.335,0.7710000276565552,0.009014025608844366
913.344828,,0.0032462711985244684,912.8,0.7570000290870667,-0.02178841088527134
913.810345,,0.0012096807578183982,913.265,0.7409999966621399,-0.05693006836735975
914.275862,,0.0032106936502755003,913.73,0.7580000162124634,-0.020150422669054053
914.7413789999999,,0.005198024961006807,914.193,0.7559999823570251,-0.02473185878300455
915.206897,,0.009119008069222194,914.655,0.7509999871253967,-0.03580940443359246
915.672414,,0.014745599969235202,915.123,0.7409999966621399,-0.057735859520336046
916.137931,,0.020293229189022446,915.586,0.7739999890327454,0.014067663937775535
916.6034480000001,,0.0242125531167842,916.049,0.7549999952316284,-0.02736758986732541
917.0689659999999,,0.026062643351972174,916.519,0.7680000066757202,0.0009656626248431169
917.5344829999999,,0.02610188484123153,916.985,0.7559999823570251,-0.02511670622292489
918.0,,0.024968748970380455,917.448,0.7730000019073486,0.012030206653493655
918.465517,,0.023758922958730774,917.914,0.7590000033378601,-0.01831639754067675
918.931034,,0.023318692710835004,918.379,0.7559999823570251,-0.02465867318547807
919.396552,,0.02309247747013158,918.844,0.7749999761581421,0.01696232491547412
919.862069,,0.02157011447393249,919.309,0.7760000228881836,0.019394218545168797
920.327586,,0.018227867429964174,919.775,0.746999979019165,-0.04351512731056867
920.793103,,0.014178899901714824,920.234,0.753000020980835,-0.03016242601751929
921.258621,,0.010591313069228841,920.7,0.7720000147819519,0.011513286668084067
921.7241379999999,,0.0073398265268811306,921.167,0.7760000228881836,0.020502469267690622
922.189655,,0.0036372880683611867,921.63,0.777999997138977,0.025119902921753753
922.655172,,0.0007218675906532477,922.097,0.7630000114440918,-0.007321711199029685
923.12069,,0.005120100046410176,922.559,0.7519999742507935,-0.031078523977504144
923.5862070000001,,0.00852078259738531,923.03,0.7559999823570251,-0.022191682956845
924.051724,,0.009899607970897657,923.493,0.7760000228881836,0.02151304106881791
924.517241,,0.008954998398692883,923.959,0.7739999890327454,0.017244101561278962
924.982759,,0.006726514139045247,924.422,0.7739999890327454,0.017287509709032454
925.448276,,0.004999422087201153,924.888,0.7509999871253967,-0.03282426536157903
925.9137929999999,,0.004699012008748983,925.352,0.7699999809265137,0.008521094977710933
926.3793099999999,,0.0050374355456939525,925.818,0.7559999823570251,-0.022073052964974575
926.844828,,0.004490074462664424,926.283,0.7639999985694885,-0.004777699919615853
927.310345,,0.0026837385737594256,926.749,0.7639999985694885,-0.004947863159753695
927.775862,,0.0012037216034891443,927.216,0.7789999842643738,0.02753134693768816
928.241379,,0.0021958420936200687,927.674,0.7710000276565552,0.00987817976548349
928.706897,,0.005964521557448967,928.142,0.777999997138977,0.024888087974212252
929.1724139999999,,0.010216472560102814,928.604,0.7739999890327454,0.015923775509275814
929.637931,,0.01205985249148015,929.075,0.7739999890327454,0.015672422802585323
930.103448,,0.010832800956771976,929.537,0.7599999904632568,-0.015074583388463594
930.568966,,0.008814175205154758,930.008,0.753000020980835,-0.03055904471519825
931.034483,,0.008921713129320568,930.471,0.7860000133514404,0.0411211330903346
931.5,,0.011586235772706127,930.929,0.7749999761581421,0.01696641869601437
931.965517,,0.014144281889626412,931.397,0.7739999890327454,0.014629464498654307
932.4310340000001,,0.013634848286205105,931.862,0.7490000128746033,-0.03996037492136357
932.896552,,0.009930494813174607,932.327,0.7559999823570251,-0.02479656038015378
933.3620689999999,,0.005636143201405971,932.793,0.765999972820282,-0.0030577336144400323
933.827586,,0.0032357109543225742,933.26,0.7559999823570251,-0.02485161984321421
934.293103,,0.003106563449835275,933.719,0.7549999952316284,-0.02699791161276972
934.758621,,0.0041676528657486715,934.186,0.7609999775886536,-0.013855512827121743
935.224138,,0.005415593593143776,934.656,0.7739999890327454,0.014573658771645513
935.689655,,0.006317508590838046,935.116,0.7760000228881836,0.019071025166079152
936.155172,,0.006321265953226717,935.579,0.765999972820282,-0.0025466151150126968
936.6206900000001,,0.004878010784820472,936.049,0.7760000228881836,0.019432507484586893
937.0862070000001,,0.0022176933546914084,936.512,0.7559999823570251,-0.02393056305373237
937.5517239999999,,0.00029101067226477734,936.977,0.7710000276565552,0.008970143579320734
938.0172409999999,,0.0010682831954909279,937.44,0.7739999890327454,0.01573141614215085
938.482759,,0.0001807970452077374,937.906,0.7580000162124634,-0.01890349482345135
938.948276,,0.0020238000447712627,938.371,0.7760000228881836,0.020526936668473397
939.413793,,0.0025811186839029623,938.837,0.5989999771118164,-0.36489711761530397
939.87931,,0.0012696125289385514,939.302,0.7570000290870667,-0.020500020153415285
940.344828,,0.0008864437400931178,939.768,0.8199999928474426,0.11689799281702386
940.8103450000001,,0.002557978761314512,940.234,0.7620000243186951,-0.00934690834814433
941.2758620000001,,0.0033509180694008055,940.7,0.796999990940094,0.06699283019134332
941.7413789999999,,0.0038184167703954994,941.16,0.7450000047683716,-0.046242091023283464
942.206897,,0.004688271354946091,941.63,0.7770000100135803,0.02349550702864952
942.672414,,0.006049250169055097,942.094,0.765999972820282,-0.0004829535127951845
943.137931,,0.0069187624055388405,942.556,0.7739999890327454,0.01690019805161724
943.603448,,0.005845179224503599,943.019,0.8009999990463257,0.07564718344873947
944.068966,,0.002601364785758398,943.489,0.753000020980835,-0.029032189621460557
944.534483,,0.0007959728311802938,943.955,0.7620000243186951,-0.009554190198909473
945.0,,0.0015806494210239151,944.419,0.7620000243186951,-0.009706326761922953
945.465517,,0.000920629860273562,944.885,0.7680000066757202,0.0031958249326685443
945.931034,,0.00446953540195197,945.345,0.7559999823570251,-0.023130431747289612
946.3965519999999,,0.006272621235531751,945.811,0.7739999890327454,0.01589529544416817
946.862069,,0.0057306405828285245,946.275,0.7770000100135803,0.022239546275008265
947.327586,,0.004499736582541351,946.741,0.7440000176429749,-0.04984428743983664
947.793103,,0.004244239309426114,947.205,0.7739999890327454,0.015334491582761782
948.2586210000001,,0.004917409932665594,947.67,0.7549999952316284,-0.02622770234958302
948.724138,,0.005258037886699738,948.138,0.7519999742507935,-0.03291458172846343
949.189655,,0.004521789588000679,948.601,0.7749999761581421,0.01706434617042879
949.655172,,0.003312735043876979,949.064,0.7549999952316284,-0.0266139663711721
950.12069,,0.0026361071398313656,949.534,0.7739999890327454,0.014702292818268169
950.586207,,0.0025074333209496404,950.005,0.7739999890327454,0.014653734115932123
951.051724,,0.0020238231876475794,950.46,0.7739999890327454,0.014636066644052047
951.517241,,0.0007825203860171848,950.926,0.753000020980835,-0.03110250099346162
951.982759,,0.00040539483826357975,951.389,0.7689999938011169,0.0037983304904207417
952.4482760000001,,0.0005065762863547663,951.855,0.7580000162124634,-0.020096205613302
952.913793,,0.0004719503475082794,952.32,0.8230000138282776,0.12161351766536826
953.37931,,0.0015545091005597822,952.786,0.7720000147819519,0.010625263330082946
953.844828,,0.001870387148915612,953.25,0.7760000228881836,0.01948381069868099
954.310345,,0.0013699029788330009,953.716,0.7739999890327454,0.01528640083661967
954.775862,,0.0006444471011495394,954.179,0.7739999890327454,0.015457781284255834
955.2413789999999,,0.0003391036707226784,954.648,0.7599999904632568,-0.014865685957023266
955.706897,,0.0006576244129613221,955.116,0.7549999952316284,-0.025580674165589495
956.172414,,0.0010970961004308452,955.578,0.7739999890327454,0.01598749955451432
956.6379310000001,,0.0007379969584821621,956.042,0.75,-0.03613516218746256
957.1034480000001,,0.0006829979636673695,956.504,0.7609999775886536,-0.01201887241776933
957.5689659999999,,0.0019883535190042493,956.969,0.7749999761581421,0.018615982839353916
958.034483,,0.001653297103418349,957.44,0.5929999947547913,-0.37778787345925885
958.5,,6.172689403449006e-05,957.905,0.7720000147819519,0.012271333296466413
958.965517,,0.0001552012342374143,958.364,0.7739999890327454,0.016681947559762527
959.431034,,0.0030711756920023823,958.829,0.7559999823570251,-0.02250560621131731
959.896552,,0.008378414603424394,959.297,0.765999972820282,-0.0007167195019795966
960.362069,,0.01175944171247537,959.763,0.7760000228881836,0.021047396995961986
960.827586,,0.0103652865852462,960.227,0.8029999732971191,0.0798257185751068
961.2931030000001,,0.0051503196644236745,960.692,0.7739999890327454,0.016579580835031166
961.758621,,0.00019078309616250947,961.16,0.7739999890327454,0.01649552485721104
962.2241379999999,,0.002507062414285654,961.623,0.7590000033378601,-0.016285300268469596
962.689655,,0.0015088180744600548,962.086,0.7739999890327454,0.016278756281228785
963.155172,,0.0006299358837070825,962.549,0.7519999742507935,-0.03177878725051841
963.62069,,0.0015645732529393766,963.019,0.753000020980835,-0.02973607144350205
964.0862070000001,,0.0005860285791190339,963.482,0.7770000100135803,0.022410166349637325
964.551724,,0.0015081621731051344,963.948,0.7739999890327454,0.015731941250987706
965.017241,,0.0035824135711174103,964.413,0.6579999923706055,-0.23713288502616436
965.482759,,0.00491863528179645,964.878,0.7559999823570251,-0.023765232265952854
965.948276,,0.0054784611759567045,965.345,0.7599999904632568,-0.015183967609222805
966.4137929999999,,0.005936999786418068,965.804,0.7519999742507935,-0.03273478439691445
966.87931,,0.0070885362985855455,966.269,0.753000020980835,-0.030663048721067343
967.344828,,0.008873650336080303,966.734,0.777999997138977,0.02371367847768489
967.810345,,0.010268400682650128,967.201,0.7599999904632568,-0.015571118575929068
968.2758620000001,,0.010321784292243298,967.667,0.7739999890327454,0.014882912288207466
968.741379,,0.009056465597161712,968.131,0.7990000247955322,0.06932590287075516
969.2068969999999,,0.00727304280444702,968.6,0.7519999742507935,-0.0330695874024699
969.672414,,0.005761763925550088,969.061,0.7739999890327454,0.014885169098591505
970.137931,,0.004745621021650741,969.524,0.7580000162124634,-0.019926632675457537
970.603448,,0.0037379170605041966,969.989,0.7749999761581421,0.01717764685634942
971.068966,,0.0019597436617637626,970.46,0.7710000276565552,0.008549631226737962
971.534483,,0.0006099476029593671,970.925,0.7739999890327454,0.015188929736377876
972.0,,0.0027037120134867933,971.39,0.7739999890327454,0.015306549729647654
972.465517,,0.0030685485714150563,971.856,0.7490000128746033,-0.0390314000693457
972.9310340000001,,0.0022545525192470845,972.316,0.7739999890327454,0.015569746454036219
973.3965519999999,,0.0020352734732557837,972.782,0.7570000290870667,-0.021328875559989104
973.862069,,0.002890302048551581,973.249,0.7519999742507935,-0.032084383806758564
974.327586,,0.0033470950200764366,973.715,0.9150000214576721,0.3231719597992184
974.793103,,0.002392764904343473,974.175,0.7519999742507935,-0.0318135660767611
975.2586210000001,,0.001307257329180672,974.645,0.7739999890327454,0.016242893904542834
975.724138,,0.0019974887635116857,975.105,0.777999997138977,0.025069788689658402
976.189655,,0.004226012169559604,975.575,0.9110000133514404,0.3149285445737535
976.655172,,0.00584402481215328,976.038,0.7770000100135803,0.02307373287049523
977.12069,,0.005744759310908084,976.5,0.7879999876022339,0.047103923725830756
977.586207,,0.00533951353627527,976.966,0.7590000033378601,-0.016035677792835046
978.0517239999999,,0.0065374937464827984,977.43,0.7590000033378601,-0.016020793067355446
978.517241,,0.009107803827254042,977.896,0.7519999742507935,-0.03128425448836446
978.982759,,0.010905921989442147,978.36,0.8069999814033508,0.08850172169053136
979.448276,,0.010360025157496577,978.826,0.7739999890327454,0.016541856259887945
979.913793,,0.007884235989278997,979.293,0.777999997138977,0.02516875587402197
980.37931,,0.00482686047120688,979.759,0.7739999890327454,0.01634488506565876
980.8448279999999,,0.0018894510205646464,980.223,0.7599999904632568,-0.014284424800693222
981.310345,,0.0008277099637877185,980.689,0.7459999918937683,-0.04493005317875977
981.775862,,0.0027039774076210955,981.149,0.7620000243186951,-0.01022887810483594
982.2413789999999,,0.002491091890033477,981.619,0.7739999890327454,0.015749904825915855
982.706897,,0.00028682427548555665,982.079,0.7580000162124634,-0.01927571287207968
983.172414,,0.0040728386379988634,982.549,0.7749999761581421,0.017596514761785056
983.637931,,0.005894342496731996,983.012,0.7749999761581421,0.01743967033031966
984.1034480000001,,0.0038914370701952036,983.475,0.7730000019073486,0.012938539589870134
984.568966,,0.0004725613335863352,983.94,0.753000020980835,-0.03076132484048181
985.0344829999999,,0.0033662616730998343,984.404,0.7749999761581421,0.017062541465810183
985.5,,0.002385105374649529,984.87,0.7570000290870667,-0.022235181472571898
985.965517,,0.0010782376327651208,985.335,0.8389999866485596,0.1563600271478032
986.431034,,0.003792561467825779,985.8,0.7730000019073486,0.012546918023452322
986.896552,,0.004333548352020921,986.268,0.7739999890327454,0.014734910055698137
987.362069,,0.0039386626932143365,986.734,0.7360000014305115,-0.06801465141878914
987.827586,,0.0042199277077826286,987.201,0.7570000290870667,-0.02219609263685289
988.293103,,0.005088510655781951,987.66,0.7580000162124634,-0.019924445772225154
988.758621,,0.00514411771145576,988.13,0.7400000095367432,-0.059023335252820525
989.2241379999999,,0.003606631750281519,988.593,0.7870000004768372,0.04351081465525551
989.6896549999999,,0.0014367208222812815,989.057,0.753000020980835,-0.030407723526489197
990.155172,,0.00036217273266907674,989.519,0.7919999957084656,0.05472884149084736
990.62069,,0.0009515132675341749,989.985,0.7739999890327454,0.015691900286282652
991.0862070000001,,0.0021249719850499624,990.455,0.7739999890327454,0.015874978622125002
991.551724,,0.002612458114330539,990.921,0.7480000257492065,-0.040588658266868936
992.017241,,0.0022163230666313876,991.379,0.7739999890327454,0.016229485441115566
992.4827590000001,,0.0013124958384324182,991.844,0.7549999952316284,-0.02500441724541016
992.948276,,0.00017079146878214835,992.312,0.7570000290870667,-0.02050463627719376
993.4137929999999,,0.0024981413643370915,992.778,0.7720000147819519,0.012295065215238937
993.8793099999999,,0.005070637457713667,993.242,0.796999990940094,0.06685611414160565
994.344828,,0.006411167284317563,993.707,0.7870000004768372,0.045137326588793825
994.810345,,0.005565802203050434,994.175,0.7749999761581421,0.019031485556831935
995.275862,,0.0032676563388014538,994.637,0.7390000224113464,-0.059394322940810054
995.741379,,0.0014310836869730582,995.101,0.7580000162124634,-0.01802889105908422
996.206897,,0.0015067421835088762,995.564,0.753000020980835,-0.028984971080370684
996.672414,,0.003257083946293236,996.034,0.7580000162124634,-0.018186757220491203
997.137931,,0.0048827079309664255,996.497,0.7519999742507935,-0.031383436572873444
997.603448,,0.0044798258899881255,996.962,0.7739999890327454,0.016396267308621894
998.0689659999999,,0.0018846861792566145,997.429,0.8640000224113464,0.21230493227729194
998.534483,,0.0008670131939403438,997.895,0.7720000147819519,0.011687039667246863
999.0,,0.0013936911182767149,998.36,0.7480000257492065,-0.04079200108865226
999.465517,,0.0006087737667901003,998.825,0.7609999775886536,-0.012667393779950117
999.9310340000001,,0.0032789195869833776,999.29,0.7570000290870667,-0.02158014883178025
1000.396552,,0.005036982749055107,999.756,0.7739999890327454,0.015264254835566742
1000.862069,,0.0063398851352975995,1000.22,0.7730000019073486,0.012905127946357993
1001.3275859999999,,0.008397429580822511,1000.679,0.7739999890327454,0.014921070640257276
1001.793103,,0.010812339347353575,1001.149,0.7900000214576721,0.04964001117268001
1002.258621,,0.01152344428367737,1001.611,0.7739999890327454,0.014669882734999964
1002.724138,,0.00903690823937306,1002.079,0.7730000019073486,0.012410690760846423
1003.1896549999999,,0.004186785332709874,1002.541,0.75,-0.03774581001619352
1003.655172,,0.00010382284483424611,1003.009,0.7620000243186951,-0.011615442016046291
1004.12069,,0.0006032335990974321,1003.471,0.7580000162124634,-0.020308724992181768
1004.5862070000001,,0.0038582461997806717,1003.936,0.7789999842643738,0.025499229051784228
1005.051724,,0.010956819580060291,1004.401,0.7739999890327454,0.014696814566038326
1005.5172409999999,,0.016185593569956566,1004.867,0.7559999823570251,-0.024396046156272142
1005.9827589999999,,0.01645871793231819,1005.334,0.7710000276565552,0.008434904540338488
1006.448276,,0.012617343563529204,1005.8,0.7620000243186951,-0.010997628218987601
1006.913793,,0.008168367811846277,1006.265,0.765999972820282,-0.0020884850884391494
1007.3793099999999,,0.005761456399861297,1006.73,0.7730000019073486,0.013370727914199885
1007.8448280000001,,0.005294440310843682,1007.193,0.7739999890327454,0.015766272533677763
1008.310345,,0.005093259281273469,1007.656,0.7739999890327454,0.015985372271258038
1008.7758620000001,,0.003934481659876899,1008.12,0.7580000162124634,-0.01865842498567692
1009.241379,,0.0016733548455905092,1008.589,0.7919999957084656,0.05561919176368122
1009.706897,,0.0012294805074159467,1009.05,0.7720000147819519,0.012233316887938718
1010.1724139999999,,0.004216774659298485,1009.519,0.7609999775886536,-0.011567453468264828
1010.637931,,0.007003551672695354,1009.985,0.7739999890327454,0.01689111643976859
1011.1034480000001,,0.009622825388332413,1010.448,0.7649999856948853,-0.0026132692999540127
1011.568966,,0.011825198805584282,1010.914,0.7749999761581421,0.019240636536871275
1012.0344830000001,,0.012642849874928344,1011.379,0.7739999890327454,0.017091153943684836
1012.5,,0.011270549765823864,1011.845,0.7599999904632568,-0.013420545543927177
1012.9655170000001,,0.008470075760369202,1012.305,0.7770000100135803,0.02356577002943639
1013.431034,,0.006363372592518183,1012.77,0.8939999938011169,0.2783803630574467
1013.896552,,0.006362468110859694,1013.235,0.7509999871253967,-0.03328631986470296
1014.3620689999999,,0.007640473274925944,1013.701,0.722000002861023,-0.09662020295064422
1014.827586,,0.008130713851219927,1014.164,0.7760000228881836,0.020841755711354517
1015.2931030000001,,0.006971885636496886,1014.633,0.7739999890327454,0.016273663295413875
1015.7586210000001,,0.005467604264683769,1015.094,0.7590000033378601,-0.016635774323313212
1016.2241380000002,,0.005359311873742566,1015.564,0.753000020980835,-0.029950499045403003
1016.689655,,0.006519593546175175,1016.027,0.7739999890327454,0.015552052374335212
1017.1551720000001,,0.006929959101807428,1016.49,0.7509999871253967,-0.03480437290310158
1017.62069,,0.004997018243630864,1016.956,0.7570000290870667,-0.02197119031614846
1018.0862070000001,,0.0014403965394922092,1017.419,0.8529999852180481,0.1869579008732282
1018.5517239999999,,0.0014044520896582297,1017.885,0.7910000085830688,0.0516877087167198
1019.017241,,0.0019229182622494507,1018.352,0.7540000081062317,-0.029084235123476493
1019.482759,,0.0004990455611651661,1018.818,0.7770000100135803,0.020897936745980512
1019.9482760000001,,0.0014104527813772717,1019.283,0.7720000147819519,0.009917385868712974
1020.4137929999999,,0.002919974510257226,1019.748,0.7580000162124634,-0.020628484184838678
1020.87931,,0.004167789106043402,1020.209,0.7739999890327454,0.014229149623956473
1021.3448279999999,,0.005476655628203747,1020.675,0.7300000190734863,-0.08158784587907218
1021.810345,,0.006564348887440648,1021.145,0.753000020980835,-0.031392806076785115
1022.2758620000001,,0.00676583203211955,1021.608,0.7739999890327454,0.014485971114036496
1022.7413789999999,,0.005882132350342365,1022.071,0.753000020980835,-0.031099584998464824
1023.2068969999999,,0.004598138978881912,1022.534,0.777999997138977,0.0235671423718834
1023.672414,,0.004043068411485652,1023.001,0.7609999775886536,-0.013240045900427445
1024.137931,,0.004993305228616174,1023.471,0.7739999890327454,0.01533534616684383
1024.6034479999998,,0.007332007619676996,1023.929,0.7739999890327454,0.015604304133842534
1025.068966,,0.010014277860471323,1024.394,0.7590000033378601,-0.01679822345409418
1025.534483,,0.01163278475493453,1024.86,0.7829999923706055,0.03576647880584005
1026.0,,0.011445784478987293,1025.327,0.7599999904632568,-0.014073435730634003
1026.465517,,0.010021647599775274,1025.793,0.7749999761581421,0.018858874396111888
1026.931034,,0.00843720674729936,1026.26,0.7739999890327454,0.016908744508139936
1027.396552,,0.006555033229593443,1026.725,0.7739999890327454,0.01710615929932007
1027.862069,,0.0027675847326729852,1027.186,0.7710000276565552,0.010730160605142813
1028.327586,,0.003749368730937839,1027.649,0.4050000011920929,-0.7865455167802201
1028.793103,,0.010967588397832271,1028.119,0.7739999890327454,0.0174255860586771
1029.2586210000002,,0.015349158140658578,1028.582,0.75,-0.034867947335825
1029.724138,,0.015513024262601613,1029.049,0.7570000290870667,-0.01967249695030055
1030.1896550000001,,0.013739816527703277,1029.512,0.7829999923706055,0.03686993983101356
1030.655172,,0.013286175062048987,1029.977,0.7739999890327454,0.017116499353016717
1031.12069,,0.014789945498577602,1030.44,0.7580000162124634,-0.017926526878154162
1031.5862069999998,,0.016184990865164818,1030.906,0.7760000228881836,0.021070313864905335
1032.051724,,0.015775891277539037,1031.372,0.7519999742507935,-0.03146412063371027
1032.517241,,0.013976948597543911,1031.837,0.7990000247955322,0.07066533470600747
1032.982759,,0.011789962119900405,1032.304,0.7590000033378601,-0.016759993593033207
1033.448276,,0.009303361163003834,1032.77,0.777999997138977,0.024350647761074616
1033.913793,,0.006787983214631768,1033.234,0.7760000228881836,0.019713419001779215
1034.37931,,0.005744878578123179,1033.7,0.7699999809265137,0.006373319813669835
1034.844828,,0.00701214630779262,1034.163,0.7879999876022339,0.04534050538928816
1035.310345,,0.008561483998617154,1034.626,0.777999997138977,0.02333255226326398
1035.775862,,0.0071478060685419694,1035.089,0.7760000228881836,0.018787044450414552
1036.241379,,0.002316485559613084,1035.56,0.7519999742507935,-0.033651121448089974
1036.706897,,0.002597590779675951,1036.023,0.753000020980835,-0.031581775852021654
1037.1724140000001,,0.003959997929297175,1036.486,0.7279999852180481,-0.08611423469896269
1037.637931,,0.0015850913507562945,1036.952,0.7730000019073486,0.011903936094967064
1038.103448,,0.0014900176940570815,1037.419,0.7760000228881836,0.0184658526079428
1038.5689659999998,,0.002552196798813811,1037.884,0.7739999890327454,0.014181670353579362
1039.034483,,0.001734456465795172,1038.349,0.753000020980835,-0.0314518576315473
1039.5,,0.0007308178237478706,1038.815,0.7689999938011169,0.0035655415538580278
1039.9655169999999,,8.890824738200801e-05,1039.275,0.7599999904632568,-0.015846614211790202
1040.431034,,0.0019341183719812328,1039.741,0.7630000114440918,-0.009083767409890135
1040.896552,,0.005029341409302493,1040.208,0.7570000290870667,-0.021904149591058308
1041.362069,,0.007424453480890022,1040.674,0.7739999890327454,0.015401977764792501
1041.8275859999999,,0.007307293292395536,1041.136,0.7739999890327454,0.015681801580115087
1042.293103,,0.0054579442752977865,1041.599,0.7710000276565552,0.009428759084066008
1042.758621,,0.004150527428895353,1042.068,0.7739999890327454,0.016242349243329592
1043.224138,,0.004161231218305759,1042.53,0.7599999904632568,-0.013994241574765028
1043.6896550000001,,0.0042113334566381356,1042.996,0.7590000033378601,-0.0159296732560898
1044.155172,,0.003303282295639668,1043.462,0.7749999761581421,0.019143536858860936
1044.62069,,0.0022911557628130653,1043.927,0.7620000243186951,-0.008998102926891828
1045.086207,,0.002593964156643754,1044.394,0.7699999809265137,0.008572201176079897
1045.5517240000001,,0.004148380826883435,1044.86,0.7559999823570251,-0.021831541461111017
1046.017241,,0.0053951617381134045,1045.32,0.7739999890327454,0.01743467584994002
1046.482759,,0.005113946811972599,1045.785,0.7400000095367432,-0.0566374893573139
1046.9482759999999,,0.003705115968714529,1046.253,0.7760000228881836,0.0217466531928137
1047.413793,,0.0025113941502266737,1046.719,0.7699999809265137,0.008580089188491676
1047.8793099999998,,0.002292999197830856,1047.179,0.746999979019165,-0.04166816291809699
1048.344828,,0.002765970141816364,1047.649,0.7889999747276306,0.04965469984377709
1048.8103449999999,,0.0033162716388972138,1048.112,0.7519999742507935,-0.031171317312379553
1049.275862,,0.003506596377079463,1048.574,0.7739999890327454,0.016513277157375692
1049.741379,,0.0029425625833557362,1049.045,0.7739999890327454,0.016244885347874542
1050.206897,,0.00130187684621527,1049.508,0.7490000128746033,-0.03850482128587028
1050.6724140000001,,0.0012511055861520284,1049.974,0.8820000290870667,0.2509664936065134
1051.137931,,0.003893273409357022,1050.437,0.7739999890327454,0.015388339509167286
1051.603448,,0.005507134161639447,1050.903,0.7590000033378601,-0.01756408949006016
1052.068966,,0.005331425461591308,1051.367,0.7559999823570251,-0.024356625048086368
1052.5344830000001,,0.003526897799371156,1051.833,0.7739999890327454,0.014625836580948315
1053.0,,0.0011869947566583326,1052.298,0.8009999990463257,0.07324715319981667
1053.465517,,0.0004514390874644514,1052.764,0.7570000290870667,-0.022778321816211
1053.9310340000002,,0.0010231295300078256,1053.224,0.7689999938011169,0.003241456946237663
1054.3965520000002,,0.0012603956767628906,1053.689,0.7570000290870667,-0.022982177016353054
1054.8620689999998,,0.002122504326488731,1054.16,0.7519999742507935,-0.03390937589703225
1055.3275859999999,,0.0037006662934960534,1054.622,0.7580000162124634,-0.02082428161177869
1055.793103,,0.005142769173902772,1055.09,0.7609999775886536,-0.014228288143368333
1056.258621,,0.00571224358755293,1055.552,0.7720000147819519,0.00984313682378415
1056.724138,,0.005495774013398892,1056.02,0.7739999890327454,0.014350505870141202
1057.189655,,0.0046321426368047995,1056.482,0.7699999809265137,0.005826255006888982
1057.655172,,0.002407581890599195,1056.948,0.7519999742507935,-0.03316434090650889
1058.12069,,0.0016876096746149315,1057.412,0.7390000224113464,-0.06123386489409804
1058.586207,,0.005987116995688288,1057.878,0.7919999957084656,0.05450834604310382
1059.051724,,0.007275982980525955,1058.342,0.777999997138977,0.024296206146069806
1059.517241,,0.004334292735268785,1058.808,0.7739999890327454,0.015878080885822564
1059.982759,,0.0001886425698267423,1059.275,0.7829999923706055,0.03578147570220296
1060.448276,,0.00261772514031505,1059.741,0.8240000009536743,0.12539342323691818
1060.9137930000002,,0.0022253982419859226,1060.201,0.7739999890327454,0.016732560503117132
1061.37931,,0.0011246641710033938,1060.667,0.7720000147819519,0.012622192156048442
1061.844828,,0.000937204338176597,1061.134,0.8389999866485596,0.1588066525258819
1062.310345,,0.001281868737356289,1061.597,0.7580000162124634,-0.017486302210884878
1062.775862,,0.0014084292523937145,1062.06,0.7749999761581421,0.019683686345948623
1063.2413789999998,,0.0015399949736803321,1062.53,0.7739999890327454,0.017588253748907365
1063.706897,,0.0019343042117786835,1062.997,0.7549999952316284,-0.023775830876358633
1064.172414,,0.001768279631669402,1063.454,0.753000020980835,-0.02815806728170382
1064.637931,,1.1199601331674775e-07,1063.92,0.7730000019073486,0.01533470070660092
1065.1034479999998,,0.0029753868403783394,1064.386,0.7699999809265137,0.008665752073337661
1065.568966,,0.005346090538007394,1064.852,0.7580000162124634,-0.017660340341203198
1066.034483,,0.005626755874991685,1065.316,0.7580000162124634,-0.017887835715607495
1066.5,,0.003947490695171938,1065.782,0.7730000019073486,0.01452552273782098
1066.965517,,0.0016895379849503043,1066.249,0.8320000171661377,0.14276975293833127
1067.431034,,0.00034107114503710014,1066.715,0.7739999890327454,0.01609192298674106
1067.8965520000002,,0.0005876775297724515,1067.179,0.7739999890327454,0.01576370012034988
1068.362069,,0.0018042080657760392,1067.641,0.7860000133514404,0.04157572583030473
1068.827586,,0.002335332137472987,1068.104,0.777999997138977,0.023820955465950314
1069.293103,,0.0010592817193299504,1068.574,0.7570000290870667,-0.022240856502406058
1069.7586210000002,,0.0009999043809486644,1069.035,0.7680000066757202,0.0014377000627107364
1070.224138,,0.0013906428322324835,1069.505,0.7739999890327454,0.014255445616663984
1070.6896550000001,,0.0009212679362314296,1069.964,0.7699999809265137,0.005327254937866105
1071.155172,,0.00413901110891151,1070.429,0.7559999823570251,-0.025340498630718633
1071.62069,,0.005702092480522857,1070.895,0.7820000052452087,0.03118995793556155
1072.0862069999998,,0.005081462725120799,1071.36,0.7870000004768372,0.04202567093240685
1072.551724,,0.0037200375229791897,1071.826,0.7390000224113464,-0.06254791122888502
1073.017241,,0.0028232348241296417,1072.291,0.7620000243186951,-0.012379024187982028
1073.482759,,0.0023006168449379613,1072.757,0.7749999761581421,0.016060848672235194
1073.948276,,0.0016644847139664495,1073.224,0.7739999890327454,0.014055543749605473
1074.413793,,0.0008918225313465619,1073.69,0.7699999809265137,0.005565782338013679
1074.87931,,0.00022526283310303946,1074.153,0.8019999861717224,0.07555344440092768
1075.344828,,0.00010459789959773375,1074.615,0.7739999890327454,0.014861376259093638
1075.810345,,0.0002413776541557174,1075.083,0.7760000228881836,0.019558998942205183
1076.275862,,0.0013787219437285548,1075.546,0.7559999823570251,-0.023654189381029984
1076.741379,,0.0024444411102910015,1076.016,0.777999997138977,0.024644960808039754
1077.206897,,0.0019272097933715118,1076.478,0.7580000162124634,-0.018560886888438148
1077.6724140000001,,0.0006613733110144879,1076.944,0.7749999761581421,0.018830567050357717
1078.1379310000002,,0.0038909339460645657,1077.409,0.7739999890327454,0.016983517980437533
1078.603448,,0.005704409571957158,1077.875,0.7519999742507935,-0.03064832012716648
1079.0689659999998,,0.0053049371093467634,1078.335,0.7820000052452087,0.03496715710849296
1079.534483,,0.0033652135898959807,1078.8,0.7590000033378601,-0.01493612179836864
1080.0,,0.000836679398505459,1079.267,0.7710000276565552,0.011356414235339035
1080.4655169999999,,0.0015765356808138586,1079.733,0.7749999761581421,0.020157713285486094
1080.931034,,0.0028586527155619688,1080.194,0.7490000128746033,-0.03646549616685387
1081.396552,,0.001923123792270965,1080.663,0.7699999809265137,0.009240593555655404
1081.862069,,0.0007300672399752417,1081.127,0.7480000257492065,-0.03880159436674782
1082.3275859999999,,0.002551564065768078,1081.589,0.7760000228881836,0.022024788719422154
1082.793103,,0.0014860996395473264,1082.06,0.7739999890327454,0.017433019572048937
1083.258621,,0.0013663907464691132,1082.522,0.7570000290870667,-0.01989043813242327
1083.724138,,0.0028292126315090167,1082.988,0.7609999775886536,-0.011507197295267283
1084.1896550000001,,0.0012419909701421497,1083.451,0.7739999890327454,0.016448756975360055
1084.655172,,0.002046592921864672,1083.917,0.7509999871253967,-0.03405127798762481
1085.1206900000002,,0.004657915695481653,1084.383,0.7720000147819519,0.011295899636777799
1085.586207,,0.0056011162154985614,1084.849,0.7459999918937683,-0.04575517524722432
1086.0517240000001,,0.005470634324127781,1085.315,0.7739999890327454,0.01485127398933846
1086.517241,,0.004979836327103126,1085.774,0.7730000019073486,0.012299826350680316
1086.982759,,0.003961630438733379,1086.239,0.7749999761581421,0.01631903147092682
1087.4482759999999,,0.0019710277148698224,1086.704,0.7580000162124634,-0.02101099923575908
1087.913793,,0.0004898244740853244,1087.175,0.7549999952316284,-0.02778658931262959
1088.37931,,0.002079876320448875,1087.637,0.7770000100135803,0.019965280739941468
1088.844828,,0.002169364349956765,1088.105,0.7609999775886536,-0.015004059584872139
1089.3103449999999,,0.0015710320051456415,1088.567,0.7879999876022339,0.04378047151634739
1089.775862,,0.0012869873223172149,1089.031,0.7580000162124634,-0.02154409528370206
1090.241379,,0.0011736013410653277,1089.5,0.7699999809265137,0.004707590046008163
1090.706897,,0.0004235378200785466,1089.959,0.7490000128746033,-0.04086593389263403
1091.1724140000001,,0.0010953690019229888,1090.43,0.7369999885559082,-0.06676711410352341
1091.637931,,0.0025507304575144866,1090.895,1.0820000171661377,0.6851732058676896
1092.103448,,0.0029513427391897203,1091.361,0.7739999890327454,0.014517233778254037
1092.568966,,0.001936440131106631,1091.819,0.7739999890327454,0.014931009577945431
1093.0344830000001,,9.057861567684014e-05,1092.286,0.8640000224113464,0.21145228635623087
1093.5,,0.0013104045916522689,1092.752,0.7760000228881836,0.020190964553302573
1093.965517,,0.0013555413520649632,1093.219,0.7739999890327454,0.016294427385322417
1094.4310340000002,,0.0006395207554615471,1093.685,0.7519999742507935,-0.03119067301586485
1094.896552,,0.0008296128573663557,1094.145,0.7789999842643738,0.028048038337097625
1095.362069,,0.0025955236649908534,1094.615,0.7860000133514404,0.043671303407598644
1095.8275859999999,,0.0044264795098991625,1095.079,0.7490000128746033,-0.03662038805119932
1096.293103,,0.004184542138376973,1095.541,0.7739999890327454,0.018098768893034134
1096.758621,,0.0016203417611417074,1096.005,0.7620000243186951,-0.0078655175784191
1097.224138,,0.0013092603732649149,1096.475,0.7820000052452087,0.03580777220608187
1097.689655,,0.002601545723379193,1096.94,0.7509999871253967,-0.03171264181400036
1098.155172,,0.002108262620135576,1097.404,0.7329999804496765,-0.0709951769347091
1098.62069,,0.001153074679608541,1097.87,0.8259999752044678,0.1314700727594359
1099.086207,,0.0008053560087394254,1098.33,0.7979999780654907,0.07024353863883244
1099.551724,,0.0010173345991673264,1098.796,0.7860000133514404,0.04380743607046898
1100.017241,,0.0012517670037533585,1099.264,0.7839999794960022,0.03909748180711264
1100.482759,,0.001284015596238776,1099.729,0.7789999842643738,0.027801803388645487
1100.948276,,0.001116205959897526,1100.19,0.7739999890327454,0.01646825425013502
1101.4137930000002,,0.0005950558777451983,1100.66,0.7369999885559082,-0.06460738921794591
1101.87931,,0.0003898347411108589,1101.12,0.7730000019073486,0.013346685740154192
1102.344828,,0.0015451002279068405,1101.59,0.7739999890327454,0.01505182246650925
1102.8103449999999,,0.0024677801404955975,1102.053,0.7580000162124634,-0.020260891099252738
1103.275862,,0.0032322438005022262,1102.515,0.7599999904632568,-0.016325147749648584
1103.7413789999998,,0.004237254831899647,1102.981,0.7789999842643738,0.02469408093302552
1104.206897,,0.005347408367710948,1103.451,0.7599999904632568,-0.017016518210665528
1104.672414,,0.00562187129150425,1103.909,0.7609999775886536,-0.015085452862834269
1105.137931,,0.004287154614982726,1104.376,0.9319999814033508,0.3572957638781614
1105.603448,,0.0017415169722167323,1104.841,0.753000020980835,-0.03276175155149371
1106.068966,,0.0007865590145464751,1105.308,0.8629999756813049,0.2068998805046216
1106.534483,,0.0023112586433065123,1105.774,0.7590000033378601,-0.019580931451556503
1107.0,,0.002428246595870781,1106.238,0.753000020980835,-0.03247077461317905
1107.465517,,0.0010790097461461413,1106.704,0.7720000147819519,0.009181465240428
1107.931034,,0.0011811332036869664,1107.164,0.7639999985694885,-0.007921484659457991
1108.3965520000002,,0.002848836790173733,1107.634,0.7739999890327454,0.014249763009956572
1108.862069,,0.002392732531894033,1108.097,0.777999997138977,0.023396022363841508
1109.327586,,0.0001251180550787101,1108.56,0.7699999809265137,0.0064320982599887595
1109.793103,,0.0029108360268053817,1109.027,0.7990000247955322,0.07009784475653902
1110.258621,,0.004275384659172504,1109.49,0.7599999904632568,-0.01438009899394733
1110.7241379999998,,0.004197856029771488,1109.955,0.7570000290870667,-0.02043812560339301
1111.189655,,0.0037160828665490308,1110.419,0.7689999938011169,0.0061562794773799175
1111.655172,,0.0031902717492310376,1110.885,0.7739999890327454,0.01745948863006408
1112.12069,,0.0018763451358673232,1111.35,0.7739999890327454,0.01781636556183494
1112.586207,,0.0006391965655205516,1111.816,0.7620000243186951,-0.008034846152885498
1113.051724,,0.003129310788364524,1112.283,0.753000020980835,-0.027424335118661526
1113.517241,,0.003476448955769269,1112.749,0.7699999809265137,0.00974976242710421
1113.982759,,0.0008611372622649351,1113.213,0.7820000052452087,0.03594594829288053
1114.448276,,0.003138079678442542,1113.678,0.7739999890327454,0.01848322857767584
1114.913793,,0.00598053684035858,1114.141,0.753000020980835,-0.02738711333888555
1115.37931,,0.006665519754555216,1114.604,0.777999997138977,0.02687819817956335
1115.844828,,0.0064283351854244105,1115.075,0.7760000228881836,0.022244732232460318
1116.310345,,0.006864045957309046,1115.538,0.7490000128746033,-0.03692193654744414
1116.775862,,0.007994750854310652,1116.008,0.7279999852180481,-0.08307441927219641
1117.241379,,0.008681331703593169,1116.471,0.7609999775886536,-0.011625641155135319
1117.706897,,0.008307529237998905,1116.929,0.734000027179718,-0.07092720446261117
1118.1724140000001,,0.007208208001468414,1117.394,0.7699999809265137,0.007009722748644887
1118.637931,,0.005799125502819655,1117.86,0.7739999890327454,0.015230279690164463
1119.1034479999998,,0.004109238668573127,1118.327,0.7699999809265137,0.006038216526223144
1119.568966,,0.001968827149804401,1118.792,0.7739999890327454,0.014307032669636763
1120.034483,,0.0008419730724135599,1119.257,0.7720000147819519,0.0095497115547381
1120.5,,0.00414963462727916,1119.722,0.7480000257492065,-0.043080072169000665
1120.9655169999999,,0.00669981632090596,1120.19,0.7739999890327454,0.013290668655254042
1121.431034,,0.006815157012766105,1120.653,0.7739999890327454,0.013093929253735107
1121.896552,,0.004494772878841493,1121.116,0.7549999952316284,-0.028413483431581902
1122.362069,,0.002077506205103254,1121.579,0.7739999890327454,0.012954604588912165
1122.827586,,0.0018623518773719908,1122.049,0.7739999890327454,0.013016417271483293
1123.293103,,0.0035118991065149806,1122.511,0.781000018119812,0.028415430431485932
1123.758621,,0.004770395539285579,1122.977,0.7509999871253967,-0.036714097553407196
1124.224138,,0.004547440497014584,1123.44,0.777999997138977,0.022413336629815383
1124.6896550000001,,0.0041420834725337,1123.906,0.9950000047683716,0.4955528997214513
1125.155172,,0.005146159065584978,1124.371,0.7599999904632568,-0.015995922069543308
1125.6206900000002,,0.007267501641439392,1124.837,0.7739999890327454,0.014981558334911875
1126.086207,,0.008874220946171,1125.301,0.7760000228881836,0.019838620207078654
1126.551724,,0.008812166372774252,1125.767,0.7720000147819519,0.011631043198221266
1127.0172409999998,,0.00709517432479675,1126.231,0.7860000133514404,0.042630251923118055
1127.482759,,0.004670602587300643,1126.697,0.8450000286102295,0.17164524912073226
1127.9482759999999,,0.003083608889447182,1127.16,0.781000018119812,0.03264878202964076
1128.413793,,0.0034803372821063153,1127.63,0.7739999890327454,0.017782113040726518
1128.87931,,0.005143585200774135,1128.093,0.7519999742507935,-0.02983179130442702
1129.344828,,0.005598180506710791,1128.556,0.7990000247955322,0.07280336844005802
1129.810345,,0.003058667962067403,1129.024,0.7739999890327454,0.018490882090485862
1130.275862,,0.001340071256331376,1129.485,0.7739999890327454,0.01855497653464541
1130.741379,,0.004416325661170199,1129.951,0.7680000066757202,0.005454865997950911
1131.206897,,0.004159065940758011,1130.416,0.796999990940094,0.06851635044710956
1131.6724140000001,,0.0016516552900822908,1130.881,0.7609999775886536,-0.010121177381243773
1132.137931,,0.00033394050653788354,1131.345,0.7559999823570251,-0.021301493765568797
1132.603448,,0.00021666692095378807,1131.811,0.7749999761581421,0.019733699045085047
1133.068966,,0.00126559805712919,1132.276,0.7789999842643738,0.02802961041959589
1133.5344830000001,,0.002497019664112452,1132.741,0.7699999809265137,0.007957551724578746
1134.0,,0.0028697965941806985,1133.208,0.7760000228881836,0.020534889359181033
1134.465517,,0.002888191474395976,1133.674,0.7549999952316284,-0.025726024442110428
1134.931034,,0.0028194451302107886,1134.134,0.7789999842643738,0.026054210994640725
1135.396552,,0.002102068390838391,1134.604,0.7580000162124634,-0.02018602100742966
1135.862069,,0.0004194053616412132,1135.064,0.7279999852180481,-0.08600042340667466
1136.3275859999999,,0.0012796825043956122,1135.535,0.781000018119812,0.029061472692244586
1136.793103,,0.0015976244149544174,1136.005,0.7770000100135803,0.0200033482854252
1137.258621,,0.00045971076168438305,1136.46,0.7770000100135803,0.019735163943624453
1137.724138,,0.0005730827800898663,1136.926,0.7599999904632568,-0.017486232293480522
1138.189655,,9.056071514450777e-06,1137.39,0.7739999890327454,0.012920217054127388
1138.655172,,0.001953635435292803,1137.855,0.7570000290870667,-0.02411854869848853
1139.12069,,0.0038133687159908392,1138.32,0.7609999775886536,-0.015313139764740663
1139.586207,,0.004439627942524548,1138.786,0.7860000133514404,0.03933432047474181
1140.0517240000001,,0.0038621021159388775,1139.253,0.796999990940094,0.06356623207980892
1140.517241,,0.0025710548171473946,1139.719,0.777999997138977,0.022516295574821685
1140.982759,,0.0008874010723789628,1140.179,0.7570000290870667,-0.022825439737854773
1141.448276,,0.0006067172121304072,1140.648,0.7720000147819519,0.010315268311467025
1141.9137930000002,,0.0008709985417477878,1141.116,0.7739999890327454,0.015169776991052618
1142.37931,,0.00043483553756066043,1141.578,0.75,-0.03660066931484446
1142.844828,,0.001967622814810844,1142.046,0.7519999742507935,-0.0317242949289214
1143.3103449999999,,0.0017579296390335898,1142.508,0.75,-0.035577870012621
1143.775862,,0.0007529536430005682,1142.973,0.777999997138977,0.02589642769375964
1144.2413789999998,,0.0041397023155582855,1143.435,0.7720000147819519,0.0132505118933516
1144.706897,,0.006294467197801631,1143.9,0.7720000147819519,0.013616508970332869
1145.172414,,0.0061076108550633555,1144.367,0.7590000033378601,-0.014412393933362747
1145.637931,,0.004270728206504602,1144.833,0.7919999957084656,0.05769447850730906
1146.103448,,0.002811938813659791,1145.297,0.7490000128746033,-0.03586498240655553
1146.568966,,0.0036032540470522837,1145.763,0.7820000052452087,0.036059179315442044
1147.0344830000001,,0.006811087170097783,1146.228,0.765999972820282,0.0011347470499325101
1147.5,,0.010542072853714342,1146.693,0.7720000147819519,0.01404806367767633
1147.965517,,0.012152201953745282,1147.156,0.753000020980835,-0.027593122825310852
1148.431034,,0.01037009866336382,1147.619,0.7720000147819519,0.013473732647931376
1148.8965520000002,,0.00645153038713626,1148.09,0.777999997138977,0.026148492160344487
1149.362069,,0.0030519870808372513,1148.552,0.7329999804496765,-0.07234493842144121
1149.827586,,0.0017502235975612821,1149.016,0.7649999856948853,-0.003125659577551701
1150.2931030000002,,0.0018836245232399646,1149.486,0.8360000252723694,0.1510355773245874
1150.758621,,0.0018010838903251983,1149.944,0.7739999890327454,0.015430031109943666
1151.2241379999998,,0.0006816054286380578,1150.409,0.7760000228881836,0.019268229868878953
1151.689655,,0.0010496581791647752,1150.875,0.7910000085830688,0.051454943636040994
1152.155172,,0.0024337003955101056,1151.342,0.7739999890327454,0.013967448387981767
1152.62069,,0.002736935055998721,1151.808,0.7570000290870667,-0.0234632550941851
1153.086207,,0.001973105322061886,1152.276,0.7599999904632568,-0.017252426449498336
1153.551724,,0.0009535861693331241,1152.734,0.7570000290870667,-0.024034087536092406
1154.017241,,0.0005537155447849375,1153.201,0.7549999952316284,-0.02854984476814823
1154.482759,,0.0009855224850726743,1153.667,0.7630000114440918,-0.011186082347169507
1154.948276,,0.002069652410871968,1154.131,0.753000020980835,-0.032942510865123974
1155.413793,,0.0037517437914470165,1154.594,0.7749999761581421,0.015112863911715143
1155.87931,,0.0056620192071371684,1155.064,0.7739999890327454,0.013151569752639572
1156.344828,,0.006590316637746895,1155.527,0.765999972820282,-0.003974601119740588
1156.810345,,0.005461957445791861,1155.992,0.7739999890327454,0.013833801363246783
1157.2758620000002,,0.0029646637669539034,1156.456,0.7490000128746033,-0.04018936891550902
1157.741379,,0.0013472477889580523,1156.922,0.777999997138977,0.02348394624759867
1158.2068969999998,,0.002102293655336337,1157.387,0.7749999761581421,0.01747480991799463
1158.672414,,0.004259242233607299,1157.853,0.9240000247955322,0.34264112558509097
1159.137931,,0.005455417915519591,1158.319,0.7749999761581421,0.018575324904755
1159.6034479999998,,0.004485394380596994,1158.785,0.7599999904632568,-0.013567035810321516
1160.068966,,0.00224051144711553,1159.249,0.7739999890327454,0.017434767400598968
1160.534483,,0.00011881214205936667,1159.715,0.7580000162124634,-0.016976262869779768
1161.0,,0.0017296051318278765,1160.178,0.777999997138977,0.026975548302194813
1161.4655169999999,,0.003930377104550632,1160.641,0.75,-0.03372912612656538
1161.931034,,0.006154294237070771,1161.108,0.753000020980835,-0.026987864081401698
1162.396552,,0.00701631549026698,1161.571,0.7609999775886536,-0.009453223665911614
1162.862069,,0.005938383601352825,1162.039,0.7739999890327454,0.018871687850569977
1163.327586,,0.004143114046173022,1162.5,0.7730000019073486,0.0165924511210725
1163.793103,,0.0032328271822804253,1162.966,0.7549999952316284,-0.022824263872153715
1164.2586210000002,,0.00346119513737495,1163.43,0.7770000100135803,0.02481046098000062
1164.724138,,0.003929625453333468,1163.896,0.7620000243186951,-0.008249966336848942
1165.1896550000001,,0.0037902229285625153,1164.36,0.7559999823570251,-0.021775982440780373
1165.655172,,0.0026242268196224766,1164.825,0.8199999928474426,0.11714549620326546
1166.12069,,0.000312674552911426,1165.29,0.7829999923706055,0.035983414709842225
1166.5862069999998,,0.002597727877882195,1165.756,0.7870000004768372,0.04412375042209507
1167.051724,,0.004687466906699296,1166.223,0.7760000228881836,0.019580035701238
1167.517241,,0.004572953322492267,1166.689,0.7580000162124634,-0.020200466160257117
1167.982759,,0.0021986374296817817,1167.149,0.7450000047683716,-0.049056551955744834
1168.4482759999999,,0.0008772410867473181,1167.619,0.7609999775886536,-0.0146835980828205
1168.913793,,0.002460427497926527,1168.079,0.7620000243186951,-0.012925449558267636
1169.37931,,0.0012064394007690689,1168.549,0.7789999842643738,0.023770484403729412
1169.844828,,0.002336744868211637,1169.012,0.753000020980835,-0.03312391906004846
1170.310345,,0.0060343180807697315,1169.475,0.7940000295639038,0.05605138913386076
1170.775862,,0.00798088581435545,1169.94,0.9660000205039978,0.43073976601081015
1171.241379,,0.00818652087052124,1170.405,0.7739999890327454,0.012515282304820755
1171.706897,,0.007966910033687517,1170.871,0.7609999775886536,-0.015621746825407666
1172.1724140000001,,0.00772345253442253,1171.337,0.753000020980835,-0.032766203696746043
1172.637931,,0.006458279663084525,1171.804,0.7739999890327454,0.013360062420276072
1173.103448,,0.003870862285410634,1172.271,0.8009999990463257,0.07263758620947769
1173.568966,,0.0015736647197575808,1172.729,0.7950000166893005,0.060085714858635064
1174.034483,,0.001221159807510356,1173.202,0.7609999775886536,-0.013419576704699163
1174.5,,0.002281049691658151,1173.66,0.7739999890327454,0.015501052552123301
1174.9655169999999,,0.002638369667608935,1174.13,0.7760000228881836,0.020466319613207412
1175.431034,,0.0010637226616626104,1174.593,0.7609999775886536,-0.011615677781887176
1175.896552,,0.0014851020195724846,1175.056,0.7739999890327454,0.01727474219878638
1176.362069,,0.002929500931435969,1175.519,0.7570000290870667,-0.019242873629022494
1176.8275859999999,,0.002288487121272713,1175.984,0.7739999890327454,0.018247630806073778
1177.293103,,0.0007442715441332529,1176.455,0.7490000128746033,-0.03584590154863427
1177.758621,,0.00022567545675668122,1176.921,0.7749999761581421,0.021078132221647408
1178.224138,,0.0010992749533782257,1177.386,0.7699999809265137,0.010361773832309452
1178.689655,,0.001944164488245877,1177.844,0.7549999952316284,-0.022249439997192144
1179.155172,,0.0015700939605423206,1178.316,0.7570000290870667,-0.01793510936180401
1179.62069,,0.0003013873743216537,1178.774,0.7519999742507935,-0.028982247161055744
1180.086207,,0.0009919369735865808,1179.239,0.7570000290870667,-0.01834870697841407
1180.5517240000001,,0.0021146131249623256,1179.704,0.7739999890327454,0.018330995405602936
1181.017241,,0.0031627421471410373,1180.171,0.7919999957084656,0.057104514129821586
1181.4827590000002,,0.003697733872104819,1180.634,0.7699999809265137,0.00866185810043233
1181.948276,,0.0032187493868825003,1181.105,0.7739999890327454,0.016810045408244528
1182.413793,,0.0021880306223926145,1181.567,0.7580000162124634,-0.018651094302045024
1182.8793099999998,,0.0016564620304895267,1182.03,0.7739999890327454,0.015587305452969769
1183.344828,,0.0016262185497671843,1182.5,0.7599999904632568,-0.015530686675016468
1183.8103449999999,,0.000577114480438339,1182.966,0.7799999713897705,0.02744858775791531
1184.275862,,0.0026267246123593897,1183.43,0.7480000257492065,-0.042819245065641345
1184.741379,,0.006734377083621703,1183.896,0.7739999890327454,0.01333458531917748
1185.206897,,0.008951417692225502,1184.36,0.781000018119812,0.02817109401403197
1185.672414,,0.007885058468095382,1184.819,0.7739999890327454,0.01259758654860169
1186.137931,,0.004925451722941918,1185.286,0.7490000128746033,-0.04209011037455458
1186.603448,,0.0024387972154765636,1185.752,0.753000020980835,-0.03348909869445655
1187.068966,,0.0011780599244139338,1186.22,0.7570000290870667,-0.024776341623707628
1187.5344830000001,,1.1353501788253931e-05,1186.685,0.777999997138977,0.02108622174377311
1188.0,,0.0021797357023828003,1187.145,0.7710000276565552,0.006057178799821241
1188.465517,,0.004647180198026103,1187.615,0.7599999904632568,-0.017582993633959678
1188.9310340000002,,0.005690213392816873,1188.079,0.7720000147819519,0.008979062269195402
1189.3965520000002,,0.004465575896995854,1188.541,0.7720000147819519,0.009477487963739848
1189.862069,,0.0017472727744271268,1189.009,0.765999972820282,-0.003031592241365971
1190.3275859999999,,0.0011145794173298583,1189.472,0.7680000066757202,0.0019349783965150577
1190.793103,,0.003433865233095844,1189.938,0.7739999890327454,0.015642824827673693
1191.258621,,0.00535989574066311,1190.404,0.800000011920929,0.07293075575734069
1191.724138,,0.00729008636998374,1190.87,0.7699999809265137,0.008200884571082642
1192.189655,,0.009263023994599516,1191.335,0.7680000066757202,0.004438762839095485
1192.655172,,0.0107109005477632,1191.801,0.7590000033378601,-0.014628859935327147
1193.12069,,0.010918979106000743,1192.261,0.7739999890327454,0.01851825337455465
1193.586207,,0.01004014645845646,1192.727,0.7739999890327454,0.018897687752965957
1194.051724,,0.00936327098405549,1193.19,0.7599999904632568,-0.011324674846601074
1194.517241,,0.009873516245345392,1193.66,0.796999990940094,0.06945397832411149
1194.982759,,0.010593328556222779,1194.123,0.7559999823570251,-0.01981779738627671
1195.448276,,0.009276671500727614,1194.586,0.7760000228881836,0.02368958326823245
1195.913793,,0.005112813331312697,1195.053,0.7730000019073486,0.016970780551511785
1196.37931,,5.7578375358675494e-05,1195.515,0.7730000019073486,0.016676432138237305
1196.844828,,0.003702186679591972,1195.981,0.7549999952316284,-0.022936595880993164
1197.310345,,0.005050520378528689,1196.444,0.7739999890327454,0.0179694421787995
1197.7758620000002,,0.0050501815401547065,1196.909,0.699999988079071,-0.14381548798233695
1198.241379,,0.004628922906485394,1197.374,0.753000020980835,-0.028971942586533805
1198.706897,,0.003961614049544141,1197.84,0.8420000076293945,0.16426516485101575
1199.172414,,0.0032295410506127786,1198.305,0.7739999890327454,0.015441083251710085
1199.637931,,0.0030791218236997722,1198.771,0.7739999890327454,0.014772951667409405
1200.1034479999998,,0.0039272600699559925,1199.238,0.7739999890327454,0.014133007444528844
1200.568966,,0.005371500519304989,1199.704,0.753000020980835,-0.0322098265752219
1201.034483,,0.006732996244431985,1200.164,0.7739999890327454,0.01301816091941236
1201.5,,0.007802765475992136,1200.634,0.7820000052452087,0.030009377335115238
1201.965517,,0.00857336262667445,1201.097,0.8159999847412109,0.1037469300791014
1202.431034,,0.008547792292295152,1201.559,0.7590000033378601,-0.020659223420959327
1202.896552,,0.007009957691349894,1202.031,0.7720000147819519,0.0075598393056686515
1203.362069,,0.004086786036382561,1202.493,0.7730000019073486,0.009758187027603957
1203.827586,,0.001066075875553029,1202.959,0.7570000290870667,-0.02495735179474134
1204.293103,,0.0006110607811228201,1203.422,0.7699999809265137,0.003626489411440842
1204.7586210000002,,0.0004715361076183189,1203.888,0.7580000162124634,-0.022144883181552808
1205.224138,,0.0009676051555904139,1204.352,0.7519999742507935,-0.03474544899389717
1205.6896550000001,,0.002867882012780597,1204.818,0.7749999761581421,0.015919306258541835
1206.1551720000002,,0.004401469269492853,1205.283,0.7699999809265137,0.0056495078000795285
1206.62069,,0.004840287537469485,1205.748,0.7770000100135803,0.02157185119446047
1207.0862069999998,,0.003951631564809102,1206.209,0.7760000228881836,0.02009205490195154
1207.551724,,0.002219480550220615,1206.674,0.7820000052452087,0.03386767805702222
1208.017241,,0.000353797014682431,1207.142,0.6439999938011169,-0.2661022501694736
1208.482759,,0.0011700713386598744,1207.605,0.5130000114440918,-0.5508711919804677
1208.948276,,0.0019659117496354486,1208.075,0.7509999871253967,-0.03179162369812512
1209.413793,,0.0017729822379015123,1208.537,0.7590000033378601,-0.013885422610906016
1209.87931,,0.0009881396362212173,1209.009,0.7760000228881836,0.02353454284859313
1210.344828,,0.000583431451733637,1209.464,0.7870000004768372,0.047777314750002964
1210.810345,,0.001085743216281289,1209.93,0.7310000061988831,-0.07406376337533306
1211.275862,,0.0019948342518371293,1210.397,0.7570000290870667,-0.017376742810452945
1211.741379,,0.0024120215825099156,1210.863,0.75,-0.03270822279352068
1212.206897,,0.001891344458353268,1211.327,0.7480000257492065,-0.037266840031581934
1212.6724140000001,,0.0006028457600270606,1211.793,0.7820000052452087,0.03649179317672252
1213.137931,,0.0008517540319222268,1212.257,0.7739999890327454,0.0186438521665074
1213.603448,,0.0016142839558084105,1212.723,0.7630000114440918,-0.005830301046382289
1214.0689659999998,,0.0010698721638242386,1213.186,0.7549999952316284,-0.02384400041194575
1214.534483,,0.0004888807479063907,1213.655,0.7860000133514404,0.043052381348992384
1215.0,,0.001953625672014218,1214.116,0.7739999890327454,0.016230057972144416
1215.4655169999999,,0.0023100039703132192,1214.579,0.7519999742507935,-0.032394722725326106
1215.931034,,0.0012946890716905,1215.049,0.7710000276565552,0.008310100223219626
1216.396552,,0.0005699160374294353,1215.511,0.7580000162124634,-0.020675690386683893
1216.862069,,0.002028471821842901,1215.977,0.7860000133514404,0.039710494128184184
1217.3275859999999,,0.0015777097397715524,1216.44,0.7519999742507935,-0.03491293849210549
1217.793103,,0.001012189058595814,1216.906,0.777999997138977,0.021266338474540732
1218.258621,,0.0036953137552762473,1217.371,0.777999997138977,0.020899245862779598
1218.724138,,0.003809282800620642,1217.837,0.75,-0.04035993144406587
1219.1896550000001,,0.000961702783332951,1218.301,0.777999997138977,0.020502964883075018
1219.655172,,0.0026563286924773362,1218.766,0.7549999952316284,-0.02962289092701571
1220.12069,,0.004874432556228969,1219.231,0.7049999833106995,-0.13845045473603296
1220.586207,,0.005286736325864164,1219.697,0.7739999890327454,0.01209913629512298
1221.0517240000001,,0.004194319548138943,1220.16,0.753000020980835,-0.033317107853848095
1221.517241,,0.0013466568777270934,1220.63,0.7720000147819519,0.008515892542645752
1221.982759,,0.0030870985830461924,1221.091,0.7730000019073486,0.011223623376788451
1222.4482759999999,,0.007072229149615552,1221.554,0.8360000252723694,0.14908357635851383
1222.913793,,0.007784676407388993,1222.023,0.7749999761581421,0.016849429433529465
1223.37931,,0.00454638206297408,1222.486,0.7480000257492065,-0.04127398314871736
1223.844828,,6.19465090421466e-05,1222.951,0.7850000262260437,0.040049298926197095
1224.3103449999999,,0.002522799026035827,1223.416,0.765999972820282,-0.0006403239483329356
1224.775862,,0.0015245287457542624,1223.882,0.7749999761581421,0.019642067870213244
1225.241379,,0.001378318959281083,1224.349,0.7739999890327454,0.018086530022934217
1225.706897,,0.0036491475717986563,1224.814,0.753000020980835,-0.027113266602664228
1226.1724140000001,,0.00373027901309679,1225.278,0.7739999890327454,0.019100911339332942
1226.637931,,0.0015315299465877283,1225.744,0.753000020980835,-0.026291879458133417
1227.103448,,0.0019170787069324262,1226.209,0.7839999794960022,0.041489798725796626
1227.568966,,0.004762992256915536,1226.675,0.7739999890327454,0.019824500743278795
1228.0344830000001,,0.005023378197352676,1227.138,0.7580000162124634,-0.015039347771497054
1228.5,,0.0020952277557475803,1227.6,0.777999997138977,0.028400768519175893
1228.965517,,0.0022082775321772817,1228.068,0.777999997138977,0.028144850047422575
1229.4310340000002,,0.004731895335509461,1228.53,0.777999997138977,0.02777381866666663
1229.896552,,0.003604543207109395,1228.996,0.7570000290870667,-0.0184530862604694
1230.3620689999998,,0.00010082588435397067,1229.461,0.7519999742507935,-0.02991250642802192
1230.8275859999999,,0.0034531674616679713,1229.926,0.7720000147819519,0.013020954343684367
1231.293103,,0.00454167286079806,1230.394,0.777999997138977,0.025400137451534428
1231.758621,,0.004121398236175189,1230.859,0.7820000052452087,0.033391135172720264
1232.224138,,0.004094944545820266,1231.32,0.7749999761581421,0.01740855631117883
1232.689655,,0.00469902853006585,1231.786,0.8500000238418579,0.18009100540172382
1233.155172,,0.004177892454562339,1232.253,0.7739999890327454,0.013836402873245737
1233.62069,,0.001445008989020714,1232.718,0.7570000290870667,-0.023819274320537792
1234.086207,,0.0021173746874547854,1233.179,0.7730000019073486,0.010496288455073869
1234.551724,,0.0043556515430386135,1233.648,0.7680000066757202,-0.000846589247150706
1235.017241,,0.004913040696704062,1234.112,0.753000020980835,-0.03386882902309226
1235.482759,,0.00490607380601969,1234.574,0.7609999775886536,-0.016664759398077364
1235.948276,,0.004684581944347635,1235.042,0.9300000071525574,0.3514299926760188
1236.4137930000002,,0.0034436366792867257,1235.505,0.7730000019073486,0.009419857655750674
1236.87931,,0.0009834285607665037,1235.971,0.753000020980835,-0.03398452660006821
1237.344828,,0.001508905562599683,1236.434,0.7689999938011169,0.0011646097139025177
1237.8103449999999,,0.0026938335686348606,1236.9,0.7559999823570251,-0.026753700908032807
1238.275862,,0.002251884864974677,1237.367,0.7450000047683716,-0.050214049541218456
1238.7413789999998,,0.0008368885000761368,1237.833,0.7739999890327454,0.013556520669942881
1239.206897,,0.0003519476244468064,1238.3,0.7739999890327454,0.014214159402239482
1239.672414,,6.304981604640234e-05,1238.759,0.777999997138977,0.023634740292973182
1240.137931,,0.002048510462880169,1239.224,0.7720000147819519,0.011295540309983176
1240.603448,,0.004755457064027978,1239.689,0.7789999842643738,0.027282811505506176
1241.068966,,0.006121086642114237,1240.16,0.7739999890327454,0.017107856217345552
1241.534483,,0.0052725972902954235,1240.623,0.753000020980835,-0.027966564968153775
1242.0,,0.0030242094492425016,1241.086,0.7609999775886536,-0.009923125651080075
1242.465517,,0.0006558446170806815,1241.549,0.7620000243186951,-0.007211921479072331
1242.931034,,0.0014844849577619194,1242.019,0.75,-0.032921723336016104
1243.3965520000002,,0.0037641009283569224,1242.481,0.46299999952316284,-0.6578776564795795
1243.862069,,0.0059184977211228125,1242.947,0.7730000019073486,0.017687576066867133
1244.327586,,0.006678516951495479,1243.412,0.7739999890327454,0.019918720062328952
1244.793103,,0.005206208478086212,1243.877,0.7580000162124634,-0.015014060007132374
1245.2586210000002,,0.002582939045626345,1244.342,0.7580000162124634,-0.015213258234786852
1245.724138,,0.0011670426039337286,1244.808,0.777999997138977,0.028042410210796516
1246.189655,,0.0022122283232470135,1245.275,0.7760000228881836,0.02326068920458038
1246.655172,,0.0045404811948648385,1245.734,0.7789999842643738,0.029278589076227164
1247.12069,,0.005965734073629811,1246.201,0.7900000214576721,0.052648765745029455
1247.5862069999998,,0.005667988280710263,1246.667,0.7739999890327454,0.017136710088439557
1248.051724,,0.004540555609437074,1247.134,0.7710000276565552,0.009908277681512038
1248.517241,,0.0035043804731178223,1247.597,0.7480000257492065,-0.040911933013079764
1248.982759,,0.002517073082148085,1248.06,0.7739999890327454,0.015024051739617867
1249.448276,,0.0013952217631716195,1248.53,0.7739999890327454,0.014339687238987426
1249.913793,,0.0005501872563438833,1248.996,0.7739999890327454,0.013700887517525157
1250.37931,,0.00030428276876711834,1249.455,0.7310000061988831,-0.08055587283765354
1250.844828,,0.00017797093647615913,1249.92,0.7519999742507935,-0.03529932292648781
1251.310345,,0.0004949148239807859,1250.386,0.7749999761581421,0.014409599919453264
1251.775862,,0.001705104000054704,1250.852,0.7559999823570251,-0.0272770121332621
1252.241379,,0.003069150824666504,1251.316,0.7739999890327454,0.011762706452756913
1252.706897,,0.004545246586725397,1251.782,0.8399999737739563,0.15550037254931828
1253.1724140000001,,0.006184579263067798,1252.249,0.7480000257492065,-0.04486329033576033
1253.6379310000002,,0.0073662966189090556,1252.715,0.7720000147819519,0.007616888628700556
1254.1034479999998,,0.006915417960589937,1253.178,0.7509999871253967,-0.03782908374651013
1254.5689659999998,,0.004207496340972203,1253.641,0.777999997138977,0.021403714981380436
1255.034483,,4.411893761509635e-05,1254.108,0.7739999890327454,0.013189582891609916
1255.5,,0.0037003593279479,1254.571,0.7590000033378601,-0.018913883492332365
1255.9655169999999,,0.005454962380983824,1255.034,0.7749999761581421,0.01657831611432252
1256.431034,,0.005060305547368381,1255.504,0.7599999904632568,-0.015429318341879878
1256.896552,,0.0035594685838847987,1255.97,0.7739999890327454,0.015761499712172507
1257.362069,,0.0021276975766938845,1256.433,0.7269999980926514,-0.08594923120756152
1257.827586,,0.0012784467817797244,1256.899,0.7760000228881836,0.02146508600014253
1258.293103,,0.0007015069652480303,1257.364,0.7739999890327454,0.01772388832441745
1258.758621,,0.00034636526212862757,1257.83,0.7609999775886536,-0.010044526688097717
1259.224138,,0.0021748976690875747,1258.29,0.7730000019073486,0.01657444513773259
1259.6896550000001,,0.004088608375852645,1258.756,0.7519999742507935,-0.02879527424050644
1260.155172,,0.004930173983872363,1259.22,0.7490000128746033,-0.03505409597197688
1260.6206900000002,,0.004122494572084792,1259.685,0.7480000257492065,-0.03706905218519902
1261.086207,,0.0020508724348424334,1260.149,0.7760000228881836,0.023979415155405043
1261.5517240000001,,0.00024830924652511125,1260.619,0.7739999890327454,0.019551124506864345
1262.017241,,0.0016034374019114452,1261.082,0.7599999904632568,-0.011135201005737205
1262.482759,,0.0013356358216227169,1261.544,0.7739999890327454,0.019072159410963074
1262.9482759999999,,0.00025872477902271824,1262.013,0.7739999890327454,0.018679583968662657
1263.413793,,0.0020762948892705272,1262.475,0.7609999775886536,-0.010121983039090881
1263.87931,,0.002998857186494844,1262.941,0.7760000228881836,0.022006867463975573
1264.344828,,0.002750736739834802,1263.408,0.8169999718666077,0.11072652700724271
1264.8103449999999,,0.0021568482276746485,1263.874,0.7870000004768372,0.04472810278582804
1265.275862,,0.002320746974923848,1264.335,0.7789999842643738,0.026644520058513366
1265.741379,,0.0032588532777125447,1264.801,0.7770000100135803,0.02163632323787374
1266.206897,,0.0036624292497254023,1265.268,0.777999997138977,0.02318660581728388
1266.6724140000001,,0.0024668478532561097,1265.733,0.7549999952316284,-0.027509842310039757
1267.137931,,0.00035962773537012157,1266.194,0.7440000176429749,-0.0520053305253779
1267.603448,,0.0008961541221024949,1266.663,0.7559999823570251,-0.026319931049375793
1268.068966,,0.0005075046810886726,1267.131,0.7519999742507935,-0.035407202692090814
1268.5344830000001,,0.000625141449391614,1267.593,0.7739999890327454,0.012247434190463587
1269.0,,0.0011880444351450548,1268.061,0.7739999890327454,0.012077400216332733
1269.465517,,0.0007224561628751494,1268.522,0.7770000100135803,0.018554202792661727
1269.9310340000002,,0.0005486976611419303,1268.988,0.7480000257492065,-0.04457398143777716
1270.396552,,0.002368232686243711,1269.451,0.7739999890327454,0.012232724009725476
1270.862069,,0.004308084720197211,1269.917,0.753000020980835,-0.033252811082955205
1271.3275859999999,,0.005382652080224348,1270.382,0.7570000290870667,-0.024176556642240322
1271.793103,,0.004611137537528258,1270.847,0.7580000162124634,-0.021552007480831237
1272.258621,,0.002214528028910184,1271.312,0.7739999890327454,0.013823393706244498
1272.724138,,0.0002552253015062119,1271.778,0.7760000228881836,0.018754013324479762
1273.189655,,0.0015317044971899165,1272.245,0.7739999890327454,0.015009139085123083
1273.655172,,0.002151726766355723,1272.704,0.765999972820282,-0.0017869268286252972
1274.12069,,0.0036408845623290753,1273.172,0.9290000200271606,0.35397055856986204
1274.586207,,0.006174773568263858,1273.634,0.7630000114440918,-0.0070595987609603245
1275.0517240000001,,0.007919272707379538,1274.105,0.7509999871253967,-0.032612027255242926
1275.517241,,0.007199118163816877,1274.567,0.765999972820282,0.0006036951423822787
1275.982759,,0.0047826699029677915,1275.035,0.7870000004768372,0.04682055967672067
1276.448276,,0.003241693801140867,1275.497,0.7760000228881836,0.023236668314851338
1276.9137930000002,,0.0040268686595946205,1275.963,0.7580000162124634,-0.01569357919920575
1277.37931,,0.005800971856022276,1276.429,0.7789999842643738,0.030238700817069517
1277.844828,,0.0059902954149892145,1276.894,0.7739999890327454,0.01941649511987759
1278.3103449999999,,0.0035950420980047724,1277.354,0.7549999952316284,-0.022018597404064952
1278.775862,,7.231227359548989e-05,1277.82,0.7739999890327454,0.019224139056392926
1279.2413789999998,,0.0022930850380163143,1278.286,0.722000002861023,-0.09432379702636362
1279.706897,,0.0024283572037169165,1278.752,0.765999972820282,0.0011791857560579273
1280.172414,,0.0010470241762760748,1279.217,0.765999972820282,0.0007341558493650114
1280.637931,,0.00017837805837103812,1279.682,0.7580000162124634,-0.017213014379182504
1281.103448,,0.00022532633027648615,1280.145,0.7739999890327454,0.01707020345945872
1281.568966,,0.0026935927279952317,1280.615,0.7400000095367432,-0.05761845411396474
1282.034483,,0.0062776935831611045,1281.079,0.75,-0.0364680276331203
1282.5,,0.009112766821756485,1281.541,0.75,-0.03710622413210761
1282.965517,,0.009820280408267056,1282.009,0.7580000162124634,-0.020297420347970514
1283.431034,,0.008767627293356867,1282.471,0.8500000238418579,0.17955671120511885
1283.8965520000002,,0.007638810151122387,1282.936,0.7739999890327454,0.013456410320446003
1284.362069,,0.007571967977569659,1283.401,0.7739999890327454,0.013006958072230889
1284.827586,,0.008020606553779893,1283.867,0.7599999904632568,-0.01785836080390603
1285.2931030000002,,0.007596249183049048,1284.335,0.7480000257492065,-0.044271017442369553
1285.758621,,0.005713591193883983,1284.8,0.765999972820282,-0.00522158101773966
1286.2241379999998,,0.0031601546914791214,1285.26,0.753000020980835,-0.03360227955037139
1286.689655,,0.001206103727263409,1285.726,0.7739999890327454,0.012200411997202306
1287.155172,,0.00045618712051202987,1286.19,0.7739999890327454,0.012359715878099838
1287.62069,,0.0006730405860714197,1286.66,0.7490000128746033,-0.04184421053982407
1288.086207,,0.0014466966276323228,1287.123,0.7870000004768372,0.041301129258680576
1288.551724,,0.002554177750279332,1287.587,0.753000020980835,-0.032332579560670656
1289.017241,,0.003544106638884939,1288.05,0.777999997138977,0.022643790450152995
1289.482759,,0.0034857224812239697,1288.52,0.765999972820282,-0.0029356752964403736
1289.948276,,0.0017009747978102173,1288.985,0.7739999890327454,0.015094913723189761
1290.413793,,0.0012769794540012926,1289.448,0.7599999904632568,-0.014786481817074417
1290.87931,,0.003905033330883465,1289.914,0.777999997138977,0.025048225289633023
1291.344828,,0.005010273191509467,1290.379,0.7739999890327454,0.016933359471084965
1291.810345,,0.00473859877164088,1290.844,0.7509999871253967,-0.032613611229424105
1292.2758620000002,,0.0038616782558777226,1291.308,0.8019999861717224,0.07900461365632641
1292.741379,,0.002518212318087591,1291.774,0.7549999952316284,-0.022954389380288306
1293.2068969999998,,0.0003812516735704609,1292.234,0.7739999890327454,0.018794124763669897
1293.672414,,0.0020811167057967223,1292.7,0.7559999823570251,-0.02016184347583021
1294.137931,,0.003562702074462821,1293.164,0.7580000162124634,-0.01564721337502198
1294.6034479999998,,0.00343710491418802,1293.633,0.7739999890327454,0.01926136863744185
1295.068966,,0.0024446327872288593,1294.097,0.7620000243186951,-0.00693995497883175
1295.534483,,0.0013935481635926044,1294.56,0.7749999761581421,0.021219035486923474
1296.0,,8.193848035403347e-05,1295.031,0.7739999890327454,0.01877683894434429
1296.4655169999999,,0.002727112508882314,1295.493,0.7580000162124634,-0.016437083413442778
1296.931034,,0.005968897293458872,1295.959,0.7649999856948853,-0.001623608815232336
1297.396552,,0.007811611488135051,1296.422,0.7829999923706055,0.03708754218723051
1297.862069,,0.006688591432766835,1296.888,0.7730000019073486,0.014745188106527734
1298.327586,,0.0031743189194039004,1297.352,0.7760000228881836,0.02069109705279604
1298.793103,,0.0003806046801599347,1297.818,0.7680000066757202,0.002655455999057735
1299.258621,,0.0020028133122129625,1298.282,0.7739999890327454,0.015122987208922623
1299.724138,,0.0018093666630137355,1298.748,0.753000020980835,-0.03121270274205103
1300.1896550000001,,0.001360641083665528,1299.212,0.7739999890327454,0.013992432877464774
1300.655172,,0.001439455583792626,1299.678,0.7559999823570251,-0.025715345743157782
1301.12069,,0.001234213751266779,1300.145,0.746999979019165,-0.045746457136009756
1301.5862069999998,,0.000154920643717583,1300.608,0.765999972820282,-0.004694091823612607
1302.051724,,0.00045302937141494934,1301.071,0.7570000290870667,-0.02455176380800206
1302.517241,,0.001273418726455931,1301.534,0.7850000262260437,0.03630052054963964
1302.982759,,0.004683762450392859,1302.0,0.9279999732971191,0.34780541135699766
1303.4482759999999,,0.006414954692820057,1302.471,0.7580000162124634,-0.02249493357739643
1303.913793,,0.003953082808557999,1302.929,0.7490000128746033,-0.04192750364543472
1304.37931,,0.0014096349408261584,1303.394,0.7580000162124634,-0.02204821872188368
1304.844828,,0.005929921845610238,1303.86,0.7720000147819519,0.008812147575713618
1305.310345,,0.007115757852088528,1304.327,0.6909999847412109,-0.16722356397632673
1305.775862,,0.0053465416915476315,1304.792,0.7749999761581421,0.016278784227262463
1306.241379,,0.0025627383598332046,1305.256,0.7749999761581421,0.01682182554331992
1306.706897,,0.000592967890451216,1305.722,0.7720000147819519,0.01086107520908629
1307.1724140000001,,0.00045310305679913246,1306.19,0.7490000128746033,-0.03865879632552931
1307.637931,,0.0018451384169039225,1306.653,0.7590000033378601,-0.01628797536632786
1308.103448,,0.0029874496700054193,1307.116,0.7649999856948853,-0.002654140061825346
1308.568966,,0.0019613250688404714,1307.586,0.7749999761581421,0.019655586074911968
1309.0344830000001,,0.001093095391660701,1308.049,0.7519999742507935,-0.029984477342838965
1309.5,,0.003487181866296055,1308.511,0.7570000290870667,-0.018691207761959473
1309.9655169999999,,0.0022532889346669567,1308.977,0.7490000128746033,-0.03580174710572497
1310.431034,,0.00296919522021288,1309.44,0.6729999780654907,-0.2011526330328668
1310.896552,,0.009457595042478964,1309.906,0.7739999890327454,0.019017818504219405
1311.362069,,0.01381186810312135,1310.371,0.7630000114440918,-0.004921222165166081
1311.8275859999999,,0.014648959344830837,1310.836,0.753000020980835,-0.026781327103570392
1312.293103,,0.01301837005014246,1311.303,0.7730000019073486,0.016620929690132954
1312.758621,,0.010816720870329024,1311.769,0.800000011920929,0.07518355597233677
1313.224138,,0.009304182113957754,1312.234,0.777999997138977,0.02691145546229143
1313.689655,,0.00873174143517555,1312.7,0.7490000128746033,-0.03668210439374884
1314.155172,,0.008529775464139237,1313.164,0.7730000019073486,0.01513344190182615
1314.62069,,0.007731005132491382,1313.626,0.7559999823570251,-0.022420365116553622
1315.086207,,0.005778425564573232,1314.09,0.7699999809265137,0.007535109994065883
1315.5517240000001,,0.0030878508240671973,1314.56,0.7739999890327454,0.01569204798597895
1316.017241,,0.0005643756496834728,1315.023,0.753000020980835,-0.030612438206122295
1316.482759,,0.0012895045760627129,1315.486,0.7839999794960022,0.03639385852027051
1316.948276,,0.002538693656909588,1315.952,0.777999997138977,0.022827925118736825
1317.4137930000002,,0.003437074157867482,1316.416,0.7739999890327454,0.013671763799629843
1317.8793099999998,,0.004231669784439434,1316.882,0.7549999952316284,-0.028099290373046138
1318.344828,,0.005078645783976401,1317.346,0.7480000257492065,-0.043651724487437295
1318.8103449999999,,0.005937906905643983,1317.812,0.7739999890327454,0.012774359564400203
1319.275862,,0.0067693028880827805,1318.278,0.7519999742507935,-0.03528492515362047
1319.741379,,0.007757627183412787,1318.744,0.7350000143051147,-0.07235838051901453
1320.206897,,0.008878294227852683,1319.209,0.7789999842643738,0.0235584701281899
1320.672414,,0.009347849712726218,1319.674,0.7739999890327454,0.012813541149953995
1321.137931,,0.008251849897338766,1320.138,0.7760000228881836,0.017406978367647617
1321.603448,,0.005993439580349511,1320.601,0.7580000162124634,-0.021492747419729896
1322.068966,,0.004564383695400606,1321.064,0.7739999890327454,0.01375127210188373
1322.5344830000001,,0.0058092636006771056,1321.534,0.7549999952316284,-0.027199631734665716
1323.0,,0.009373539022560898,1322.005,0.7549999952316284,-0.02671245658918426
1323.465517,,0.012578785094090007,1322.46,0.7570000290870667,-0.021839254561244432
1323.931034,,0.012545807980617545,1322.925,0.7739999890327454,0.015727028050612803
1324.3965520000002,,0.00876743790345126,1323.39,0.7739999890327454,0.016254677892193384
1324.862069,,0.0038329788270090584,1323.855,0.7730000019073486,0.014586583573479047
1325.327586,,0.0013605439949874614,1324.32,0.765999972820282,-0.00018595752801070032
1325.793103,,0.0027666418850932238,1324.786,0.7689999938011169,0.006781279031309475
1326.258621,,0.0061014669244354456,1325.253,0.753000020980835,-0.027705627374161785
1326.724138,,0.008218187622196695,1325.719,0.7760000228881836,0.02270396938918343
1327.189655,,0.007702687233647391,1326.179,0.7580000162124634,-0.016290266486498513
1327.655172,,0.005394583964671132,1326.649,0.7870000004768372,0.04702684471124984
1328.12069,,0.0027171701798996404,1327.112,0.7950000166893005,0.06450445151160163
1328.586207,,0.00039056227818896633,1327.574,0.777999997138977,0.027427249726321542
1329.051724,,0.001360838649029585,1328.045,0.7739999890327454,0.01858496677461185
1329.517241,,0.00229494331495314,1328.508,0.753000020980835,-0.02737858305625233
1329.982759,,0.002360078823644896,1328.974,0.7739999890327454,0.018082795329925176
1330.448276,,0.002018845763588844,1329.437,0.75,-0.03456430188330641
1330.913793,,0.0018429627511299617,1329.902,0.7599999904632568,-0.013196085895771115
1331.37931,,0.0018276695304820342,1330.367,0.7620000243186951,-0.00930303146847674
1331.844828,,0.001411610756803558,1330.833,0.7739999890327454,0.016344833330126672
1332.310345,,0.00022503354698185323,1331.298,0.75,-0.03645512083338228
1332.7758620000002,,0.0013327889456741112,1331.763,0.7540000081062317,-0.028254650810416258
1333.241379,,0.002342488550858108,1332.227,0.7739999890327454,0.014817893024579134
1333.7068969999998,,0.002136790953456696,1332.692,0.7559999823570251,-0.02486900113115358
1334.172414,,0.0007593948227180817,1333.16,0.7519999742507935,-0.03401191970574372
1334.637931,,0.0012165902431776872,1333.622,0.7770000100135803,0.020081696609300863
1335.1034479999998,,0.0030725987202595132,1334.086,0.7559999823570251,-0.025975564499088964
1335.568966,,0.004169429488857412,1334.549,0.7799999713897705,0.026082682972762828
1336.034483,,0.0041310724350442935,1335.02,0.7730000019073486,0.010686204060686936
1336.5,,0.003046701939015895,1335.482,0.753000020980835,-0.03294547329988185
1336.965517,,0.0015023621000992953,1335.948,0.7590000033378601,-0.019844346858911517
1337.431034,,0.0003628768822265792,1336.412,0.796999990940094,0.06306099897704776
1337.896552,,0.00034762396368811675,1336.878,0.7739999890327454,0.013153541504656642
1338.362069,,0.0015159806256086507,1337.345,0.7699999809265137,0.004718633249659158
1338.827586,,0.003096896804995045,1337.804,0.7789999842643738,0.024675321268229765
1339.293103,,0.004064497874451451,1338.276,0.7440000176429749,-0.05117050261589919
1339.7586210000002,,0.0040274959667143465,1338.734,0.75,-0.03764731564286908
1340.224138,,0.003540223420569142,1339.205,0.753000020980835,-0.030629587974701458
1340.6896550000001,,0.003614787617367187,1339.664,0.7559999823570251,-0.023595858285069604
1341.155172,,0.004879977362893525,1340.134,0.7570000290870667,-0.02091787885904859
1341.62069,,0.00692488518951925,1340.596,0.7599999904632568,-0.013896198506284119
1342.0862069999998,,0.008432068729846169,1341.064,0.7850000262260437,0.04102865822054865
1342.551724,,0.00825674988707792,1341.527,0.7720000147819519,0.013124625543623002
1343.017241,,0.006460412997141408,1341.992,0.7770000100135803,0.024383878109128593
1343.482759,,0.0041762514359813515,1342.456,0.7739999890327454,0.018150577502812
1343.948276,,0.002553784099614625,1342.922,0.7559999823570251,-0.020835002660042252
1344.413793,,0.0018969967369134328,1343.387,0.7559999823570251,-0.020684890461376986
1344.87931,,0.0016356030449981539,1343.852,0.7680000066757202,0.005524660204115877
1345.344828,,0.001071288193896936,1344.319,0.7699999809265137,0.009861956219781276
1345.810345,,0.0002395492528083259,1344.785,0.7739999890327454,0.01847217874756475
1346.275862,,0.00017461267161083096,1345.25,0.7699999809265137,0.00957218464793775
1346.741379,,7.016672267032574e-05,1345.716,0.7599999904632568,-0.012475170383081473
1347.206897,,0.000262415397357205,1346.179,0.7760000228881836,0.02205473220325809
1347.6724140000001,,0.0002749776641598643,1346.641,0.7699999809265137,0.008596797511266165
1348.137931,,0.0012558391220442082,1347.105,0.7730000019073486,0.014701244039886506
1348.603448,,0.0020961795503986673,1347.574,0.7599999904632568,-0.0140856264480148
1349.0689659999998,,0.0029690591175163625,1348.035,0.7480000257492065,-0.04071332882775106
1349.534483,,0.0043503297588552495,1348.504,0.7739999890327454,0.015442191400005783
1350.0,,0.005788670986415356,1348.97,0.7519999742507935,-0.03296771600697772
1350.4655169999999,,0.0060216979214955495,1349.433,0.7739999890327454,0.014507103400549169
1350.931034,,0.004405560609633645,1349.899,0.6119999885559082,-0.33885449328863737
1351.396552,,0.001670058708843826,1350.364,0.753000020980835,-0.032040620192651435
1351.862069,,0.0007984526299930061,1350.83,0.7829999923706055,0.033001953626376576
1352.3275859999999,,0.0019979757251369214,1351.29,0.7509999871253967,-0.03695989979521116
1352.793103,,0.0016365500725717354,1351.756,0.7770000100135803,0.019519124147098568
1353.258621,,9.49573752656227e-05,1352.22,0.7739999890327454,0.0129018242055141
1353.724138,,0.0027313410420167403,1352.687,0.7519999742507935,-0.03502270299712741
1354.1896550000001,,0.005504008386922105,1353.149,0.7689999938011169,0.0021065663986684275
1354.655172,,0.007290382972160961,1353.619,0.7490000128746033,-0.04129069787952445
1355.12069,,0.007004688729790109,1354.082,0.7739999890327454,0.013429385749999719
1355.586207,,0.004529151673251238,1354.545,0.7480000257492065,-0.042890890274200066
1356.0517240000001,,0.0012886114684004912,1355.016,0.7450000047683716,-0.049042132626714176
1356.517241,,0.0006651846942574636,1355.478,0.7680000066757202,0.0014999601527990098
1356.982759,,0.0005637419830558695,1355.944,0.7749999761581421,0.017219819771006395
1357.4482759999999,,0.0003356020434850798,1356.409,0.7059999704360962,-0.1326162105079378
1357.913793,,0.00024748472369677825,1356.874,0.7559999823570251,-0.02318793675775243
1358.3793099999998,,0.0011605836963931395,1357.335,0.7689999938011169,0.0056211511126563135
1358.844828,,0.0026992977367236637,1357.801,0.7599999904632568,-0.013522685731521109
1359.3103449999999,,0.00336750355991916,1358.268,0.7570000290870667,-0.019631328543034062
1359.775862,,0.003494156203306754,1358.733,0.7749999761581421,0.019961785775277022
1360.241379,,0.004019944838493335,1359.194,0.7739999890327454,0.018100168469392115
1360.706897,,0.005200733734851489,1359.664,0.7419999837875366,-0.05137011843434429
1361.1724140000001,,0.0063538911271916205,1360.127,0.4659999907016754,-0.6525152140736978
1361.637931,,0.006493521170593838,1360.589,0.7739999890327454,0.018576426520158677
1362.103448,,0.005038504198315357,1361.06,0.7739999890327454,0.018554397824906685
1362.568966,,0.002445045854899239,1361.522,0.7570000290870667,-0.0185876747708151
1363.0344830000001,,0.0003405494600966896,1361.988,0.7850000262260437,0.042229807526128656
1363.5,,0.00033230348631255744,1362.451,0.7730000019073486,0.01582818066922588
1363.965517,,0.002256411425650632,1362.916,0.753000020980835,-0.028067856552990565
1364.4310340000002,,0.004144026560462909,1363.383,0.7739999890327454,0.017304679607397656
1364.896552,,0.004423372833229465,1363.849,0.7409999966621399,-0.05501433773832949
1365.3620689999998,,0.0038123059989505757,1364.315,0.7739999890327454,0.01642547927017322
1365.8275859999999,,0.004420670808360578,1364.774,0.7739999890327454,0.01595223400951724
1366.293103,,0.006980719361140482,1365.241,0.7739999890327454,0.015476103148913727
1366.758621,,0.00964698986612053,1365.707,0.7609999775886536,-0.013311487224328327
1367.224138,,0.010050327848890183,1366.175,0.7580000162124634,-0.020288301283117875
1367.689655,,0.008091770954349894,1366.637,0.7739999890327454,0.014166112492656808
1368.155172,,0.005877319446562812,1367.105,0.7749999761581421,0.015990163753969826
1368.62069,,0.004991803121208181,1367.567,0.7710000276565552,0.006980923406618829
1369.086207,,0.004786737250296512,1368.03,0.7649999856948853,-0.006317888322659393
1369.551724,,0.003668425435493619,1368.501,0.7590000033378601,-0.01954276085322651
1370.017241,,0.0011875597071688783,1368.959,0.7519999742507935,-0.03486896926786757
1370.482759,,0.00182237079820775,1369.43,0.753000020980835,-0.03268697966231089
1370.948276,,0.004469178986285106,1369.895,0.777999997138977,0.02186111767068517
1371.4137930000002,,0.006237617383295158,1370.36,0.7820000052452087,0.03073452044593491
1371.87931,,0.006662406257251326,1370.825,0.7760000228881836,0.017893720107321966
1372.344828,,0.00562093347848462,1371.29,0.7739999890327454,0.013832245197057058
1372.810345,,0.003903129139456304,1371.755,0.7490000128746033,-0.04028298831011307
1373.275862,,0.0026439450301595836,1372.22,0.7549999952316284,-0.026816711824876428
1373.7413789999998,,0.0020386419203962994,1372.686,0.7739999890327454,0.015003701862035392
1374.206897,,0.001282984398681443,1373.149,0.7540000081062317,-0.02812378831561817
1374.672414,,3.340076991782543e-06,1373.611,0.7590000033378601,-0.016779285394592308
1375.137931,,0.0009841558904951342,1374.079,0.8429999947547913,0.1666723643744295
1375.6034479999998,,0.0008499367711353844,1374.542,0.7739999890327454,0.01677339159905543
1376.068966,,3.9743833433527855e-05,1375.005,0.7739999890327454,0.017170320862271292
1376.534483,,0.0003794940774175864,1375.475,0.7490000128746033,-0.03694326873231429
1377.0,,0.000248256521229216,1375.94,0.6819999814033508,-0.18261707126737448
1377.465517,,0.00035200748251519945,1376.404,0.7599999904632568,-0.012453473907628
1377.931034,,0.001095593961647084,1376.87,0.777999997138977,0.02691998268721759
1378.3965520000002,,0.0018715287758174462,1377.335,0.7730000019073486,0.016111201670999702
1378.862069,,0.0018228141639831752,1377.801,0.753000020980835,-0.027452785262439994
1379.327586,,0.0009195104541767923,1378.261,0.7739999890327454,0.018232048655938644
1379.793103,,0.0003085791422023075,1378.726,0.7490000128746033,-0.03637410813409469
1380.2586210000002,,0.0014973430615653858,1379.19,0.7639999985694885,-0.0039032422242107094
1380.724138,,0.004731383650742853,1379.66,0.7620000243186951,-0.008531477006239801
1381.1896550000001,,0.008284121019961831,1380.123,0.7739999890327454,0.01728797634822784
1381.655172,,0.01002751694893812,1380.586,0.800000011920929,0.07356623368638145
1382.12069,,0.009723406927083218,1381.049,0.7490000128746033,-0.03794260969940709
1382.5862069999998,,0.009067111536902636,1381.519,0.7710000276565552,0.009569806973142653
1383.051724,,0.009362251656580415,1381.984,0.7620000243186951,-0.010463998956649281
1383.517241,,0.009952772251938295,1382.447,0.7789999842643738,0.02615188882526986
1383.982759,,0.009434811990393728,1382.913,0.7749999761581421,0.017033815716234555
1384.448276,,0.007785585181026761,1383.378,0.7570000290870667,-0.022556082969214516
1384.913793,,0.006447781846218218,1383.844,0.7770000100135803,0.020682034981469276
1385.37931,,0.006493615922832855,1384.304,0.7549999952316284,-0.027534092808533302
1385.844828,,0.007557802470005985,1384.77,0.7590000033378601,-0.01904864224993934
1386.310345,,0.008720925920696187,1385.234,0.7570000290870667,-0.023572391644756416
1386.775862,,0.009676960298069226,1385.7,0.7789999842643738,0.024258807083673367
1387.241379,,0.010593610908968017,1386.168,0.777999997138977,0.022051941105579433
1387.706897,,0.011386240051038735,1386.63,0.753000020980835,-0.03237147614539091
1388.1724140000001,,0.011813088031184747,1387.101,0.7739999890327454,0.013491565488351486
1388.6379310000002,,0.012101994675500286,1387.563,0.7599999904632568,-0.01683299294017744
1389.103448,,0.012792282254736574,1388.027,0.843999981880188,0.16641094784439117
1389.5689659999998,,0.013787334546719458,1388.49,0.7480000257492065,-0.04244725379890075
1390.034483,,0.014092620907712223,1388.955,0.7760000228881836,0.01889107338077891
1390.5,,0.01291956249549317,1389.419,0.777999997138977,0.023617647208676037
1390.9655169999999,,0.010769357342482026,1389.885,0.7580000162124634,-0.019563699775825377
1391.431034,,0.0088618661988023,1390.35,0.753000020980835,-0.030055585828765507
1391.896552,,0.0075089955689495325,1390.816,0.7770000100135803,0.02263107848341216
1392.362069,,0.005672598482657009,1391.282,0.7559999823570251,-0.022735044680893303
1392.8275859999999,,0.0024820492234135664,1391.748,0.7739999890327454,0.016841488850908894
1393.293103,,0.0012045572669462422,1392.212,0.7580000162124634,-0.017691143530836815
1393.758621,,0.003331807227815578,1392.678,0.7730000019073486,0.01526988409961819
1394.224138,,0.0027921060139697042,1393.141,0.8360000252723694,0.15275533992993653
1394.6896550000001,,0.0006488194294656357,1393.604,0.7689999938011169,0.006960472346197101
1395.155172,,0.0009776602056990155,1394.075,0.7739999890327454,0.017966609356442526
1395.6206900000002,,0.0009937389617271075,1394.537,0.753000020980835,-0.027738268465387725
1396.086207,,6.323276327123501e-05,1395.005,0.753000020980835,-0.02775948024995585
1396.5517240000001,,0.000568856206843388,1395.468,0.7739999890327454,0.017904007343908547
1397.017241,,0.0006020486552790616,1395.934,0.7480000257492065,-0.03889241916703388
1397.482759,,0.0008991451579654686,1396.401,0.7730000019073486,0.015363352690667074
1397.9482759999999,,0.0024207206404665356,1396.859,0.7749999761581421,0.019458486034225408
1398.413793,,0.005187234751005708,1397.33,0.9110000133514404,0.31545220005134633
1398.87931,,0.008196184385148022,1397.789,0.746999979019165,-0.04217840463332752
1399.344828,,0.010183549096566961,1398.256,0.765999972820282,-0.0011390016667748326
1399.8103449999999,,0.010635771552177598,1398.722,0.7570000290870667,-0.02111671639738343
1400.275862,,0.010285301800445316,1399.19,0.7739999890327454,0.015546214918868023
1400.741379,,0.01043040740438249,1399.653,0.7739999890327454,0.015179433844444756
1401.206897,,0.01148544296112147,1400.116,0.7570000290870667,-0.02220652225768835
1401.6724140000001,,0.012351755904086199,1400.585,0.7739999890327454,0.014508857217082907
1402.137931,,0.011581661203980813,1401.046,0.7739999890327454,0.014224194994468965
1402.603448,,0.009205248529159198,1401.515,0.753000020980835,-0.03176714418968447
1403.068966,,0.007110627485501255,1401.981,0.7739999890327454,0.013795872697407601
1403.5344830000001,,0.0073321107886899295,1402.443,0.7760000228881836,0.01802159928142847
1404.0,,0.00993898909752262,1402.909,0.7599999904632568,-0.01690784549528214
1404.465517,,0.01285438168931109,1403.375,0.7739999890327454,0.013584442539441615
1404.9310340000002,,0.013923244914954393,1403.841,0.7730000019073486,0.011459454045172025
1405.396552,,0.012980813965743875,1404.301,0.7739999890327454,0.013752622719187094
1405.862069,,0.011741407697929212,1404.767,0.7570000290870667,-0.023112675043803186
1406.3275859999999,,0.011913133656715596,1405.231,0.753000020980835,-0.03160436257204371
1406.793103,,0.013561799350635638,1405.697,0.5460000038146973,-0.4823214862821598
1407.258621,,0.014989045475494244,1406.16,0.7710000276565552,0.008167186437357966
1407.724138,,0.01419339804780249,1406.63,0.7739999890327454,0.015021333035231215
1408.189655,,0.011019639929639698,1407.09,0.7590000033378601,-0.017319004399395817
1408.655172,,0.007888429278399887,1407.559,0.7739999890327454,0.015711642486629526
1409.12069,,0.007643126992641163,1408.02,0.7749999761581421,0.018243428066087943
1409.586207,,0.01052464949538152,1408.489,0.7699999809265137,0.007696055790073907
1410.051724,,0.013938649825130931,1408.955,1.0720000267028809,0.6659826454954486
1410.517241,,0.015247641805792156,1409.419,0.7580000162124634,-0.01779447948110599
1410.982759,,0.014071906551859935,1409.885,0.7720000147819519,0.012994372110878255
1411.448276,,0.011849320712433595,1410.35,0.7730000019073486,0.01541559473330108
1411.9137930000002,,0.01011570529722762,1410.816,0.7490000128746033,-0.036682277047188475
1412.37931,,0.009679531052034836,1411.276,0.7770000100135803,0.02445021219717923
1412.844828,,0.010696130642623522,1411.742,0.7620000243186951,-0.00816261022876231
1413.3103449999999,,0.01263818819293363,1412.209,0.7580000162124634,-0.016876416630209307
1413.775862,,0.014368049939847239,1412.675,0.7739999890327454,0.01791592566997359
1414.2413789999998,,0.01505066999140554,1413.138,0.7730000019073486,0.015606428917948298
1414.706897,,0.015109687183344525,1413.601,0.7620000243186951,-0.008551036484116332
1415.172414,,0.01565666929826906,1414.064,0.8080000281333923,0.09141858176609136
1415.637931,,0.01690198840093193,1414.534,0.7720000147819519,0.012690753972614276
1416.103448,,0.017860809978045705,1415.0,0.753000020980835,-0.029040684752663998
1416.568966,,0.01783600455327897,1415.464,0.7739999890327454,0.016341671392032537
1417.034483,,0.01740639142851172,1415.929,0.753000020980835,-0.029800510725275144
1417.5,,0.017436951371779145,1416.394,0.7699999809265137,0.006835732176916284
1417.965517,,0.017669012394129407,1416.86,0.7749999761581421,0.017330326128108874
1418.431034,,0.01706074535205352,1417.32,0.7590000033378601,-0.017912500111021915
1418.8965520000002,,0.015430730825280455,1417.786,0.7749999761581421,0.016586834040629286
1419.362069,,0.013977034404235712,1418.253,0.7739999890327454,0.014085920675898712
1419.827586,,0.0137968817373947,1418.719,0.7739999890327454,0.013810517571822865
1420.293103,,0.014412667091489612,1419.179,0.7770000100135803,0.020126645120876245
1420.758621,,0.014298606298185686,1419.648,0.7570000290870667,-0.023603862930371956
1421.2241379999998,,0.01261801222721365,1420.109,0.7739999890327454,0.013342680986548946
1421.689655,,0.010006415547957798,1420.579,0.7710000276565552,0.006787062875938431
1422.155172,,0.00781531103443627,1421.042,0.7760000228881836,0.01773270825542615
1422.62069,,0.006868701431015742,1421.505,0.7760000228881836,0.017856480041606813
1423.086207,,0.006721098997085254,1421.97,0.7739999890327454,0.013691218123224182
1423.551724,,0.005988634054888504,1422.441,0.7760000228881836,0.018303843991220498
1424.017241,,0.0037532528468813445,1422.899,0.7739999890327454,0.01425777016828397
1424.482759,,0.0005906484089442932,1423.364,0.7739999890327454,0.014616231917400274
1424.948276,,0.002327473451438999,1423.83,0.7570000290870667,-0.02202578513900516
1425.413793,,0.004923327956764472,1424.294,0.7580000162124634,-0.019427889357740598
1425.87931,,0.008139884352809166,1424.759,0.7490000128746033,-0.038604888257263936
1426.344828,,0.012270539529093513,1425.224,0.8429999947547913,0.16661923138618787
1426.810345,,0.0163589737366413,1425.69,0.7739999890327454,0.01671302081385278
1427.275862,,0.01949751041062446,1426.16,0.7749999761581421,0.019288175393042513
1427.741379,,0.02200490964719467,1426.622,0.7760000228881836,0.02182599359351552
1428.206897,,0.025107044762958265,1427.09,0.7720000147819519,0.013421802699554179
1428.672414,,0.029977915905802205,1427.552,0.7490000128746033,-0.036435712522812545
1429.137931,,0.03690041347334568,1428.016,0.7699999809265137,0.00949963277011369
1429.6034479999998,,0.04432487645066108,1428.486,0.7789999842643738,0.02921804326632106
1430.068966,,0.04893528116907966,1428.944,0.777999997138977,0.02707353190243397
1430.534483,,0.048452252856744475,1429.411,0.777999997138977,0.027029642581708677
0.0,,0.04488284494237789,1429.877,0.7749999761581421,0.02037232812517883
13.5,,0.043250212005717124,1430.342,0.7749999761581421,0.020176433480068836
27.0,,0.0464089060983851,1430.807,0.746999979019165,-0.041091548180085105
40.5,,0.052606743987117933,1431.271,0.746999979019165,-0.04142091331263612
54.0,,0.0585789417766069,1431.737,0.6700000166893005,-0.20956227213868014
67.5,,0.06337696048092362,1432.205,0.7480000257492065,-0.0400592557455353
81.0,,0.06828046457866349,1432.67,0.7739999890327454,0.016122605325890806
94.5,,0.07404256721397542,1433.134,0.7990000247955322,0.07011163802277721
108.0,,0.07960978576450854,1433.596,0.7730000019073486,0.012990618236000848
121.5,,0.08399029343508052,1434.06,0.7739999890327454,0.01470846256870382
135.0,,0.08862538854879348,1434.53,0.7409999966621399,-0.057619259370038194
148.5,,0.09604203529283113,1434.989,0.7730000019073486,0.011706503700616051
162.0,,0.10498628062328004,1435.459,0.753000020980835,-0.03220367746336819
175.5,,0.10944704566628632,1435.925,0.7739999890327454,0.013275419457771654
189.0,,0.10743231798441709,1436.389,0.7730000019073486,0.01089832972131801
202.5,,0.10980300950688401,1436.855,0.7739999890327454,0.012959476240906032
216.0,,0.12944060040338737,1437.319,0.7990000247955322,0.0673939540775921
229.5,,0.15373659996000108,1437.785,0.7649999856948853,-0.006624542256581483
243.0,,0.14038092288763068,1438.249,0.7699999809265137,0.004409960105667235
256.5,,0.06148488650347251,1438.715,0.7570000290870667,-0.023690028268881627
270.0,,0.051889853102669796,1439.175,0.6449999809265137,-0.26740424109146865
283.5,,0.13307713775985486,1439.644,0.777999997138977,0.02271255422275907
297.0,,0.14928753597036198,1440.105,0.7559999823570251,-0.024807412354290004
310.5,,0.1269543873943542,1440.574,0.7739999890327454,0.01486257667335963
324.0,,0.10845483780810665,1441.038,0.7710000276565552,0.00881171487917071
337.5,,0.1072503937070999,1441.5,0.7739999890327454,0.0158490878536195
351.0,,0.11088924998471092,1441.966,0.753000020980835,-0.02939992065348578
364.5,,0.10824551667919888,1442.43,0.7710000276565552,0.010303701461726768
378.0,,0.1008174583253073,1442.895,0.753000020980835,-0.02845373344248772
391.5,,0.0944483846405058,1443.36,0.753000020980835,-0.028039636738171014
405.0,,0.09085391618004685,1443.826,0.7770000100135803,0.024605027500881584
418.5,,0.08826766479585088,1444.291,0.7739999890327454,0.018358698072837788
432.0,,0.08525980645388576,1444.757,0.7590000033378601,-0.01410807620483688
445.5,,0.08147052856116806,1445.224,0.7609999775886536,-0.009622310148127904
459.0,,0.0766548571863985,1445.689,0.7480000257492065,-0.03790556487820015
472.5,,0.07137892196204834,1446.152,0.7749999761581421,0.020865665277286637
486.0,,0.06782035043296747,1446.615,0.753000020980835,-0.027206735803415864
499.5,,0.06702524451832716,1447.083,0.7549999952316284,-0.023078369547690644
513.0,,0.06520030471790222,1447.545,0.777999997138977,0.026721444669504768
526.5,,0.05727975671439077,1448.013,0.7749999761581421,0.019805742502941315
540.0,,0.04740728073965342,1448.475,0.7730000019073486,0.015009504205971323
553.5,,0.04937633333671165,1448.941,0.7490000128746033,-0.03776403205784365
567.0,,0.06524562417401607,1449.408,0.7570000290870667,-0.020854142546731173
580.5,,0.06691444576049116,1449.874,0.8489999771118164,0.17904588715186312
594.0,,0.0217979744692161,1450.338,0.753000020980835,-0.030638257329724583
607.5,,0.05384642832476779,1450.804,0.7739999890327454,0.014595714105174996
621.0,,0.09474728895077524,1451.271,0.777999997138977,0.02282383592014933
634.5,,0.06179489636032592,1451.729,0.7860000133514404,0.0398132476414752
648.0,,0.007246267622033033,1452.202,0.75,-0.0389980328888881
661.5,,0.04673888821871434,1452.659,0.7739999890327454,0.012980677333687135
675.0,,0.039063039300844524,1453.127,0.765999972820282,-0.004676501085064087
688.5,,0.01699378600406111,1453.589,0.7570000290870667,-0.024423858878731972
702.0,,0.010992290970990816,1454.057,0.7590000033378601,-0.020113557394386954
715.5,,0.0197602408357749,1454.52,0.7739999890327454,0.01261418579910049
729.0,,0.024890327430361393,1454.986,0.7599999904632568,-0.017744292054926256
742.5,,0.016707796834179528,1455.456,0.7739999890327454,0.012990399894234905
756.0,,0.004799177433286392,1455.914,0.7749999761581421,0.015487540842856412
769.5,,0.007355912769788726,1456.379,0.7739999890327454,0.013703653973297026
783.0,,0.02542966469102345,1456.845,0.753000020980835,-0.03158873323027584
796.5,,0.02850800252709354,1457.309,0.7559999823570251,-0.02454338903579833
810.0,,0.016053982023142354,1457.775,0.7739999890327454,0.015217160789912188
823.5,,0.09060067631403823,1458.242,0.7509999871253967,-0.03432741213446755
837.0,,0.12956456072544162,1458.707,0.7749999761581421,0.018527095885563713
850.5,,0.09496221044728376,1459.175,0.7739999890327454,0.016901410483581472
864.0,,0.025285212745867026,1459.637,0.7699999809265137,0.008709294029846076
877.5,,0.014705159726707759,1460.105,0.7850000262260437,0.04186532117205576
891.0,,0.008745314882358786,1460.567,0.7480000257492065,-0.03832974985805873
904.5,,0.010859554941679417,1461.031,0.7739999890327454,0.01865514920008813
918.0,,0.01616330055976903,1461.5,0.7570000290870667,-0.018127421991984423
931.5,,0.009306934513130234,1461.959,0.7749999761581421,0.021248679505366904
945.0,,0.0043747488090936475,1462.43,0.7730000019073486,0.016952897324342363
958.5,,0.005946526320031441,1462.896,0.7239999771118164,-0.08984182699286151
972.0,,0.009139174526466658,1463.36,0.7739999890327454,0.01894704377247508
985.5,,0.00995626049209067,1463.826,0.7429999709129333,-0.048833483950117204
999.0,,0.00923443935024981,1464.286,0.7739999890327454,0.01837061145179072
1012.5,,0.009186700681354552,1464.752,0.75,-0.034333075854750525
1026.0,,0.010237799520218053,1465.216,0.7609999775886536,-0.010854204817053275
1039.5,,0.011500453949614459,1465.682,0.7739999890327454,0.016926447485429513
1053.0,,0.01243081290463989,1466.145,0.7580000162124634,-0.01851281114354178
1066.5,,0.013180663065996521,1466.615,0.6420000195503235,-0.2718413115609762
1080.0,,0.013962794562418288,1467.075,0.7739999890327454,0.015126986467143154
1093.5,,0.014718996739476515,1467.539,0.753000020980835,-0.031224891277069393
1107.0,,0.015315113556850987,1468.009,0.781000018119812,0.02921076389282528
1120.5,,0.015699654873189146,1468.471,0.7580000162124634,-0.02141302214954123
1134.0,,0.01584309399155347,1468.936,0.7739999890327454,0.012998245829497148
1147.5,,0.01573996596051544,1469.401,0.777999997138977,0.021347995497555235
1161.0,,0.01550270173839355,1469.867,0.7789999842643738,0.02325612139687149
1174.5,,0.015265734339141688,1470.331,0.7739999890327454,0.01219562676549767
1188.0,,0.01494622617756337,1470.797,0.75,-0.04015086942643996
1201.5,,0.014285711183652352,1471.261,0.7559999823570251,-0.027028110711530502
1215.0,,0.013234482688194247,1471.727,0.7739999890327454,0.012347498593416509
1228.5,,0.01214191168767873,1472.19,0.7919999957084656,0.051828950049603396
1242.0,,0.011400632846373548,1472.66,0.7839999794960022,0.03476459352805346
1255.5,,0.010966575809457736,1473.12,0.7990000247955322,0.06789803219528784
1269.0,,0.010401191561674652,1473.59,0.7630000114440918,-0.010004849333778919
1282.5,,0.009401887691387494,1474.053,0.7940000295639038,0.05812030275296932
1296.0,,0.008122178416590693,1474.515,0.7739999890327454,0.01517491874591582
1309.5,,0.006874992240913183,1474.981,0.7549999952316284,-0.025570779075014087
1323.0,,0.00568313713798777,1475.451,0.7739999890327454,0.016472380542452467
1336.5,,0.004309885942275898,1475.909,0.7739999890327454,0.017101702405397552
1350.0,,0.0026508511267524498,1476.376,0.7739999890327454,0.017692289842505968
1363.5,,0.0009187601691024807,1476.841,0.7419999837875366,-0.05149171684210026
1377.0,,0.000519441863108904,1477.308,0.777999997138977,0.0273973705097202
1390.5,,0.0013628842304340568,1477.774,0.7699999809265137,0.01033683268602693
1404.0,,0.0015128266749442213,1478.238,0.7739999890327454,0.019319786492234748
1417.5,,0.001167496962399175,1478.704,0.7599999904632568,-0.011022338547783306
,,,1479.167,0.7910000085830688,0.05656011753193258
,,,1479.63,0.7599999904632568,-0.011050019018001036
,,,1480.098,0.7580000162124634,-0.015594442870697245
,,,1480.56,0.7739999890327454,0.018966380384228317
,,,1481.031,0.7749999761581421,0.020746443691077948
,,,1481.493,0.7720000147819519,0.013723106482687297
,,,1481.959,0.7549999952316284,-0.02387612089542434
,,,1482.422,0.7839999794960022,0.038684733626927696
,,,1482.888,0.75,-0.03604798985973639
,,,1483.356,0.7580000162124634,-0.0192965917331857
,,,1483.814,0.7570000290870667,-0.022151632331593153
,,,1484.279,0.8510000109672546,0.1819892007148709
,,,1484.745,0.7739999890327454,0.013627627755386895
,,,1485.212,0.7739999890327454,0.013086467457419485
,,,1485.678,0.7400000095367432,-0.061449503845410106
,,,1486.146,0.7480000257492065,-0.04438955957562239
,,,1486.608,0.7829999923706055,0.0315985907266094
,,,1487.071,0.7369999885559082,-0.0687697332620401
,,,1487.534,0.7580000162124634,-0.023049904779117936
,,,1488.0,0.7490000128746033,-0.04256967002995703
,,,1488.471,0.7720000147819519,0.00774574350007517
,,,1488.929,0.7760000228881836,0.0167803077380893
,,,1489.397,0.7739999890327454,0.012847682794975295
,,,1489.862,0.7570000290870667,-0.023672556154150995
,,,1490.327,0.7509999871253967,-0.036152083127925685
,,,1490.792,0.777999997138977,0.023321801925649234
,,,1491.257,0.8360000252723694,0.15037399722848782
,,,1491.722,0.7789999842643738,0.026902028819016748
,,,1492.186,0.7940000295639038,0.06029093279047539
,,,1492.655,1.00600004196167,0.5228529832678376
,,,1493.116,0.7710000276565552,0.011520168539264797
,,,1493.586,0.753000020980835,-0.027110406333350906
,,,1494.049,0.746999979019165,-0.03968622243675033
,,,1494.512,0.5759999752044678,-0.4118481841557187
,,,1494.978,0.7369999885559082,-0.06082405763728843
,,,1495.441,0.8019999861717224,0.08091947111164557
,,,1495.906,0.777999997138977,0.02863340257428603
,,,1496.371,0.7739999890327454,0.019790124794903764
,,,1496.838,0.7850000262260437,0.04349964167524245
,,,1497.305,0.7549999952316284,-0.022235391391582027
,,,1497.77,0.781000018119812,0.03392510029677839
,,,1498.235,0.7739999890327454,0.018096112084733596
,,,1498.694,0.7739999890327454,0.01744174484724923
,,,1499.164,0.7739999890327454,0.016731437013377717
,,,1499.626,0.7739999890327454,0.015987197985984917
,,,1500.09,0.7739999890327454,0.015232188435531455
,,,1500.56,0.753000020980835,-0.03126195541293611
,,,1501.023,0.7739999890327454,0.01378237946976725
,,,1501.486,0.75,-0.039154789806021655
,,,1501.951,0.7990000247955322,0.06702813018338301
,,,1502.415,0.7570000290870667,-0.024948543808750025
,,,1502.881,0.7689999938011169,0.0008341408924439613
,,,1503.345,0.7730000019073486,0.009311683080952062
,,,1503.811,0.7850000262260437,0.03535101799205205
,,,1504.276,0.75,-0.04086995465371814
,,,1504.741,0.7609999775886536,-0.01673798803959407
,,,1505.205,0.7310000061988831,-0.08180085057721798
,,,1505.67,0.7739999890327454,0.012298523944675215
,,,1506.138,0.7730000019073486,0.010646959550752849
,,,1506.601,0.5910000205039978,-0.3852490531359888
,,,1507.064,0.734000027179718,-0.07301589664845437
,,,1507.534,0.7590000033378601,-0.017813555808767097
,,,1508.005,0.7459999918937683,-0.045368918573140266
,,,1508.46,0.7519999742507935,-0.03152227366394063
,,,1508.925,0.7919999957084656,0.05638322729806644
,,,1509.392,0.5460000038146973,-0.478846671999909
,,,1509.857,0.7620000243186951,-0.007608872576140858
,,,1510.319,0.7440000176429749,-0.04626021415689614
,,,1510.784,0.7739999890327454,0.019564893479806063
,,,1511.249,0.7739999890327454,0.01991817378754832
,,,1511.715,0.7490000128746033,-0.03431827687919855
,,,1512.186,0.7480000257492065,-0.036399258024002144
,,,1512.648,0.7950000166893005,0.06595952988108282
,,,1513.116,0.6190000176429749,-0.31765690288242737
,,,1513.578,0.7739999890327454,0.019724836594122854
,,,1514.039,0.7739999890327454,0.019292661748679767
,,,1514.509,0.7559999823570251,-0.02046336986867513
,,,1514.974,0.7739999890327454,0.018119435635905908
,,,1515.437,0.753000020980835,-0.028338872988769713
,,,1515.903,0.7580000162124634,-0.01820552048251776
,,,1516.367,0.7590000033378601,-0.01681735616828418
,,,1516.833,0.7739999890327454,0.015065502059932265
,,,1517.3,0.7739999890327454,0.014286890038450776
,,,1517.759,0.7739999890327454,0.01355036631980494
,,,1518.227,0.7720000147819519,0.008521012944126159
,,,1518.692,0.7739999890327454,0.012290995844821719
,,,1519.16,0.7480000257492065,-0.0448386899955655
,,,1519.623,0.7990000247955322,0.06590486737708649
,,,1520.09,0.7620000243186951,-0.014943193754377944
,,,1520.553,0.777999997138977,0.019814041483319098
,,,1521.016,0.753000020980835,-0.03461340499135637
,,,1521.486,0.7730000019073486,0.009137072323161495
,,,1521.944,0.7200000286102295,-0.10602059212922696
,,,1522.409,0.7519999742507935,-0.035870039964181345
,,,1522.875,0.8130000233650208,0.09757349731253832
,,,1523.342,0.847000002861023,0.17229277412472604
,,,1523.808,0.777999997138977,0.02269259075821058
,,,1524.275,0.7770000100135803,0.021298212385063287
,,,1524.741,0.7870000004768372,0.043901728744834355
,,,1525.201,0.777999997138977,0.02511914600529871
,,,1525.667,0.7739999890327454,0.01721268283722133
,,,1526.134,0.7369999885559082,-0.06263199968034766
,,,1526.596,0.7509999871253967,-0.031433023283474026
,,,1527.064,0.7559999823570251,-0.019930834833551864
,,,1527.526,0.824999988079071,0.13089900486613884
,,,1527.992,0.7559999823570251,-0.01904487518374216
,,,1528.456,0.7760000228881836,0.024778115513001773
,,,1528.922,0.7620000243186951,-0.005614875902977965
,,,1529.389,0.7739999890327454,0.02049147022870051
,,,1529.855,0.7549999952316284,-0.021085148128893897
,,,1530.319,0.75,-0.032301066054528586
,,,1530.784,0.7549999952316284,-0.021861913117607833
,,,1531.249,0.7549999952316284,-0.02243380645572575
,,,1531.714,0.7739999890327454,0.01828841480185722
,,,1532.175,0.7490000128746033,-0.036929556958383535
,,,1532.644,0.7749999761581421,0.018906430176094925
,,,1533.105,0.7749999761581421,0.018065674311193488
,,,1533.574,0.7509999871253967,-0.03506893817672622
,,,1534.038,0.7739999890327454,0.014212036935961984
,,,1534.5,0.7570000290870667,-0.023608338433985583
,,,1534.966,0.777999997138977,0.021428582706511722
,,,1535.43,0.7599999904632568,-0.01841082751712122
,,,1535.895,0.7749999761581421,0.013755400450922292
,,,1536.36,0.7789999842643738,0.022083038870133333
,,,1536.826,0.7739999890327454,0.010941804814033854
,,,1537.291,0.75,-0.04144743009433017
,,,1537.756,0.7279999852180481,-0.08933105067863274
,,,1538.224,0.7609999775886536,-0.01724226273224905
,,,1538.689,0.7730000019073486,0.009237231059951763
,,,1539.152,0.7630000114440918,-0.012080238190418341
,,,1539.615,0.7739999890327454,0.01247336668036974
,,,1540.083,0.7739999890327454,0.013164016467688956
,,,1540.545,0.7739999890327454,0.01393622747148318
,,,1541.016,0.7710000276565552,0.008230724586532253
,,,1541.478,0.7590000033378601,-0.017050165269619208
,,,1541.944,0.7739999890327454,0.016498565340823137
,,,1542.404,0.7519999742507935,-0.030583297733248204
,,,1542.869,0.7739999890327454,0.01814875374519071
,,,1543.335,0.7580000162124634,-0.01597910283467391
,,,1543.801,0.7519999742507935,-0.02841473344521658
,,,1544.268,0.8650000095367432,0.2182967988173449
,,,1544.734,0.7580000162124634,-0.014421121213311365
,,,1545.201,0.7570000290870667,-0.01634335030141052
,,,1545.659,0.75,-0.03148931558771995
,,,1546.127,0.753000020980835,-0.025004450843280297
,,,1546.589,0.7730000019073486,0.01836294311909037
,,,1547.06,0.777999997138977,0.02890286095774709
,,,1547.523,0.7739999890327454,0.01969794723530485
,,,1547.989,0.7749999761581421,0.02126377064501939
,,,1548.452,0.7739999890327454,0.018368107128760424
,,,1548.918,0.7599999904632568,-0.012932987865426735
,,,1549.382,0.7519999742507935,-0.031221706593545846
,,,1549.848,0.7739999890327454,0.01581559554157684
,,,1550.313,0.7739999890327454,0.014916983424722334
,,,1550.778,0.7509999871253967,-0.036068653126116186
,,,1551.246,0.8489999771118164,0.1766120960734403
,,,1551.704,0.753000020980835,-0.03328819764894043
,,,1552.175,0.7720000147819519,0.00745463835829603
,,,1552.637,0.7570000290870667,-0.02575911416977182
,,,1553.105,0.7580000162124634,-0.023980559671237675
,,,1553.567,0.7710000276565552,0.004088528355094882
,,,1554.03,0.7620000243186951,-0.015617378284931135
,,,1554.5,0.7739999890327454,0.010587319600690356
,,,1554.959,0.7329999804496765,-0.07851903206602552
,,,1555.43,0.753000020980835,-0.03457735037049349
,,,1555.896,0.7940000295639038,0.055256346603273734
,,,1556.36,0.753000020980835,-0.033432573326480995
,,,1556.826,0.7739999890327454,0.013062117750145132
,,,1557.291,0.7760000228881836,0.018247842015142735
,,,1557.749,0.7739999890327454,0.014779533221385113
,,,1558.216,0.7739999890327454,0.01570234875241759
,,,1558.682,0.7540000081062317,-0.026942521884256145
,,,1559.15,0.7490000128746033,-0.03693163593765152
,,,1559.612,0.753000020980835,-0.02736507035882202
,,,1560.075,0.7739999890327454,0.01916049966220079
,,,1560.545,0.7739999890327454,0.019833487568050638
,,,1561.009,0.7570000290870667,-0.01665236900913785
,,,1561.471,0.7739999890327454,0.0207961360308948
,,,1561.937,0.6759999990463257,-0.19245409780788786
,,,1562.402,0.7549999952316284,-0.020247934656761415
,,,1562.867,0.7739999890327454,0.021072905132399677
,,,1563.334,0.7559999823570251,-0.01837902805393693
,,,1563.8,0.7860000133514404,0.04658850903253696
,,,1564.26,0.753000020980835,-0.025843022550781684
,,,1564.726,0.7749999761581421,0.021422567472506992
,,,1565.19,0.7699999809265137,0.009756238739718705
,,,1565.66,0.7699999809265137,0.008898094023181393
,,,1566.123,0.7739999890327454,0.016695364239000234
,,,1566.586,0.7590000033378601,-0.016933275757756557
,,,1567.049,0.7739999890327454,0.014794489164001688
,,,1567.519,0.781000018119812,0.029119520428944615
,,,1567.985,0.7720000147819519,0.008641073856825696
,,,1568.448,0.7549999952316284,-0.029185508278037255
,,,1568.913,0.7770000100135803,0.018060252908449634
,,,1569.379,0.7870000004768372,0.0392889456599702
,,,1569.845,0.765999972820282,-0.006876026146893176
,,,1570.309,0.753000020980835,-0.03545500714041778
,,,1570.775,0.7760000228881836,0.014561717371646996
,,,1571.235,0.7559999823570251,-0.028935599155412987
,,,1571.701,0.7730000019073486,0.008343411317840499
,,,1572.164,0.7570000290870667,-0.026113691892482437
,,,1572.633,0.7710000276565552,0.004936199027711836
,,,1573.101,0.7720000147819519,0.00779523673998762
,,,1573.563,0.7509999871253967,-0.03716478297933406
,,,1574.027,0.7730000019073486,0.011644407154883456
,,,1574.49,0.7509999871253967,-0.0353462312065898
,,,1574.955,0.7609999775886536,-0.012587841612891141
,,,1575.419,0.7590000033378601,-0.015970391584491907
,,,1575.885,0.7739999890327454,0.017657620130073874
,,,1576.35,0.7770000100135803,0.025087262599313907
,,,1576.815,0.7599999904632568,-0.011138044035137747
,,,1577.282,0.7739999890327454,0.0200677047579787
,,,1577.748,0.7580000162124634,-0.014214920956740556
,,,1578.212,0.7490000128746033,-0.03339444959920502
,,,1578.678,0.7770000100135803,0.027875059489253992
,,,1579.142,0.753000020980835,-0.024314353044212908
,,,1579.604,0.7739999890327454,0.021362657491769108
,,,1580.072,0.7749999761581421,0.02329608502482298
,,,1580.534,0.7630000114440918,-0.0032563768461846597
,,,1581.005,0.7689999938011169,0.009254713290583593
,,,1581.467,0.753000020980835,-0.02630019806395983
,,,1581.933,0.7770000100135803,0.025175608422053804
,,,1582.398,0.7749999761581421,0.019916133086427912
,,,1582.863,0.7739999890327454,0.016772483754263576
,,,1583.33,0.777999997138977,0.024488199925228007
,,,1583.796,0.4359999895095825,-0.7216187060774633
,,,1584.261,0.7580000162124634,-0.02108832274284071
,,,1584.719,0.7519999742507935,-0.035104597108393636
,,,1585.189,0.843999981880188,0.16447436564142404
,,,1585.652,0.9359999895095825,0.36417281382054745
,,,1586.12,0.8489999771118164,0.17403918690514222
,,,1586.582,0.7739999890327454,0.010211113863373101
,,,1587.045,0.7519999742507935,-0.037978385425745324
,,,1587.515,0.7730000019073486,0.007690629231707189
,,,1587.974,0.7570000290870667,-0.027071064088071656
,,,1588.444,0.777999997138977,0.01895390545391029
,,,1588.91,0.7570000290870667,-0.026355524339772105
,,,1589.37,0.6869999766349792,-0.17826521786771835
,,,1589.836,0.75,-0.040280454936440925
,,,1590.3,0.7580000162124634,-0.022008253114683553
,,,1590.766,0.7910000085830688,0.05081998212320554
,,,1591.231,0.777999997138977,0.02349315266853597
,,,1591.697,0.7710000276565552,0.009270928977435278
,,,1592.16,0.7739999890327454,0.016835936543040633
,,,1592.63,0.8489999771118164,0.18123461999539744
,,,1593.09,0.7360000014305115,-0.06401169475211779
,,,1593.56,0.7739999890327454,0.01962782904025205
,,,1594.023,0.753000020980835,-0.025390371485950424
,,,1594.485,0.7749999761581421,0.023133229642136776
,,,1594.951,0.7680000066757202,0.00831798490493147
,,,1595.415,0.7990000247955322,0.07612019249778984
,,,1595.881,0.746999979019165,-0.03708531455674264
,,,1596.345,0.7490000128746033,-0.03282769834742755
,,,1596.811,0.7749999761581421,0.023535377937786026
,,,1597.279,0.7200000286102295,-0.09674576424126886
,,,1597.745,0.7739999890327454,0.0202848147792137
,,,1598.205,0.765999972820282,0.002097733683269785
,,,1598.671,0.7910000085830688,0.05568885547925297
,,,1599.134,0.7789999842643738,0.028579631920739087
,,,1599.604,0.7480000257492065,-0.03998515866945696
,,,1600.064,0.765999972820282,-0.0018274488477283265
,,,1600.534,0.753000020980835,-0.031206542960968576
,,,1601.001,0.753000020980835,-0.0322299249232983
,,,1601.464,0.7749999761581421,0.014741928881013767
,,,1601.929,0.753000020980835,-0.0340515203605535
,,,1602.389,0.7580000162124634,-0.02390002579143682
,,,1602.855,0.7879999876022339,0.04086263069973577
,,,1603.32,0.753000020980835,-0.03582249801704152
,,,1603.786,0.7889999747276306,0.04235423050085383
,,,1604.253,0.7590000033378601,-0.023073372032645614
,,,1604.719,0.7739999890327454,0.009726909577755433
,,,1605.179,0.8240000009536743,0.11896644050675531
,,,1605.65,0.7580000162124634,-0.024338948065198856
,,,1606.112,0.7739999890327454,0.011167399533162706
,,,1606.574,0.7739999890327454,0.011957758611172039
,,,1607.045,0.7570000290870667,-0.02417054994741288
