Trial: ,0
Threshold: ,0.0
Maximum EMG: ,0.2805478884304533
Success: ,True

EMG Time,Raw EMG,Filtered EMG,Force Time,Raw Force (V),Filtered Force (N)
0.0,samples,4.9157605013126227e-14,0.469,0.47600001096725464,-2.5611475144884084
0.46551699999999996,time,1.2179681686787058e-13,0.935,0.46399998664855957,-2.5869876243838044
0.9310339999999999,value,1.9713903414979935e-13,1.395,0.4790000021457672,-2.5540688688352806
1.396552,,2.7503245939759504e-13,1.864,0.45100000500679016,-2.614904766888787
1.862069,,3.5530964640272e-13,2.329,0.46399998664855957,-2.5864948556509186
2.327586,,4.377874211873994e-13,2.794,0.4790000021457672,-2.5538091712325177
2.793103,,5.222668556265414e-13,3.26,0.4580000042915344,-2.5996366098049797
3.258621,,6.085332960811748e-13,3.725,0.46399998664855957,-2.5867206596319985
3.724138,,6.963564493171652e-13,4.191,0.46399998664855957,-2.5869522969705976
4.189654999999999,,7.854905278769911e-13,4.653,0.4740000069141388,-2.5654658967329382
4.655172,,8.75674456954081e-13,5.116,0.46399998664855957,-2.5876117757327024
5.12069,,9.6663214468852e-13,5.584,0.46799999475479126,-2.5793048296303556
5.586207,,1.0580728176597583e-12,6.047,0.45899999141693115,-2.5993563309761427
6.051723999999999,,1.149691423196264e-12,6.517,0.47200000286102295,-2.5714997858793196
6.517241,,1.241169099953872e-12,6.979,0.46700000762939453,-2.58286649479268
6.982759,,1.3321737180339678e-12,7.445,0.46700000762939453,-2.5833326770127414
7.448276,,1.4223604897196738e-12,7.905,0.45100000500679016,-2.6186357337930533
7.913793000000001,,1.5113726517030857e-12,8.37,0.46399998664855957,-2.5907228150451758
8.379309999999998,,1.5988422194594943e-12,8.836,0.46700000762939453,-2.5845478832604196
8.844828000000001,,1.6843908141957216e-12,9.302,0.46399998664855957,-2.59138467308026
9.310345,,1.7676305625594715e-12,9.768,0.46700000762939453,-2.585079498373549
9.775862,,1.848165069045337e-12,10.234,0.460999995470047,-2.598304752171052
10.241379,,1.9255904607712147e-12,10.702,0.47699999809265137,-2.5635168987852994
10.706897,,1.9994965040268563e-12,11.164,0.48100000619888306,-2.554786870574632
11.172414,,2.069467791714635e-12,11.631,0.4819999933242798,-2.5525065126009627
11.637931,,2.135085000511928e-12,12.094,0.46399998664855957,-2.5915372102810976
12.103447999999998,,2.1959262162854614e-12,12.557,0.45500001311302185,-2.610883024486542
12.568966000000001,,2.251568325981228e-12,13.02,0.4690000116825104,-2.580051319654278
13.034483,,2.3015884738999508e-12,13.485,0.46399998664855957,-2.5905551730634735
13.5,,2.3455655799482986e-12,13.955,0.46700000762939453,-2.5835827308316714
13.965517,,2.3830819171311155e-12,14.421,0.4699999988079071,-2.5765767544886478
14.431034,,2.4137247452206573e-12,14.887,0.46000000834465027,-2.5978741830731935
14.896552,,2.437087997206282e-12,15.345,0.4880000054836273,-2.5363790076999555
15.362069,,2.4527740147932364e-12,15.81,0.4860000014305115,-2.5402539654563725
15.827586000000002,,2.4603953288832107e-12,16.276,0.47200000286102295,-2.570298363913618
16.293103,,2.459576480633347e-12,16.742,0.46399998664855957,-2.587311765186992
16.758621,,2.449955878355588e-12,17.208,0.43799999356269836,-2.643595988249233
17.224138,,2.431187685185895e-12,17.676,0.47600001096725464,-2.5605138206796263
17.689655,,2.4029437321242004e-12,18.138,0.46700000762939453,-2.5799041278400874
18.155172,,2.3649154507223684e-12,18.605,0.47699999809265137,-2.5579826149981333
18.62069,,2.316815819380248e-12,19.068,0.47600001096725464,-2.5601131068574676
19.086207,,2.2583813169005607e-12,19.531,0.4699999988079071,-2.573225677499411
19.551724,,2.189373876653277e-12,20.001,0.4620000123977661,-2.5907838013909843
20.017241000000002,,2.109582834410797e-12,20.46,0.47999998927116394,-2.5517818801243455
20.482758999999998,,2.0188268626381505e-12,20.931,0.46399998664855957,-2.586932214055302
20.948276,,1.9169558837590627e-12,21.396,0.46299999952316284,-2.589472499684682
21.413793000000002,,1.8038529546706678e-12,21.86,0.46299999952316284,-2.5898932129827865
21.87931,,1.6794361145484049e-12,22.326,0.4819999933242798,-2.548965391751752
22.344828,,1.5436601877697738e-12,22.79,0.4699999988079071,-2.5756065505791095
22.810344999999998,,1.3965185335926776e-12,23.256,0.4819999933242798,-2.5499754540168365
23.275862,,1.2380447340526343e-12,23.715,0.46299999952316284,-2.5918819095561316
23.741379,,1.068314211394698e-12,24.181,0.4690000116825104,-2.5793059175418898
24.206897,,8.874457662320368e-13,24.649,0.46700000762939453,-2.5841275232861203
24.672414,,6.956030275252555e-13,25.112,0.46799999475479126,-2.582366828938552
25.137931,,4.929958054062193e-13,25.575,0.45899999141693115,-2.6023330965204283
25.603448,,2.7988133782874934e-13,26.046,0.46399998664855957,-2.591727476800869
26.068966,,5.6565422017534797e-14,26.513,0.46700000762939453,-2.5853988545105255
26.534483,,1.7659657829272326e-13,26.975,0.5690000057220459,-2.3632947411575524
27.0,,4.1919885878224155e-13,27.441,0.4740000069141388,-2.5702890642069582
27.465517,,6.707844425015596e-13,27.905,0.46399998664855957,-2.592003598034033
27.931034,,9.30844598600517e-13,28.37,0.46799999475479126,-2.583126388551986
28.396552,,1.198818420414109e-12,28.835,0.46399998664855957,-2.5915927464990793
28.862069,,1.4740925712912401e-12,29.301,0.4659999907016754,-2.5869090563831216
29.327586,,1.7560012063166968e-12,29.761,0.46399998664855957,-2.5908718417572523
29.793103000000002,,2.0438260778017394e-12,30.226,0.4699999988079071,-2.577349280098733
30.258620999999998,,2.3367968321038526e-12,30.694,0.4749999940395355,-2.565962883265783
30.724138,,2.6340915049807754e-12,31.156,0.4620000123977661,-2.5937647918915463
31.189655000000002,,2.9348372222874915e-12,31.62,0.4749999940395355,-2.56491086905783
31.655172000000004,,3.2381111123870285e-12,32.09,0.47200000286102295,-2.570920600698217
32.12069,,3.542941436166475e-12,32.553,0.48100000619888306,-2.550808015384128
32.586207,,3.848308940028468e-12,33.016,0.4740000069141388,-2.5655909671956842
33.051724,,4.153148436665616e-12,33.481,0.48399999737739563,-2.543388695357103
33.517241000000006,,4.4563506178210675e-12,33.951,0.46399998664855957,-2.586611017111291
33.982759,,4.7567641025931365e-12,34.417,0.47999998927116394,-2.5514785303842045
34.448276,,5.053197724156003e-12,34.876,0.45899999141693115,-2.5970416977325868
34.913793,,5.344423057042839e-12,35.342,0.4659999907016754,-2.58169490411247
35.37931,,5.629177186372938e-12,35.809,0.4779999852180481,-2.555550348410158
35.844828,,5.906165719601789e-12,36.275,0.4729999899864197,-2.566538171899092
36.310345,,6.174066040533614e-12,36.739,0.47600001096725464,-2.560189440324687
36.775862,,6.431530804461207e-12,37.205,0.4620000123977661,-2.5909652111130073
37.241378999999995,,6.677191672389467e-12,37.665,0.4740000069141388,-2.5651755371978497
37.706897000000005,,6.909663281358572e-12,38.135,0.4659999907016754,-2.583027491126867
38.172414,,7.127547446912416e-12,38.598,0.46299999952316284,-2.590041941450295
38.637931,,7.329437592759714e-12,39.06,0.4779999852180481,-2.557881780037984
39.103448,,7.513923401651529e-12,39.531,0.5009999871253967,-2.508316381473415
39.568965999999996,,7.679595680452419e-12,39.993,0.47600001096725464,-2.563332529387155
40.034483,,7.82505143131571e-12,40.459,0.46700000762939453,-2.5834803359063683
40.5,,7.948899119789419e-12,40.923,0.4569999873638153,-2.605780955011098
40.965517,,8.049764129581245e-12,41.389,0.46799999475479126,-2.5822882235823057
41.431034,,8.12629439260221e-12,41.853,0.47200000286102295,-2.5739891768119136
41.896552,,8.17716618179226e-12,42.319,0.4729999899864197,-2.5721556903963045
42.362069000000005,,8.201090053111302e-12,42.783,0.4699999988079071,-2.5789552063710137
42.827586000000004,,8.19681692195938e-12,43.248,0.48500001430511475,-2.5464487297837164
43.293103,,8.163144258174178e-12,43.715,0.4699999988079071,-2.5792055128469142
43.758621,,8.098922382646776e-12,44.18,0.550000011920929,-2.404890282719556
44.224138,,8.003060847502001e-12,44.642,0.47999998927116394,-2.557271233320277
44.689655,,7.874534880712161e-12,45.105,0.4560000002384186,-2.6093381666316455
45.155172,,7.712391874957106e-12,45.575,0.47600001096725464,-2.565456966703764
45.620689999999996,,7.515757899513979e-12,46.038,0.4690000116825104,-2.5803210005191253
46.086206999999995,,7.283844212961643e-12,46.504,0.4620000123977661,-2.595118608612971
46.551724,,7.015953753522505e-12,46.969,0.43799999356269836,-2.6469016726630414
47.017241,,6.711487582943147e-12,47.435,0.45899999141693115,-2.6006100665332377
47.482759,,6.369951258940028e-12,47.902,0.47200000286102295,-2.5717282899826523
47.948276,,5.990961110412554e-12,48.36,0.47200000286102295,-2.571166040451752
48.413793,,5.574250388858252e-12,48.828,0.4740000069141388,-2.5662606714034584
48.879310000000004,,5.119675268718731e-12,49.293,0.4659999907016754,-2.5831731181708295
49.344828,,4.627220668745755e-12,49.757,0.47600001096725464,-2.5609172491955356
49.810345,,4.097005865909277e-12,50.223,0.421999990940094,-2.6781579222343073
50.275862,,3.529289872878811e-12,50.691,0.4180000126361847,-2.6865435849872603
50.741379,,2.9244765497011003e-12,51.153,0.48399999737739563,-2.5425116400712198
51.206897,,2.2831194199756898e-12,51.616,0.47200000286102295,-2.568507412587138
51.672414,,1.6059261616006247e-12,52.087,0.46399998664855957,-2.585885783577589
52.137931,,8.937627420278931e-13,52.55,0.4230000078678131,-2.675259618397491
52.603448,,1.4765716793702482e-13,53.012,0.46700000762939453,-2.5795478706534727
53.068966,,6.31197180690037e-13,53.478,0.47600001096725464,-2.5601828080586952
53.534483,,1.441438661924766e-12,53.941,0.4860000014305115,-2.5387242918677373
54.0,,2.2815349582113237e-12,54.407,0.37700000405311584,-2.776601601391781
54.465517,,3.1497811667646046e-12,54.872,0.47200000286102295,-2.5701007191418017
54.931034,,4.04429842262318e-12,55.337,0.4830000102519989,-2.54665629292288
55.396552,,4.963033082268915e-12,55.802,0.47999998927116394,-2.5537446624631106
55.862069,,5.9037564949325065e-12,56.268,0.4729999899864197,-2.5695621480801694
56.327586,,6.8640653877807874e-12,56.735,0.460999995470047,-2.596270441907863
56.793102999999995,,7.841382890124993e-12,57.2,0.46299999952316284,-2.5924583173705362
57.258621000000005,,8.832960220597275e-12,57.661,0.4749999940395355,-2.5668234640457617
57.724138,,9.83587905991408e-12,58.13,0.4690000116825104,-2.580351885633529
58.189655,,1.0847054630378235e-11,58.591,0.5,-2.5132033076054237
58.655172,,1.1863239501666146e-11,59.06,0.4959999918937683,-2.5222274298884764
59.120689999999996,,1.2881028140702098e-11,59.524,0.46399998664855957,-2.5921644008169418
59.586207,,1.3896862221538371e-11,59.986,0.4729999899864197,-2.5726818413581345
60.051724,,1.4907036709138593e-11,60.452,0.4699999988079071,-2.5792447571973787
60.517241,,1.590770672880357e-11,60.917,0.48500001430511475,-2.546492638170707
60.982758999999994,,1.689489523068569e-11,61.383,0.46799999475479126,-2.5833602262211532
61.448276,,1.7864501456412116e-11,61.85,0.47600001096725464,-2.565669945511538
61.913793,,1.8812310212281257e-11,62.315,0.46700000762939453,-2.584933572174602
62.379310000000004,,1.973400195081508e-11,62.78,0.4779999852180481,-2.5605518186051004
62.84482800000001,,2.062516365964562e-11,63.246,0.4650000035762787,-2.5883980930054897
63.310345000000005,,2.148130055379251e-11,63.712,0.46399998664855957,-2.590056273832375
63.775862000000004,,2.229784856435464e-11,64.171,0.47699999809265137,-2.5611850861531997
64.241379,,2.3070187613499076e-11,64.639,0.460999995470047,-2.5954833334665457
64.706897,,2.37936556623909e-11,65.102,0.4749999940395355,-2.5644280555843926
65.172414,,2.4463563515376015e-11,65.572,0.4569999873638153,-2.6031127007182566
65.637931,,2.5075210360312873e-11,66.034,0.46299999952316284,-2.5895494796964105
66.103448,,2.562390002145688e-11,66.5,0.49000000953674316,-2.53028905005734
66.56896599999999,,2.6104957897742697e-11,66.964,0.45899999141693115,-2.5974575696179074
67.03448300000001,,2.651374855569375e-11,67.43,0.47999998927116394,-2.5514150612435516
67.5,,2.6845693942526385e-11,67.895,0.47699999809265137,-2.55774756542335
67.965517,,2.709629218131848e-11,68.36,0.4699999988079071,-2.5728881301058024
68.431034,,2.726113690639101e-11,68.825,0.47600001096725464,-2.5598031486916235
68.896552,,2.7335937093318125e-11,69.29,0.4749999940395355,-2.562065905858608
69.362069,,2.7316537334249637e-11,69.757,0.4440000057220459,-2.6297830154333957
69.827586,,2.719893850551286e-11,70.215,0.45100000500679016,-2.6148018391512866
70.293103,,2.6979318770772272e-11,70.683,0.48100000619888306,-2.5497934038064063
70.75862099999999,,2.66540548593797e-11,71.145,0.47600001096725464,-2.5611072314623065
71.22413800000001,,2.6219743555959878e-11,71.613,0.4569999873638153,-2.6029786423575496
71.689655,,2.567322333376113e-11,72.076,0.46299999952316284,-2.5904260555077965
72.15517200000001,,2.501159606087481e-11,72.546,0.4790000021457672,-2.5561130325857615
72.62069,,2.423224870510547e-11,73.008,0.46700000762939453,-2.582810837362914
73.086207,,2.3332874960073346e-11,73.474,0.46299999952316284,-2.5920712261008814
73.551724,,2.2311496712067802e-11,73.938,0.46299999952316284,-2.5925922707617683
74.017241,,2.116648526426238e-11,74.403,0.46399998664855957,-2.5908939470889156
74.482759,,1.989658223216534e-11,74.868,0.4699999988079071,-2.5782466216171835
74.94827599999999,,1.850092002163194e-11,75.333,0.4659999907016754,-2.5873168928416392
75.41379300000001,,1.6979041798422746e-11,75.798,0.4779999852180481,-2.5614487193732676
75.87931,,1.5330920856173892e-11,76.264,0.4620000123977661,-2.5964940954295193
76.344828,,1.3556979287767124e-11,76.732,0.46700000762939453,-2.5856939515386017
76.810345,,1.1658105863466855e-11,77.19,0.46399998664855957,-2.5922264817675456
77.275862,,9.6356730178454e-12,77.661,0.46399998664855957,-2.592126696488886
77.741379,,7.49155284646255e-12,78.123,0.4790000021457672,-2.55925377811763
78.206897,,5.228132012517966e-12,78.591,0.49399998784065247,-2.5262927930216788
78.67241399999999,,2.8483254632707143e-12,79.053,0.4729999899864197,-2.5716833777238475
79.137931,,3.5558885593476457e-13,79.516,0.47200000286102295,-2.5734330174589304
79.603448,,2.2460704069723835e-12,79.986,0.46700000762939453,-2.5838432752657243
80.068966,,4.952083632214344e-12,80.445,0.46399998664855957,-2.5898576325294935
80.53448300000001,,7.75731287872202e-12,80.917,0.48100000619888306,-2.552276397086271
81.0,,1.0656044685736849e-11,81.375,0.46299999952316284,-2.5909421047051224
81.465517,,1.3641985581347371e-11,81.843,0.46399998664855957,-2.588225076475572
81.931034,,1.6708259464318446e-11,82.308,0.46000000834465027,-2.5964298786121414
82.396552,,1.984740694944771e-11,82.772,0.46299999952316284,-2.5894287093435424
82.86206899999999,,2.3051386763582562e-11,83.237,0.46399998664855957,-2.5868436510746537
83.327586,,2.6311579275885063e-11,83.709,0.4740000069141388,-2.564721695667055
83.79310299999999,,2.961879224193524e-11,84.168,0.4699999988079071,-2.5731818616171402
84.258621,,3.2963268836810095e-11,84.631,0.47200000286102295,-2.5686587504658154
84.72413800000001,,3.633469804736233e-11,85.101,0.4869999885559082,-2.5359066026664436
85.189655,,3.972222748854678e-11,85.565,0.4830000102519989,-2.5446436674906616
85.65517200000001,,4.3114478702803565e-11,86.027,0.4569999873638153,-2.6014056228989735
86.12069,,4.6499564995205237e-11,86.493,0.46399998664855957,-2.5863638218361085
86.586207,,4.986511185031381e-11,86.956,0.48399999737739563,-2.5430845699075575
87.051724,,5.319827996947593e-11,87.422,0.4650000035762787,-2.5848479551056722
87.517241,,5.648579095961731e-11,87.887,0.4869999885559082,-2.5373505020900002
87.98275899999999,,5.97139556964887e-11,88.353,0.46399998664855957,-2.5879424844654713
88.448276,,6.286870537677444e-11,88.817,0.47600001096725464,-2.562317178713291
88.913793,,6.59356252645138e-11,89.283,0.4950000047683716,-2.5214604539503256
89.37931,,6.8899991127917e-11,89.749,0.47600001096725464,-2.5633942332253667
89.844828,,7.174680835290044e-11,90.215,0.44600000977516174,-2.6292793103038465
90.310345,,7.446085370953393e-11,90.676,0.46399998664855957,-2.590560359692117
90.775862,,7.70267197371095e-11,91.145,0.47200000286102295,-2.573583325713329
91.241379,,7.942886170272686e-11,91.606,0.47699999809265137,-2.563083111310365
91.706897,,8.165164707717038e-11,92.075,0.48399999737739563,-2.5481538280527234
92.17241399999999,,8.367940746045221e-11,92.538,0.47200000286102295,-2.574537090287828
92.63793100000001,,8.549649287774424e-11,93.001,0.46399998664855957,-2.5921171568858044
93.103448,,8.708732835454953e-11,93.467,0.46399998664855957,-2.592175279597488
93.568966,,8.84364726679033e-11,93.93,0.4729999899864197,-2.572531080213036
94.03448300000001,,8.952867915818106e-11,94.396,0.46299999952316284,-2.5941877489714806
94.5,,9.034895847376162e-11,94.86,0.48100000619888306,-2.5547527050546672
94.965517,,9.08826431083867e-11,95.326,0.4699999988079071,-2.578415503202736
95.431034,,9.111545357861618e-11,95.79,0.47600001096725464,-2.56496753710415
95.896552,,9.103356607634189e-11,96.256,0.36399999260902405,-2.808540279287211
96.36206899999999,,9.062368141893805e-11,96.72,0.45399999618530273,-2.6119816834052436
96.827586,,8.987309510733892e-11,97.186,0.4970000088214874,-2.517788036589226
97.293103,,8.876976829019222e-11,97.654,0.4410000145435333,-2.6392624750540867
97.758621,,8.730239942029002e-11,98.116,0.47699999809265137,-2.560299794515571
98.224138,,8.546049637777819e-11,98.584,0.4650000035762787,-2.5859269132972424
98.689655,,8.323444882324259e-11,99.046,0.45899999141693115,-2.5985124982765564
99.155172,,8.061560053272014e-11,99.516,0.46700000762939453,-2.580642387707861
99.62069,,7.759632145603843e-11,99.979,0.46799999475479126,-2.578081582394779
100.086207,,7.417007922970585e-11,100.444,0.46299999952316284,-2.588662900284636
100.551724,,7.033150986591035e-11,100.91,0.45100000500679016,-2.614574946949403
101.017241,,6.607648733009618e-11,101.376,0.4699999988079071,-2.5730363437960344
101.482759,,6.140219171113135e-11,101.835,0.4259999990463257,-2.6688448177965283
101.948276,,5.630717568031206e-11,102.301,0.47200000286102295,-2.568669041966001
102.413793,,5.079142892843077e-11,102.768,0.45899999141693115,-2.5971258077400527
102.87931,,4.485644026391971e-11,103.233,0.46799999475479126,-2.5777397646499467
103.344828,,3.8505257049727856e-11,103.701,0.47699999809265137,-2.5584341499853576
103.810345,,3.17425416521536e-11,104.164,0.37700000405311584,-2.7766738329423055
104.275862,,2.457462457139255e-11,104.628,0.47699999809265137,-2.5592464381201943
104.741379,,1.7009553921124534e-11,105.09,0.46299999952316284,-2.5902327030858454
105.206897,,9.057140923109182e-12,105.561,0.4729999899864197,-2.5689625912423852
105.672414,,7.290010825366187e-13,106.023,0.47699999809265137,-2.5607794565219755
106.13793100000001,,7.961409289161071e-12,106.489,0.46299999952316284,-2.591810771444339
106.603448,,1.6998761535143685e-11,106.951,0.46000000834465027,-2.598859965485137
107.068966,,2.6365828425285083e-11,107.417,0.46399998664855957,-2.590626346983494
107.534483,,3.604346356244647e-11,107.884,0.4690000116825104,-2.580166792537346
108.0,,4.6010586739625975e-11,108.349,0.49000000953674316,-2.5347878714355634
108.46551699999999,,5.624417555717855e-11,108.816,0.46299999952316284,-2.5939114239950447
108.931034,,6.671926360034118e-11,109.282,0.4830000102519989,-2.5505569262372645
109.396552,,7.74089454668828e-11,109.742,0.4659999907016754,-2.5877245992268025
109.862069,,8.82843889227997e-11,110.208,0.4779999852180481,-2.56161974755611
110.32758600000001,,9.931485445057425e-11,110.671,0.46399998664855957,-2.59206726013393
110.793103,,1.1046772243959041e-10,111.141,0.46299999952316284,-2.5941019942056682
111.258621,,1.217085282518406e-10,111.601,0.46399998664855957,-2.591694074438365
111.724138,,1.3300100537805805e-10,112.071,0.46000000834465027,-2.6001011791043473
112.189655,,1.4430713687986366e-10,112.532,0.48899999260902405,-2.5365439500089413
112.655172,,1.5558721529243112e-10,113.001,0.44699999690055847,-2.627613209934639
113.12069,,1.667999111395556e-10,113.46,0.47200000286102295,-2.572669352760999
113.586207,,1.7790235018887416e-10,113.927,0.43799999356269836,-2.6462373848495506
114.051724,,1.8885019954935196e-10,114.392,0.4560000002384186,-2.6065031306582847
114.51724100000001,,1.9959776268604277e-10,114.858,0.47999998927116394,-2.5536998441001972
114.982759,,2.100980833985888e-10,115.324,0.47600001096725464,-2.5619159918045304
115.448276,,2.203030587799836e-10,115.791,0.46399998664855957,-2.5875937975051015
115.913793,,2.3016356114082746e-10,116.256,0.4959999918937683,-2.5174573739518338
116.37931,,2.3962956885171297e-10,116.717,0.47200000286102295,-2.5693838656869183
116.84482799999999,,2.486503060225457e-10,117.183,0.4690000116825104,-2.5756285708535542
117.310345,,2.571743909026035e-10,117.646,0.4009999930858612,-2.723565999748126
117.77586199999999,,2.6514999284903623e-10,118.116,0.49000000953674316,-2.529543110046896
118.241379,,2.7252499767439106e-10,118.579,0.47200000286102295,-2.568725258288888
118.70689700000001,,2.7924718114570377e-10,119.042,0.4519999921321869,-2.6123544214051186
119.172414,,2.8526439036881855e-10,119.509,0.46399998664855957,-2.586355443733333
119.63793100000001,,2.9052473275199415e-10,119.971,0.4860000014305115,-2.5386534619726255
120.103448,,2.949767722026255e-10,120.437,0.4620000123977661,-2.5912451273337975
120.568966,,2.9856973217017944e-10,120.902,0.4620000123977661,-2.59161605949021
121.034483,,3.0125370510733215e-10,121.367,0.46299999952316284,-2.5898641804406375
121.5,,3.0297986787993755e-10,121.831,0.47600001096725464,-2.562010861437732
121.96551699999999,,3.0370070261498087e-10,122.297,0.46000000834465027,-2.5973662106997906
122.431034,,3.033702224342272e-10,122.762,0.46299999952316284,-2.5913401476854867
122.896552,,3.019442014800095e-10,123.227,0.46700000762939453,-2.583132858647184
123.362069,,2.9938040859866756e-10,123.69,0.46399998664855957,-2.590158031424347
123.827586,,2.956388440067136e-10,124.16,0.47200000286102295,-2.573184850173442
124.293103,,2.906819782250173e-10,124.62,0.4690000116825104,-2.5801296779090954
124.758621,,2.844749925273548e-10,125.09,0.4659999907016754,-2.5870150823208924
125.22413800000001,,2.7698602011171984e-10,125.553,0.46700000762939453,-2.5851159545020526
125.68965500000002,,2.681863871660308e-10,126.016,0.4749999940395355,-2.5678880030370617
126.15517200000001,,2.580508529644719e-10,126.482,0.49399998784065247,-2.526609923966055
126.62069000000001,,2.465578480968542e-10,126.952,0.4790000021457672,-2.5593169990562994
127.086207,,2.3368970990127206e-10,127.41,0.4830000102519989,-2.5505404359063344
127.55172400000001,,2.1943291414014694e-10,127.875,0.46700000762939453,-2.5852501791468967
128.017241,,2.037783019316822e-10,128.341,0.4659999907016754,-2.587198894743761
128.48275900000002,,1.8672130092299625e-10,128.805,0.4659999907016754,-2.586895245360553
128.948276,,1.6826213966794289e-10,129.271,0.4699999988079071,-2.57781276516458
129.413793,,1.4840605415206324e-10,129.735,0.4650000035762787,-2.588285300081658
129.87931,,1.2716348538942975e-10,130.201,0.4699999988079071,-2.576931550128106
130.344828,,1.045502670015265e-10,130.672,0.46399998664855957,-2.5895173305814487
130.81034499999998,,8.058780167694822e-11,131.134,0.4009999930858612,-2.726276649421203
131.275862,,5.530322540277176e-11,131.597,0.47600001096725464,-2.562389069699913
131.741379,,2.872955835413717e-11,132.06,0.47600001096725464,-2.5619200747489836
132.206897,,9.058413280398668e-13,132.528,0.46299999952316284,-2.5898063181807682
132.67241399999997,,2.812274338925203e-11,132.99,0.45899999141693115,-2.598131091642071
133.13793099999998,,5.83047678242236e-11,133.456,0.47600001096725464,-2.5607622214872756
133.60344800000001,,8.95824718788762e-11,133.92,0.46700000762939453,-2.5801057352172867
134.06896600000002,,1.2189169572934948e-10,134.387,0.4790000021457672,-2.553772597903575
134.53448300000002,,1.551618321148213e-10,134.853,0.46799999475479126,-2.577628752595921
135.0,,1.8931579954575018e-10,135.319,0.46399998664855957,-2.5863180029656117
135.465517,,2.2427003743040692e-10,135.784,0.4620000123977661,-2.5907344057370096
135.931034,,2.599345240836633e-10,136.25,0.460999995470047,-2.5930548805484523
136.396552,,2.962128185420802e-10,136.716,0.45100000500679016,-2.6150614681384226
136.862069,,3.330021270643948e-10,137.175,0.5049999952316284,-2.4977053291670726
137.327586,,3.7019339514649003e-10,137.646,0.47099998593330383,-2.572130869986984
137.793103,,4.0767142582479677e-10,138.109,0.4690000116825104,-2.5768896054347903
138.258621,,4.453150249818067e-10,138.572,0.47200000286102295,-2.5707936245634047
138.724138,,4.82997174301956e-10,139.042,0.46700000762939453,-2.582151924730126
139.189655,,5.20585232455585e-10,139.5,0.46399998664855957,-2.5891642211144035
139.655172,,5.579411650130186e-10,139.972,0.453000009059906,-2.6136029061906703
140.12069,,5.949218035100975e-10,140.43,0.45899999141693115,-2.60098803788594
140.586207,,6.313791340007803e-10,140.897,0.46399998664855957,-2.5905213466041106
141.05172399999998,,6.671606153418379e-10,141.363,0.45500001311302185,-2.610512310281559
141.51724099999998,,7.021095273592713e-10,141.827,0.46700000762939453,-2.584696898236966
141.982759,,7.360653489460422e-10,142.293,0.4740000069141388,-2.5697097060571874
142.44827600000002,,7.688641660361663e-10,142.757,0.46299999952316284,-2.5938651105794204
142.913793,,8.003391092913608e-10,143.223,0.46700000762939453,-2.5852622692150167
143.37931,,8.303208212234625e-10,143.686,0.46399998664855957,-2.5918284838960086
143.844828,,8.58637952358965e-10,144.156,0.4650000035762787,-2.58959776319201
144.310345,,8.851176859315119e-10,144.616,0.4659999907016754,-2.587286611545724
144.77586200000002,,9.09586290464297e-10,145.086,0.47699999809265137,-2.563112349999669
145.241379,,9.318696994773595e-10,145.55,0.49799999594688416,-2.5170807144443326
145.706897,,9.517941174250528e-10,146.012,0.46700000762939453,-2.5842761446010316
146.172414,,9.691866508368276e-10,146.478,0.43799999356269836,-2.6470635360245107
146.637931,,9.838759635002968e-10,146.941,0.47200000286102295,-2.5725582765689423
147.103448,,9.956929543897131e-10,147.406,0.47200000286102295,-2.572101836268089
147.568966,,1.0044714569059181e-09,147.872,0.48500001430511475,-2.543310650352715
148.034483,,1.0100489578559288e-09,148.338,0.46399998664855957,-2.5885954743291646
148.5,,1.012267334462094e-09,148.802,0.4699999988079071,-2.575073114266352
148.965517,,1.0109736075526354e-09,149.268,0.4749999940395355,-2.5637595732261675
149.43103399999998,,1.0060207089478964e-09,149.735,0.47999998927116394,-2.5524884571089044
149.89655199999999,,9.972682609202694e-10,150.201,0.48100000619888306,-2.549985399943622
150.362069,,9.84583365471092e-10,150.665,0.4560000002384186,-2.6041908753447167
150.82758600000003,,9.67841401035354e-10,151.127,0.4690000116825104,-2.5756797345566915
151.293103,,9.46926824095398e-10,151.59,0.4880000054836273,-2.5341740619851456
151.758621,,9.217339730585275e-10,152.06,0.47699999809265137,-2.5581076968699423
152.224138,,8.92167871631117e-10,152.524,0.47200000286102295,-2.5690502292405695
152.68965500000002,,8.58145028804107e-10,152.987,0.48399999737739563,-2.543035139808512
153.155172,,8.195942324522403e-10,153.452,0.46399998664855957,-2.5868122589283
153.62069,,7.764573334426964e-10,153.917,0.46700000762939453,-2.580550000735448
154.086207,,7.286900170485389e-10,154.383,0.46700000762939453,-2.58088524789114
154.551724,,6.762625583692396e-10,154.85,0.47200000286102295,-2.570378378607441
155.017241,,6.191605583751223e-10,155.316,0.46299999952316284,-2.5904119044613663
155.482759,,5.573856571155212e-10,155.78,0.47200000286102295,-2.5712561334596886
155.948276,,4.909562205624033e-10,156.246,0.47200000286102295,-2.571720672500337
156.413793,,4.1990799750279476e-10,156.712,0.46399998664855957,-2.5896127378082037
156.87931,,3.442947428452047e-10,157.171,0.4429999887943268,-2.6358121099327274
157.34482799999998,,2.641888036679682e-10,157.639,0.4830000102519989,-2.5490852989124333
157.81034499999998,,1.7968166431163424e-10,158.101,0.47200000286102295,-2.57342745109291
158.275862,,9.088444680380005e-11,158.565,0.45500001311302185,-2.61078774884332
158.741379,,2.071637096299471e-12,159.035,0.39500001072883606,-2.741768402073222
159.20689700000003,,9.903488593404463e-11,159.5,0.45899999141693115,-2.602528348533286
159.672414,,1.9983276435131737e-10,159.964,0.46799999475479126,-2.5830382570598234
160.137931,,3.0427161826879417e-10,160.429,0.49000000953674316,-2.5351443043295885
160.60344800000001,,4.1213645303871704e-10,160.895,0.46000000834465027,-2.600457061957293
161.06896600000002,,5.231907780783905e-10,161.36,0.47600001096725464,-2.565470582312244
161.534483,,6.371765214093011e-10,161.82,0.45899999141693115,-2.602302310896064
162.0,,7.538140174255146e-10,162.286,0.47999998927116394,-2.5562742072215654
162.465517,,8.7280207109754e-10,162.75,0.47999998927116394,-2.5559345357138628
162.931034,,9.938181016838893e-10,163.216,0.45100000500679016,-2.618722970902815
163.396552,,1.1165183688718646e-09,163.686,0.4729999899864197,-2.5703603513380036
163.862069,,1.2405382841014826e-09,164.149,0.47999998927116394,-2.554650259488917
164.327586,,1.3654928096417771e-09,164.617,0.43799999356269836,-2.645680998688257
164.793103,,1.4909769477869064e-09,165.079,0.4749999940395355,-2.564600745806552
165.258621,,1.6165663223205341e-09,165.542,0.4779999852180481,-2.557610664639643
165.72413799999998,,1.7418178541608827e-09,166.005,0.47099998593330383,-2.572436425020249
166.189655,,1.8662705328457715e-09,166.471,0.4729999899864197,-2.5676969719311944
166.655172,,1.9894462852470188e-09,166.936,0.47600001096725464,-2.5608332906268263
167.12069,,2.110850942617047e-09,167.402,0.4699999988079071,-2.573642122747944
167.58620699999997,,2.2299753067676844e-09,167.868,0.47600001096725464,-2.5603799856021827
168.051724,,2.34629631586239e-09,168.334,0.4390000104904175,-2.640879249344352
168.517241,,2.4592783099688582e-09,168.799,0.4959999918937683,-2.516668747629512
168.98275900000002,,2.5683743961697526e-09,169.264,0.45100000500679016,-2.6147640197757474
169.44827600000002,,2.6730279126657246e-09,169.731,0.45500001311302185,-2.6061880786668232
169.913793,,2.7726739909276255e-09,170.19,0.4749999940395355,-2.5628325852231773
170.37931,,2.8667412145646128e-09,170.658,0.5,-2.508654698843864
170.844828,,2.9546533731725663e-09,171.12,0.46700000762939453,-2.580899925386066
171.310345,,3.035831309013741e-09,171.59,0.4399999976158142,-2.64012539898939
171.775862,,3.1096948539549016e-09,172.053,0.46700000762939453,-2.5817447456316867
172.241379,,3.1756648536583676e-09,172.521,0.4650000035762787,-2.5865718945708878
172.706897,,3.2331652755796187e-09,172.983,0.4690000116825104,-2.578339121373726
173.172414,,3.2816253968775687e-09,173.449,0.46399998664855957,-2.5897114032802477
173.637931,,3.3204820678906224e-09,173.916,0.4699999988079071,-2.5771008179964143
174.103448,,3.349182046374572e-09,174.382,0.47999998927116394,-2.555743450145122
174.568966,,3.3671843972387017e-09,174.842,0.47200000286102295,-2.5735558516433303
175.034483,,3.3739629520557025e-09,175.308,0.4650000035762787,-2.5891321152154947
175.5,,3.3690088221607296e-09,175.776,0.46700000762939453,-2.5850332512236287
175.96551699999998,,3.35183295869683e-09,176.235,0.47600001096725464,-2.56560837311996
176.43103399999998,,3.321968752509767e-09,176.709,0.46299999952316284,-2.59403243744664
176.896552,,3.278974666346733e-09,177.168,0.4690000116825104,-2.580977675647514
177.36206900000002,,3.2224368913724232e-09,177.631,0.45100000500679016,-2.6201257729845984
177.827586,,3.1519720195843605e-09,178.101,0.4729999899864197,-2.572045222313926
178.293103,,3.0672297232891302e-09,178.565,0.4880000054836273,-2.539136139850396
178.758621,,2.9678954323943195e-09,179.027,0.4740000069141388,-2.569335097312032
179.224138,,2.8536929998794587e-09,179.493,0.4860000014305115,-2.54282557437952
179.68965500000002,,2.7243873454352095e-09,179.956,0.4650000035762787,-2.588159239045024
180.155172,,2.5797870669055118e-09,180.422,0.48899999260902405,-2.5354144478160423
180.62069,,2.4197470088345064e-09,180.887,0.46700000762939453,-2.582862192397949
181.086207,,2.244170777110921e-09,181.353,0.4659999907016754,-2.5845484026110537
181.551724,,2.0530131884193307e-09,181.82,0.4690000116825104,-2.577525603032185
182.01724099999998,,1.8462826429524549e-09,182.286,0.4650000035762787,-2.5857741524533346
182.482759,,1.6240434086135349e-09,182.75,0.4650000035762787,-2.5853433868480926
182.948276,,1.386417804744938e-09,183.215,0.4819999933242798,-2.547924050585077
183.413793,,1.133588273260553e-09,183.675,0.4690000116825104,-2.575924089249561
183.87931,,8.657993249373161e-10,184.145,0.46799999475479126,-2.5778506424711636
184.34482799999998,,5.83359348537343e-10,184.606,0.47200000286102295,-2.5689622586217378
184.81034499999998,,2.8664227038860473e-10,185.075,0.46700000762939453,-2.5797655681024563
185.27586200000002,,2.391094794924339e-11,185.539,0.49300000071525574,-2.523117177317593
185.74137900000002,,3.4779098626455044e-10,186.001,0.46399998664855957,-2.586380847643778
186.206897,,6.844190287610354e-10,186.467,0.4729999899864197,-2.5669401966504655
186.672414,,1.0331458257190222e-09,186.931,0.46299999952316284,-2.5889736587590413
187.137931,,1.3932509656717505e-09,187.396,0.46799999475479126,-2.578399843474668
187.60344800000001,,1.7639423697824968e-09,187.863,0.39899998903274536,-2.7291100511631905
188.06896600000002,,2.144356019820958e-09,188.329,0.46299999952316284,-2.5901133511642094
188.534483,,2.5335559307970236e-09,188.79,0.47200000286102295,-2.570981030591222
189.0,,2.9305343789156455e-09,189.256,0.47600001096725464,-2.5627641779807537
189.465517,,3.3342123950670246e-09,189.72,0.48500001430511475,-2.543660308742506
189.931034,,3.743440533561057e-09,190.186,0.5109999775886536,-2.4875090914728446
190.39655199999999,,4.1569999252532546e-09,190.653,0.3799999952316284,-2.773381220567508
190.862069,,4.573603623590783e-09,191.116,0.45100000500679016,-2.6191302075550484
191.327586,,4.991898251431578e-09,191.587,0.47999998927116394,-2.5563321503333656
191.793103,,5.4104659557566284e-09,192.049,0.4560000002384186,-2.6089379981491025
192.25862099999998,,5.827826676605624e-09,192.513,0.4740000069141388,-2.5699660292903936
192.72413799999998,,6.242440735719614e-09,192.975,0.47200000286102295,-2.5744845052298975
193.189655,,6.652711749471634e-09,193.441,0.4650000035762787,-2.589808277315966
193.655172,,7.0569898697082895e-09,193.905,0.46399998664855957,-2.591970074904562
194.12069000000002,,7.453575355113013e-09,194.371,0.4749999940395355,-2.5678981947947626
194.586207,,7.840722474636429e-09,194.838,0.4819999933242798,-2.5524537086046757
195.051724,,8.216643743422428e-09,195.304,0.46700000762939453,-2.5848579554223123
195.517241,,8.57951449049203e-09,195.769,0.4620000123977661,-2.595403212022878
195.98275900000002,,8.927477756232745e-09,196.234,0.47600001096725464,-2.564492604621293
196.448276,,9.258649516481411e-09,196.702,0.47999998927116394,-2.5553192090126977
196.913793,,9.571124228685644e-09,197.164,0.47699999809265137,-2.56136091852403
197.37931,,9.862980694286171e-09,197.627,0.4830000102519989,-2.5477747974606864
197.844828,,1.013228823008221e-08,198.09,0.47200000286102295,-2.571221963374959
198.310345,,1.0377113139928237e-08,198.558,0.453000009059906,-2.6121114776348335
198.775862,,1.05955254766664e-08,199.02,0.47600001096725464,-2.5615273466302853
199.241379,,1.078560608272836e-08,199.486,0.47999998927116394,-2.5523816705581686
199.706897,,1.0945453896347598e-08,199.956,0.48500001430511475,-2.5411143216202237
200.172414,,1.1073193508812569e-08,200.421,0.47200000286102295,-2.5691317359648447
200.63793099999998,,1.1166982956667083e-08,200.88,0.37599998712539673,-2.7780580407634146
201.103448,,1.1225021731231845e-08,201.345,0.47999998927116394,-2.5513445810637148
201.568966,,1.1245558986285303e-08,201.813,0.4440000057220459,-2.6297350132889923
202.034483,,1.1226901923208127e-08,202.278,0.47600001096725464,-2.560070510965612
202.5,,1.1167424331369327e-08,202.743,0.4659999907016754,-2.582000594818495
202.965517,,1.1065575260018976e-08,203.209,0.46299999952316284,-2.588766700016079
203.431034,,1.0919887796458754e-08,203.672,0.46700000762939453,-2.580361924300076
203.896552,,1.0728987923793151e-08,204.142,0.4880000054836273,-2.5349896056911563
204.36206900000002,,1.0491603430127554e-08,204.602,0.46700000762939453,-2.581177664319887
204.827586,,1.020657283968103e-08,205.065,0.46399998664855957,-2.5881939850682665
205.293103,,9.872854334928098e-09,205.535,0.46399998664855957,-2.5887036648308603
205.758621,,9.489534637581877e-09,205.997,0.47600001096725464,-2.5630826955211012
206.224138,,9.055837814987578e-09,206.463,0.4830000102519989,-2.548351224088673
206.689655,,8.57113397731736e-09,206.927,0.46399998664855957,-2.5902444501396573
207.155172,,8.034947829852113e-09,207.393,0.46700000762939453,-2.5841719255616415
207.62069,,7.4469670436097815e-09,207.857,0.46700000762939453,-2.5845857051082777
208.086207,,6.80705040664058e-09,208.323,0.46399998664855957,-2.591472767617166
208.551724,,6.11523571746388e-09,208.788,0.4740000069141388,-2.5699634432833736
209.01724099999998,,5.371747381376812e-09,209.253,0.47200000286102295,-2.5745150568397133
209.482759,,4.5770036697276775e-09,209.72,0.47200000286102295,-2.574620172382999
209.948276,,3.731623601725029e-09,210.186,0.4690000116825104,-2.5811687450649345
210.413793,,2.8364334079525754e-09,210.649,0.46700000762939453,-2.5854459017949165
210.87930999999998,,1.892472534487645e-09,211.112,0.47999998927116394,-2.556952881212801
211.344828,,9.009991463831711e-10,211.575,0.4909999966621399,-2.532731259451742
211.810345,,1.3650491072351492e-10,212.045,0.46700000762939453,-2.584684302471925
212.27586200000002,,1.218329731961372e-09,212.505,0.47699999809265137,-2.5624962491112857
212.741379,,2.342533598318761e-09,212.977,0.4659999907016754,-2.586005641920798
213.206897,,3.5069398858000955e-09,213.435,0.46299999952316284,-2.5920462178075443
213.672414,,4.7091346783416745e-09,213.902,0.45899999141693115,-2.6002418448643976
214.137931,,5.946465123388364e-09,214.368,0.47600001096725464,-2.5626783254998213
214.60344800000001,,7.216038568065889e-09,214.835,0.46799999475479126,-2.579589776699004
215.068966,,8.514722512739613e-09,215.3,0.4749999940395355,-2.563846228876583
215.534483,,9.839145417426306e-09,215.764,0.43799999356269836,-2.6440040949034023
216.0,,1.1185698395017334e-08,216.23,0.4860000014305115,-2.5390321705724688
216.465517,,1.255053782357753e-08,216.694,0.46399998664855957,-2.5866329228629277
216.93103399999998,,1.3929588908101716e-08,217.156,0.4819999933242798,-2.547164785132207
217.39655199999999,,1.5318550220038872e-08,217.624,0.4749999940395355,-2.5622478413512217
217.862069,,1.67128992406317e-08,218.086,0.46799999475479126,-2.5774212142166513
218.327586,,1.8107898931666385e-08,218.55,0.4729999899864197,-2.566543918704723
218.793103,,1.949860535458457e-08,219.019,0.46700000762939453,-2.579724464221378
219.25862099999998,,2.087987635607783e-08,219.485,0.46399998664855957,-2.58645875600767
219.724138,,2.22463813352664e-08,219.948,0.45899999141693115,-2.597634075615
220.18965500000002,,2.3592612104361093e-08,220.413,0.453000009059906,-2.6110633687874687
220.65517200000002,,2.4912894851323912e-08,220.88,0.46399998664855957,-2.5875199948254526
221.12069,,2.6201403209482736e-08,221.346,0.46700000762939453,-2.5814564151865342
221.586207,,2.745217243532432e-08,221.805,0.46799999475479126,-2.5797857181924297
222.051724,,2.865911469179284e-08,222.271,0.47600001096725464,-2.562883703326815
222.517241,,2.9816035430365544e-08,222.737,0.4909999966621399,-2.5307333137866017
222.98275900000002,,3.091665086097025e-08,223.203,0.4650000035762787,-2.5878927320382306
223.448276,,3.195460649445994e-08,223.665,0.4620000123977661,-2.594913032007499
223.913793,,3.2923496737876734e-08,224.134,0.47200000286102295,-2.573565940717796
224.37931,,3.3816885518131454e-08,224.598,0.4699999988079071,-2.578303533197906
224.844828,,3.462832790500695e-08,225.06,0.46299999952316284,-2.5938633073468695
225.31034499999998,,3.535139269957519e-08,225.528,0.47099998593330383,-2.5766627136405345
225.775862,,3.597968594921262e-08,225.991,0.46399998664855957,-2.592053894362456
226.241379,,3.6506875345419454e-08,226.456,0.47699999809265137,-2.5637795193831994
226.706897,,3.6926715455610554e-08,226.92,0.49000000953674316,-2.5354104179284045
227.172414,,3.723307373496447e-08,227.386,0.4569999873638153,-2.6071658241204014
227.63793099999998,,3.741995725930834e-08,227.853,0.47999998927116394,-2.5568283117008965
228.103448,,3.7481540114897376e-08,228.318,0.4620000123977661,-2.595734103126769
228.56896600000002,,3.7412191375836416e-08,228.784,0.47200000286102295,-2.573566276991684
229.03448300000002,,3.720650359480555e-08,229.249,0.45899999141693115,-2.601448033973202
229.5,,3.6859321727711945e-08,229.716,0.4830000102519989,-2.5486740143327506
229.965517,,3.63657724079153e-08,230.175,0.3019999861717224,-2.942495467516576
230.431034,,3.572129348078532e-08,230.642,0.4560000002384186,-2.606461105895734
230.896552,,3.492166370456766e-08,231.105,0.45399999618530273,-2.610301628036372
231.362069,,3.396303251888126e-08,231.575,0.4959999918937683,-2.5182994278618196
231.827586,,3.284194977766755e-08,232.038,0.45899999141693115,-2.598442836076985
232.293103,,3.155539533908242e-08,232.504,0.4650000035762787,-2.5849514775048417
232.758621,,3.010080840068882e-08,232.97,0.46399998664855957,-2.586771328469208
233.224138,,2.8476116464393973e-08,233.436,0.4560000002384186,-2.6039134166208404
233.689655,,2.667976381190436e-08,233.901,0.46299999952316284,-2.5884566233210005
234.155172,,2.471073936806713e-08,234.36,0.4880000054836273,-2.533870769498986
234.62069,,2.2568603826352004e-08,234.831,0.48100000619888306,-2.549091152497503
235.086207,,2.025351590792698e-08,235.296,0.47999998927116394,-2.551329973170161
235.55172399999998,,1.7766257623317713e-08,235.761,0.45100000500679016,-2.6146602019445
236.01724099999998,,1.5108258403537218e-08,236.22,0.49300000071525574,-2.5233915641519475
236.482759,,1.228161796585324e-08,236.69,0.4650000035762787,-2.5847059900984726
236.94827600000002,,9.289127778047453e-09,237.153,0.46700000762939453,-2.58072936769286
237.413793,,6.134290984136123e-09,237.616,0.4959999918937683,-2.51798606706202
237.87931,,2.8213406540874873e-09,238.087,0.46399998664855957,-2.5881833525057076
238.344828,,6.447437798920895e-10,238.55,0.4699999988079071,-2.57562087851565
238.810345,,4.258222037402889e-09,239.012,0.4830000102519989,-2.5478214386565794
239.27586200000002,,8.012580590088281e-09,239.478,0.47999998927116394,-2.5548775480528465
239.741379,,1.1900522482355455e-08,239.941,0.46299999952316284,-2.592416085877699
240.206897,,1.5913959504758662e-08,240.407,0.48500001430511475,-2.544953658223587
240.672414,,2.0044006849546302e-08,240.873,0.46399998664855957,-2.5911251692774524
241.137931,,2.4280980374619152e-08,241.338,0.49000000953674316,-2.5348389927148265
241.603448,,2.8614396598302465e-08,241.805,0.47200000286102295,-2.5743411056692977
242.068966,,3.303297554288782e-08,242.271,0.47600001096725464,-2.565831836878699
242.534483,,3.752464653984129e-08,242.736,0.46700000762939453,-2.58555794847064
243.0,,4.207655710389427e-08,243.201,0.45899999141693115,-2.603015031923139
243.465517,,4.6675084976925694e-08,243.664,0.4690000116825104,-2.581165222355698
243.93103399999998,,5.130585343560461e-08,244.127,0.4560000002384186,-2.6093350561852433
244.39655199999999,,5.595374994918783e-08,244.59,0.45899999141693115,-2.602561832683373
244.862069,,6.060294826565779e-08,245.06,0.46700000762939453,-2.5848176352712864
245.327586,,6.523693399554333e-08,245.524,0.5849999785423279,-2.3273512545779376
245.793103,,6.983853375329411e-08,245.986,0.4659999907016754,-2.5861630497019057
246.258621,,7.438994790598575e-08,246.452,0.46299999952316284,-2.592205848928944
246.724138,,7.887278696842502e-08,246.917,0.4790000021457672,-2.556825757267894
247.18965500000002,,8.326811167241527e-08,247.382,0.46700000762939453,-2.5824349286964177
247.655172,,8.755647672604592e-08,247.85,0.46399998664855957,-2.5884400032513897
248.12069,,9.171797826640295e-08,248.315,0.46399998664855957,-2.5879294031322573
248.586207,,9.573230499608003e-08,248.779,0.4830000102519989,-2.546060112709484
249.051724,,9.957879298032451e-08,249.245,0.46000000834465027,-2.595744158126451
249.517241,,1.0323648406760504e-07,249.712,0.4620000123977661,-2.591025521469582
249.982759,,1.0668418788186615e-07,250.171,0.47600001096725464,-2.5602379016763206
250.44827600000002,,1.0990054731976994e-07,250.639,0.4830000102519989,-2.5447837800715987
250.913793,,1.1286410747085247e-07,251.101,0.46399998664855957,-2.586063702607621
251.37931000000003,,1.1555338786277814e-07,251.569,0.4620000123977661,-2.590399828304208
251.844828,,1.1794695791779925e-07,252.03,0.45899999141693115,-2.597009295591269
252.31034499999998,,1.2002351549016402e-07,252.496,0.4819999933242798,-2.5470659852052315
252.77586200000002,,1.2176196833760993e-07,252.966,0.4779999852180481,-2.5560326565222384
253.241379,,1.2314151836327872e-07,253.425,0.45899999141693115,-2.597757904156653
253.706897,,1.2414174844744691e-07,253.894,0.46700000762939453,-2.5807290523787088
254.172414,,1.2474271167143535e-07,254.359,0.46399998664855957,-2.5877227871466224
254.63793099999998,,1.2492502271899943e-07,254.824,0.47200000286102295,-2.570794492579313
255.10344800000001,,1.2466995122346852e-07,255.29,0.46299999952316284,-2.59093106597249
255.56896600000002,,1.2395951681196e-07,255.75,0.4749999940395355,-2.5653275576734544
256.03448299999997,,1.2277658558120573e-07,256.215,0.4699999988079071,-2.5767558471486995
256.5,,1.2110496772296007e-07,256.683,0.453000009059906,-2.6143065449723206
256.965517,,1.1892951600068276e-07,257.146,0.47600001096725464,-2.5646744178035776
257.431034,,1.1623622476327129e-07,257.616,0.4620000123977661,-2.5956004578533247
257.896552,,1.1301232916613357e-07,258.079,0.4699999988079071,-2.578531202650267
258.362069,,1.092464042549126e-07,258.547,0.46399998664855957,-2.59188690819404
258.827586,,1.0492846355277882e-07,259.009,0.46399998664855957,-2.5920858043666883
259.29310300000003,,1.0005005677846697e-07,259.474,0.4909999966621399,-2.5333696227621676
259.758621,,9.460436630923088e-08,259.938,0.4569999873638153,-2.6074557486407857
260.224138,,8.858630199070022e-08,260.404,0.4779999852180481,-2.561620688592382
260.689655,,8.199259388432607e-08,260.869,0.46799999475479126,-2.583230745338106
261.155172,,7.482188253277531e-08,261.335,0.46799999475479126,-2.582966633098847
261.62068999999997,,6.707480631435755e-08,261.801,0.4749999940395355,-2.567372347998591
262.086207,,5.8754085449419266e-08,262.26,0.4659999907016754,-2.5865672053345623
262.551724,,4.9864602214697384e-08,262.725,0.48500001430511475,-2.544703044269152
263.017241,,4.041347691596414e-08,263.191,0.46399998664855957,-2.5899424246267593
263.482759,,3.041013916499362e-08,263.661,0.4699999988079071,-2.576331696536227
263.94827599999996,,1.986639400401035e-08,264.123,0.4790000021457672,-2.5561751163970277
264.413793,,8.796482419415343e-09,264.591,0.46399998664855957,-2.588312965642036
264.87931,,2.7828642132062025e-09,265.053,0.46399998664855957,-2.5877949584229687
265.34482799999995,,1.4852376208940984e-08,265.516,0.49399998784065247,-2.5219571060201944
265.810345,,2.7390204630856882e-08,265.986,0.4790000021457672,-2.5542120388973806
266.27586199999996,,4.0371887772032137e-08,266.445,0.45899999141693115,-2.597427444200385
266.741379,,5.377032550242445e-08,266.912,0.5099999904632568,-2.4860371448833027
267.206897,,6.7555761911676e-08,267.378,0.4620000123977661,-2.5904196279910865
267.672414,,8.169577666800013e-08,267.846,0.4569999873638153,-2.6012139412401414
268.137931,,9.615528550037457e-08,268.311,0.45500001311302185,-2.6055702375072674
268.603448,,1.1089655019633643e-07,268.775,0.4740000069141388,-2.564273048313547
269.06896600000005,,1.2587919849070042e-07,269.241,0.4749999940395355,-2.5622861178020293
269.53448299999997,,1.410602542014782e-07,269.702,0.46399998664855957,-2.586531575589184
270.0,,1.5639417794814115e-07,270.171,0.49000000953674316,-2.5302469533936556
270.465517,,1.718329187641246e-07,270.631,0.4699999988079071,-2.574248894544273
270.931034,,1.873259768901128e-07,271.101,0.47600001096725464,-2.561661565093779
271.396552,,2.0282047800716839e-07,271.561,0.4620000123977661,-2.5926884660619263
271.86206899999996,,2.1826125913918513e-07,272.03,0.4690000116825104,-2.5779890891999164
272.327586,,2.3359096642246144e-07,272.496,0.4729999899864197,-2.569834007400919
272.793103,,2.487501649064377e-07,272.959,0.45100000500679016,-2.618314884623024
273.258621,,2.6367746051384405e-07,273.425,0.4740000069141388,-2.568731003853046
273.724138,,2.7830963425070503e-07,273.89,0.46399998664855957,-2.5910004520866368
274.18965499999996,,2.9258178871689366e-07,274.356,0.47600001096725464,-2.56528204045205
274.655172,,3.0642750692627455e-07,274.821,0.47099998593330383,-2.5765298128383844
275.12069,,3.197790234019933e-07,275.287,0.5299999713897705,-2.4482607690639817
275.586207,,3.3256740746723045e-07,275.747,0.4880000054836273,-2.5399420706937366
276.051724,,3.447227586048302e-07,276.212,0.4749999940395355,-2.56834461364952
276.517241,,3.561744137107304e-07,276.675,0.4690000116825104,-2.581397353795541
276.98275900000004,,3.6685116601616846e-07,277.145,0.46299999952316284,-2.5943520661693302
277.448276,,3.7668149540233057e-07,277.605,0.4650000035762787,-2.589783297880324
277.913793,,3.8559380977857103e-07,278.075,0.46399998664855957,-2.5916627640322525
278.37931,,3.935166971416947e-07,278.535,0.46000000834465027,-2.599999540295078
278.844828,,4.0037918787920464e-07,279.005,0.46399998664855957,-2.590840299439767
279.31034500000004,,4.0611102682402826e-07,279.47,0.46399998664855957,-2.5903422119754764
279.77586199999996,,4.106429545122122e-07,279.937,0.4699999988079071,-2.5767338588227853
280.241379,,4.13906997038584e-07,280.395,0.4620000123977661,-2.5936046011179306
280.706897,,4.1583676384860664e-07,280.862,0.4729999899864197,-2.569076195225322
281.172414,,4.1636775274778595e-07,281.328,0.46399998664855957,-2.588133034187152
281.637931,,4.1543766135322804e-07,281.794,0.46000000834465027,-2.5963260086706885
282.10344799999996,,4.12986704155496e-07,282.259,0.4650000035762787,-2.5849568985389273
282.568966,,4.089579343029932e-07,282.724,0.46399998664855957,-2.58671996375417
283.034483,,4.03297569165929e-07,283.189,0.46799999475479126,-2.5776626572904564
283.5,,3.959553186827255e-07,283.65,0.49000000953674316,-2.5294726187613734
283.965517,,3.8688471543874595e-07,284.12,0.46000000834465027,-2.59466307001327
284.431034,,3.7604344537569567e-07,284.583,0.46399998664855957,-2.585876133544406
284.89655200000004,,3.6339367798022334e-07,285.045,0.46700000762939453,-2.5793671085753354
285.362069,,3.4890239475237655e-07,285.513,0.4729999899864197,-2.566420584192113
285.827586,,3.325417147088998e-07,285.975,0.4569999873638153,-2.6014989834989963
286.293103,,3.142892156331622e-07,286.441,0.47200000286102295,-2.5691274772008112
286.758621,,2.9412824974302715e-07,286.906,0.46399998664855957,-2.5869437805724105
287.22413800000004,,2.720482524104886e-07,287.371,0.49900001287460327,-2.511144475577184
287.689655,,2.480450425326632e-07,287.838,0.46399998664855957,-2.5879028202786345
288.155172,,2.2212111312300088e-07,288.304,0.4560000002384186,-2.6058750447839074
288.62069,,1.9428591066462757e-07,288.769,0.46399998664855957,-2.5890106775458435
289.086207,,1.645561017448164e-07,289.234,0.4880000054836273,-2.5372917203828216
289.55172400000004,,1.3295582547095457e-07,289.702,0.46399998664855957,-2.5901338620200547
290.01724099999996,,9.951693015428525e-08,290.164,0.4690000116825104,-2.5797642917901604
290.482759,,6.427919273840257e-08,290.628,0.4740000069141388,-2.5693480912441364
290.948276,,2.7290519445202878e-08,291.09,0.4790000021457672,-2.5588701518398764
291.413793,,1.1392873888019982e-08,291.561,0.515999972820282,-2.4785999887534205
291.87931,,5.1706303300181204e-08,292.023,0.460999995470047,-2.598679030554021
292.344828,,9.357648153439597e-08,292.489,0.4490000009536743,-2.6249835825189995
292.81034500000004,,1.3692140769197542e-07,292.952,0.460999995470047,-2.598904254184977
293.275862,,1.8165028317789654e-07,293.417,0.4830000102519989,-2.550939369165143
293.74137900000005,,2.276634553727973e-07,293.882,0.44999998807907104,-2.622701762398655
294.206897,,2.748523904297024e-07,294.348,0.46399998664855957,-2.591973587579119
294.672414,,3.230996765502645e-07,294.813,0.46700000762939453,-2.5851233294238414
295.13793100000004,,3.722790590451805e-07,295.279,0.503000020980835,-2.5062988859708013
295.603448,,4.222555084265031e-07,295.746,0.460999995470047,-2.5973416469348254
296.068966,,4.7288532271572126e-07,296.212,0.45500001311302185,-2.6099004069303193
296.534483,,5.240162650806609e-07,296.672,0.47200000286102295,-2.572314052911998
297.0,,5.754877378364091e-07,297.142,0.47600001096725464,-2.5630299688600147
297.46551700000003,,6.271309937605644e-07,297.605,0.47600001096725464,-2.5624572474261416
297.931034,,6.787693855811638e-07,298.068,0.45500001311302185,-2.6076507008387004
298.396552,,7.302186543966477e-07,298.535,0.4749999940395355,-2.563551602069339
298.862069,,7.812872576812628e-07,298.998,0.4650000035762787,-2.5848598730727246
299.327586,,8.317767374164287e-07,299.463,0.46399998664855957,-2.5866229904636717
299.79310300000003,,8.814821287689248e-07,299.927,0.3569999933242798,-2.819400489929002
300.258621,,9.301924096104091e-07,300.393,0.46700000762939453,-2.579501002042385
300.724138,,9.776909910399387e-07,300.857,0.47099998593330383,-2.5706336282464215
301.189655,,1.023756248931996e-06,301.323,0.3889999985694885,-2.749229093358528
301.65517200000005,,1.0681620963872793e-06,301.787,0.4690000116825104,-2.5749854426469945
302.12069,,1.1106785968124252e-06,302.252,0.46399998664855957,-2.5860260768854917
302.586207,,1.1510726171982002e-06,302.717,0.4729999899864197,-2.5666583859053613
303.05172400000004,,1.1891085210038293e-06,303.183,0.46799999475479126,-2.5778769471339955
303.517241,,1.2245488998883863e-06,303.646,0.4869999885559082,-2.5368827212104197
303.982759,,1.2571553433589295e-06,304.116,0.4569999873638153,-2.602704734258142
304.448276,,1.2866892452297451e-06,304.579,0.4690000116825104,-2.5770722861988884
304.913793,,1.31291264560811e-06,305.041,0.46000000834465027,-2.5972251181934505
305.37931000000003,,1.3355891069398828e-06,305.509,0.4959999918937683,-2.5193552479846035
305.844828,,1.354484622463497e-06,305.971,0.4749999940395355,-2.565667054512837
306.310345,,1.3693685552340938e-06,306.437,0.46299999952316284,-2.5923531776321354
306.775862,,1.38001460569119e-06,306.902,0.45899999141693115,-2.6015769368452384
307.241379,,1.3862018055540147e-06,307.368,0.4779999852180481,-2.5606433293957753
307.70689699999997,,1.3877155356391118e-06,307.835,0.47200000286102295,-2.574113185585338
308.172414,,1.384348565005663e-06,308.301,0.47999998927116394,-2.557007190323593
308.637931,,1.3759021086459156e-06,308.761,0.4620000123977661,-2.5964617754864374
309.103448,,1.3621869007518275e-06,309.226,0.47999998927116394,-2.5573940848762526
309.568966,,1.3430242804052998e-06,309.694,0.4880000054836273,-2.5400171007589045
310.034483,,1.3182472863589448e-06,310.156,0.4650000035762787,-2.590081073656329
310.5,,1.2877017573979787e-06,310.62,0.4699999988079071,-2.5790479281441008
310.96551700000003,,1.2512474346023816e-06,311.09,0.4620000123977661,-2.596247130578231
311.431034,,1.2087590616627194e-06,311.55,0.49000000953674316,-2.5349318158620613
311.896552,,1.1601274792438427e-06,312.02,0.46399998664855957,-2.5911896829487118
312.362069,,1.1052607092388814e-06,312.486,0.45399999618530273,-2.6125276828715283
312.827586,,1.04408502461244e-06,312.948,0.49000000953674316,-2.533600270541744
313.29310300000003,,9.765460003975006e-07,313.414,0.44699999690055847,-2.62675337138763
313.758621,,9.026095412861594e-07,313.879,0.45100000500679016,-2.617493938996515
314.224138,,8.222628811408106e-07,314.345,0.4699999988079071,-2.575555530995022
314.689655,,7.35515549650643e-07,314.809,0.46399998664855957,-2.5880997289365992
315.155172,,6.424003012691878e-07,315.275,0.4880000054836273,-2.535315915303346
315.62068999999997,,5.429740014930188e-07,315.735,0.4129999876022339,-2.698265367417691
316.086207,,4.3731846548040584e-07,316.2,0.4580000042915344,-2.599838557933693
316.551724,,3.255412439626026e-07,316.669,0.47200000286102295,-2.569022449392901
317.017241,,2.0777635137032524e-07,317.131,0.46700000762939453,-2.5796810381074526
317.482759,,8.418493108465447e-08,317.601,0.46399998664855957,-2.586069418985251
317.94827599999996,,4.5044147274167816e-08,318.064,0.4749999940395355,-2.562047743879058
318.413793,,1.7969376358401954e-07,318.527,0.46299999952316284,-2.5882273033064926
318.87931000000003,,3.1951810100665295e-07,318.99,0.4790000021457672,-2.553495517690422
319.344828,,4.642422827830439e-07,319.456,0.44600000977516174,-2.6256044975611643
319.810345,,6.135620969178549e-07,319.92,0.45100000500679016,-2.6150059565264727
320.275862,,7.671438135300144e-07,320.386,0.4869999885559082,-2.5369410993474992
320.741379,,9.246240995224404e-07,320.853,0.46799999475479126,-2.5787613872791626
321.20689699999997,,1.0856100350780292e-06,321.319,0.48100000619888306,-2.5509112405646723
321.672414,,1.2496792363207518e-06,321.783,0.46399998664855957,-2.5884529410540913
322.137931,,1.4163800882896968e-06,322.248,0.46399998664855957,-2.588975129417594
322.603448,,1.5852320921598565e-06,322.713,0.42899999022483826,-2.665752981960521
323.068966,,1.755726330406147e-06,323.179,0.47600001096725464,-2.563869292024364
323.53448299999997,,1.927326053346422e-06,323.646,0.4339999854564667,-2.655857637421373
324.0,,2.099467390215014e-06,324.109,0.4659999907016754,-2.586583709487859
324.465517,,2.271560187610585e-06,324.572,0.4690000116825104,-2.5804348139540845
324.931034,,2.442988977830916e-06,325.035,0.4620000123977661,-2.596004676507098
325.396552,,2.6131140792528135e-06,325.5,0.4440000057220459,-2.6354630852904157
325.86206899999996,,2.781272830537907e-06,325.972,0.49000000953674316,-2.5354041856949863
326.327586,,2.946780960045026e-06,326.43,0.49799999594688416,-2.518044180254554
326.793103,,3.1089340914075856e-06,326.897,0.4659999907016754,-2.5877379386822366
327.258621,,3.2670093857904756e-06,327.363,0.47600001096725464,-2.5658380490720805
327.724138,,3.4202673208760236e-06,327.827,0.46399998664855957,-2.5917823943723786
328.189655,,3.5679536061434074e-06,328.293,0.46399998664855957,-2.5915033195532238
328.655172,,3.709301233501316e-06,328.757,0.46399998664855957,-2.5911535617410473
329.12068999999997,,3.84353266181063e-06,329.222,0.46799999475479126,-2.5820291800349993
329.586207,,3.969862133293487e-06,329.69,0.47200000286102295,-2.5728570669469977
330.051724,,4.087498119268496e-06,330.153,0.47600001096725464,-2.5636508119070505
330.517241,,4.1956458920803615e-06,330.621,0.46299999952316284,-2.5914623842601863
330.982759,,4.293510219507145e-06,331.082,0.4749999940395355,-2.564804050973353
331.44827599999996,,4.3802981773313295e-06,331.546,0.4779999852180481,-2.557765107315758
331.913793,,4.455222075153414e-06,332.016,0.46700000762939453,-2.5812536655732146
332.37931,,4.5175024899106015e-06,332.482,0.382999986410141,-2.7638263530597325
332.844828,,4.566371400940117e-06,332.945,0.43799999356269836,-2.643624549872898
333.310345,,4.601075419798711e-06,333.41,0.45899999141693115,-2.5975647459862925
333.77586199999996,,4.620879107419007e-06,333.871,0.46399998664855957,-2.5864381426956866
334.241379,,4.62506837055164e-06,334.337,0.49000000953674316,-2.5296400978411944
334.706897,,4.61295392881185e-06,334.803,0.46799999475479126,-2.577500997303555
335.17241399999995,,4.5838748430226105e-06,335.269,0.46299999952316284,-2.5884105667246344
335.637931,,4.53720209492593e-06,335.736,0.4620000123977661,-2.5906909712162096
336.103448,,4.472342207722095e-06,336.202,0.47999998927116394,-2.5516589141042827
336.56896600000005,,4.388740896295884e-06,336.664,0.45899999141693115,-2.597669801812543
337.034483,,4.285886735401862e-06,337.127,0.47699999809265137,-2.558781092567915
337.5,,4.1633148335103055e-06,337.59,0.4659999907016754,-2.5831308820513157
337.965517,,4.02061049946406e-06,338.06,0.46799999475479126,-2.5792042166346127
338.431034,,3.857412888567264e-06,338.524,0.46299999952316284,-2.5905613630114375
338.89655200000004,,3.673418614222384e-06,338.986,0.48500001430511475,-2.5431140789565476
339.36206899999996,,3.4683853107552137e-06,339.452,0.4569999873638153,-2.604603885688513
339.827586,,3.242135132621279e-06,339.917,0.4620000123977661,-2.594188804052599
340.293103,,2.9945581747743836e-06,340.383,0.45899999141693115,-2.6011799703257164
340.758621,,2.725615798601732e-06,340.85,0.46299999952316284,-2.5928840701778264
341.224138,,2.4353438474931364e-06,341.315,0.4729999899864197,-2.57146734403235
341.68965499999996,,2.123855735817084e-06,341.779,0.47600001096725464,-2.565240891029677
342.155172,,1.7913453948268317e-06,342.244,0.4620000123977661,-2.59598238196829
342.62069,,1.4380900588180343e-06,342.71,0.4659999907016754,-2.5874326950267172
343.086207,,1.0644528747084913e-06,343.176,0.46799999475479126,-2.583160247361617
343.551724,,6.708853181131277e-07,343.639,0.4880000054836273,-2.539589418583871
344.01724099999996,,2.579293989459992e-07,344.101,0.460999995470047,-2.5983324987731526
344.48275900000004,,1.7378036040154933e-07,344.569,0.46399998664855957,-2.591636797151213
344.948276,,6.235151911789129e-07,345.031,0.46700000762939453,-2.584867165660747
345.413793,,1.0904506054207463e-06,345.497,0.46299999952316284,-2.5932814337545107
345.87931,,1.5736652006404613e-06,345.967,0.46299999952316284,-2.592923650834094
346.344828,,2.0721397583195123e-06,346.425,0.5009999871253967,-2.5097299757363585
346.81034500000004,,2.5847566520937938e-06,346.89,0.4620000123977661,-2.5942564492578595
347.275862,,3.1102995811213974e-06,347.356,0.4690000116825104,-2.578543178451143
347.741379,,3.647453643625689e-06,347.82,0.4790000021457672,-2.556286131311696
348.206897,,4.1948057650427604e-06,348.286,0.49900001287460327,-2.5122478029522117
348.672414,,4.750845494561587e-06,348.754,0.47699999809265137,-2.559731321024003
349.13793100000004,,5.313966183127686e-06,349.219,0.47699999809265137,-2.559316718149925
349.60344799999996,,5.882466555185954e-06,349.687,0.4650000035762787,-2.5850909634813584
350.068966,,6.454552685565149e-06,350.149,0.45399999618530273,-2.608743167862009
350.534483,,7.028340391954949e-06,350.613,0.4339999854564667,-2.6520699273833497
351.0,,7.601858052396583e-06,351.075,0.453000009059906,-2.6105036439514238
351.465517,,8.173049856100088e-06,351.546,0.47600001096725464,-2.560301145267712
351.93103399999995,,8.739779494715788e-06,352.009,0.45899999141693115,-2.597324462579688
352.396552,,9.2998342999256e-06,352.475,0.4650000035762787,-2.5843186432346035
352.862069,,9.850929831882274e-06,352.938,0.4569999873638153,-2.601891674994304
353.32758600000005,,1.0390714921613358e-05,353.404,0.4790000021457672,-2.55417792247188
353.793103,,1.0916777169023237e-05,353.872,0.5709999799728394,-2.354022321152589
354.258621,,1.1426648896573326e-05,354.33,0.47200000286102295,-2.5700415139601938
354.72413800000004,,1.1917813557099866e-05,354.796,0.4650000035762787,-2.5856699955761733
355.189655,,1.2387712592543561e-05,355.262,0.4830000102519989,-2.5468677330294547
355.655172,,1.2833752738618848e-05,355.728,0.47200000286102295,-2.571269259099237
356.12069,,1.3253313768646488e-05,356.194,0.48500001430511475,-2.5433930797203357
356.586207,,1.3643756667915258e-05,356.657,0.46399998664855957,-2.589588020071219
357.05172400000004,,1.4002432228031138e-05,357.127,0.47200000286102295,-2.572586471046387
357.517241,,1.4326690048760216e-05,357.59,0.47999998927116394,-2.5555569489485928
357.982759,,1.4613887932879574e-05,358.053,0.4490000009536743,-2.6234552323208207
358.448276,,1.486140165752412e-05,358.516,0.4569999873638153,-2.6063372842022274
358.913793,,1.5066635103462327e-05,358.986,0.46399998664855957,-2.5913402080265073
359.37931000000003,,1.522703072165623e-05,359.452,0.45399999618530273,-2.6133149191206155
359.844828,,1.534008031436735e-05,359.916,0.4790000021457672,-2.5589661066813223
360.310345,,1.5403336105967105e-05,360.375,0.4440000057220459,-2.6352620582213273
360.775862,,1.5414422076504917e-05,360.847,0.4560000002384186,-2.609086800634312
361.241379,,1.5371045528986992e-05,361.305,0.4569999873638153,-2.60680318895994
361.706897,,1.5271008859231294e-05,361.772,0.45399999618530273,-2.61316353333311
362.172414,,1.5112221495097629e-05,362.237,0.46399998664855957,-2.5911359406297803
362.63793100000004,,1.489271196985427e-05,362.71,0.46000000834465027,-2.5995506215625817
363.103448,,1.461064009244264e-05,363.168,0.47600001096725464,-2.5643420002672146
363.568966,,1.426430917544799e-05,363.631,0.46399998664855957,-2.5900951435410957
364.034483,,1.3852178279685865e-05,364.101,0.47699999809265137,-2.5613527803159197
364.5,,1.3372874432480328e-05,364.561,0.46399998664855957,-2.5892383593448303
364.96551700000003,,1.2825204774950037e-05,365.031,0.48100000619888306,-2.5517600665549534
365.431034,,1.2208168591941537e-05,365.496,0.48100000619888306,-2.5513270114805406
365.896552,,1.1520969176665327e-05,365.959,0.46399998664855957,-2.587951862116382
366.362069,,1.0763025480608897e-05,366.425,0.44699999690055847,-2.6246105146851293
366.827586,,9.93398349793176e-06,366.89,0.45500001311302185,-2.6068486921443967
367.29310300000003,,9.033727332300261e-06,367.356,0.4790000021457672,-2.5542836179506105
367.758621,,8.062389893004331e-06,367.821,0.46299999952316284,-2.5889269420423844
368.224138,,7.020363166224095e-06,368.286,0.4480000138282776,-2.6214607596107076
368.689655,,5.908308006490729e-06,368.746,0.4749999940395355,-2.5625651988442044
369.155172,,4.727163392722919e-06,369.212,0.45500001311302185,-2.6061416410364817
369.62068999999997,,3.4781550927266994e-06,369.675,0.47200000286102295,-2.5691835273098858
370.086207,,2.1628036797316736e-06,370.145,0.47600001096725464,-2.5606205811944354
370.55172400000004,,7.829318444093393e-07,370.606,0.46399998664855957,-2.5869842051183607
371.017241,,6.593290541119657e-07,371.075,0.45899999141693115,-2.5981594131626853
371.482759,,2.161533254447837e-06,371.539,0.49399998784065247,-2.522242418381121
371.948276,,3.720915732101363e-06,372.001,0.4659999907016754,-2.58362360552294
372.413793,,5.334388266571643e-06,372.467,0.47999998927116394,-2.5535339554553134
372.87931000000003,,6.99853649051797e-06,372.931,0.46700000762939453,-2.5822885240303752
373.344828,,8.709617973905877e-06,373.397,0.45899999141693115,-2.60015849664336
373.810345,,1.0463561394657803e-05,373.861,0.46399998664855957,-2.5897022361047908
374.275862,,1.2255966845683423e-05,374.326,0.46399998664855957,-2.5901226973287215
374.741379,,1.4082107326268029e-05,374.791,0.4790000021457672,-2.5578342428426333
375.20689699999997,,1.593693146364766e-05,375.257,0.4410000145435333,-2.640973784752855
375.672414,,1.7815067508193888e-05,375.724,0.47600001096725464,-2.5650217601536576
376.137931,,1.9710828642966638e-05,376.189,0.4650000035762787,-2.5892281624221414
376.603448,,2.1618219645468516e-05,376.65,0.46399998664855957,-2.5915812824971187
377.068966,,2.3530944936248077e-05,377.12,0.47600001096725464,-2.5655398720671028
377.53448299999997,,2.544241804555216e-05,377.583,0.48100000619888306,-2.554673424548367
378.0,,2.7345772525520056e-05,378.045,0.4699999988079071,-2.5785886109033775
378.465517,,2.9233874331446845e-05,378.513,0.4560000002384186,-2.608964890843192
378.931034,,3.1099335691422605e-05,378.976,0.4740000069141388,-2.569553472425573
379.396552,,3.293453047918236e-05,379.442,0.5059999823570251,-2.499574708964989
379.862069,,3.473161110028387e-05,379.909,0.4659999907016754,-2.586399071548637
380.327586,,3.64825268967727e-05,380.375,0.47200000286102295,-2.572956152132092
380.79310300000003,,3.8179044070303655e-05,380.839,0.47200000286102295,-2.572547100720565
381.258621,,3.981276711827354e-05,381.305,0.4819999933242798,-2.550325188515532
381.724138,,4.137516177189116e-05,381.772,0.47200000286102295,-2.5716624067201845
382.189655,,4.285757941927821e-05,382.23,0.4569999873638153,-2.6038927802540903
382.655172,,4.425128299067031e-05,382.702,0.46799999475479126,-2.579491843531824
383.12068999999997,,4.554747427658506e-05,383.164,0.49000000953674316,-2.531151654912051
383.586207,,4.673732264345684e-05,383.627,0.46299999952316284,-2.5896028023354565
384.051724,,4.781199510472308e-05,384.09,0.3869999945163727,-2.7548582553442476
384.517241,,4.8762687698699505e-05,384.558,0.4519999921321869,-2.612986297004617
384.982759,,4.9580658117821256e-05,385.02,0.4749999940395355,-2.562685882674425
385.44827599999996,,5.0257259526971755e-05,385.486,0.47999998927116394,-2.5516728197636573
385.913793,,5.078397550169148e-05,385.956,0.47200000286102295,-2.5690567869333574
386.37931,,5.115245601007688e-05,386.422,0.4959999918937683,-2.5167997130014714
386.84482799999995,,5.13545543551675e-05,386.88,0.46399998664855957,-2.586621635149748
387.310345,,5.1382364987600985e-05,387.345,0.4490000009536743,-2.6194791340939023
387.775862,,5.12282620913155e-05,387.812,0.46700000762939453,-2.5805095651360586
388.241379,,5.0884938838122874e-05,388.278,0.4790000021457672,-2.5546724878935065
388.70689699999997,,5.034544720009056e-05,388.742,0.4729999899864197,-2.5681020807185146
389.172414,,4.9603238201883646e-05,389.208,0.48399999737739563,-2.5445349546337535
389.637931,,4.865220248855827e-05,389.676,0.4779999852180481,-2.558033518877115
390.103448,,4.748671107779355e-05,390.138,0.45399999618530273,-2.610764417896219
390.56896600000005,,4.6101656159231094e-05,390.601,0.4390000104904175,-2.6438925883826103
391.03448299999997,,4.44924917974896e-05,391.071,0.4880000054836273,-2.5375794086066046
391.5,,4.265527438956812e-05,391.532,0.4350000023841858,-2.653467170126386
391.965517,,4.058670272177671e-05,392.001,0.4690000116825104,-2.579779285624266
392.431034,,3.8284157466069536e-05,392.46,0.4690000116825104,-2.580120714619029
392.896552,,3.574573995073475e-05,392.927,0.45500001311302185,-2.610907982403235
393.36206899999996,,3.2970310035850804e-05,393.393,0.47200000286102295,-2.574093605774226
393.827586,,2.995752291978201e-05,393.857,0.5090000033378601,-2.4936349457570373
394.293103,,2.670786469928968e-05,394.323,0.46299999952316284,-2.593927495108608
394.75862099999995,,2.322268650261144e-05,394.787,0.46700000762939453,-2.585209534187201
395.224138,,1.950423701214202e-05,395.253,0.4620000123977661,-2.5960222140088285
395.68965499999996,,1.5555693191165502e-05,395.72,0.46399998664855957,-2.591509542601452
396.155172,,1.1381189027472584e-05,396.186,0.48399999737739563,-2.5477103236641403
396.62069,,6.985842105677259e-06,396.65,0.46399998664855957,-2.590992453412514
397.086207,,2.37577781965467e-06,397.112,0.46399998664855957,-2.590645721556539
397.551724,,2.441848963215656e-06,397.58,0.5040000081062317,-2.5031068385683515
398.017241,,7.458834973372165e-06,398.042,0.4860000014305115,-2.541893854033489
398.48275900000004,,1.2665912531676782e-05,398.509,0.4650000035762787,-2.5871938862578996
398.94827599999996,,1.8052736646634543e-05,398.972,0.46399998664855957,-2.588912520580745
399.413793,,2.3607875396415336e-05,399.437,0.4729999899864197,-2.5688500128823586
399.87931,,2.9318803771944824e-05,399.901,0.46000000834465027,-2.5967365159288835
400.344828,,3.517190115261319e-05,400.367,0.46399998664855957,-2.5876179725099275
400.810345,,4.11524525806167e-05,400.831,0.47600001096725464,-2.561113873195744
401.27586199999996,,4.724465399358307e-05,401.296,0.46000000834465027,-2.5956662104613355
401.741379,,5.3431621567923485e-05,401.761,0.45899999141693115,-2.597602532580301
402.206897,,5.9695405317291655e-05,402.226,0.46299999952316284,-2.588716731505882
402.672414,,6.601700708160442e-05,402.694,0.38199999928474426,-2.7650938069570485
403.137931,,7.237640303228498e-05,403.156,0.4650000035762787,-2.5842542395344696
403.60344799999996,,7.875257080872516e-05,403.62,0.46299999952316284,-2.588680427579984
404.068966,,8.512352138942768e-05,404.09,0.4650000035762787,-2.5844688775593543
404.534483,,9.146633578888767e-05,404.55,0.46700000762939453,-2.5803297016394597
405.0,,9.775720665800995e-05,405.021,0.4620000123977661,-2.5915068730358817
405.465517,,0.00010397148485174556,405.486,0.47600001096725464,-2.561346937746623
405.931034,,0.00011008373101268206,405.949,0.4410000145435333,-2.637988099824384
406.39655200000004,,0.00011606777220355296,406.415,0.46299999952316284,-2.590482702787492
406.862069,,0.00012189676360506346,406.88,0.4740000069141388,-2.5669658329323517
407.327586,,0.00012754325527808806,407.345,0.4620000123977661,-2.5935674564012907
407.793103,,0.00013297926397120696,407.806,0.4819999933242798,-2.5504482504698367
408.258621,,0.0001381763499357464,408.271,0.4699999988079071,-2.577027982160833
408.72413800000004,,0.00014310569869100838,408.736,0.47200000286102295,-2.573076067814922
409.18965499999996,,0.0001477382076622576,409.201,0.45899999141693115,-2.601761884134854
409.655172,,0.00015204457759332302,409.672,0.4580000042915344,-2.604251669500842
410.12069,,0.0001559954086144149,410.134,0.47200000286102295,-2.574000509368019
410.586207,,0.00015956130082400827,410.598,0.46399998664855957,-2.591610806761075
411.05172400000004,,0.00016271295922145712,411.06,0.46700000762939453,-2.5851817754108812
411.51724099999996,,0.00016542130280443974,411.531,0.46700000762939453,-2.5852116265555214
411.982759,,0.00016765757762245847,411.994,0.4880000054836273,-2.53941151896489
412.448276,,0.00016939347355449474,412.459,0.46299999952316284,-2.593752184851529
412.913793,,0.00017060124455562398,412.923,0.46799999475479126,-2.582660553146255
413.37931,,0.00017125383209400127,413.389,0.45500001311302185,-2.61071823939878
413.844828,,0.00017132499147621546,413.853,0.4650000035762787,-2.588608850637378
414.31034500000004,,0.00017078942073565941,414.319,0.45899999141693115,-2.601309226077305
414.775862,,0.0001696228917353631,414.784,0.47200000286102295,-2.572577372816421
415.241379,,0.0001678023831137731,415.249,0.46000000834465027,-2.5982858533537248
415.706897,,0.000165306214679329,415.717,0.47600001096725464,-2.5629789807638503
416.172414,,0.00016211418283747854,416.175,0.45899999141693115,-2.599567538293046
416.63793100000004,,0.00015820769661208702,416.642,0.4690000116825104,-2.5773457668853723
417.103448,,0.00015356991380213053,417.105,0.46700000762939453,-2.581293881222011
417.568966,,0.0001481858767942205,417.576,0.453000009059906,-2.611423958595549
418.034483,,0.00014204264753199137,418.038,0.460999995470047,-2.5936732331223866
418.5,,0.00013512944112479815,418.505,0.47099998593330383,-2.5716237964959205
418.96551700000003,,0.0001274377575606242,418.97,0.4909999966621399,-2.5278531573847305
419.43103399999995,,0.00011896151097169611,419.436,0.45500001311302185,-2.6061576637730806
419.896552,,0.00010969715588615291,419.901,0.4729999899864197,-2.5668903054063597
420.362069,,9.964380988532529e-05,420.36,0.4749999940395355,-2.5625578204955124
420.827586,,8.880337207385699e-05,420.831,0.4860000014305115,-2.5386926507055483
421.293103,,7.71806367591506e-05,421.29,0.46399998664855957,-2.586795140941591
421.758621,,6.478340172754957e-05,421.757,0.45500001311302185,-2.606643041044614
422.22413800000004,,5.1622570497382335e-05,422.223,0.4659999907016754,-2.58297952293843
422.689655,,3.771224792359476e-05,422.691,0.4729999899864197,-2.5680828023096876
423.15517200000005,,2.3069828525284007e-05,423.153,0.4659999907016754,-2.5837287027314932
423.62069,,7.716076906117873e-06,423.621,0.4699999988079071,-2.575439444756986
424.086207,,8.32480036152689e-06,424.083,0.4699999988079071,-2.5758823118144494
424.55172400000004,,2.5025092014756585e-05,424.546,0.47699999809265137,-2.5610789575423025
425.017241,,4.2353529161259975e-05,425.016,0.48100000619888306,-2.5528024129828597
425.482759,,6.02752427359841e-05,425.482,0.46000000834465027,-2.5989702823016407
425.948276,,7.875173195563539e-05,425.944,0.453000009059906,-2.6146039001486323
426.413793,,9.774084436025212e-05,426.41,0.46299999952316284,-2.5931565822225453
426.87931000000003,,0.0001171967680154443,426.876,0.45899999141693115,-2.6021562910018248
427.344828,,0.00013707003643054281,427.342,0.4749999940395355,-2.5675201796342955
427.810345,,0.00015730754672679055,427.801,0.47699999809265137,-2.5633151883258494
428.275862,,0.00017785259156580138,428.267,0.46399998664855957,-2.5917153294581405
428.741379,,0.00019864490532177395,428.732,0.46299999952316284,-2.5938951045568834
429.20689699999997,,0.00021962072495135067,429.197,0.49000000953674316,-2.534995850139234
429.672414,,0.00024071286598254083,429.66,0.4650000035762787,-2.5893111572464202
430.137931,,0.000261850814008773,430.13,0.4740000069141388,-2.5694817712182747
430.603448,,0.00028296083203591035,430.591,0.46399998664855957,-2.5909829503025685
431.068966,,0.0003039660839889655,431.061,0.46700000762939453,-2.584106265973146
431.534483,,0.000324786774641312,431.524,0.46399998664855957,-2.590256331955059
432.0,,0.0003453403061824457,431.986,0.4830000102519989,-2.5484417779419064
432.46551700000003,,0.0003655414515908436,432.452,0.4790000021457672,-2.5567137207693413
432.931034,,0.0003853025449262671,432.919,0.47999998927116394,-2.55408270581058
433.396552,,0.0004045336886010233,433.385,0.46399998664855957,-2.5884926519572042
433.862069,,0.0004231429776323213,433.85,0.4659999907016754,-2.5837046311735268
434.327586,,0.0004410367408180344,434.316,0.4620000123977661,-2.5920192370154624
434.79310300000003,,0.0004581197987160167,434.78,0.47200000286102295,-2.56987535074217
435.258621,,0.0004742957382427393,435.246,0.49000000953674316,-2.530354716629221
435.724138,,0.0004894672036405537,435.712,0.4819999933242798,-2.5475398497110473
436.189655,,0.0005035362034944957,436.171,0.4749999940395355,-2.5626145440039028
436.655172,,0.0005164044334093822,436.639,0.46700000762939453,-2.5799420111638596
437.12068999999997,,0.0005279736138862003,437.101,0.47200000286102295,-2.569024742083574
437.586207,,0.000538145842863634,437.569,0.4690000116825104,-2.5756152082332218
438.051724,,0.0005468239623162141,438.031,0.46399998664855957,-2.586640296652123
438.517241,,0.0005539119382252357,438.496,0.46799999475479126,-2.578131163232998
438.982759,,0.000559315253162491,438.96,0.46399998664855957,-2.587119049326382
439.448276,,0.0005629413106502546,439.425,0.460999995470047,-2.593988219268201
439.913793,,0.0005646998503840843,439.89,0.45899999141693115,-2.5987292042215504
440.37931000000003,,0.0005645033733281301,440.356,0.4659999907016754,-2.5839014817906127
440.844828,,0.0005622675756160592,440.82,0.46399998664855957,-2.5887080688748454
441.310345,,0.0005579117901146886,441.285,0.46299999952316284,-2.591349069677004
441.775862,,0.0005513594344322657,441.75,0.44699999690055847,-2.6266695653422962
442.241379,,0.0005425384640793686,442.215,0.46799999475479126,-2.5813661912317176
442.70689699999997,,0.0005313818294179172,442.683,0.4359999895095825,-2.6515040592613706
443.172414,,0.0005178279349631323,443.146,0.46399998664855957,-2.59088338361048
443.637931,,0.000501821099534777,443.616,0.46700000762939453,-2.584677223824091
444.103448,,0.0004833120156880038,444.079,0.45500001311302185,-2.611088683342564
444.568966,,0.00046225820679096717,444.542,0.4749999940395355,-2.5677130352793043
445.03448299999997,,0.000438624480056382,445.005,0.4860000014305115,-2.5438678906592234
445.5,,0.00041238337377778216,445.471,0.46700000762939453,-2.585300664318169
445.965517,,0.0003835155969687051,445.937,0.4790000021457672,-2.559112673013171
446.431034,,0.00035201045955476695,446.403,0.4659999907016754,-2.587309528301978
446.896552,,0.00031786629122495077,446.868,0.45899999141693115,-2.6023570371826685
447.36206899999996,,0.0002810908470097693,447.334,0.48500001430511475,-2.5454375867819046
447.827586,,0.00024170169762063594,447.801,0.460999995470047,-2.59738689656583
448.29310300000003,,0.00019972660255713914,448.267,0.49000000953674316,-2.533813838982122
448.758621,,0.0001552038639673085,448.732,0.4830000102519989,-2.54862949350571
449.224138,,0.0001081826592307276,449.19,0.4690000116825104,-2.578666028367316
449.689655,,5.872335022581927e-05,449.661,0.46399998664855957,-2.589079862058787
450.155172,,6.897767241125121e-06,450.123,0.4880000054836273,-2.5363123468542965
450.62068999999997,,4.721053450376446e-05,450.591,0.4650000035762787,-2.585955134529408
451.086207,,0.00010350604774850816,451.053,0.4569999873638153,-2.6029466937503942
451.551724,,0.00016188111749303953,451.516,0.46799999475479126,-2.5785862125445345
452.017241,,0.00022221577867926297,451.986,0.4749999940395355,-2.5629943774991832
452.482759,,0.0002843776291853738,452.445,0.5339999794960022,-2.4341757408611593
452.94827599999996,,0.000348221740018109,452.916,0.4729999899864197,-2.5668653189459922
453.413793,,0.0004135906045327306,453.375,0.4620000123977661,-2.5907007431909723
453.87931,,0.00048031412844601107,453.843,0.46399998664855957,-2.5862979452400325
454.344828,,0.000548209662333757,454.308,0.4659999907016754,-2.581981000244825
454.810345,,0.0006170820782213283,454.776,0.46299999952316284,-2.588642239595708
455.27586199999996,,0.0006867238917830727,455.241,0.4560000002384186,-2.604099730058355
455.741379,,0.0007569154315645865,455.701,0.4690000116825104,-2.5760598877860152
456.206897,,0.0008274250565302393,456.171,0.45899999141693115,-2.598196171165214
456.672414,,0.0008980094231173751,456.631,0.4790000021457672,-2.555029318703311
457.137931,,0.0009684138028479139,457.102,0.46299999952316284,-2.5903377812236204
457.603448,,0.0010383724514078287,457.564,0.45899999141693115,-2.5995330644471455
458.06896600000005,,0.0011076090299556069,458.027,0.43799999356269836,-2.6457822041237677
458.53448299999997,,0.0011758370792626393,458.493,0.4650000035762787,-2.587458168941118
459.0,,0.0012427605471211735,458.955,0.46399998664855957,-2.590122437966208
459.465517,,0.0013080743692784466,459.421,0.4620000123977661,-2.5949359143910296
459.931034,,0.0013714651039696108,459.887,0.47699999809265137,-2.562668762491432
460.39655200000004,,0.0014326116199294059,460.352,0.4309999942779541,-2.6632429980111345
460.86206899999996,,0.0014911858375642431,460.816,0.46399998664855957,-2.591637401096692
461.327586,,0.0015468535227592534,461.282,0.4659999907016754,-2.58749373790622
461.793103,,0.0015992751325751104,461.747,0.45899999141693115,-2.602874281525721
462.258621,,0.0016481067118616429,462.213,0.4659999907016754,-2.587665817787875
462.724138,,0.0016930008395918848,462.676,0.46299999952316284,-2.5941541455645947
463.18965499999996,,0.0017336076235031038,463.145,0.46700000762939453,-2.5853032272721226
463.655172,,0.0017695757413975113,463.606,0.44699999690055847,-2.628655318318296
464.12069,,0.0018005535271842323,464.076,0.4830000102519989,-2.5499248132796324
464.58620699999994,,0.0018261900994679587,464.539,0.4909999966621399,-2.5321260987864416
465.051724,,0.0018461365302783104,465.001,0.46700000762939453,-2.583984233630069
465.517241,,0.0018600470513782717,465.467,0.4880000054836273,-2.537756696220277
465.98275900000004,,0.0018675802953414132,465.93,0.4790000021457672,-2.5568565396549623
466.448276,,0.0018684005681477555,466.396,0.4560000002384186,-2.606441383610739
466.913793,,0.0018621791496467237,466.861,0.4560000002384186,-2.6059184533383704
467.37931,,0.001848595618259946,467.327,0.4659999907016754,-2.583626696862235
467.844828,,0.001827339196585714,467.794,0.45399999618530273,-2.6092984270275026
468.31034500000004,,0.001798110114198377,468.26,0.47999998927116394,-2.552229284198668
468.77586199999996,,0.001760620982507559,468.725,0.46399998664855957,-2.586724053841225
469.241379,,0.0017145981756321515,469.19,0.45500001311302185,-2.6060406601163795
469.706897,,0.0016597832129413726,469.653,0.4740000069141388,-2.5644371944790914
470.172414,,0.0015959341416433783,470.116,0.4779999852180481,-2.555601718790005
470.63793100000004,,0.0015228269160112112,470.587,0.4659999907016754,-2.5817166106049854
471.10344799999996,,0.0014402567623437886,471.049,0.39899998903274536,-2.7277521708951302
471.568966,,0.001348039516037483,471.513,0.47200000286102295,-2.5688714259050656
472.034483,,0.0012460129299792114,471.975,0.46399998664855957,-2.5865499382816983
472.5,,0.0011340379689413055,472.441,0.46399998664855957,-2.586879275431808
472.965517,,0.0010120000902741203,472.905,0.47600001096725464,-2.561134758194146
473.43103399999995,,0.0008798104676164589,473.371,0.4699999988079071,-2.574663474965489
473.89655200000004,,0.0007374071089108035,473.835,0.46399998664855957,-2.5882357825959734
474.362069,,0.0005847559050737261,474.301,0.46399998664855957,-2.5887647229158364
474.827586,,0.0004218517245406447,474.768,0.4569999873638153,-2.6045567000209506
475.293103,,0.0002487195567997851,475.234,0.4880000054836273,-2.5375553972946716
475.758621,,6.541545638150232e-05,475.702,0.4790000021457672,-2.5576780272624884
476.22413800000004,,0.00012797293144527116,476.164,0.47200000286102295,-2.573405160632411
476.689655,,0.00033132594073443164,476.627,0.4569999873638153,-2.606509212869068
477.155172,,0.0005444908574821456,477.09,0.503000020980835,-2.506649828833241
477.62069,,0.0007672804187400409,477.561,0.46700000762939453,-2.58536205203189
478.086207,,0.0009994723758830456,478.023,0.48500001430511475,-2.546340750973211
478.55172400000004,,0.0012408111068190932,478.489,0.46399998664855957,-2.592194648939279
479.01724099999996,,0.0014910089135018168,478.952,0.46299999952316284,-2.594380421924388
479.482759,,0.0017497431064407625,479.417,0.45899999141693115,-2.6030072404804416
479.948276,,0.0020166506383315005,479.883,0.46399998664855957,-2.59193384563933
480.413793,,0.002291329719173605,480.348,0.4749999940395355,-2.5677011929573923
480.87931000000003,,0.0025733523236807277,480.813,0.4650000035762787,-2.5891405557307126
481.344828,,0.002862271324469193,481.279,0.45899999141693115,-2.6017965468355424
481.810345,,0.0031576012420461144,481.746,0.45100000500679016,-2.6187541679797075
482.275862,,0.0034587893082063136,482.205,0.46399998664855957,-2.5899191500983085
482.74137900000005,,0.003765233367354616,482.672,0.46299999952316284,-2.591559403686849
483.206897,,0.0040763573771146,483.135,0.46700000762939453,-2.5822968483377258
483.672414,,0.004391636867201456,483.605,0.4690000116825104,-2.57739864495474
484.13793100000004,,0.004710466366321158,484.068,0.46399998664855957,-2.587774649866089
484.603448,,0.005032003991908459,484.531,0.42100000381469727,-2.680979716164985
485.068966,,0.005355323100097665,485.001,0.4880000054836273,-2.5345890324276046
485.534483,,0.005679856153908248,485.467,0.4650000035762787,-2.584344146138868
486.0,,0.0060054406130303105,485.93,0.4659999907016754,-2.5818896122252752
486.46551700000003,,0.006331446794495345,486.396,0.4650000035762787,-2.5838792573768266
486.931034,,0.006655992074535343,486.861,0.4830000102519989,-2.5445671771686342
487.396552,,0.006977111951575296,487.327,0.4620000123977661,-2.5903179308829993
487.862069,,0.007295314812118217,487.791,0.45899999141693115,-2.596949327654315
488.327586,,0.007613216919851864,488.25,0.4970000088214874,-2.5143494247011655
488.79310300000003,,0.007930003326304195,488.717,0.46399998664855957,-2.5865208330692355
489.258621,,0.008237765489140656,489.183,0.46399998664855957,-2.586876242316607
489.724138,,0.008529975325958972,489.646,0.46399998664855957,-2.5873011238063093
490.189655,,0.008815781558836016,490.116,0.4749999940395355,-2.563817336788597
490.655172,,0.009113995001823555,490.576,0.4650000035762787,-2.5861269018597546
491.12069,,0.009418899933517362,491.046,0.47099998593330383,-2.5736040620344407
491.586207,,0.0096853561553857,491.505,0.46299999952316284,-2.5915915882334444
492.05172400000004,,0.00988722172742067,491.97,0.47999998927116394,-2.55510512304662
492.517241,,0.01009459630069369,492.436,0.4650000035762787,-2.588310526624642
492.982759,,0.010415311659201435,492.902,0.46399998664855957,-2.5909741983083854
493.448276,,0.010789434256080296,493.367,0.46299999952316284,-2.5935825069712704
493.913793,,0.010945660209154637,493.832,0.46399998664855957,-2.5917650227269817
494.37931000000003,,0.010789092857571004,494.297,0.46700000762939453,-2.5855102930102376
494.844828,,0.010800210518974012,494.764,0.46299999952316284,-2.5944173900758387
495.310345,,0.011555624340521629,495.23,0.5419999957084656,-2.4224002558894306
495.775862,,0.012525176267595781,495.69,0.46799999475479126,-2.5836154076704654
496.241379,,0.012098532572062452,496.16,0.4729999899864197,-2.572617373430612
496.70689699999997,,0.010086429562115105,496.62,0.46399998664855957,-2.592024918084562
497.172414,,0.009682224614382673,497.09,0.47699999809265137,-2.5634125982036733
497.637931,,0.013890476471975175,497.553,0.4620000123977661,-2.5957215675145884
498.103448,,0.018386463937378306,498.016,0.4830000102519989,-2.5495294318538884
498.568966,,0.011863453207505942,498.482,0.44699999690055847,-2.627464069894295
499.03448299999997,,0.011491573017826717,498.945,0.46399998664855957,-2.5898897511735672
499.5,,0.042294622407732144,499.41,0.46000000834465027,-2.598042894733326
499.96551700000003,,0.06485266929420291,499.875,0.46399998664855957,-2.588759662067981
500.431034,,0.0739546224128702,500.341,0.46700000762939453,-2.581664883646599
500.89655200000004,,0.07665485390200112,500.806,0.4729999899864197,-2.5680608665109754
501.362069,,0.07986377216844896,501.272,0.46399998664855957,-2.58717931490855
501.827586,,0.0833900217686727,501.739,0.46399998664855957,-2.5867478714038747
502.293103,,0.08405868470659761,502.205,0.45399999618530273,-2.6081744488602565
502.758621,,0.07997808744010136,502.665,0.4569999873638153,-2.60136156175535
503.224138,,0.06974752451444773,503.135,0.45500001311302185,-2.6055334352074992
503.68965499999996,,0.051716660566065796,503.598,0.47600001096725464,-2.5596933991338227
504.15517200000005,,0.02636471739689872,504.061,0.45500001311302185,-2.605456023002723
504.62068999999997,,0.001474927140287,504.531,0.45899999141693115,-2.596851961145575
505.08620699999994,,0.02435462619004001,504.993,0.45500001311302185,-2.605773549535984
505.55172400000004,,0.03733678508190313,505.459,0.4699999988079071,-2.573391009455877
506.017241,,0.04159460053048328,505.924,0.4729999899864197,-2.567232860114734
506.48275899999993,,0.042336464603522576,506.389,0.46299999952316284,-2.5894660864826844
506.948276,,0.04324399465648536,506.853,0.503000020980835,-2.5028218437247274
507.413793,,0.04384250196159063,507.319,0.46399998664855957,-2.5883302634105285
507.87931,,0.04225593785781562,507.784,0.45500001311302185,-2.608502844266223
508.344828,,0.03910184462844399,508.25,0.47600001096725464,-2.563323368780355
508.810345,,0.03767064455405508,508.717,0.4620000123977661,-2.5943862776234554
509.27586199999996,,0.04065000168611243,509.175,0.4650000035762787,-2.588384873937827
509.74137900000005,,0.04739368577256453,509.646,0.4699999988079071,-2.5779826857384243
510.20689699999997,,0.05446559857094078,510.108,0.4729999899864197,-2.5718790890279
510.67241399999995,,0.05847735372785651,510.576,0.46700000762939453,-2.58531129572957
511.13793100000004,,0.058179180726009465,511.039,0.45500001311302185,-2.6117328346359003
511.603448,,0.054025117495576466,511.506,0.4909999966621399,-2.5334880424798034
512.0689659999999,,0.04647259650523833,511.97,0.46299999952316284,-2.5945791863472447
512.534483,,0.03556155481612048,512.436,0.4490000009536743,-2.625069510736935
513.0,,0.02199952282992957,512.901,0.4440000057220459,-2.6358536104130232
513.465517,,0.0073339667192551085,513.367,0.4909999966621399,-2.5332523411374077
513.931034,,0.007705759789259658,513.831,0.45500001311302185,-2.6113883181138395
514.396552,,0.024036574649925452,514.297,0.4650000035762787,-2.5892249838391335
514.862069,,0.04205855794308373,514.762,0.4650000035762787,-2.588778200293104
515.327586,,0.05896232039590117,515.22,0.4650000035762787,-2.5882747192150344
515.793103,,0.06984470010229421,515.69,0.4429999887943268,-2.635660411497001
516.258621,,0.07234947819496919,516.153,0.4650000035762787,-2.5871611418518436
516.724138,,0.06920002965026867,516.621,0.46399998664855957,-2.5887632893026087
517.189655,,0.06507876063738999,517.083,0.4620000123977661,-2.5925534569118396
517.655172,,0.06162101858750272,517.546,0.45100000500679016,-2.615978428953485
518.1206900000001,,0.056446411477232325,518.016,0.46700000762939453,-2.5806232231003348
518.5862070000001,,0.04667128972693633,518.482,0.45899999141693115,-2.597613811807775
519.051724,,0.03241401453445169,518.944,0.4740000069141388,-2.564566597871962
519.517241,,0.016789216291153954,519.41,0.44600000977516174,-2.6252838260137454
519.982759,,0.0030588380680549505,519.871,0.47600001096725464,-2.559730823848282
520.448276,,0.007638701877395293,520.337,0.492000013589859,-2.5247754080966045
520.9137929999999,,0.015739302383209614,520.801,0.43799999356269836,-2.642424937097102
521.37931,,0.02156448035633105,521.267,0.48100000619888306,-2.548845913872841
521.844828,,0.025522479461438357,521.732,0.4519999921321869,-2.612227234211597
522.310345,,0.029512876276133145,522.197,0.45100000500679016,-2.6146983098018435
522.7758620000001,,0.03612714916624293,522.661,0.4440000057220459,-2.6303253666047763
523.241379,,0.045875465581520246,523.13,0.46299999952316284,-2.589380316770137
523.7068969999999,,0.056754526505274815,523.591,0.4440000057220459,-2.631282973504896
524.172414,,0.0669060782594413,524.06,0.45899999141693115,-2.5991554368056815
524.637931,,0.07508351347941902,524.521,0.4620000123977661,-2.5931985142529315
525.103448,,0.07705865148734663,524.99,0.46399998664855957,-2.5894292845533977
525.568966,,0.0655937543584183,525.456,0.45899999141693115,-2.6009016094269075
526.034483,,0.039068907135539996,525.921,0.45100000500679016,-2.618883652935779
526.5,,0.008273759129719508,526.386,0.4819999933242798,-2.5518552090283175
526.9655170000001,,0.011462884275433589,526.846,0.48399999737739563,-2.5479477481207424
527.4310340000001,,0.015163539500126078,527.311,0.47699999809265137,-2.5635740797396815
527.8965519999999,,0.010880844443114351,527.776,0.47699999809265137,-2.563864578249049
528.362069,,0.008310534446126554,528.242,0.4650000035762787,-2.590205068592612
528.827586,,0.009621860690170812,528.709,0.4779999852180481,-2.5619797988644524
529.293103,,0.01158298504504776,529.175,0.45399999618530273,-2.614262115635663
529.7586210000001,,0.011934003637461749,529.635,0.4830000102519989,-2.5509738817931367
530.224138,,0.011340569710619574,530.105,0.47600001096725464,-2.5660176296527744
530.689655,,0.011144992978178711,530.568,0.47600001096725464,-2.565717379567445
531.155172,,0.011538373926354997,531.031,0.49000000953674316,-2.5348315585811716
531.62069,,0.01194141858861794,531.496,0.503000020980835,-2.506050798874317
532.086207,,0.012042547958569683,531.966,0.5230000019073486,-2.4619588523699565
532.5517239999999,,0.012008377669971747,532.425,0.4909999966621399,-2.5311114298357715
533.017241,,0.012047023050893028,532.894,0.4950000047683716,-2.521805500841527
533.482759,,0.012139549072757876,533.359,0.5109999775886536,-2.4863471407733524
533.9482760000001,,0.012178665544174459,533.823,0.5149999856948853,-2.4770415822457035
534.413793,,0.012170943846136541,534.289,0.515999972820282,-2.4742989736932084
534.87931,,0.012199325044611731,534.754,0.5410000085830688,-2.419312636284414
535.344828,,0.012234939735742032,535.22,0.531000018119812,-2.4406385872932264
535.810345,,0.012122017677240457,535.683,0.5249999761581421,-2.4533241629077454
536.275862,,0.011850100382311627,536.145,0.5339999794960022,-2.43341664298004
536.7413789999999,,0.011734085852735008,536.613,0.5630000233650208,-2.3700318136288736
537.206897,,0.01202003052309522,537.075,0.546999990940094,-2.404788090331681
537.672414,,0.01223632477881885,537.543,0.5759999752044678,-2.3416102171433844
538.137931,,0.011485075191407842,538.005,0.5630000233650208,-2.3700407373968866
538.6034480000001,,0.0100482129349367,538.47,0.5740000009536743,-2.3462863642235194
539.0689659999999,,0.010421476094248237,538.937,0.5540000200271606,-2.3901671906888917
539.5344829999999,,0.015721014117757674,539.403,0.5419999957084656,-2.4167082940193203
540.0,,0.026868229850815762,539.868,0.574999988079071,-2.345288386662086
540.465517,,0.041983769541159066,540.334,0.5830000042915344,-2.3283979245931405
540.931034,,0.05807948140622386,540.799,0.574999988079071,-2.346412595141756
541.396552,,0.07207925481550549,541.265,0.5979999899864197,-2.2969181684750426
541.862069,,0.08076398272327989,541.731,0.5830000042915344,-2.3302227302341243
542.327586,,0.0817721017736555,542.19,0.5770000219345093,-2.3439113332135046
542.7931030000001,,0.07505129941444094,542.657,0.5920000076293945,-2.311821935763746
543.258621,,0.061989461134558436,543.127,0.6010000109672546,-2.292759479844263
543.7241379999999,,0.04293013724988273,543.59,0.5889999866485596,-2.319386811801215
544.189655,,0.016958427464799294,544.053,0.5699999928474426,-2.3611885434030473
544.655172,,0.015289403686848255,544.516,0.593999981880188,-2.3092202027870075
545.12069,,0.04956399251841529,544.986,0.5680000185966492,-2.3660859400747563
545.5862070000001,,0.07930219281595569,545.452,0.5529999732971191,-2.398882089190679
546.051724,,0.0987910211362334,545.917,0.5669999718666077,-2.368389391927366
546.517241,,0.10580459907312764,546.375,0.5809999704360962,-2.3377873466539003
546.982759,,0.10254729566870087,546.842,0.5640000104904175,-2.3746158399979787
547.448276,,0.09414172634964782,547.308,0.5669999718666077,-2.3677698763427735
547.9137929999999,,0.08526224693140658,547.772,0.5509999990463257,-2.4022255586745187
548.3793099999999,,0.07755972343759922,548.237,0.574999988079071,-2.3494542872268536
548.844828,,0.06957111882225721,548.709,0.5809999704360962,-2.3358307929062767
549.310345,,0.05842119594802708,549.167,0.5690000057220459,-2.3613704664541117
549.775862,,0.042512622188570735,549.635,0.5339999794960022,-2.4369854428523046
550.241379,,0.02410847705917945,550.097,0.5540000200271606,-2.392760718296477
550.706897,,0.008728764685632035,550.561,0.5389999747276306,-2.424794491261051
551.172414,,0.00010884841084776676,551.031,0.49000000953674316,-2.530928008528551
551.637931,,0.003980172321590825,551.496,0.5130000114440918,-2.4802448077703683
552.103448,,0.008528733568325696,551.96,0.5139999985694885,-2.4775549735876994
552.568966,,0.01385185151434852,552.425,0.45500001311302185,-2.6056628951088148
553.034483,,0.014805423529668531,552.89,0.5130000114440918,-2.4789616578037075
553.5,,0.008716724785168323,553.356,0.5120000243186951,-2.480902405613322
553.965517,,0.00023525057527894622,553.82,0.503000020980835,-2.5003801620562527
554.4310340000001,,0.004228024689661755,554.286,0.492000013589859,-2.524327314851535
554.896552,,0.0037687153298518817,554.75,0.4959999918937683,-2.5157077677431
555.3620689999999,,0.0021455801358126743,555.215,0.47999998927116394,-2.5507715659599532
555.827586,,0.00212294171556368,555.676,0.5139999985694885,-2.4770069027093484
556.293103,,0.00324403764582565,556.146,0.46299999952316284,-2.588522079974855
556.758621,,0.0040219321110561155,556.609,0.4869999885559082,-2.5367218550571264
557.224138,,0.004089865741871362,557.071,0.4659999907016754,-2.5830298314455655
557.689655,,0.004024940537655912,557.535,0.44600000977516174,-2.627212056435744
558.155172,,0.004233307328249218,558.005,0.47099998593330383,-2.573390349550374
558.6206900000001,,0.004588916843783729,558.471,0.4729999899864197,-2.569692579591479
559.0862070000001,,0.0048295417289481975,558.937,0.45899999141693115,-2.600847974783016
559.5517239999999,,0.004905458019987492,559.395,0.4690000116825104,-2.5796909414659974
560.017241,,0.004947678260807041,559.861,0.46299999952316284,-2.5933484081209524
560.482759,,0.005066301392022907,560.326,0.46399998664855957,-2.591693544146272
560.948276,,0.0052194790882462965,560.791,0.4429999887943268,-2.637891608709935
561.413793,,0.005246882680403748,561.256,0.46399998664855957,-2.5924957718854857
561.87931,,0.005075805134774885,561.724,0.460999995470047,-2.5992855244251705
562.344828,,0.004916368269657934,562.19,0.45899999141693115,-2.603786518074637
562.8103450000001,,0.005075823100583871,562.653,0.46700000762939453,-2.586386217250292
563.275862,,0.00539243982448829,563.116,0.46299999952316284,-2.5950136877179277
563.7413789999999,,0.005119607174724122,563.587,0.45500001311302185,-2.612242183141312
564.206897,,0.003990617859583937,564.049,0.45899999141693115,-2.603219589457131
564.672414,,0.0033357347289735538,564.517,0.44699999690055847,-2.628957288648021
565.137931,,0.004801431841867335,564.979,0.45899999141693115,-2.602321640790181
565.603448,,0.006905422767610602,565.444,0.44200000166893005,-2.6387958006630443
566.068966,,0.004270227931123702,565.909,0.4259999990463257,-2.673037940019295
566.534483,,0.007218199725908322,566.374,0.4129999876022339,-2.700710404753973
567.0,,0.024761768424037787,566.838,0.4009999930858612,-2.726190935304764
567.465517,,0.040454788240492305,567.304,0.4050000011920929,-2.7168202795632492
567.931034,,0.04841604247564641,567.769,0.3869999945163727,-2.7554071152441533
568.396552,,0.04815447138352672,568.235,0.49000000953674316,-2.5304218684730566
568.862069,,0.042271551213347615,568.698,0.3479999899864197,-2.8392667351135934
569.327586,,0.03419001439120332,569.161,0.3630000054836273,-2.8061431553814216
569.793103,,0.028098244321970396,569.631,0.3799999952316284,-2.7687566889296775
570.2586210000001,,0.028140993219179056,570.094,0.35499998927116394,-2.822977457679429
570.724138,,0.03577012843541367,570.557,0.3720000088214874,-2.785806028939656
571.189655,,0.04796902644249057,571.02,0.34299999475479126,-2.8489674640191662
571.655172,,0.058679355638395124,571.485,0.3140000104904175,-2.912244960514369
572.12069,,0.0626648700562792,571.955,0.32499998807907104,-2.8884904231113384
572.586207,,0.059309749806894095,572.421,0.33000001311302185,-2.8779143388929627
573.051724,,0.053899856557848555,572.88,0.3370000123977661,-2.8630766276736535
573.517241,,0.05444790787315429,573.345,0.34700000286102295,-2.8417846227325123
573.982759,,0.06488920252518826,573.813,0.3479999899864197,-2.8401656937068047
574.4482760000001,,0.08043899638073786,574.278,0.33399999141693115,-2.87127394126468
574.913793,,0.09100369078408341,574.742,0.3490000069141388,-2.8392298854286406
575.37931,,0.09040744559071487,575.208,0.3070000112056732,-2.9313780069199433
575.844828,,0.08188532761613382,575.676,0.3269999921321869,-2.888439929149234
576.310345,,0.07364835344101187,576.138,0.32199999690055847,-2.8999385093118177
576.775862,,0.06937898148992071,576.601,0.3269999921321869,-2.889602165968611
577.241379,,0.06452471637440269,577.071,0.3009999990463257,-2.94673880596171
577.706897,,0.05226132401995988,577.531,0.3109999895095825,-2.9253647161772167
578.172414,,0.03131206125629456,578.001,0.2980000078678131,-2.9540079983657703
578.6379310000001,,0.006952724652358509,578.467,0.3140000104904175,-2.919369385040366
579.1034480000001,,0.013782707120709663,578.93,0.3140000104904175,-2.9194812523851614
579.5689659999999,,0.026516594068255798,579.396,0.3050000071525574,-2.9390898263377077
580.034483,,0.031011529970585677,579.861,0.296999990940094,-2.9564094686193445
580.5,,0.030150358308118477,580.326,0.3100000023841858,-2.9278710757541493
580.965517,,0.026873180229478533,580.791,0.29499998688697815,-2.96023552617863
581.431034,,0.021546673009280863,581.257,0.3019999861717224,-2.9445804904046473
581.896552,,0.01325123540967556,581.716,0.2980000078678131,-2.9528142106163893
582.362069,,0.003674746114204957,582.182,0.3190000057220459,-2.906520080494318
582.827586,,0.002025064843834705,582.65,0.30399999022483826,-2.9386121409586607
583.2931030000001,,0.0007868297372599262,583.113,0.2930000126361847,-2.9619629246763277
583.758621,,0.012492236669346698,583.576,0.296999990940094,-2.9526270884935535
584.2241379999999,,0.030784174934910827,584.045,0.3100000023841858,-2.9236953162684247
584.689655,,0.05548317131396252,584.516,0.3100000023841858,-2.923116133062695
585.155172,,0.08994422305660021,584.971,0.296999990940094,-2.9509072644636984
585.6206900000001,,0.13607611889997956,585.437,0.3100000023841858,-2.9221177631030666
586.0862070000001,,0.1877367164292525,585.902,0.3100000023841858,-2.921728958250188
586.551724,,0.23045901136358943,586.368,0.2939999997615814,-2.9562885671874723
587.017241,,0.2499549726105646,586.835,0.28299999237060547,-2.9800546943918307
587.482759,,0.24238560730861217,587.3,0.31299999356269836,-2.9146019031404236
587.948276,,0.21650731295428183,587.764,0.3179999887943268,-2.9037225890544476
588.4137929999999,,0.1858957117456145,588.23,0.3019999861717224,-2.9387009112541254
588.87931,,0.15908973906918053,588.691,0.3100000023841858,-2.921493955401956
589.344828,,0.13566317963729801,589.161,0.3059999942779541,-2.930526120242109
589.810345,,0.10938351349703976,589.624,0.33500000834465027,-2.8677475041428666
590.2758620000001,,0.07476380329874428,590.086,0.328000009059906,-2.8834715103092026
590.741379,,0.0325405605958045,590.55,0.34299999475479126,-2.851321228209224
591.2068969999999,,0.009430061593481854,591.02,0.3529999852180481,-2.8301032162435464
591.672414,,0.04100485313581296,591.486,0.35899999737739563,-2.81762063753575
592.137931,,0.05740088922736008,591.948,0.35499998927116394,-2.8269272613076044
592.603448,,0.06289047672900709,592.414,0.3930000066757202,-2.7447147411846835
593.068966,,0.06537744898567142,592.879,0.37400001287460327,-2.7866512718256256
593.534483,,0.06658810798705679,593.345,0.367000013589859,-2.8023942167632168
594.0,,0.060379172395084314,593.805,0.3540000021457672,-2.8311458521050743
594.4655170000001,,0.04286517249594311,594.271,0.38199999928474426,-2.7704974640148357
594.9310340000001,,0.021012103985383855,594.735,0.3930000066757202,-2.7467998261549917
595.3965519999999,,0.006829849474043848,595.2,0.382999986410141,-2.7687597105728456
595.862069,,0.00461677994505285,595.668,0.3970000147819519,-2.7383334234318757
596.327586,,0.009042928412662517,596.131,0.40299999713897705,-2.725236324700461
596.793103,,0.015730172635974038,596.599,0.3880000114440918,-2.757792378323968
597.2586210000001,,0.0276625656942737,597.061,0.4009999930858612,-2.72925300928479
597.724138,,0.04800906826277532,597.531,0.4009999930858612,-2.72895020862771
598.189655,,0.0709848605324684,597.994,0.4129999876022339,-2.7024275617928577
598.655172,,0.0851280773781049,598.459,0.414000004529953,-2.699805933012255
599.12069,,0.08498770243299225,598.927,0.4259999990463257,-2.673168959853228
599.586207,,0.07596232292716945,599.385,0.4259999990463257,-2.672640774209512
600.0517239999999,,0.06753387948837629,599.85,0.4429999887943268,-2.635056714907082
600.517241,,0.06470505671287259,600.315,0.46399998664855957,-2.5887552844060666
600.982759,,0.0665963863854862,600.78,0.44200000166893005,-2.6361493971492753
601.448276,,0.0700641109664694,601.246,0.46700000762939453,-2.5811772440534777
601.913793,,0.0718585907315095,601.712,0.46000000834465027,-2.595967298964928
602.37931,,0.0688490398596628,602.178,0.46399998664855957,-2.5868515122890354
602.844828,,0.06013910496757356,602.646,0.46299999952316284,-2.588700368809656
603.310345,,0.049967270567864264,603.108,0.45399999618530273,-2.608060017986885
603.775862,,0.04559727525149559,603.572,0.4519999921321869,-2.6122584706279683
604.2413789999999,,0.05020793741961833,604.035,0.45500001311302185,-2.605657734522714
604.706897,,0.05883711653990367,604.5,0.44699999690055847,-2.6231180312345432
605.172414,,0.06248859521470518,604.971,0.48399999737739563,-2.5426330637516017
605.637931,,0.056071300236451925,605.43,0.4300000071525574,-2.660494629891593
606.1034480000001,,0.04256432441804988,605.902,0.46399998664855957,-2.586718244485305
606.5689659999999,,0.030003266338006096,606.36,0.45100000500679016,-2.6154117688951746
607.0344829999999,,0.024090469820019878,606.828,0.46399998664855957,-2.5875217075215518
607.5,,0.023486102833328706,607.293,0.4620000123977661,-2.592358568450381
607.965517,,0.022543511896535907,607.758,0.46299999952316284,-2.5906915223368183
608.431034,,0.017916543429730803,608.223,0.5299999713897705,-2.445248311362586
608.896552,,0.011291758471454397,608.686,0.460999995470047,-2.5960983089795104
609.362069,,0.0061327929976622226,609.156,0.46399998664855957,-2.5900677782012806
609.827586,,0.0034904943225420293,609.616,0.46299999952316284,-2.5927196530107777
610.293103,,0.0016727996736037461,610.086,0.46000000834465027,-2.5996823130871767
610.758621,,0.0009220116627754326,610.546,0.46399998664855957,-2.5913351168751264
611.2241379999999,,0.0038064180796914615,611.016,0.49000000953674316,-2.5349865622523953
611.689655,,0.0054706709861183575,611.481,0.4729999899864197,-2.572239545755923
612.155172,,0.005895421627780053,611.944,0.4490000009536743,-2.6246569248066707
612.62069,,0.007232819323905983,612.41,0.4779999852180481,-2.561517032943749
613.0862070000001,,0.011387903359708707,612.871,0.4129999876022339,-2.7030810316572724
613.551724,,0.01691460695942719,613.337,0.4620000123977661,-2.5961928065991926
614.017241,,0.01925010143299199,613.803,0.45399999618530273,-2.6134056053797377
614.4827590000001,,0.015268696089062539,614.269,0.46700000762939453,-2.5847908007423412
614.948276,,0.00771191445090072,614.735,0.45100000500679016,-2.6192902188757676
615.4137929999999,,0.003840766921542829,615.201,0.4519999921321869,-2.6166976295531237
615.8793099999999,,0.008619966222435703,615.661,0.42500001192092896,-2.6750658473042765
616.344828,,0.01950063065917964,616.131,0.46299999952316284,-2.5917950124304996
616.810345,,0.02872537845252102,616.594,0.46399998664855957,-2.589121161646928
617.275862,,0.03072846970177199,617.056,0.4519999921321869,-2.6147712856216128
617.741379,,0.02669212994443242,617.524,0.46399998664855957,-2.588150656604395
618.206897,,0.022269760635406192,617.986,0.45100000500679016,-2.616027475491267
618.672414,,0.022118730723119866,618.452,0.45899999141693115,-2.5981975384083555
619.137931,,0.026576912839308412,618.92,0.4480000138282776,-2.621818814898889
619.603448,,0.03208868024835906,619.386,0.46399998664855957,-2.5866837917280967
620.068966,,0.034446271733266025,619.851,0.4560000002384186,-2.6039112471100343
620.534483,,0.03267811345259736,620.316,0.45100000500679016,-2.614683641234685
621.0,,0.02983369235743134,620.776,0.4320000112056732,-2.6560419781359474
621.465517,,0.029248077556712524,621.242,0.4620000123977661,-2.5907322921187284
621.9310340000001,,0.030754256966258504,621.709,0.4650000035762787,-2.5843291534441475
622.396552,,0.031639877883463695,622.176,0.46299999952316284,-2.588897131937439
622.862069,,0.030454683810533942,622.639,0.45100000500679016,-2.615322895110642
623.327586,,0.02835695098287326,623.101,0.46399998664855957,-2.587345098905632
623.793103,,0.026991598023857286,623.569,0.4560000002384186,-2.6051705815788067
624.258621,,0.026317071120536852,624.031,0.4569999873638153,-2.6034277242504897
624.724138,,0.024682538167150752,624.496,0.45100000500679016,-2.616961574327969
625.189655,,0.020553607518180857,624.96,0.4729999899864197,-2.569505167810759
625.655172,,0.014621008635871144,625.426,0.4440000057220459,-2.633157028831738
626.1206900000001,,0.010685630218151146,625.891,0.4650000035762787,-2.587859674945968
626.5862070000001,,0.013056350577551189,626.357,0.4740000069141388,-2.5686751835150177
627.0517239999999,,0.021339311759634494,626.823,0.44999998807907104,-2.621342274142721
627.5172409999999,,0.028822663122455343,627.289,0.45899999141693115,-2.602059281297453
627.982759,,0.02850107561944419,627.754,0.45899999141693115,-2.602320078512531
628.448276,,0.02071766504671903,628.219,0.45100000500679016,-2.6199383894939343
628.913793,,0.01278294171960423,628.683,0.4650000035762787,-2.5895494754918054
629.37931,,0.01069233730525939,629.145,0.5230000019073486,-2.46321856449952
629.844828,,0.013050707926746832,629.616,0.4620000123977661,-2.5960636929351772
630.3103450000001,,0.013918103179240488,630.079,0.46399998664855957,-2.5915740905352154
630.7758620000001,,0.00992888884317212,630.542,0.46399998664855957,-2.591367468457048
631.2413789999999,,0.003014425965193256,631.005,0.46700000762939453,-2.584557312573589
631.706897,,0.002810010561540812,631.471,0.4580000042915344,-2.60383234486355
632.172414,,0.005225541409821342,631.937,0.45100000500679016,-2.618702380180192
632.637931,,0.004483194797643437,632.403,0.46399998664855957,-2.5899638927001285
633.103448,,0.0025782825555428312,632.868,0.47200000286102295,-2.5720954000461784
633.568966,,0.0019430207335595314,633.334,0.45500001311302185,-2.6086832727052287
634.034483,,0.0037378545394570733,633.799,0.47200000286102295,-2.571201138512976
634.5,,0.00717974876946887,634.265,0.3869999945163727,-2.755960028459326
634.9655170000001,,0.010901711641946168,634.731,0.46700000762939453,-2.5812747250345316
635.431034,,0.014303010526701777,635.19,0.4860000014305115,-2.53952992991668
635.8965519999999,,0.01699857832654046,635.661,0.4519999921321869,-2.613305076551281
636.362069,,0.017877794846744396,636.123,0.4699999988079071,-2.5738511497958805
636.827586,,0.01597259100090028,636.591,0.45399999618530273,-2.608539025870318
637.293103,,0.012353773608016469,637.053,0.4620000123977661,-2.5910117284050225
637.7586210000001,,0.010243086819525196,637.521,0.46399998664855957,-2.5866312314524618
638.224138,,0.012275819287680461,637.983,0.4560000002384186,-2.6041120022986433
638.689655,,0.017426290929392366,638.449,0.46700000762939453,-2.5802712295292025
639.155172,,0.02111393583122599,638.917,0.46399998664855957,-2.586999861068626
639.62069,,0.018974906987292466,639.382,0.4620000123977661,-2.591611597649009
640.086207,,0.011143194600581831,639.846,0.44699999690055847,-2.6245999792485994
640.551724,,0.002986122342446196,640.311,0.4869999885559082,-2.5378068772107056
641.017241,,0.0008274875691081913,640.776,0.45500001311302185,-2.607909087843047
641.482759,,0.00622439850826593,641.235,0.46299999952316284,-2.590886483752362
641.9482760000001,,0.014726663344367265,641.709,0.4699999988079071,-2.5760513406892893
642.413793,,0.02019656686772409,642.168,0.47600001096725464,-2.563390570762193
642.87931,,0.019704159557899874,642.631,0.49000000953674316,-2.5332834527253874
643.344828,,0.015088038918304465,643.101,0.46399998664855957,-2.590293349055985
643.810345,,0.01142762293921484,643.561,0.45500001311302185,-2.6102273117392336
644.275862,,0.013290992475120384,644.03,0.45100000500679016,-2.6192208080166766
644.7413789999999,,0.020436486462135653,644.496,0.45100000500679016,-2.619444786443251
645.206897,,0.027408513990024856,644.96,0.46000000834465027,-2.599999673999106
645.672414,,0.028861401018131318,645.425,0.4729999899864197,-2.5717738078737926
646.1379310000001,,0.024816751462797416,645.89,0.46299999952316284,-2.5935877673280663
646.6034480000001,,0.019235390457283737,646.356,0.49000000953674316,-2.5347220019453527
647.0689659999999,,0.01431039926284466,646.821,0.46700000762939453,-2.584720455184567
647.534483,,0.008770696219159503,647.286,0.45899999141693115,-2.6019753185816645
648.0,,0.001898592557700524,647.746,0.46399998664855957,-2.5908502458533125
648.465517,,0.003900439116380052,648.212,0.5040000081062317,-2.5034215810625127
648.931034,,0.006053763031681507,648.68,0.4259999990463257,-2.6730315678954604
649.396552,,0.0051941254779403635,649.142,0.4699999988079071,-2.5768157650333516
649.862069,,0.003970108635931186,649.605,0.453000009059906,-2.613478033520362
650.327586,,0.003834027762802196,650.075,0.4690000116825104,-2.5782362845546807
650.7931030000001,,0.004283430303096041,650.535,0.46399998664855957,-2.5887489642312786
651.258621,,0.004438881238512261,651.005,0.46399998664855957,-2.5883823063318068
651.7241379999999,,0.0041948196369746655,651.471,0.46700000762939453,-2.581504476277484
652.189655,,0.00393347987319547,651.937,0.47200000286102295,-2.570304000392416
652.655172,,0.003853656154535396,652.395,0.47200000286102295,-2.570039976694456
653.12069,,0.003846730718259369,652.862,0.4819999933242798,-2.5480399228389796
653.5862070000001,,0.003774147970591911,653.327,0.45399999618530273,-2.608885056248547
654.051724,,0.0036352476107425753,653.794,0.3799999952316284,-2.770011070700715
654.517241,,0.0034974591385398225,654.26,0.46399998664855957,-2.5869774987547447
654.982759,,0.0033876159240608774,654.724,0.45399999618530273,-2.6088024510462398
655.448276,,0.0032837412991480065,655.19,0.46299999952316284,-2.5892953658464846
655.9137929999999,,0.0031647157204034992,655.65,0.47999998927116394,-2.5524171932946462
656.37931,,0.003033535819377703,656.12,0.46000000834465027,-2.596201197074185
656.844828,,0.0029021800627956947,656.583,0.4519999921321869,-2.6138873750991416
657.310345,,0.002774423097643373,657.045,0.44699999690055847,-2.6250760152933297
657.7758620000001,,0.0026465257493678155,657.516,0.47600001096725464,-2.562219539840086
658.241379,,0.0025158570827803536,657.979,0.45899999141693115,-2.599599266537604
658.7068969999999,,0.002383900172099058,658.444,0.46000000834465027,-2.5977711025237458
659.172414,,0.002253221514121141,658.909,0.4569999873638153,-2.6046552597767976
659.637931,,0.0021248299983442714,659.375,0.45100000500679016,-2.618062750769948
660.103448,,0.0019986225693036336,659.835,0.47699999809265137,-2.5617308964412504
660.568966,,0.001874837850385619,660.3,0.4690000116825104,-2.5794406428863845
661.034483,,0.0017543996527999255,660.772,0.4560000002384186,-2.6080033183711566
661.5,,0.0016383396243904967,661.23,0.46000000834465027,-2.5994824237976952
661.965517,,0.0015274025323388997,661.698,0.4690000116825104,-2.5800165204603975
662.4310340000001,,0.0014221702681754393,662.161,0.46399998664855957,-2.5909960819928437
662.8965519999999,,0.0013232983461343986,662.631,0.46399998664855957,-2.5910247966942705
663.362069,,0.0012315438284277315,663.094,0.4779999852180481,-2.5604945835384854
663.827586,,0.0011476575948330455,663.557,0.4699999988079071,-2.5778380203815283
664.293103,,0.0010723254006164674,664.02,0.503000020980835,-2.5058029483991726
664.7586210000001,,0.001006194030905346,664.485,0.45100000500679016,-2.618904074816057
665.224138,,0.0009499071024948133,664.955,0.47200000286102295,-2.572921995542545
665.689655,,0.0009041032933213003,665.421,0.47200000286102295,-2.5726574810611127
666.155172,,0.0008693948223033889,665.886,0.46700000762939453,-2.5832602872122505
666.62069,,0.0008463562407798204,666.345,0.45899999141693115,-2.6003826213270878
667.086207,,0.0008355278298671598,666.816,0.46000000834465027,-2.5978904219835472
667.5517239999999,,0.0008374213293934455,667.275,0.4620000123977661,-2.5932225776829068
668.017241,,0.0008525190346985966,667.747,0.4569999873638153,-2.6038175894291467
668.482759,,0.0008812656877842423,668.206,0.46799999475479126,-2.57957508232204
668.948276,,0.0009240592167542053,668.676,0.4729999899864197,-2.5684329976077707
669.413793,,0.0009812507990966692,669.138,0.4569999873638153,-2.6030779414482392
669.87931,,0.001053157701150244,669.601,0.46399998664855957,-2.587655544914377
670.3448279999999,,0.001140070875266103,670.072,0.4580000042915344,-2.6006017711134923
670.810345,,0.0012422324842227966,670.535,0.45100000500679016,-2.615776138233875
671.275862,,0.0013597989319483808,670.998,0.46700000762939453,-2.580892557858445
671.7413789999999,,0.0014928538838358248,671.464,0.46399998664855957,-2.5874538321419682
672.206897,,0.0016414918864569928,671.927,0.4569999873638153,-2.6027784413888106
672.672414,,0.0018058564243319925,672.393,0.46799999475479126,-2.5789331846574086
673.137931,,0.0019859967908166212,672.858,0.45399999618530273,-2.609595601264396
673.6034480000001,,0.0021816742319812725,673.323,0.46299999952316284,-2.590185105902323
674.068966,,0.002392500509269039,673.791,0.47200000286102295,-2.570803851466597
674.5344829999999,,0.002618446444255644,674.256,0.46299999952316284,-2.590659904686127
675.0,,0.002859962540932573,674.721,0.45399999618530273,-2.610530099535396
675.465517,,0.0031170297736520703,675.187,0.47200000286102295,-2.57158297376096
675.931034,,0.00338815500268429,675.649,0.47699999809265137,-2.5609558284370664
676.396552,,0.0036715224621460614,676.112,0.45399999618530273,-2.6113204009812483
676.862069,,0.003967979400698663,676.579,0.4690000116825104,-2.578878898105855
677.327586,,0.004281051780875512,677.042,0.46799999475479126,-2.5812716420689377
677.793103,,0.004610819785126204,677.513,0.46299999952316284,-2.592348700505767
678.2586210000001,,0.004949002670007191,677.975,0.49000000953674316,-2.5336735906457273
678.7241379999999,,0.005287634455350951,678.441,0.45100000500679016,-2.61875011585518
679.1896549999999,,0.00563609451015303,678.905,0.47600001096725464,-2.5643518932406937
679.655172,,0.006016856902195878,679.371,0.48899999260902405,-2.5360547628567676
680.12069,,0.006427084466287846,679.831,0.4860000014305115,-2.5425724986517357
680.5862070000001,,0.006816737446323145,680.297,0.4569999873638153,-2.6056936304176377
681.051724,,0.00715008778464226,680.764,0.4650000035762787,-2.588166879559881
681.517241,,0.007499807335338903,681.23,0.46799999475479126,-2.5814996318783225
681.9827590000001,,0.007995537216629885,681.691,0.46399998664855957,-2.5900536605104865
682.448276,,0.008589398885801541,682.16,0.45500001311302185,-2.609477323367086
682.9137929999999,,0.008974706702208271,682.621,0.4650000035762787,-2.58748943702076
683.3793099999999,,0.009003300234266303,683.09,0.45100000500679016,-2.617778235064589
683.844828,,0.009185571011164802,683.553,0.46299999952316284,-2.5914179071099808
684.310345,,0.010231055658276679,684.016,0.4519999921321869,-2.6151687063877778
684.775862,,0.011653539786142954,684.481,0.4620000123977661,-2.593176175285526
685.241379,,0.011603742910070478,684.951,0.44999998807907104,-2.619128181180425
685.706897,,0.009611008721647357,685.417,0.45500001311302185,-2.608062506085782
686.172414,,0.009136548166729354,685.876,0.4860000014305115,-2.540375350395539
686.637931,,0.01398040349789533,686.342,0.46399998664855957,-2.588182671753278
687.103448,,0.019894698209441078,686.809,0.46299999952316284,-2.5902673562928187
687.5689659999999,,0.0139124239794744,687.274,0.4830000102519989,-2.5466313670326604
688.034483,,0.011575939164345671,687.739,0.5379999876022339,-2.4267728137981166
688.5,,0.04568580950908804,688.204,0.46700000762939453,-2.5814530144004637
688.965517,,0.06743431530516801,688.665,0.46399998664855957,-2.588015200838867
689.4310340000001,,0.06719889322316216,689.134,0.4429999887943268,-2.6338234286701145
689.896552,,0.05293889049619721,689.595,0.460999995470047,-2.594692932267258
690.362069,,0.03599190882086882,690.064,0.44699999690055847,-2.6253047273988503
690.827586,,0.01942770494387017,690.528,0.4699999988079071,-2.575328009348498
691.293103,,0.002291219405809981,690.99,0.45399999618530273,-2.6103355513427093
691.758621,,0.012464606499451946,691.456,0.4749999940395355,-2.5647451227729565
692.224138,,0.01982745009400923,691.92,0.46299999952316284,-2.5910570260191736
692.689655,,0.019735817657850412,692.386,0.46000000834465027,-2.5977631957097294
693.155172,,0.017763290216044315,692.853,0.46399998664855957,-2.589216432042852
693.6206900000001,,0.01890288307008732,693.318,0.46399998664855957,-2.5893770423120706
694.0862070000001,,0.022766024301555637,693.783,0.45100000500679016,-2.617848754534084
694.551724,,0.024530322492168837,694.249,0.4429999887943268,-2.635412780146751
695.0172409999999,,0.019256102502581487,694.713,0.46399998664855957,-2.5897782246133887
695.482759,,0.0062137406602148365,695.178,0.45100000500679016,-2.6181967935020976
695.948276,,0.009310851352930466,695.646,0.45100000500679016,-2.61827000967581
696.4137929999999,,0.01899535877615461,696.109,0.45899999141693115,-2.600889746307054
696.87931,,0.018205324933593618,696.572,0.45500001311302185,-2.6096279017145316
697.344828,,0.010561470468033362,697.035,0.42399999499320984,-2.677164913333114
697.8103450000001,,0.005083492165228313,697.5,0.46000000834465027,-2.598708772594415
698.2758620000001,,0.007986603884867254,697.971,0.46299999952316284,-2.592124903074819
698.741379,,0.017152357961482637,698.43,0.47200000286102295,-2.572446749391236
699.206897,,0.02444456398863536,698.895,0.4620000123977661,-2.594142721706663
699.672414,,0.02291242173740212,699.361,0.4519999921321869,-2.615821839940755
700.137931,,0.012179139858823504,699.827,0.453000009059906,-2.613522641050705
700.603448,,0.0017994677868052287,700.293,0.4729999899864197,-2.5698194157399494
701.068966,,0.01192709020642831,700.758,0.46700000762939453,-2.5827542921150797
701.534483,,0.015681703954951935,701.224,0.460999995470047,-2.595686329800077
702.0,,0.015704187906409307,701.686,0.45500001311302185,-2.6086196835996556
702.4655170000001,,0.014905702843582825,702.156,0.45100000500679016,-2.6172012974543883
702.931034,,0.012922779949959341,702.62,0.46700000762939453,-2.582218831245689
703.3965519999999,,0.008554272584529437,703.082,0.4569999873638153,-2.6038930173064756
703.862069,,0.003575942852175765,703.546,0.453000009059906,-2.6125098299313216
704.327586,,0.0014486502293464556,704.016,0.4490000009536743,-2.621144013877367
704.793103,,0.002484133008797495,704.482,0.4659999907016754,-2.5840455322585365
705.2586210000001,,0.0026230384644362033,704.945,0.4569999873638153,-2.603611680421105
705.724138,,0.0016392180173655446,705.411,0.4569999873638153,-2.6035904045545317
706.189655,,0.008100891093654436,705.875,0.3930000066757202,-2.743024517498484
706.6551720000001,,0.010461445199892951,706.341,0.4690000116825104,-2.577470090105902
707.12069,,0.005461021898157244,706.806,0.4560000002384186,-2.605835229508148
707.586207,,0.0027610912821513477,707.272,0.47600001096725464,-2.562321653751785
708.051724,,0.0063327378386673775,707.731,0.453000009059906,-2.6125046525158533
708.517241,,0.0014194701972236098,708.197,0.4699999988079071,-2.575554150754978
708.982759,,0.008275383328068143,708.665,0.4690000116825104,-2.5778289732876014
709.4482760000001,,0.015666845973649503,709.127,0.4620000123977661,-2.593182539803642
709.913793,,0.017019894528218404,709.595,0.4620000123977661,-2.593289891699304
710.37931,,0.014365567190107122,710.057,0.453000009059906,-2.6130069474300797
710.844828,,0.012650688150151296,710.52,0.4830000102519989,-2.547755579982539
711.310345,,0.015236023130655259,710.991,0.4490000009536743,-2.6219337822783295
711.775862,,0.020776739714231572,711.457,0.46399998664855957,-2.5893522180986372
712.2413789999999,,0.023723790286175755,711.916,0.4690000116825104,-2.578548915283908
712.706897,,0.019508667693175056,712.382,0.45100000500679016,-2.6178444448585894
713.172414,,0.010164939762173945,712.846,0.4740000069141388,-2.567803731505035
713.637931,,0.002982669881659428,713.312,0.4560000002384186,-2.6070745989571984
714.1034480000001,,0.0022086473833099712,713.779,0.4569999873638153,-2.604937392218535
714.5689659999999,,0.0039538582897453095,714.245,0.49000000953674316,-2.5330686812861205
715.034483,,0.0014789289741091152,714.709,0.45100000500679016,-2.618047368566463
715.5,,0.006051794836903981,715.175,0.4690000116825104,-2.5788282655661585
715.965517,,0.013089259192698882,715.639,0.460999995470047,-2.5962400036213698
716.431034,,0.015162008411147334,716.101,0.47999998927116394,-2.554814460205252
716.896552,,0.013462715653136895,716.565,0.492000013589859,-2.5286259113914498
717.362069,,0.011752772451632003,717.034,0.45500001311302185,-2.6091789571599158
717.827586,,0.011649636721167145,717.5,0.48399999737739563,-2.5459311144733987
718.2931030000001,,0.012176284424065726,717.964,0.45100000500679016,-2.6177513903514114
718.758621,,0.012188445339254507,718.43,0.453000009059906,-2.6133134063325176
719.2241379999999,,0.011708336475953771,718.89,0.47600001096725464,-2.5631202832426916
719.689655,,0.011299506195655229,719.356,0.47999998927116394,-2.5543189782822515
720.155172,,0.011173281670590854,719.821,0.4790000021457672,-2.556409635687741
720.62069,,0.011136266767556205,720.287,0.45899999141693115,-2.599895734211854
721.0862070000001,,0.011001770472871954,720.754,0.47600001096725464,-2.5627751253609716
721.551724,,0.010788094174568425,721.22,0.4300000071525574,-2.66291521592145
722.017241,,0.010609834391646379,721.683,0.43799999356269836,-2.6454168584982254
722.482759,,0.010523579557531035,722.145,0.4620000123977661,-2.5930700612262987
722.948276,,0.01047868809021506,722.613,0.43799999356269836,-2.6453089494302717
723.4137929999999,,0.010371876981228548,723.075,0.46000000834465027,-2.597341125434161
723.87931,,0.010178083954815212,723.546,0.4779999852180481,-2.558098975691255
724.344828,,0.010045871648287293,724.008,0.4569999873638153,-2.6038346513265425
724.810345,,0.01015123532276508,724.474,0.45500001311302185,-2.608187069874649
725.2758620000001,,0.010352695554996068,724.938,0.45899999141693115,-2.5994791125353753
725.741379,,0.010181710402940611,725.404,0.46399998664855957,-2.5886033718683743
726.2068969999999,,0.009547610845663067,725.868,0.45100000500679016,-2.616953665049819
726.672414,,0.009342268228880492,726.333,0.453000009059906,-2.612634353418753
727.137931,,0.010481243462535648,726.799,0.4569999873638153,-2.6039671740704993
727.603448,,0.011834205544624627,727.264,0.46000000834465027,-2.5974866994381496
728.068966,,0.01025159212782804,727.732,0.45100000500679016,-2.6171570824517008
728.534483,,0.0042591601012867426,728.19,0.4880000054836273,-2.536614965064159
729.0,,0.0030094266866110436,728.661,0.45100000500679016,-2.6172964402173333
729.465517,,0.0069371565536127215,729.123,0.49000000953674316,-2.5324027429692357
729.9310340000001,,0.007178260635606096,729.591,0.460999995470047,-2.5956578535762604
730.3965519999999,,0.007245815030422276,730.053,0.4650000035762787,-2.587017069963918
730.8620689999999,,0.008147850811146903,730.516,0.41200000047683716,-2.7025589673820964
731.327586,,0.0064303537204189526,730.986,0.46299999952316284,-2.591520569409842
731.793103,,0.0005288269958029317,731.452,0.44999998807907104,-2.619912827485485
732.2586210000001,,0.004491442335596072,731.916,0.45500001311302185,-2.6090843228884104
732.724138,,0.0023189591906867912,732.382,0.4390000104904175,-2.644001369137624
733.189655,,0.005952986356413445,732.847,0.46399998664855957,-2.589586264362073
733.655172,,0.012265947112698829,733.305,0.4429999887943268,-2.6353797356515343
734.12069,,0.01071140519106577,733.772,0.4480000138282776,-2.6245179713518114
734.586207,,0.003550261305536947,734.237,0.48500001430511475,-2.543927538504408
735.0517239999999,,0.002176177877611715,734.709,0.45899999141693115,-2.6005781796456224
735.517241,,0.0020681642031002896,735.167,0.47999998927116394,-2.554817638275796
735.982759,,0.0020862223288676002,735.635,0.5090000033378601,-2.4916121255197905
736.448276,,0.0047868592050056965,736.097,0.4620000123977661,-2.593967776328299
736.913793,,0.0019913383713851956,736.565,0.460999995470047,-2.5960912892745176
737.37931,,0.005514040908588306,737.027,0.45100000500679016,-2.6178103920011835
737.844828,,0.01268013190396571,737.493,0.47200000286102295,-2.5719805576613104
738.310345,,0.013865585224113826,737.956,0.4729999899864197,-2.56971394530071
738.775862,,0.007088056287649202,738.421,0.4620000123977661,-2.59358301723878
739.2413789999999,,0.004151000293892525,738.887,0.45100000500679016,-2.6174469913032308
739.706897,,0.013136817728159696,739.354,0.4129999876022339,-2.7001331524364955
740.172414,,0.014827702625497612,739.821,0.4560000002384186,-2.606350658014436
740.637931,,0.009696745950784616,740.287,0.4729999899864197,-2.5692163793836467
741.1034480000001,,0.0034431804918784413,740.746,0.46399998664855957,-2.5887314564299317
741.568966,,0.002173257636376823,741.211,0.46799999475479126,-2.579930966483252
742.034483,,0.006732816692895797,741.679,0.47200000286102295,-2.5711397126842765
742.5,,0.012140226633464526,742.142,0.4650000035762787,-2.5863250217157576
742.965517,,0.013430011725712183,742.605,0.4339999854564667,-2.65381219235329
743.431034,,0.011029883514488994,743.075,0.4790000021457672,-2.5557383956417308
743.896552,,0.008812524644128749,743.538,0.46799999475479126,-2.5796859358169355
744.362069,,0.007993399914551289,744.001,0.4699999988079071,-2.5753284539129098
744.827586,,0.005894378190727428,744.467,0.44699999690055847,-2.6254557953968805
745.293103,,0.00118840215964036,744.931,0.45899999141693115,-2.5993497004186104
745.7586210000001,,0.0024523140405526963,745.396,0.4790000021457672,-2.5558328323066637
746.2241379999999,,6.457030006987662e-05,745.86,0.4569999873638153,-2.6038362335044054
746.6896549999999,,0.009206892841440951,746.326,0.453000009059906,-2.6126399057736363
747.155172,,0.02000704468947803,746.791,0.4740000069141388,-2.5669916797448256
747.62069,,0.027077851602404217,747.257,0.45500001311302185,-2.6085009383694757
748.086207,,0.030029106367581517,747.724,0.4519999921321869,-2.615160983254636
748.551724,,0.034303633258509623,748.191,0.45100000500679016,-2.617470105990005
749.017241,,0.04596763488369928,748.653,0.4690000116825104,-2.578387653448396
749.4827590000001,,0.0642161454195219,749.116,0.4650000035762787,-2.5872340168419936
749.9482760000001,,0.07962333526750355,749.587,0.5009999871253967,-2.508928331252079
750.4137929999999,,0.08167667997761624,750.049,0.4620000123977661,-2.5940109543483145
750.8793099999999,,0.06789231902068155,750.517,0.4490000009536743,-2.622436079137944
751.344828,,0.04430252639008073,750.979,0.4569999873638153,-2.6050947724343256
751.810345,,0.01814332397810657,751.445,0.48399999737739563,-2.546340846603962
752.275862,,0.007528019451903602,751.909,0.4819999933242798,-2.5507459814428444
752.741379,,0.0323830676079033,752.375,0.45500001311302185,-2.609593701651879
753.206897,,0.055121053265338095,752.835,0.45899999141693115,-2.600879533281103
753.672414,,0.07295166516593543,753.3,0.46399998664855957,-2.5899624938492107
754.1379310000001,,0.08351277867719409,753.772,0.46700000762939453,-2.583378256676429
754.603448,,0.08588315354953764,754.23,0.5329999923706055,-2.439514075910286
755.0689659999999,,0.0805875132183354,754.701,0.4519999921321869,-2.615886708569333
755.534483,,0.07001948585409315,755.164,0.45899999141693115,-2.600517629508615
756.0,,0.058100992246051385,755.627,0.45899999141693115,-2.6003827788651392
756.465517,,0.04779666925222519,756.09,0.4749999940395355,-2.565376320790823
756.931034,,0.0390433752557111,756.558,0.48100000619888306,-2.5521463917491394
757.396552,,0.030358824871882566,757.02,0.45500001311302185,-2.608627638691307
757.862069,,0.022160257655754908,757.486,0.4650000035762787,-2.5866772499949735
758.3275860000001,,0.016710040007365947,757.956,0.4659999907016754,-2.584339247417626
758.793103,,0.01438966262484185,758.422,0.4729999899864197,-2.568938204109688
759.258621,,0.011928475919081694,758.887,0.45100000500679016,-2.616731507562029
759.724138,,0.0058907000277126035,759.345,0.46299999952316284,-2.5904690392424934
760.189655,,0.002782760579036552,759.81,0.45100000500679016,-2.616516348517172
760.655172,,0.00899139783464676,760.276,0.4699999988079071,-2.5750508279336835
761.1206900000001,,0.008222240028802032,760.742,0.45100000500679016,-2.6164015833647225
761.5862070000001,,0.000863341245381812,761.208,0.4690000116825104,-2.577171689954185
762.051724,,0.00754941998986077,761.676,0.45100000500679016,-2.6164034801905367
762.517241,,0.010171383770026935,762.138,0.4830000102519989,-2.5467328166675043
762.982759,,0.0042020678506736716,762.601,0.4429999887943268,-2.6339540154269483
763.448276,,0.006192244291361945,763.072,0.46799999475479126,-2.579590718612532
763.9137929999999,,0.012482577939856158,763.535,0.4519999921321869,-2.6145773610920835
764.37931,,0.009037796830379013,763.998,0.45899999141693115,-2.5994769968741873
764.844828,,0.0008242901142052656,764.464,0.48500001430511475,-2.542999644974017
765.310345,,0.006841832616393,764.927,0.4650000035762787,-2.58675224535378
765.7758620000001,,0.001637550231835851,765.393,0.45100000500679016,-2.617440399479828
766.241379,,0.011576440993624345,765.858,0.4129999876022339,-2.7004199016510304
766.706897,,0.02240271481676968,766.324,0.46399998664855957,-2.5894984452720253
767.172414,,0.02378928992385035,766.79,0.453000009059906,-2.6136453485740514
767.637931,,0.01777419289773201,767.256,0.4620000123977661,-2.5942051565039517
768.103448,,0.011694968924117019,767.721,0.45100000500679016,-2.61831862109509
768.568966,,0.010745661342645228,768.187,0.4699999988079071,-2.577048357649713
769.034483,,0.014377965315601773,768.649,0.46399998664855957,-2.5902155629224812
769.5,,0.01881607191938462,769.112,0.45100000500679016,-2.6186012580973617
769.9655170000001,,0.02211966106668121,769.575,0.45899999141693115,-2.6012014409763338
770.4310340000001,,0.02562136256821386,770.046,0.46299999952316284,-2.5924806665740743
770.8965519999999,,0.029961116678887165,770.513,0.46399998664855957,-2.590259679690205
771.362069,,0.031808124636230256,770.975,0.4490000009536743,-2.6228616964946663
771.827586,,0.02721834349883357,771.441,0.47200000286102295,-2.572641650622912
772.293103,,0.017854603221181504,771.906,0.47200000286102295,-2.572499376616761
772.7586210000001,,0.010903571977573282,772.372,0.46299999952316284,-2.591937362968582
773.224138,,0.01131487816030407,772.831,0.46399998664855957,-2.5895663589098374
773.689655,,0.015652435727461313,773.296,0.4560000002384186,-2.6067864230196967
774.155172,,0.01545469155910989,773.761,0.45100000500679016,-2.617460328888368
774.62069,,0.006262147692228369,774.227,0.46399998664855957,-2.5889149688699207
775.086207,,0.008090640995426633,774.69,0.46399998664855957,-2.5886946875460515
775.551724,,0.020037640960512665,775.16,0.44999998807907104,-2.6189849063140187
776.017241,,0.025677600290035976,775.623,0.45100000500679016,-2.6166117974634213
776.482759,,0.02700570101053023,776.086,0.42800000309944153,-2.6665495141292315
776.9482760000001,,0.02796539023822708,776.55,0.45500001311302185,-2.6075837335062535
777.413793,,0.03003329010149905,777.02,0.46299999952316284,-2.5900452083566177
777.87931,,0.03185292346231549,777.485,0.46399998664855957,-2.587792928501176
778.344828,,0.031386414035354415,777.948,0.47600001096725464,-2.561613350046971
778.810345,,0.027241061597649437,778.414,0.45100000500679016,-2.6160833265254637
779.275862,,0.01919900392977818,778.879,0.4650000035762787,-2.585626280711823
779.7413789999999,,0.00916808302384833,779.344,0.45100000500679016,-2.616211108445
780.206897,,0.0013515046437283982,779.809,0.45399999618530273,-2.609796806560801
780.672414,,8.537026225831476e-05,780.274,0.45100000500679016,-2.6164892538437514
781.137931,,0.005126466781648695,780.735,0.4410000145435333,-2.6384630729272263
781.6034480000001,,0.011583041563864444,781.2,0.4560000002384186,-2.605996378965536
782.0689659999999,,0.011698858411662655,781.668,0.4569999873638153,-2.604049867964813
782.5344829999999,,0.002621478878707774,782.131,0.43799999356269836,-2.645688592998114
783.0,,0.010581914336388047,782.601,0.46399998664855957,-2.5892933228888024
783.465517,,0.01971741991639285,783.064,0.45500001311302185,-2.6091478826832795
783.931034,,0.021033056978834536,783.532,0.4880000054836273,-2.537488095665446
784.396552,,0.017128866908889498,783.993,0.46700000762939453,-2.5834562297606913
784.862069,,0.012444144772106766,784.459,0.4729999899864197,-2.570575067436314
785.327586,,0.009262315019670822,784.923,0.46299999952316284,-2.5925207774149976
785.7931030000001,,0.008663490607844328,785.389,0.492000013589859,-2.529462337027235
786.258621,,0.01277139257977935,785.853,0.4699999988079071,-2.5774737764837155
786.7241379999999,,0.023258587135937855,786.319,0.492000013589859,-2.529580425605816
787.189655,,0.03797283754171481,786.783,0.45500001311302185,-2.6101821519912467
787.655172,,0.051320430586366886,787.249,0.453000009059906,-2.614486913857817
788.12069,,0.05881059837919437,787.713,0.453000009059906,-2.6143922212343584
788.5862070000001,,0.06049629119993415,788.178,0.46399998664855957,-2.5902927110544125
789.051724,,0.05991914152647631,788.642,0.4620000123977661,-2.5944792219207926
789.517241,,0.06043294515590218,789.112,0.44999998807907104,-2.6204210075451897
789.982759,,0.06229342558222505,789.572,0.45100000500679016,-2.618015262365836
790.448276,,0.062063583661289376,790.035,0.4490000009536743,-2.622127361083652
790.9137929999999,,0.054806469541600386,790.501,0.47200000286102295,-2.571761882548128
791.3793099999999,,0.03870769853449817,790.972,0.5170000195503235,-2.473460659428264
791.844828,,0.01837038482135619,791.437,0.4519999921321869,-2.6148124416777034
792.310345,,0.0013259896669097573,791.895,0.453000009059906,-2.612384229789586
792.7758620000001,,0.01058625706411235,792.361,0.453000009059906,-2.612154464644724
793.241379,,0.024317162419846636,792.828,0.4790000021457672,-2.555306161275688
793.7068969999999,,0.047449784329086524,793.294,0.4869999885559082,-2.5377050858615147
794.172414,,0.07823604318573679,793.761,0.4699999988079071,-2.574606691119263
794.637931,,0.10620982871400558,794.227,0.4480000138282776,-2.622443347841777
795.103448,,0.12170838300932983,794.687,0.46299999952316284,-2.58971591911134
795.568966,,0.12272852095769059,795.15,0.453000009059906,-2.6115023976419374
796.034483,,0.11354121589833938,795.62,0.4429999887943268,-2.6333373178863377
796.5,,0.09929720955961031,796.083,0.46799999475479126,-2.578966807085443
796.965517,,0.08279068415125475,796.546,0.42800000309944153,-2.666253248279691
797.4310340000001,,0.06538549411811813,797.016,0.4659999907016754,-2.5836461719500834
797.8965519999999,,0.049279280340869994,797.482,0.46299999952316284,-2.5903988250259213
798.3620689999999,,0.037092274639978426,797.945,0.46000000834465027,-2.597179671007772
798.827586,,0.02901493831287314,798.41,0.46799999475479126,-2.580016317825843
799.293103,,0.02192542599119654,798.876,0.4959999918937683,-2.519292090452134
799.758621,,0.01247206283473832,799.335,0.46000000834465027,-2.598004598381648
800.224138,,0.0005925091495507422,799.801,0.4620000123977661,-2.5939239799254974
800.689655,,0.010581975265150022,800.267,0.45100000500679016,-2.618153756491911
801.155172,,0.01789508732619307,800.735,0.46700000762939453,-2.5835399042693847
801.62069,,0.020787252991528105,801.2,0.45100000500679016,-2.618615135245282
802.086207,,0.021260592913895697,801.661,0.46399998664855957,-2.5904751782487283
802.5517239999999,,0.022068193644503777,802.13,0.4749999940395355,-2.566651924120527
803.017241,,0.025107457587010617,802.591,0.46299999952316284,-2.5928920826557067
803.482759,,0.03096783465063567,803.061,0.46399998664855957,-2.5907613552996698
803.948276,,0.038867431434308757,803.524,0.45399999618530273,-2.6125458832778694
804.413793,,0.046168421291206574,803.986,0.4779999852180481,-2.560206225570128
804.87931,,0.049117809851232264,804.452,0.4699999988079071,-2.577533869081382
805.344828,,0.0465916260877891,804.917,0.46000000834465027,-2.599172255249845
805.810345,,0.043035138381062286,805.382,0.45899999141693115,-2.601161095558912
806.275862,,0.04440019149564989,805.847,0.4819999933242798,-2.5508259008089063
806.7413789999999,,0.050021401231895385,806.312,0.460999995470047,-2.59632110558907
807.206897,,0.05183672443384838,806.779,0.453000009059906,-2.613471845805581
807.672414,,0.04395213594505953,807.245,0.4749999940395355,-2.565249825542619
808.137931,,0.03030517008668254,807.709,0.4740000069141388,-2.5671314951106763
808.603448,,0.01958379120824522,808.175,0.45100000500679016,-2.616947386565046
809.068966,,0.014239996144193797,808.635,0.4830000102519989,-2.546950711111155
809.534483,,0.008957706556427067,809.105,0.49000000953674316,-2.5314411589601304
810.0,,3.31864692516815e-05,809.568,0.47999998927116394,-2.5529969488819324
810.465517,,0.009216558853459931,810.03,0.46000000834465027,-2.5963753050410814
810.931034,,0.01330553103432074,810.496,0.4690000116825104,-2.5766160340340347
811.396552,,0.012331939683115738,810.967,0.46000000834465027,-2.5961207918766154
811.862069,,0.010451027604296375,811.425,0.4490000009536743,-2.620035054338707
812.327586,,0.010326860315033595,811.89,0.45100000500679016,-2.615681485755214
812.793103,,0.011307336093363117,812.356,0.4519999921321869,-2.6135615431642165
813.2586210000001,,0.011877461002943287,812.823,0.45399999618530273,-2.6093162122165823
813.724138,,0.011752095739077435,813.289,0.46299999952316284,-2.5898701658185814
814.1896549999999,,0.01155244451317681,813.754,0.46299999952316284,-2.5900766440800886
814.655172,,0.011662206511551292,814.219,0.4699999988079071,-2.575070766958916
815.12069,,0.011928139977228204,814.68,0.4779999852180481,-2.557916653755927
815.586207,,0.012092458663559704,815.15,0.4560000002384186,-2.606143973309756
816.051724,,0.012119651065899816,815.612,0.4790000021457672,-2.5563453157703315
816.517241,,0.01213707413309011,816.075,0.45399999618530273,-2.6111255758832725
816.982759,,0.012244192117509288,816.543,0.46399998664855957,-2.5896475305492848
817.4482760000001,,0.012410995337050939,817.005,0.47999998927116394,-2.555082248363128
817.913793,,0.012504415680055012,817.471,0.46399998664855957,-2.59020886373755
818.3793099999999,,0.01244260511625506,817.937,0.4560000002384186,-2.6078734594074606
818.844828,,0.012372831080270048,818.403,0.4659999907016754,-2.586282663874031
819.310345,,0.012575247155275072,818.868,0.4580000042915344,-2.6038614783736636
819.775862,,0.012997864818465179,819.334,0.453000009059906,-2.614853726963136
820.241379,,0.013036490386280285,819.801,0.45899999141693115,-2.601827173740726
820.706897,,0.012310057156486665,820.267,0.4699999988079071,-2.5778515963896687
821.172414,,0.011758752291967142,820.732,0.4729999899864197,-2.5712489655717294
821.6379310000001,,0.012941355737129203,821.19,0.453000009059906,-2.6147007398978355
822.1034480000001,,0.015133106225552117,821.657,0.45500001311302185,-2.6101719028975707
822.5689659999999,,0.014024221036792961,822.12,0.4690000116825104,-2.5794539719843184
823.034483,,0.005758724070826606,822.59,0.4560000002384186,-2.607520376219945
823.5,,0.007247572267352454,823.053,0.47999998927116394,-2.5549449711314884
823.965517,,0.016970678491109586,823.516,0.44999998807907104,-2.619993400015113
824.431034,,0.017694493376041565,823.986,0.4620000123977661,-2.5935251928188228
824.896552,,0.011701955747911148,824.452,0.4729999899864197,-2.5692322282098563
825.362069,,0.006155716830195986,824.916,0.44699999690055847,-2.6255556189123825
825.827586,,0.006266172463632749,825.375,0.4650000035762787,-2.586035183734229
826.293103,,0.012721052992195423,825.846,0.45100000500679016,-2.6162577912191973
826.758621,,0.02338827298241498,826.312,0.46399998664855957,-2.5876917835521542
827.224138,,0.03481140330982304,826.776,0.460999995470047,-2.5940264434518627
827.689655,,0.04299286142853179,827.235,0.48100000619888306,-2.5503003735024175
828.155172,,0.0452602369372022,827.71,0.3580000102519989,-2.8181759052447033
828.6206900000001,,0.04175531415683372,828.169,0.4560000002384186,-2.6046303627115783
829.0862070000001,,0.03455115215735888,828.632,0.46399998664855957,-2.5872234251864934
829.551724,,0.026149694795579694,829.101,0.4749999940395355,-2.5633377329097753
830.017241,,0.019261276083287142,829.565,0.45399999618530273,-2.6092235641540555
830.482759,,0.0163570399099963,830.027,0.45899999141693115,-2.598515758284724
830.948276,,0.017779488229589642,830.493,0.4620000123977661,-2.592211008751549
831.4137929999999,,0.020669884853516625,830.955,0.43799999356269836,-2.644768955973832
831.87931,,0.02128928116107932,831.421,0.4569999873638153,-2.6036763307404525
832.344828,,0.019383166904650962,831.887,0.4749999940395355,-2.5647839103778742
832.810345,,0.019641222906313243,832.353,0.41999998688697815,-2.6849446233840526
833.2758620000001,,0.027107910873534573,832.817,0.4490000009536743,-2.622101381346434
833.741379,,0.040391367892786634,833.283,0.4620000123977661,-2.59410846559871
834.2068969999999,,0.050408063809288105,833.75,0.4650000035762787,-2.587882740041706
834.672414,,0.04690528369424033,834.215,0.4819999933242798,-2.5511262927541445
835.137931,,0.026536742419443964,834.676,0.47999998927116394,-2.5557251802940604
835.603448,,0.005021339751251465,835.145,0.46399998664855957,-2.5907787519547663
836.068966,,0.038261696402619005,835.605,0.46799999475479126,-2.5822074575232206
836.534483,,0.06685393330869677,836.075,0.45399999618530273,-2.612796007455488
837.0,,0.08949180587275568,836.535,0.46399998664855957,-2.591038712310469
837.4655170000001,,0.10568791056154678,837.005,0.4620000123977661,-2.595365861026552
837.9310340000001,,0.112275216663045,837.47,0.4390000104904175,-2.6453866588485777
838.3965519999999,,0.10613927240591002,837.93,0.4699999988079071,-2.5777053685083935
838.862069,,0.08943960028123275,838.395,0.4690000116825104,-2.579689387655663
839.327586,,0.06955119849875857,838.864,0.46299999952316284,-2.59252079312657
839.793103,,0.052910381595249,839.33,0.45100000500679016,-2.6183859607742046
840.2586210000001,,0.03993374982757972,839.794,0.45500001311302185,-2.6093636517265146
840.724138,,0.026896717566738147,840.26,0.47200000286102295,-2.5719990269605653
841.189655,,0.01232798894331407,840.725,0.45399999618530273,-2.610876849538759
841.655172,,0.0001506027996096477,841.19,0.41999998688697815,-2.6846141328984165
842.12069,,0.004395837302378413,841.653,0.45100000500679016,-2.6167515460232
842.586207,,0.0014028920753660834,842.116,0.4740000069141388,-2.5663394974611187
843.0517239999999,,0.0024242634311822456,842.587,0.4959999918937683,-2.5181347994528576
843.517241,,0.00021542125602039448,843.049,0.46399998664855957,-2.5876135172138777
843.982759,,0.010218545230887777,843.517,0.45899999141693115,-2.5983132551379047
844.4482760000001,,0.021421282326833685,843.979,0.45100000500679016,-2.615600414299775
844.913793,,0.02649104338416944,844.445,0.45100000500679016,-2.615514712525921
845.37931,,0.02299366360976279,844.91,0.46399998664855957,-2.5871655084228404
845.844828,,0.014479279118933461,845.375,0.45500001311302185,-2.6068059484005857
846.310345,,0.007106611702588901,845.835,0.46299999952316284,-2.589467899751814
846.775862,,0.005196004248089865,846.301,0.46299999952316284,-2.58961461594606
847.2413789999999,,0.008476954876118615,846.765,0.45899999141693115,-2.5985270436363637
847.706897,,0.01261507412799513,847.23,0.4560000002384186,-2.60530609715286
848.172414,,0.012933704981817768,847.698,0.4749999940395355,-2.564192661982828
848.637931,,0.008673301682792761,848.161,0.46399998664855957,-2.588467480422678
849.1034480000001,,0.0038399580559661684,848.631,0.45399999618530273,-2.6105832171171963
849.5689659999999,,0.0032666462110848642,849.094,0.47600001096725464,-2.5629919265676575
850.0344829999999,,0.007825181727770974,849.561,0.46299999952316284,-2.591652465686883
850.5,,0.014298514156736239,850.024,0.47200000286102295,-2.5723713573295584
850.965517,,0.019461395149670633,850.489,0.45100000500679016,-2.618428756307498
851.431034,,0.02238439942639401,850.952,0.4490000009536743,-2.6230622078184473
851.896552,,0.02269050274866006,851.418,0.46399998664855957,-2.5906207759096556
852.362069,,0.019253029285352018,851.883,0.4650000035762787,-2.5886346477175692
852.827586,,0.012481279380535224,852.349,0.4390000104904175,-2.645420591273562
853.2931030000001,,0.006541426041151888,852.814,0.4659999907016754,-2.5866827722873147
853.758621,,0.00670828426942963,853.28,0.4569999873638153,-2.6063178045585205
854.2241379999999,,0.01364673111157575,853.746,0.45899999141693115,-2.601928035343373
854.689655,,0.021545165603337628,854.205,0.4620000123977661,-2.5953008326022298
855.155172,,0.023140841375233107,854.675,0.4560000002384186,-2.6082254075229576
855.62069,,0.016498420355980533,855.138,0.4519999921321869,-2.616741140581649
856.0862070000001,,0.006566815087025907,855.601,0.4659999907016754,-2.585995569198147
856.551724,,0.0005783218851002534,856.072,0.45100000500679016,-2.6183923446024346
857.017241,,0.002046194857307921,856.535,0.4519999921321869,-2.6159011337191305
857.482759,,0.008317637722099761,856.997,0.48899999260902405,-2.5349578377938027
857.948276,,0.013144641941851052,857.463,0.45100000500679016,-2.617401913393931
858.4137929999999,,0.011676407539428346,857.927,0.46700000762939453,-2.5821985569171586
858.8793099999999,,0.0037798205319162902,858.393,0.4699999988079071,-2.5753278488136027
859.344828,,0.005965204492938368,858.86,0.46399998664855957,-2.5880851241590443
859.810345,,0.010806251741074252,859.326,0.44999998807907104,-2.6183018044912907
860.275862,,0.0062491422493032136,859.791,0.453000009059906,-2.6115210098816743
860.741379,,0.005623426015860937,860.257,0.4699999988079071,-2.5742862176028423
861.206897,,0.016693529591711314,860.721,0.46000000834465027,-2.5959275946573555
861.672414,,0.019764394598460557,861.187,0.44999998807907104,-2.6176265399455643
862.137931,,0.015541657343346366,861.649,0.44999998807907104,-2.617599845302526
862.603448,,0.011727596035652073,862.112,0.4560000002384186,-2.604563164343253
863.068966,,0.014588659117773696,862.575,0.45100000500679016,-2.6155525024308166
863.534483,,0.02208834106698432,863.046,0.46299999952316284,-2.5895627187365986
864.0,,0.02644278979646852,863.516,0.45899999141693115,-2.598484338653023
864.465517,,0.022846876924646792,863.971,0.460999995470047,-2.5943807022928
864.9310340000001,,0.013612744957147184,864.437,0.46000000834465027,-2.5968520109204434
865.3965519999999,,0.0038755484701949905,864.902,0.453000009059906,-2.612425515794011
865.8620689999999,,0.003849578543716072,865.368,0.45100000500679016,-2.6171265591876525
866.327586,,0.009835392582655167,865.835,0.45500001311302185,-2.6087661028620115
866.793103,,0.014434424799095378,866.3,0.4740000069141388,-2.5677250582773676
867.258621,,0.0173390577824733,866.765,0.45899999141693115,-2.6007458922701145
867.724138,,0.018990666982979562,867.23,0.4860000014305115,-2.542240425212969
868.189655,,0.021327243509595802,867.694,0.4569999873638153,-2.6057064475898857
868.655172,,0.02654228068223051,868.156,0.44699999690055847,-2.627737188031548
869.1206900000001,,0.03504106950770929,868.62,0.44999998807907104,-2.621397989922372
869.586207,,0.04442414769466484,869.09,0.4819999933242798,-2.5518237873015694
870.0517239999999,,0.05024781454787343,869.553,0.46299999952316284,-2.593301202896334
870.517241,,0.04823761376223693,870.016,0.4490000009536743,-2.62382364383503
870.982759,,0.0370442077473699,870.482,0.45500001311302185,-2.610711370018535
871.448276,,0.019855583892544836,870.952,0.49300000071525574,-2.5278211309438317
871.913793,,0.002968665412166912,871.41,0.4560000002384186,-2.6082704875245595
872.37931,,0.008611271543695159,871.875,0.3630000054836273,-2.8106723721734386
872.844828,,0.015067799965530405,872.341,0.45899999141693115,-2.6012665383180993
873.3103450000001,,0.020683947122186595,872.805,0.4779999852180481,-2.559579026165782
873.775862,,0.02773622926256511,873.271,0.45399999618530273,-2.6115424096110216
874.2413789999999,,0.03172482942184186,873.736,0.4440000057220459,-2.63298415254508
874.706897,,0.0242385630499446,874.201,0.46399998664855957,-2.589056726214186
875.172414,,0.001662045716179882,874.672,0.4519999921321869,-2.6148465960841207
875.637931,,0.028961104745028336,875.134,0.4659999907016754,-2.5840026646489114
876.103448,,0.05337264967306463,875.595,0.4569999873638153,-2.6032889811208544
876.568966,,0.06057155147151046,876.064,0.46299999952316284,-2.589926573401033
877.034483,,0.05098616529688679,876.527,0.45100000500679016,-2.6158199582232182
877.5,,0.034557067119920085,876.99,0.4519999921321869,-2.6134390478951497
877.965517,,0.021150326009270495,877.456,0.49300000071525574,-2.5239659094104288
878.431034,,0.013785497479314335,877.923,0.45100000500679016,-2.6153783584710704
878.896552,,0.01036578286687116,878.389,0.4569999873638153,-2.602277047968244
879.362069,,0.008604154909868244,878.853,0.46000000834465027,-2.595774603006451
879.827586,,0.007181280692878322,879.319,0.453000009059906,-2.611120840444723
880.293103,,0.004080585257750716,879.786,0.4560000002384186,-2.6047402538091906
880.7586210000001,,0.0030299965155348102,880.245,0.453000009059906,-2.6114867772803216
881.224138,,0.014287085276564552,880.713,0.4690000116825104,-2.576887822304723
881.689655,,0.02717945600395498,881.178,0.46399998664855957,-2.588081287108396
882.155172,,0.0393603013610393,881.646,0.4490000009536743,-2.6210931315285886
882.62069,,0.05103328212991187,882.109,0.47699999809265137,-2.5604452836530274
883.086207,,0.0639933236109127,882.576,0.39100000262260437,-2.7481758350959313
883.551724,,0.07889131717930341,883.039,0.45500001311302185,-2.6091118159286943
884.017241,,0.09358514697455421,883.505,0.45500001311302185,-2.609472150354595
884.482759,,0.10318336833452986,883.97,0.4790000021457672,-2.557522991819285
884.9482760000001,,0.1013492443420731,884.435,0.414000004529953,-2.6994415258505198
885.413793,,0.083160099032639,884.901,0.46399998664855957,-2.5907749173396684
885.87931,,0.04890419675472269,885.367,0.4490000009536743,-2.6236711991118202
886.344828,,0.005675128032775976,885.831,0.45399999618530273,-2.6129379381743107
886.810345,,0.0360061564484289,886.297,0.5320000052452087,-2.443100095881177
887.275862,,0.0682030452245653,886.761,0.45899999141693115,-2.60217029302715
887.741379,,0.08813201408496996,887.227,0.4740000069141388,-2.5694511456199067
888.206897,,0.09557355785575292,887.69,0.46299999952316284,-2.593310833215706
888.672414,,0.09051662958495676,888.152,0.44699999690055847,-2.628001184082092
889.1379310000001,,0.07481615463893161,888.62,0.4569999873638153,-2.6059897371340726
889.6034480000001,,0.053863097645955094,889.082,0.4880000054836273,-2.538175778593429
890.0689659999999,,0.03390858136166076,889.546,0.4569999873638153,-2.605394917840721
890.534483,,0.01813643242131381,890.016,0.4580000042915344,-2.602864252834165
891.0,,0.006629088530885677,890.482,0.4519999921321869,-2.6155626626451456
891.465517,,0.0008318530086506691,890.944,0.4699999988079071,-2.5759632278876
891.931034,,0.0037863654271878076,891.41,0.4560000002384186,-2.6060818350808788
892.396552,,0.002874885927417898,891.875,0.46399998664855957,-2.588283249556062
892.862069,,0.001227358368837037,892.341,0.4659999907016754,-2.583580896543512
893.327586,,0.0031382786587615063,892.805,0.4180000126361847,-2.687846685768491
893.7931030000001,,0.010961267663379952,893.271,0.45899999141693115,-2.5982590763296067
894.258621,,0.023005439313354775,893.735,0.453000009059906,-2.6111217982651254
894.7241379999999,,0.03453448086252067,894.201,0.44699999690055847,-2.6240445256990865
895.189655,,0.04113053260948235,894.661,0.4880000054836273,-2.5346348326511694
895.655172,,0.04113261756653989,895.131,0.45399999618530273,-2.60868989696013
896.1206900000001,,0.03536390313594677,895.591,0.4429999887943268,-2.6327034353230445
896.5862070000001,,0.026215300989195514,896.06,0.4569999873638153,-2.6023175400128395
897.051724,,0.017480386296276462,896.524,0.4740000069141388,-2.565458375474465
897.517241,,0.012399664496210614,896.986,0.4650000035762787,-2.585300759244627
897.982759,,0.009639900990143389,897.452,0.4300000071525574,-2.661838198977695
898.448276,,0.0031738278737688305,897.916,0.45100000500679016,-2.61641392115622
898.9137929999999,,0.01107715804183694,898.382,0.45500001311302185,-2.6080590849295677
899.37931,,0.02937243516344945,898.846,0.4519999921321869,-2.6149757705239445
899.844828,,0.04304553994928,899.311,0.4749999940395355,-2.5652563543230475
900.310345,,0.04668965623792579,899.776,0.46399998664855957,-2.5896072873109
900.7758620000001,,0.041972684124620976,900.241,0.47600001096725464,-2.563833376117261
901.241379,,0.034414854623469576,900.713,0.47200000286102295,-2.5728905583064994
901.7068969999999,,0.028775778195585647,901.171,0.44200000166893005,-2.638555229519805
902.172414,,0.027199625553761174,901.642,0.47200000286102295,-2.573454853693301
902.637931,,0.02859117182705385,902.105,0.4659999907016754,-2.5867313964822922
903.103448,,0.028507417658229485,902.568,0.4749999940395355,-2.5672669008899707
903.568966,,0.0224285259006852,903.031,0.49900001287460327,-2.5150563078397816
904.034483,,0.011045924667313956,903.496,0.45100000500679016,-2.619639704289476
904.5,,6.758613793549786e-05,903.967,0.4699999988079071,-2.5781855987951485
904.9655170000001,,0.006804965664355403,904.425,0.47200000286102295,-2.57370257357199
905.4310340000001,,0.011903962794579535,904.89,0.45100000500679016,-2.619266448165773
905.8965519999999,,0.01845643547297547,905.356,0.46299999952316284,-2.592879233008336
906.362069,,0.02432134405107403,905.821,0.45500001311302185,-2.6100168913303117
906.827586,,0.024497362551992405,906.287,0.4659999907016754,-2.585721058617147
907.293103,,0.019130335182799815,906.754,0.4659999907016754,-2.5853609701691127
907.7586210000001,,0.015739967141250043,907.22,0.47600001096725464,-2.563195636889873
908.224138,,0.02181372194524543,907.68,0.45899999141693115,-2.599846758951171
908.689655,,0.03585604869114974,908.15,0.45899999141693115,-2.5994659114967047
909.155172,,0.047335583766828115,908.612,0.4569999873638153,-2.6034594900233166
909.62069,,0.04652056570049214,909.075,0.4819999933242798,-2.5486573517429663
910.086207,,0.03394135137301041,909.546,0.3869999945163727,-2.7553320882476515
910.5517239999999,,0.018957699669808446,910.008,0.47200000286102295,-2.5698994111354074
911.017241,,0.00916714464036416,910.474,0.5109999775886536,-2.48473943629458
911.482759,,0.0031426637340251423,910.938,0.45399999618530273,-2.608788220532288
911.948276,,0.0054585242143007275,911.403,0.4790000021457672,-2.5542512605133925
912.413793,,0.01861427306496034,911.868,0.4339999854564667,-2.6522863266563523
912.87931,,0.031124529220093854,912.334,0.45500001311302185,-2.6065978600208903
913.344828,,0.036328157397567236,912.801,0.4650000035762787,-2.584939879773749
913.810345,,0.032190346628022413,913.267,0.4560000002384186,-2.6047368594600573
914.275862,,0.02158843953854054,913.731,0.45500001311302185,-2.6071595391280176
914.7413789999999,,0.008938912608063176,914.197,0.45100000500679016,-2.6161658693971113
915.206897,,0.002051316980220219,914.657,0.46299999952316284,-2.5903523968305557
915.672414,,0.008589441242749667,915.127,0.43799999356269836,-2.645177442913003
916.137931,,0.009214753417502377,915.587,0.47699999809265137,-2.560586334743619
916.6034480000001,,0.00526593299585256,916.05,0.48500001430511475,-2.543538024971208
917.0689659999999,,0.0010223444937576905,916.52,0.44600000977516174,-2.6288789869964373
917.5344829999999,,0.0006169214724427314,916.983,0.4480000138282776,-2.624877879763966
918.0,,0.004310037608009026,917.448,0.4569999873638153,-2.605598480495619
918.465517,,0.008538230334151686,917.913,0.4519999921321869,-2.616781988839956
918.931034,,0.009854599006840103,918.379,0.46399998664855957,-2.5908813126853305
919.396552,,0.008275358662331925,918.846,0.45899999141693115,-2.601962820653982
919.862069,,0.006516463584535351,919.311,0.4560000002384186,-2.6086265018577297
920.327586,,0.006383348999190439,919.776,0.4129999876022339,-2.702372842906054
920.793103,,0.006640125121061521,920.235,0.460999995470047,-2.597797540548956
921.258621,,0.004774801199121964,920.71,0.46700000762939453,-2.5846598809246704
921.7241379999999,,0.0003602000571558619,921.168,0.45100000500679016,-2.619388098350977
922.189655,,0.004063401021646895,921.631,0.4740000069141388,-2.569088586333152
922.655172,,0.005560451284787765,922.101,0.45500001311302185,-2.610237571927446
923.12069,,0.0039168706468389655,922.561,0.46299999952316284,-2.5925159779077247
923.5862070000001,,0.0017040908427039417,923.031,0.4490000009536743,-2.622686849717246
924.051724,,0.0008862932440605259,923.496,0.45399999618530273,-2.611436045101042
924.517241,,8.183487552175988e-05,923.959,0.453000009059906,-2.6132408169260986
924.982759,,0.0032796269582935325,924.426,0.46299999952316284,-2.591075441221821
925.448276,,0.007958182414392036,924.89,0.45100000500679016,-2.6168467498842474
925.9137929999999,,0.00811233613647379,925.356,0.49300000071525574,-2.5249883550890395
926.3793099999999,,0.000471775426996186,925.821,0.4580000042915344,-2.6009134861760916
926.844828,,0.0135843402003108,926.286,0.45500001311302185,-2.6071600602452456
927.310345,,0.020306193458524413,926.746,0.45100000500679016,-2.615633336094914
927.775862,,0.01355141866918086,927.212,0.45899999141693115,-2.5980183699749606
928.241379,,0.0013653896838268518,927.68,0.46399998664855957,-2.5870003021861274
928.706897,,0.010477543019811703,928.142,0.4569999873638153,-2.6021906540933526
929.1724139999999,,0.004473815813308743,928.605,0.45500001311302185,-2.6065544457280505
929.637931,,0.011852356164339892,929.075,0.45100000500679016,-2.615342470739693
930.103448,,0.023708720868883867,929.538,0.45100000500679016,-2.6154807026293683
930.568966,,0.02034090778062793,930.001,0.45899999141693115,-2.5982502799103786
931.034483,,0.005411055051267828,930.467,0.4659999907016754,-2.5832524452181853
931.5,,0.007190466771125958,930.931,0.46299999952316284,-2.5900869180525574
931.965517,,0.008022104679606273,931.396,0.4650000035762787,-2.5860647565475174
932.4310340000001,,0.0006404600983138452,931.86,0.45399999618530273,-2.6103915528783674
932.896552,,0.005404458369841562,932.326,0.46299999952316284,-2.591160931831678
933.3620689999999,,0.006640137421988945,932.79,0.453000009059906,-2.6133286884322744
933.827586,,0.006924342549995546,933.256,0.4569999873638153,-2.6049878872791634
934.293103,,0.008480612267622263,933.724,0.46399998664855957,-2.590091960838139
934.758621,,0.007206792973543392,934.189,0.46399998664855957,-2.590416187640277
935.224138,,0.0009147047895402512,934.65,0.46700000762939453,-2.5841638586879307
935.689655,,0.011918809547306296,935.119,0.4519999921321869,-2.6170781699364727
936.155172,,0.016199599481342496,935.58,0.46399998664855957,-2.5911128662450857
936.6206900000001,,0.009028522448753481,936.049,0.4699999988079071,-2.578157576315273
937.0862070000001,,0.0033901350703999895,936.513,0.4569999873638153,-2.6065310295199673
937.5517239999999,,0.009466605175541933,936.975,0.45899999141693115,-2.602157834315105
938.0172409999999,,0.003228471689699266,937.441,0.43799999356269836,-2.6478277462916533
938.482759,,0.010530053318779651,937.905,0.4569999873638153,-2.606288762337565
938.948276,,0.0210877091064836,938.371,0.4620000123977661,-2.5951918442031965
939.413793,,0.02082922455376499,938.835,0.47200000286102295,-2.5731482694688954
939.87931,,0.010429782840182662,939.301,0.4569999873638153,-2.605525117041381
940.344828,,0.002694471580032047,939.769,0.46399998664855957,-2.5899353462296735
940.8103450000001,,0.01036709256666965,940.234,0.4749999940395355,-2.565604874912427
941.2758620000001,,0.009598044975886863,940.698,0.4749999940395355,-2.565224158188992
941.7413789999999,,0.004032295874118123,941.16,0.4480000138282776,-2.6236635549699288
942.206897,,0.00019235531161156626,941.631,0.453000009059906,-2.612395631588325
942.672414,,5.352728210364583e-05,942.094,0.4659999907016754,-2.5837195889532314
943.137931,,0.003165661714709065,942.557,0.460999995470047,-2.594290656990067
943.603448,,0.005369091708026454,943.02,0.45100000500679016,-2.6157965197082103
944.068966,,0.0043332554754286975,943.485,0.460999995470047,-2.593779955339503
944.534483,,0.0007948669652596869,943.955,0.45399999618530273,-2.6088579822339666
945.0,,0.0029482149140990107,944.421,0.45100000500679016,-2.615284440315266
945.465517,,0.006089358773121094,944.887,0.4410000145435333,-2.6370283041267832
945.931034,,0.010098686866753423,945.345,0.45899999141693115,-2.5978383226126383
946.3965519999999,,0.015634391368086448,945.816,0.45100000500679016,-2.6153602467449044
946.862069,,0.019605921625733814,946.275,0.47999998927116394,-2.5523358387519273
947.327586,,0.01752803306555937,946.742,0.44999998807907104,-2.6179101007074475
947.793103,,0.009505169776725095,947.208,0.46299999952316284,-2.5898545127863497
948.2586210000001,,0.0017766137765964293,947.676,0.46399998664855957,-2.58798668545441
948.724138,,1.8352394965452935e-05,948.138,0.46399998664855957,-2.58833153601658
949.189655,,0.001980934215047069,948.606,0.45100000500679016,-2.6170224524207226
949.655172,,0.0004878723075498884,949.069,0.4429999887943268,-2.6348331612633635
950.12069,,0.01170615991682134,949.531,0.5360000133514404,-2.4326002300914302
950.586207,,0.02639941860346899,950.001,0.45100000500679016,-2.618153497037532
951.051724,,0.03457736118704708,950.46,0.4690000116825104,-2.579282284858085
951.517241,,0.031594617600870636,950.927,0.4429999887943268,-2.6362390538604368
951.982759,,0.022954044006290197,951.392,0.48100000619888306,-2.553719983015234
952.4482760000001,,0.01876238288473015,951.857,0.45500001311302185,-2.6105836497836306
952.913793,,0.02309260941825537,952.323,0.4580000042915344,-2.6042092676583417
953.37931,,0.02956610633054203,952.791,0.45500001311302185,-2.6108450440137885
953.844828,,0.028500662182996607,953.257,0.45899999141693115,-2.602165625385367
954.310345,,0.017950155542716693,953.717,0.45500001311302185,-2.610849534436829
954.775862,,0.006115613510787434,954.182,0.45100000500679016,-2.6194688446823027
955.2413789999999,,0.0023719806899646593,954.646,0.46299999952316284,-2.5931680124245386
955.706897,,0.007238725702132806,955.116,0.4650000035762787,-2.588596274289682
956.172414,,0.01228474892584987,955.579,0.45500001311302185,-2.610117354031793
956.6379310000001,,0.008738365877144159,956.042,0.5379999876022339,-2.428980041632662
957.1034480000001,,0.005416489256349785,956.509,0.46399998664855957,-2.589854454838349
957.5689659999999,,0.025571910928164118,956.972,0.48100000619888306,-2.552447141387692
958.034483,,0.04486187313109063,957.437,0.45500001311302185,-2.6087098617484825
958.5,,0.05832634250435103,957.902,0.46799999475479126,-2.5800056514010272
958.965517,,0.06516713137299508,958.368,0.45899999141693115,-2.599244013030152
959.431034,,0.06786170607686265,958.835,0.453000009059906,-2.6119703351251915
959.896552,,0.06795348339193866,959.3,0.46799999475479126,-2.5789798284653376
960.362069,,0.06271830064291845,959.765,0.4339999854564667,-2.6527876220288014
960.827586,,0.047951644084164136,960.23,0.4690000116825104,-2.576321551672155
961.2931030000001,,0.024666688528291198,960.691,0.44699999690055847,-2.6240978328507696
961.758621,,0.000574165899841147,961.16,0.46000000834465027,-2.595685167236479
962.2241379999999,,0.016969915052150154,961.624,0.453000009059906,-2.610912062926925
962.689655,,0.027764656744342812,962.086,0.453000009059906,-2.6109555800994837
963.155172,,0.03676084091705091,962.554,0.453000009059906,-2.61106489905081
963.62069,,0.047132690961408694,963.017,0.4699999988079071,-2.574199151426326
964.0862070000001,,0.057213524130913365,963.483,0.42399999499320984,-2.674645016848671
964.551724,,0.06253737342038669,963.946,0.4560000002384186,-2.6052065511226883
965.017241,,0.05940685452126893,964.412,0.4790000021457672,-2.555416729734161
965.482759,,0.04845424368627421,964.879,0.453000009059906,-2.612410513341236
965.948276,,0.03602997700093251,965.345,0.46299999952316284,-2.5909922197355675
966.4137929999999,,0.029913395550875937,965.809,0.4350000023841858,-2.6523710069918094
966.87931,,0.03182694016012164,966.275,0.453000009059906,-2.6135291819791178
967.344828,,0.035170310476384706,966.735,0.4490000009536743,-2.622603250405049
967.810345,,0.03127013134639461,967.201,0.46000000834465027,-2.59897157868321
968.2758620000001,,0.017493381678480246,967.668,0.46299999952316284,-2.5927324463243586
968.741379,,0.0008823712373458695,968.131,0.45500001311302185,-2.6104123860393833
969.2068969999999,,0.015631371666620368,968.601,0.46700000762939453,-2.584465677772457
969.672414,,0.021815696872708172,969.064,0.4749999940395355,-2.567173424762187
970.137931,,0.02049197663870369,969.528,0.5410000085830688,-2.423453441771348
970.603448,,0.016789300450746288,969.99,0.44999998807907104,-2.621712573994744
971.068966,,0.015170589088083445,970.456,0.44699999690055847,-2.6281841173249387
971.534483,,0.016112199347865733,970.924,0.46000000834465027,-2.5997348125389106
972.0,,0.01783363693650187,971.389,0.4480000138282776,-2.6256933732170618
972.465517,,0.020779381507243972,971.853,0.4620000123977661,-2.594954694604251
972.9310340000001,,0.028489591347413676,972.319,0.45500001311302185,-2.609922748644317
973.3965519999999,,0.04346874025299223,972.783,0.46000000834465027,-2.5987110293565117
973.862069,,0.06373013010533451,973.249,0.4740000069141388,-2.5678652138521603
974.327586,,0.08439695925970653,973.714,0.45500001311302185,-2.608899137316709
974.793103,,0.10183672074780084,974.179,0.4699999988079071,-2.575854815333399
975.2586210000001,,0.11519190554850542,974.642,0.46399998664855957,-2.5885691835330493
975.724138,,0.12409621850789934,975.105,0.45100000500679016,-2.616552383638705
976.189655,,0.125757393374957,975.575,0.45899999141693115,-2.598813307231662
976.655172,,0.11465098137014554,976.038,0.46299999952316284,-2.5898274536051815
977.12069,,0.08555548155080704,976.505,0.4339999854564667,-2.652784249424114
977.586207,,0.038549724434737344,976.97,0.4620000123977661,-2.5916123501760575
978.0517239999999,,0.01775253308110897,977.435,0.4650000035762787,-2.5849655879516926
978.517241,,0.06926139038108697,977.895,0.4659999907016754,-2.5827374303972026
978.982759,,0.1048107325223178,978.361,0.44999998807907104,-2.617608999637407
979.448276,,0.12201250902258118,978.828,0.46399998664855957,-2.5871833757231024
979.913793,,0.1254264704223761,979.294,0.46299999952316284,-2.589496859869772
980.37931,,0.12109524567811934,979.761,0.4749999940395355,-2.5635423839389255
980.8448279999999,,0.1132619796121058,980.22,0.45500001311302185,-2.6073528458839235
981.310345,,0.10347769635725544,980.69,0.4429999887943268,-2.6337755501011464
981.775862,,0.09071697430519138,981.152,0.44699999690055847,-2.625373009830805
982.2413789999999,,0.0736826819962556,981.62,0.4490000009536743,-2.621351137135602
982.706897,,0.05460360788993225,982.082,0.46399998664855957,-2.5890191978405728
983.172414,,0.03941167548941637,982.546,0.46399998664855957,-2.5893677583884975
983.637931,,0.03199002966724615,983.016,0.4560000002384186,-2.6071352346825813
984.1034480000001,,0.02901880073537536,983.482,0.46299999952316284,-2.592202395361589
984.568966,,0.02328340623694637,983.945,0.4569999873638153,-2.6055615853232075
985.0344829999999,,0.012362498771135329,984.41,0.4790000021457672,-2.557878961351692
985.5,,0.0014105641162986838,984.875,0.4699999988079071,-2.5776868558601835
985.965517,,0.0034381083157527855,985.341,0.46299999952316284,-2.5930838770965665
986.431034,,0.0018288744772072968,985.805,0.46399998664855957,-2.590994333936794
986.896552,,0.0019466276025677477,986.271,0.4569999873638153,-2.606274361890648
987.362069,,0.004410157302180021,986.736,0.45100000500679016,-2.6193159260429386
987.827586,,0.004893513269016947,987.201,0.4519999921321869,-2.617048892763651
988.293103,,0.0032226759349771594,987.664,0.45899999141693115,-2.601654873586364
988.758621,,0.0018368169775777455,988.127,0.45899999141693115,-2.6014608492465263
989.2241379999999,,0.010749803493731159,988.594,0.4580000042915344,-2.6034011235677355
989.6896549999999,,0.020827072559926954,989.057,0.4749999940395355,-2.5660888404897504
990.155172,,0.027035958767571058,989.52,0.4410000145435333,-2.6398594928092294
990.62069,,0.025880210565894245,989.99,0.45500001311302185,-2.609037236843919
991.0862070000001,,0.018754750038885225,990.456,0.47200000286102295,-2.5716711659042906
991.551724,,0.011563677385707393,990.916,0.46399998664855957,-2.5887729977442393
992.017241,,0.010514994613859838,991.381,0.46299999952316284,-2.590636075564784
992.4827590000001,,0.017244665096418477,991.848,0.4659999907016754,-2.583806370442338
992.948276,,0.027498963911115358,992.314,0.4650000035762787,-2.585721965566081
993.4137929999999,,0.034821467278260916,992.779,0.46399998664855957,-2.58767643631615
993.8793099999999,,0.03594221348974797,993.245,0.45500001311302185,-2.6071058559824882
994.344828,,0.03297408373756594,993.713,0.4729999899864197,-2.567763072017374
994.810345,,0.030681463014318098,994.171,0.4050000011920929,-2.7158397523467355
995.275862,,0.031486387120163925,994.635,0.460999995470047,-2.5938227647253367
995.741379,,0.032871003789771064,995.105,0.47200000286102295,-2.5699027745549783
996.206897,,0.029722274087777622,995.568,0.44600000977516174,-2.6266478507831716
996.672414,,0.019395060202488122,996.031,0.4779999852180481,-2.5570830486373106
997.137931,,0.00476892650440374,996.496,0.4729999899864197,-2.5681742006184534
997.603448,,0.007351412516147406,996.967,0.4740000069141388,-2.5662325132374137
998.0689659999999,,0.011380045178261407,997.425,0.4699999988079071,-2.575215704992764
998.534483,,0.0075409128106242,997.89,0.46000000834465027,-2.5972941018404274
999.0,,0.0013867503522290159,998.355,0.46000000834465027,-2.5976006147372566
999.465517,,0.0016291667880177472,998.82,0.453000009059906,-2.6131629692357636
999.9310340000001,,0.0005383287828062636,999.286,0.4620000123977661,-2.593862598817918
1000.396552,,0.0023188365526701452,999.753,0.45899999141693115,-2.600692048607074
1000.862069,,0.005140795889075352,1000.219,0.45100000500679016,-2.6183916807708583
1001.3275859999999,,0.007722369439164747,1000.68,0.4880000054836273,-2.5380205022576177
1001.793103,,0.009403240842214968,1001.149,0.4690000116825104,-2.57961390291226
1002.258621,,0.008047073184262052,1001.613,0.46299999952316284,-2.5928393105042264
1002.724138,,0.001976850466047412,1002.075,0.460999995470047,-2.5973006459926964
1003.1896549999999,,0.007902265667425612,1002.543,0.45500001311302185,-2.610424462792917
1003.655172,,0.018616916566574805,1003.005,0.45500001311302185,-2.6104233387735802
1004.12069,,0.027305420947004916,1003.471,0.45899999141693115,-2.6016549880916133
1004.5862070000001,,0.032907602780581954,1003.936,0.3709999918937683,-2.793273124959504
1005.051724,,0.03681480423306599,1004.402,0.46399998664855957,-2.5905114916379737
1005.5172409999999,,0.04171258968051769,1004.869,0.453000009059906,-2.61428813071809
1005.9827589999999,,0.04787578107564537,1005.335,0.45100000500679016,-2.6184204179856905
1006.448276,,0.05013093907327559,1005.801,0.4580000042915344,-2.6029154432146773
1006.913793,,0.04062260219226749,1006.26,0.46000000834465027,-2.5982819077956187
1007.3793099999999,,0.01643037811120947,1006.725,0.46700000762939453,-2.5827415238382443
1007.8448280000001,,0.0158582044450424,1007.19,0.4699999988079071,-2.575910708064233
1008.310345,,0.044030556662148106,1007.661,0.4560000002384186,-2.6061209484647434
1008.7758620000001,,0.05883736105689428,1008.123,0.46299999952316284,-2.5905928748271108
1009.241379,,0.059401758153150845,1008.591,0.4560000002384186,-2.605587845412888
1009.706897,,0.052212666438074054,1009.053,0.4519999921321869,-2.6140768680210105
1010.1724139999999,,0.045893426781443154,1009.52,0.4790000021457672,-2.555064352798029
1010.637931,,0.044964950575747044,1009.983,0.4519999921321869,-2.6137408689218624
1011.1034480000001,,0.046483301173374444,1010.449,0.46399998664855957,-2.587496704351288
1011.568966,,0.043617427845775915,1010.916,0.45100000500679016,-2.615768667562906
1012.0344830000001,,0.03388754082111286,1011.382,0.4959999918937683,-2.5177298678474864
1012.5,,0.022460769003246013,1011.846,0.4490000009536743,-2.6201769142320703
1012.9655170000001,,0.015817896267507056,1012.312,0.45100000500679016,-2.6159195854276796
1013.431034,,0.013867690421711598,1012.772,0.45100000500679016,-2.61606666177936
1013.896552,,0.010751363720738665,1013.238,0.45399999618530273,-2.6097202165371276
1014.3620689999999,,0.0029201843352374725,1013.702,0.4490000009536743,-2.620839407894414
1014.827586,,0.006297860281271656,1014.171,0.4399999976158142,-2.6407029358793284
1015.2931030000001,,0.011636395332683635,1014.631,0.45399999618530273,-2.610479437144786
1015.7586210000001,,0.013769688536892486,1015.101,0.45100000500679016,-2.6173058919345222
1016.2241380000002,,0.019266929676746206,1015.565,0.5249999761581421,-2.456378770910265
1016.689655,,0.03195165476540793,1016.027,0.45500001311302185,-2.6091688282702594
1017.1551720000001,,0.04668226745886546,1016.493,0.45399999618530273,-2.611616524043943
1017.62069,,0.0540125307566315,1016.956,0.45899999141693115,-2.600969637432932
1018.0862070000001,,0.050752891784305684,1017.421,0.4569999873638153,-2.605542984027955
1018.5517239999999,,0.04393884056054577,1017.887,0.4519999921321869,-2.61661545101534
1019.017241,,0.042875437629770426,1018.352,0.46299999952316284,-2.5927873035752893
1019.482759,,0.04806990514443141,1018.816,0.492000013589859,-2.5296962499812707
1019.9482760000001,,0.050427545244276596,1019.282,0.4690000116825104,-2.5798442831123034
1020.4137929999999,,0.0417991955005819,1019.747,0.45899999141693115,-2.6016186771771572
1020.87931,,0.023771794091308297,1020.213,0.460999995470047,-2.5971993262443607
1021.3448279999999,,0.0047529189237112525,1020.675,0.460999995470047,-2.597089603477608
1021.810345,,0.009276016252206016,1021.145,0.45399999618530273,-2.612186406840227
1022.2758620000001,,0.018865364580076836,1021.606,0.45500001311302185,-2.6098151127504234
1022.7413789999999,,0.02741952687088584,1022.076,0.45899999141693115,-2.6008751782731463
1023.2068969999999,,0.03652924448355469,1022.539,0.4620000123977661,-2.5940878463819312
1023.672414,,0.04560187015201171,1023.001,0.453000009059906,-2.6134262006564657
1024.137931,,0.0534722341422452,1023.467,0.4790000021457672,-2.556501817606539
1024.6034479999998,,0.05813859160953794,1023.93,0.44999998807907104,-2.6194014973423942
1025.068966,,0.05655517266449352,1024.396,0.49000000953674316,-2.531981145619856
1025.534483,,0.04784696050395562,1024.861,0.3799999952316284,-2.771374628457982
1026.0,,0.03641219581433931,1025.326,0.46799999475479126,-2.5794214944119362
1026.465517,,0.02877783481341865,1025.794,0.4729999899864197,-2.5683278741654276
1026.931034,,0.02682890834675381,1026.259,0.44999998807907104,-2.618272599492541
1027.396552,,0.026771833501697803,1026.724,0.4410000145435333,-2.637758116363288
1027.862069,,0.02543961548485749,1027.19,0.46000000834465027,-2.596287400560071
1028.327586,,0.02425917639369918,1027.65,0.46000000834465027,-2.5962584214914317
1028.793103,,0.024810617126382734,1028.12,0.503000020980835,-2.50259437319606
1029.2586210000002,,0.023569124961114428,1028.583,0.46399998664855957,-2.5876248771454993
1029.724138,,0.01526071450691756,1029.045,0.4690000116825104,-2.576838351851239
1030.1896550000001,,0.0010166421197652419,1029.513,0.46799999475479126,-2.5791646511713098
1030.655172,,0.010224908556363195,1029.975,0.45100000500679016,-2.6163857798673793
1031.12069,,0.009956111774851804,1030.441,0.4560000002384186,-2.605708037214826
1031.5862069999998,,0.0009095433737758814,1030.909,0.45899999141693115,-2.599412432511248
1032.051724,,0.011946269220456503,1031.375,0.453000009059906,-2.612741984216396
1032.517241,,0.012711808105425723,1031.839,0.4819999933242798,-2.5498280047595343
1032.982759,,0.0026159026305406694,1032.305,0.4519999921321869,-2.6154548806209097
1033.448276,,0.009419920961066489,1032.765,0.4519999921321869,-2.6157153331258973
1033.913793,,0.014978112225271734,1033.23,0.45899999141693115,-2.6007108576978104
1034.37931,,0.013821469079097724,1033.698,0.44999998807907104,-2.620542872496389
1034.844828,,0.011422140686396581,1034.161,0.45100000500679016,-2.6185598828118684
1035.310345,,0.011990890759308365,1034.631,0.49000000953674316,-2.5337532992587897
1035.775862,,0.015669889373495182,1035.094,0.4490000009536743,-2.623198218741014
1036.241379,,0.020238347050870086,1035.557,0.4560000002384186,-2.608024623971059
1036.706897,,0.023096244424384987,1036.027,0.47699999809265137,-2.562304509526843
1037.1724140000001,,0.022487257168458695,1036.485,0.45100000500679016,-2.6189342006716894
1037.637931,,0.019042389027765682,1036.956,0.4580000042915344,-2.603622847901697
1038.103448,,0.016221197943807768,1037.422,0.47200000286102295,-2.5730172667678666
1038.5689659999998,,0.017468424178607132,1037.88,0.46399998664855957,-2.5903011198095878
1039.034483,,0.02243621212310011,1038.345,0.45100000500679016,-2.618442095465378
1039.5,,0.02727314407340764,1038.813,0.4620000123977661,-2.594265533647322
1039.9655169999999,,0.028766041307639878,1039.279,0.44600000977516174,-2.628889198728629
1040.431034,,0.02676218748267775,1039.746,0.4519999921321869,-2.6155667693006546
1040.896552,,0.022652870967916756,1040.211,0.4490000009536743,-2.621844050554565
1041.362069,,0.017534197899479978,1040.672,0.46000000834465027,-2.5976198018784187
1041.8275859999999,,0.01241334662498704,1041.142,0.44999998807907104,-2.619154444996519
1042.293103,,0.008403848540528572,1041.602,0.453000009059906,-2.6123814248266295
1042.758621,,0.005575799910798573,1042.065,0.4620000123977661,-2.592558393372732
1043.224138,,0.002706409556921251,1042.535,0.45100000500679016,-2.6163364117075836
1043.6896550000001,,0.0006959377934868368,1042.997,0.47999998927116394,-2.5530017372335063
1044.155172,,0.002905664893821709,1043.463,0.4569999873638153,-2.6029941082006065
1044.62069,,0.0017617159830186236,1043.927,0.4580000042915344,-2.6007398591455164
1045.086207,,0.0024421154377823424,1044.392,0.4659999907016754,-2.5832785348816265
1045.5517240000001,,0.006826105115895202,1044.857,0.4659999907016754,-2.583290311487648
1046.017241,,0.00844464185859725,1045.323,0.45100000500679016,-2.6160254032718187
1046.482759,,0.006489154562089633,1045.79,0.45899999141693115,-2.598693881247478
1046.9482759999999,,0.002521661159118976,1046.256,0.4869999885559082,-2.537828038244206
1047.413793,,0.0011680148487564672,1046.72,0.4519999921321869,-2.614251056600659
1047.8793099999998,,0.0036200599301656937,1047.186,0.46299999952316284,-2.590485597736623
1048.344828,,0.004964637368222074,1047.646,0.45899999141693115,-2.599423606988822
1048.8103449999999,,0.0038951630082489576,1048.116,0.453000009059906,-2.612735892937072
1049.275862,,0.0023929309710133254,1048.579,0.46299999952316284,-2.5911997770396145
1049.741379,,0.013658611168129468,1049.042,0.46799999475479126,-2.5805589575724457
1050.206897,,0.023727140116890623,1049.508,0.46399998664855957,-2.5895201932416105
1050.6724140000001,,0.025632520005877787,1049.971,0.47200000286102295,-2.5723243374279154
1051.137931,,0.02010425126682529,1050.437,0.45399999618530273,-2.6117533400295154
1051.603448,,0.015957138896688684,1050.902,0.44600000977516174,-2.6293700918962615
1052.068966,,0.01995564360392953,1051.367,0.46700000762939453,-2.58377503193078
1052.5344830000001,,0.028130147699903008,1051.835,0.4690000116825104,-2.5795379742715627
1053.0,,0.030161662143474707,1052.301,0.4620000123977661,-2.5948685751760188
1053.465517,,0.021569235423733568,1052.765,0.4790000021457672,-2.557869014696294
1053.9310340000002,,0.007695320051584521,1053.23,0.4620000123977661,-2.5948996657124774
1054.3965520000002,,0.005038360581968193,1053.691,0.5540000200271606,-2.3944126414476363
1054.8620689999998,,0.01746713663518032,1054.16,0.45100000500679016,-2.618717865745005
1055.3275859999999,,0.03408242075930716,1054.624,0.3630000054836273,-2.8103058064527957
1055.793103,,0.05358214775466692,1055.086,0.4569999873638153,-2.6053497763569005
1056.258621,,0.06744777459732255,1055.55,0.4560000002384186,-2.607338615598359
1056.724138,,0.06865260816524095,1056.02,0.46299999952316284,-2.5918753646681454
1057.189655,,0.059125885601147614,1056.485,0.46399998664855957,-2.589467159413041
1057.655172,,0.047149169930320575,1056.948,0.47600001096725464,-2.5630832539569455
1058.12069,,0.038975436921606516,1057.413,0.4410000145435333,-2.639092710155118
1058.586207,,0.034652126233391325,1057.88,0.45100000500679016,-2.617067852592476
1059.051724,,0.030848541775296584,1058.346,0.45100000500679016,-2.6168416126262954
1059.517241,,0.025120719278270476,1058.806,0.45399999618530273,-2.6100979359889096
1059.982759,,0.016925796279560666,1059.271,0.46399998664855957,-2.588127916956051
1060.448276,,0.006952884737634618,1059.735,0.46399998664855957,-2.587973413112934
1060.9137930000002,,0.00224765477571348,1060.201,0.45500001311302185,-2.607460131672532
1061.37931,,0.006166772706356651,1060.671,0.46399998664855957,-2.587768312304536
1061.844828,,0.002192686759678539,1061.134,0.44699999690055847,-2.6247608134179545
1062.310345,,0.005799577172165251,1061.602,0.45100000500679016,-2.6160427714938734
1062.775862,,0.009727466759716868,1062.064,0.4690000116825104,-2.5768645185750203
1063.2413789999998,,0.005897863601621756,1062.525,0.4620000123977661,-2.592191524742568
1063.706897,,0.0008903256771988093,1062.994,0.460999995470047,-2.594483265583559
1064.172414,,0.003944497661411112,1063.46,0.4560000002384186,-2.60552299512626
1064.637931,,0.0038490581646070435,1063.923,0.46399998664855957,-2.5882694467500045
1065.1034479999998,,0.00837013008676294,1064.389,0.45500001311302185,-2.6080767279428607
1065.568966,,0.02325670940825275,1064.854,0.46000000834465027,-2.5974010796296505
1066.034483,,0.045763635606681466,1065.32,0.4620000123977661,-2.593273005437077
1066.5,,0.06889494969575102,1065.787,0.4620000123977661,-2.5935070076804774
1066.965517,,0.08973088003675984,1066.245,0.48100000619888306,-2.552344244276228
1067.431034,,0.10954196368366395,1066.71,0.46399998664855957,-2.589603335597659
1067.8965520000002,,0.12553967600539054,1067.175,0.45899999141693115,-2.6007030243718114
1068.362069,,0.12702054111565494,1067.646,0.46700000762939453,-2.583459145759364
1068.827586,,0.10322939516520553,1068.109,0.5040000081062317,-2.5030072109017847
1069.293103,,0.05440740887341547,1068.572,0.4410000145435333,-2.6403881402316967
1069.7586210000002,,0.006664452803411298,1069.042,0.4779999852180481,-2.5598696970841632
1070.224138,,0.06365026754670264,1069.5,0.45100000500679016,-2.6187480339527585
1070.6896550000001,,0.1061464862943416,1069.972,0.4779999852180481,-2.55994117034875
1071.155172,,0.1318743666767729,1070.43,0.43799999356269836,-2.6470654843304953
1071.62069,,0.14319511677921387,1070.897,0.4620000123977661,-2.594719319398121
1072.0862069999998,,0.1431249871923998,1071.363,0.46399998664855957,-2.590268284369665
1072.551724,,0.1331437833976886,1071.827,0.45100000500679016,-2.6184641824726853
1073.017241,,0.1136523307352735,1072.293,0.46000000834465027,-2.5987011335022943
1073.482759,,0.0872220613940799,1072.757,0.5329999923706055,-2.4394789432913035
1073.948276,,0.060807210830043146,1073.223,0.46399998664855957,-2.589602949344782
1074.413793,,0.042213876403576704,1073.69,0.4779999852180481,-2.558883988775519
1074.87931,,0.03320613791210643,1074.153,0.46299999952316284,-2.5913382041945607
1075.344828,,0.027273614543344128,1074.616,0.4880000054836273,-2.536645297047245
1075.810345,,0.01556601233060717,1075.086,0.46299999952316284,-2.5908901563140954
1076.275862,,0.004537243954107845,1075.55,0.45899999141693115,-2.59939568162232
1076.741379,,0.02674389958036679,1076.012,0.44600000977516174,-2.6275282394493744
1077.206897,,0.04161416207551386,1076.478,0.46399998664855957,-2.588147714636155
1077.6724140000001,,0.04507141957989053,1076.941,0.4569999873638153,-2.6032627236845816
1078.1379310000002,,0.04202586141265351,1077.406,0.46399998664855957,-2.5879095986536624
1078.603448,,0.04232770600231977,1077.872,0.46000000834465027,-2.596557274472888
1079.0689659999998,,0.05216239236175874,1078.338,0.4429999887943268,-2.6335652728388417
1079.534483,,0.06800140110567919,1078.801,0.46700000762939453,-2.5812872436356296
1080.0,,0.07960052987217327,1079.267,0.44999998807907104,-2.6183717973258127
1080.4655169999999,,0.07998369925376886,1079.732,0.4519999921321869,-2.6140983456848925
1080.931034,,0.07152094143804086,1080.198,0.46000000834465027,-2.596786731349974
1081.396552,,0.061379347648018584,1080.661,0.45899999141693115,-2.59911277343661
1081.862069,,0.0527978190925963,1081.13,0.4729999899864197,-2.56878386032633
1082.3275859999999,,0.04288997230917787,1081.592,0.4620000123977661,-2.5929404073575752
1082.793103,,0.028338133236889333,1082.055,0.4690000116825104,-2.5778948714443835
1083.258621,,0.010822958213297174,1082.524,0.49799999594688416,-2.5149259565360036
1083.724138,,0.004373104957968506,1082.986,0.4880000054836273,-2.536923946887896
1084.1896550000001,,0.013963960977547362,1083.452,0.47600001096725464,-2.563272857230915
1084.655172,,0.019082583964423267,1083.916,0.4650000035762787,-2.5874318080058476
1085.1206900000002,,0.0222342385651591,1084.382,0.4620000123977661,-2.5941454947658107
1085.586207,,0.02361673098072288,1084.846,0.453000009059906,-2.613910676451431
1086.0517240000001,,0.021416333486964135,1085.312,0.45899999141693115,-2.6009717377174892
1086.517241,,0.014891521289456873,1085.777,0.45100000500679016,-2.618505942293764
1086.982759,,0.006057623743973623,1086.243,0.42399999499320984,-2.677404582253638
1087.4482759999999,,0.0015114133225602397,1086.709,0.4650000035762787,-2.5881235331704326
1087.913793,,0.004733260368074602,1087.175,0.46000000834465027,-2.5990268318174707
1088.37931,,0.0024083632252223596,1087.635,0.43799999356269836,-2.64693335426004
1088.844828,,0.003495952027980583,1088.105,0.45100000500679016,-2.6185546902378922
1089.3103449999999,,0.007543900693129673,1088.568,0.46399998664855957,-2.5901450216338233
1089.775862,,0.004204510332896068,1089.031,0.45500001311302185,-2.6096364089179573
1090.241379,,0.006451411095765563,1089.497,0.45399999618530273,-2.611672986992666
1090.706897,,0.017232839504565042,1089.967,0.45899999141693115,-2.6006160619034255
1091.1724140000001,,0.019729906283388273,1090.425,0.45100000500679016,-2.617864543114338
1091.637931,,0.01230032280531376,1090.89,0.46399998664855957,-2.589349497100326
1092.103448,,0.002036818541731005,1091.355,0.4519999921321869,-2.6152939473428294
1092.568966,,0.001687457711175459,1091.821,0.45899999141693115,-2.599843040662236
1093.0344830000001,,0.003631697722401592,1092.286,0.4880000054836273,-2.53646580160233
1093.5,,0.011073880244499911,1092.753,0.4779999852180481,-2.5580644147847575
1093.965517,,0.0117419110324979,1093.219,0.47200000286102295,-2.570962063279753
1094.4310340000002,,0.004164538433473526,1093.683,0.46399998664855957,-2.5882363403719264
1094.896552,,0.005318594886640119,1094.145,0.46000000834465027,-2.596820154019626
1095.362069,,0.010697905670368263,1094.613,0.41499999165534973,-2.6947578327762076
1095.8275859999999,,0.011849967033448539,1095.076,0.4429999887943268,-2.6336874437480957
1096.293103,,0.011749567814929062,1095.546,0.4650000035762787,-2.585723609183619
1096.758621,,0.011712689987551459,1096.008,0.44699999690055847,-2.6249404121075037
1097.224138,,0.011544632552499318,1096.474,0.4259999990463257,-2.6707283584020134
1097.689655,,0.012199706166900257,1096.938,0.45500001311302185,-2.6076185240638146
1098.155172,,0.015534504823003264,1097.404,0.3869999945163727,-2.755870906631504
1098.62069,,0.021523795698918404,1097.872,0.45899999141693115,-2.5991430665040838
1099.086207,,0.026931511806140857,1098.33,0.47200000286102295,-2.5709804776500005
1099.551724,,0.027190442162432722,1098.802,0.3610000014305115,-2.81299085025842
1100.017241,,0.02025517528122975,1099.26,0.453000009059906,-2.6127526280915228
1100.482759,,0.009357479730742272,1099.727,0.46299999952316284,-2.5911733950905638
1100.948276,,0.001243578805512156,1100.193,0.4650000035762787,-2.5870246616731194
1101.4137930000002,,0.00029661794554031184,1100.657,0.46000000834465027,-2.5981214087502957
1101.87931,,0.004296388333898182,1101.127,0.45500001311302185,-2.609207325196034
1102.344828,,0.006728545148581013,1101.587,0.46399998664855957,-2.589775873110243
1102.8103449999999,,0.0034415561203854734,1102.05,0.4410000145435333,-2.640039827693516
1103.275862,,0.003421429977064837,1102.52,0.4880000054836273,-2.5377725630658903
1103.7413789999998,,0.00857954754825473,1102.983,0.460999995470047,-2.596695064327147
1104.206897,,0.010633637131123232,1103.448,0.45100000500679016,-2.6185478763004513
1104.672414,,0.0145742609129956,1103.913,0.453000009059906,-2.61422350109092
1105.137931,,0.025296406682529467,1104.379,0.46299999952316284,-2.5924358369757274
1105.603448,,0.03868692427283562,1104.845,0.46399998664855957,-2.5902218367687495
1106.068966,,0.04252771817599301,1105.311,0.460999995470047,-2.596689412401212
1106.534483,,0.029336772662740082,1105.776,0.46799999475479126,-2.581339858229122
1107.0,,0.006470309162905558,1106.235,0.45100000500679016,-2.6182505632192625
1107.465517,,0.010643955394108177,1106.709,0.4429999887943268,-2.635530866191719
1107.931034,,0.014472484803931592,1107.167,0.45100000500679016,-2.6179352034928334
1108.3965520000002,,0.010487522897406008,1107.635,0.4560000002384186,-2.606862868327353
1108.862069,,0.007492341991463222,1108.098,0.4650000035762787,-2.5870681332165595
1109.327586,,0.008131850073086757,1108.561,0.4650000035762787,-2.586878587827311
1109.793103,,0.00971029881818662,1109.03,0.47200000286102295,-2.5714411249985694
1110.258621,,0.009945801561262046,1109.496,0.47200000286102295,-2.5712620400556387
1110.7241379999998,,0.00924012157789413,1109.96,0.44699999690055847,-2.625562581482125
1111.189655,,0.008849930558827285,1110.426,0.46399998664855957,-2.5883786443812986
1111.655172,,0.009069331327119054,1110.89,0.46399998664855957,-2.588254512064209
1112.12069,,0.009399318051672602,1111.356,0.3930000066757202,-2.742841694172916
1112.586207,,0.009492938278349645,1111.821,0.44699999690055847,-2.6251292848862504
1113.051724,,0.009453646711683802,1112.28,0.46399998664855957,-2.5880589473444857
1113.517241,,0.00950757992891627,1112.747,0.46299999952316284,-2.5902352194066642
1113.982759,,0.009714738587570243,1113.212,0.46700000762939453,-2.5815485087102163
1114.448276,,0.009969954341762628,1113.676,0.4580000042915344,-2.6012133202507295
1114.913793,,0.010140925883984396,1114.146,0.45899999141693115,-2.599118907123235
1115.37931,,0.010214437968182563,1114.609,0.47600001096725464,-2.562190281321307
1115.844828,,0.010366000781856516,1115.071,0.46399998664855957,-2.588462923953657
1116.310345,,0.010788055004639422,1115.539,0.46299999952316284,-2.5907868459073025
1116.775862,,0.011322942566987165,1116.001,0.4699999988079071,-2.575693838212419
1117.241379,,0.011454277918790036,1116.467,0.460999995470047,-2.595466705538556
1117.706897,,0.011072021113628849,1116.931,0.47200000286102295,-2.5716692301242374
1118.1724140000001,,0.011146450865048672,1117.396,0.44699999690055847,-2.626301231758252
1118.637931,,0.012702731981514868,1117.86,0.4490000009536743,-2.6221037596999337
1119.1034479999998,,0.014523878046576514,1118.326,0.4790000021457672,-2.556893552479377
1119.568966,,0.013027836026476544,1118.794,0.45100000500679016,-2.6180296775368994
1120.034483,,0.006150948701677864,1119.26,0.45899999141693115,-2.6007158587364083
1120.5,,0.0031619988402900967,1119.72,0.4580000042915344,-2.6029884136629935
1120.9655169999999,,0.009426557570118958,1120.186,0.4830000102519989,-2.5485917061425125
1121.431034,,0.010532510841504514,1120.65,0.453000009059906,-2.6139942969879923
1121.896552,,0.009206167820701093,1121.119,0.45399999618530273,-2.611832114558553
1122.362069,,0.008630993732269701,1121.58,0.4620000123977661,-2.5943929109845825
1122.827586,,0.009032102873971612,1122.049,0.47200000286102295,-2.5725701709020963
1123.293103,,0.009452057107942322,1122.513,0.4429999887943268,-2.6356898457580304
1123.758621,,0.010571506931074611,1122.975,0.4560000002384186,-2.6072839821683784
1124.224138,,0.01332070002988663,1123.441,0.48500001430511475,-2.5439996527913062
1124.6896550000001,,0.01551295400578782,1123.905,0.4569999873638153,-2.6048806993285925
1125.155172,,0.01295274807538812,1124.371,0.44699999690055847,-2.6265325836075983
1125.6206900000002,,0.005167772863850994,1124.838,0.45100000500679016,-2.6176747677985777
1126.086207,,0.0020429795105519465,1125.304,0.45899999141693115,-2.6000978009871223
1126.551724,,0.0021957788487895445,1125.769,0.4650000035762787,-2.5868771657190437
1127.0172409999998,,0.004218438502555804,1126.234,0.5249999761581421,-2.4560112944918986
1127.482759,,0.00989118085040913,1126.695,0.4480000138282776,-2.623625130419513
1127.9482759999999,,0.008691495121942469,1127.164,0.46399998664855957,-2.588635051929319
1128.413793,,0.0014112404793818472,1127.627,0.4580000042915344,-2.6015900859540984
1128.87931,,0.006652910358014167,1128.09,0.4490000009536743,-2.621099314962567
1129.344828,,0.011108644359749434,1128.561,0.4790000021457672,-2.555661922703677
1129.810345,,0.010503918102799568,1129.023,0.4860000014305115,-2.5403550907150905
1130.275862,,0.00576796386446487,1129.489,0.45100000500679016,-2.616574363455237
1130.741379,,0.00017557789974580445,1129.952,0.46299999952316284,-2.590421701108347
1131.206897,,0.0034565346019247885,1130.418,0.46799999475479126,-2.579544314189553
1131.6724140000001,,0.0019989659123923506,1130.886,0.46000000834465027,-2.5970131562340977
1132.137931,,0.0022982059211883823,1131.352,0.4749999940395355,-2.564395575344702
1132.603448,,0.004825756812842102,1131.817,0.45100000500679016,-2.616765824365922
1133.068966,,0.0026396459944849605,1132.275,0.44200000166893005,-2.6364752336037927
1133.5344830000001,,0.0022557387201644864,1132.742,0.45100000500679016,-2.61698541221616
1134.0,,0.005027013282990134,1133.208,0.4699999988079071,-2.5757215736810206
1134.465517,,0.003788019104314404,1133.672,0.4560000002384186,-2.6063611428855338
1134.931034,,0.0016028995611740353,1134.135,0.46399998664855957,-2.5890744444556812
1135.396552,,0.0017245066215706973,1134.605,0.45100000500679016,-2.6175393834382157
1135.862069,,0.002905487041684424,1135.068,0.46399998664855957,-2.589355599622566
1136.3275859999999,,0.0016619297400968097,1135.531,0.4560000002384186,-2.6069154123908183
1136.793103,,0.002071515514758076,1136.001,0.453000009059906,-2.6135704358964715
1137.258621,,0.004403883917674965,1136.46,0.4569999873638153,-2.6049602680086434
1137.724138,,0.002779489149789723,1136.927,0.45500001311302185,-2.609404209839916
1138.189655,,0.000596953344464977,1137.393,0.49000000953674316,-2.533217462568689
1138.655172,,0.0017797428508896647,1137.857,0.42100000381469727,-2.6835877538868864
1139.12069,,7.093699064200285e-05,1138.323,0.46700000762939453,-2.5833908314282077
1139.586207,,0.0012906623583808297,1138.791,0.4560000002384186,-2.607353708432208
1140.0517240000001,,0.0012632264050699143,1139.257,0.4560000002384186,-2.607327924387473
1140.517241,,0.008316631923870645,1139.717,0.46399998664855957,-2.5898503756904407
1140.982759,,0.017560312887173912,1140.182,0.45100000500679016,-2.618103222521112
1141.448276,,0.02640214903216249,1140.646,0.4569999873638153,-2.6049429526867423
1141.9137930000002,,0.03390178183554338,1141.116,0.46799999475479126,-2.580872943663399
1142.37931,,0.04022902649706216,1141.579,0.47699999809265137,-2.5611461780254885
1142.844828,,0.045119826286772136,1142.042,0.46299999952316284,-2.5915174796300837
1143.3103449999999,,0.04754951946920549,1142.509,0.4569999873638153,-2.604453013728699
1143.775862,,0.04675733001249539,1142.971,0.46299999952316284,-2.5912424601936577
1144.2413789999998,,0.04330296322261529,1143.437,0.4519999921321869,-2.6150708697481653
1144.706897,,0.03889074832577609,1143.901,0.46299999952316284,-2.5909748994605413
1145.172414,,0.034814977958152825,1144.367,0.46299999952316284,-2.590853581429828
1145.637931,,0.031036870924248942,1144.831,0.4429999887943268,-2.634318407861296
1146.103448,,0.027669629379543755,1145.297,0.4620000123977661,-2.592832441937162
1146.568966,,0.026370959678370918,1145.761,0.45500001311302185,-2.608010368693706
1147.0344830000001,,0.028074377317965398,1146.227,0.4490000009536743,-2.621030652160633
1147.5,,0.029588155724363137,1146.69,0.4560000002384186,-2.6057510452250083
1147.965517,,0.024905818215527547,1147.16,0.460999995470047,-2.5948517779748173
1148.431034,,0.010572897118254317,1147.621,0.4569999873638153,-2.603583177685303
1148.8965520000002,,0.011722705935287556,1148.091,0.4819999933242798,-2.54915549716711
1149.362069,,0.03775960639961825,1148.554,0.3659999966621399,-2.801939213211964
1149.827586,,0.0634951244331254,1149.016,0.4790000021457672,-2.555833967597066
1150.2931030000002,,0.08438564726839208,1149.482,0.3059999942779541,-2.932842747047713
1150.758621,,0.09489878670239159,1149.945,0.4519999921321869,-2.6148810766446737
1151.2241379999998,,0.09181736950986737,1150.41,0.45100000500679016,-2.617193331102321
1151.689655,,0.07801346876614346,1150.875,0.48399999737739563,-2.545436406181021
1152.155172,,0.061211902333308935,1151.341,0.46299999952316284,-2.5913261032772987
1152.62069,,0.048230837098284185,1151.805,0.4650000035762787,-2.587102250870293
1153.086207,,0.04046658971510847,1152.271,0.46700000762939453,-2.5828699822123786
1153.551724,,0.03471267276688018,1152.736,0.44999998807907104,-2.620020158789853
1154.017241,,0.027782638473322827,1153.201,0.46700000762939453,-2.5830812344858014
1154.482759,,0.01993481108904561,1153.672,0.4650000035762787,-2.5875187247647577
1154.948276,,0.0139838059647738,1154.134,0.45500001311302185,-2.609365221865308
1155.413793,,0.01188874670707532,1154.602,0.453000009059906,-2.613761395830788
1155.87931,,0.012673478189075573,1155.064,0.45500001311302185,-2.609421256527687
1156.344828,,0.01322104855290194,1155.528,0.46700000762939453,-2.5832726041907086
1156.810345,,0.010939828842660303,1155.99,0.45899999141693115,-2.600675187762035
1157.2758620000002,,0.006310847533170899,1156.455,0.45899999141693115,-2.6006281238663105
1157.741379,,0.0028205995976253676,1156.927,0.4339999854564667,-2.6550293968560514
1158.2068969999998,,0.003520866122390207,1157.385,0.4099999964237213,-2.707237859042507
1158.672414,,0.0075071071946214134,1157.85,0.44699999690055847,-2.626538025753345
1159.137931,,0.01028788347592132,1158.316,0.4659999907016754,-2.585044832030138
1159.6034479999998,,0.007591333820760534,1158.783,0.4560000002384186,-2.6067252831672314
1160.068966,,0.0011495815129327442,1159.248,0.4659999907016754,-2.5848287590336207
1160.534483,,0.012284485927412115,1159.713,0.460999995470047,-2.595611170354702
1161.0,,0.020704680893362176,1160.179,0.49000000953674316,-2.532321500702845
1161.4655169999999,,0.024067195328674844,1160.642,0.42100000381469727,-2.6825450430948465
1161.931034,,0.02457750245444981,1161.105,0.45399999618530273,-2.610556351907694
1162.396552,,0.025790195709444217,1161.572,0.46399998664855957,-2.588689092176167
1162.862069,,0.02792415595292349,1162.035,0.47600001096725464,-2.562477934847189
1163.327586,,0.02804554390852523,1162.501,0.4729999899864197,-2.5689612697762385
1163.793103,,0.025118434139664685,1162.971,0.460999995470047,-2.595068473103338
1164.2586210000002,,0.022540106254565578,1163.437,0.4650000035762787,-2.586334630473867
1164.724138,,0.02392304356823904,1163.902,0.45100000500679016,-2.616834484327048
1165.1896550000001,,0.027674143761237106,1164.36,0.4519999921321869,-2.614672822788859
1165.655172,,0.027914213394879997,1164.828,0.45100000500679016,-2.6168860496861623
1166.12069,,0.020667826386748595,1165.294,0.45399999618530273,-2.61040100903892
1166.5862069999998,,0.007829795395774077,1165.761,0.46399998664855957,-2.588679613908438
1167.051724,,0.004791154477038056,1166.226,0.45500001311302185,-2.608364182883708
1167.517241,,0.012260341344359996,1166.69,0.45399999618530273,-2.610628990944995
1167.982759,,0.01364323817432556,1167.153,0.47600001096725464,-2.5627911517383875
1168.4482759999999,,0.011760536531934098,1167.62,0.43700000643730164,-2.647854317904255
1168.913793,,0.010584347987910126,1168.082,0.4690000116825104,-2.578234210048924
1169.37931,,0.012321376552557549,1168.55,0.5009999871253967,-2.5086110035228675
1169.844828,,0.015718134905396707,1169.012,0.4650000035762787,-2.587128804267018
1170.310345,,0.016594336647208604,1169.478,0.45100000500679016,-2.6177078654106047
1170.775862,,0.011228106496429401,1169.941,0.46799999475479126,-2.580739100378459
1171.241379,,0.0007652751417142304,1170.407,0.4729999899864197,-2.569902144819868
1171.706897,,0.008008464129794385,1170.872,0.460999995470047,-2.5960885843870107
1172.1724140000001,,0.00791519903496658,1171.337,0.47200000286102295,-2.572151702187838
1172.637931,,0.0016112040764536372,1171.801,0.4569999873638153,-2.604845005943449
1173.103448,,0.01306291855731744,1172.267,0.45500001311302185,-2.609201432911092
1173.568966,,0.01717331394397651,1172.732,0.45399999618530273,-2.6113657561281443
1174.034483,,0.011024098027774055,1173.198,0.45500001311302185,-2.60916001448294
1174.5,,0.00016761745735794915,1173.661,0.45399999618530273,-2.611300084862001
1174.9655169999999,,0.008809301259615727,1174.13,0.4620000123977661,-2.593821971093086
1175.431034,,0.011629399932169734,1174.591,0.503000020980835,-2.504438804872273
1175.896552,,0.010883413709271176,1175.06,0.4440000057220459,-2.6329123151222413
1176.362069,,0.010277035772071348,1175.524,0.4749999940395355,-2.5653020944646094
1176.8275859999999,,0.010863052415770185,1175.986,0.4620000123977661,-2.593549524870642
1177.293103,,0.01118000524519535,1176.452,0.4650000035762787,-2.5869379065594154
1177.758621,,0.010510074979252418,1176.917,0.47600001096725464,-2.562898506782292
1178.224138,,0.010283244083508506,1177.382,0.4569999873638153,-2.604222131842307
1178.689655,,0.01146648292907572,1177.849,0.4880000054836273,-2.536618601119461
1179.155172,,0.011982519023420016,1178.315,0.45399999618530273,-2.610634347320237
1179.62069,,0.008811327565206032,1178.78,0.4690000116825104,-2.577905199664213
1180.086207,,0.0028109117190810214,1179.246,0.4620000123977661,-2.5931167845685423
1180.5517240000001,,0.00047522544116358767,1179.713,0.43799999356269836,-2.6453771855152306
1181.017241,,0.003528061274225187,1180.171,0.45399999618530273,-2.610504531176233
1181.4827590000002,,0.012385099640533151,1180.635,0.45100000500679016,-2.6170391216157687
1181.948276,,0.01800555679903897,1181.104,0.44699999690055847,-2.6257648374128157
1182.413793,,0.014895366951431321,1181.565,0.46299999952316284,-2.5909291236970473
1182.8793099999998,,0.006206539147904282,1182.035,0.45399999618530273,-2.6105697575377484
1183.344828,,0.0006637658851433995,1182.5,0.4659999907016754,-2.5844672743095134
1183.8103449999999,,0.004067470787216094,1182.964,0.4729999899864197,-2.5692645066313826
1184.275862,,0.014869324374837,1183.429,0.45500001311302185,-2.6085324946303796
1184.741379,,0.027517479879398548,1183.895,0.46299999952316284,-2.5911588368887335
1185.206897,,0.03817865422959189,1184.361,0.43799999356269836,-2.6456824095570974
1185.672414,,0.04654235157974024,1184.82,0.4620000123977661,-2.5934524453098247
1186.137931,,0.05386185668160105,1185.286,0.453000009059906,-2.6131162400682353
1186.603448,,0.06094542778546282,1185.75,0.46299999952316284,-2.5913820337238045
1187.068966,,0.06740266752459564,1186.215,0.5170000195503235,-2.4737808230962104
1187.5344830000001,,0.07188161761394186,1186.683,0.45500001311302185,-2.6088943818969486
1188.0,,0.07380920335556668,1187.145,0.46000000834465027,-2.5980302612806034
1188.465517,,0.0748678358578937,1187.613,0.4699999988079071,-2.5762650545803503
1188.9310340000002,,0.07641395958911218,1188.075,0.4569999873638153,-2.6046005390448363
1189.3965520000002,,0.07468166449915954,1188.546,0.4650000035762787,-2.587176350573865
1189.862069,,0.061292196295181414,1189.009,0.47200000286102295,-2.5719230611523085
1190.3275859999999,,0.030617982078032846,1189.474,0.4909999966621399,-2.530518063388586
1190.793103,,0.014296449511921973,1189.938,0.4729999899864197,-2.5697155328516557
1191.258621,,0.06408575187515851,1190.403,0.47600001096725464,-2.5631551329711977
1191.724138,,0.11017260264491159,1190.868,0.46000000834465027,-2.5979847611771096
1192.189655,,0.14828456037805726,1191.334,0.45500001311302185,-2.608846887192677
1192.655172,,0.17599508021747545,1191.798,0.4699999988079071,-2.576135300865052
1193.12069,,0.18980370766459503,1192.264,0.4449999928474426,-2.6305701893088473
1193.586207,,0.1865855726495981,1192.732,0.44999998807907104,-2.6196478463742325
1194.051724,,0.16707264780117415,1193.19,0.4490000009536743,-2.621800869381354
1194.517241,,0.1365132851984029,1193.658,0.4490000009536743,-2.6217794333367705
1194.982759,,0.10220059266019456,1194.12,0.503000020980835,-2.5041145088826346
1195.448276,,0.07084739878652378,1194.59,0.45500001311302185,-2.6086745875952513
1195.913793,,0.047094510246988165,1195.053,0.4490000009536743,-2.62173510370789
1196.37931,,0.03229488140956218,1195.516,0.4490000009536743,-2.6217284042339872
1196.844828,,0.023496372514576678,1195.986,0.46399998664855957,-2.589046187194448
1197.310345,,0.01469447815265883,1196.452,0.4519999921321869,-2.6151907595267394
1197.7758620000002,,0.0017715148138126094,1196.917,0.4390000104904175,-2.6435169693726857
1198.241379,,0.012520637063533482,1197.375,0.45899999141693115,-2.5999503621498974
1198.706897,,0.020175377147450282,1197.842,0.4620000123977661,-2.5934217437189067
1199.172414,,0.016574245085135192,1198.308,0.45100000500679016,-2.617394090934164
1199.637931,,0.007171309455486603,1198.775,0.45100000500679016,-2.61740055555595
1200.1034479999998,,0.0037132589615340304,1199.241,0.4790000021457672,-2.556402990038859
1200.568966,,0.012814768179538857,1199.702,0.47699999809265137,-2.560761365049399
1201.034483,,0.028866496190289102,1200.172,0.4740000069141388,-2.567293995790683
1201.5,,0.039416629439346124,1200.634,0.46399998664855957,-2.5890730596374882
1201.965517,,0.03780825011108623,1201.097,0.47999998927116394,-2.5542032851703143
1202.431034,,0.029528907752462717,1201.565,0.4690000116825104,-2.578153291688455
1202.896552,,0.02544577236570322,1202.027,0.45100000500679016,-2.6173513264809634
1203.362069,,0.02990984496380384,1202.493,0.47699999809265137,-2.560687500469368
1203.827586,,0.03745481108010062,1202.955,0.4519999921321869,-2.615134367269399
1204.293103,,0.04112405523933696,1203.421,0.46399998664855957,-2.5889721821055214
1204.7586210000002,,0.0410913988266204,1203.887,0.453000009059906,-2.612921276634201
1205.224138,,0.04272867340582017,1204.352,0.4659999907016754,-2.5845864229812707
1205.6896550000001,,0.04787198488079061,1204.817,0.46000000834465027,-2.597650320409366
1206.1551720000002,,0.05149107506962225,1205.283,0.45500001311302185,-2.608541160222637
1206.62069,,0.04766691903700374,1205.75,0.4410000145435333,-2.639046788019855
1207.0862069999998,,0.03687856558678238,1206.215,0.45399999618530273,-2.6107367923040568
1207.551724,,0.026151726231305784,1206.676,0.45500001311302185,-2.6085783599023524
1208.017241,,0.02237070037987538,1207.146,0.39399999380111694,-2.7415048605634476
1208.482759,,0.02598463112937988,1207.609,0.45899999141693115,-2.599930660600821
1208.948276,,0.031323014959351546,1208.072,0.45399999618530273,-2.6108688736476107
1209.413793,,0.03255555361053517,1208.535,0.4560000002384186,-2.6065611345213227
1209.87931,,0.02874253573974252,1209.005,0.45100000500679016,-2.617507053882028
1210.344828,,0.023448537393727726,1209.471,0.45399999618530273,-2.611025215038406
1210.810345,,0.020513273352287264,1209.936,0.46700000762939453,-2.582756022407502
1211.275862,,0.02049903846214286,1210.395,0.4659999907016754,-2.58498460494435
1211.741379,,0.020660353762003227,1210.864,0.46399998664855957,-2.589386260662033
1212.206897,,0.01783648628443496,1211.33,0.4650000035762787,-2.5872445640242274
1212.6724140000001,,0.011288457315963046,1211.794,0.43799999356269836,-2.6460965517544115
1213.137931,,0.003178249101704815,1212.26,0.45100000500679016,-2.6177932450968617
1213.603448,,0.0031910797864514477,1212.725,0.453000009059906,-2.6134445727729267
1214.0689659999998,,0.005947717325135748,1213.19,0.46700000762939453,-2.582940096295945
1214.534483,,0.006090500311246352,1213.653,0.45100000500679016,-2.617782276036029
1215.0,,0.00610291163848106,1214.116,0.44200000166893005,-2.637361494153561
1215.4655169999999,,0.007108872824547439,1214.583,0.4449999928474426,-2.6307854237670987
1215.931034,,0.00842387376128716,1215.045,0.4659999907016754,-2.584982539009029
1216.396552,,0.009786437288506276,1215.516,0.45500001311302185,-2.6088857747188885
1216.862069,,0.011906227166431447,1215.979,0.46399998664855957,-2.5892069582256947
1217.3275859999999,,0.013840732612099203,1216.444,0.4569999873638153,-2.6043792750046877
1217.793103,,0.011759181013322722,1216.909,0.492000013589859,-2.52804283962531
1218.258621,,0.002361300602529907,1217.375,0.47200000286102295,-2.5715286012529606
1218.724138,,0.01286543329997238,1217.835,0.4650000035762787,-2.5866914474499434
1219.1896550000001,,0.028351264081118238,1218.301,0.4440000057220459,-2.6323590404599764
1219.655172,,0.03955910495621922,1218.768,0.45100000500679016,-2.6170319889103126
1220.12069,,0.046154821624487224,1219.234,0.4560000002384186,-2.6060727345078125
1220.586207,,0.049751957429944454,1219.698,0.46000000834465027,-2.597304855076743
1221.0517240000001,,0.049992467120104814,1220.16,0.45100000500679016,-2.6168744292935293
1221.517241,,0.04418121831135253,1220.631,0.4650000035762787,-2.5863519319571453
1221.982759,,0.030222773479083587,1221.094,0.4620000123977661,-2.592884380471869
1222.4482759999999,,0.00843807506375422,1221.562,0.45500001311302185,-2.608150163111421
1222.913793,,0.019718430092795967,1222.024,0.46399998664855957,-2.5885766903437504
1223.37931,,0.052834991455026,1222.49,0.43799999356269836,-2.645274786916675
1223.844828,,0.08740871858867919,1222.953,0.43799999356269836,-2.6453466431767607
1224.3103449999999,,0.11549031857514193,1223.418,0.4440000057220459,-2.63236378592305
1224.775862,,0.12792703233839184,1223.883,0.4490000009536743,-2.621574042521593
1225.241379,,0.12171587697679263,1224.348,0.47200000286102295,-2.5715792474226182
1225.706897,,0.10288064887891075,1224.813,0.4309999942779541,-2.66102498402825
1226.1724140000001,,0.08106428664969427,1225.279,0.4480000138282776,-2.6241129046143636
1226.637931,,0.061880674345737546,1225.746,0.46399998664855957,-2.589379208866951
1227.103448,,0.044591273534677664,1226.205,0.46000000834465027,-2.598212967529934
1227.568966,,0.025976097136125916,1226.675,0.47600001096725464,-2.563463770079399
1228.0344830000001,,0.005263741584822122,1227.138,0.4429999887943268,-2.635454623156763
1228.5,,0.01506658849704369,1227.605,0.4560000002384186,-2.6072108910021616
1228.965517,,0.03230052246482089,1228.067,0.45100000500679016,-2.618163375177098
1229.4310340000002,,0.04511081471555223,1228.531,0.46299999952316284,-2.59205657891372
1229.896552,,0.0514855281977911,1229.001,0.45100000500679016,-2.6182131169825023
1230.3620689999998,,0.04770437015977392,1229.467,0.44600000977516174,-2.6290941378371104
1230.8275859999999,,0.03239282322262968,1229.93,0.4300000071525574,-2.663915776889908
1231.293103,,0.010877496283241122,1230.396,0.4359999895095825,-2.6507837086247314
1231.758621,,0.007610514120477351,1230.86,0.4339999854564667,-2.6550587112895574
1232.224138,,0.017895435137986006,1231.326,0.47600001096725464,-2.563452141005532
1232.689655,,0.022093785149126677,1231.791,0.46700000762939453,-2.582937140144566
1233.155172,,0.024436815380721132,1232.257,0.45500001311302185,-2.6089416801379253
1233.62069,,0.02527774101703138,1232.717,0.4620000123977661,-2.593540096380008
1234.086207,,0.021639547376893668,1233.182,0.44699999690055847,-2.6260618802693254
1234.551724,,0.011768417156809843,1233.65,0.4300000071525574,-2.6629396709257036
1235.017241,,0.002832780837517255,1234.113,0.44999998807907104,-2.6192119284023727
1235.482759,,0.018909654314235434,1234.576,0.44699999690055847,-2.6256021850593863
1235.948276,,0.03311727106446886,1235.045,0.45100000500679016,-2.616755579360947
1236.4137930000002,,0.04251170587589967,1235.517,0.44699999690055847,-2.625356424870938
1236.87931,,0.04556856833821188,1235.971,0.4620000123977661,-2.5925849770278884
1237.344828,,0.04416804216145899,1236.437,0.43799999356269836,-2.6448064435934033
1237.8103449999999,,0.043564526642450224,1236.901,0.4490000009536743,-2.6208037847704273
1238.275862,,0.04804342292983808,1237.367,0.45100000500679016,-2.6164394894278282
1238.7413789999998,,0.05587209967765033,1237.835,0.4350000023841858,-2.6513223383348197
1239.206897,,0.06005416758055446,1238.301,0.43799999356269836,-2.644842726876534
1239.672414,,0.05520360810425739,1238.761,0.4300000071525574,-2.6623592746783276
1240.137931,,0.042938476074660385,1239.227,0.43299999833106995,-2.655939801938126
1240.603448,,0.02955635859966555,1239.694,0.44999998807907104,-2.61904484501864
1241.068966,,0.01894267260650223,1240.156,0.43799999356269836,-2.6453517203473327
1241.534483,,0.009189487319071632,1240.62,0.43799999356269836,-2.645531127970161
1242.0,,0.003394553233269584,1241.09,0.4320000112056732,-2.6587935571672103
1242.465517,,0.018488266203565015,1241.553,0.4399999976158142,-2.6415602445782906
1242.931034,,0.031821271783608975,1242.016,0.43700000643730164,-2.648290918149518
1243.3965520000002,,0.04052994096702212,1242.482,0.4650000035762787,-2.587475480661929
1243.862069,,0.045936714310158965,1242.945,0.46299999952316284,-2.5920043692425816
1244.327586,,0.05004329460885017,1243.41,0.4359999895095825,-2.6509786251747465
1244.793103,,0.051558110611645384,1243.879,0.4300000071525574,-2.6641762906716395
1245.2586210000002,,0.04787560952288958,1244.344,0.44699999690055847,-2.6272361310331966
1245.724138,,0.04008894592917093,1244.809,0.45500001311302185,-2.6098705034109786
1246.189655,,0.0330192523746079,1245.275,0.43799999356269836,-2.6469350150977
1246.655172,,0.029584863113741117,1245.739,0.45100000500679016,-2.618602567278771
1247.12069,,0.027610614766743945,1246.205,0.43799999356269836,-2.6468774022974264
1247.5862069999998,,0.023471421684733824,1246.668,0.4560000002384186,-2.6075772285886423
1248.051724,,0.016674201948789585,1247.131,0.4309999942779541,-2.661924291536222
1248.517241,,0.009147732047612319,1247.602,0.42500001192092896,-2.674846213999632
1248.982759,,0.002036362567841919,1248.064,0.4269999861717224,-2.670313200433136
1249.448276,,0.004383864642737872,1248.528,0.43799999356269836,-2.6461513893493525
1249.913793,,0.008651671748835906,1248.99,0.43799999356269836,-2.6459392481475836
1250.37931,,0.008664245383588388,1249.456,0.43700000643730164,-2.647896469460946
1250.844828,,0.0049276382759398385,1249.92,0.39100000262260437,-2.747891386049582
1251.310345,,0.0016901545909118899,1250.385,0.4339999854564667,-2.6539928595203746
1251.775862,,0.0032855764653300003,1250.85,0.43700000643730164,-2.6472525171870904
1252.241379,,0.009351019546953693,1251.316,0.4410000145435333,-2.638351344549168
1252.706897,,0.014747462643759517,1251.783,0.4339999854564667,-2.6534391391227174
1253.1724140000001,,0.01490142700576038,1252.249,0.44600000977516174,-2.627161574997483
1253.6379310000002,,0.010899336446714024,1252.714,0.45100000500679016,-2.6161678706741323
1254.1034479999998,,0.008428430621133916,1253.18,0.44600000977516174,-2.626997195199528
1254.5689659999998,,0.011225358005918493,1253.642,0.4300000071525574,-2.6618311940625725
1255.034483,,0.01642932495347307,1254.112,0.4300000071525574,-2.6618483977626815
1255.5,,0.017741451828172803,1254.572,0.4259999990463257,-2.670622298511432
1255.9655169999999,,0.012775141702494905,1255.042,0.35499998927116394,-2.8254080414899883
1256.431034,,0.0055551917517418555,1255.5,0.4180000126361847,-2.6882959874762506
1256.896552,,0.0017347696356395908,1255.972,0.4490000009536743,-2.620936412463785
1257.362069,,0.0032083695399933413,1256.43,0.4050000011920929,-2.717004361523715
1257.827586,,0.007919700959256324,1256.897,0.4429999887943268,-2.6344460824314364
1258.293103,,0.0131962433049072,1257.363,0.43700000643730164,-2.6477637670875236
1258.758621,,0.01804232461059478,1257.828,0.4519999921321869,-2.615336991033679
1259.224138,,0.02289701628672699,1258.293,0.4399999976158142,-2.6417327073922516
1259.6896550000001,,0.028053908375086003,1258.761,0.4350000023841858,-2.65286925333526
1260.155172,,0.03214983116548158,1259.226,0.44699999690055847,-2.626952659704783
1260.6206900000002,,0.03232691423370974,1259.687,0.43799999356269836,-2.6467641413317766
1261.086207,,0.02716283836562298,1260.157,0.45100000500679016,-2.618615063229531
1261.5517240000001,,0.019756166173744597,1260.62,0.41999998688697815,-2.686290974581475
1262.017241,,0.015863341125402282,1261.082,0.42800000309944153,-2.6689600251450325
1262.482759,,0.017472775401825912,1261.55,0.43799999356269836,-2.647229046471998
1262.9482759999999,,0.019659750118475785,1262.012,0.43299999833106995,-2.6581324307229375
1263.413793,,0.015391873604794553,1262.478,0.4339999854564667,-2.6559178561951975
1263.87931,,0.002681965279452686,1262.942,0.43799999356269836,-2.6471218562403425
1264.344828,,0.013708718475480431,1263.407,0.4569999873638153,-2.6056023032569593
1264.8103449999999,,0.026529590421431385,1263.872,0.42800000309944153,-2.668617285560117
1265.275862,,0.03147989181112205,1264.338,0.4009999930858612,-2.7272405001499243
1265.741379,,0.029805136124179257,1264.805,0.4339999854564667,-2.655117088328532
1266.206897,,0.026599191006747583,1265.271,0.4410000145435333,-2.6396167480459694
1266.6724140000001,,0.026069522013970878,1265.735,0.4339999854564667,-2.6546026654491004
1267.137931,,0.02779481872538892,1266.201,0.45500001311302185,-2.608579117183162
1267.603448,,0.027851882706660825,1266.664,0.4410000145435333,-2.638809161637897
1268.068966,,0.023813855406698024,1267.127,0.421999990940094,-2.6799422488952205
1268.5344830000001,,0.017702836259525446,1267.59,0.45100000500679016,-2.6165184920535225
1269.0,,0.01312159910559796,1268.061,0.43799999356269836,-2.6446237062577844
1269.465517,,0.010619102966553579,1268.524,0.43799999356269836,-2.6444390623613967
1269.9310340000002,,0.00798126574447245,1268.986,0.4359999895095825,-2.648650689880488
1270.396552,,0.0048305835557444585,1269.452,0.43799999356269836,-2.6441916278395268
1270.862069,,0.004121686309418377,1269.916,0.43799999356269836,-2.6441373634637526
1271.3275859999999,,0.007426569492420839,1270.382,0.43700000643730164,-2.6463113506156177
1271.793103,,0.010592132682626524,1270.847,0.3540000021457672,-2.827186461968493
1272.258621,,0.007195384204249815,1271.313,0.43299999833106995,-2.655172863980121
1272.724138,,0.0032961699305138364,1271.779,0.43799999356269836,-2.6444275281982663
1273.189655,,0.01348875766727312,1272.245,0.4410000145435333,-2.638081604395369
1273.655172,,0.015757043271640687,1272.71,0.4339999854564667,-2.6535587052788463
1274.12069,,0.010209718561369164,1273.176,0.4699999988079071,-2.5753829154825034
1274.586207,,0.003498550481376911,1273.638,0.43799999356269836,-2.645376048351688
1275.0517240000001,,0.001440020094519297,1274.101,0.45500001311302185,-2.6086278258642825
1275.517241,,0.004478528564343427,1274.569,0.4569999873638153,-2.604563035787727
1275.982759,,0.008839914650531697,1275.032,0.453000009059906,-2.6135643355300213
1276.448276,,0.010057141556339565,1275.497,0.4359999895095825,-2.6508740672663675
1276.9137930000002,,0.005954598023634269,1275.961,0.43799999356269836,-2.6467675616866297
1277.37931,,0.0020656155894680558,1276.426,0.45100000500679016,-2.6186662441669264
1277.844828,,0.010129626353585781,1276.891,0.45399999618530273,-2.6123142894102247
1278.3103449999999,,0.014784684212477285,1277.357,0.43799999356269836,-2.6473136005753335
1278.775862,,0.015476381689617302,1277.823,0.43700000643730164,-2.649586119025223
1279.2413789999998,,0.014606676853232744,1278.289,0.4699999988079071,-2.577734197785855
1279.706897,,0.015055182280937175,1278.754,0.45100000500679016,-2.6191191615305445
1280.172414,,0.017231252931283997,1279.22,0.4429999887943268,-2.636486493485617
1280.637931,,0.018424775091510054,1279.683,0.4429999887943268,-2.6363744049196893
1281.103448,,0.01526508901450073,1280.145,0.4429999887943268,-2.636215515032625
1281.568966,,0.007052572854203598,1280.613,0.42800000309944153,-2.6686944949059197
1282.034483,,0.003281552103052172,1281.075,0.42399999499320984,-2.677173150596035
1282.5,,0.011600124813893994,1281.543,0.4429999887943268,-2.6355147573858217
1282.965517,,0.015887774386811885,1282.005,0.43799999356269836,-2.6461231712864137
1283.431034,,0.016995732752567883,1282.471,0.4519999921321869,-2.6153246407412296
1283.8965520000002,,0.01638082845715835,1282.937,0.43799999356269836,-2.645524473902895
1284.362069,,0.01406271064718044,1283.402,0.45100000500679016,-2.6169061112546586
1284.827586,,0.009553444529577352,1283.868,0.4429999887943268,-2.634053754731159
1285.2931030000002,,0.004261870833267969,1284.333,0.3840000033378601,-2.7623365558232784
1285.758621,,0.0013266984850602947,1284.798,0.5049999952316284,-2.4984946747393146
1286.2241379999998,,0.0021200839226523634,1285.264,0.453000009059906,-2.611595706923689
1286.689655,,0.003986643737015689,1285.731,0.45100000500679016,-2.6158065982823793
1287.155172,,0.002960357438209526,1286.19,0.4180000126361847,-2.687604247229714
1287.62069,,0.0015481417894217821,1286.657,0.44200000166893005,-2.635271666008721
1288.086207,,0.005911266724013539,1287.127,0.4300000071525574,-2.6614247455845566
1288.551724,,0.0059927577507547835,1287.59,0.4410000145435333,-2.637522981916406
1289.017241,,0.0008657756127120803,1288.053,0.4259999990463257,-2.670318644784304
1289.482759,,0.006896768048939957,1288.521,0.45399999618530273,-2.6094813753482873
1289.948276,,0.013537710453800384,1288.983,0.4309999942779541,-2.659799053922642
1290.413793,,0.016463795084735163,1289.448,0.42800000309944153,-2.666581757348975
1290.87931,,0.015348516180252542,1289.915,0.43799999356269836,-2.645073050334952
1291.344828,,0.012063664654321491,1290.38,0.43700000643730164,-2.6475517295455133
1291.810345,,0.009528441400448664,1290.846,0.503000020980835,-2.504072693660632
1292.2758620000002,,0.009585510304316638,1291.305,0.44600000977516174,-2.6285684849598847
1292.741379,,0.011131044991545986,1291.772,0.4449999928474426,-2.6310522734256114
1293.2068969999998,,0.010607366221579984,1292.237,0.4699999988079071,-2.576874859378931
1293.672414,,0.005392140320208128,1292.709,0.44999998807907104,-2.6207111150838003
1294.137931,,0.002905976556755603,1293.167,0.4429999887943268,-2.6361917425603396
1294.6034479999998,,0.009381350883181499,1293.635,0.45500001311302185,-2.610238234240087
1295.068966,,0.010752597099983404,1294.097,0.44999998807907104,-2.6212760846698173
1295.534483,,0.008582844526484397,1294.565,0.4339999854564667,-2.6562290634174137
1296.0,,0.0067972056386111914,1295.028,0.45100000500679016,-2.6192340315278964
1296.4655169999999,,0.0070727545518859194,1295.494,0.46399998664855957,-2.5908991804513306
1296.931034,,0.008024674439643116,1295.956,0.43799999356269836,-2.6474770388751856
1297.396552,,0.008049960095854564,1296.422,0.4490000009536743,-2.6233927591985338
1297.862069,,0.007220431713420269,1296.887,0.43799999356269836,-2.647190449662119
1298.327586,,0.006449035787223518,1297.353,0.4569999873638153,-2.6055851091627154
1298.793103,,0.006105678588530541,1297.82,0.4429999887943268,-2.6358376429555435
1299.258621,,0.005899688970360665,1298.286,0.4339999854564667,-2.655167148363779
1299.724138,,0.005538464156707089,1298.751,0.47999998927116394,-2.554649187669762
1300.1896550000001,,0.005049590958761977,1299.216,0.44999998807907104,-2.6196948342570594
1300.655172,,0.004586427471285466,1299.679,0.43299999833106995,-2.656414298671938
1301.12069,,0.0041956588057550145,1300.141,0.44999998807907104,-2.6190664895136417
1301.5862069999998,,0.0038214827003225254,1300.609,0.45100000500679016,-2.6165928288055014
1302.051724,,0.003420238563830956,1301.072,0.4519999921321869,-2.614143619125652
1302.517241,,0.003002841570935822,1301.535,0.4339999854564667,-2.65312162808473
1302.982759,,0.0025954996179393276,1302.005,0.43799999356269836,-2.6442100516458718
1303.4482759999999,,0.002203836746069796,1302.471,0.43799999356269836,-2.6440600296636605
1303.913793,,0.0018180799617355241,1302.93,0.44699999690055847,-2.6243534506214026
1304.37931,,0.0014325216358816054,1303.396,0.4410000145435333,-2.637380691164924
1304.844828,,0.0010505476414032727,1303.86,0.4620000123977661,-2.591639631364745
1305.310345,,0.0006771163855946772,1304.326,0.43799999356269836,-2.643992538130802
1305.775862,,0.000313388108412207,1304.79,0.4429999887943268,-2.6332178251888743
1306.241379,,4.169539191289337e-05,1305.256,0.4359999895095825,-2.6486370265640056
1306.706897,,0.0003881674911567058,1305.724,0.4359999895095825,-2.6488509627754455
1307.1724140000001,,0.000724545617715592,1306.19,0.4300000071525574,-2.6621758597533867
1307.637931,,0.0010492574894975107,1306.653,0.45100000500679016,-2.6167085759128703
1308.103448,,0.0013614697365748065,1307.116,0.43799999356269836,-2.645337658646238
1308.568966,,0.0016606664025232,1307.587,0.43799999356269836,-2.645657349729302
1309.0344830000001,,0.0019459710374753858,1308.049,0.45100000500679016,-2.617657944983352
1309.5,,0.0022161045063195588,1308.513,0.4309999942779541,-2.661547448641319
1309.9655169999999,,0.0024699434951122342,1308.975,0.453000009059906,-2.613917522358456
1310.431034,,0.002706924527119088,1309.441,0.4099999964237213,-2.707874943647472
1310.896552,,0.0029265620076638936,1309.905,0.4429999887943268,-2.636222248594817
1311.362069,,0.003127433223025888,1310.371,0.4650000035762787,-2.588493569219219
1311.8275859999999,,0.003307274588388932,1310.836,0.43799999356269836,-2.6474705077581686
1312.293103,,0.00346502004483238,1311.301,0.44699999690055847,-2.6279634705258785
1312.758621,,0.003602227095696469,1311.768,0.46299999952316284,-2.5931500376614576
1313.224138,,0.003720088646284875,1312.234,0.4429999887943268,-2.636710326951915
1313.689655,,0.0038141494732432443,1312.702,0.43799999356269836,-2.647534051747076
1314.155172,,0.003876222804659202,1313.164,0.44999998807907104,-2.6212663916192764
1314.62069,,0.0039067691001292,1313.631,0.44600000977516174,-2.629806153197339
1315.086207,,0.003920837265621391,1314.094,0.4309999942779541,-2.6622657393771427
1315.5517240000001,,0.003927367233150309,1314.562,0.42800000309944153,-2.668543464689278
1316.017241,,0.003900473725480098,1315.024,0.46299999952316284,-2.5920021012674423
1316.482759,,0.003799102373371919,1315.489,0.4440000057220459,-2.6330851898742944
1316.948276,,0.003641761434830091,1315.952,0.45100000500679016,-2.617510217857951
1317.4137930000002,,0.0035257245716213124,1316.418,0.46799999475479126,-2.5801452472311395
1317.8793099999998,,0.0034886914244810683,1316.886,0.46299999952316284,-2.590716361305819
1318.344828,,0.003358968029397989,1317.351,0.45100000500679016,-2.6165538529912054
1318.8103449999999,,0.002920470693158275,1317.816,0.4390000104904175,-2.6424174152840343
1319.275862,,0.0023525057990807195,1318.282,0.4560000002384186,-2.6051353057436497
1319.741379,,0.0022410675779056073,1318.747,0.45100000500679016,-2.615825882363666
1320.206897,,0.0026813523140643853,1319.205,0.46299999952316284,-2.589527872558291
1320.672414,,0.0025315160105505597,1319.676,0.43799999356269836,-2.643893311794887
1321.137931,,0.000660372384668097,1320.138,0.4490000009536743,-2.6198845429537663
1321.603448,,0.0014360731132058828,1320.601,0.4490000009536743,-2.619899687044501
1322.068966,,0.0003259589436545004,1321.071,0.44999998807907104,-2.6177944341724775
1322.5344830000001,,0.008049506870066048,1321.535,0.43700000643730164,-2.6462465298614863
1323.0,,0.01811764896667332,1321.997,0.43799999356269836,-2.644250529482326
1323.465517,,0.0243665508378863,1322.463,0.43700000643730164,-2.646659409958368
1323.931034,,0.024441350662853908,1322.927,0.44600000977516174,-2.6273222890800874
1324.3965520000002,,0.020624361704758933,1323.392,0.4429999887943268,-2.6341609163954063
1324.862069,,0.015608882545308731,1323.857,0.46299999952316284,-2.5909126975814685
1325.327586,,0.011064308621568255,1324.323,0.46700000762939453,-2.582534240959105
1325.793103,,0.009720493977592127,1324.787,0.45100000500679016,-2.6177295686334277
1326.258621,,0.014388019631816925,1325.253,0.45899999141693115,-2.6006281055362863
1326.724138,,0.02362298688717566,1325.72,0.46000000834465027,-2.5987577705151694
1327.189655,,0.031449236837621346,1326.186,0.43799999356269836,-2.646967807625269
1327.655172,,0.03301958804203333,1326.649,0.47200000286102295,-2.5731363446029842
1328.12069,,0.028865788832493182,1327.112,0.44699999690055847,-2.6278002391154445
1328.586207,,0.022924020283345614,1327.576,0.4399999976158142,-2.6431977673758844
1329.051724,,0.018296296158130998,1328.045,0.4429999887943268,-2.6367542641807105
1329.517241,,0.015602528556350921,1328.513,0.43799999356269836,-2.647682560115708
1329.982759,,0.01343220387969657,1328.975,0.4620000123977661,-2.5953711317021746
1330.448276,,0.008940486074000954,1329.441,0.4480000138282776,-2.625789614537152
1330.913793,,0.0008950609408860272,1329.905,0.4560000002384186,-2.6082213941054664
1331.37931,,0.01669312420139018,1330.371,0.4309999942779541,-2.6624967221023135
1331.844828,,0.03470316961725462,1330.835,0.4429999887943268,-2.636116484876587
1332.310345,,0.048233592626603684,1331.301,0.44999998807907104,-2.6205909734998953
1332.7758620000002,,0.05224436604494061,1331.761,0.4440000057220459,-2.633357301204042
1333.241379,,0.047248712254964444,1332.226,0.45100000500679016,-2.6177799011559255
1333.7068969999998,,0.03894807325611394,1332.695,0.4569999873638153,-2.6043695394245048
1334.172414,,0.03377003143945917,1333.157,0.4440000057220459,-2.63235200023866
1334.637931,,0.03368967634494773,1333.62,0.47600001096725464,-2.562304017391766
1335.1034479999998,,0.03474106381602335,1334.09,0.460999995470047,-2.594670840333321
1335.568966,,0.0314875781418106,1334.553,0.45399999618530273,-2.6096364491916755
1336.034483,,0.023392155656469026,1335.016,0.46000000834465027,-2.5963169093081424
1336.5,,0.015126475966025593,1335.481,0.44600000977516174,-2.626615628619007
1336.965517,,0.0100631621410229,1335.951,0.44600000977516174,-2.6264653309980472
1337.431034,,0.006496028415750818,1336.41,0.4399999976158142,-2.639444218856351
1337.896552,,0.002456821633181095,1336.876,0.43799999356269836,-2.6437690743428806
1338.362069,,0.0012607666265227215,1337.342,0.44699999690055847,-2.624190550932116
1338.827586,,0.008057419315810319,1337.809,0.4429999887943268,-2.6329953029866853
1339.293103,,0.02145308040220582,1338.274,0.43299999833106995,-2.6549302547565956
1339.7586210000002,,0.0324272067778644,1338.739,0.44699999690055847,-2.624631718019056
1340.224138,,0.033110353932795315,1339.205,0.44600000977516174,-2.62706047915449
1340.6896550000001,,0.02501400589445851,1339.665,0.4399999976158142,-2.6404223623564946
1341.155172,,0.017271952354455854,1340.134,0.45100000500679016,-2.6167781128993197
1341.62069,,0.017146222616735526,1340.598,0.44699999690055847,-2.625834464321144
1342.0862069999998,,0.022872338315523384,1341.06,0.46399998664855957,-2.589149082855502
1342.551724,,0.026061856797678095,1341.528,0.33500000834465027,-2.8705472873303157
1343.017241,,0.021159873205037125,1341.99,0.4580000042915344,-2.6029180384044293
1343.482759,,0.011712191676955008,1342.456,0.4650000035762787,-2.5879910248794675
1343.948276,,0.006248528067242897,1342.923,0.4480000138282776,-2.625318003593388
1344.413793,,0.00881853388214645,1343.389,0.4490000009536743,-2.6233870638723618
1344.87931,,0.01549887075211033,1343.853,0.45100000500679016,-2.6192275158296576
1345.344828,,0.019766122801871528,1344.319,0.4399999976158142,-2.6433342954913104
1345.810345,,0.01883795599960898,1344.783,0.4560000002384186,-2.608556884273175
1346.275862,,0.014352709783365173,1345.249,0.4390000104904175,-2.6456114830261983
1346.741379,,0.009255350259615172,1345.716,0.46299999952316284,-2.593277301003718
1347.206897,,0.005678107469674438,1346.175,0.46299999952316284,-2.5931672114510587
1347.6724140000001,,0.004811349731541837,1346.642,0.44699999690055847,-2.627855239151001
1348.137931,,0.006792355537639799,1347.106,0.45100000500679016,-2.6189157680917647
1348.603448,,0.01001644149640711,1347.576,0.43799999356269836,-2.6469662721123153
1349.0689659999998,,0.011726925774282018,1348.038,0.4339999854564667,-2.6553707900647012
1349.534483,,0.010587039301333668,1348.505,0.4429999887943268,-2.6354246107502135
1350.0,,0.008188051142904629,1348.969,0.46000000834465027,-2.59803095180198
1350.4655169999999,,0.006849540475828568,1349.435,0.45399999618530273,-2.610738500332046
1350.931034,,0.006559854584854119,1349.901,0.45100000500679016,-2.616913650968258
1351.396552,,0.005613575747848178,1350.36,0.45399999618530273,-2.610032060067563
1351.862069,,0.0038955313311875065,1350.825,0.4480000138282776,-2.622784336512069
1352.3275859999999,,0.003798177572207902,1351.29,0.4429999887943268,-2.633394521179214
1352.793103,,0.007374702627184031,1351.757,0.4620000123977661,-2.5917624235526464
1353.258621,,0.013303761033321908,1352.223,0.4560000002384186,-2.6046491269674985
1353.724138,,0.017013856105653143,1352.686,0.44999998807907104,-2.6175942765703715
1354.1896550000001,,0.013967354247036773,1353.156,0.44699999690055847,-2.6240664347280305
1354.655172,,0.003744642562613443,1353.617,0.45399999618530273,-2.608817412340139
1355.12069,,0.008642053960434465,1354.086,0.44699999690055847,-2.6241348396805773
1355.586207,,0.01682977967041152,1354.547,0.4300000071525574,-2.661302641856097
1356.0517240000001,,0.019456093745445463,1355.016,0.4440000057220459,-2.630992813829428
1356.517241,,0.020760749991725246,1355.482,0.45100000500679016,-2.6159877873836015
1356.982759,,0.023651778180715063,1355.945,0.4399999976158142,-2.6402447867963246
1357.4482759999999,,0.024794073209392434,1356.41,0.4399999976158142,-2.640574132248344
1357.913793,,0.019294674121137098,1356.875,0.45100000500679016,-2.616965504708213
1358.3793099999998,,0.008404783617999307,1357.342,0.46299999952316284,-2.591193592577132
1358.844828,,0.000579555424145286,1357.801,0.4490000009536743,-2.6220697721837984
1359.3103449999999,,0.001401833761261706,1358.267,0.5299999713897705,-2.4459645266868626
1359.775862,,0.006210999989020133,1358.732,0.44699999690055847,-2.627135114756313
1360.241379,,0.017345175796292762,1359.197,0.4519999921321869,-2.6165528821374076
1360.706897,,0.025179876206788836,1359.661,0.45399999618530273,-2.612466438469926
1361.1724140000001,,0.024861899505080852,1360.13,0.45100000500679016,-2.6192245056550743
1361.637931,,0.01767903585731324,1360.591,0.46299999952316284,-2.5932470251768454
1362.103448,,0.01154404733242482,1361.06,0.45500001311302185,-2.610781173753499
1362.568966,,0.014321967569823575,1361.521,0.46399998664855957,-2.5912136475271152
1363.0344830000001,,0.025814969422255273,1361.99,0.46299999952316284,-2.5933663417071093
1363.5,,0.03840058879175835,1362.456,0.4519999921321869,-2.6172402432217594
1363.965517,,0.04588062407020427,1362.92,0.46399998664855957,-2.5909429142890836
1364.4310340000002,,0.04927624379752154,1363.387,0.46399998664855957,-2.590731605919109
1364.896552,,0.05317126580598345,1363.846,0.44699999690055847,-2.627506238881144
1365.3620689999998,,0.05885260526239685,1364.311,0.44699999690055847,-2.6272016121981796
1365.8275859999999,,0.06318662834452736,1364.776,0.44999998807907104,-2.6203285760082613
1366.293103,,0.06352173304545043,1365.242,0.4300000071525574,-2.663542690674467
1366.758621,,0.06157698562531155,1365.709,0.44699999690055847,-2.626136652284819
1367.224138,,0.06140329652267146,1366.175,0.46399998664855957,-2.5887312782099365
1367.689655,,0.06418580341656775,1366.638,0.45100000500679016,-2.616696678171285
1368.155172,,0.06653454584915512,1367.101,0.48399999737739563,-2.544466241828201
1368.62069,,0.06480517004095215,1367.572,0.4560000002384186,-2.60516529430289
1369.086207,,0.06063387891536548,1368.035,0.3840000033378601,-2.7617680421817847
1369.551724,,0.06038694184170953,1368.502,0.46700000762939453,-2.5807330396595134
1370.017241,,0.06770937186693132,1368.965,0.45100000500679016,-2.6154421435339765
1370.482759,,0.07794280605314438,1369.431,0.453000009059906,-2.6109969462791867
1370.948276,,0.08250506744557673,1369.89,0.47600001096725464,-2.5608639901085017
1371.4137930000002,,0.07831187333588195,1370.356,0.45399999618530273,-2.608834383582652
1371.87931,,0.0702518312509573,1370.82,0.4740000069141388,-2.5653643264702235
1372.344828,,0.06499279220828245,1371.286,0.4560000002384186,-2.604742690210314
1372.810345,,0.06537063206137825,1371.75,0.4699999988079071,-2.574459034230155
1373.275862,,0.07014731673036421,1372.216,0.46000000834465027,-2.596511050763814
1373.7413789999998,,0.07555627418407955,1372.686,0.43299999833106995,-2.655640756818447
1374.206897,,0.07686253016391599,1373.148,0.45100000500679016,-2.61676330108318
1374.672414,,0.07164653508863228,1373.617,0.46299999952316284,-2.5909790659617546
1375.137931,,0.06242671340916556,1374.079,0.46399998664855957,-2.5891694061074513
1375.6034479999998,,0.0539826722027053,1374.542,0.4350000023841858,-2.6527174894715913
1376.068966,,0.047788100546577186,1375.005,0.45899999141693115,-2.600784839818622
1376.534483,,0.04118658307159565,1375.471,0.47999998927116394,-2.555364020759212
0.0,,0.0322376139584986,1375.937,0.46000000834465027,-2.599232587270345
13.5,,0.02270942629379388,1376.403,0.4729999899864197,-2.5711616117447464
27.0,,0.015249807162721157,1376.871,0.45500001311302185,-2.6105769557353806
40.5,,0.009810348270058873,1377.33,0.4440000057220459,-2.6346846040962557
54.0,,0.0043032173413299355,1377.796,0.4410000145435333,-2.6413022284944625
67.5,,0.0025762469504747015,1378.261,0.45100000500679016,-2.619534250790549
81.0,,0.010481678837846573,1378.728,0.4429999887943268,-2.6369179781977192
94.5,,0.018669707667196563,1379.193,0.4560000002384186,-2.608487202369479
108.0,,0.02702676219044996,1379.661,0.4490000009536743,-2.6235696510132955
121.5,,0.03586901212628449,1380.124,0.45500001311302185,-2.6102748178183144
135.0,,0.045358216889208144,1380.587,0.5009999871253967,-2.5097850740133105
148.5,,0.055392974364463166,1381.057,0.4690000116825104,-2.5791878873223335
162.0,,0.06588215323800377,1381.52,0.46399998664855957,-2.5897353776376897
175.5,,0.07688319545556879,1381.983,0.47099998593330383,-2.574118457269287
189.0,,0.08844022405798346,1382.448,0.4569999873638153,-2.6042440446050357
202.5,,0.10043040433733538,1382.913,0.45100000500679016,-2.6169434491431653
216.0,,0.11273405145992911,1383.379,0.4659999907016754,-2.583906125326719
229.5,,0.12554424884128765,1383.846,0.4519999921321869,-2.6140753766490987
243.0,,0.13922851158089697,1384.312,0.4399999976158142,-2.6399239129091683
256.5,,0.15363704759902444,1384.776,0.46700000762939453,-2.580851123061314
270.0,,0.1678741396754921,1385.235,0.492000013589859,-2.526188165009253
283.5,,0.18152632371319938,1385.709,0.5040000081062317,-2.499904704381641
297.0,,0.1960887832810794,1386.167,0.4560000002384186,-2.6044016903875797
310.5,,0.21357443450834726,1386.635,0.4519999921321869,-2.6131038762228895
324.0,,0.2324815326832922,1387.097,0.4790000021457672,-2.5543348164091024
337.5,,0.24744275693525136,1387.561,0.45899999141693115,-2.5980272072632444
351.0,,0.2572341929355323,1388.03,0.4880000054836273,-2.5350268446053996
364.5,,0.2718814561569115,1388.496,0.4410000145435333,-2.637659744976528
378.0,,0.3018576453097063,1388.959,0.45500001311302185,-2.6074448128857313
391.5,,0.33485311986685157,1389.425,0.47699999809265137,-2.559841709604793
405.0,,0.33946913793539196,1389.89,0.4519999921321869,-2.6146654605836113
418.5,,0.31603220739337967,1390.356,0.4690000116825104,-2.5780054600816498
432.0,,0.3298439381519014,1390.82,0.44600000977516174,-2.628499666373016
445.5,,0.4332648794348322,1391.286,0.4650000035762787,-2.587487041843477
459.0,,0.5311022084537466,1391.751,0.460999995470047,-2.596567679584564
472.5,,0.41373020168098895,1392.216,0.4650000035762787,-2.5881916720414253
486.0,,0.025093006573805095,1392.679,0.4659999907016754,-2.5863134971512896
499.5,,0.37140393176162223,1393.142,0.4569999873638153,-2.606174188353728
513.0,,0.4488948343554275,1393.605,0.46700000762939453,-2.584584964211987
526.5,,0.21411207458254064,1394.075,0.460999995470047,-2.597792218670342
540.0,,0.0033222249686635924,1394.535,0.46399998664855957,-2.591325171134884
553.5,,0.0495439737005684,1395.005,0.4830000102519989,-2.5499304582825273
567.0,,0.3062477285686927,1395.471,0.46399998664855957,-2.5912546574058624
580.5,,0.5571032820596125,1395.937,0.43799999356269836,-2.6477622635106184
594.0,,0.7103648516788189,1396.395,0.45899999141693115,-2.601811279505258
607.5,,0.7570109203897813,1396.861,0.44999998807907104,-2.6211635080633644
621.0,,0.5928078755600557,1397.326,0.4569999873638153,-2.605608594383084
634.5,,0.12192789632823459,1397.794,0.4269999861717224,-2.670624651082963
648.0,,0.4456417769720291,1398.259,0.4729999899864197,-2.5700348803274986
661.5,,0.6704631579741933,1398.724,0.4650000035762787,-2.587074005164139
675.0,,0.39753579642449105,1399.19,0.45899999141693115,-2.5997492457586375
688.5,,0.013895154734497324,1399.65,0.46399998664855957,-2.5884651840398827
702.0,,0.14830223874825627,1400.12,0.45899999141693115,-2.5989855627211744
715.5,,0.04049532489542716,1400.583,0.4620000123977661,-2.592106315136371
729.0,,0.025525222740751977,1401.045,0.4259999990463257,-2.670235454466894
742.5,,0.23968861644435047,1401.513,0.46299999952316284,-2.5893742583221773
756.0,,0.48632886885631027,1401.975,0.46700000762939453,-2.5804667064012095
769.5,,0.5096295649994277,1402.441,0.45100000500679016,-2.6151960155208993
783.0,,0.2556287301000778,1402.909,0.46299999952316284,-2.5889915256384457
796.5,,0.08254853051036061,1403.374,0.4480000138282776,-2.621681157133833
810.0,,0.22571864400062627,1403.838,0.45899999141693115,-2.5977967125445915
823.5,,0.07545030684493922,1404.304,0.46399998664855957,-2.587052396385875
837.0,,0.18703311797182384,1404.769,0.48100000619888306,-2.5502274575184973
850.5,,0.3205227012904474,1405.235,0.46299999952316284,-2.5897118434127275
864.0,,0.2803641753440565,1405.698,0.46399998664855957,-2.5878507682277467
877.5,,0.19406778733888808,1406.161,0.46000000834465027,-2.5969225633764723
891.0,,0.1629049246175345,1406.631,0.47699999809265137,-2.560271520419475
904.5,,0.1763083685604389,1407.094,0.47099998593330383,-2.5737459903972058
918.0,,0.18275683173223017,1407.557,0.4490000009536743,-2.6220834456686886
931.5,,0.16503830550805693,1408.021,0.45100000500679016,-2.618126476210249
945.0,,0.1389567693826265,1408.486,0.46700000762939453,-2.5836493138785674
958.5,,0.12115036808206012,1408.957,0.45399999618530273,-2.612321750112929
972.0,,0.11679561161580411,1409.415,0.45100000500679016,-2.619165772080477
985.5,,0.12027609276002763,1409.88,0.46399998664855957,-2.591100062889605
999.0,,0.1139390877150338,1410.345,0.453000009059906,-2.615262101178957
1012.5,,0.08219749003980356,1410.813,0.4429999887943268,-2.63717986050168
1026.0,,0.045021712194145136,1411.278,0.47999998927116394,-2.556630863215416
1039.5,,0.055587492517530215,1411.743,0.460999995470047,-2.5980129316613576
1053.0,,0.11962879157302748,1412.209,0.4490000009536743,-2.6240714286721105
1066.5,,0.12828645273309186,1412.672,0.45899999141693115,-2.602129518015344
1080.0,,0.04175497677152001,1413.141,0.4560000002384186,-2.6084441647981147
1093.5,,0.3255644566155118,1413.602,0.45100000500679016,-2.619056736092226
1107.0,,0.47312331398030627,1414.071,0.4729999899864197,-2.5707945573827713
1120.5,,0.33968533890017283,1414.532,0.4650000035762787,-2.587849850694064
1134.0,,0.0764196492578075,1415.001,0.4690000116825104,-2.578730487590174
1147.5,,0.06700016520302253,1415.467,0.45899999141693115,-2.600093862414572
1161.0,,0.037076106577737813,1415.93,0.44699999690055847,-2.6258095090572082
1174.5,,0.03135240426370773,1416.396,0.44699999690055847,-2.625390177416586
1188.0,,0.04174801403425777,1416.861,0.4620000123977661,-2.592312730581388
1201.5,,0.03430142819529702,1417.326,0.4099999964237213,-2.705239212244108
1215.0,,0.06570244600273772,1417.79,0.46399998664855957,-2.58727514501852
1228.5,,0.08755611488840237,1418.256,0.46799999475479126,-2.5782985235683844
1242.0,,0.020832405266351363,1418.721,0.45100000500679016,-2.6151359228087765
1255.5,,0.060322638179052535,1419.187,0.45100000500679016,-2.6150056099900576
1269.0,,0.06622606478443971,1419.65,0.45500001311302185,-2.60623448815993
1282.5,,0.47699494615376425,1420.112,0.4729999899864197,-2.567037681648508
1296.0,,0.8879043271579342,1420.58,0.4779999852180481,-2.556237503016494
1309.5,,0.906803339313869,1421.043,0.45899999141693115,-2.5977964369735527
1323.0,,0.49818294895516557,1421.513,0.45100000500679016,-2.6154578680993996
1336.5,,0.03832276359952827,1421.975,0.45899999141693115,-2.5983223897833474
1350.0,,0.10515463047645106,1422.441,0.4050000011920929,-2.716316739733174
1363.5,,0.06911571525404334,1422.905,0.45899999141693115,-2.599061138584375
,,,1423.371,0.4729999899864197,-2.5689825310079804
,,,1423.836,0.4580000042915344,-2.602101676067545
,,,1424.301,0.44999998807907104,-2.6199743610944553
,,,1424.761,0.45100000500679016,-2.618230145767048
,,,1425.227,0.4830000102519989,-2.5489250032713366
,,,1425.69,0.4560000002384186,-2.6081239536007916
,,,1426.16,0.453000009059906,-2.614987872341272
,,,1426.62,0.46299999952316284,-2.5934721939748333
,,,1427.09,0.43799999356269836,-2.6481436703933685
,,,1427.55,0.45100000500679016,-2.6199548297041764
,,,1428.02,0.46399998664855957,-2.591689773802165
,,,1428.486,0.45100000500679016,-2.619990642815273
,,,1428.948,0.4620000123977661,-2.595925411394176
,,,1429.414,0.4560000002384186,-2.608821362098258
,,,1429.88,0.46299999952316284,-2.5933238771885674
,,,1430.345,0.453000009059906,-2.6147997136718546
,,,1430.805,0.4569999873638153,-2.6057202307624365
,,,1431.271,0.46399998664855957,-2.590061294179238
,,,1431.735,0.44999998807907104,-2.620122765696851
,,,1432.201,0.4519999921321869,-2.6153083066848177
,,,1432.668,0.4650000035762787,-2.5865250179955797
,,,1433.131,0.5270000100135803,-2.450996669845864
,,,1433.602,0.45500001311302185,-2.6074287929245887
,,,1434.064,0.4790000021457672,-2.554746591700445
,,,1434.527,0.46399998664855957,-2.5870808485280508
,,,1434.99,0.4490000009536743,-2.619475557983127
,,,1435.456,0.46399998664855957,-2.586581123394286
,,,1435.921,0.4699999988079071,-2.573371413329244
,,,1436.387,0.453000009059906,-2.6103521112725576
,,,1436.853,0.47600001096725464,-2.5602706519727834
,,,1437.319,0.46799999475479126,-2.577810411816895
,,,1437.783,0.4659999907016754,-2.582358301331409
,,,1438.249,0.46700000762939453,-2.580445066350905
,,,1438.716,0.4519999921321869,-2.6134577098263834
,,,1439.175,0.453000009059906,-2.611669974372543
,,,1439.646,0.4580000042915344,-2.6012141809047473
,,,1440.108,0.4490000009536743,-2.62129265915358
,,,1440.572,0.46299999952316284,-2.5912809711338234
,,,1441.042,0.4429999887943268,-2.635347083312842
,,,1441.5,0.46399998664855957,-2.5900770505988286
,,,1441.97,0.3930000066757202,-2.7452170443067914
,,,1442.437,0.4699999988079071,-2.5778777753383926
,,,1442.901,0.3869999945163727,-2.759069802220154
,,,1443.36,0.46000000834465027,-2.6003283835984723
,,,1443.827,0.4560000002384186,-2.6092677851176402
,,,1444.293,0.4690000116825104,-2.5810856928628585
,,,1444.758,0.45100000500679016,-2.6203521420309426
,,,1445.224,0.4490000009536743,-2.6246686965405512
,,,1445.687,0.453000009059906,-2.615822681054607
,,,1446.156,0.45399999618530273,-2.6134252443007475
,,,1446.62,0.4480000138282776,-2.6261970067414606
,,,1447.083,0.4560000002384186,-2.6083952621206814
,,,1447.546,0.45500001311302185,-2.6101397315134416
,,,1448.016,0.46399998664855957,-2.5900490514635868
,,,1448.482,0.45500001311302185,-2.6091398069748877
,,,1448.944,0.45500001311302185,-2.6086047728145063
,,,1449.41,0.45899999141693115,-2.599353945725477
,,,1449.875,0.453000009059906,-2.611905092509076
,,,1450.341,0.4620000123977661,-2.5918085820186016
,,,1450.806,0.4519999921321869,-2.6131541059383454
,,,1451.271,0.46700000762939453,-2.580095165007502
,,,1451.736,0.43299999833106995,-2.6538646477005767
,,,1452.201,0.4519999921321869,-2.612251114878736
,,,1452.664,0.46299999952316284,-2.588159457222121
,,,1453.126,0.45399999618530273,-2.607737649324161
,,,1453.594,0.4560000002384186,-2.6034493491957615
,,,1454.057,0.39899998903274536,-2.72779985856219
,,,1454.52,0.4659999907016754,-2.5820926606414765
,,,1454.99,0.4569999873638153,-2.602048822227669
,,,1455.456,0.45399999618530273,-2.60900788483454
,,,1455.921,0.4560000002384186,-2.605136034787405
,,,1456.387,0.45500001311302185,-2.6078476464487723
,,,1456.845,0.5289999842643738,-2.44719042226146
,,,1457.312,0.36000001430511475,-2.8159576132767477
,,,1457.779,0.4569999873638153,-2.6052022281622844
,,,1458.245,0.45100000500679016,-2.6188272318697106
,,,1458.71,0.45500001311302185,-2.610626145556549
,,,1459.176,0.4429999887943268,-2.637227625286537
,,,1459.638,0.4560000002384186,-2.609292201982418
,,,1460.101,0.453000009059906,-2.6161316396950993
,,,1460.572,0.45100000500679016,-2.6206986255205265
,,,1461.034,0.45899999141693115,-2.60337795962858
,,,1461.5,0.46000000834465027,-2.6012021090311257
,,,1461.963,0.42800000309944153,-2.6708155762063095
,,,1462.428,0.46399998664855957,-2.592177693092974
,,,1462.895,0.46000000834465027,-2.6005874699674254
,,,1463.361,0.4519999921321869,-2.617622132048593
,,,1463.82,0.4580000042915344,-2.604077818046388
,,,1464.286,0.46700000762939453,-2.583933757533793
,,,1464.754,0.4659999907016754,-2.585528362611757
,,,1465.22,0.4779999852180481,-2.5587703067393455
,,,1465.683,0.4259999990463257,-2.6714352530803818
,,,1466.145,0.4560000002384186,-2.605461276649294
,,,1466.613,0.4659999907016754,-2.5830897008741682
,,,1467.075,0.46299999952316284,-2.5890876918133365
,,,1467.546,0.46700000762939453,-2.5798994774639854
,,,1468.008,0.492000013589859,-2.5250388560112933
,,,1468.474,0.46399998664855957,-2.585738553263645
,,,1468.938,0.46799999475479126,-2.5768240930301203
,,,1469.404,0.46399998664855957,-2.5854492302002208
,,,1469.869,0.46000000834465027,-2.5941886360492066
,,,1470.335,0.45899999141693115,-2.5965070014841354
,,,1470.801,0.45100000500679016,-2.6141875538107864
,,,1471.26,0.44999998807907104,-2.616722733609643
,,,1471.727,0.4729999899864197,-2.567064820378704
,,,1472.193,0.46000000834465027,-2.5959187614372614
,,,1472.661,0.4519999921321869,-2.613944191477684
,,,1473.122,0.47699999809265137,-2.5601206449399503
,,,1473.591,0.45500001311302185,-2.6087198563264957
,,,1474.053,0.48899999260902405,-2.535319924988892
,,,1474.521,0.4429999887943268,-2.636195866283182
,,,1474.983,0.4580000042915344,-2.6041381095677045
,,,1475.448,0.40299999713897705,-2.72453124750873
,,,1475.913,0.45100000500679016,-2.6204513873069804
,,,1476.379,0.44600000977516174,-2.6317508518711814
,,,1476.845,0.45399999618530273,-2.614624259360552
,,,1477.311,0.48399999737739563,-2.549452351909835
,,,1477.775,0.4880000054836273,-2.5408019302892293
,,,1478.241,0.46399998664855957,-2.5930269464040125
,,,1478.702,0.44699999690055847,-2.6298765603581264
,,,1479.171,0.45500001311302185,-2.612140900303368
,,,1479.635,0.44699999690055847,-2.6291534548630056
,,,1480.097,0.44699999690055847,-2.6286388401773935
,,,1480.561,0.46000000834465027,-2.599719055795141
,,,1481.03,0.4830000102519989,-2.5489472342516812
,,,1481.496,0.45399999618530273,-2.6114193708661366
,,,1481.959,0.48100000619888306,-2.551863347076557
,,,1482.424,0.4440000057220459,-2.631740269603529
,,,1482.891,0.45399999618530273,-2.609243892266518
,,,1483.35,0.46000000834465027,-2.595508059126425
,,,1483.816,0.35600000619888306,-2.821492523535294
,,,1484.282,0.45399999618530273,-2.6074799305154808
,,,1484.749,0.4659999907016754,-2.5809357908364516
,,,1485.215,0.4259999990463257,-2.667797774049843
,,,1485.676,0.47600001096725464,-2.558707790657644
,,,1486.145,0.4429999887943268,-2.6305775826725393
,,,1486.605,0.45100000500679016,-2.6132564025113965
,,,1487.075,0.4490000009536743,-2.617853437931623
,,,1487.539,0.45899999141693115,-2.5964315592073732
,,,1488.001,0.4699999988079071,-2.572944809413063
,,,1488.467,0.44999998807907104,-2.6170956863557278
,,,1488.931,0.4519999921321869,-2.613398890245516
,,,1489.396,0.45500001311302185,-2.60758626689476
,,,1489.861,0.45500001311302185,-2.608350208359583
,,,1490.326,0.4690000116825104,-2.57862975317284
,,,1490.791,0.45100000500679016,-2.6186183421922236
,,,1491.257,0.46700000762939453,-2.5845010425200363
,,,1491.724,0.46000000834465027,-2.600437421318848
,,,1492.19,0.4519999921321869,-2.618475578178186
,,,1492.65,0.4440000057220459,-2.6364178319225813
,,,1493.12,0.4620000123977661,-2.597602827706849
,,,1493.583,0.46700000762939453,-2.5869839878330754
,,,1494.046,0.4749999940395355,-2.5696928047880814
,,,1494.516,0.4880000054836273,-2.541366041496524
,,,1494.979,0.45500001311302185,-2.6131140640636104
,,,1495.445,0.45500001311302185,-2.6128282853141767
,,,1495.91,0.453000009059906,-2.6167701258070335
,,,1496.375,0.45399999618530273,-2.61405853971665
,,,1496.835,0.45100000500679016,-2.6199599202093213
,,,1497.301,0.46399998664855957,-2.5909203496654323
,,,1497.765,0.4359999895095825,-2.6511446174198956
,,,1498.23,0.46299999952316284,-2.591506538615751
,,,1498.698,0.43799999356269836,-2.645146697967644
,,,1499.161,0.4580000042915344,-2.600761689786287
,,,1499.632,0.3970000147819519,-2.732887504037692
,,,1500.094,0.4519999921321869,-2.6123553470667993
,,,1500.561,0.453000009059906,-2.609556714714152
,,,1501.023,0.44699999690055847,-2.622113925139939
,,,1501.489,0.4269999861717224,-2.665294523158179
,,,1501.952,0.46399998664855957,-2.5844273411682126
,,,1502.418,0.4690000116825104,-2.5734196823097646
,,,1502.883,0.45100000500679016,-2.612667582611116
,,,1503.349,0.45899999141693115,-2.59541742584363
,,,1503.813,0.46399998664855957,-2.5848452500628047
,,,1504.279,0.45500001311302185,-2.6049068824407695
,,,1504.746,0.45500001311302185,-2.6054805284753186
,,,1505.205,0.45500001311302185,-2.606157148307605
,,,1505.675,0.46299999952316284,-2.589487164178343
,,,1506.138,0.45100000500679016,-2.616449688422788
,,,1506.606,0.4560000002384186,-2.606410086951421
,,,1507.068,0.49000000953674316,-2.5331978200803738
,,,1507.531,0.4690000116825104,-2.5797920169333968
,,,1508.001,0.44699999690055847,-2.628520203648615
,,,1508.467,0.45100000500679016,-2.6205351605220444
,,,1508.931,0.45899999141693115,-2.6037445903951495
,,,1509.396,0.4690000116825104,-2.5824849774501457
,,,1509.855,0.45100000500679016,-2.6220989342320165
,,,1510.321,0.47600001096725464,-2.5678893565375476
,,,1510.79,0.45100000500679016,-2.6224618932213963
,,,1511.256,0.4519999921321869,-2.620235570167526
,,,1511.72,0.46399998664855957,-2.593890938004116
,,,1512.186,0.49000000953674316,-2.536896390732991
,,,1512.646,0.46299999952316284,-2.5952308292909283
,,,1513.116,0.4569999873638153,-2.607689116124156
,,,1513.576,0.46399998664855957,-2.591719274353056
,,,1514.046,0.4749999940395355,-2.5669504066276216
,,,1514.517,0.45399999618530273,-2.6118380898282028
,,,1514.971,0.46399998664855957,-2.589154143789392
,,,1515.437,0.47600001096725464,-2.5621065756451697
,,,1515.902,0.4659999907016754,-2.5830105132288113
,,,1516.367,0.45899999141693115,-2.59742719601112
,,,1516.832,0.4690000116825104,-2.5748817806775826
,,,1517.298,0.42800000309944153,-2.663546848433487
,,,1517.764,0.45100000500679016,-2.6128994163852988
,,,1518.23,0.4560000002384186,-2.6016057566279067
,,,1518.691,0.4699999988079071,-2.5708544218263416
,,,1519.161,0.453000009059906,-2.6077994761320817
,,,1519.624,0.45100000500679016,-2.612227101487071
,,,1520.087,0.46399998664855957,-2.5841360379381273
,,,1520.55,0.46399998664855957,-2.584521558269037
,,,1521.02,0.460999995470047,-2.5915858403172662
,,,1521.485,0.43299999833106995,-2.6532442255017457
,,,1521.948,0.4429999887943268,-2.6322231086906935
,,,1522.413,0.453000009059906,-2.611287908294313
,,,1522.88,0.45500001311302185,-2.6078414057061865
,,,1523.345,0.46299999952316284,-2.5913542201725526
,,,1523.806,0.46700000762939453,-2.583583373525838
,,,1524.272,0.46700000762939453,-2.5844994828645107
,,,1524.739,0.4490000009536743,-2.624575488599668
,,,1525.204,0.46399998664855957,-2.592673872949223
,,,1525.665,0.46399998664855957,-2.5933451439276634
,,,1526.135,0.4560000002384186,-2.6113174371303067
,,,1526.598,0.4399999976158142,-2.6465740920696565
,,,1527.06,0.47200000286102295,-2.577097909509741
,,,1527.531,0.45399999618530273,-2.616387852827581
,,,1527.994,0.45399999618530273,-2.6162927625063817
,,,1528.46,0.4560000002384186,-2.611673497614525
,,,1528.92,0.46799999475479126,-2.585107913932102
,,,1529.385,0.46000000834465027,-2.601967376239184
,,,1529.85,0.46799999475479126,-2.5838374551977026
,,,1530.316,0.4659999907016754,-2.5873838910350724
,,,1530.783,0.4659999907016754,-2.586487392540935
,,,1531.249,0.45500001311302185,-2.609497936315586
,,,1531.714,0.46399998664855957,-2.5889070524033966
,,,1532.179,0.46399998664855957,-2.587925546680604
,,,1532.642,0.4490000009536743,-2.6196558162593346
,,,1533.105,0.4620000123977661,-2.5904458072077
,,,1533.575,0.4880000054836273,-2.533002321215605
,,,1534.038,0.46299999952316284,-2.586783228809548
,,,1534.504,0.4729999899864197,-2.564446719187492
,,,1534.97,0.47699999809265137,-2.555335076944408
,,,1535.435,0.45899999141693115,-2.594319826091689
,,,1535.901,0.46399998664855957,-2.5833702279708963
,,,1536.367,0.44999998807907104,-2.6139926010474612
,,,1536.831,0.46700000762939453,-2.577251723998193
,,,1537.296,0.4560000002384186,-2.601679545234024
,,,1537.761,0.46399998664855957,-2.5848659604495303
,,,1538.226,0.45100000500679016,-2.6139387092194855
,,,1538.687,0.46000000834465027,-2.5951935749498865
,,,1539.157,0.46299999952316284,-2.5896064053790973
,,,1539.62,0.46399998664855957,-2.588433308358773
,,,1540.082,0.4320000112056732,-2.65918194265291
,,,1540.55,0.45100000500679016,-2.6188148757000147
,,,1541.013,0.46399998664855957,-2.591482801584555
,,,1541.478,0.45899999141693115,-2.603297730787578
,,,1541.941,0.44699999690055847,-2.630265752596416
,,,1542.407,0.45500001311302185,-2.6135375934605416
,,,1542.872,0.4659999907016754,-2.5901276780777733
,,,1543.338,0.45500001311302185,-2.614483668251477
,,,1543.805,0.43799999356269836,-2.6517348663480935
,,,1544.271,0.46000000834465027,-2.6038347092321037
,,,1544.736,0.45399999618530273,-2.616750477634972
,,,1545.201,0.44999998807907104,-2.625126320608776
,,,1545.664,0.460999995470047,-2.6006493209193486
,,,1546.127,0.46399998664855957,-2.593443000227091
,,,1546.59,0.46000000834465027,-2.6013482878845564
,,,1547.06,0.44600000977516174,-2.6309259544989665
,,,1547.524,0.46700000762939453,-2.584164992706892
,,,1547.986,0.45100000500679016,-2.617958775393976
,,,1548.452,0.4490000009536743,-2.621229184106808
,,,1548.919,0.46399998664855957,-2.587474000666552
,,,1549.385,0.46399998664855957,-2.586442866885308
,,,1549.849,0.45899999141693115,-2.5963813844822132
,,,1550.315,0.4560000002384186,-2.602069334081817
,,,1550.78,0.45500001311302185,-2.603533881341682
,,,1551.246,0.4690000116825104,-2.5724753930330113
,,,1551.713,0.46299999952316284,-2.5851643963733135
,,,1552.171,0.5090000033378601,-2.4847500972748278
,,,1552.639,0.453000009059906,-2.6067511784331288
,,,1553.101,0.4519999921321869,-2.609122341347717
,,,1553.572,0.4569999873638153,-2.5986135854152517
,,,1554.035,0.4699999988079071,-2.570856460938252
,,,1554.5,0.46399998664855957,-2.5846577002552014
,,,1554.964,0.46399998664855957,-2.5855293758383042
,,,1555.43,0.5370000004768372,-2.4274745930961754
,,,1555.89,0.45500001311302185,-2.6071943911838984
,,,1556.356,0.45899999141693115,-2.5996034613495396
,,,1556.821,0.44699999690055847,-2.626891136539032
,,,1557.287,0.45399999618530273,-2.6127697791309337
,,,1557.754,0.46399998664855957,-2.592062527539087
,,,1558.219,0.4699999988079071,-2.579985510584105
,,,1558.687,0.4690000116825104,-2.5830429840407394
,,,1559.149,0.46299999952316284,-2.5968497946339015
,,,1559.617,0.47200000286102295,-2.5778092782031243
,,,1560.08,0.46700000762939453,-2.589083534739039
,,,1560.542,0.45899999141693115,-2.6066946652992926
,,,1561.005,0.46799999475479126,-2.5870629275274677
,,,1561.471,0.45399999618530273,-2.6173338380421893
,,,1561.937,0.492000013589859,-2.534114108729715
,,,1562.403,0.46399998664855957,-2.5944959000603935
,,,1562.868,0.46399998664855957,-2.593704377385105
,,,1563.333,0.4830000102519989,-2.5513709916974805
,,,1563.799,0.46000000834465027,-2.600421323808614
,,,1564.264,0.45100000500679016,-2.6188836768971986
,,,1564.732,0.45899999141693115,-2.6002576616277233
,,,1565.19,0.46000000834465027,-2.5968673265742552
,,,1565.657,0.42899999022483826,-2.6632168074216427
,,,1566.127,0.44999998807907104,-2.6163370634021046
,,,1566.59,0.47600001096725464,-2.558659062627903
,,,1567.053,0.45100000500679016,-2.6122187989106362
,,,1567.517,0.4429999887943268,-2.6288973839991776
,,,1567.986,0.4819999933242798,-2.543359360616929
,,,1568.452,0.45100000500679016,-2.6105246177086077
,,,1568.91,0.46299999952316284,-2.5842186900372086
,,,1569.375,0.4620000123977661,-2.5864522252260738
,,,1569.842,0.41999998688697815,-2.6782276806932237
,,,1570.308,0.45500001311302185,-2.6024580194250198
,,,1570.772,0.453000009059906,-2.6074951901871724
,,,1571.238,0.4519999921321869,-2.610529989576912
,,,1571.701,0.45399999618530273,-2.6071795874104935
,,,1572.171,0.4650000035762787,-2.5843415657956785
,,,1572.635,0.460999995470047,-2.594268996409044
,,,1573.097,0.4560000002384186,-2.606423766814369
,,,1573.561,0.45899999141693115,-2.601159602735967
,,,1574.031,0.46700000762939453,-2.584972983747652
,,,1574.497,0.4650000035762787,-2.590504909846575
,,,1574.96,0.45100000500679016,-2.6220761975187856
,,,1575.426,0.4490000009536743,-2.627366309489456
,,,1575.89,0.46000000834465027,-2.6041671656053067
,,,1576.356,0.4490000009536743,-2.6287068301595826
,,,1576.816,0.45399999618530273,-2.618177928656512
,,,1577.281,0.4569999873638153,-2.611783722218712
,,,1577.747,0.5460000038146973,-2.4177955425235855
,,,1578.213,0.4519999921321869,-2.622270041732152
,,,1578.675,0.45399999618530273,-2.617374518241382
,,,1579.145,0.45500001311302185,-2.6144552005834814
,,,1579.605,0.45500001311302185,-2.6135339793407177
,,,1580.075,0.46399998664855957,-2.5928517685129995
,,,1580.539,0.5329999923706055,-2.4413281389324415
,,,1581.001,0.4690000116825104,-2.5794772998392634
,,,1581.466,0.45899999141693115,-2.599932629188167
,,,1581.93,0.37599998712539673,-2.779426640326419
,,,1582.395,0.46399998664855957,-2.586411882391891
,,,1582.864,0.44600000977516174,-2.6244128993455598
,,,1583.329,0.4699999988079071,-2.571026151138994
,,,1583.794,0.46299999952316284,-2.5853269432970567
,,,1584.26,0.45100000500679016,-2.6107004380348338
,,,1584.725,0.4650000035762787,-2.5796334441887763
,,,1585.19,0.46299999952316284,-2.583647352345165
,,,1585.653,0.4519999921321869,-2.6075032517342134
,,,1586.116,0.4690000116825104,-2.5705956292999335
